time,open,high,low,close,tick_volume,spread,real_volume
946864800,17.44,17.50,16.63,16.63,94,0,0
946951200,16.63,16.63,15.62,15.88,128,0,0
947037600,15.75,15.75,15.00,15.75,151,0,0
947124000,15.75,16.25,15.75,16.00,76,0,0
947210400,15.88,16.25,15.75,15.88,101,0,0
947469600,16.50,16.50,16.00,16.00,51,0,0
947556000,16.12,16.88,16.00,16.44,145,0,0
947642400,16.50,17.12,16.50,17.12,63,0,0
947728800,17.25,17.50,16.88,16.94,94,0,0
947815200,17.00,17.75,16.88,17.50,125,0,0
948160800,17.75,18.25,17.75,18.00,76,0,0
948247200,18.00,18.38,17.94,18.25,64,0,0
948333600,18.25,18.25,17.38,17.50,100,0,0
948420000,17.44,17.50,17.25,17.38,45,0,0
948679200,17.50,17.50,17.00,17.12,63,0,0
948765600,17.12,17.50,17.06,17.25,76,0,0
948852000,17.25,17.50,17.25,17.44,32,0,0
948938400,17.44,18.00,17.44,17.50,107,0,0
949024800,17.62,17.62,17.31,17.38,39,0,0
949284000,17.12,17.50,17.12,17.50,39,0,0
949370400,17.38,17.75,17.38,17.75,38,0,0
949456800,18.00,18.13,17.87,17.94,47,0,0
949543200,18.06,18.13,17.94,18.00,33,0,0
949629600,18.13,18.56,18.13,18.44,56,0,0
949888800,18.44,18.56,18.38,18.50,31,0,0
949975200,18.50,18.88,18.50,18.56,71,0,0
950061600,18.75,18.75,18.38,18.38,38,0,0
950148000,18.50,18.50,17.87,17.87,64,0,0
950234400,17.87,18.00,17.87,17.94,20,0,0
950493600,18.06,18.06,17.87,18.00,33,0,0
950580000,17.87,18.00,17.87,17.87,27,0,0
950666400,17.87,18.50,17.87,18.50,64,0,0
950752800,18.50,18.69,18.31,18.38,65,0,0
950839200,18.38,18.56,18.38,18.50,25,0,0
951184800,18.62,18.81,18.56,18.56,45,0,0
951357600,18.88,19.12,18.88,19.00,37,0,0
951444000,19.00,19.25,19.00,19.25,26,0,0
951703200,19.25,20.12,19.25,20.12,88,0,0
951789600,21.75,21.88,21.62,21.88,40,0,0
951876000,22.50,22.75,21.75,21.75,126,0,0
951962400,22.00,22.25,22.00,22.06,45,0,0
952048800,22.12,22.12,22.06,22.12,13,0,0
952308000,22.06,22.25,22.06,22.06,39,0,0
952394400,22.12,22.12,21.75,22.00,63,0,0
952480800,22.00,22.19,22.00,22.00,39,0,0
952567200,21.88,22.00,21.75,22.00,39,0,0
952653600,22.00,22.12,21.94,22.12,25,0,0
952912800,22.37,23.12,22.25,22.88,124,0,0
952999200,22.88,23.00,22.88,22.88,25,0,0
953085600,23.12,24.13,22.63,24.13,200,0,0
953172000,24.13,25.00,24.13,24.38,150,0,0
953258400,23.38,24.75,23.38,24.75,138,0,0
953517600,24.00,24.25,23.87,24.00,77,0,0
953604000,23.75,24.00,23.75,24.00,26,0,0
953690400,23.75,23.75,22.63,22.63,113,0,0
953776800,22.63,22.63,22.50,22.50,14,0,0
953863200,22.50,22.50,22.37,22.44,21,0,0
954126000,22.19,22.19,22.00,22.06,26,0,0
954212400,22.06,22.06,19.75,20.00,257,0,0
954298800,19.75,19.88,19.75,19.75,27,0,0
954385200,19.81,20.50,19.81,20.44,76,0,0
954471600,20.44,20.44,20.25,20.25,20,0,0
954730800,20.25,20.69,20.25,20.62,52,0,0
954817200,20.62,20.87,20.62,20.75,38,0,0
954903600,20.75,21.44,20.62,21.44,96,0,0
954990000,21.38,22.44,21.13,22.37,164,0,0
955076400,22.25,24.44,22.25,24.25,239,0,0
955335600,24.25,24.25,24.00,24.00,26,0,0
955422000,24.13,24.13,24.00,24.06,20,0,0
955508400,24.00,24.00,23.81,23.87,26,0,0
955594800,23.75,23.75,23.38,23.38,38,0,0
955681200,23.25,23.25,23.00,23.00,26,0,0
955940400,22.88,22.88,22.37,22.44,59,0,0
956026800,22.31,22.31,21.88,21.94,50,0,0
956113200,21.81,21.94,21.00,21.00,108,0,0
956199600,21.00,21.16,20.94,21.13,32,0,0
956545200,21.06,21.62,21.00,21.62,69,0,0
956631600,21.88,24.50,21.69,24.00,351,0,0
956718000,24.25,24.25,23.81,24.13,77,0,0
956804400,24.00,24.38,24.00,24.31,46,0,0
956890800,24.50,26.00,24.38,26.00,175,0,0
957150000,26.25,26.50,24.00,24.00,276,0,0
957236400,24.13,24.13,23.75,23.81,45,0,0
957322800,23.56,24.38,23.56,24.25,96,0,0
957409200,24.00,24.00,23.62,23.62,39,0,0
957495600,23.50,23.87,23.50,23.69,56,0,0
957754800,23.56,24.13,23.50,24.00,83,0,0
957841200,24.13,24.38,24.06,24.38,40,0,0
957927600,24.50,25.06,24.38,25.06,81,0,0
958014000,25.12,25.75,25.12,25.25,114,0,0
958100400,25.00,25.75,24.88,25.75,100,0,0
958359600,25.75,26.50,25.63,25.75,175,0,0
958446000,25.81,26.50,25.63,26.25,131,0,0
958532400,26.38,26.50,26.25,26.38,51,0,0
958618800,26.38,26.38,26.06,26.19,46,0,0
958705200,26.19,26.19,26.00,26.12,32,0,0
958964400,26.00,26.00,25.81,25.81,20,0,0
959050800,25.37,25.37,23.75,23.75,163,0,0
959137200,23.25,23.62,23.00,23.25,125,0,0
959223600,23.38,23.50,23.38,23.38,25,0,0
959310000,23.38,23.62,23.25,23.25,62,0,0
959655600,23.25,23.25,22.81,23.25,89,0,0
959742000,23.25,24.19,23.25,24.06,108,0,0
959828400,24.06,24.75,24.06,24.38,107,0,0
960174000,25.63,27.00,25.37,26.87,203,0,0
960260400,26.87,26.87,26.38,26.44,56,0,0
960346800,26.44,26.44,25.94,25.94,51,0,0
960433200,25.81,25.81,25.37,25.44,52,0,0
960778800,25.44,25.44,24.50,25.25,170,0,0
960865200,24.75,26.00,24.75,26.00,126,0,0
960951600,26.00,26.94,26.00,26.81,108,0,0
961038000,27.06,28.00,27.06,27.50,145,0,0
961124400,27.50,29.25,27.50,29.00,201,0,0
961383600,29.25,29.38,28.75,28.81,83,0,0
961470000,28.63,28.63,28.00,28.44,108,0,0
961556400,28.50,29.25,28.50,29.25,76,0,0
961642800,29.19,31.37,29.00,30.88,306,0,0
961729200,30.88,30.91,30.00,30.19,114,0,0
961988400,30.00,31.00,29.75,31.00,151,0,0
962074800,31.25,32.62,31.12,32.38,188,0,0
962161200,32.38,36.00,32.00,35.00,539,0,0
962247600,35.00,35.00,32.62,32.62,239,0,0
962334000,32.87,34.00,29.00,29.00,614,0,0
962593200,29.19,29.62,29.12,29.25,95,0,0
962766000,29.25,29.50,28.37,29.38,214,0,0
962852400,29.12,29.25,28.75,28.88,77,0,0
962938800,28.63,29.75,28.31,29.75,177,0,0
963198000,29.87,32.12,29.87,32.00,238,0,0
963284400,32.12,33.81,32.12,33.38,213,0,0
963370800,33.06,34.25,32.31,34.25,270,0,0
963457200,34.25,34.25,33.69,33.69,57,0,0
963543600,33.69,33.88,33.44,33.88,70,0,0
963802800,33.88,34.00,33.06,33.06,107,0,0
963889200,32.87,32.87,31.56,32.31,207,0,0
963975600,32.31,32.31,31.94,32.12,56,0,0
964062000,32.19,32.62,32.06,32.56,76,0,0
964148400,32.69,33.88,32.69,33.81,127,0,0
964407600,33.81,36.38,33.81,34.06,490,0,0
964494000,34.12,34.50,33.75,33.75,114,0,0
964580400,33.81,34.37,33.81,34.06,88,0,0
964666800,34.00,34.06,34.00,34.06,7,0,0
964753200,34.31,34.31,34.00,34.00,32,0,0
965012400,33.94,34.00,33.69,33.75,44,0,0
965098800,33.75,33.75,33.56,33.62,26,0,0
965185200,33.56,33.62,33.50,33.56,25,0,0
965271600,33.62,33.75,33.50,33.62,51,0,0
965358000,33.75,33.75,33.69,33.75,13,0,0
965617200,33.88,33.88,31.12,32.38,403,0,0
965703600,32.50,33.00,32.50,32.87,64,0,0
965790000,33.00,33.88,32.00,33.88,289,0,0
965876400,33.88,33.88,33.50,33.62,51,0,0
965962800,33.50,33.50,33.25,33.31,32,0,0
966222000,33.38,33.62,33.31,33.50,51,0,0
966308400,33.50,33.62,33.31,33.38,51,0,0
966394800,33.50,33.69,33.50,33.69,20,0,0
966481200,33.69,34.88,33.69,34.75,133,0,0
966567600,34.75,34.75,34.50,34.63,39,0,0
966826800,34.56,35.00,34.56,34.88,57,0,0
966913200,35.00,35.50,35.00,35.38,63,0,0
966999600,35.38,35.44,34.63,34.75,100,0,0
967086000,34.75,35.06,34.56,35.00,76,0,0
967172400,34.88,35.38,34.88,35.31,58,0,0
967604400,38.25,39.00,37.25,38.00,326,0,0
967690800,38.00,41.00,38.00,41.00,301,0,0
967777200,41.25,42.62,41.25,41.69,231,0,0
968122800,41.44,41.75,41.12,41.50,121,0,0
968209200,41.25,41.38,40.37,40.44,122,0,0
968295600,39.62,39.75,35.50,36.62,551,0,0
968382000,36.50,37.06,36.00,37.00,163,0,0
968641200,37.25,38.62,37.25,38.62,138,0,0
968727600,38.75,39.00,38.38,38.87,113,0,0
968814000,38.75,38.94,38.75,38.94,20,0,0
968900400,38.87,39.13,38.62,38.62,78,0,0
968986800,38.38,38.50,37.88,38.00,87,0,0
969246000,37.88,38.38,37.63,38.00,139,0,0
969332400,38.00,38.38,37.81,38.38,77,0,0
969418800,38.12,38.25,38.00,38.25,38,0,0
969505200,38.00,38.00,36.50,36.50,151,0,0
969591600,36.25,36.88,34.63,34.63,289,0,0
969850800,34.63,36.00,34.63,35.62,176,0,0
969937200,35.62,35.75,35.25,35.31,70,0,0
970023600,35.38,35.38,34.25,34.75,164,0,0
970110000,34.69,34.69,33.25,33.56,176,0,0
970196400,33.62,34.75,32.00,32.00,389,0,0
970455600,32.25,33.00,31.88,33.00,150,0,0
970542000,33.38,36.00,33.38,35.00,363,0,0
970628400,35.00,35.25,34.06,35.12,227,0,0
970714800,35.12,36.81,35.12,36.81,170,0,0
970801200,36.81,38.62,36.75,37.00,356,0,0
971060400,37.25,37.50,37.00,37.37,89,0,0
971146800,37.50,38.00,37.50,37.75,76,0,0
971233200,37.63,37.63,36.00,36.06,170,0,0
971319600,36.06,36.25,35.75,35.87,82,0,0
971406000,36.13,38.62,36.00,38.62,276,0,0
971665200,38.75,40.00,38.75,39.88,138,0,0
971751600,39.88,40.00,38.50,38.75,188,0,0
971838000,38.00,42.00,38.00,41.62,439,0,0
971924400,42.00,42.50,40.12,40.75,352,0,0
972010800,40.75,42.62,40.75,42.06,244,0,0
972270000,42.06,42.06,40.31,41.38,283,0,0
972356400,41.25,41.25,38.62,39.50,352,0,0
972442800,39.38,40.50,39.38,40.50,113,0,0
972529200,40.37,41.00,40.37,40.81,83,0,0
972615600,41.00,43.00,41.00,42.44,257,0,0
972871200,42.50,43.00,41.56,42.50,289,0,0
972957600,42.62,43.00,42.38,42.62,125,0,0
973044000,42.38,42.62,41.50,42.38,225,0,0
973130400,42.25,44.87,42.00,44.25,375,0,0
973216800,44.50,44.50,43.56,43.69,108,0,0
973476000,43.94,44.25,43.25,43.63,170,0,0
973562400,43.63,44.19,43.50,43.69,133,0,0
973648800,43.44,43.75,43.44,43.50,57,0,0
973735200,43.37,44.50,42.75,44.25,263,0,0
973821600,44.12,44.50,43.94,44.12,113,0,0
974080800,44.00,44.00,41.00,42.50,451,0,0
974167200,42.25,43.75,42.25,43.37,189,0,0
974253600,43.25,45.50,43.25,45.13,263,0,0
974340000,45.00,47.94,45.00,46.00,489,0,0
974426400,46.25,46.75,46.00,46.56,120,0,0
974685600,46.44,46.44,44.19,44.87,294,0,0
974772000,43.25,43.25,39.75,41.75,551,0,0
974858400,41.00,41.50,40.56,41.50,139,0,0
975031200,41.25,42.50,41.25,42.50,126,0,0
975290400,43.00,43.37,42.50,43.12,163,0,0
975376800,43.12,44.00,43.12,43.88,101,0,0
975463200,44.12,44.12,43.37,44.00,139,0,0
975549600,44.00,44.00,43.00,43.63,164,0,0
975636000,43.63,44.38,43.63,43.81,133,0,0
975895200,43.75,44.00,42.75,42.75,151,0,0
975981600,42.62,44.00,42.62,44.00,139,0,0
976068000,44.25,47.12,44.25,45.00,500,0,0
976154400,45.13,45.62,45.00,45.44,94,0,0
976240800,45.50,48.00,45.44,47.50,313,0,0
976500000,47.50,47.50,47.00,47.12,63,0,0
976586400,47.00,47.38,45.00,45.00,277,0,0
976672800,45.06,45.38,44.75,44.75,96,0,0
976759200,44.75,44.81,44.12,44.25,89,0,0
976845600,44.12,44.12,42.50,43.19,232,0,0
977104800,43.44,45.75,43.44,45.25,282,0,0
977191200,45.00,45.25,43.44,43.44,207,0,0
977277600,43.25,43.63,41.00,41.75,377,0,0
977364000,41.75,41.94,39.50,40.12,326,0,0
977450400,40.12,40.12,37.63,38.50,337,0,0
977796000,38.44,39.31,38.38,39.31,100,0,0
977882400,39.38,41.12,38.56,41.12,339,0,0
977968800,41.12,44.25,41.12,43.37,402,0,0
978055200,43.44,44.00,42.00,42.00,257,0,0
978400800,42.25,42.56,40.00,40.00,288,0,0
978487200,39.75,40.12,39.25,39.81,169,0,0
978573600,40.06,40.69,39.38,39.38,195,0,0
978660000,39.38,39.38,35.38,35.75,438,0,0
978919200,36.00,37.19,36.00,36.50,189,0,0
979005600,36.88,37.00,36.31,36.31,82,0,0
979092000,36.38,38.00,36.38,37.88,175,0,0
979178400,37.63,38.75,36.62,36.62,326,0,0
979264800,36.88,37.25,35.75,37.00,289,0,0
979610400,37.50,38.06,36.06,38.00,351,0,0
979696800,38.50,41.50,38.50,40.25,426,0,0
979783200,40.25,40.50,40.00,40.37,89,0,0
979869600,40.37,41.25,39.81,39.81,233,0,0
980128800,39.81,39.94,39.38,39.94,100,0,0
980215200,39.94,40.37,39.50,40.31,138,0,0
980301600,40.37,40.37,39.19,39.19,119,0,0
980388000,39.19,39.50,38.75,39.50,120,0,0
980474400,39.50,39.69,39.44,39.56,45,0,0
980733600,39.50,41.31,39.50,41.25,188,0,0
980820000,41.25,41.55,40.75,40.79,115,0,0
980906400,41.00,41.00,39.66,39.92,161,0,0
980992800,40.00,41.25,39.75,41.00,201,0,0
981079200,41.00,42.60,41.00,42.50,171,0,0
981338400,42.75,43.00,41.00,41.00,226,0,0
981424800,40.75,41.25,40.00,41.20,206,0,0
981511200,41.20,44.00,41.20,42.86,395,0,0
981597600,43.00,43.40,42.54,43.00,173,0,0
981684000,43.00,43.00,42.20,42.20,81,0,0
981943200,42.20,43.71,42.00,43.39,224,0,0
982029600,43.14,43.99,43.14,43.60,125,0,0
982116000,43.46,43.46,42.50,43.10,157,0,0
982202400,43.35,43.50,42.70,43.40,156,0,0
982288800,43.20,43.20,41.93,42.10,145,0,0
982634400,42.10,42.10,39.10,39.40,331,0,0
982720800,39.20,39.80,39.10,39.37,124,0,0
982807200,39.30,39.30,39.00,39.01,32,0,0
982893600,39.01,39.75,39.01,39.75,75,0,0
983152800,39.80,42.65,39.80,42.10,341,0,0
983239200,42.35,42.50,41.00,41.00,166,0,0
983325600,41.10,41.10,39.00,39.40,251,0,0
983412000,39.40,40.45,39.25,40.30,151,0,0
983498400,40.20,41.55,40.05,40.51,270,0,0
983757600,40.70,40.80,39.05,39.56,237,0,0
983844000,39.65,40.70,39.25,39.60,286,0,0
983930400,39.70,40.17,39.50,39.90,115,0,0
984016800,39.90,41.00,39.90,39.95,216,0,0
984103200,39.95,39.95,37.25,37.60,306,0,0
984362400,38.00,38.45,37.35,38.03,218,0,0
984448800,38.01,39.10,38.01,38.99,121,0,0
984535200,39.00,40.21,38.53,39.20,317,0,0
984621600,39.05,39.20,38.60,38.74,90,0,0
984708000,38.90,38.92,38.05,38.05,90,0,0
984967200,38.02,38.55,37.42,37.95,220,0,0
985053600,37.95,37.95,36.10,36.19,195,0,0
985140000,36.20,36.25,35.90,35.95,46,0,0
985226400,35.85,35.85,33.93,34.00,200,0,0
985312800,34.00,34.00,32.30,32.60,201,0,0
985575600,32.60,33.50,31.25,33.25,386,0,0
985662000,33.20,34.94,33.00,34.94,215,0,0
985748400,35.00,35.55,33.60,35.50,341,0,0
985834800,35.50,37.00,35.40,36.35,236,0,0
985921200,36.25,36.55,35.35,36.00,216,0,0
986180400,35.90,35.96,35.50,35.50,53,0,0
986266800,35.75,35.80,34.70,34.75,121,0,0
986353200,34.75,34.99,30.76,32.00,572,0,0
986439600,34.00,34.50,33.54,33.54,147,0,0
986526000,33.50,34.25,33.14,33.20,193,0,0
986785200,33.44,34.30,33.44,33.70,147,0,0
986871600,34.25,34.80,34.00,34.80,106,0,0
986958000,35.25,36.75,35.25,36.40,186,0,0
987044400,36.20,36.60,34.22,34.22,279,0,0
987390000,34.05,34.05,31.50,31.82,288,0,0
987476400,31.82,33.20,31.73,33.00,177,0,0
987562800,33.25,34.40,33.16,34.40,134,0,0
987649200,34.25,34.48,34.00,34.10,82,0,0
987735600,34.00,34.00,31.95,32.30,241,0,0
987994800,32.25,32.25,31.21,32.00,184,0,0
988081200,32.00,33.67,32.00,33.40,195,0,0
988167600,33.30,33.92,33.24,33.75,92,0,0
988254000,33.90,34.50,32.40,32.40,271,0,0
988340400,32.25,33.50,32.25,33.50,126,0,0
988599600,33.40,33.85,33.35,33.80,61,0,0
988686000,33.55,34.31,32.61,34.25,271,0,0
988772400,34.25,34.50,33.55,33.87,153,0,0
988858800,33.94,34.00,33.52,33.91,94,0,0
988945200,33.70,33.93,33.64,33.65,54,0,0
989204400,33.66,35.55,33.66,34.43,302,0,0
989290800,34.40,35.13,34.40,34.93,94,0,0
989377200,35.00,35.60,35.00,35.55,66,0,0
989463600,35.80,36.10,35.72,36.00,57,0,0
989550000,36.19,36.40,36.00,36.03,65,0,0
989809200,36.04,36.29,36.04,36.16,39,0,0
989895600,36.25,37.77,36.25,37.20,210,0,0
989982000,37.00,37.00,36.15,36.15,86,0,0
990068400,36.23,37.20,36.23,37.00,118,0,0
990154800,36.90,37.07,36.90,37.02,23,0,0
990414000,37.15,37.20,36.50,37.20,136,0,0
990500400,37.20,37.60,37.05,37.17,108,0,0
990586800,37.17,37.17,36.35,36.35,83,0,0
990673200,36.35,36.40,35.65,35.75,91,0,0
990759600,35.75,36.16,35.75,36.11,47,0,0
991105200,36.20,36.80,36.10,36.75,86,0,0
991191600,36.70,36.70,36.20,36.35,66,0,0
991278000,36.35,36.98,36.35,36.40,122,0,0
991364400,36.40,36.41,35.25,35.47,140,0,0
991623600,35.47,36.20,35.47,35.90,104,0,0
991710000,36.00,36.86,36.00,36.65,108,0,0
991796400,36.65,36.89,36.00,36.40,154,0,0
991882800,36.40,36.40,35.36,35.65,134,0,0
991969200,35.50,36.00,35.35,35.46,127,0,0
992228400,35.25,35.40,34.50,34.75,131,0,0
992314800,35.75,35.75,34.46,34.73,157,0,0
992401200,34.80,34.95,34.45,34.45,66,0,0
992487600,34.47,34.48,33.46,33.55,113,0,0
992574000,33.55,33.70,32.84,32.95,113,0,0
992833200,32.96,33.00,32.83,32.98,33,0,0
992919600,33.05,33.21,33.05,33.10,28,0,0
993006000,33.11,33.25,33.10,33.25,17,0,0
993092400,33.24,33.50,33.19,33.50,37,0,0
993178800,33.45,33.60,32.95,32.98,84,0,0
993438000,32.95,33.12,32.90,33.00,40,0,0
993524400,33.00,33.50,32.80,33.50,91,0,0
993610800,33.60,35.41,33.60,35.40,183,0,0
993697200,35.40,36.50,35.05,36.50,181,0,0
993783600,36.50,37.00,34.01,34.29,378,0,0
994042800,34.75,35.85,34.75,35.81,115,0,0
994129200,35.70,35.75,34.55,34.59,130,0,0
994302000,34.57,35.35,34.52,35.24,100,0,0
994388400,35.13,35.15,34.71,35.10,86,0,0
994647600,35.11,35.11,34.40,34.75,107,0,0
994734000,34.95,34.95,34.31,34.31,65,0,0
994820400,34.32,36.10,33.85,36.10,273,0,0
994906800,37.25,38.70,37.25,38.40,176,0,0
994993200,38.41,39.50,38.41,39.03,157,0,0
995252400,39.00,40.10,39.00,39.52,169,0,0
995338800,39.52,41.20,39.50,41.20,173,0,0
995425200,41.10,41.96,40.50,40.50,233,0,0
995511600,40.40,41.65,40.40,41.43,148,0,0
995598000,41.40,41.40,40.45,40.55,106,0,0
995857200,40.49,40.60,40.02,40.11,79,0,0
995943600,40.11,40.25,39.85,40.00,70,0,0
996030000,40.01,40.40,40.00,40.01,81,0,0
996116400,39.50,40.00,38.40,40.00,271,0,0
996202800,39.95,39.95,39.45,39.60,66,0,0
996462000,39.65,39.88,39.25,39.60,122,0,0
996548400,39.37,39.85,39.24,39.85,75,0,0
996634800,39.85,41.22,39.85,40.16,244,0,0
996721200,40.20,40.55,40.20,40.55,36,0,0
996807600,40.30,40.47,39.75,39.75,90,0,0
997066800,39.80,41.00,39.80,40.84,137,0,0
997153200,40.84,41.65,40.48,41.65,154,0,0
997239600,41.60,41.60,39.92,40.05,182,0,0
997326000,40.05,40.50,40.05,40.46,50,0,0
997412400,40.46,40.72,39.50,39.86,185,0,0
997671600,39.86,39.90,39.75,39.75,20,0,0
997758000,39.80,40.70,39.80,40.40,121,0,0
997844400,40.45,40.48,39.40,39.40,112,0,0
997930800,39.15,39.40,38.30,39.40,196,0,0
998017200,39.41,39.41,38.63,38.75,91,0,0
998276400,38.75,39.15,38.59,39.15,73,0,0
998362800,39.15,40.25,39.10,39.15,231,0,0
998449200,39.21,39.26,38.59,38.95,109,0,0
998535600,38.97,39.35,38.85,38.95,99,0,0
998622000,38.91,40.27,38.91,40.25,139,0,0
998881200,40.25,40.34,39.55,39.55,89,0,0
998967600,39.50,39.50,38.80,38.80,71,0,0
999054000,38.80,39.01,38.65,38.97,56,0,0
999140400,39.10,39.32,38.45,38.45,110,0,0
999226800,38.50,38.55,38.00,38.05,66,0,0
999572400,38.06,38.75,38.06,38.74,71,0,0
999658800,38.60,40.03,38.60,40.03,144,0,0
999745200,39.95,40.49,39.50,40.44,150,0,0
999831600,40.50,40.52,40.10,40.37,72,0,0
1000090800,40.37,40.45,40.20,40.45,43,0,0
1000695600,40.20,43.65,40.00,43.65,386,0,0
1000782000,43.65,43.70,42.15,42.35,181,0,0
1000868400,42.35,42.35,40.35,41.50,316,0,0
1000954800,41.35,41.36,39.50,39.50,188,0,0
1001041200,39.50,39.57,39.25,39.35,50,0,0
1001300400,39.35,40.29,39.25,39.76,168,0,0
1001386800,39.77,39.80,39.40,39.80,78,0,0
1001473200,39.95,40.75,39.85,40.10,166,0,0
1001559600,40.10,41.00,38.40,41.00,431,0,0
1001646000,41.05,44.50,41.05,44.22,374,0,0
1001905200,43.50,43.50,39.90,40.15,386,0,0
1001991600,40.25,41.00,39.50,39.60,236,0,0
1002078000,39.50,40.10,39.40,39.98,93,0,0
1002164400,39.98,40.50,39.55,39.75,168,0,0
1002250800,39.75,40.16,39.51,39.99,107,0,0
1002510000,40.00,40.14,40.00,40.08,21,0,0
1002596400,40.08,40.55,40.00,40.20,99,0,0
1002682800,40.21,40.30,39.45,40.30,162,0,0
1002769200,40.30,41.60,39.94,40.06,309,0,0
1002855600,39.99,39.99,39.33,39.34,68,0,0
1003114800,39.40,40.86,38.97,40.86,233,0,0
1003201200,40.86,42.74,40.86,41.75,288,0,0
1003287600,42.60,42.60,41.35,42.20,211,0,0
1003374000,42.35,42.44,41.61,42.00,132,0,0
1003460400,41.90,42.80,41.90,42.38,133,0,0
1003719600,42.53,42.53,41.85,42.00,84,0,0
1003806000,42.01,42.22,41.85,41.90,64,0,0
1003892400,41.95,42.05,41.89,41.91,29,0,0
1003978800,41.90,42.20,41.80,41.82,73,0,0
1004065200,41.82,42.39,41.82,41.90,107,0,0
1004320800,42.15,42.50,41.90,42.50,86,0,0
1004407200,42.45,43.25,42.38,43.25,95,0,0
1004493600,43.10,44.40,43.10,43.25,246,0,0
1004580000,43.25,43.50,42.90,43.31,115,0,0
1004666400,43.31,43.65,43.31,43.44,56,0,0
1004925600,43.50,44.12,42.40,42.41,236,0,0
1005012000,42.35,42.95,42.25,42.95,81,0,0
1005098400,42.85,43.19,42.61,42.70,102,0,0
1005184800,42.60,43.00,42.60,43.00,41,0,0
1005271200,42.90,42.90,42.31,42.89,118,0,0
1005530400,42.79,42.79,42.39,42.75,77,0,0
1005616800,42.85,42.85,42.42,42.56,58,0,0
1005703200,42.55,42.75,42.16,42.50,114,0,0
1005789600,42.50,42.50,41.55,41.95,136,0,0
1005876000,42.05,42.54,42.00,42.54,60,0,0
1006135200,42.54,43.20,41.16,41.22,277,0,0
1006221600,41.12,41.30,40.69,41.07,118,0,0
1006308000,41.00,41.00,40.60,40.95,76,0,0
1006480800,40.90,41.29,40.82,41.18,67,0,0
1006740000,41.20,42.00,41.20,42.00,81,0,0
1006826400,41.95,42.05,40.80,40.90,146,0,0
1006912800,40.85,40.85,40.30,40.38,64,0,0
1006999200,40.50,40.50,38.65,38.99,220,0,0
1007085600,38.90,39.00,38.73,38.78,43,0,0
1007344800,39.00,39.10,38.00,38.40,161,0,0
1007431200,38.52,38.66,37.46,38.09,198,0,0
1007517600,38.19,39.01,38.19,38.91,93,0,0
1007604000,39.11,40.80,39.11,40.28,222,0,0
1007690400,40.38,40.89,39.00,39.00,241,0,0
1007949600,39.00,39.30,38.45,38.70,141,0,0
1008036000,38.82,38.99,38.66,38.91,58,0,0
1008122400,39.00,39.00,38.05,38.22,113,0,0
1008208800,38.22,39.85,38.22,39.25,224,0,0
1008295200,39.45,41.60,39.45,41.50,226,0,0
1008554400,41.65,41.75,40.64,41.06,164,0,0
1008640800,41.25,42.10,40.99,41.02,200,0,0
1008727200,40.85,41.42,40.85,41.10,90,0,0
1008813600,41.00,41.31,40.91,41.00,81,0,0
1008900000,41.00,41.42,40.99,41.42,45,0,0
1009159200,41.32,41.33,41.00,41.15,50,0,0
1009332000,41.25,42.15,41.00,42.15,141,0,0
1009418400,42.05,42.68,41.60,42.45,177,0,0
1009504800,42.55,42.56,41.54,41.76,126,0,0
1009764000,41.76,41.76,41.47,41.70,53,0,0
1009936800,41.78,41.78,41.14,41.32,83,0,0
1010023200,41.46,41.90,41.25,41.42,127,0,0
1010109600,41.32,42.55,41.32,41.92,187,0,0
1010368800,41.92,41.92,41.40,41.40,53,0,0
1010455200,41.55,41.75,41.44,41.45,53,0,0
1010541600,41.50,42.10,41.44,41.44,127,0,0
1010628000,41.32,42.36,41.32,42.05,136,0,0
1010714400,42.15,42.25,40.87,40.90,152,0,0
1010973600,40.60,41.32,40.60,41.00,105,0,0
1011060000,41.25,42.53,41.10,42.00,212,0,0
1011146400,42.15,42.60,41.68,42.01,171,0,0
1011232800,42.25,43.10,42.25,42.90,106,0,0
1011319200,42.91,42.95,42.15,42.25,95,0,0
1011664800,42.27,42.80,41.38,41.60,218,0,0
1011751200,41.70,42.45,41.70,42.00,121,0,0
1011837600,42.15,42.41,41.75,41.80,98,0,0
1011924000,41.90,42.25,41.90,42.15,46,0,0
1012183200,42.30,42.30,40.99,40.99,132,0,0
1012269600,41.99,42.51,40.82,41.00,240,0,0
1012356000,41.00,41.83,41.00,41.62,105,0,0
1012442400,41.65,43.00,41.65,43.00,136,0,0
1012788000,42.87,42.87,42.41,42.46,52,0,0
1012874400,42.56,43.00,42.45,42.92,75,0,0
1012960800,42.82,42.94,42.65,42.75,52,0,0
1013047200,42.65,43.02,42.65,42.95,45,0,0
1013133600,43.03,43.55,42.40,43.55,179,0,0
1013392800,43.50,43.65,43.00,43.15,96,0,0
1013479200,43.00,43.25,42.80,43.10,81,0,0
1013565600,43.15,43.15,42.60,42.60,56,0,0
1013652000,42.40,42.60,41.85,42.25,136,0,0
1013738400,42.10,42.30,40.45,41.24,285,0,0
1014084000,41.09,41.96,40.95,41.90,122,0,0
1014170400,42.05,42.83,42.05,42.29,133,0,0
1014256800,42.29,42.99,42.29,42.90,80,0,0
1014343200,43.00,43.14,42.90,43.14,35,0,0
1014602400,43.00,43.60,42.65,43.51,140,0,0
1014688800,43.60,44.71,43.45,43.71,242,0,0
1014775200,43.75,44.50,43.50,43.90,186,0,0
1014861600,44.05,44.50,43.87,44.50,82,0,0
1014948000,44.40,44.89,44.35,44.88,61,0,0
1015207200,45.00,46.26,45.00,46.26,127,0,0
1015293600,46.25,46.25,45.77,45.86,58,0,0
1015380000,45.90,45.90,44.00,44.01,192,0,0
1015466400,44.26,44.99,44.26,44.99,74,0,0
1015552800,44.99,45.02,44.00,45.00,204,0,0
1015812000,44.85,44.85,44.10,44.39,105,0,0
1015898400,44.39,44.39,44.05,44.16,46,0,0
1015984800,44.16,44.59,44.04,44.35,92,0,0
1016071200,44.35,44.60,44.26,44.60,44,0,0
1016157600,44.50,44.50,43.80,44.22,113,0,0
1016416800,44.23,44.60,44.20,44.60,44,0,0
1016503200,44.48,44.50,43.95,44.12,75,0,0
1016589600,44.00,44.30,43.90,44.00,81,0,0
1016676000,44.15,44.56,44.08,44.56,56,0,0
1016762400,44.60,44.60,44.15,44.48,79,0,0
1017021600,44.55,44.58,43.93,43.94,70,0,0
1017108000,44.01,44.01,43.79,43.95,39,0,0
1017194400,44.05,44.60,44.04,44.35,83,0,0
1017280800,44.44,44.60,44.28,44.60,49,0,0
1017630000,44.60,45.00,44.50,44.90,71,0,0
1017716400,45.00,45.04,44.50,44.50,59,0,0
1017802800,44.60,44.67,44.18,44.27,66,0,0
1017889200,44.27,44.31,43.60,43.87,103,0,0
1017975600,43.62,43.71,43.00,43.40,121,0,0
1018234800,43.38,43.70,43.08,43.50,113,0,0
1018321200,43.60,43.60,42.02,42.46,203,0,0
1018407600,42.56,42.80,42.00,42.00,105,0,0
1018494000,41.70,41.75,40.35,40.45,156,0,0
1018580400,41.50,45.60,41.50,45.60,411,0,0
1018839600,45.50,47.60,44.55,46.00,561,0,0
1018926000,45.90,47.35,45.88,46.45,240,0,0
1019012400,46.35,46.35,44.62,44.75,187,0,0
1019098800,44.40,45.14,44.40,44.99,90,0,0
1019185200,45.00,45.00,43.15,43.75,246,0,0
1019444400,43.65,45.10,43.50,45.01,185,0,0
1019530800,45.35,45.35,44.30,45.08,184,0,0
1019617200,45.08,45.28,44.30,45.28,177,0,0
1019703600,45.28,46.00,44.99,44.99,174,0,0
1019790000,45.24,45.60,45.00,45.00,97,0,0
1020049200,44.75,45.30,44.75,45.01,85,0,0
1020135600,44.69,46.00,44.40,46.00,190,0,0
1020222000,46.15,46.35,45.40,46.35,171,0,0
1020308400,46.45,47.07,46.45,46.76,94,0,0
1020394800,46.91,47.01,46.26,47.00,142,0,0
1020654000,47.00,47.50,45.80,46.04,245,0,0
1020740400,46.10,46.30,45.76,46.10,109,0,0
1020826800,46.40,46.50,46.19,46.20,43,0,0
1020913200,46.20,46.20,45.29,46.10,173,0,0
1020999600,46.20,46.20,45.13,45.48,143,0,0
1021258800,45.58,45.60,45.11,45.30,71,0,0
1021345200,45.55,47.50,45.55,47.35,211,0,0
1021431600,47.20,47.20,46.60,46.84,85,0,0
1021518000,46.74,47.08,46.19,46.29,134,0,0
1021604400,46.17,46.19,45.90,46.10,52,0,0
1021863600,46.10,46.10,45.61,45.66,55,0,0
1021950000,45.78,45.88,45.35,45.35,64,0,0
1022036400,45.34,45.46,45.22,45.23,38,0,0
1022122800,45.40,46.29,45.10,46.10,169,0,0
1022209200,46.10,46.10,45.40,45.41,72,0,0
1022554800,45.51,45.51,45.10,45.25,57,0,0
1022641200,45.37,45.37,44.67,44.85,89,0,0
1022727600,44.60,44.60,43.35,43.87,178,0,0
1022814000,43.70,43.73,42.50,43.00,177,0,0
1023073200,42.75,42.76,41.88,41.95,97,0,0
1023159600,41.70,42.56,41.60,42.56,107,0,0
1023246000,42.56,44.38,42.56,44.10,211,0,0
1023332400,44.25,44.35,43.50,43.85,131,0,0
1023418800,43.85,44.20,43.20,44.10,176,0,0
1023678000,44.20,44.60,43.99,44.51,92,0,0
1023764400,44.61,44.70,43.35,43.50,160,0,0
1023850800,43.50,43.55,43.35,43.35,26,0,0
1023937200,43.45,43.50,43.20,43.20,36,0,0
1024023600,43.20,43.21,42.10,42.15,118,0,0
1024282800,42.25,42.60,40.90,41.90,306,0,0
1024369200,41.95,43.74,41.65,43.65,249,0,0
1024455600,43.56,43.56,42.70,42.70,87,0,0
1024542000,42.80,43.38,42.80,42.86,111,0,0
1024628400,42.95,42.95,41.95,42.20,126,0,0
1024887600,42.10,42.71,41.40,42.55,218,0,0
1024974000,42.35,43.40,42.30,43.05,151,0,0
1025060400,42.65,43.26,42.35,43.15,133,0,0
1025146800,43.40,44.25,43.40,44.06,105,0,0
1025233200,44.16,45.20,43.72,44.30,283,0,0
1025492400,44.55,44.65,43.58,43.85,145,0,0
1025578800,43.80,43.80,43.10,43.21,82,0,0
1025665200,43.21,43.21,42.15,42.16,108,0,0
1025838000,42.28,42.50,42.21,42.40,47,0,0
1026097200,42.40,43.05,42.40,42.95,76,0,0
1026183600,42.94,42.94,42.25,42.27,72,0,0
1026270000,42.27,42.55,42.10,42.10,74,0,0
1026356400,42.10,42.80,41.39,42.30,263,0,0
1026442800,43.00,43.75,42.50,43.32,219,0,0
1026702000,43.07,43.99,42.60,43.95,191,0,0
1026788400,43.85,44.30,43.70,43.71,107,0,0
1026874800,43.91,44.34,43.70,44.34,86,0,0
1026961200,44.30,44.30,43.30,43.72,143,0,0
1027047600,43.47,43.78,42.43,42.79,203,0,0
1027306800,42.89,43.60,42.85,43.33,107,0,0
1027393200,43.33,43.33,41.93,42.35,183,0,0
1027479600,41.85,41.85,38.50,40.50,536,0,0
1027566000,40.35,40.66,39.70,40.00,158,0,0
1027652400,39.90,41.05,39.90,40.60,161,0,0
1027911600,40.60,42.84,40.60,42.60,249,0,0
1027998000,42.50,42.64,42.19,42.43,84,0,0
1028084400,42.33,42.39,41.57,41.95,127,0,0
1028170800,42.20,42.20,41.60,41.89,90,0,0
1028257200,41.69,41.90,40.66,41.01,181,0,0
1028516400,40.99,40.99,40.45,40.55,65,0,0
1028602800,40.70,41.00,40.45,40.72,109,0,0
1028689200,40.97,40.97,40.23,40.43,95,0,0
1028775600,40.50,42.40,40.50,42.40,191,0,0
1028862000,42.40,44.75,42.40,44.53,258,0,0
1029121200,44.38,44.85,43.80,44.41,208,0,0
1029207600,44.26,45.00,43.57,43.58,219,0,0
1029294000,43.48,45.60,42.90,45.10,379,0,0
1029380400,45.00,45.00,43.30,44.60,301,0,0
1029466800,44.50,46.95,44.22,46.42,355,0,0
1029726000,46.32,46.32,44.54,45.00,225,0,0
1029812400,44.85,45.00,44.50,44.80,96,0,0
1029898800,44.85,45.30,44.57,45.30,102,0,0
1029985200,45.47,45.80,45.39,45.58,72,0,0
1030071600,45.58,45.58,44.90,44.95,74,0,0
1030330800,45.05,45.18,44.35,44.87,149,0,0
1030417200,44.85,45.01,44.30,44.45,103,0,0
1030503600,44.35,44.45,43.46,43.70,134,0,0
1030590000,43.70,43.91,43.54,43.65,70,0,0
1030676400,43.75,44.60,43.65,44.25,141,0,0
1031022000,44.10,44.25,42.85,43.06,177,0,0
1031108400,43.00,43.05,42.89,43.00,33,0,0
1031194800,42.85,43.00,42.55,42.94,82,0,0
1031281200,43.00,43.15,42.95,43.10,31,0,0
1031540400,43.00,43.97,43.00,43.97,98,0,0
1031626800,43.85,43.95,43.50,43.65,71,0,0
1031713200,43.77,44.65,43.75,44.16,142,0,0
1031799600,44.00,44.00,43.75,43.81,32,0,0
1031886000,43.71,44.90,43.59,44.90,144,0,0
1032145200,44.75,44.75,43.75,44.21,147,0,0
1032231600,44.21,44.24,43.53,43.90,112,0,0
1032318000,43.80,43.80,43.20,43.20,61,0,0
1032404400,43.00,43.01,42.27,42.66,115,0,0
1032490800,42.76,42.76,41.57,42.00,163,0,0
1032750000,41.99,41.99,41.30,41.54,94,0,0
1032836400,41.55,41.70,41.20,41.30,76,0,0
1032922800,41.45,41.45,40.66,40.80,94,0,0
1033009200,40.90,41.30,40.70,41.10,101,0,0
1033095600,41.10,42.15,40.99,41.81,162,0,0
1033354800,41.80,41.80,40.45,41.42,233,0,0
1033441200,41.42,41.42,40.60,41.28,151,0,0
1033527600,41.30,41.68,41.01,41.02,107,0,0
1033614000,41.00,41.00,40.00,40.20,121,0,0
1033700400,40.20,40.30,37.36,37.55,324,0,0
1033959600,37.30,37.30,35.95,35.95,136,0,0
1034046000,35.95,36.50,35.95,36.15,91,0,0
1034132400,36.15,36.41,35.15,36.20,248,0,0
1034218800,36.21,38.30,35.90,37.36,366,0,0
1034305200,37.36,38.10,36.20,36.97,342,0,0
1034564400,36.97,37.25,36.60,36.75,109,0,0
1034650800,36.95,37.92,36.80,37.92,128,0,0
1034737200,37.92,37.92,37.25,37.92,135,0,0
1034823600,37.62,38.75,37.25,38.53,210,0,0
1034910000,38.53,38.53,37.84,38.40,126,0,0
1035169200,38.15,38.74,37.70,38.40,184,0,0
1035255600,38.25,38.25,37.74,37.90,68,0,0
1035342000,37.40,37.40,35.87,36.45,212,0,0
1035428400,36.65,36.90,36.00,36.00,116,0,0
1035514800,35.75,36.00,35.18,35.50,140,0,0
1035770400,35.50,36.00,35.50,35.90,61,0,0
1035856800,35.75,35.75,34.50,34.99,175,0,0
1035943200,35.00,35.40,34.85,35.05,106,0,0
1036029600,35.05,35.72,35.02,35.72,74,0,0
1036116000,35.72,35.72,34.60,35.45,198,0,0
1036375200,35.45,35.49,34.60,34.65,99,0,0
1036461600,34.25,34.75,33.80,34.59,157,0,0
1036548000,34.34,34.42,33.70,34.30,141,0,0
1036634400,34.30,35.03,33.55,34.55,272,0,0
1036720800,34.75,35.45,34.75,35.25,91,0,0
1036980000,35.25,35.75,35.15,35.36,110,0,0
1037066400,35.30,35.58,34.96,35.50,105,0,0
1037152800,35.50,36.25,35.50,35.75,126,0,0
1037239200,35.95,36.78,35.71,36.52,158,0,0
1037325600,36.32,36.74,35.81,36.58,161,0,0
1037584800,36.50,37.00,35.50,36.66,285,0,0
1037671200,36.81,36.91,35.73,36.29,185,0,0
1037757600,36.41,37.50,36.31,37.35,145,0,0
1037844000,38.50,39.88,38.15,39.30,267,0,0
1038189600,39.25,39.67,39.25,39.66,44,0,0
1038276000,39.91,39.91,39.64,39.65,29,0,0
1038362400,39.80,40.15,39.65,40.10,71,0,0
1038535200,40.04,40.10,39.95,40.01,28,0,0
1038794400,40.56,40.66,39.80,39.86,103,0,0
1038880800,39.76,39.76,39.00,39.15,92,0,0
1038967200,39.16,39.50,38.60,39.45,152,0,0
1039053600,39.70,39.90,38.50,38.50,161,0,0
1039140000,38.25,39.15,38.10,39.15,121,0,0
1039399200,39.25,39.25,38.12,38.50,152,0,0
1039485600,38.50,39.60,38.50,39.60,111,0,0
1039572000,39.60,39.95,39.32,39.60,127,0,0
1039658400,39.60,40.75,39.57,40.73,124,0,0
1039744800,40.85,41.50,40.50,41.26,160,0,0
1040004000,41.20,41.20,40.69,40.90,73,0,0
1040090400,41.00,41.05,40.60,40.77,68,0,0
1040176800,40.62,40.62,40.40,40.50,33,0,0
1040263200,40.50,40.65,40.50,40.58,23,0,0
1040349600,40.58,40.67,40.06,40.19,84,0,0
1040608800,40.19,40.35,40.10,40.20,50,0,0
1040695200,40.20,40.40,39.89,39.89,72,0,0
1040868000,39.90,40.10,39.18,39.29,124,0,0
1040954400,39.39,39.40,38.81,38.97,77,0,0
1041213600,38.82,39.24,38.70,38.91,100,0,0
1041300000,38.91,39.40,38.71,39.40,90,0,0
1041472800,39.58,40.35,39.58,40.25,88,0,0
1041559200,40.15,41.12,40.06,40.95,133,0,0
1041818400,41.20,42.12,40.93,41.18,237,0,0
1041904800,41.33,41.50,40.91,40.96,82,0,0
1041991200,41.00,41.34,40.92,41.10,75,0,0
1042077600,41.20,42.03,41.10,42.03,104,0,0
1042164000,42.00,42.60,42.00,42.33,88,0,0
1042423200,42.58,43.00,42.10,42.10,133,0,0
1042509600,42.15,42.45,41.88,42.00,100,0,0
1042596000,42.40,42.40,40.84,41.50,223,0,0
1042682400,41.55,42.14,40.96,41.65,227,0,0
1042768800,41.65,42.20,41.56,41.80,114,0,0
1043114400,41.80,41.80,40.59,40.60,123,0,0
1043200800,40.94,41.15,40.36,40.87,152,0,0
1043287200,40.97,41.17,40.45,40.65,113,0,0
1043373600,40.75,40.75,39.99,40.13,91,0,0
1043632800,40.00,40.75,39.79,40.65,128,0,0
1043719200,40.90,41.21,40.90,41.20,33,0,0
1043805600,41.08,41.08,40.80,40.97,46,0,0
1043892000,41.00,41.64,41.00,41.25,104,0,0
1043978400,41.10,42.40,40.90,42.25,186,0,0
1044237600,42.25,42.25,41.79,42.20,88,0,0
1044324000,42.55,43.35,42.20,42.29,205,0,0
1044410400,42.30,42.79,41.80,41.89,158,0,0
1044496800,41.98,42.10,41.50,41.56,79,0,0
1044583200,41.68,41.85,41.57,41.76,49,0,0
1044842400,41.76,42.06,41.34,41.51,120,0,0
1044928800,41.71,41.77,40.88,41.21,129,0,0
1045015200,41.36,41.60,41.30,41.43,54,0,0
1045101600,41.33,41.45,41.01,41.23,79,0,0
1045188000,41.33,41.70,41.15,41.70,74,0,0
1045533600,41.85,42.02,41.17,42.00,156,0,0
1045620000,41.90,42.08,41.50,41.58,85,0,0
1045706400,41.58,41.75,40.81,41.75,172,0,0
1045792800,41.65,42.55,41.43,42.55,135,0,0
1046052000,42.35,42.41,41.07,41.48,182,0,0
1046138400,41.48,41.89,40.88,41.89,162,0,0
1046224800,41.89,41.98,40.71,40.98,164,0,0
1046311200,41.04,41.64,40.00,41.60,273,0,0
1046397600,41.72,41.96,41.50,41.60,81,0,0
1046656800,41.85,43.58,41.75,42.70,282,0,0
1046743200,42.75,42.75,42.00,42.23,99,0,0
1046829600,42.25,42.30,42.00,42.08,44,0,0
1046916000,41.97,42.35,41.73,42.04,118,0,0
1047002400,41.94,42.33,41.74,42.29,84,0,0
1047261600,42.00,42.05,41.90,41.99,30,0,0
1047348000,42.09,42.19,40.86,41.09,167,0,0
1047434400,41.09,41.49,39.70,39.95,245,0,0
1047520800,40.22,41.15,39.59,41.15,220,0,0
1047607200,41.25,41.69,41.25,41.44,70,0,0
1047866400,41.45,43.00,41.37,42.97,175,0,0
1047952800,43.07,43.62,42.93,43.35,111,0,0
1048039200,42.75,43.90,42.67,43.50,172,0,0
1048125600,43.50,43.85,43.20,43.48,129,0,0
1048212000,43.83,45.07,43.83,44.85,147,0,0
1048471200,44.50,44.56,43.59,43.69,114,0,0
1048557600,43.84,45.05,43.84,44.68,159,0,0
1048644000,44.68,45.40,44.52,45.08,137,0,0
1048730400,44.98,44.98,43.02,43.57,252,0,0
1048816800,43.57,44.20,43.55,43.98,90,0,0
1049079600,43.63,43.80,42.98,43.54,156,0,0
1049166000,43.44,43.82,43.20,43.50,119,0,0
1049252400,43.85,45.22,43.85,44.80,180,0,0
1049338800,44.85,45.20,44.56,44.90,124,0,0
1049425200,45.02,46.00,45.02,45.67,132,0,0
1049684400,46.25,46.81,45.36,45.45,211,0,0
1049770800,45.45,45.45,44.20,45.16,222,0,0
1049857200,45.33,45.70,45.20,45.60,74,0,0
1049943600,45.60,45.93,45.25,45.65,132,0,0
1050030000,45.80,46.20,45.54,45.58,111,0,0
1050289200,45.48,45.65,45.18,45.52,91,0,0
1050375600,45.53,45.53,44.31,45.35,227,0,0
1050462000,45.15,46.66,44.60,46.60,268,0,0
1050548400,46.85,47.50,46.18,47.29,221,0,0
1050894000,47.39,47.39,45.73,46.00,194,0,0
1050980400,45.75,45.75,44.66,44.80,124,0,0
1051066800,44.97,44.97,44.10,44.65,143,0,0
1051153200,44.65,45.18,44.15,44.95,177,0,0
1051239600,45.15,45.50,44.93,45.15,115,0,0
1051498800,45.15,45.95,45.15,45.50,126,0,0
1051585200,45.50,45.59,44.53,44.70,133,0,0
1051671600,44.87,45.84,44.74,45.48,160,0,0
1051758000,45.50,45.89,45.20,45.20,109,0,0
1051844400,45.30,45.45,45.00,45.25,86,0,0
1052103600,45.50,45.65,44.37,44.91,198,0,0
1052190000,44.91,45.00,44.44,44.70,92,0,0
1052276400,44.74,45.00,44.40,45.00,95,0,0
1052362800,45.00,45.05,44.40,45.05,126,0,0
1052449200,45.02,45.20,44.75,44.76,65,0,0
1052708400,44.70,45.52,44.55,45.26,139,0,0
1052794800,45.40,45.40,44.92,44.94,51,0,0
1052881200,45.04,45.32,44.51,44.60,119,0,0
1052967600,44.70,45.65,44.70,45.46,115,0,0
1053054000,45.56,46.25,45.41,46.25,100,0,0
1053313200,46.15,46.16,45.22,45.35,109,0,0
1053399600,45.45,45.90,45.03,45.26,156,0,0
1053486000,45.36,45.46,44.80,44.94,91,0,0
1053572400,45.06,45.76,44.90,45.46,133,0,0
1053658800,45.56,45.70,45.26,45.40,73,0,0
1054004400,45.45,45.57,45.00,45.47,113,0,0
1054090800,45.52,46.00,45.25,45.40,139,0,0
1054177200,45.40,45.70,45.09,45.27,110,0,0
1054263600,45.24,45.65,45.15,45.39,86,0,0
1054522800,45.59,46.53,45.59,46.50,98,0,0
1054609200,46.60,48.56,46.45,47.91,292,0,0
1054695600,47.98,48.12,47.42,47.50,93,0,0
1054782000,47.45,47.75,46.72,47.75,177,0,0
1054868400,48.01,48.20,47.58,47.64,88,0,0
1055127600,47.64,47.64,46.70,47.00,125,0,0
1055214000,47.12,48.08,47.12,47.67,138,0,0
1055300400,47.65,47.65,47.02,47.32,94,0,0
1055386800,47.32,47.32,45.60,45.87,200,0,0
1055473200,45.99,46.40,45.56,45.63,133,0,0
1055732400,45.65,46.00,45.37,46.00,92,0,0
1055818800,46.00,46.00,45.60,45.86,67,0,0
1055905200,45.98,46.00,45.22,45.55,114,0,0
1055991600,45.70,46.40,45.70,46.00,111,0,0
1056078000,46.25,46.60,46.02,46.02,94,0,0
1056337200,45.77,46.20,45.66,45.69,101,0,0
1056423600,45.69,45.70,44.31,44.70,180,0,0
1056510000,44.70,45.32,44.51,45.13,120,0,0
1056596400,45.23,45.84,45.23,45.43,103,0,0
1056682800,45.44,45.77,45.25,45.25,86,0,0
1056942000,45.25,45.60,45.04,45.04,92,0,0
1057028400,44.86,46.20,44.50,46.20,207,0,0
1057114800,46.08,46.27,45.85,46.27,66,0,0
1057201200,46.07,46.07,45.64,45.64,44,0,0
1057546800,45.81,46.00,44.64,45.00,192,0,0
1057633200,45.00,45.04,44.61,45.00,87,0,0
1057719600,45.12,46.00,45.07,46.00,99,0,0
1057806000,45.99,46.27,45.62,46.27,103,0,0
1057892400,46.17,46.42,45.89,46.35,89,0,0
1058151600,46.60,47.29,46.60,46.79,120,0,0
1058238000,46.80,46.80,45.32,45.41,158,0,0
1058324400,45.41,45.82,44.90,45.50,176,0,0
1058410800,45.65,45.84,45.38,45.64,92,0,0
1058497200,45.52,46.09,45.15,46.00,141,0,0
1058756400,46.09,46.27,45.14,45.47,165,0,0
1058842800,45.10,45.35,45.02,45.08,65,0,0
1058929200,45.23,45.39,45.11,45.19,53,0,0
1059015600,45.31,46.29,45.31,45.94,134,0,0
1059102000,45.79,45.91,45.01,45.15,117,0,0
1059361200,44.95,44.95,43.60,43.77,153,0,0
1059447600,43.90,44.96,43.67,44.56,193,0,0
1059534000,44.66,45.34,44.65,45.34,71,0,0
1059620400,45.22,45.48,44.91,45.17,110,0,0
1059706800,45.17,45.18,44.30,45.18,176,0,0
1059966000,45.08,45.08,44.26,44.39,96,0,0
1060052400,44.39,44.71,44.20,44.29,93,0,0
1060138800,44.39,45.00,43.97,44.40,206,0,0
1060225200,44.30,44.48,44.20,44.47,40,0,0
1060311600,44.47,45.77,44.47,45.30,178,0,0
1060570800,45.40,45.45,44.90,45.35,106,0,0
1060657200,45.25,45.68,45.20,45.30,92,0,0
1060743600,45.40,46.02,45.32,45.93,88,0,0
1060830000,45.98,46.31,45.88,46.13,72,0,0
1060916400,46.03,46.50,45.90,45.91,109,0,0
1061175600,45.91,46.18,45.58,46.06,106,0,0
1061262000,46.56,47.00,46.33,46.51,130,0,0
1061348400,46.63,47.21,46.53,47.08,92,0,0
1061434800,47.08,47.20,46.10,46.36,149,0,0
1061521200,46.51,46.73,46.16,46.20,84,0,0
1061780400,46.30,46.30,45.35,45.41,102,0,0
1061866800,45.51,45.51,44.90,45.21,93,0,0
1061953200,45.21,45.30,44.88,45.10,74,0,0
1062039600,45.01,45.41,44.96,45.36,56,0,0
1062126000,45.36,45.62,45.04,45.47,106,0,0
1062471600,45.47,46.91,45.37,46.49,207,0,0
1062558000,46.59,46.75,45.79,46.30,164,0,0
1062644400,45.98,46.07,45.50,46.00,113,0,0
1062730800,46.12,46.56,45.95,46.11,122,0,0
1062990000,46.12,47.35,46.12,47.26,133,0,0
1063076400,47.26,47.67,47.07,47.20,115,0,0
1063162800,47.21,47.60,47.05,47.19,109,0,0
1063249200,47.29,47.50,47.07,47.08,66,0,0
1063335600,47.28,48.19,47.23,48.19,102,0,0
1063594800,48.10,48.45,47.77,48.40,107,0,0
1063681200,48.30,48.45,47.98,48.30,95,0,0
1063767600,48.40,48.75,48.37,48.69,48,0,0
1063854000,48.75,50.28,48.29,50.16,258,0,0
1063940400,50.38,51.95,50.28,51.38,235,0,0
1064199600,51.23,52.35,50.95,51.30,274,0,0
1064286000,51.25,51.70,50.45,51.55,221,0,0
1064372400,51.65,51.65,50.68,50.80,110,0,0
1064458800,50.80,50.80,49.60,50.00,161,0,0
1064545200,50.00,50.00,48.60,48.90,171,0,0
1064804400,49.00,49.32,48.85,49.11,84,0,0
1064890800,49.16,49.38,48.56,49.00,149,0,0
1064977200,49.00,50.42,48.73,50.31,208,0,0
1065063600,50.21,50.69,49.80,50.55,145,0,0
1065150000,51.05,51.40,50.30,50.62,178,0,0
1065409200,50.77,51.05,50.05,50.70,194,0,0
1065495600,50.70,51.04,50.36,50.85,122,0,0
1065582000,50.85,51.75,50.79,51.32,146,0,0
1065668400,51.52,52.35,50.92,51.12,247,0,0
1065754800,51.27,51.67,51.27,51.37,71,0,0
1066014000,51.50,53.10,51.50,52.60,211,0,0
1066100400,52.70,52.70,51.79,51.85,98,0,0
1066186800,51.78,52.06,51.70,52.00,51,0,0
1066273200,52.00,52.91,51.86,52.70,141,0,0
1066359600,52.65,52.65,51.53,52.03,163,0,0
1066618800,52.13,52.25,50.62,50.73,187,0,0
1066705200,50.63,50.95,50.19,50.30,120,0,0
1066791600,50.15,50.35,49.63,50.22,138,0,0
1066878000,50.10,50.50,49.93,50.47,78,0,0
1066964400,50.47,50.50,49.71,50.16,128,0,0
1067220000,50.20,50.50,50.00,50.18,99,0,0
1067306400,50.18,50.32,49.85,50.15,92,0,0
1067392800,50.25,50.51,49.99,50.20,100,0,0
1067479200,50.30,51.08,50.30,50.57,130,0,0
1067565600,50.67,51.35,50.60,51.35,83,0,0
1067824800,51.25,51.34,50.51,50.62,104,0,0
1067911200,50.52,50.52,49.97,49.99,58,0,0
1067997600,49.89,49.93,49.00,49.93,183,0,0
1068084000,50.03,50.18,49.75,49.80,64,0,0
1068170400,49.30,50.25,49.30,49.67,154,0,0
1068429600,49.80,50.84,49.52,50.69,176,0,0
1068516000,50.59,50.59,49.78,50.21,125,0,0
1068602400,50.11,50.80,50.09,50.80,74,0,0
1068688800,50.80,51.25,50.53,51.21,104,0,0
1068775200,51.00,51.25,49.75,49.75,176,0,0
1069034400,49.50,49.90,49.39,49.78,75,0,0
1069120800,49.88,50.44,49.65,50.18,129,0,0
1069207200,50.33,50.33,49.80,49.99,73,0,0
1069293600,50.00,50.35,49.70,49.99,130,0,0
1069380000,49.87,50.45,49.78,49.88,134,0,0
1069639200,49.98,50.57,49.88,50.38,99,0,0
1069725600,50.45,50.75,50.40,50.40,66,0,0
1069812000,50.45,50.80,50.29,50.75,73,0,0
1069984800,50.85,51.14,50.80,50.95,59,0,0
1070244000,50.80,51.55,50.52,51.55,132,0,0
1070330400,51.55,51.75,51.13,51.75,105,0,0
1070416800,51.75,52.17,51.45,52.10,110,0,0
1070503200,52.00,52.95,51.72,52.80,167,0,0
1070589600,52.68,52.68,51.12,51.16,161,0,0
1070848800,51.04,52.05,51.04,52.05,102,0,0
1070935200,51.95,51.95,51.33,51.48,78,0,0
1071021600,51.33,51.33,50.13,50.19,127,0,0
1071108000,50.19,51.00,50.10,51.00,100,0,0
1071194400,50.90,51.79,50.65,51.79,140,0,0
1071453600,52.04,52.04,51.50,51.96,101,0,0
1071540000,51.96,51.97,51.12,51.50,125,0,0
1071626400,51.55,52.17,51.39,52.17,95,0,0
1071712800,52.17,52.60,51.94,52.34,116,0,0
1071799200,52.09,52.32,51.41,52.27,165,0,0
1072058400,52.17,52.22,51.60,51.84,92,0,0
1072144800,51.96,52.10,51.77,51.96,67,0,0
1072231200,52.05,52.05,51.75,51.87,43,0,0
1072404000,51.80,52.30,51.80,52.18,63,0,0
1072663200,52.25,53.23,52.12,53.23,125,0,0
1072749600,53.13,53.57,52.96,53.53,83,0,0
1072836000,53.63,53.63,53.11,53.11,53,0,0
1073008800,53.15,54.05,53.03,53.99,121,0,0
1073268000,54.00,56.85,54.00,56.85,286,0,0
1073354400,56.85,57.67,56.84,57.25,127,0,0
1073440800,57.25,58.14,57.16,58.00,122,0,0
1073527200,58.15,58.15,57.38,57.97,137,0,0
1073613600,57.85,57.99,57.53,57.60,68,0,0
1073872800,57.70,58.78,57.40,58.70,177,0,0
1073959200,58.95,59.50,58.62,58.90,172,0,0
1074045600,58.90,58.90,55.80,56.48,379,0,0
1074132000,56.50,56.58,56.06,56.13,68,0,0
1074218400,56.23,56.35,56.17,56.17,31,0,0
1074564000,56.17,56.61,56.14,56.25,87,0,0
1074650400,56.25,57.19,56.16,56.89,143,0,0
1074736800,57.00,57.64,56.15,57.61,238,0,0
1074823200,57.75,59.96,57.75,59.25,293,0,0
1075082400,59.05,59.17,57.25,58.51,331,0,0
1075168800,58.63,59.72,58.35,59.72,166,0,0
1075255200,59.90,60.32,57.50,57.61,336,0,0
1075341600,57.21,57.49,56.79,57.39,123,0,0
1075428000,57.25,58.30,57.08,58.02,168,0,0
1075687200,60.90,61.70,59.84,60.02,285,0,0
1075773600,60.02,60.90,59.72,60.30,209,0,0
1075860000,60.31,60.31,58.40,58.40,192,0,0
1075946400,58.40,58.40,57.52,58.15,152,0,0
1076032800,58.00,60.08,57.67,60.02,281,0,0
1076292000,59.00,59.82,58.27,59.22,289,0,0
1076378400,59.30,59.85,59.22,59.85,72,0,0
1076464800,59.75,60.23,59.60,60.00,102,0,0
1076551200,60.00,60.00,59.54,59.55,48,0,0
1076637600,59.45,59.65,58.65,58.74,130,0,0
1076983200,58.89,60.65,58.89,59.89,253,0,0
1077069600,60.00,60.35,59.96,60.14,65,0,0
1077156000,60.14,60.72,60.00,60.22,137,0,0
1077242400,60.22,60.24,59.25,59.26,103,0,0
1077501600,59.36,59.43,58.63,58.84,109,0,0
1077588000,58.45,58.63,57.86,58.27,137,0,0
1077674400,58.42,58.61,57.90,58.30,131,0,0
1077760800,58.45,59.69,58.25,59.60,174,0,0
1077847200,59.54,60.00,59.28,59.50,141,0,0
1078106400,59.65,60.99,59.65,60.32,202,0,0
1078192800,60.22,61.64,60.22,61.09,198,0,0
1078279200,61.09,61.60,60.74,61.27,155,0,0
1078365600,61.39,61.75,61.10,61.25,117,0,0
1078452000,61.00,62.34,61.00,61.50,219,0,0
1078711200,61.60,62.24,61.59,62.01,90,0,0
1078797600,61.86,61.86,60.93,61.06,107,0,0
1078884000,61.31,61.31,60.89,61.05,59,0,0
1078970400,60.93,60.93,59.00,59.27,221,0,0
1079056800,59.39,61.05,59.25,60.26,274,0,0
1079316000,60.38,60.38,59.50,59.50,89,0,0
1079402400,59.60,60.22,59.60,60.00,85,0,0
1079488800,60.00,60.80,60.00,60.71,90,0,0
1079575200,60.71,60.76,60.16,60.71,121,0,0
1079661600,60.56,61.19,60.45,60.90,115,0,0
1079920800,60.70,60.80,59.86,60.00,119,0,0
1080007200,60.10,60.10,59.46,59.91,110,0,0
1080093600,59.66,59.74,59.20,59.55,98,0,0
1080180000,59.55,59.85,59.06,59.60,154,0,0
1080266400,59.60,60.09,59.36,60.00,107,0,0
1080529200,60.00,60.90,59.81,60.86,133,0,0
1080615600,60.70,61.30,60.41,60.41,150,0,0
1080702000,60.56,61.40,60.53,61.17,114,0,0
1080788400,62.12,66.93,62.12,66.00,575,0,0
1080874800,65.95,65.95,64.85,65.00,126,0,0
1081134000,65.00,65.00,63.95,64.10,121,0,0
1081220400,64.10,64.83,64.09,64.39,120,0,0
1081306800,64.24,64.78,63.92,63.92,141,0,0
1081393200,64.07,64.63,63.10,63.10,210,0,0
1081738800,63.11,64.21,63.09,63.90,146,0,0
1081825200,64.05,64.05,62.25,62.26,182,0,0
1081911600,62.16,62.59,61.46,61.47,158,0,0
1081998000,61.51,62.00,61.08,62.00,136,0,0
1082084400,62.50,63.50,62.48,63.50,105,0,0
1082343600,63.38,63.39,61.74,61.74,167,0,0
1082430000,62.14,63.10,61.61,62.37,276,0,0
1082516400,62.37,62.37,60.96,61.35,181,0,0
1082602800,61.35,62.42,61.35,62.40,110,0,0
1082689200,62.28,62.28,61.18,61.25,118,0,0
1082948400,61.25,62.19,61.22,61.93,127,0,0
1083034800,61.80,62.75,61.78,62.41,134,0,0
1083121200,62.31,62.31,61.50,61.69,101,0,0
1083207600,61.59,62.62,61.50,62.00,184,0,0
1083294000,61.88,62.62,61.52,62.20,189,0,0
1083553200,62.10,62.97,61.71,62.51,212,0,0
1083639600,62.36,63.56,62.24,63.34,167,0,0
1083726000,63.24,63.27,62.56,62.56,75,0,0
1083812400,62.46,62.46,61.65,61.65,82,0,0
1083898800,61.55,61.82,59.88,59.88,222,0,0
1084158000,59.78,59.78,58.94,59.20,111,0,0
1084244400,59.20,59.26,58.67,58.79,78,0,0
1084330800,58.75,58.78,58.00,58.75,157,0,0
1084417200,58.75,59.45,58.70,58.73,149,0,0
1084503600,58.63,59.12,58.29,58.63,167,0,0
1084762800,58.63,58.63,57.80,57.95,99,0,0
1084849200,58.05,58.75,58.04,58.43,105,0,0
1084935600,58.68,59.91,58.66,58.75,244,0,0
1085022000,58.70,59.22,58.70,59.08,67,0,0
1085108400,58.98,59.44,58.84,59.16,103,0,0
1085367600,59.26,60.68,59.23,60.25,192,0,0
1085454000,60.15,60.81,60.00,60.64,114,0,0
1085540400,60.54,62.11,60.50,61.56,221,0,0
1085626800,61.46,62.90,61.19,62.43,246,0,0
1085713200,62.18,63.10,62.05,63.10,119,0,0
1086058800,63.25,63.65,62.86,63.20,154,0,0
1086145200,63.35,64.46,63.25,64.13,165,0,0
1086231600,63.70,63.70,63.11,63.39,88,0,0
1086318000,63.55,64.55,63.55,64.55,101,0,0
1086577200,64.45,64.71,64.30,64.44,82,0,0
1086663600,64.54,65.14,64.54,64.81,94,0,0
1086750000,64.71,64.71,63.93,64.04,90,0,0
1086836400,63.94,64.15,63.39,63.57,116,0,0
1087182000,63.45,63.46,62.63,62.65,87,0,0
1087268400,62.75,63.35,62.20,62.20,176,0,0
1087354800,62.25,62.97,61.77,62.01,217,0,0
1087441200,61.91,63.11,61.51,63.00,212,0,0
1087527600,63.01,63.49,62.23,62.25,177,0,0
1087786800,62.35,62.48,61.88,61.93,79,0,0
1087873200,61.93,62.39,61.31,62.39,171,0,0
1087959600,62.29,62.58,61.81,62.38,146,0,0
1088046000,62.28,62.97,62.03,62.28,189,0,0
1088132400,62.10,62.50,61.70,62.50,121,0,0
1088391600,62.50,62.64,62.15,62.53,96,0,0
1088478000,62.54,63.22,62.34,63.05,126,0,0
1088564400,62.95,64.31,62.95,63.83,185,0,0
1088650800,63.80,64.25,63.75,64.15,66,0,0
1088737200,64.10,65.80,63.95,65.13,268,0,0
1089082800,65.13,65.94,65.05,65.80,112,0,0
1089169200,65.79,65.79,64.84,65.01,113,0,0
1089255600,64.89,64.89,64.45,64.80,80,0,0
1089342000,64.75,64.89,64.55,64.89,55,0,0
1089601200,64.88,65.24,64.48,64.87,152,0,0
1089687600,64.87,64.87,64.61,64.72,38,0,0
1089774000,64.72,64.80,64.20,64.21,70,0,0
1089860400,64.20,64.25,63.50,63.50,81,0,0
1089946800,63.51,64.07,63.16,63.49,181,0,0
1090206000,63.49,63.49,61.69,62.66,278,0,0
1090292400,63.76,65.41,63.20,64.65,354,0,0
1090378800,64.60,64.95,63.60,63.66,177,0,0
1090465200,63.41,63.41,62.05,62.05,137,0,0
1090551600,62.06,62.67,61.50,62.51,190,0,0
1090810800,62.50,62.95,62.40,62.67,94,0,0
1090897200,62.76,62.98,62.52,62.69,86,0,0
1090983600,62.80,62.81,60.80,61.48,271,0,0
1091070000,61.60,62.57,61.60,62.50,105,0,0
1091156400,62.50,62.50,61.53,61.95,140,0,0
1091415600,61.85,62.82,61.81,62.68,120,0,0
1091502000,62.74,63.05,62.45,62.91,104,0,0
1091588400,62.75,63.51,62.55,63.51,117,0,0
1091674800,63.40,63.55,62.05,63.06,267,0,0
1091761200,62.94,62.94,61.03,61.54,243,0,0
1092020400,61.64,61.64,60.66,60.71,104,0,0
1092106800,60.83,61.93,60.83,61.72,132,0,0
1092193200,61.60,62.91,61.15,62.29,284,0,0
1092279600,62.17,62.90,62.17,62.87,77,0,0
1092366000,62.75,62.82,61.42,61.56,162,0,0
1092625200,61.66,63.89,61.60,63.70,255,0,0
1092711600,63.82,65.80,63.74,64.97,298,0,0
1092798000,64.75,64.76,64.20,64.63,101,0,0
1092884400,64.53,64.54,63.65,63.80,106,0,0
1092970800,63.90,64.07,63.45,63.88,123,0,0
1093230000,63.98,64.99,63.98,64.94,107,0,0
1093316400,64.75,64.76,64.32,64.59,73,0,0
1093402800,64.59,66.36,64.59,65.66,248,0,0
1093489200,65.91,67.57,65.91,67.21,203,0,0
1093575600,67.71,71.59,67.71,71.32,416,0,0
1093834800,70.07,74.29,70.07,73.73,479,0,0
1093921200,73.60,74.20,72.75,73.09,240,0,0
1094007600,73.34,74.25,72.84,73.72,245,0,0
1094094000,73.57,74.16,73.57,73.99,77,0,0
1094180400,73.80,74.93,73.72,74.89,134,0,0
1094526000,75.00,75.44,74.75,74.82,121,0,0
1094612400,74.85,75.51,74.65,74.99,159,0,0
1094698800,73.80,73.80,71.93,72.57,252,0,0
1094785200,72.00,74.32,72.00,73.60,305,0,0
1095044400,73.80,75.70,73.80,74.21,340,0,0
1095130800,74.21,75.16,74.11,74.35,197,0,0
1095217200,74.24,74.79,73.86,74.43,168,0,0
1095303600,74.28,75.50,74.28,74.72,201,0,0
1095390000,74.47,76.00,74.47,74.55,299,0,0
1095649200,74.30,75.00,74.30,74.73,98,0,0
1095735600,74.73,74.97,74.29,74.38,102,0,0
1095822000,74.38,74.43,73.50,73.56,105,0,0
1095908400,73.41,73.77,73.00,73.17,131,0,0
1095994800,73.18,74.00,73.18,73.46,137,0,0
1096254000,73.31,73.40,72.33,72.89,173,0,0
1096340400,72.89,72.89,71.90,72.35,145,0,0
1096426800,72.35,72.35,71.65,72.02,108,0,0
1096513200,72.12,73.96,71.87,73.49,282,0,0
1096599600,73.49,74.75,73.20,74.34,226,0,0
1096858800,74.44,75.30,74.44,74.50,167,0,0
1096945200,74.50,75.72,74.48,75.33,166,0,0
1097031600,75.27,75.89,74.39,74.85,259,0,0
1097118000,74.70,75.00,73.08,74.43,358,0,0
1097204400,74.30,74.30,71.61,71.80,289,0,0
1097463600,71.81,72.36,71.54,72.16,130,0,0
1097550000,72.01,72.01,70.82,71.81,219,0,0
1097636400,72.05,72.28,70.96,71.15,175,0,0
1097722800,71.15,71.20,70.01,70.53,177,0,0
1097809200,70.41,70.50,69.45,69.79,149,0,0
1098068400,69.80,70.65,69.25,69.33,234,0,0
1098154800,69.08,70.70,68.90,70.11,258,0,0
1098241200,69.93,70.37,68.83,70.09,293,0,0
1098327600,69.97,71.30,69.97,71.25,139,0,0
1098414000,71.21,71.60,70.45,70.94,204,0,0
1098673200,70.19,70.85,69.97,70.46,150,0,0
1098759600,70.33,73.62,70.33,72.89,403,0,0
1098846000,72.75,74.40,72.63,73.18,312,0,0
1098932400,72.93,73.12,71.86,73.07,239,0,0
1099018800,73.05,74.03,73.00,73.50,162,0,0
1099274400,73.35,75.73,73.21,74.78,362,0,0
1099360800,74.63,75.00,74.58,74.77,71,0,0
1099447200,75.00,75.81,74.81,75.25,176,0,0
1099533600,75.25,75.86,75.00,75.78,120,0,0
1099620000,75.80,75.81,74.15,74.46,199,0,0
1099879200,74.49,75.30,74.40,75.30,100,0,0
1099965600,75.15,75.15,73.50,74.35,251,0,0
1100052000,74.46,74.80,73.94,74.01,128,0,0
1100138400,74.16,74.80,74.00,74.30,147,0,0
1100224800,74.30,76.89,74.30,76.40,309,0,0
1100484000,76.22,76.39,74.75,74.75,182,0,0
1100570400,74.93,76.04,74.90,75.20,202,0,0
1100656800,75.05,76.90,75.05,75.53,323,0,0
1100743200,75.70,76.00,75.30,75.45,116,0,0
1100829600,75.30,75.30,73.72,73.90,177,0,0
1101088800,73.75,74.18,73.20,74.18,154,0,0
1101175200,74.26,75.38,74.01,74.66,235,0,0
1101261600,74.50,76.70,74.49,76.38,255,0,0
1101434400,76.20,76.32,76.07,76.31,40,0,0
1101693600,76.06,76.79,76.03,76.26,133,0,0
1101780000,76.10,76.10,74.41,74.56,185,0,0
1101866400,74.46,76.24,74.46,76.20,183,0,0
1101952800,76.05,77.18,75.70,76.66,236,0,0
1102039200,76.66,77.17,76.00,76.35,204,0,0
1102298400,76.15,77.03,75.49,75.92,286,0,0
1102384800,76.00,76.13,74.31,74.47,212,0,0
1102471200,73.65,75.58,73.65,75.05,247,0,0
1102557600,74.95,76.44,74.89,75.47,259,0,0
1102644000,75.30,77.75,75.30,76.95,326,0,0
1102903200,76.80,77.62,76.80,76.92,153,0,0
1102989600,76.92,77.50,76.36,77.10,211,0,0
1103076000,76.90,77.50,76.50,77.36,155,0,0
1103162400,77.60,77.60,76.85,77.40,131,0,0
1103248800,78.00,78.24,76.93,77.00,163,0,0
1103508000,76.87,77.00,75.59,75.60,156,0,0
1103594400,75.75,76.50,75.46,76.44,140,0,0
1103680800,76.55,77.09,76.35,76.72,132,0,0
1103767200,76.57,77.51,76.57,77.51,95,0,0
1104112800,77.86,77.86,75.49,75.90,279,0,0
1104199200,76.05,77.10,75.90,76.81,165,0,0
1104285600,76.66,77.05,76.60,76.74,83,0,0
1104372000,76.74,77.38,76.64,77.17,106,0,0
1104458400,77.02,77.98,77.02,77.26,169,0,0
1104717600,77.01,77.35,75.77,75.78,194,0,0
1104804000,75.77,76.25,74.95,75.55,239,0,0
1104890400,75.70,75.70,74.75,74.85,106,0,0
1104976800,76.25,80.58,76.21,80.00,500,0,0
1105063200,80.00,81.00,77.95,78.34,445,0,0
1105322400,79.00,80.64,78.75,80.19,260,0,0
1105408800,80.30,80.55,79.25,79.95,226,0,0
1105495200,80.13,80.85,80.13,80.70,88,0,0
1105581600,80.55,81.97,80.25,80.25,315,0,0
1105668000,80.50,81.30,80.50,80.91,120,0,0
1106013600,80.66,81.35,80.10,80.48,233,0,0
1106100000,81.88,82.20,79.44,79.48,313,0,0
1106186400,79.68,80.11,77.70,79.34,449,0,0
1106272800,79.35,79.60,78.45,79.31,227,0,0
1106532000,79.38,79.66,78.64,79.23,190,0,0
1106618400,79.08,79.70,79.00,79.01,134,0,0
1106704800,78.20,79.76,78.20,79.24,209,0,0
1106791200,79.39,79.75,79.16,79.30,110,0,0
1106877600,79.30,79.57,78.53,79.05,184,0,0
1107136800,79.25,80.39,79.25,80.30,124,0,0
1107223200,80.15,80.15,79.26,79.80,144,0,0
1107309600,79.89,79.89,78.60,79.07,177,0,0
1107396000,78.90,80.50,78.90,80.05,206,0,0
1107482400,80.05,80.80,80.05,80.40,116,0,0
1107741600,80.85,81.45,80.59,80.59,147,0,0
1107828000,80.41,81.00,80.00,80.41,201,0,0
1107914400,80.21,80.74,79.94,80.00,140,0,0
1108000800,79.85,80.91,79.60,80.85,163,0,0
1108087200,80.70,82.45,80.47,81.00,367,0,0
1108346400,81.05,81.31,79.75,79.89,197,0,0
1108432800,79.69,80.26,79.40,79.50,154,0,0
1108519200,79.00,79.00,77.16,77.58,227,0,0
1108605600,77.25,80.99,77.25,80.25,449,0,0
1108692000,80.70,80.87,79.64,80.53,230,0,0
1109037600,80.38,80.38,78.70,79.33,232,0,0
1109124000,79.33,79.37,78.20,78.26,128,0,0
1109210400,78.41,78.41,77.80,78.11,93,0,0
1109296800,78.31,78.50,77.86,78.17,115,0,0
1109556000,77.87,77.87,77.01,77.61,147,0,0
1109642400,77.61,80.44,77.61,80.01,327,0,0
1109728800,79.86,81.40,79.53,79.97,364,0,0
1109815200,79.74,80.09,79.20,79.56,161,0,0
1109901600,79.49,80.72,79.35,80.55,169,0,0
1110160800,80.40,80.91,80.18,80.31,138,0,0
1110247200,80.31,80.98,80.23,80.85,97,0,0
1110333600,80.80,81.17,80.28,80.55,154,0,0
1110420000,80.55,80.85,79.56,79.63,167,0,0
1110506400,79.80,80.57,79.80,79.96,139,0,0
1110765600,80.11,81.52,80.11,80.71,223,0,0
1110852000,80.96,80.96,80.10,80.62,139,0,0
1110938400,80.47,80.47,78.85,79.82,260,0,0
1111024800,79.80,79.96,79.25,79.51,114,0,0
1111111200,79.66,79.79,78.83,79.64,191,0,0
1111370400,79.50,79.50,77.55,78.24,265,0,0
1111456800,78.45,78.66,77.36,77.39,155,0,0
1111543200,77.21,77.21,75.14,75.47,241,0,0
1111629600,75.27,75.75,74.90,74.95,139,0,0
1111978800,75.15,76.25,75.15,76.07,129,0,0
1112065200,75.92,75.92,73.75,73.98,241,0,0
1112151600,73.99,74.40,73.64,73.98,152,0,0
1112238000,74.00,74.95,73.84,74.93,130,0,0
1112324400,74.93,75.63,74.55,75.63,147,0,0
1112583600,75.45,75.46,73.47,74.60,314,0,0
1112670000,74.74,75.12,73.90,74.21,192,0,0
1112756400,74.36,74.56,73.15,73.37,184,0,0
1112842800,73.52,73.79,72.80,73.79,172,0,0
1112929200,73.61,73.90,73.42,73.43,79,0,0
1113188400,73.30,73.30,71.05,71.56,277,0,0
1113274800,71.46,71.49,69.50,71.00,353,0,0
1113361200,70.84,70.84,69.80,70.42,167,0,0
1113447600,70.58,71.32,70.25,70.42,199,0,0
1113534000,70.42,70.56,69.38,70.00,195,0,0
1113793200,70.40,70.87,70.09,70.19,136,0,0
1113879600,71.19,73.87,71.19,73.87,269,0,0
1113966000,74.27,74.27,71.16,72.26,422,0,0
1114052400,72.36,73.88,72.35,73.38,205,0,0
1114138800,73.63,76.00,73.40,75.25,359,0,0
1114398000,75.15,76.16,74.70,75.96,212,0,0
1114484400,76.00,76.73,75.21,75.70,275,0,0
1114570800,75.52,75.52,73.73,74.97,304,0,0
1114657200,74.97,75.25,74.01,74.72,224,0,0
1114743600,74.90,75.07,74.00,74.96,209,0,0
1115002800,74.90,75.15,74.46,74.80,129,0,0
1115089200,74.80,75.50,74.56,75.00,169,0,0
1115175600,75.00,75.01,74.40,74.53,76,0,0
1115262000,74.50,75.00,73.78,74.37,232,0,0
1115348400,74.55,75.27,74.43,74.77,147,0,0
1115607600,74.52,76.10,74.50,76.02,171,0,0
1115694000,75.77,75.92,75.50,75.55,63,0,0
1115780400,75.55,76.15,75.41,75.89,115,0,0
1115866800,75.75,76.29,75.51,75.60,142,0,0
1115953200,75.85,76.12,75.16,75.71,179,0,0
1116212400,75.65,77.10,75.65,76.59,197,0,0
1116298800,76.89,77.35,76.25,76.89,221,0,0
1116385200,77.04,79.98,77.04,78.54,439,0,0
1116471600,78.34,78.84,77.67,78.24,225,0,0
1116558000,78.36,78.40,77.55,78.21,156,0,0
1116817200,78.25,78.85,78.00,78.05,151,0,0
1116903600,78.00,78.05,76.65,77.50,231,0,0
1116990000,77.50,77.84,77.10,77.58,141,0,0
1117076400,77.55,78.25,77.55,78.09,87,0,0
1117162800,78.09,78.60,77.69,78.10,182,0,0
1117508400,78.35,78.35,77.35,78.02,168,0,0
1117594800,77.92,78.20,77.09,77.70,201,0,0
1117681200,77.72,77.72,77.00,77.50,123,0,0
1117767600,77.45,77.81,77.16,77.38,124,0,0
1118026800,77.13,77.57,77.01,77.48,78,0,0
1118113200,77.25,77.90,76.95,77.17,183,0,0
1118199600,77.17,77.45,75.32,75.60,270,0,0
1118286000,75.35,76.84,75.21,76.77,185,0,0
1118372400,76.95,78.05,76.94,77.48,170,0,0
1118631600,78.00,78.55,77.60,78.15,176,0,0
1118718000,78.15,79.51,77.85,78.01,319,0,0
1118804400,78.01,78.32,77.70,78.15,111,0,0
1118890800,78.00,78.25,77.70,78.23,88,0,0
1118977200,78.13,78.25,77.62,78.07,121,0,0
1119236400,77.89,78.25,77.50,78.25,115,0,0
1119322800,78.10,78.10,77.39,77.75,108,0,0
1119409200,77.95,78.14,77.36,77.90,152,0,0
1119495600,77.90,78.03,76.75,76.76,143,0,0
1119582000,76.86,76.90,75.92,76.25,136,0,0
1119841200,76.00,77.48,75.98,77.48,153,0,0
1119927600,77.66,79.61,77.66,79.50,207,0,0
1120014000,79.32,79.88,79.28,79.78,75,0,0
1120100400,80.03,80.52,79.85,80.45,93,0,0
1120186800,80.30,81.20,79.87,81.20,177,0,0
1120532400,81.45,82.52,81.41,81.80,188,0,0
1120618800,81.98,83.85,81.95,83.85,194,0,0
1120705200,83.84,84.15,82.46,82.59,214,0,0
1120791600,82.24,82.73,81.77,82.15,184,0,0
1121050800,82.33,83.98,82.33,83.52,212,0,0
1121137200,83.52,84.51,83.37,84.25,156,0,0
1121223600,84.43,84.43,83.35,83.73,147,0,0
1121310000,83.77,84.28,83.50,84.16,118,0,0
1121396400,83.91,83.95,82.42,83.75,291,0,0
1121655600,84.00,84.31,83.16,83.49,180,0,0
1121742000,83.31,85.50,82.73,83.29,553,0,0
1121828400,83.40,83.40,82.95,83.15,66,0,0
1121914800,83.15,83.16,82.45,82.69,97,0,0
1122001200,82.69,82.70,82.17,82.30,68,0,0
1122260400,82.15,83.22,81.91,83.00,178,0,0
1122346800,83.00,84.09,82.80,83.99,160,0,0
1122433200,84.14,85.54,83.45,85.30,303,0,0
1122519600,85.31,85.55,84.90,84.90,90,0,0
1122606000,85.03,85.62,84.82,85.00,158,0,0
1122865200,85.15,85.39,83.98,84.37,205,0,0
1122951600,84.37,85.46,84.08,84.48,266,0,0
1123038000,84.33,84.69,84.10,84.61,91,0,0
1123124400,84.96,84.96,83.44,83.60,169,0,0
1123210800,83.60,83.60,82.05,82.46,197,0,0
1123470000,82.31,83.33,82.14,82.23,231,0,0
1123556400,82.23,83.58,82.23,83.32,162,0,0
1123642800,83.32,84.65,83.32,84.50,149,0,0
1123729200,84.50,84.56,83.55,83.97,150,0,0
1123815600,84.12,84.95,83.92,84.41,178,0,0
1124074800,84.62,86.61,84.62,85.38,323,0,0
1124161200,85.45,85.64,84.28,84.40,168,0,0
1124247600,84.35,86.15,84.34,84.96,302,0,0
1124334000,84.96,85.25,84.29,85.25,164,0,0
1124420400,85.25,85.93,84.81,85.46,204,0,0
1124679600,85.41,85.46,84.86,85.00,80,0,0
1124766000,85.13,85.26,84.38,84.86,150,0,0
1124852400,84.66,84.75,84.10,84.25,90,0,0
1124938800,84.10,84.27,83.84,84.01,78,0,0
1125025200,83.99,84.30,82.85,84.15,275,0,0
1125284400,84.05,84.32,83.32,84.30,176,0,0
1125370800,84.25,84.25,82.59,83.03,211,0,0
1125457200,82.70,82.70,81.23,82.15,240,0,0
1125543600,82.15,84.05,81.93,83.83,257,0,0
1125630000,83.90,83.96,82.84,83.03,138,0,0
1125975600,83.18,84.64,82.98,84.25,226,0,0
1126062000,84.40,84.40,83.48,83.93,138,0,0
1126148400,83.94,83.94,83.17,83.40,101,0,0
1126234800,83.35,84.01,83.25,83.93,95,0,0
1126494000,85.17,85.84,84.90,85.45,161,0,0
1126580400,85.40,85.57,83.75,84.00,225,0,0
1126666800,84.00,84.21,83.35,83.51,124,0,0
1126753200,83.66,83.80,83.02,83.80,143,0,0
1126839600,83.80,84.36,83.64,84.25,100,0,0
1127098800,84.35,85.62,84.15,85.44,186,0,0
1127185200,85.54,87.71,85.54,87.16,273,0,0
1127271600,87.30,87.30,84.72,84.96,283,0,0
1127358000,85.02,86.26,84.66,85.72,251,0,0
1127444400,85.73,86.06,85.62,85.62,78,0,0
1127703600,85.65,86.61,85.23,85.23,235,0,0
1127790000,85.33,86.12,85.33,85.42,150,0,0
1127876400,85.44,86.80,85.44,86.35,182,0,0
1127962800,86.45,88.68,86.15,88.26,326,0,0
1128049200,88.44,89.29,88.20,88.62,201,0,0
1128308400,88.87,89.45,87.90,89.12,286,0,0
1128394800,89.12,89.74,89.12,89.59,78,0,0
1128481200,89.72,90.00,88.40,88.46,195,0,0
1128567600,88.61,88.61,87.09,87.68,212,0,0
1128654000,87.68,88.37,87.68,88.20,87,0,0
1128913200,88.10,88.55,87.01,87.32,231,0,0
1128999600,87.17,88.08,85.91,86.26,344,0,0
1129086000,86.11,86.11,84.38,84.48,184,0,0
1129172400,84.48,84.94,83.37,83.47,214,0,0
1129258800,83.51,84.94,83.51,84.80,158,0,0
1129518000,85.05,86.08,84.52,84.80,288,0,0
1129604400,85.00,85.21,83.01,83.69,310,0,0
1129690800,85.50,93.80,84.15,91.60,1321,0,0
1129777200,91.70,92.99,89.85,89.85,444,0,0
1129863600,89.70,91.12,89.70,89.90,265,0,0
1130122800,90.00,91.52,89.95,90.60,255,0,0
1130209200,90.66,92.50,90.23,92.48,273,0,0
1130295600,92.73,93.30,92.43,93.00,148,0,0
1130382000,92.80,94.43,92.64,93.42,297,0,0
1130468400,93.67,94.00,92.18,93.22,320,0,0
1130724000,93.37,95.74,93.35,94.80,336,0,0
1130810400,94.81,95.01,94.24,94.35,109,0,0
1130896800,94.43,95.50,94.43,95.30,128,0,0
1130983200,95.65,95.84,95.05,95.29,123,0,0
1131069600,95.42,96.78,94.91,96.52,265,0,0
1131328800,96.90,97.11,96.37,96.76,135,0,0
1131415200,97.06,97.95,96.68,97.87,174,0,0
1131501600,97.81,99.30,97.81,99.25,155,0,0
1131588000,99.40,100.75,99.15,100.39,222,0,0
1131674400,100.64,101.59,100.13,101.59,198,0,0
1131933600,101.89,101.89,100.75,101.47,187,0,0
1132020000,101.17,101.33,99.15,100.00,320,0,0
1132106400,100.20,100.25,97.79,98.13,286,0,0
1132192800,98.38,105.00,98.38,104.01,762,0,0
1132279200,104.01,106.65,103.87,104.67,491,0,0
1132538400,104.47,105.19,104.00,105.03,183,0,0
1132624800,105.30,108.67,105.24,108.15,402,0,0
1132711200,108.25,109.35,107.80,108.77,259,0,0
1132884000,109.31,111.01,109.03,111.00,228,0,0
1133143200,111.00,111.00,108.50,108.90,291,0,0
1133229600,108.91,109.00,108.27,108.89,145,0,0
1133316000,108.64,109.25,107.77,107.84,217,0,0
1133402400,108.08,110.43,108.00,109.45,350,0,0
1133488800,109.70,110.17,109.02,110.04,197,0,0
1133748000,110.06,110.06,108.45,109.40,257,0,0
1133834400,109.65,111.89,109.65,110.00,414,0,0
1133920800,109.75,109.75,108.06,108.32,196,0,0
1134007200,108.26,109.48,108.26,108.66,205,0,0
1134093600,108.91,109.68,108.59,109.25,185,0,0
1134352800,109.60,111.80,109.60,110.49,352,0,0
1134439200,110.74,112.25,110.40,111.59,286,0,0
1134525600,111.84,113.35,111.80,112.82,213,0,0
1134612000,113.07,113.56,112.68,113.45,139,0,0
1134698400,113.85,113.87,112.68,112.69,123,0,0
1134957600,112.94,112.94,111.00,111.25,220,0,0
1135044000,111.00,111.00,109.11,109.70,249,0,0
1135130400,109.95,110.00,107.16,107.28,302,0,0
1135216800,107.28,108.90,106.35,108.63,376,0,0
1135303200,108.38,109.72,108.00,108.78,305,0,0
1135648800,108.79,110.40,108.50,108.52,354,0,0
1135735200,108.32,108.32,107.31,108.00,171,0,0
1135821600,107.80,108.20,107.15,107.76,207,0,0
1135908000,107.75,108.48,107.20,108.48,184,0,0
1136253600,109.48,109.53,105.74,109.00,711,0,0
1136340000,109.25,109.74,108.66,109.18,210,0,0
1136426400,109.43,109.43,107.83,108.00,178,0,0
1136512800,107.79,110.42,107.79,110.42,264,0,0
1136772000,111.79,112.49,110.51,111.70,388,0,0
1136858400,111.47,113.11,111.10,112.16,334,0,0
1136944800,111.26,112.55,110.39,110.52,359,0,0
1137031200,110.32,111.99,110.02,111.99,228,0,0
1137117600,111.74,112.87,111.74,112.65,136,0,0
1137463200,113.65,114.50,111.03,111.79,509,0,0
1137549600,111.29,111.35,109.03,110.90,426,0,0
1137636000,114.85,120.74,114.85,119.35,729,0,0
1137722400,130.40,130.77,125.06,127.00,803,0,0
1137981600,125.00,128.59,122.82,128.18,837,0,0
1138068000,128.99,129.07,127.72,128.96,268,0,0
1138154400,129.77,130.72,128.72,129.49,373,0,0
1138240800,129.59,136.56,129.59,135.01,853,0,0
1138327200,135.02,135.02,131.67,133.12,481,0,0
1138586400,133.28,134.00,132.03,133.40,383,0,0
1138672800,133.80,133.99,132.22,132.80,255,0,0
1138759200,123.99,131.75,123.00,129.54,1196,0,0
1138845600,128.24,129.46,128.24,129.06,163,0,0
1138932000,128.82,129.86,128.05,129.66,279,0,0
1139191200,129.41,131.39,129.27,130.55,311,0,0
1139277600,130.90,131.53,129.56,130.19,324,0,0
1139364000,130.44,131.40,130.01,131.11,212,0,0
1139450400,132.50,138.00,132.50,134.31,920,0,0
1139536800,134.31,134.31,131.13,131.51,357,0,0
1139796000,144.90,150.00,141.75,141.99,1360,0,0
1139882400,142.25,147.01,141.24,145.96,784,0,0
1139968800,155.55,161.49,151.25,151.25,1619,0,0
1140055200,151.00,153.00,148.50,150.90,891,0,0
1140141600,149.80,149.81,144.01,146.58,839,0,0
1140487200,148.50,149.42,144.96,145.27,570,0,0
1140573600,143.75,146.80,143.10,144.42,674,0,0
1140660000,144.20,144.20,140.29,141.80,543,0,0
1140746400,144.50,144.50,142.35,143.50,331,0,0
1141005600,143.39,144.49,142.24,143.50,440,0,0
1141092000,143.25,143.76,141.07,142.10,424,0,0
1141178400,142.35,144.19,141.00,142.61,613,0,0
1141264800,142.84,143.66,141.15,142.50,469,0,0
1141351200,142.08,142.60,140.35,141.35,378,0,0
1141610400,141.15,141.60,137.34,137.53,491,0,0
1141696800,137.30,137.30,135.26,136.35,314,0,0
1141783200,135.00,135.50,133.05,133.72,363,0,0
1141869600,133.40,135.30,130.85,132.05,756,0,0
1141956000,131.90,133.28,131.82,132.25,258,0,0
1142215200,132.25,135.04,132.25,134.25,359,0,0
1142301600,134.40,138.20,134.29,137.56,467,0,0
1142388000,137.00,139.51,136.10,138.82,501,0,0
1142474400,140.90,141.84,138.94,139.99,490,0,0
1142560800,140.00,141.15,139.85,140.46,215,0,0
1142820000,140.00,140.83,139.61,139.99,244,0,0
1142906400,139.74,140.00,138.65,139.45,242,0,0
1142992800,139.49,140.42,138.44,139.69,377,0,0
1143079200,139.53,139.70,138.06,138.89,265,0,0
1143165600,139.00,140.00,138.76,139.45,204,0,0
1143428400,139.25,139.80,138.29,139.60,268,0,0
1143514800,137.00,140.15,137.00,138.10,521,0,0
1143601200,138.02,139.98,138.02,139.70,225,0,0
1143687600,139.80,140.48,138.83,139.75,326,0,0
1143774000,139.99,140.89,139.57,140.00,264,0,0
1144033200,140.25,144.18,140.25,142.26,586,0,0
1144119600,142.70,146.18,142.70,145.10,457,0,0
1144206000,145.12,147.99,145.12,146.91,396,0,0
1144292400,146.66,147.99,145.80,147.66,339,0,0
1144378800,147.66,149.50,146.55,147.56,581,0,0
1144638000,148.00,149.41,147.39,147.98,403,0,0
1144724400,147.98,148.67,141.75,142.41,828,0,0
1144810800,141.65,145.50,141.19,144.89,539,0,0
1144897200,145.02,145.02,142.71,143.00,261,0,0
1145242800,143.00,144.45,142.74,143.17,326,0,0
1145329200,143.20,147.65,143.20,147.50,461,0,0
1145415600,152.00,159.36,151.10,156.31,1222,0,0
1145502000,156.50,156.50,152.00,152.00,451,0,0
1145588400,152.00,153.00,149.00,150.80,681,0,0
1145847600,150.80,151.10,147.20,148.14,515,0,0
1145934000,147.85,148.12,146.00,147.73,413,0,0
1146020400,147.50,153.80,147.45,152.90,731,0,0
1146106800,152.70,155.40,149.75,153.48,1053,0,0
1146193200,154.00,154.65,151.33,151.54,419,0,0
1146452400,151.54,152.49,142.37,142.85,1156,0,0
1146538800,143.10,145.90,142.72,145.00,447,0,0
1146625200,146.00,146.30,143.00,144.96,557,0,0
1146711600,145.50,147.87,145.43,146.66,373,0,0
1146798000,146.85,150.75,146.30,150.75,501,0,0
1147057200,146.75,147.73,141.05,142.49,911,0,0
1147143600,142.49,143.20,141.59,141.98,272,0,0
1147230000,141.75,142.90,140.25,142.12,494,0,0
1147316400,142.12,143.56,140.93,140.94,409,0,0
1147402800,140.94,141.20,139.40,139.89,256,0,0
1147662000,139.85,139.86,138.00,138.51,239,0,0
1147748400,138.51,140.85,138.51,139.45,375,0,0
1147834800,139.20,140.00,135.50,135.90,571,0,0
1147921200,135.86,136.70,131.80,131.81,576,0,0
1148007600,131.82,133.09,130.74,132.45,408,0,0
1148266800,132.20,132.50,128.33,130.72,687,0,0
1148353200,131.40,134.78,131.40,132.75,542,0,0
1148439600,133.02,137.00,131.24,135.51,904,0,0
1148526000,135.90,138.86,135.31,136.48,653,0,0
1148612400,136.48,140.00,136.21,137.30,677,0,0
1148958000,137.05,137.51,132.50,132.88,586,0,0
1149044400,133.70,135.00,133.01,134.00,369,0,0
1149130800,133.97,133.98,132.30,133.50,290,0,0
1149217200,134.10,137.70,134.10,136.05,526,0,0
1149476400,135.00,136.40,134.90,135.49,252,0,0
1149562800,135.48,135.49,131.86,132.48,427,0,0
1149649200,132.60,133.87,131.00,132.01,516,0,0
1149735600,132.26,132.90,130.25,132.36,521,0,0
1149822000,133.00,135.25,131.80,132.71,662,0,0
1150081200,133.21,134.13,127.57,128.39,831,0,0
1150167600,127.90,127.90,123.00,123.59,550,0,0
1150254000,123.84,124.70,120.69,122.51,670,0,0
1150340400,123.75,128.76,123.16,128.33,663,0,0
1150426800,128.33,128.80,126.87,127.96,350,0,0
1150686000,127.71,128.14,126.59,127.19,259,0,0
1150772400,127.00,128.56,126.25,127.25,438,0,0
1150858800,127.96,132.18,127.96,131.24,517,0,0
1150945200,131.24,131.77,130.06,131.57,310,0,0
1151031600,131.82,132.98,130.92,132.05,390,0,0
1151290800,132.53,134.55,132.10,134.15,329,0,0
1151377200,134.00,134.62,132.47,133.37,368,0,0
1151463600,133.37,134.41,132.05,133.73,437,0,0
1151550000,133.98,137.17,133.80,136.99,374,0,0
1151636400,137.24,139.68,136.78,139.17,388,0,0
1151895600,139.42,141.76,139.13,140.63,406,0,0
1152068400,140.45,140.65,137.55,139.02,478,0,0
1152154800,139.75,140.91,138.93,140.48,324,0,0
1152241200,140.88,142.44,138.84,138.84,517,0,0
1152500400,139.01,140.41,138.68,139.21,327,0,0
1152586800,138.96,140.88,137.60,140.50,503,0,0
1152673200,140.75,141.88,138.60,139.55,537,0,0
1152759600,139.00,139.00,134.61,135.83,562,0,0
1152846000,136.08,136.19,132.12,132.98,505,0,0
1153105200,132.73,135.37,131.04,135.08,632,0,0
1153191600,130.00,132.80,126.38,127.97,1082,0,0
1153278000,128.15,132.26,127.97,130.91,583,0,0
1153364400,131.16,132.23,128.47,128.71,508,0,0
1153450800,128.96,129.25,125.50,126.22,477,0,0
1153710000,126.85,129.95,126.79,129.00,418,0,0
1153796400,127.50,131.65,127.25,130.87,544,0,0
1153882800,130.62,130.62,127.50,128.05,368,0,0
1153969200,128.30,131.40,127.75,128.55,706,0,0
1154055600,128.80,132.50,128.80,129.99,622,0,0
1154314800,129.99,130.17,127.53,129.16,446,0,0
1154401200,129.06,130.10,126.17,127.26,607,0,0
1154487600,127.01,128.35,126.51,127.20,350,0,0
1154574000,126.00,129.18,125.99,128.30,409,0,0
1154660400,128.30,130.00,126.95,127.15,496,0,0
1154919600,126.90,127.25,124.94,126.65,438,0,0
1155006000,126.45,127.51,125.35,125.43,331,0,0
1155092400,126.25,126.99,123.04,124.11,577,0,0
1155178800,123.50,126.84,123.10,125.90,509,0,0
1155265200,125.95,126.00,125.00,125.36,142,0,0
1155524400,125.61,126.99,123.40,123.84,542,0,0
1155610800,124.84,129.30,124.84,127.32,645,0,0
1155697200,128.00,130.19,126.14,129.73,638,0,0
1155783600,129.48,132.80,129.21,132.21,446,0,0
1155870000,132.05,134.16,131.55,133.05,423,0,0
1156129200,132.80,133.66,131.41,131.60,331,0,0
1156215600,131.00,133.27,130.51,132.45,408,0,0
1156302000,132.70,134.96,132.07,132.50,559,0,0
1156388400,132.75,133.36,129.04,130.01,591,0,0
1156474800,129.90,130.45,127.78,128.40,385,0,0
1156734000,128.15,130.26,128.15,129.75,263,0,0
1156820400,129.80,130.03,126.59,127.15,424,0,0
1156906800,126.70,129.95,126.70,129.79,342,0,0
1156993200,129.30,130.17,128.40,130.15,270,0,0
1157079600,130.40,133.75,130.25,133.18,423,0,0
1157425200,132.93,133.70,131.86,133.12,350,0,0
1157511600,133.12,133.61,132.16,133.24,279,0,0
1157598000,133.24,133.24,131.80,132.11,176,0,0
1157684400,132.18,133.40,131.51,133.01,296,0,0
1157943600,132.76,132.85,130.75,131.91,336,0,0
1158030000,132.01,135.75,131.79,135.22,472,0,0
1158116400,135.47,144.25,134.05,143.89,1199,0,0
1158202800,143.90,146.26,143.52,145.90,349,0,0
1158289200,146.90,148.82,146.69,148.00,317,0,0
1158548400,148.01,148.95,145.53,146.54,538,0,0
1158634800,144.70,145.65,143.23,145.16,439,0,0
1158721200,146.40,147.95,143.59,145.07,740,0,0
1158807600,145.32,146.13,143.85,144.47,372,0,0
1158894000,144.20,144.88,143.40,144.40,277,0,0
1159153200,145.40,147.20,144.24,146.90,443,0,0
1159239600,147.15,149.48,146.60,148.94,398,0,0
1159326000,148.01,150.56,147.85,149.31,413,0,0
1159412400,149.75,150.76,148.05,149.90,528,0,0
1159498800,149.90,152.34,148.46,149.00,687,0,0
1159758000,149.00,149.00,143.23,144.70,725,0,0
1159844400,145.30,146.10,144.82,144.82,209,0,0
1159930800,144.91,148.50,144.04,147.45,639,0,0
1160017200,147.60,150.32,147.03,149.10,509,0,0
1160103600,149.25,149.85,148.30,149.02,288,0,0
1160362800,148.85,150.63,148.55,150.02,300,0,0
1160449200,149.80,154.75,149.80,153.70,601,0,0
1160535600,151.80,152.65,150.01,152.51,458,0,0
1160622000,152.76,153.99,151.39,151.88,433,0,0
1160708400,151.63,152.73,149.19,149.50,496,0,0
1160967600,149.50,149.74,147.70,148.49,308,0,0
1161054000,148.74,150.47,146.60,148.45,746,0,0
1161140400,148.75,151.24,148.26,148.71,593,0,0
1161226800,148.00,148.55,146.50,146.85,296,0,0
1161313200,146.65,147.20,144.78,145.61,381,0,0
1161572400,145.61,148.43,144.95,148.25,433,0,0
1161658800,147.60,148.66,146.58,147.00,357,0,0
1161745200,147.00,147.96,146.13,147.01,366,0,0
1161831600,148.50,152.11,146.87,151.97,702,0,0
1161918000,151.50,152.93,149.35,149.50,517,0,0
1162173600,149.00,158.50,146.50,155.00,1801,0,0
1162260000,156.50,157.03,150.40,150.84,761,0,0
1162346400,149.60,150.73,147.02,149.05,688,0,0
1162432800,148.80,149.48,146.70,146.97,374,0,0
1162519200,148.25,148.75,144.52,145.35,557,0,0
1162778400,145.00,145.81,143.76,144.27,338,0,0
1162864800,144.03,146.01,144.03,145.81,219,0,0
1162951200,145.81,145.87,143.16,144.45,407,0,0
1163037600,144.40,144.53,142.70,143.23,250,0,0
1163124000,144.30,144.30,140.81,141.76,445,0,0
1163383200,141.50,142.83,140.81,141.62,393,0,0
1163469600,142.25,142.87,140.72,141.62,368,0,0
1163556000,142.35,144.78,142.35,144.00,322,0,0
1163642400,144.25,145.66,144.07,145.38,206,0,0
1163728800,145.38,147.75,145.38,147.17,296,0,0
1163988000,146.80,148.55,146.05,148.55,326,0,0
1164074400,148.80,151.49,148.75,149.10,519,0,0
1164160800,149.25,150.32,148.76,150.16,222,0,0
1164333600,150.30,150.62,148.16,149.75,438,0,0
1164592800,150.25,150.25,146.35,146.98,454,0,0
1164679200,147.18,147.35,144.22,145.21,430,0,0
1164765600,144.80,145.49,143.85,144.60,309,0,0
1164852000,143.75,144.58,142.88,143.37,303,0,0
1164938400,143.38,143.80,140.93,142.30,467,0,0
1165197600,143.10,145.87,143.10,145.74,291,0,0
1165284000,145.40,147.27,145.15,146.70,295,0,0
1165370400,146.50,147.99,146.15,147.09,310,0,0
1165456800,148.09,149.68,147.17,147.82,476,0,0
1165543200,147.65,148.07,146.30,147.15,305,0,0
1165802400,149.50,149.50,145.30,145.30,421,0,0
1165888800,145.42,146.50,144.06,146.10,421,0,0
1165975200,144.60,146.50,144.60,146.18,223,0,0
1166061600,146.40,148.13,146.05,146.06,383,0,0
1166148000,146.25,146.28,145.15,145.86,188,0,0
1166407200,146.61,146.61,144.17,144.99,327,0,0
1166493600,144.50,145.86,144.00,145.75,248,0,0
1166580000,144.90,148.15,144.81,146.86,473,0,0
1166666400,148.25,150.44,148.04,149.40,366,0,0
1166752800,149.30,150.08,149.00,149.55,192,0,0
1167098400,149.30,150.15,149.00,149.14,215,0,0
1167184800,149.14,152.27,149.14,151.65,376,0,0
1167271200,151.90,153.50,151.60,153.50,221,0,0
1167357600,153.50,153.75,151.70,151.90,251,0,0
1167789600,152.90,158.41,152.90,155.12,881,0,0
1167876000,155.25,157.83,153.50,156.79,713,0,0
1167962400,156.80,157.51,156.12,156.75,274,0,0
1168221600,158.00,159.79,156.60,159.64,475,0,0
1168308000,160.00,161.35,159.67,160.65,272,0,0
1168394400,160.45,164.92,158.90,164.90,760,0,0
1168480800,165.05,168.39,164.90,168.02,402,0,0
1168567200,167.02,173.89,167.02,172.50,827,0,0
1168912800,173.00,173.49,169.31,171.46,683,0,0
1168999200,171.98,175.10,171.31,173.19,638,0,0
1169085600,173.69,173.90,169.42,170.06,534,0,0
1169172000,170.60,170.60,168.88,169.68,253,0,0
1169431200,169.90,170.56,168.60,169.28,331,0,0
1169517600,175.00,176.90,168.70,176.15,1526,0,0
1169604000,171.16,173.06,166.62,171.99,1206,0,0
1169690400,171.90,172.90,168.90,169.70,581,0,0
1169776800,169.02,170.00,167.51,169.17,484,0,0
1170036000,170.67,171.37,168.16,168.58,434,0,0
1170122400,168.83,169.06,165.66,168.12,610,0,0
1170208800,166.25,168.78,166.00,167.76,406,0,0
1170295200,169.50,170.98,167.98,169.32,583,0,0
1170381600,169.32,170.00,168.15,169.08,347,0,0
1170640800,169.89,171.26,169.42,170.65,293,0,0
1170727200,170.01,171.16,169.61,170.80,232,0,0
1170813600,171.95,172.73,171.18,172.54,252,0,0
1170900000,173.05,174.59,173.05,173.44,270,0,0
1170986400,176.86,180.30,172.70,173.68,1203,0,0
1171245600,173.02,173.42,170.10,171.32,495,0,0
1171332000,172.00,172.60,170.07,170.51,358,0,0
1171418400,170.26,174.36,170.26,172.14,633,0,0
1171504800,171.90,176.11,170.75,175.59,704,0,0
1171591200,176.08,176.60,172.60,173.54,547,0,0
1171936800,173.90,175.00,172.85,174.00,421,0,0
1172023200,173.35,173.95,172.55,172.64,210,0,0
1172109600,174.60,175.90,173.72,175.01,396,0,0
1172196000,175.02,175.17,173.68,174.35,232,0,0
1172455200,174.35,174.75,166.80,167.58,914,0,0
1172541600,167.25,167.25,159.40,163.04,1150,0,0
1172628000,163.80,163.80,158.28,159.25,650,0,0
1172714400,158.00,159.74,154.29,158.54,1037,0,0
1172800800,158.00,158.20,155.20,155.70,371,0,0
1173060000,154.52,155.54,152.19,152.51,470,0,0
1173146400,154.25,155.89,153.45,155.09,405,0,0
1173232800,154.91,157.45,154.65,155.80,472,0,0
1173319200,156.05,159.40,156.05,157.56,520,0,0
1173405600,158.18,159.59,157.40,158.62,395,0,0
1173664800,158.63,159.62,157.78,159.31,301,0,0
1173751200,159.31,159.49,153.18,153.36,668,0,0
1173837600,153.35,154.72,151.32,153.60,656,0,0
1173924000,152.73,157.03,152.73,155.92,542,0,0
1174010400,156.82,158.09,155.83,156.07,378,0,0
1174269600,156.07,158.52,156.07,158.31,267,0,0
1174356000,159.14,159.14,154.08,154.33,532,0,0
1174442400,154.41,158.78,154.41,158.43,473,0,0
1174528800,159.69,160.09,157.76,158.18,316,0,0
1174615200,159.01,160.39,158.50,160.36,244,0,0
1174878000,160.75,161.89,157.92,159.53,673,0,0
1174964400,159.65,159.70,158.10,158.57,213,0,0
1175050800,159.03,159.50,156.50,156.70,368,0,0
1175137200,157.25,158.00,154.52,156.01,573,0,0
1175223600,156.40,158.20,155.91,156.31,450,0,0
1175482800,156.17,156.47,153.72,154.10,344,0,0
1175569200,154.75,156.37,154.75,156.01,199,0,0
1175655600,156.01,156.56,155.52,155.78,186,0,0
1175742000,155.60,157.00,155.40,156.51,230,0,0
1176087600,156.26,157.27,155.18,155.37,330,0,0
1176174000,155.37,158.66,155.37,158.59,337,0,0
1176260400,158.25,158.26,156.14,157.03,303,0,0
1176346800,155.75,157.65,153.72,156.51,711,0,0
1176433200,156.87,158.04,156.27,157.86,256,0,0
1176692400,158.60,160.94,158.60,160.60,269,0,0
1176778800,161.00,162.49,160.55,161.59,330,0,0
1176865200,160.90,162.83,160.00,160.39,516,0,0
1176951600,158.00,158.00,153.18,156.46,811,0,0
1177038000,157.50,157.91,154.10,154.84,497,0,0
1177297200,155.09,155.98,152.11,152.69,535,0,0
1177383600,152.39,153.55,150.00,152.66,684,0,0
1177470000,153.50,153.59,150.86,152.82,479,0,0
1177556400,153.25,161.45,152.79,152.91,1699,0,0
1177642800,152.91,153.61,150.30,151.49,521,0,0
1177902000,151.49,151.56,149.48,149.70,238,0,0
1177988400,149.62,150.01,147.50,148.85,426,0,0
1178074800,148.28,150.80,147.88,148.65,548,0,0
1178161200,148.90,149.91,148.49,148.97,278,0,0
1178247600,149.04,149.74,148.42,148.92,253,0,0
1178506800,150.24,150.52,147.05,148.42,513,0,0
1178593200,147.84,148.35,146.61,147.32,297,0,0
1178679600,146.65,147.56,144.60,146.13,541,0,0
1178766000,145.25,146.89,145.00,145.65,339,0,0
1178852400,147.25,151.40,147.25,149.09,647,0,0
1179111600,148.90,149.30,145.66,146.71,510,0,0
1179198000,146.86,148.06,144.46,144.82,517,0,0
1179284400,145.38,146.10,143.69,144.70,415,0,0
1179370800,145.17,148.59,144.55,148.10,516,0,0
1179457200,148.40,149.09,147.80,148.20,239,0,0
1179716400,150.20,150.30,146.71,148.32,531,0,0
1179802800,148.32,149.08,147.10,147.38,303,0,0
1179889200,148.10,149.60,146.60,147.37,528,0,0
1179975600,147.36,148.20,145.30,146.28,473,0,0
1180062000,146.03,146.49,144.10,144.98,374,0,0
1180407600,147.00,147.72,145.00,146.41,486,0,0
1180494000,145.90,146.50,145.12,146.43,224,0,0
1180580400,152.29,154.47,150.00,153.54,770,0,0
1180666800,153.34,154.60,153.07,154.30,211,0,0
1180926000,152.40,153.30,151.53,152.93,302,0,0
1181012400,152.60,155.42,151.60,152.20,725,0,0
1181098800,151.20,152.80,151.07,151.24,343,0,0
1181185200,151.25,151.70,149.04,149.36,344,0,0
1181271600,149.36,152.21,148.10,152.02,557,0,0
1181530800,152.67,154.66,151.85,154.33,397,0,0
1181617200,153.50,158.00,153.50,155.30,721,0,0
1181703600,156.30,157.52,154.81,156.96,477,0,0
1181790000,157.02,158.53,156.83,157.22,321,0,0
1181876400,158.22,159.10,156.99,157.90,391,0,0
1182135600,158.00,160.60,157.31,160.28,431,0,0
1182222000,160.15,161.60,157.95,161.06,640,0,0
1182308400,161.61,162.62,157.61,157.87,629,0,0
1182394800,157.67,157.95,153.55,156.64,778,0,0
1182481200,156.81,159.60,153.29,155.51,1133,0,0
1182740400,155.41,157.49,153.93,154.53,625,0,0
1182826800,155.40,157.90,154.03,156.30,685,0,0
1182913200,155.99,159.59,155.42,159.50,484,0,0
1182999600,159.25,160.00,158.20,158.80,316,0,0
1183086000,158.90,159.50,155.30,156.59,610,0,0
1183345200,158.05,166.23,157.65,165.49,973,0,0
1183431600,165.50,167.10,164.57,165.75,482,0,0
1183604400,166.25,166.29,163.11,163.90,402,0,0
1183690800,164.50,165.75,163.70,165.65,296,0,0
1183950000,166.00,166.10,163.62,164.30,327,0,0
1184036400,164.32,164.42,162.02,163.85,434,0,0
1184122800,163.79,164.86,162.85,164.86,296,0,0
1184209200,165.50,166.48,164.47,165.30,383,0,0
1184295600,167.05,169.60,166.10,168.85,521,0,0
1184554800,168.80,169.44,166.32,167.07,452,0,0
1184641200,166.70,167.69,163.07,164.15,670,0,0
1184727600,165.00,176.00,164.98,174.30,1275,0,0
1184814000,178.65,179.97,172.12,174.91,1197,0,0
1184900400,173.52,174.10,168.86,171.51,848,0,0
1185159600,173.00,174.60,171.01,172.33,652,0,0
1185246000,171.00,171.00,164.62,166.86,863,0,0
1185332400,168.50,169.64,166.80,168.80,539,0,0
1185418800,166.85,166.98,161.50,165.40,952,0,0
1185505200,164.61,166.50,161.11,163.45,963,0,0
1185764400,162.50,165.87,159.61,164.40,1063,0,0
1185850800,165.50,167.05,159.21,159.50,969,0,0
1185937200,159.80,160.80,153.40,155.47,1048,0,0
1186023600,155.37,160.30,155.27,157.95,749,0,0
1186110000,157.95,158.25,149.91,151.00,974,0,0
1186369200,151.03,156.30,150.50,156.30,634,0,0
1186455600,155.00,159.10,154.20,158.07,674,0,0
1186542000,158.95,164.99,158.95,162.49,855,0,0
1186628400,158.95,163.90,151.40,156.43,2249,0,0
1186714800,153.00,162.67,150.05,158.00,2025,0,0
1186974000,160.57,168.75,152.10,152.78,2552,0,0
1187060400,154.50,155.70,144.56,146.91,1470,0,0
1187146800,142.66,150.64,142.66,145.30,1333,0,0
1187233200,144.75,154.30,139.20,153.28,2168,0,0
1187319600,158.00,163.01,156.80,161.25,918,0,0
1187578800,161.58,161.58,154.55,158.10,1059,0,0
1187665200,157.48,159.45,156.00,158.51,588,0,0
1187751600,160.50,163.44,158.10,160.40,1059,0,0
1187838000,160.65,162.00,158.90,159.87,543,0,0
1187924400,160.20,160.20,155.03,158.66,881,0,0
1188183600,158.50,160.20,157.00,157.32,523,0,0
1188270000,156.32,156.90,150.01,150.35,782,0,0
1188356400,151.25,154.83,149.58,154.73,703,0,0
1188442800,153.09,155.46,152.40,154.14,508,0,0
1188529200,156.88,157.10,154.30,155.10,383,0,0
1188874800,153.95,158.76,153.10,157.60,768,0,0
1188961200,156.25,157.60,154.20,156.74,632,0,0
1189047600,158.42,158.42,155.00,156.69,512,0,0
1189134000,154.75,155.02,151.91,152.59,407,0,0
1189393200,152.84,153.87,149.86,152.10,729,0,0
1189479600,152.30,158.22,152.30,157.58,657,0,0
1189566000,156.69,157.01,152.90,154.72,626,0,0
1189652400,155.50,158.69,154.50,158.68,521,0,0
1189738800,157.68,159.19,155.90,158.21,606,0,0
1189998000,158.80,159.70,157.59,158.00,343,0,0
1190084400,159.00,170.00,159.00,169.50,1151,0,0
1190170800,169.99,175.00,169.60,170.68,1012,0,0
1190257200,170.40,171.00,165.09,166.76,819,0,0
1190343600,167.10,171.10,167.00,170.08,523,0,0
1190602800,170.15,170.15,165.00,165.10,526,0,0
1190689200,165.42,168.88,164.16,168.88,599,0,0
1190775600,169.00,169.82,165.92,168.74,755,0,0
1190862000,168.77,172.58,168.70,172.58,396,0,0
1190948400,172.58,173.75,172.30,173.41,208,0,0
1191207600,174.05,176.22,173.16,175.76,442,0,0
1191294000,176.60,178.03,175.70,176.75,452,0,0
1191380400,176.21,180.08,175.50,178.80,658,0,0
1191466800,178.41,178.50,172.18,177.03,1127,0,0
1191553200,177.45,179.45,176.70,179.32,364,0,0
1191812400,179.32,180.10,178.10,179.22,391,0,0
1191898800,179.27,186.30,178.80,186.28,800,0,0
1191985200,186.28,186.40,183.20,185.32,545,0,0
1192071600,186.75,188.08,181.75,183.86,978,0,0
1192158000,183.80,185.13,182.30,184.00,547,0,0
1192417200,183.50,183.62,180.30,181.30,445,0,0
1192503600,182.00,184.60,180.69,184.19,564,0,0
1192590000,192.50,198.78,187.75,196.00,1857,0,0
1192676400,187.50,192.00,186.79,191.55,638,0,0
1192762800,191.25,193.55,185.61,186.72,1136,0,0
1193022000,186.00,190.91,184.30,189.84,939,0,0
1193108400,190.75,191.95,189.09,191.65,483,0,0
1193194800,191.20,191.43,184.21,189.23,1248,0,0
1193281200,192.50,197.93,192.08,195.15,906,0,0
1193367600,197.00,202.94,195.65,198.43,1316,0,0
1193623200,199.25,199.25,196.04,196.79,397,0,0
1193709600,196.55,199.20,196.04,197.67,521,0,0
1193796000,198.00,207.32,197.68,206.95,1034,0,0
1193882400,205.00,205.29,198.71,200.45,862,0,0
1193968800,201.85,202.22,194.42,199.30,1306,0,0
1194228000,198.90,198.90,194.30,195.50,581,0,0
1194314400,196.50,197.17,191.75,196.80,1055,0,0
1194400800,193.13,195.99,191.48,192.25,815,0,0
1194487200,192.00,194.24,185.87,190.90,1565,0,0
1194573600,186.81,194.30,185.71,191.20,1280,0,0
1194832800,193.23,196.00,188.44,188.97,1087,0,0
1194919200,189.37,196.08,189.37,195.67,713,0,0
1195005600,196.38,198.60,194.25,196.20,853,0,0
1195092000,196.01,197.34,194.61,196.50,498,0,0
1195178400,197.50,197.50,189.28,192.24,1119,0,0
1195437600,189.02,190.33,183.40,184.35,920,0,0
1195524000,185.50,191.29,182.67,187.75,1500,0,0
1195610400,186.70,190.41,182.10,187.40,1593,0,0
1195783200,190.49,191.70,188.96,190.60,538,0,0
1196042400,190.50,191.29,186.80,186.90,539,0,0
1196128800,188.12,192.31,186.25,192.00,825,0,0
1196215200,193.24,201.49,193.24,200.44,931,0,0
1196301600,200.00,200.64,196.56,197.63,580,0,0
1196388000,201.70,202.83,197.54,198.37,726,0,0
1196647200,201.84,203.81,197.21,203.46,1159,0,0
1196733600,203.00,204.88,201.65,203.23,624,0,0
1196820000,209.33,209.33,199.36,202.00,1262,0,0
1196906400,203.00,213.05,202.25,212.95,1166,0,0
1196992800,214.35,216.35,211.64,213.16,824,0,0
1197252000,215.03,224.54,214.55,221.05,1397,0,0
1197338400,223.61,223.61,212.16,213.75,1305,0,0
1197424800,219.99,219.99,205.00,208.00,1800,0,0
1197511200,205.01,208.97,202.53,208.97,893,0,0
1197597600,208.00,210.40,205.87,208.95,812,0,0
1197856800,209.49,209.49,203.24,203.24,626,0,0
1197943200,206.80,207.80,201.47,204.30,1017,0,0
1198029600,201.26,208.59,201.26,206.40,953,0,0
1198116000,207.09,207.94,203.37,205.16,722,0,0
1198202400,208.94,217.97,208.71,216.15,1132,0,0
1198461600,217.98,220.24,217.05,219.48,489,0,0
1198634400,218.89,223.20,214.76,222.03,1375,0,0
1198720800,218.25,221.18,216.69,218.28,896,0,0
1198807200,216.00,220.67,215.60,219.35,680,0,0
1199066400,219.70,219.70,213.81,216.80,889,0,0
1199239200,216.80,217.39,212.74,215.31,782,0,0
1199325600,217.83,227.10,217.83,225.80,1058,0,0
1199412000,227.49,227.49,208.58,210.98,2132,0,0
1199671200,214.34,214.34,204.77,206.70,1151,0,0
1199757600,209.53,210.58,201.13,201.13,1051,0,0
1199844000,202.60,204.76,196.50,199.78,1371,0,0
1199930400,199.30,211.96,195.37,208.83,2366,0,0
1200016800,207.00,207.81,201.59,204.06,951,0,0
1200276000,206.01,208.95,205.71,208.40,410,0,0
1200362400,210.33,210.33,201.89,202.36,892,0,0
1200448800,200.11,204.96,193.32,203.70,1970,0,0
1200535200,214.76,217.98,202.74,204.95,2068,0,0
1200621600,205.11,208.21,199.01,201.50,1480,0,0
1200967200,195.00,207.62,190.00,203.00,2725,0,0
1201053600,200.69,212.92,193.59,208.01,3135,0,0
1201140000,213.27,219.32,210.40,213.50,1762,0,0
1201226400,215.35,218.03,207.53,208.05,1371,0,0
1201485600,208.05,211.77,204.75,210.30,1180,0,0
1201572000,212.80,219.72,212.10,219.45,860,0,0
1201658400,210.22,231.99,210.22,216.00,3777,0,0
1201744800,209.76,221.10,209.76,220.40,1205,0,0
1201831200,223.23,223.23,215.79,220.55,1221,0,0
1202090400,217.48,220.36,215.41,219.80,759,0,0
1202176800,216.50,217.85,209.61,209.65,964,0,0
1202263200,208.62,213.17,203.45,204.57,1540,0,0
1202349600,205.17,207.24,203.52,204.70,698,0,0
1202436000,205.60,208.89,203.68,204.90,973,0,0
1202695200,206.00,206.00,200.40,202.15,736,0,0
1202781600,202.00,208.17,202.00,206.65,770,0,0
1202868000,207.38,208.91,203.62,205.98,919,0,0
1202954400,206.79,209.06,198.07,198.63,1383,0,0
1203040800,197.50,197.51,191.89,195.78,953,0,0
1203386400,198.50,199.23,180.17,188.36,2799,0,0
1203472800,184.50,193.45,180.83,190.84,1891,0,0
1203559200,190.00,193.23,187.38,188.03,974,0,0
1203645600,187.96,188.71,179.28,185.58,1649,0,0
1203904800,184.69,194.67,183.24,193.52,1404,0,0
1203991200,189.00,200.99,189.00,197.85,1514,0,0
1204077600,195.40,204.70,194.90,201.30,1371,0,0
1204164000,202.10,203.11,196.43,197.20,847,0,0
1204250400,197.14,197.14,192.30,193.25,580,0,0
1204509600,191.50,192.57,183.72,192.12,1709,0,0
1204596000,190.50,199.64,190.50,198.95,984,0,0
1204682400,199.90,205.18,196.98,202.43,1388,0,0
1204768800,199.75,199.75,184.00,184.99,1675,0,0
1204855200,184.77,190.65,180.83,183.56,1844,0,0
1205114400,182.56,185.42,176.94,177.60,1201,0,0
1205200800,183.00,188.16,180.50,188.16,1017,0,0
1205287200,189.00,193.33,182.85,183.48,1545,0,0
1205373600,179.60,188.70,175.55,186.47,1944,0,0
1205460000,190.04,190.04,177.24,178.99,1456,0,0
1205719200,173.50,179.40,165.72,177.15,2372,0,0
1205805600,181.25,187.12,175.06,186.86,1852,0,0
1205892000,195.00,198.50,189.28,190.03,1348,0,0
1205978400,189.98,207.37,186.14,206.10,2635,0,0
1206324000,200.28,231.92,195.80,224.53,4800,0,0
1206410400,222.11,230.95,220.20,226.72,1690,0,0
1206496800,225.70,227.00,219.51,221.10,1039,0,0
1206583200,211.62,214.90,202.00,202.52,1671,0,0
1206669600,200.01,209.00,199.40,199.40,1860,0,0
1206932400,199.25,208.19,197.56,204.18,1634,0,0
1207018800,208.00,221.09,208.00,220.46,1373,0,0
1207105200,220.49,221.47,212.85,218.90,1566,0,0
1207191600,217.75,225.39,213.54,223.28,1818,0,0
1207278000,221.75,225.23,217.17,219.98,1436,0,0
1207537200,226.00,227.18,219.72,219.72,865,0,0
1207623600,220.03,226.33,217.86,222.23,1475,0,0
1207710000,222.05,223.29,215.00,219.26,1380,0,0
1207796400,218.88,223.79,217.76,220.39,1056,0,0
1207882800,208.02,214.79,206.10,207.50,1687,0,0
1208142000,207.00,207.95,201.26,202.85,924,0,0
1208228400,205.20,206.38,197.99,205.19,1678,0,0
1208314800,202.01,208.25,200.96,205.40,1120,0,0
1208401200,201.75,202.72,197.71,202.00,978,0,0
1208487600,206.96,210.43,203.31,204.35,1164,0,0
1208746800,200.08,204.77,199.64,201.86,849,0,0
1208833200,199.87,200.72,191.72,194.57,1271,0,0
1208919600,193.50,195.70,190.80,193.55,976,0,0
1209006000,191.80,203.21,191.80,202.50,1213,0,0
1209092400,204.40,206.69,198.24,203.34,1585,0,0
1209351600,202.60,204.69,199.50,202.67,1032,0,0
1209438000,202.00,202.90,198.45,200.80,771,0,0
1209524400,204.50,205.72,200.91,201.79,692,0,0
1209610800,200.25,212.54,200.25,211.94,1290,0,0
1209697200,214.00,217.58,211.20,216.25,1052,0,0
1209956400,212.51,220.00,212.47,215.40,1218,0,0
1210042800,216.50,220.14,210.78,218.95,1628,0,0
1210129200,220.46,220.46,211.20,212.15,1022,0,0
1210215600,214.48,214.90,210.00,214.43,976,0,0
1210302000,213.98,216.76,209.60,212.00,1235,0,0
1210561200,214.21,219.10,213.00,215.85,1057,0,0
1210647600,217.73,217.74,211.64,214.75,923,0,0
1210734000,213.95,217.22,212.67,213.22,838,0,0
1210820400,213.22,219.33,211.85,219.10,909,0,0
1210906800,219.14,219.14,213.52,216.40,851,0,0
1211166000,217.00,219.93,211.81,213.25,1250,0,0
1211252400,211.40,211.40,204.28,206.65,950,0,0
1211338800,207.00,207.25,199.63,200.78,903,0,0
1211425200,199.40,204.89,198.61,203.36,861,0,0
1211511600,203.75,212.06,203.75,208.51,1187,0,0
1211857200,208.95,214.70,208.16,214.61,743,0,0
1211943600,216.00,216.15,210.98,215.40,975,0,0
1212030000,214.65,224.50,214.02,221.50,1412,0,0
1212116400,223.00,227.51,222.76,224.99,752,0,0
1212375600,223.80,223.80,216.25,220.13,1144,0,0
1212462000,219.23,220.41,213.72,217.35,1151,0,0
1212548400,216.99,219.33,215.06,216.03,759,0,0
1212634800,217.50,223.52,217.50,223.52,603,0,0
1212721200,220.73,220.82,213.51,213.51,741,0,0
1212980400,213.54,217.54,210.04,213.90,1465,0,0
1213066800,213.53,215.48,209.93,211.99,957,0,0
1213153200,211.28,211.30,202.80,203.00,873,0,0
1213239600,204.00,208.21,200.72,202.95,1394,0,0
1213326000,205.50,210.25,202.97,210.25,982,0,0
1213585200,208.78,211.85,205.01,208.69,1360,0,0
1213671600,210.25,212.78,203.51,204.60,1290,0,0
1213758000,202.75,208.66,202.01,204.96,1110,0,0
1213844400,204.50,206.55,199.76,206.03,1206,0,0
1213930800,204.20,204.74,194.07,197.00,1415,0,0
1214190000,204.63,206.10,197.36,199.56,1242,0,0
1214276400,202.69,202.69,191.69,194.12,1344,0,0
1214362800,193.55,196.43,188.25,189.55,1237,0,0
1214449200,186.00,186.55,180.32,180.70,717,0,0
1214535600,182.55,183.26,176.61,177.60,836,0,0
1214794800,182.07,182.07,171.86,177.00,1536,0,0
1214881200,173.74,178.69,170.31,176.03,1448,0,0
1214967600,177.99,180.00,166.82,168.10,1648,0,0
1215054000,169.40,169.98,165.00,169.57,980,0,0
1215399600,169.99,171.82,162.25,164.21,1337,0,0
1215486000,162.41,174.05,161.35,174.05,1377,0,0
1215572400,174.06,175.51,166.01,166.68,1163,0,0
1215658800,168.25,178.01,166.20,172.95,1893,0,0
1215745200,169.43,176.91,167.70,174.71,1315,0,0
1216004400,176.38,179.00,166.31,166.63,1564,0,0
1216090800,165.25,169.22,156.20,164.18,2498,0,0
1216177200,164.40,179.84,162.25,178.95,2064,0,0
1216263600,191.99,215.63,185.40,208.26,4420,0,0
1216350000,207.90,222.88,204.49,218.00,2669,0,0
1216609200,217.06,222.99,210.31,213.20,2151,0,0
1216695600,212.00,220.92,204.05,220.92,2483,0,0
1216782000,217.14,224.63,215.16,222.57,1352,0,0
1216868400,223.91,223.91,210.88,212.00,1416,0,0
1216954800,212.25,220.08,209.44,218.30,1524,0,0
1217214000,217.43,221.09,209.07,209.45,1607,0,0
1217300400,211.75,221.20,210.01,221.20,1294,0,0
1217386800,221.95,226.50,213.32,221.50,2592,0,0
1217473200,217.99,221.23,216.05,216.71,909,0,0
1217559600,217.50,220.94,211.74,219.32,1659,0,0
1217818800,217.88,220.60,214.50,217.40,1173,0,0
1217905200,217.10,228.25,217.10,228.25,1116,0,0
1217991600,228.00,228.11,221.68,223.60,847,0,0
1218078000,222.24,223.12,214.75,217.19,1170,0,0
1218164400,216.32,225.96,215.26,222.58,1515,0,0
1218423600,222.00,231.36,218.89,230.75,1620,0,0
1218510000,229.50,233.90,222.28,224.57,1832,0,0
1218596400,224.60,225.35,218.95,220.15,836,0,0
1218682800,218.01,222.90,213.92,217.50,1746,0,0
1218769200,218.83,222.23,214.25,216.70,1384,0,0
1219028400,216.70,217.39,210.23,210.30,793,0,0
1219114800,207.50,210.00,204.40,208.20,1051,0,0
1219201200,207.40,212.42,205.20,210.60,1125,0,0
1219287600,205.37,212.26,205.37,211.45,771,0,0
1219374000,212.40,213.97,208.88,213.30,929,0,0
1219633200,212.50,212.50,206.62,206.62,589,0,0
1219719600,207.13,208.66,203.63,207.70,950,0,0
1219806000,207.50,213.94,205.74,212.95,1096,0,0
1219892400,212.10,218.75,211.29,218.75,828,0,0
1219978800,217.25,219.36,216.16,217.25,641,0,0
1220324400,220.99,227.10,217.78,219.70,1736,0,0
1220410800,219.70,223.19,214.66,221.55,1522,0,0
1220497200,219.30,220.43,210.52,210.91,1144,0,0
1220583600,209.99,212.84,202.89,211.55,1835,0,0
1220842800,223.00,225.67,211.40,223.72,2783,0,0
1220929200,221.50,223.57,210.80,210.80,1485,0,0
1221015600,212.35,221.00,207.07,216.40,2382,0,0
1221102000,210.00,221.37,208.11,220.80,1573,0,0
1221188400,218.50,218.80,200.75,203.00,2061,0,0
1221447600,201.00,218.90,200.45,201.00,3691,0,0
1221534000,191.77,212.08,191.77,212.08,2032,0,0
1221620400,193.74,208.65,180.63,188.00,5031,0,0
1221706800,194.47,215.00,169.23,207.83,7819,0,0
1221793200,225.33,249.37,197.73,210.00,8796,0,0
1222052400,210.00,210.00,188.75,188.75,2126,0,0
1222138800,193.11,199.47,185.00,185.05,2089,0,0
1222225200,189.63,198.61,186.07,196.91,1781,0,0
1222311600,204.40,210.59,191.10,191.36,2595,0,0
1222398000,189.50,202.58,182.47,201.01,2872,0,0
1222657200,198.00,199.46,183.60,191.00,2473,0,0
1222743600,196.00,204.95,190.05,194.50,2831,0,0
1222830000,191.00,191.03,176.69,180.33,1802,0,0
1222916400,180.00,180.00,166.88,172.05,1830,0,0
1223002800,175.05,195.00,175.05,182.50,3246,0,0
1223262000,174.02,179.73,168.40,172.00,2065,0,0
1223348400,178.00,186.21,171.25,171.25,2318,0,0
1223434800,167.00,180.54,164.26,167.00,3257,0,0
1223521200,174.05,174.05,150.00,153.55,2761,0,0
1223607600,148.00,163.09,132.22,159.00,5075,0,0
1223866800,170.40,180.00,162.60,179.84,2537,0,0
1223953200,186.00,187.97,163.37,169.22,3243,0,0
1224039600,162.01,167.79,142.95,142.95,3063,0,0
1224126000,145.74,148.42,132.03,146.37,3216,0,0
1224212400,142.23,151.80,141.00,148.72,1512,0,0
1224471600,152.11,152.90,137.14,143.22,2264,0,0
1224558000,137.50,137.50,126.26,130.20,1519,0,0
1224644400,124.17,130.18,112.53,119.87,3101,0,0
1224730800,120.49,126.13,106.65,112.88,3136,0,0
1224817200,99.39,121.20,99.39,116.50,2652,0,0
1225072800,112.25,116.36,107.05,107.05,1343,0,0
1225159200,114.25,127.99,108.42,127.99,2541,0,0
1225245600,128.48,138.87,121.00,131.31,3292,0,0
1225332000,137.59,137.59,126.78,129.77,1381,0,0
1225418400,129.95,133.27,127.35,131.34,1046,0,0
1225677600,128.90,138.40,127.00,137.69,1402,0,0
1225764000,139.94,147.91,138.24,144.05,1524,0,0
1225850400,141.00,142.81,136.00,136.57,920,0,0
1225936800,135.09,138.78,123.03,123.65,2007,0,0
1226023200,124.89,129.20,120.42,125.59,1687,0,0
1226282400,128.70,129.63,114.90,115.55,1632,0,0
1226368800,110.05,117.66,106.47,115.00,1744,0,0
1226455200,109.91,114.25,105.41,106.46,1424,0,0
1226541600,107.49,119.00,105.42,118.69,1597,0,0
1226628000,116.20,119.35,110.01,110.12,1261,0,0
1226887200,108.93,113.67,104.73,106.40,1536,0,0
1226973600,105.00,108.40,103.02,106.24,953,0,0
1227060000,105.10,106.12,98.64,98.88,875,0,0
1227146400,95.98,109.02,95.98,99.72,2235,0,0
1227232800,101.89,109.26,94.78,108.90,2196,0,0
1227492000,111.98,117.45,106.82,116.13,1712,0,0
1227578400,119.87,120.89,112.41,117.43,1453,0,0
1227664800,114.75,125.61,114.32,124.73,1261,0,0
1227837600,123.50,125.75,122.75,125.71,380,0,0
1228096800,120.60,121.49,106.81,107.06,1583,0,0
1228183200,108.55,113.56,104.80,113.36,1272,0,0
1228269600,109.00,121.85,108.40,121.80,1411,0,0
1228356000,119.15,122.90,114.06,115.74,1428,0,0
1228442400,114.31,128.53,113.00,128.31,1707,0,0
1228701600,129.97,138.77,129.30,138.13,1079,0,0
1228788000,133.60,137.29,130.92,133.12,1227,0,0
1228874400,132.52,135.36,129.58,132.72,1137,0,0
1228960800,130.84,134.55,118.08,118.66,2077,0,0
1229047200,114.08,121.18,114.08,120.16,813,0,0
1229306400,118.80,119.51,113.83,115.80,837,0,0
1229392800,117.67,129.22,117.67,129.22,1156,0,0
1229479200,126.22,131.63,123.00,130.34,1315,0,0
1229565600,133.43,135.63,125.43,127.21,1419,0,0
1229652000,128.50,136.74,126.85,136.41,1188,0,0
1229911200,136.00,136.32,130.54,133.29,886,0,0
1229997600,134.32,134.32,127.65,128.93,796,0,0
1230084000,127.95,129.74,126.59,128.25,601,0,0
1230256800,128.75,128.75,124.13,126.40,690,0,0
1230516000,125.82,125.82,120.88,124.20,827,0,0
1230602400,125.75,129.69,123.21,129.68,904,0,0
1230688800,130.05,135.07,129.05,134.15,795,0,0
1230861600,133.00,140.00,129.21,139.12,1547,0,0
1231120800,138.00,143.32,137.46,138.78,1095,0,0
1231207200,140.00,142.00,137.98,139.84,789,0,0
1231293600,138.99,139.00,129.98,130.79,985,0,0
1231380000,130.10,134.16,126.58,133.13,1214,0,0
1231466400,134.00,134.00,126.47,127.30,837,0,0
1231725600,127.02,127.64,121.60,123.53,860,0,0
1231812000,123.15,128.89,122.41,126.99,913,0,0
1231898400,123.97,124.13,118.28,119.60,734,0,0
1231984800,118.95,120.80,112.49,116.67,1435,0,0
1232071200,119.00,120.27,113.32,117.16,1207,0,0
1232416800,113.92,114.32,102.75,103.44,1267,0,0
1232503200,98.25,109.35,96.19,108.50,1608,0,0
1232589600,104.59,109.23,99.92,107.27,1595,0,0
1232676000,103.20,112.74,103.08,111.85,1068,0,0
1232935200,114.20,115.44,105.67,107.05,1240,0,0
1233021600,108.14,109.32,103.15,108.39,1210,0,0
1233108000,110.73,120.09,110.73,119.50,996,0,0
1233194400,116.00,117.92,107.84,108.33,1250,0,0
1233280800,109.00,110.87,106.90,108.80,775,0,0
1233540000,106.64,111.88,105.53,110.46,889,0,0
1233626400,111.17,112.36,106.92,109.26,898,0,0
1233712800,107.42,115.74,106.25,113.81,1260,0,0
1233799200,111.00,118.27,110.97,116.28,933,0,0
1233885600,115.60,123.27,115.55,122.49,856,0,0
1234144800,121.47,121.63,117.79,118.82,504,0,0
1234231200,117.03,121.19,112.93,113.95,1345,0,0
1234317600,111.50,115.99,110.72,114.06,799,0,0
1234404000,112.72,114.56,109.09,113.98,969,0,0
1234490400,112.98,114.52,110.63,111.61,642,0,0
1234836000,109.80,109.80,105.01,105.40,519,0,0
1234922400,109.30,109.30,102.91,106.55,1004,0,0
1235008800,103.90,108.68,102.28,102.94,1185,0,0
1235095200,100.26,105.15,98.63,103.07,1024,0,0
1235354400,104.20,104.61,97.00,97.87,890,0,0
1235440800,99.90,107.64,98.30,107.05,1154,0,0
1235527200,106.05,108.54,101.61,105.57,1339,0,0
1235613600,107.26,109.21,100.00,100.74,1191,0,0
1235700000,99.38,102.38,96.60,96.81,900,0,0
1235959200,95.80,97.90,91.57,92.32,919,0,0
1236045600,94.37,95.22,89.81,90.57,703,0,0
1236132000,92.94,99.16,91.60,96.34,1173,0,0
1236218400,92.48,96.23,90.29,91.42,1083,0,0
1236304800,95.02,95.02,88.91,92.40,961,0,0
1236564000,90.50,93.63,89.50,90.90,787,0,0
1236650400,92.82,100.52,92.25,100.50,887,0,0
1236736800,100.98,106.50,99.02,105.31,1064,0,0
1236823200,105.00,111.70,102.80,111.20,1161,0,0
1236909600,109.26,111.25,105.55,108.00,1015,0,0
1237168800,108.90,110.40,103.45,103.90,891,0,0
1237255200,104.32,109.69,102.73,109.69,856,0,0
1237341600,107.50,122.46,106.64,121.99,1716,0,0
1237428000,120.58,121.99,113.36,113.79,1048,0,0
1237514400,114.71,116.54,112.77,113.96,680,0,0
1237773600,117.81,134.07,115.92,133.96,2016,0,0
1237860000,128.90,139.00,128.14,128.44,2127,0,0
1237946400,130.05,134.43,125.38,132.55,1561,0,0
1238032800,132.55,136.83,127.67,136.69,1419,0,0
1238119200,133.75,133.75,127.18,127.49,689,0,0
1238382000,123.54,129.45,123.38,124.89,1080,0,0
1238468400,126.50,130.90,123.43,130.04,1141,0,0
1238554800,128.86,132.41,128.20,130.69,660,0,0
1238641200,133.00,138.86,130.82,136.41,1268,0,0
1238727600,134.88,138.16,134.23,138.00,475,0,0
1238986800,135.45,138.51,133.31,136.37,949,0,0
1239073200,132.80,134.47,128.03,128.58,867,0,0
1239159600,128.61,131.86,125.69,129.02,1194,0,0
1239246000,135.50,138.83,132.00,138.04,1113,0,0
1239591600,135.76,140.96,134.45,139.37,942,0,0
1239678000,138.37,139.37,131.93,132.19,871,0,0
1239764400,131.64,139.41,129.99,139.00,1149,0,0
1239850800,137.20,142.50,132.49,136.60,1943,0,0
1239937200,131.18,137.80,129.69,135.92,1149,0,0
1240196400,134.95,134.95,123.39,123.59,1177,0,0
1240282800,120.00,138.89,119.12,138.79,2076,0,0
1240369200,136.50,142.50,133.87,136.18,1695,0,0
1240455600,139.43,148.05,136.44,147.72,1494,0,0
1240542000,145.39,152.72,143.06,151.16,1356,0,0
1240801200,149.99,153.26,148.02,149.46,996,0,0
1240887600,148.79,149.47,146.54,146.84,392,0,0
1240974000,150.60,151.93,147.59,151.03,826,0,0
1241060400,151.00,152.97,146.46,146.52,855,0,0
1241146800,147.75,149.43,144.50,148.42,920,0,0
1241406000,150.18,158.25,150.15,157.99,840,0,0
1241492400,156.25,160.60,155.54,157.69,869,0,0
1241578800,158.00,160.38,153.51,155.64,1139,0,0
1241665200,158.60,158.61,143.66,144.48,1579,0,0
1241751600,148.13,149.48,143.01,148.35,1273,0,0
1242010800,145.30,147.33,141.74,142.05,794,0,0
1242097200,142.05,146.49,139.15,143.03,1371,0,0
1242183600,140.60,142.67,137.74,138.06,733,0,0
1242270000,138.53,142.20,137.23,140.03,845,0,0
1242356400,140.02,144.25,136.82,140.81,1408,0,0
1242615600,143.25,145.03,140.25,144.31,851,0,0
1242702000,145.52,145.52,138.64,139.68,793,0,0
1242788400,141.79,143.08,136.48,137.16,858,0,0
1242874800,135.38,141.89,134.50,141.75,842,0,0
1242961200,143.15,149.25,141.48,147.72,1098,0,0
1243306800,145.69,154.93,145.33,154.93,997,0,0
1243393200,154.96,157.00,148.50,149.11,1116,0,0
1243479600,149.43,153.90,148.84,153.33,623,0,0
1243566000,153.97,159.50,151.34,159.50,1080,0,0
1243825200,162.92,165.75,157.98,164.99,1348,0,0
1243911600,165.84,168.31,163.08,167.45,886,0,0
1243998000,166.23,167.73,162.37,164.53,903,0,0
1244084400,165.25,166.70,162.36,165.15,859,0,0
1244170800,167.82,169.75,163.20,163.74,903,0,0
1244430000,169.00,170.56,164.70,169.36,1137,0,0
1244516400,172.95,183.80,169.41,182.14,1960,0,0
1244602800,180.00,182.51,176.57,178.52,1041,0,0
1244689200,180.20,183.76,178.55,182.60,803,0,0
1244775600,179.60,180.00,170.21,176.56,1655,0,0
1245034800,172.85,174.62,166.15,169.64,1374,0,0
1245121200,170.24,172.50,168.32,169.45,758,0,0
1245207600,170.10,172.54,165.74,167.25,1076,0,0
1245294000,168.25,172.81,167.55,170.36,842,0,0
1245380400,172.53,175.49,171.43,174.96,570,0,0
1245639600,173.43,174.50,167.26,167.29,835,0,0
1245726000,168.10,170.89,167.46,167.81,658,0,0
1245812400,167.65,174.87,167.65,173.47,863,0,0
1245898800,173.73,177.92,172.40,175.30,948,0,0
1245985200,176.70,177.98,175.45,177.88,389,0,0
1246244400,176.50,177.95,175.10,175.95,516,0,0
1246330800,177.90,177.90,173.65,175.42,603,0,0
1246417200,176.10,176.22,172.52,172.85,416,0,0
1246503600,172.05,172.05,167.65,167.65,441,0,0
1246849200,167.75,168.28,164.75,166.23,555,0,0
1246935600,167.92,167.92,162.07,162.17,596,0,0
1247022000,165.25,165.25,159.45,161.39,775,0,0
1247108400,160.56,167.38,160.55,166.29,794,0,0
1247194800,166.50,167.37,164.00,166.16,641,0,0
1247454000,168.63,172.12,165.56,172.10,966,0,0
1247540400,172.52,173.19,169.50,172.71,720,0,0
1247626800,174.45,180.32,173.19,180.07,865,0,0
1247713200,179.99,180.15,175.47,179.12,850,0,0
1247799600,177.69,180.09,177.69,179.79,271,0,0
1248058800,181.49,185.30,180.07,184.82,714,0,0
1248145200,181.52,184.93,178.40,184.14,1045,0,0
1248231600,181.15,185.83,179.48,185.51,835,0,0
1248318000,186.00,199.63,185.68,197.90,1601,0,0
1248404400,196.35,197.83,189.65,192.18,1220,0,0
1248663600,191.31,193.50,189.37,190.00,696,0,0
1248750000,189.49,192.81,187.63,190.16,970,0,0
1248836400,189.00,190.50,188.39,189.24,399,0,0
1248922800,189.80,195.37,189.80,191.36,959,0,0
1249009200,192.74,192.74,189.25,190.54,479,0,0
1249268400,192.10,195.62,192.10,195.62,353,0,0
1249354800,194.37,198.99,192.87,198.60,802,0,0
1249441200,197.77,201.27,196.59,200.63,651,0,0
1249527600,200.37,203.59,196.20,197.89,1231,0,0
1249614000,198.28,203.45,198.05,202.46,663,0,0
1249873200,203.50,203.50,197.00,198.77,828,0,0
1249959600,198.77,200.37,195.60,198.76,954,0,0
1250046000,198.50,203.98,198.04,201.08,931,0,0
1250132400,201.61,203.79,197.44,198.59,969,0,0
1250218800,199.85,200.95,196.60,197.77,663,0,0
1250478000,192.73,196.79,188.50,188.96,1282,0,0
1250564400,191.42,197.31,189.35,196.17,1118,0,0
1250650800,193.33,197.82,193.05,196.64,624,0,0
1250737200,195.58,207.00,195.58,206.23,1220,0,0
1250823600,208.58,210.02,206.27,207.50,643,0,0
1251082800,209.50,210.53,204.10,204.80,817,0,0
1251169200,203.60,204.42,200.68,202.36,625,0,0
1251255600,201.99,204.52,198.82,199.20,862,0,0
1251342000,199.30,200.66,196.36,200.25,766,0,0
1251428400,200.96,203.78,200.15,201.55,668,0,0
1251687600,197.30,200.01,196.82,199.57,412,0,0
1251774000,199.80,202.86,193.45,194.12,1315,0,0
1251860400,191.94,195.32,191.68,192.38,685,0,0
1251946800,193.10,197.14,193.10,197.14,405,0,0
1252033200,197.14,197.95,194.16,195.45,590,0,0
1252378800,198.84,199.73,197.10,199.36,475,0,0
1252465200,199.36,202.73,198.46,202.01,590,0,0
1252551600,201.84,202.60,199.25,201.68,655,0,0
1252638000,202.22,203.00,200.06,201.77,544,0,0
1252897200,199.41,201.29,197.61,201.23,555,0,0
1252983600,201.23,202.31,199.57,200.67,493,0,0
1253070000,202.95,207.00,201.78,206.96,644,0,0
1253156400,204.01,207.65,202.29,202.43,915,0,0
1253242800,202.32,207.28,202.32,207.19,506,0,0
1253502000,205.82,207.00,203.67,204.32,517,0,0
1253588400,205.55,208.74,205.55,208.20,374,0,0
1253674800,213.66,220.17,210.50,211.03,1672,0,0
1253761200,212.19,214.04,203.81,206.25,1453,0,0
1253847600,206.27,206.27,203.00,203.75,403,0,0
1254106800,205.39,213.92,205.25,213.92,882,0,0
1254193200,213.94,216.66,213.27,214.12,661,0,0
1254279600,216.35,218.61,212.64,216.82,1148,0,0
1254366000,214.87,217.69,208.73,208.80,1186,0,0
1254452400,207.24,212.03,206.00,206.93,1176,0,0
1254711600,208.35,213.26,207.01,213.10,776,0,0
1254798000,215.98,219.06,210.30,213.11,1466,0,0
1254884400,214.01,214.39,210.58,213.50,712,0,0
1254970800,214.90,217.25,213.21,213.86,705,0,0
1255057200,214.50,217.19,213.52,216.55,530,0,0
1255316400,216.47,218.50,216.07,217.73,361,0,0
1255402800,216.84,216.90,212.65,213.79,546,0,0
1255489200,216.50,227.00,216.15,226.06,1215,0,0
1255575600,224.84,227.86,223.60,226.16,721,0,0
1255662000,224.50,227.12,222.77,225.55,766,0,0
1255921200,229.60,233.91,228.47,230.43,1006,0,0
1256007600,235.80,240.00,233.65,236.60,1191,0,0
1256094000,234.25,237.77,233.04,233.81,903,0,0
1256180400,233.41,235.21,229.16,233.80,1172,0,0
1256266800,233.78,235.13,230.26,231.20,717,0,0
1256522400,233.07,233.52,226.84,227.99,829,0,0
1256608800,226.31,227.95,221.08,221.90,934,0,0
1256695200,222.63,227.76,220.00,221.62,1452,0,0
1256781600,223.72,225.76,222.15,225.26,569,0,0
1256868000,224.41,224.41,214.55,216.49,1181,0,0
1257127200,217.02,221.77,216.11,220.71,764,0,0
1257213600,218.60,221.32,216.12,221.03,798,0,0
1257300000,222.02,224.58,219.69,220.35,812,0,0
1257386400,220.73,226.67,220.65,226.61,617,0,0
1257472800,225.38,229.62,224.58,227.51,796,0,0
1257732000,228.56,237.60,228.20,235.50,1187,0,0
1257818400,236.05,236.69,231.79,232.08,584,0,0
1257904800,231.96,235.33,231.65,233.26,607,0,0
1257991200,231.90,234.17,230.22,231.25,726,0,0
1258077600,231.31,233.78,229.56,233.10,666,0,0
1258336800,233.98,240.19,233.98,238.95,746,0,0
1258423200,238.99,240.50,236.58,239.01,783,0,0
1258509600,239.70,239.70,233.10,235.80,931,0,0
1258596000,234.65,235.63,228.89,231.12,996,0,0
1258682400,229.00,229.81,225.36,225.66,557,0,0
1258941600,227.34,230.51,226.12,228.39,774,0,0
1259028000,228.04,229.64,225.29,229.19,756,0,0
1259114400,227.75,231.43,227.75,230.35,477,0,0
1259287200,221.02,225.99,220.94,221.19,994,0,0
1259546400,223.44,227.19,222.22,227.08,631,0,0
1259632800,227.96,229.88,224.90,226.74,875,0,0
1259719200,227.00,229.25,226.26,227.71,528,0,0
1259805600,227.48,228.51,224.23,225.00,609,0,0
1259892000,229.01,229.01,216.30,223.49,1991,0,0
1260151200,222.65,225.91,220.00,221.53,1071,0,0
1260237600,220.00,225.62,219.50,223.87,838,0,0
1260324000,224.49,227.49,222.05,227.00,838,0,0
1260410400,226.63,230.00,226.63,227.53,585,0,0
1260496800,227.54,228.32,225.23,226.01,466,0,0
1260756000,226.10,228.19,224.23,226.17,786,0,0
1260842400,226.76,227.49,223.72,226.92,739,0,0
1260928800,228.50,235.58,228.50,234.55,812,0,0
1261015200,232.75,236.98,231.81,234.90,820,0,0
1261101600,235.31,239.67,234.47,238.81,691,0,0
1261360800,239.40,240.87,237.97,240.80,441,0,0
1261447200,240.68,241.42,238.39,239.35,474,0,0
1261533600,239.35,240.35,237.86,238.68,432,0,0
1261620000,238.13,240.43,238.13,239.65,309,0,0
1261965600,240.00,240.00,237.71,239.37,396,0,0
1262052000,239.70,241.66,238.72,238.90,509,0,0
1262138400,239.69,239.78,236.97,237.27,321,0,0
1262224800,237.99,238.04,232.20,232.20,590,0,0
1262570400,236.05,239.60,233.52,238.58,964,0,0
1262656800,239.05,239.67,236.76,239.61,527,0,0
1262743200,238.51,238.65,234.06,234.67,535,0,0
1262829600,234.66,237.70,234.00,237.25,482,0,0
1262916000,237.46,239.41,236.75,238.92,387,0,0
1263175200,239.95,243.80,239.95,242.81,485,0,0
1263261600,241.24,243.19,238.47,238.47,668,0,0
1263348000,234.22,239.95,234.22,239.42,627,0,0
1263434400,239.17,240.29,237.00,237.90,532,0,0
1263520800,237.85,238.70,236.16,238.09,485,0,0
1263866400,237.69,240.86,234.23,240.01,1095,0,0
1263952800,239.00,239.39,235.33,238.26,739,0,0
1264039200,240.02,240.02,229.88,230.24,1051,0,0
1264125600,229.49,235.68,222.61,225.00,2166,0,0
1264384800,225.44,228.29,223.86,226.46,785,0,0
1264471200,224.55,228.89,223.50,224.71,1063,0,0
1264557600,228.36,231.13,218.55,226.77,2358,0,0
1264644000,227.00,228.45,215.74,219.64,1807,0,0
1264730400,224.81,224.81,212.66,213.82,1332,0,0
1264989600,215.25,219.23,215.02,216.57,711,0,0
1265076000,212.85,216.38,209.29,216.00,1104,0,0
1265162400,215.81,221.89,215.05,220.64,886,0,0
1265248800,216.79,217.62,210.50,211.25,871,0,0
1265335200,210.44,212.50,200.56,208.79,2224,0,0
1265594400,209.40,209.96,204.61,204.66,597,0,0
1265680800,206.87,209.37,205.15,208.88,644,0,0
1265767200,208.13,212.91,208.13,211.13,657,0,0
1265853600,210.77,211.25,206.11,207.30,682,0,0
1265940000,205.38,207.16,202.82,207.16,691,0,0
1266285600,208.30,210.41,207.00,210.41,472,0,0
1266372000,210.40,213.68,209.95,213.09,478,0,0
1266458400,214.40,215.24,211.26,213.73,730,0,0
1266544800,214.25,216.19,213.60,215.51,393,0,0
1266804000,217.52,219.30,216.04,217.23,624,0,0
1266890400,217.56,219.21,214.77,214.87,620,0,0
1266976800,217.25,218.98,216.50,218.36,386,0,0
1267063200,216.50,219.12,214.59,218.30,727,0,0
1267149600,217.50,219.85,217.50,218.80,341,0,0
1267408800,217.91,219.81,216.36,218.00,682,0,0
1267495200,219.89,220.32,216.41,216.41,435,0,0
1267581600,218.16,219.22,214.59,216.08,719,0,0
1267668000,217.91,217.91,212.28,215.84,920,0,0
1267754400,217.00,219.88,215.46,219.83,602,0,0
1268013600,219.83,219.83,216.44,218.12,508,0,0
1268100000,216.99,218.88,215.86,216.97,603,0,0
1268186400,217.80,218.88,215.39,215.70,489,0,0
1268272800,214.29,215.46,209.65,210.41,775,0,0
1268359200,211.98,213.74,208.35,210.00,881,0,0
1268618400,209.02,213.21,208.65,212.17,598,0,0
1268704800,213.51,213.51,210.59,212.35,469,0,0
1268791200,220.00,226.65,219.49,222.80,1153,0,0
1268877600,223.01,227.00,222.27,225.66,682,0,0
1268964000,225.45,225.99,221.16,224.35,857,0,0
1269223200,223.00,225.80,222.01,225.70,489,0,0
1269309600,225.68,227.77,224.80,227.00,463,0,0
1269396000,226.01,226.92,223.75,225.00,534,0,0
1269482400,225.01,227.70,224.35,225.41,631,0,0
1269568800,225.93,225.94,218.08,219.27,907,0,0
1269831600,219.00,220.43,215.43,220.05,896,0,0
1269918000,220.01,220.12,217.72,219.13,393,0,0
1270004400,218.77,221.78,216.71,217.76,914,0,0
1270090800,211.44,211.98,206.95,211.05,968,0,0
1270436400,210.69,210.69,205.57,206.00,556,0,0
1270522800,203.62,205.09,198.06,198.55,900,0,0
1270609200,198.75,201.41,197.86,199.02,684,0,0
1270695600,197.56,204.59,197.40,204.56,739,0,0
1270782000,203.98,208.90,203.98,206.11,772,0,0
1271041200,205.37,207.00,204.65,205.80,428,0,0
1271127600,205.69,207.72,204.54,206.90,516,0,0
1271214000,208.20,211.43,207.51,211.38,467,0,0
1271300400,212.00,212.27,206.62,206.70,601,0,0
1271386800,206.10,206.68,199.23,200.75,956,0,0
1271646000,199.52,203.63,199.42,202.61,534,0,0
1271732400,204.85,204.85,201.77,203.18,450,0,0
1271818800,202.40,205.35,199.28,201.20,1095,0,0
1271905200,202.00,208.33,200.66,207.79,956,0,0
1271991600,206.91,211.89,206.91,211.02,586,0,0
1272250800,204.30,204.30,192.40,192.95,1246,0,0
1272337200,192.00,193.78,185.01,185.50,1105,0,0
1272423600,187.79,190.99,181.18,184.44,1628,0,0
1272510000,186.85,191.17,185.52,190.39,777,0,0
1272596400,189.43,189.92,182.48,184.00,946,0,0
1272855600,185.61,187.41,184.26,185.76,616,0,0
1272942000,184.04,184.50,176.96,177.68,873,0,0
1273028400,174.40,178.44,173.49,174.80,951,0,0
1273114800,173.80,179.42,167.24,171.62,2219,0,0
1273201200,171.60,175.99,169.53,172.12,1241,0,0
1273460400,176.52,181.11,174.61,176.57,1296,0,0
1273546800,174.62,174.62,169.76,170.99,610,0,0
1273633200,171.53,174.18,171.01,173.97,391,0,0
1273719600,174.24,175.26,172.05,172.37,456,0,0
1273806000,171.60,172.73,168.65,169.72,629,0,0
1274065200,169.54,172.70,167.14,171.00,967,0,0
1274151600,172.26,175.81,167.52,168.49,1282,0,0
1274238000,167.92,169.65,164.00,167.95,1128,0,0
1274324400,165.77,165.77,160.10,160.10,568,0,0
1274410800,159.18,167.05,158.00,166.47,1082,0,0
1274670000,167.51,169.68,161.95,161.96,992,0,0
1274756400,158.02,162.57,155.50,162.44,973,0,0
1274842800,164.75,165.78,162.34,164.04,618,0,0
1274929200,168.64,172.48,166.35,172.39,852,0,0
1275015600,172.49,174.08,166.73,167.88,1010,0,0
1275361200,165.09,167.88,162.90,163.20,808,0,0
1275447600,165.40,165.70,162.56,164.77,566,0,0
1275534000,167.88,167.88,162.22,163.84,729,0,0
1275620400,160.99,162.38,159.06,159.49,515,0,0
1275879600,160.62,162.18,157.32,157.50,661,0,0
1275966000,156.92,158.38,151.81,156.49,1272,0,0
1276052400,158.85,158.85,154.39,154.91,499,0,0
1276138800,156.18,158.52,153.96,156.98,833,0,0
1276225200,154.11,159.26,154.11,159.14,528,0,0
1276484400,158.96,161.20,157.95,158.77,632,0,0
1276570800,159.99,163.29,158.84,163.28,562,0,0
1276657200,161.31,163.42,160.31,161.52,602,0,0
1276743600,162.26,162.39,157.69,159.37,652,0,0
1276830000,158.85,160.45,158.40,158.77,403,0,0
1277089200,160.78,161.85,157.02,157.92,681,0,0
1277175600,156.90,158.81,155.83,155.84,491,0,0
1277262000,155.46,156.60,153.95,155.05,490,0,0
1277348400,154.58,154.79,150.55,150.74,465,0,0
1277434800,150.66,155.67,150.28,152.34,911,0,0
1277694000,152.80,153.84,151.53,152.14,397,0,0
1277780400,149.47,149.93,145.20,145.60,560,0,0
1277866800,144.86,147.05,143.01,143.40,663,0,0
1277953200,145.35,145.35,138.42,140.32,884,0,0
1278039600,140.44,144.02,139.28,142.79,714,0,0
1278385200,144.18,147.61,143.35,145.21,750,0,0
1278471600,145.20,148.61,144.62,148.48,471,0,0
1278558000,149.91,152.25,148.88,152.25,441,0,0
1278644400,151.94,155.26,150.55,154.97,640,0,0
1278903600,153.92,155.69,152.94,154.15,528,0,0
1278990000,155.24,158.45,155.10,156.90,505,0,0
1279076400,156.68,156.76,153.11,155.25,588,0,0
1279162800,154.77,155.38,151.02,153.99,795,0,0
1279249200,152.95,152.97,148.96,149.14,422,0,0
1279508400,150.00,150.21,146.84,148.13,488,0,0
1279594800,146.36,149.47,145.20,149.36,555,0,0
1279681200,150.25,150.99,141.01,143.33,1305,0,0
1279767600,144.65,152.20,144.00,151.21,985,0,0
1279854000,150.28,155.59,150.01,154.49,696,0,0
1280113200,155.25,159.89,155.01,159.65,537,0,0
1280199600,160.29,162.64,157.19,157.58,820,0,0
1280286000,158.20,159.99,155.43,157.00,793,0,0
1280372400,158.00,159.96,155.71,158.24,827,0,0
1280458800,156.60,159.24,156.00,157.49,560,0,0
1280718000,160.00,163.51,160.00,162.85,418,0,0
1280804400,162.85,162.94,160.35,160.84,318,0,0
1280890800,160.64,161.25,157.19,160.43,792,0,0
1280977200,159.50,161.57,159.06,160.52,401,0,0
1281063600,159.83,159.83,154.24,157.16,852,0,0
1281322800,158.31,160.36,157.61,159.65,417,0,0
1281409200,158.89,161.01,157.50,159.41,651,0,0
1281495600,154.78,156.29,152.73,152.95,530,0,0
1281582000,151.75,151.75,149.34,149.50,258,0,0
1281668400,149.00,153.91,148.99,151.58,727,0,0
1281927600,150.35,151.25,148.99,150.82,406,0,0
1282014000,152.25,153.40,151.37,151.90,372,0,0
1282100400,151.71,152.74,149.51,150.48,524,0,0
1282186800,149.95,151.43,147.00,147.33,625,0,0
1282273200,147.00,147.50,144.50,145.40,441,0,0
1282532400,145.71,146.00,142.64,143.15,417,0,0
1282618800,141.47,142.20,140.08,141.39,417,0,0
1282705200,140.02,141.64,139.36,141.20,339,0,0
1282791600,141.77,142.25,139.44,139.44,330,0,0
1282878000,140.42,141.73,139.16,141.15,442,0,0
1283137200,141.34,143.30,140.88,142.17,402,0,0
1283223600,141.33,142.18,140.25,141.95,325,0,0
1283310000,144.63,147.12,143.21,146.57,589,0,0
1283396400,145.50,149.61,145.50,149.30,443,0,0
1283482800,150.20,151.59,150.09,151.55,166,0,0
1283828400,150.90,151.83,150.34,150.78,287,0,0
1283914800,150.25,152.83,150.25,151.94,348,0,0
1284001200,154.05,156.00,148.54,150.74,1162,0,0
1284087600,150.78,151.57,149.75,151.16,327,0,0
1284346800,152.71,154.00,149.98,150.69,603,0,0
1284433200,150.93,160.50,149.95,159.55,1249,0,0
1284519600,158.31,165.81,158.31,164.90,842,0,0
1284606000,163.37,164.39,160.54,162.54,688,0,0
1284692400,163.24,165.45,161.06,165.05,698,0,0
1284951600,165.78,172.19,165.78,171.68,693,0,0
1285038000,172.67,172.87,166.68,167.75,747,0,0
1285124400,168.21,169.40,164.76,165.74,682,0,0
1285210800,165.74,165.74,160.86,161.67,570,0,0
1285297200,164.21,167.40,164.00,167.23,379,0,0
1285556400,163.58,167.25,163.41,165.90,537,0,0
1285642800,167.00,168.79,164.79,168.67,634,0,0
1285729200,167.61,170.26,167.61,168.76,416,0,0
1285815600,169.99,172.00,169.50,170.25,475,0,0
1285902000,171.80,171.80,169.35,171.34,445,0,0
1286161200,171.56,171.56,169.06,170.91,436,0,0
1286247600,167.00,172.47,166.17,171.31,830,0,0
1286334000,170.06,171.37,169.59,171.35,228,0,0
1286420400,171.60,172.86,170.80,170.95,348,0,0
1286506800,172.00,174.84,170.92,174.50,535,0,0
1286766000,175.72,177.80,175.20,177.24,369,0,0
1286852400,176.22,178.75,174.63,178.61,586,0,0
1286938800,179.40,181.00,178.02,179.24,581,0,0
1287025200,178.61,180.13,177.28,177.75,485,0,0
1287111600,176.50,177.85,175.00,175.74,495,0,0
1287370800,175.12,177.33,175.12,176.50,305,0,0
1287457200,174.75,176.00,173.00,174.63,589,0,0
1287543600,174.48,174.93,168.07,169.51,876,0,0
1287630000,169.98,170.07,165.17,166.26,609,0,0
1287716400,167.35,170.04,166.92,167.56,604,0,0
1287975600,167.71,169.63,167.71,168.39,317,0,0
1288062000,167.85,169.24,167.00,168.62,372,0,0
1288148400,167.72,168.69,166.21,168.50,419,0,0
1288234800,169.15,169.85,167.70,168.13,329,0,0
1288321200,168.58,171.25,168.25,170.99,360,0,0
1288576800,171.74,174.47,170.16,171.85,852,0,0
1288663200,173.83,174.35,172.60,173.04,272,0,0
1288749600,166.48,168.90,164.01,165.66,897,0,0
1288836000,167.49,169.96,166.71,169.01,499,0,0
1288922400,169.09,173.96,169.03,173.15,581,0,0
1289181600,171.99,172.28,168.89,169.09,389,0,0
1289268000,165.61,167.50,164.34,164.51,523,0,0
1289354400,165.63,168.95,165.11,168.48,484,0,0
1289440800,168.00,172.41,166.04,171.20,955,0,0
1289527200,170.32,173.08,167.50,173.07,842,0,0
1289786400,173.72,173.75,170.92,173.08,503,0,0
1289872800,170.86,172.35,165.78,167.28,957,0,0
1289959200,168.25,170.01,167.04,168.93,527,0,0
1290045600,171.33,171.92,168.87,169.15,393,0,0
1290132000,169.63,170.00,166.81,168.98,574,0,0
1290391200,168.56,169.80,166.26,166.87,540,0,0
1290477600,166.00,166.07,162.55,163.03,408,0,0
1290564000,165.06,166.45,164.43,165.89,322,0,0
1290736800,165.14,165.97,164.01,164.60,339,0,0
1290996000,164.14,164.43,161.53,163.10,477,0,0
1291082400,162.28,164.00,162.00,163.00,329,0,0
1291168800,164.50,167.75,163.75,167.62,489,0,0
1291255200,168.12,171.88,168.09,171.85,386,0,0
1291341600,170.54,172.76,168.06,172.35,760,0,0
1291600800,172.69,172.95,169.95,171.48,480,0,0
1291687200,173.01,174.47,169.60,171.39,813,0,0
1291773600,171.51,174.30,171.25,173.70,392,0,0
1291860000,178.13,179.90,175.13,179.82,786,0,0
1291946400,179.80,183.11,178.50,183.05,598,0,0
1292205600,184.00,185.28,181.57,181.88,531,0,0
1292292000,181.94,184.23,181.34,182.66,507,0,0
1292378400,183.09,184.13,180.65,180.90,478,0,0
1292464800,181.65,183.30,178.23,183.11,869,0,0
1292551200,182.72,189.03,181.25,187.20,1109,0,0
1292810400,187.53,189.00,185.46,188.50,612,0,0
1292896800,189.44,192.58,188.74,192.51,462,0,0
1292983200,193.39,193.74,190.31,190.96,444,0,0
1293069600,190.72,191.74,188.41,188.67,462,0,0
1293415200,188.56,189.97,187.03,189.26,519,0,0
1293501600,189.20,190.00,187.35,189.41,510,0,0
1293588000,190.54,191.47,189.36,190.82,395,0,0
1293674400,189.80,190.60,187.72,188.02,399,0,0
1293760800,188.30,190.60,187.36,190.58,421,0,0
1294020000,191.52,195.00,189.53,190.19,962,0,0
1294106400,191.26,191.50,188.71,190.04,437,0,0
1294192800,190.03,192.84,189.25,192.00,522,0,0
1294279200,192.68,192.79,188.36,189.93,612,0,0
1294365600,191.52,191.52,185.46,188.36,897,0,0
1294624800,188.11,191.54,187.43,191.17,517,0,0
1294711200,191.87,195.68,190.72,193.42,838,0,0
1294797600,194.70,195.24,191.04,193.84,755,0,0
1294884000,193.84,196.09,192.49,195.81,524,0,0
1294970400,195.33,199.10,193.67,199.06,714,0,0
1295316000,199.31,199.99,193.75,196.52,970,0,0
1295402400,195.76,196.94,191.00,191.56,769,0,0
1295488800,192.74,193.01,189.25,190.87,566,0,0
1295575200,192.46,194.65,191.30,193.07,610,0,0
1295834400,194.23,194.90,191.31,193.58,654,0,0
1295920800,199.34,199.87,194.92,198.01,858,0,0
1296007200,199.16,200.83,196.92,199.96,703,0,0
1296093600,200.76,202.06,198.75,201.73,566,0,0
1296180000,201.38,201.47,193.95,194.28,795,0,0
1296439200,194.60,198.20,194.54,198.02,391,0,0
1296525600,199.23,202.00,198.50,201.23,501,0,0
1296612000,199.57,199.99,197.03,197.64,400,0,0
1296698400,197.00,197.82,194.51,196.82,645,0,0
1296784800,197.10,197.65,194.06,194.35,444,0,0
1297044000,195.26,198.50,195.00,196.00,627,0,0
1297130400,196.78,199.45,195.06,199.37,620,0,0
1297216800,198.27,200.65,197.26,199.62,544,0,0
1297303200,198.01,201.59,198.01,200.71,447,0,0
1297389600,200.01,203.60,199.00,203.42,580,0,0
1297648800,203.50,206.44,202.59,205.01,620,0,0
1297735200,203.61,206.00,202.54,205.66,488,0,0
1297821600,206.03,207.00,204.00,205.34,532,0,0
1297908000,205.02,205.48,202.80,204.59,494,0,0
1297994400,205.45,207.47,202.90,206.67,793,0,0
1298340000,203.41,204.16,197.91,198.41,751,0,0
1298426400,199.00,199.83,194.38,195.13,704,0,0
1298512800,195.79,201.44,193.58,201.20,1032,0,0
1298599200,202.99,204.55,201.44,203.92,530,0,0
1298858400,203.11,205.61,200.51,203.99,933,0,0
1298944800,209.77,209.77,200.90,201.43,941,0,0
1299031200,200.73,202.03,198.74,198.85,471,0,0
1299117600,199.37,207.16,199.21,207.06,822,0,0
1299204000,207.18,207.44,201.01,201.89,758,0,0
1299463200,202.50,203.11,196.64,198.24,869,0,0
1299549600,199.08,200.39,196.85,198.83,684,0,0
1299636000,198.07,198.78,195.65,196.90,510,0,0
1299722400,194.38,196.21,188.91,190.38,1061,0,0
1299808800,190.75,191.92,188.32,189.98,644,0,0
1300068000,188.68,189.18,185.59,188.43,694,0,0
1300154400,183.29,186.78,180.29,185.70,1058,0,0
1300240800,185.20,186.23,179.52,179.77,800,0,0
1300327200,183.29,184.54,181.71,183.96,500,0,0
1300413600,185.28,186.76,183.09,184.55,662,0,0
1300672800,185.01,187.13,185.00,186.00,328,0,0
1300759200,185.63,186.34,184.68,185.03,273,0,0
1300845600,184.78,185.14,181.37,183.70,647,0,0
1300932000,183.95,186.50,183.95,185.55,351,0,0
1301018400,186.59,189.02,185.55,188.24,530,0,0
1301281200,189.30,190.68,187.19,187.47,516,0,0
1301367600,187.26,187.87,185.20,186.50,459,0,0
1301454000,196.34,200.10,194.88,198.84,795,0,0
1301540400,198.10,201.04,198.10,201.01,298,0,0
1301626800,202.05,204.50,202.00,202.43,463,0,0
1301886000,201.40,202.80,199.82,200.99,556,0,0
1301972400,200.25,202.20,198.93,199.48,578,0,0
1302058800,200.74,200.75,198.70,199.22,259,0,0
1302145200,199.65,199.79,196.80,197.99,433,0,0
1302231600,199.00,199.91,195.31,196.10,631,0,0
1302490800,195.85,197.29,195.52,195.95,345,0,0
1302577200,197.21,197.21,193.92,194.78,416,0,0
1302663600,196.03,196.93,193.28,194.68,596,0,0
1302750000,193.16,194.29,192.15,193.38,407,0,0
1302836400,194.98,195.09,192.55,193.24,335,0,0
1303095600,191.08,192.99,189.06,190.55,734,0,0
1303182000,191.32,192.03,189.35,192.03,466,0,0
1303268400,194.37,196.48,192.80,193.72,672,0,0
1303354800,195.80,199.21,194.12,198.88,711,0,0
1303700400,198.77,199.99,195.90,197.13,655,0,0
1303786800,197.41,199.50,196.74,198.93,401,0,0
1303873200,199.14,200.41,196.78,199.90,651,0,0
1303959600,198.90,199.34,196.53,198.00,473,0,0
1304046000,197.85,198.27,194.88,195.94,488,0,0
1304305200,196.86,197.50,195.32,195.53,304,0,0
1304391600,197.61,197.61,192.01,194.07,767,0,0
1304478000,197.06,197.85,192.62,194.01,742,0,0
1304564400,193.22,193.88,190.74,191.47,454,0,0
1304650800,194.09,197.56,193.89,195.74,570,0,0
1304910000,197.32,197.32,194.23,196.67,554,0,0
1304996400,197.01,198.16,195.67,198.00,400,0,0
1305082800,197.15,197.15,194.17,194.52,334,0,0
1305169200,194.16,196.00,192.08,195.88,613,0,0
1305255600,196.22,196.67,193.89,194.24,359,0,0
1305514800,192.26,195.90,191.73,191.95,804,0,0
1305601200,191.08,191.95,187.47,190.54,843,0,0
1305687600,190.48,193.75,189.50,193.25,574,0,0
1305774000,198.03,199.86,196.03,198.10,760,0,0
1305860400,198.00,199.99,197.33,197.51,484,0,0
1306119600,195.57,196.20,193.51,194.74,456,0,0
1306206000,192.54,194.23,191.52,193.05,492,0,0
1306292400,193.00,195.86,193.00,195.41,332,0,0
1306378800,195.42,198.22,194.00,197.54,633,0,0
1306465200,198.00,201.18,197.70,200.67,430,0,0
1306810800,202.50,205.56,201.38,205.56,531,0,0
1306897200,207.25,207.42,199.29,199.35,837,0,0
1306983600,199.43,201.03,197.89,199.58,614,0,0
1307070000,196.28,196.33,193.54,193.63,294,0,0
1307329200,192.88,193.98,187.51,187.85,792,0,0
1307415600,189.04,191.57,188.48,189.64,559,0,0
1307502000,189.26,190.86,188.94,189.69,342,0,0
1307588400,190.19,193.15,187.44,192.32,930,0,0
1307674800,190.11,191.69,185.27,185.82,856,0,0
1307934000,188.93,189.22,186.00,188.93,645,0,0
1308020400,191.71,193.00,191.12,192.56,292,0,0
1308106800,190.53,191.38,185.51,186.32,754,0,0
1308193200,186.99,189.00,185.19,188.13,649,0,0
1308279600,190.95,191.00,186.90,187.34,460,0,0
1308538800,186.85,189.79,186.14,189.40,476,0,0
1308625200,190.35,191.85,188.67,190.73,599,0,0
1308711600,189.69,191.41,189.08,189.14,412,0,0
1308798000,186.18,187.99,184.71,187.37,538,0,0
1308884400,187.48,187.86,183.51,184.39,562,0,0
1309143600,184.56,187.42,184.10,187.07,414,0,0
1309230000,187.47,189.28,186.20,189.26,438,0,0
1309316400,190.48,192.50,189.23,191.89,514,0,0
1309402800,192.81,193.28,189.84,191.81,589,0,0
1309489200,192.05,196.64,191.10,196.42,672,0,0
1309834800,195.44,196.35,194.18,194.51,342,0,0
1309921200,194.19,195.78,193.09,195.55,403,0,0
1310007600,197.76,199.10,197.05,198.49,338,0,0
1310094000,195.25,195.85,193.86,195.45,379,0,0
1310353200,190.17,192.45,185.82,186.38,948,0,0
1310439600,185.40,188.56,183.50,183.69,842,0,0
1310526000,185.23,187.00,184.50,185.05,483,0,0
1310612400,186.35,186.81,181.76,182.27,603,0,0
1310698800,187.79,187.80,182.35,184.54,766,0,0
1310958000,184.24,184.24,178.78,180.25,694,0,0
1311044400,181.49,183.94,179.71,183.69,627,0,0
1311130800,189.57,191.49,184.14,184.50,964,0,0
1311217200,184.75,188.58,184.75,187.72,470,0,0
1311303600,188.21,189.99,187.50,187.92,470,0,0
1311562800,185.50,187.42,184.20,186.00,595,0,0
1311649200,188.73,188.73,183.52,184.42,612,0,0
1311735600,184.58,184.58,175.65,176.84,1013,0,0
1311822000,177.34,178.26,174.05,175.07,616,0,0
1311908400,172.50,179.58,172.38,178.46,845,0,0
1312167600,181.40,181.50,175.09,178.36,979,0,0
1312254000,179.52,179.52,173.95,174.49,612,0,0
1312340400,174.61,176.71,169.54,173.45,1319,0,0
1312426800,170.88,172.68,162.88,163.25,1198,0,0
1312513200,165.64,167.56,157.00,161.58,1707,0,0
1312772400,154.03,159.74,145.14,145.25,2043,0,0
1312858800,150.02,156.69,144.64,156.54,1759,0,0
1312945200,151.56,155.12,145.87,148.06,1501,0,0
1313031600,150.05,164.52,148.67,161.98,1978,0,0
1313118000,167.06,168.50,159.91,161.07,1120,0,0
1313377200,162.63,165.64,162.01,165.14,476,0,0
1313463600,160.16,164.81,158.91,161.16,1081,0,0
1313550000,162.33,164.68,159.38,161.18,946,0,0
1313636400,157.76,157.76,150.50,152.28,905,0,0
1313722800,150.25,156.04,150.00,151.33,1101,0,0
1313982000,155.24,156.47,151.48,152.17,692,0,0
1314068400,153.30,159.44,150.24,159.41,1230,0,0
1314154800,158.35,163.73,156.76,163.73,857,0,0
1314241200,165.22,167.97,157.01,158.64,1535,0,0
1314327600,158.05,163.01,154.58,160.99,1393,0,0
1314586800,163.77,168.29,163.00,168.18,618,0,0
1314673200,167.25,168.94,165.64,167.00,636,0,0
1314759600,166.57,167.34,163.07,164.75,673,0,0
1314846000,164.72,166.40,162.15,162.68,647,0,0
1314932400,160.19,161.07,155.05,156.04,790,0,0
1315278000,150.25,152.62,148.90,152.41,529,0,0
1315364400,154.81,159.02,154.23,158.91,549,0,0
1315450800,157.75,158.31,155.52,155.86,370,0,0
1315537200,154.49,154.94,150.08,151.07,631,0,0
1315796400,149.26,152.05,148.10,151.30,587,0,0
1315882800,153.36,153.68,150.07,151.22,509,0,0
1315969200,153.00,154.32,149.10,152.30,975,0,0
1316055600,154.23,159.46,153.50,159.18,698,0,0
1316142000,159.98,161.89,157.71,160.88,747,0,0
1316401200,156.50,157.72,154.50,156.25,620,0,0
1316487600,157.54,159.42,155.34,155.58,621,0,0
1316574000,155.39,156.83,147.21,147.22,1108,0,0
1316660400,142.66,145.45,140.22,144.75,838,0,0
1316746800,143.56,147.88,142.79,147.63,612,0,0
1317006000,148.01,150.64,144.68,150.35,959,0,0
1317092400,153.90,157.75,151.14,152.49,1182,0,0
1317178800,157.72,157.72,148.26,148.55,976,0,0
1317265200,152.73,152.78,148.07,151.66,836,0,0
1317351600,149.36,151.57,147.61,148.01,658,0,0
1317610800,146.81,148.70,141.43,141.77,951,0,0
1317697200,140.06,147.57,137.00,147.20,1401,0,0
1317783600,147.52,151.14,145.51,150.49,830,0,0
1317870000,150.47,152.19,145.30,151.67,1259,0,0
1317956400,152.35,153.00,147.69,147.78,606,0,0
1318215600,152.88,156.72,150.93,155.25,922,0,0
1318302000,153.45,155.44,152.02,153.06,646,0,0
1318388400,154.49,160.19,154.33,156.00,1022,0,0
1318474800,155.53,155.53,149.52,153.65,1015,0,0
1318561200,154.05,159.49,154.05,155.91,903,0,0
1318820400,154.25,155.37,150.25,150.73,673,0,0
1318906800,151.02,157.76,150.28,156.30,969,0,0
1318993200,153.00,154.00,148.06,148.92,781,0,0
1319079600,149.04,153.51,146.53,152.16,1085,0,0
1319166000,154.51,155.75,152.15,154.32,702,0,0
1319425200,155.70,158.34,154.13,157.48,665,0,0
1319511600,158.23,158.23,149.93,150.38,876,0,0
1319598000,153.23,155.25,151.42,154.37,653,0,0
1319684400,159.97,170.42,159.66,169.12,1238,0,0
1319770800,169.10,170.80,165.23,169.78,1047,0,0
1320026400,166.51,166.92,157.75,157.79,963,0,0
1320112800,152.09,155.13,149.84,150.00,850,0,0
1320199200,152.63,155.99,150.74,155.52,762,0,0
1320285600,157.13,160.22,153.05,159.26,1222,0,0
1320372000,157.02,158.68,154.57,157.60,765,0,0
1320631200,158.01,160.24,155.60,160.05,725,0,0
1320717600,163.39,163.91,159.43,163.16,874,0,0
1320804000,159.06,159.06,152.99,153.23,632,0,0
1320890400,156.27,160.76,154.46,159.88,900,0,0
1320976800,161.98,166.00,160.50,164.33,866,0,0
1321236000,162.80,165.19,161.77,163.12,653,0,0
1321322400,162.88,168.33,162.40,165.88,887,0,0
1321408800,163.43,164.88,160.94,161.33,579,0,0
1321495200,160.96,163.16,158.74,159.60,749,0,0
1321581600,160.89,161.20,158.12,159.26,454,0,0
1321840800,156.43,158.00,154.29,156.61,725,0,0
1321927200,156.32,157.66,154.06,155.81,670,0,0
1322013600,153.78,154.90,151.44,151.49,464,0,0
1322186400,151.23,153.77,150.35,151.27,681,0,0
1322445600,157.81,160.34,157.35,159.83,397,0,0
1322532000,159.55,162.79,158.91,161.03,629,0,0
1322618400,167.60,172.53,166.07,172.04,849,0,0
1322704800,169.50,170.24,165.45,167.41,750,0,0
1322791200,169.65,173.22,168.12,169.02,958,0,0
1323050400,172.94,176.50,172.12,176.31,540,0,0
1323136800,176.23,176.23,172.00,173.46,570,0,0
1323223200,172.89,175.21,170.98,174.37,699,0,0
1323309600,172.65,172.89,167.13,167.50,638,0,0
1323396000,168.61,173.55,168.29,172.68,646,0,0
1323655200,166.34,170.32,166.34,169.48,483,0,0
1323741600,171.00,172.34,165.37,167.75,1070,0,0
1323828000,166.80,168.68,165.28,166.94,667,0,0
1323914400,169.88,169.95,167.50,167.84,287,0,0
1324000800,168.72,170.89,167.87,170.33,444,0,0
1324260000,170.57,170.89,165.09,165.60,664,0,0
1324346400,169.54,173.91,169.22,173.14,579,0,0
1324432800,173.34,174.46,170.11,173.35,870,0,0
1324519200,173.88,176.20,173.51,175.49,378,0,0
1324605600,176.70,178.73,175.00,178.41,576,0,0
1324951200,178.18,179.77,177.02,177.84,517,0,0
1325037600,177.88,177.88,175.90,176.44,253,0,0
1325124000,177.40,179.50,176.55,179.40,391,0,0
1325210400,179.40,179.43,177.87,178.24,197,0,0
1325556000,183.65,185.96,180.87,181.27,781,0,0
1325642400,179.55,180.87,177.64,179.96,606,0,0
1325728800,179.50,179.92,175.18,179.33,932,0,0
1325815200,179.68,180.95,177.51,179.13,634,0,0
1326074400,179.30,179.86,177.30,179.25,508,0,0
1326160800,182.42,183.60,181.00,183.09,454,0,0
1326247200,182.03,184.10,179.04,183.87,829,0,0
1326333600,186.91,187.17,182.26,187.06,968,0,0
1326420000,185.74,186.92,184.40,186.57,422,0,0
1326765600,188.62,190.40,186.92,187.46,581,0,0
1326852000,187.50,188.75,185.61,187.80,599,0,0
1326938400,187.00,187.80,181.05,187.54,1297,0,0
1327024800,184.75,186.59,180.83,182.82,960,0,0
1327284000,181.99,185.71,181.63,185.56,460,0,0
1327370400,184.23,189.25,184.23,189.02,526,0,0
1327456800,188.04,188.81,186.32,188.24,479,0,0
1327543200,189.80,191.68,186.40,187.86,863,0,0
1327629600,186.00,189.05,185.58,187.49,546,0,0
1327888800,185.68,186.00,182.81,183.22,393,0,0
1327975200,184.41,184.88,180.41,182.00,654,0,0
1328061600,185.48,185.48,181.11,183.00,627,0,0
1328148000,182.98,184.42,182.35,183.77,336,0,0
1328234400,185.26,188.69,184.69,188.64,463,0,0
1328493600,184.01,190.20,184.01,190.18,622,0,0
1328580000,188.98,189.99,187.32,189.47,486,0,0
1328666400,189.77,190.65,188.99,190.25,285,0,0
1328752800,190.46,190.96,188.54,190.19,458,0,0
1328839200,188.02,190.41,187.56,190.00,373,0,0
1329098400,191.37,192.71,190.56,192.45,323,0,0
1329184800,191.00,192.81,189.88,191.52,535,0,0
1329271200,192.68,192.95,189.43,189.88,425,0,0
1329357600,193.08,193.21,190.56,193.12,527,0,0
1329444000,194.73,196.80,192.20,196.19,775,0,0
1329789600,196.37,196.79,193.87,194.53,401,0,0
1329876000,192.70,194.60,192.40,193.51,360,0,0
1329962400,193.59,198.09,192.80,197.13,705,0,0
1330048800,198.49,199.10,195.23,196.00,526,0,0
1330308000,195.00,198.40,194.00,197.71,610,0,0
1330394400,197.94,199.90,197.40,198.33,462,0,0
1330480800,202.09,202.09,197.57,199.00,596,0,0
1330567200,198.02,200.00,197.16,198.50,521,0,0
1330653600,197.80,200.25,197.60,198.25,486,0,0
1330912800,196.74,196.82,194.55,195.24,305,0,0
1330999200,193.65,194.95,191.88,193.17,567,0,0
1331085600,194.15,196.72,193.28,196.72,432,0,0
1331172000,198.55,198.97,195.02,195.55,491,0,0
1331258400,196.32,197.51,195.28,196.91,388,0,0
1331517600,196.98,196.98,194.51,194.88,285,0,0
1331604000,197.00,203.01,195.26,203.00,951,0,0
1331690400,206.42,206.42,198.84,200.67,942,0,0
1331776800,201.24,205.09,199.35,205.08,765,0,0
1331863200,204.04,205.72,203.02,205.60,385,0,0
1332122400,204.02,206.52,203.81,205.09,436,0,0
1332208800,204.62,204.62,202.93,203.30,207,0,0
1332295200,202.68,204.27,200.70,201.34,581,0,0
1332381600,199.55,200.12,198.15,198.52,292,0,0
1332468000,199.02,201.44,198.24,201.11,432,0,0
1332730800,201.52,205.20,200.71,205.19,532,0,0
1332817200,208.69,208.69,203.46,203.58,536,0,0
1332903600,203.89,204.55,200.20,202.73,755,0,0
1332990000,201.23,202.22,198.70,199.59,541,0,0
1333076400,201.73,204.90,199.18,204.90,828,0,0
1333335600,207.70,209.37,203.38,206.29,1058,0,0
1333422000,205.44,207.27,202.38,206.57,866,0,0
1333508400,205.59,206.14,202.99,203.82,454,0,0
1333594800,202.87,206.20,202.43,205.98,444,0,0
1333940400,201.64,208.21,200.78,202.74,1377,0,0
1334026800,202.38,203.63,197.44,198.60,861,0,0
1334113200,200.64,201.05,197.15,197.81,498,0,0
1334199600,198.70,201.91,198.49,201.71,384,0,0
1334286000,201.51,201.72,197.48,197.81,479,0,0
1334545200,199.50,201.28,197.52,198.18,621,0,0
1334631600,200.77,202.99,199.64,201.81,567,0,0
1334718000,200.00,200.00,194.05,196.01,792,0,0
1334804400,195.51,195.99,189.71,190.60,766,0,0
1334890800,190.45,193.25,189.59,190.40,728,0,0
1335150000,188.00,188.28,184.00,186.94,751,0,0
1335236400,187.45,190.57,186.91,188.57,621,0,0
1335322800,190.00,191.56,189.75,191.40,223,0,0
1335409200,190.73,193.69,190.02,193.25,483,0,0
1335495600,193.20,193.94,191.38,192.50,443,0,0
1335754800,191.96,192.51,190.76,191.58,313,0,0
1335841200,191.34,193.24,190.32,190.50,501,0,0
1335927600,190.81,190.81,187.32,188.78,496,0,0
1336014000,188.33,188.94,182.54,183.16,764,0,0
1336100400,182.89,184.65,181.77,183.17,549,0,0
1336359600,181.04,184.82,181.04,183.82,479,0,0
1336446000,182.49,183.49,180.65,182.34,554,0,0
1336532400,180.21,181.95,179.54,180.27,477,0,0
1336618800,180.80,181.94,179.13,179.68,451,0,0
1336705200,178.95,180.93,177.12,179.77,681,0,0
1336964400,177.03,178.23,176.40,176.49,313,0,0
1337050800,176.67,179.94,176.40,176.85,691,0,0
1337137200,177.83,178.92,175.03,175.07,503,0,0
1337223600,175.00,176.76,173.90,173.97,470,0,0
1337310000,173.26,174.67,171.36,171.91,528,0,0
1337569200,167.11,172.62,166.01,167.73,1261,0,0
1337655600,166.99,167.65,162.72,163.37,625,0,0
1337742000,160.65,168.06,160.25,167.50,878,0,0
1337828400,169.30,170.90,166.81,170.44,705,0,0
1337914800,170.47,172.25,169.61,171.36,440,0,0
1338260400,173.13,174.69,171.02,174.60,588,0,0
1338346800,172.99,173.00,170.18,170.77,343,0,0
1338433200,170.53,171.93,167.56,170.80,848,0,0
1338519600,168.07,169.33,165.40,166.57,637,0,0
1338778800,167.17,168.35,163.64,165.00,726,0,0
1338865200,162.71,166.75,162.71,166.28,452,0,0
1338951600,168.57,170.71,167.24,170.56,496,0,0
1339038000,171.98,174.00,171.72,172.12,443,0,0
1339124400,170.79,173.93,169.96,173.91,483,0,0
1339383600,175.38,175.40,171.78,171.95,382,0,0
1339470000,174.13,174.96,170.33,173.02,816,0,0
1339556400,173.28,173.34,170.16,171.92,501,0,0
1339642800,171.92,173.16,171.11,172.69,334,0,0
1339729200,173.56,177.66,173.18,176.73,580,0,0
1339988400,175.86,175.86,171.92,173.45,548,0,0
1340074800,174.78,177.35,173.69,176.08,603,0,0
1340161200,177.24,177.24,174.24,175.66,443,0,0
1340247600,175.66,177.10,170.83,170.95,784,0,0
1340334000,173.35,174.91,170.66,172.00,716,0,0
1340593200,169.11,169.52,165.71,166.91,543,0,0
1340679600,167.16,169.00,166.52,168.19,394,0,0
1340766000,169.26,169.26,165.97,166.38,371,0,0
1340852400,165.17,166.21,163.24,166.09,503,0,0
1340938800,169.87,169.87,166.98,169.82,574,0,0
1341198000,169.81,170.37,168.46,169.63,365,0,0
1341284400,169.03,173.86,169.03,173.84,486,0,0
1341457200,172.96,174.53,170.64,171.75,658,0,0
1341543600,170.16,171.45,169.32,171.28,315,0,0
1341802800,171.51,172.45,169.45,171.86,566,0,0
1341889200,173.06,175.21,171.96,173.51,606,0,0
1341975600,173.97,175.38,172.75,175.13,411,0,0
1342062000,173.51,173.51,171.24,172.47,351,0,0
1342148400,172.79,176.40,172.49,175.78,484,0,0
1342407600,175.51,176.47,174.03,175.29,467,0,0
1342494000,175.77,176.44,172.32,176.15,787,0,0
1342580400,172.89,176.00,171.74,175.05,637,0,0
1342666800,175.07,176.95,174.55,176.12,376,0,0
1342753200,175.27,176.32,173.11,173.31,447,0,0
1343012400,170.31,170.31,165.66,166.85,585,0,0
1343098800,166.48,168.00,163.85,164.42,625,0,0
1343185200,165.51,166.27,163.95,164.06,320,0,0
1343271600,166.64,167.24,164.42,165.00,401,0,0
1343358000,166.36,171.54,165.69,170.67,740,0,0
1343617200,170.85,172.54,168.71,172.03,649,0,0
1343703600,170.90,171.69,168.65,170.26,545,0,0
1343790000,170.76,172.92,169.29,169.62,613,0,0
1343876400,168.24,169.60,166.00,168.51,694,0,0
1343962800,170.87,173.73,170.00,173.19,515,0,0
1344222000,173.80,175.29,172.69,172.91,432,0,0
1344308400,173.74,174.63,173.01,174.01,298,0,0
1344394800,173.00,173.91,172.61,173.67,194,0,0
1344481200,173.50,175.55,173.13,174.79,356,0,0
1344567600,173.58,174.74,172.94,174.41,278,0,0
1344826800,174.11,175.34,173.21,174.95,343,0,0
1344913200,175.51,175.57,172.41,173.00,382,0,0
1344999600,172.97,176.45,172.95,176.03,395,0,0
1345086000,176.06,177.99,175.23,177.22,437,0,0
1345172400,179.45,180.00,177.57,178.79,421,0,0
1345431600,177.72,179.29,177.25,178.37,344,0,0
1345518000,178.80,181.34,177.46,178.53,750,0,0
1345604400,178.30,178.98,177.22,178.04,327,0,0
1345690800,178.25,178.69,176.77,177.30,290,0,0
1345777200,176.62,178.88,175.51,178.27,510,0,0
1346036400,178.53,178.99,176.75,177.00,296,0,0
1346122800,176.78,179.43,176.22,178.32,489,0,0
1346209200,178.88,179.20,176.75,177.15,318,0,0
1346295600,175.44,176.83,174.50,176.01,410,0,0
1346382000,176.94,177.98,174.86,176.37,568,0,0
1346727600,176.70,178.00,175.36,176.93,506,0,0
1346814000,177.20,177.97,175.92,176.00,291,0,0
1346900400,177.22,180.40,176.54,180.18,477,0,0
1346986800,180.40,182.73,179.90,182.02,405,0,0
1347246000,181.70,181.95,177.72,177.83,460,0,0
1347332400,177.61,179.35,176.55,176.72,472,0,0
1347418800,177.00,178.08,175.31,176.69,524,0,0
1347505200,176.78,181.98,175.29,181.89,828,0,0
1347591600,185.30,185.46,182.06,183.00,451,0,0
1347850800,182.50,183.95,182.29,182.72,311,0,0
1347937200,182.75,183.75,181.57,182.74,436,0,0
1348023600,183.00,183.68,182.29,182.33,212,0,0
1348110000,181.24,183.37,179.93,183.00,513,0,0
1348196400,183.91,184.27,182.63,183.00,238,0,0
1348455600,181.44,182.25,180.56,181.04,299,0,0
1348542000,181.74,182.24,177.89,177.91,488,0,0
1348628400,178.58,179.31,176.55,176.66,361,0,0
1348714800,178.01,180.00,177.68,178.93,373,0,0
1348801200,178.60,179.43,177.12,178.30,433,0,0
1349060400,179.57,182.91,179.25,179.86,704,0,0
1349146800,180.69,180.90,175.49,177.17,731,0,0
1349233200,178.24,182.00,176.56,181.57,756,0,0
1349319600,182.14,184.07,181.54,184.02,319,0,0
1349406000,185.02,191.99,185.02,187.39,1158,0,0
1349665200,187.94,189.90,187.33,188.69,440,0,0
1349751600,188.94,190.34,188.69,188.99,326,0,0
1349838000,188.61,188.99,187.24,187.36,226,0,0
1349924400,187.80,188.61,185.50,185.79,422,0,0
1350010800,185.68,187.75,183.26,184.31,762,0,0
1350270000,186.52,188.00,184.35,185.37,616,0,0
1350356400,187.24,190.87,186.84,189.97,534,0,0
1350442800,191.49,192.00,188.69,189.13,427,0,0
1350529200,188.81,192.08,188.40,190.00,618,0,0
1350615600,189.41,190.20,188.39,188.94,316,0,0
1350874800,188.49,189.41,186.67,189.27,471,0,0
1350961200,187.01,189.29,185.71,187.87,631,0,0
1351047600,188.30,190.28,186.33,186.99,660,0,0
1351134000,188.45,189.08,186.18,187.12,448,0,0
1351220400,187.30,188.40,186.44,186.99,362,0,0
1351648800,189.09,190.99,188.34,189.68,472,0,0
1351735200,189.52,190.46,188.84,190.07,270,0,0
1351821600,190.86,192.31,189.32,189.52,465,0,0
1352080800,188.82,190.25,187.36,189.50,511,0,0
1352167200,191.09,191.86,189.51,191.42,438,0,0
1352253600,188.98,190.60,188.50,190.00,319,0,0
1352340000,190.31,191.59,187.10,187.10,578,0,0
1352426400,186.70,189.02,186.47,186.83,498,0,0
1352685600,187.25,189.50,186.31,188.53,511,0,0
1352772000,187.27,190.09,187.24,188.34,464,0,0
1352858400,188.76,189.19,186.25,186.60,373,0,0
1352944800,186.50,187.55,185.20,186.96,425,0,0
1353031200,188.13,190.16,185.41,186.99,837,0,0
1353290400,189.46,191.21,189.15,191.16,243,0,0
1353376800,190.81,193.80,190.30,193.80,402,0,0
1353463200,194.73,194.99,192.07,193.75,487,0,0
1353636000,194.71,195.60,194.08,195.54,222,0,0
1353895200,194.48,195.21,193.28,194.09,348,0,0
1353981600,196.35,196.35,192.81,194.82,556,0,0
1354068000,194.51,198.88,194.00,197.43,685,0,0
1354154400,196.74,197.54,194.21,195.62,555,0,0
1354240800,195.45,197.23,194.52,197.04,384,0,0
1354500000,198.13,199.35,195.09,195.33,573,0,0
1354586400,195.02,195.75,191.19,191.26,537,0,0
1354672800,191.20,193.55,190.24,192.44,539,0,0
1354759200,192.40,193.85,191.69,193.75,298,0,0
1354845600,194.42,194.85,193.31,194.76,275,0,0
1355104800,194.78,195.82,194.00,195.72,271,0,0
1355191200,195.77,199.65,195.77,199.45,409,0,0
1355277600,200.34,201.73,199.04,200.67,506,0,0
1355364000,200.64,201.33,200.14,200.72,231,0,0
1355450400,200.75,202.20,199.99,201.63,355,0,0
1355709600,201.67,206.60,200.44,206.60,740,0,0
1355796000,205.60,208.70,204.27,205.50,877,0,0
1355882400,208.66,209.12,205.45,205.80,449,0,0
1355968800,206.88,209.63,205.88,209.34,505,0,0
1356055200,206.62,208.39,205.24,207.17,576,0,0
1356314400,204.50,208.54,204.37,208.16,469,0,0
1356487200,207.50,208.79,204.24,205.44,705,0,0
1356573600,205.49,206.87,202.78,206.77,691,0,0
1356660000,205.13,206.83,202.51,204.35,787,0,0
1356919200,204.13,207.05,203.77,207.05,365,0,0
1357092000,210.90,213.76,208.38,213.23,844,0,0
1357178400,214.92,215.75,211.12,213.37,772,0,0
1357264800,214.52,219.12,213.40,217.13,884,0,0
1357524000,218.39,218.99,215.24,217.56,668,0,0
1357610400,217.49,218.40,213.57,215.55,773,0,0
1357696800,214.55,218.01,213.80,215.91,707,0,0
1357783200,216.74,219.31,215.49,219.20,519,0,0
1357869600,218.40,221.51,217.25,221.50,543,0,0
1358128800,220.44,224.07,219.85,223.44,545,0,0
1358215200,220.80,224.55,220.72,223.34,513,0,0
1358301600,223.55,223.88,220.79,223.50,614,0,0
1358388000,233.50,234.35,227.12,232.99,1396,0,0
1358474400,233.00,234.84,231.30,233.82,627,0,0
1358820000,235.24,237.00,234.00,234.80,557,0,0
1358906400,238.54,239.23,234.25,234.25,568,0,0
1358992800,235.23,238.31,235.16,235.17,625,0,0
1359079200,236.82,237.77,235.22,237.70,423,0,0
1359338400,236.75,236.91,233.04,233.58,458,0,0
1359424800,235.70,238.01,233.25,237.46,777,0,0
1359511200,237.46,238.50,236.14,237.20,447,0,0
1359597600,236.70,238.46,235.52,236.47,566,0,0
1359684000,237.97,238.10,29.80,235.96,41460,0,0
1359943200,234.76,236.15,231.96,235.78,737,0,0
1360029600,235.09,239.48,233.20,237.93,973,0,0
1360116000,237.49,239.49,237.04,239.39,301,0,0
1360202400,240.29,240.61,234.68,237.21,879,0,0
1360288800,236.05,239.80,236.05,238.75,481,0,0
1360548000,238.50,240.13,237.37,239.26,477,0,0
1360634400,239.91,241.09,238.65,240.00,480,0,0
1360720800,239.99,244.09,239.92,243.56,478,0,0
1360807200,243.56,246.64,242.25,245.40,695,0,0
1360893600,245.40,246.88,242.39,243.45,704,0,0
1361239200,245.50,245.74,242.67,244.02,467,0,0
1361325600,244.56,244.64,238.95,239.01,584,0,0
1361412000,239.46,239.51,235.30,238.35,732,0,0
1361498400,238.19,241.77,236.38,241.61,737,0,0
1361584800,241.60,241.61,241.60,241.61,2,0,0
1361757600,242.13,243.77,235.90,238.30,1192,0,0
1361844000,237.46,239.20,234.32,235.73,804,0,0
1361930400,236.15,242.33,235.45,240.36,956,0,0
1362016800,241.13,242.12,237.75,238.68,630,0,0
1362103200,238.68,239.62,233.79,236.26,925,0,0
1362362400,236.36,241.65,236.19,240.62,667,0,0
1362448800,240.01,244.70,240.01,244.31,509,0,0
1362535200,245.96,249.97,245.38,249.48,567,0,0
1362621600,250.65,251.75,246.99,247.11,599,0,0
1362708000,250.15,250.92,246.71,246.71,499,0,0
1362794400,246.50,246.75,246.50,246.75,26,0,0
1362967200,248.31,248.80,246.39,248.80,434,0,0
1363053600,246.78,250.28,246.78,248.07,572,0,0
1363140000,249.42,255.50,248.74,253.31,964,0,0
1363226400,255.79,257.74,254.24,256.87,593,0,0
1363312800,256.62,256.90,254.38,256.15,458,0,0
1363572000,254.66,256.50,250.97,255.26,1047,0,0
1363658400,254.36,256.14,250.67,252.57,916,0,0
1363744800,254.67,259.65,254.67,257.83,681,0,0
1363831200,258.70,258.75,252.79,253.41,664,0,0
1363917600,254.65,255.92,251.86,254.49,797,0,0
1364176800,254.47,257.09,251.39,253.59,1053,0,0
1364263200,251.48,258.68,251.32,257.25,896,0,0
1364349600,256.10,257.98,254.80,255.95,622,0,0
1364436000,257.34,258.18,255.29,258.12,501,0,0
1364785200,256.46,257.30,252.50,254.01,716,0,0
1364871600,254.37,257.85,253.50,257.44,564,0,0
1364958000,258.00,258.20,247.17,247.17,1124,0,0
1365044400,249.23,251.14,246.98,249.25,831,0,0
1365130800,248.42,248.42,241.06,243.98,1029,0,0
1365390000,244.87,249.36,244.09,247.78,764,0,0
1365476400,250.75,255.95,248.82,255.94,908,0,0
1365562800,255.96,262.33,254.98,261.80,887,0,0
1365649200,260.56,266.25,259.96,266.23,692,0,0
1365735600,262.29,265.05,262.17,263.28,478,0,0
1365994800,260.26,262.20,253.87,255.44,1185,0,0
1366081200,260.03,261.95,251.49,259.50,2040,0,0
1366167600,255.30,255.39,249.09,252.55,986,0,0
1366254000,250.65,251.16,243.71,243.97,823,0,0
1366340400,248.65,250.45,246.15,249.99,727,0,0
1366599600,251.13,253.01,247.48,249.12,906,0,0
1366686000,248.80,259.93,248.80,258.69,1238,0,0
1366772400,258.68,260.81,257.74,258.58,605,0,0
1366858800,260.13,264.30,259.30,263.96,618,0,0
1366945200,262.68,265.72,262.22,265.29,440,0,0
1367204400,264.17,269.63,263.13,269.63,755,0,0
1367290800,269.75,269.80,265.82,266.45,467,0,0
1367377200,267.00,267.03,258.84,259.54,893,0,0
1367463600,262.51,263.60,260.77,262.20,536,0,0
1367550000,265.26,272.49,265.17,272.49,742,0,0
1367809200,270.75,276.07,270.52,274.87,699,0,0
1367895600,274.35,276.88,272.48,276.88,628,0,0
1367982000,276.90,277.36,273.11,275.73,734,0,0
1368068400,273.98,278.80,272.41,275.77,1100,0,0
1368154800,275.75,277.50,275.32,276.59,353,0,0
1368414000,276.05,281.02,275.42,279.27,799,0,0
1368500400,279.81,284.96,279.74,283.37,689,0,0
1368586800,283.36,289.40,282.98,288.68,753,0,0
1368673200,288.12,290.82,284.85,287.21,1104,0,0
1368759600,286.96,291.17,286.18,290.90,605,0,0
1369018800,288.18,291.84,288.18,290.90,461,0,0
1369105200,290.53,293.17,288.96,291.72,724,0,0
1369191600,294.00,298.14,282.86,286.62,2319,0,0
1369278000,282.93,283.60,277.67,282.71,1165,0,0
1369364400,280.88,284.97,279.87,283.26,783,0,0
1369710000,285.15,292.26,285.13,286.95,1247,0,0
1369796400,284.36,288.86,282.86,284.20,1185,0,0
1369882800,281.11,286.71,280.82,285.11,779,0,0
1369969200,282.51,286.28,277.00,277.16,1322,0,0
1370228400,282.08,282.08,273.14,278.20,1401,0,0
1370314800,278.15,281.51,274.65,276.21,1179,0,0
1370401200,276.10,276.94,264.35,268.05,1714,0,0
1370487600,265.71,268.54,260.57,268.44,1322,0,0
1370574000,277.30,282.35,276.44,282.35,678,0,0
1370833200,281.63,282.53,276.48,281.44,1192,0,0
1370919600,277.45,279.69,275.40,276.17,731,0,0
1371006000,278.27,279.19,267.25,267.25,1287,0,0
1371092400,268.70,274.25,264.80,273.51,1410,0,0
1371178800,269.99,273.10,268.06,268.81,891,0,0
1371438000,273.00,278.13,270.91,274.50,1295,0,0
1371524400,277.93,279.15,274.88,276.67,729,0,0
1371610800,277.42,277.58,268.18,270.04,1143,0,0
1371697200,265.62,265.62,250.63,251.30,1567,0,0
1371783600,255.56,256.40,242.06,249.25,2238,0,0
1372042800,243.86,248.16,240.56,245.55,1352,0,0
1372129200,248.39,253.83,247.79,252.40,808,0,0
1372215600,255.41,259.40,253.46,257.93,937,0,0
1372302000,260.43,266.05,258.78,265.96,902,0,0
1372388400,263.25,263.25,256.27,256.68,740,0,0
1372647600,257.79,260.88,255.84,256.02,832,0,0
1372734000,255.50,259.39,254.68,256.82,811,0,0
1372993200,257.84,258.65,253.40,258.13,1022,0,0
1373252400,258.88,260.97,255.00,255.45,852,0,0
1373338800,258.90,263.89,255.40,263.89,1200,0,0
1373425200,262.38,266.31,262.38,264.66,559,0,0
1373511600,270.50,272.36,267.18,270.63,1024,0,0
1373598000,269.66,269.69,265.96,269.44,725,0,0
1373857200,270.20,271.22,268.98,269.75,404,0,0
1373943600,270.45,273.31,265.56,268.31,1337,0,0
1374030000,268.01,272.00,268.01,270.01,599,0,0
1374116400,275.00,279.65,271.50,277.41,1390,0,0
1374462000,280.94,285.99,277.94,285.41,1164,0,0
1374548400,285.52,287.75,284.83,287.75,362,0,0
1374634800,285.53,286.52,282.61,284.03,633,0,0
1374721200,282.81,286.50,281.51,284.98,782,0,0
1374807600,283.52,286.40,282.01,286.23,608,0,0
1375066800,286.29,286.66,280.85,282.38,772,0,0
1375153200,284.23,285.50,282.01,283.73,649,0,0
1375239600,283.01,285.76,281.26,282.16,816,0,0
1375326000,285.75,287.20,283.88,287.13,527,0,0
1375412400,287.43,287.43,284.42,286.46,506,0,0
1375671600,285.37,286.04,283.53,285.71,469,0,0
1375758000,286.30,286.54,282.86,286.08,715,0,0
1375844400,283.51,283.51,278.13,281.03,829,0,0
1375930800,282.99,284.03,278.39,278.47,677,0,0
1376276400,278.93,280.21,276.75,278.21,621,0,0
1376362800,278.21,280.61,276.24,277.57,811,0,0
1376449200,279.38,280.69,277.31,277.39,478,0,0
1376535600,273.99,274.22,267.63,270.06,926,0,0
1376622000,268.84,272.81,268.20,269.42,865,0,0
1376881200,269.13,270.80,264.65,265.94,912,0,0
1376967600,266.71,268.74,266.67,268.66,220,0,0
1377054000,266.94,268.16,263.86,264.34,601,0,0
1377140400,264.72,268.85,264.72,268.46,453,0,0
1377226800,267.02,270.06,266.42,270.05,426,0,0
1377486000,269.17,272.74,267.97,268.65,903,0,0
1377572400,268.26,268.70,258.87,259.01,1042,0,0
1377658800,258.23,262.79,257.75,259.53,879,0,0
1377831600,261.77,262.72,259.27,260.37,551,0,0
1378177200,264.75,266.47,260.94,263.70,1002,0,0
1378263600,264.76,267.30,261.76,265.92,993,0,0
1378350000,266.71,266.86,261.96,262.86,596,0,0
1378436400,263.64,264.43,259.50,261.24,747,0,0
1378695600,262.33,263.16,259.94,263.00,578,0,0
1378782000,265.67,268.11,265.33,268.04,320,0,0
1378868400,262.97,264.75,260.60,261.39,673,0,0
1378954800,261.26,264.22,260.92,264.05,382,0,0
1379041200,262.86,264.81,261.58,264.72,461,0,0
1379386800,272.53,273.45,271.17,271.31,335,0,0
1379473200,272.58,281.55,271.63,279.43,1300,0,0
1379559600,280.73,285.31,280.61,284.96,518,0,0
1379905200,277.00,277.66,272.96,274.89,730,0,0
1379991600,274.92,275.46,272.16,274.46,615,0,0
1380078000,270.97,271.80,268.59,270.33,579,0,0
1380164400,270.62,273.40,270.61,272.50,371,0,0
1380250800,271.30,271.77,268.40,270.16,561,0,0
1380510000,268.96,271.09,266.54,270.54,753,0,0
1380596400,270.48,270.67,266.92,270.04,707,0,0
1380682800,268.07,271.14,266.37,271.08,654,0,0
1380769200,269.41,271.91,266.30,269.90,1074,0,0
1380855600,269.39,272.23,269.39,272.12,296,0,0
1381114800,268.23,270.20,267.07,268.15,619,0,0
1381201200,268.15,268.88,259.80,261.76,1178,0,0
1381287600,263.48,269.33,263.48,266.84,835,0,0
1381374000,271.50,277.70,270.75,276.81,860,0,0
1381460400,276.24,281.15,276.23,280.53,556,0,0
1381719600,280.39,282.61,278.38,282.29,657,0,0
1381806000,282.09,284.89,281.34,282.60,660,0,0
1381892400,284.58,293.39,282.66,290.57,1548,0,0
1381978800,291.00,300.00,288.00,299.31,1570,0,0
1382324400,301.74,303.44,300.55,301.58,563,0,0
1382410800,302.40,307.59,302.18,304.13,910,0,0
1382497200,304.53,304.88,300.22,303.72,852,0,0
1382583600,304.07,308.45,303.31,306.88,748,0,0
1382925600,309.55,310.48,305.99,308.93,837,0,0
1383012000,309.23,309.89,307.73,309.35,421,0,0
1383098400,308.79,311.37,305.70,305.99,855,0,0
1383184800,307.08,308.78,300.55,301.72,1111,0,0
1383616800,302.71,304.20,300.45,301.82,662,0,0
1383703200,306.75,307.01,303.44,304.80,520,0,0
1383789600,306.15,307.11,294.85,296.25,1463,0,0
1384135200,300.68,303.62,300.02,302.17,572,0,0
1384221600,301.00,302.28,296.50,297.01,758,0,0
1384308000,295.82,298.85,294.30,298.67,626,0,0
1384394400,299.53,302.84,297.93,302.51,685,0,0
1384740000,307.10,307.10,303.02,303.72,479,0,0
1384826400,303.95,306.02,301.68,302.39,713,0,0
1384912800,303.11,305.17,297.53,299.09,1127,0,0
1384999200,299.72,303.88,297.84,303.50,831,0,0
1385344800,304.01,305.29,301.26,301.74,580,0,0
1385431200,302.16,305.72,301.91,303.43,636,0,0
1385517600,303.25,307.82,303.02,307.68,518,0,0
1385690400,307.41,308.86,302.49,302.82,816,0,0
1385949600,304.46,309.15,302.51,306.33,1142,0,0
1386036000,302.89,304.36,296.45,298.58,1152,0,0
1386122400,298.42,300.32,292.10,295.21,1324,0,0
1386208800,295.44,296.71,293.54,295.47,632,0,0
1386295200,298.57,302.09,298.57,301.71,391,0,0
1386554400,302.48,304.84,300.69,302.57,822,0,0
1386640800,301.20,302.84,298.53,300.28,771,0,0
1386727200,300.28,300.70,292.08,292.35,932,0,0
1386813600,293.66,295.49,291.71,292.89,680,0,0
1387159200,299.45,304.92,299.44,304.79,563,0,0
1387245600,304.78,305.74,302.24,302.66,489,0,0
1387332000,304.15,309.78,298.30,308.90,1822,0,0
1387418400,308.18,309.54,306.11,306.74,543,0,0
1387504800,309.57,317.15,308.58,314.36,1236,0,0
1387764000,315.78,317.76,313.19,314.70,807,0,0
1387850400,315.35,316.26,314.04,316.00,380,0,0
1388023200,316.50,317.65,313.04,315.20,793,0,0
1388109600,315.96,318.52,314.90,316.49,672,0,0
1388368800,316.33,316.92,313.93,316.04,570,0,0
1388455200,317.50,318.58,315.08,316.48,599,0,0
1388628000,315.19,315.19,310.25,312.73,743,0,0
1388714400,311.20,315.85,311.17,314.25,632,0,0
1388973600,315.49,317.61,312.48,313.40,818,0,0
1389060000,315.52,319.31,312.48,316.90,1229,0,0
1389146400,316.47,319.42,315.14,317.23,781,0,0
1389232800,317.52,318.77,314.13,316.06,783,0,0
1389319200,315.05,316.76,311.39,316.76,904,0,0
1389578400,316.87,316.87,305.94,308.00,1300,0,0
1389664800,306.50,311.44,306.50,310.59,580,0,0
1389751200,312.51,313.37,309.15,312.75,821,0,0
1389837600,325.88,329.25,313.53,317.25,2282,0,0
1389924000,320.38,322.21,315.00,315.00,905,0,0
1390269600,317.36,320.22,315.71,319.50,689,0,0
1390356000,318.00,324.72,318.00,323.56,789,0,0
1390442400,322.33,322.33,315.20,315.38,732,0,0
1390528800,317.80,317.80,302.14,302.14,1567,0,0
1390788000,304.40,307.34,297.75,297.83,1262,0,0
1390874400,301.14,304.36,299.83,304.31,590,0,0
1390960800,304.00,304.70,298.33,300.05,880,0,0
1391047200,300.51,307.14,300.00,304.01,1079,0,0
1391133600,302.25,304.92,297.86,298.54,1042,0,0
1391392800,298.73,300.22,284.75,285.81,1803,0,0
1391479200,287.29,292.47,286.16,289.32,1060,0,0
1391565600,288.38,294.29,286.10,287.79,1580,0,0
1391652000,292.65,295.61,290.63,294.73,789,0,0
1391738400,296.51,299.99,294.75,299.82,718,0,0
1391997600,298.00,302.01,296.79,301.10,735,0,0
1392084000,300.73,306.42,300.15,305.09,819,0,0
1392170400,305.83,307.32,302.26,303.76,806,0,0
1392256800,297.90,305.92,297.90,303.06,1089,0,0
1392343200,303.08,306.60,302.76,303.84,693,0,0
1392688800,305.32,306.55,305.12,305.12,267,0,0
1392775200,304.30,307.92,300.20,300.60,1175,0,0
1392861600,301.56,301.97,297.72,300.37,732,0,0
1392948000,301.25,302.28,298.32,298.49,517,0,0
1393207200,299.70,305.58,299.25,302.48,989,0,0
1393293600,302.27,303.72,299.63,301.16,708,0,0
1393380000,299.95,301.19,295.90,297.66,830,0,0
1393466400,297.03,306.92,297.03,306.92,990,0,0
1393552800,306.00,308.73,303.44,304.89,948,0,0
1393639200,302.97,304.84,302.97,304.84,188,0,0
1393812000,301.71,302.39,297.68,300.33,805,0,0
1393898400,304.80,308.83,303.67,307.12,801,0,0
1393984800,305.10,307.84,304.98,305.05,568,0,0
1394071200,305.06,312.20,305.06,311.50,785,0,0
1394157600,312.92,313.67,309.62,310.70,589,0,0
1394416800,310.69,310.82,306.74,308.20,568,0,0
1394503200,308.06,310.91,307.64,308.11,650,0,0
1394589600,307.26,308.86,304.62,308.77,698,0,0
1394676000,310.50,310.50,298.71,300.03,1312,0,0
1394762400,298.45,301.12,293.80,293.89,1009,0,0
1395021600,299.17,302.13,297.29,297.50,802,0,0
1395108000,300.32,301.80,299.10,299.10,419,0,0
1395194400,301.79,301.97,296.03,298.42,852,0,0
1395280800,297.92,302.48,296.89,301.00,811,0,0
1395367200,303.60,304.17,298.99,300.47,724,0,0
1395626400,301.32,304.29,298.77,304.20,817,0,0
1395712800,302.20,308.83,301.47,308.83,810,0,0
1395799200,309.03,313.15,308.12,308.16,920,0,0
1395885600,309.01,310.63,305.55,306.58,774,0,0
1395972000,308.29,313.87,307.60,308.73,1211,0,0
1396234800,314.34,315.56,313.09,314.58,471,0,0
1396321200,314.85,317.06,312.82,314.97,837,0,0
1396407600,317.01,321.30,316.06,320.22,728,0,0
1396494000,318.48,319.91,313.52,314.72,903,0,0
1396580400,317.80,320.00,308.39,309.73,1516,0,0
1396839600,309.15,310.27,303.20,304.01,901,0,0
1396926000,303.93,305.15,300.19,302.33,833,0,0
1397444400,296.18,298.99,294.92,297.73,660,0,0
1397530800,298.18,301.61,295.17,300.74,1033,0,0
1397617200,303.01,313.63,301.40,313.34,1414,0,0
1397703600,313.25,323.59,300.79,308.29,4065,0,0
1398049200,307.28,308.20,305.30,305.89,442,0,0
1398135600,305.29,310.30,305.05,308.18,762,0,0
1398222000,309.05,309.66,305.96,307.48,584,0,0
1398308400,306.31,307.18,302.83,303.53,593,0,0
1398394800,302.50,303.56,299.30,300.54,657,0,0
1398654000,302.07,303.53,295.46,298.47,1255,0,0
1398740400,299.82,302.54,299.80,300.50,481,0,0
1398826800,299.53,302.08,298.18,300.99,635,0,0
1398913200,299.98,303.03,298.09,303.03,684,0,0
1398999600,301.55,304.27,298.80,298.99,839,0,0
1399258800,298.64,299.55,295.34,298.49,828,0,0
1399345200,297.98,299.27,296.18,298.51,566,0,0
1399431600,297.58,299.63,295.19,298.90,757,0,0
1399518000,298.97,302.84,298.71,300.50,674,0,0
1399604400,300.99,302.64,298.66,302.38,658,0,0
1399863600,302.74,306.52,302.51,304.50,627,0,0
1399950000,304.61,307.39,302.11,302.92,888,0,0
1400036400,302.82,303.93,301.37,301.97,428,0,0
1400122800,300.62,301.15,295.20,297.03,832,0,0
1400209200,299.22,299.39,294.79,297.66,765,0,0
1400468400,297.17,299.79,296.54,299.04,464,0,0
1400554800,299.75,299.76,295.04,297.08,678,0,0
1400641200,297.34,301.00,297.15,299.96,509,0,0
1400727600,298.76,301.77,298.14,300.58,545,0,0
1400814000,299.98,302.33,299.84,302.33,264,0,0
1401159600,302.67,305.95,301.99,304.67,593,0,0
1401246000,305.26,305.67,301.27,301.51,506,0,0
1401332400,303.22,305.24,302.00,304.83,488,0,0
1401418800,305.43,305.97,303.38,304.89,465,0,0
1401678000,306.07,306.62,302.45,306.02,830,0,0
1401764400,304.34,310.32,304.34,309.10,721,0,0
1401850800,308.55,311.11,306.44,310.75,715,0,0
1401937200,310.14,310.84,306.60,309.91,826,0,0
1402023600,310.35,314.50,310.35,314.12,454,0,0
1402282800,313.20,315.74,312.54,314.54,507,0,0
1402369200,313.00,315.51,312.22,314.68,491,0,0
1402455600,312.21,313.88,310.04,311.41,689,0,0
1402542000,311.29,311.78,307.29,308.87,657,0,0
1402628400,308.75,310.63,307.73,310.30,426,0,0
1402887600,309.09,309.88,306.57,309.35,637,0,0
1402974000,308.13,312.18,306.05,312.03,837,0,0
1403060400,313.53,320.64,310.63,319.91,1365,0,0
1403146800,319.78,320.94,316.28,318.73,828,0,0
1403233200,319.64,319.64,316.78,318.10,419,0,0
1403492400,317.36,318.98,316.36,317.87,474,0,0
1403578800,317.08,319.95,315.41,316.26,827,0,0
1403665200,314.25,318.54,313.50,317.66,668,0,0
1403751600,317.50,317.50,312.64,316.12,835,0,0
1403838000,314.51,317.61,312.01,314.80,1092,0,0
1404097200,313.51,320.60,313.50,319.70,802,0,0
1404183600,321.00,324.82,320.33,322.30,769,0,0
1404270000,324.25,324.25,319.85,321.86,642,0,0
1404356400,320.12,324.32,320.12,323.58,495,0,0
1404702000,321.29,322.24,320.16,321.71,375,0,0
1404788400,319.62,321.53,317.90,319.15,680,0,0
1404874800,320.66,321.87,318.97,320.17,532,0,0
1404961200,317.35,317.98,314.03,315.89,645,0,0
1405047600,315.28,319.41,314.49,319.41,572,0,0
1405306800,319.97,323.80,319.06,323.22,624,0,0
1405393200,322.58,332.60,322.58,324.50,1813,0,0
1405479600,326.00,331.73,322.52,327.60,1683,0,0
1405566000,322.55,325.83,317.32,317.79,1227,0,0
1405652400,318.89,321.59,317.77,321.49,505,0,0
1405911600,318.02,320.39,317.42,318.64,533,0,0
1405998000,320.48,321.49,318.72,318.95,402,0,0
1406084400,320.40,320.40,316.53,316.55,390,0,0
1406170800,318.73,319.03,316.48,317.40,378,0,0
1406257200,316.02,317.00,313.67,314.92,557,0,0
1406516400,315.85,317.59,313.35,316.45,789,0,0
1406602800,317.67,319.22,314.41,314.61,657,0,0
1406689200,317.35,319.25,312.58,314.83,1083,0,0
1406775600,310.23,310.56,304.80,304.80,610,0,0
1406862000,305.94,306.48,301.86,306.48,871,0,0
1407121200,305.52,307.10,303.33,305.29,732,0,0
1407207600,303.60,304.98,300.29,301.05,684,0,0
1407294000,298.73,305.88,298.73,304.07,897,0,0
1407380400,306.67,307.30,301.62,302.96,766,0,0
1407466800,304.26,308.10,302.81,307.72,713,0,0
1407726000,308.82,310.76,308.11,308.40,489,0,0
1407812400,308.46,311.31,307.01,311.01,606,0,0
1407898800,313.44,314.23,311.69,313.05,470,0,0
1407985200,313.56,314.91,312.75,314.70,319,0,0
1408071600,314.22,315.50,312.51,315.12,509,0,0
1408330800,318.12,319.83,316.43,318.77,616,0,0
1408417200,318.35,321.76,318.35,321.55,363,0,0
1408503600,320.38,324.92,320.28,324.71,496,0,0
1408590000,323.50,326.42,322.94,326.23,424,0,0
1408676400,326.41,327.61,324.38,326.00,606,0,0
1408935600,327.50,333.41,327.29,333.04,671,0,0
1409022000,333.82,337.13,333.56,335.63,534,0,0
1409108400,338.11,338.15,332.06,333.52,760,0,0
1409194800,332.16,332.52,328.19,328.89,540,0,0
1409281200,329.96,330.80,328.62,330.63,370,0,0
1409626800,332.82,333.07,327.05,328.66,789,0,0
1409713200,330.75,332.85,329.70,332.85,421,0,0
1409799600,332.03,334.96,330.82,333.50,682,0,0
1409886000,330.87,332.80,328.25,332.69,729,0,0
1410145200,333.50,334.25,330.67,332.43,610,0,0
1410231600,331.15,331.75,327.86,328.52,516,0,0
1410318000,329.50,331.38,328.84,329.85,474,0,0
1410404400,329.37,329.37,326.85,328.52,420,0,0
1410490800,328.24,329.79,327.10,328.24,539,0,0
1410750000,327.79,328.56,326.17,326.98,398,0,0
1410836400,326.56,329.08,323.35,328.17,986,0,0
1410922800,327.74,331.77,326.89,330.07,744,0,0
1411009200,331.53,334.17,330.21,333.57,589,0,0
1411095600,333.14,335.49,330.55,331.86,861,0,0
1411354800,331.13,331.68,326.24,327.63,739,0,0
1411441200,325.98,328.64,324.37,325.03,760,0,0
1411527600,327.37,329.40,325.10,328.87,711,0,0
1411614000,326.77,328.63,320.56,321.57,1095,0,0
1411700400,327.03,336.86,325.00,334.89,1587,0,0
1411959600,332.17,333.31,328.87,330.68,740,0,0
1412046000,331.22,331.92,327.09,328.39,684,0,0
1412132400,327.61,328.08,321.86,323.22,806,0,0
1412218800,323.60,324.49,319.16,323.53,1060,0,0
1412305200,325.75,328.44,325.22,325.22,592,0,0
1412564400,329.25,329.28,324.19,326.01,695,0,0
1412650800,323.90,324.37,318.81,318.81,604,0,0
1412737200,320.86,325.32,315.12,324.80,1647,0,0
1412823600,327.80,327.87,315.13,315.26,1295,0,0
1412910000,311.75,315.67,308.61,308.78,1116,0,0
1413169200,309.94,309.96,303.22,304.12,767,0,0
1413255600,306.72,309.12,303.76,306.47,1048,0,0
1413342000,303.66,313.16,298.24,310.38,2313,0,0
1413428400,307.12,315.56,307.12,310.50,1351,0,0
1413514800,312.38,319.67,311.72,315.90,1239,0,0
1413774000,313.70,315.48,312.06,313.24,639,0,0
1413860400,316.17,320.38,315.65,319.06,658,0,0
1413946800,319.99,320.56,315.82,316.02,552,0,0
1414033200,320.50,324.21,319.53,321.96,791,0,0
1414119600,320.74,325.30,320.00,324.94,641,0,0
1414375200,324.25,325.29,322.14,324.71,585,0,0
1414461600,327.76,329.36,325.74,329.21,580,0,0
1414548000,328.44,332.79,328.11,332.08,573,0,0
1414634400,328.57,333.45,328.45,333.15,543,0,0
1414720800,336.88,342.17,335.66,340.89,902,0,0
1414980000,339.50,343.75,337.32,337.86,1123,0,0
1415066400,338.61,342.99,337.37,341.52,834,0,0
1415152800,340.53,347.51,340.53,344.02,1048,0,0
1415239200,343.60,348.24,343.60,347.49,540,0,0
1415325600,347.96,352.58,346.42,351.23,906,0,0
1415584800,351.50,351.87,350.08,350.54,263,0,0
1415671200,351.27,352.09,350.35,351.04,326,0,0
1415757600,349.75,350.56,347.96,349.85,511,0,0
1415844000,351.00,351.50,346.26,348.56,805,0,0
1415930400,349.42,349.77,347.38,347.68,305,0,0
1416189600,346.13,348.21,345.77,346.92,410,0,0
1416276000,348.49,349.60,346.87,349.60,436,0,0
1416362400,349.46,349.60,343.23,346.26,955,0,0
1416448800,343.75,350.25,343.43,349.95,745,0,0
1416535200,349.85,356.59,349.00,355.97,907,0,0
1416794400,357.53,358.62,354.41,355.74,664,0,0
1416880800,357.00,358.67,354.67,357.05,796,0,0
1416967200,358.08,358.22,355.13,356.08,419,0,0
1417140000,356.50,360.74,356.50,359.22,577,0,0
1417399200,356.98,358.08,353.92,355.63,698,0,0
1417485600,356.13,358.01,353.61,355.80,848,0,0
1417572000,356.10,357.65,355.32,357.49,328,0,0
1417658400,359.13,360.99,354.44,360.59,1165,0,0
1417744800,363.72,364.90,361.50,364.40,613,0,0
1418004000,360.55,368.58,359.53,363.70,1496,0,0
1418090400,360.17,362.96,358.25,362.55,705,0,0
1418176800,362.61,364.08,356.50,356.50,906,0,0
1418263200,359.51,360.80,352.61,353.79,1067,0,0
1418349600,350.45,355.08,340.89,341.42,1936,0,0
1418608800,348.21,348.21,337.43,339.40,1276,0,0
1418695200,337.68,345.51,334.83,337.03,2072,0,0
1418781600,345.91,348.83,343.73,348.47,765,0,0
1418868000,353.28,358.83,351.56,358.78,905,0,0
1418954400,359.25,364.51,358.42,358.43,1137,0,0
1419213600,359.84,361.64,358.21,361.09,562,0,0
1419300000,361.77,366.58,361.23,364.33,815,0,0
1419386400,364.15,365.92,362.54,363.74,636,0,0
1419559200,363.84,365.03,362.88,362.88,335,0,0
1419818400,363.42,366.43,361.27,363.67,1008,0,0
1419904800,366.60,366.60,360.33,362.21,816,0,0
1419991200,362.03,362.90,357.03,357.41,713,0,0
1420164000,359.80,359.80,352.73,356.58,1093,0,0
1420423200,354.96,355.40,346.77,347.62,993,0,0
1420509600,349.84,350.45,338.69,341.94,1563,0,0
1420596000,346.07,349.81,344.31,349.36,772,0,0
1420682400,347.78,354.65,347.78,353.33,820,0,0
1420768800,355.15,355.15,346.74,349.29,1097,0,0
1421028000,352.30,352.30,344.42,347.14,1061,0,0
1421114400,349.91,354.36,344.86,350.50,1842,0,0
1421200800,349.67,354.13,340.74,346.04,2316,0,0
1421287200,351.80,351.80,340.69,342.64,1307,0,0
1421373600,346.02,348.56,339.27,348.23,1638,0,0
1421719200,352.80,352.80,344.81,346.73,992,0,0
1421805600,347.50,351.03,343.10,349.48,1389,0,0
1421892000,351.40,361.95,348.76,360.70,1709,0,0
1421978400,363.17,364.50,355.19,355.34,1080,0,0
1422237600,355.90,357.92,352.77,357.51,870,0,0
1422324000,352.82,355.09,350.78,352.57,838,0,0
1422410400,353.49,354.70,344.85,345.09,1131,0,0
1422496800,346.40,348.03,342.92,347.04,959,0,0
1422583200,346.88,348.01,340.32,340.65,916,0,0
1422842400,343.50,348.13,339.68,346.06,1435,0,0
1422928800,349.33,353.36,348.52,352.80,622,0,0
1423015200,349.97,354.48,347.23,350.92,1356,0,0
1423101600,352.53,359.75,352.53,357.26,972,0,0
1423188000,359.60,367.38,359.60,362.57,1260,0,0
1423447200,360.50,362.23,358.79,360.74,665,0,0
1423533600,366.06,372.12,361.45,370.60,1681,0,0
1423620000,369.51,372.02,367.40,369.84,892,0,0
1423706400,371.26,375.46,370.99,374.96,525,0,0
1423792800,377.30,377.99,374.34,377.25,726,0,0
1423879200,378.75,378.75,377.00,377.00,176,0,0
1424138400,380.41,382.73,379.21,380.04,668,0,0
1424224800,383.30,383.30,376.98,377.64,699,0,0
1424311200,376.94,379.32,373.00,373.00,871,0,0
1424397600,377.00,378.05,373.15,375.74,855,0,0
1424656800,379.04,379.05,373.77,376.25,778,0,0
1424743200,377.54,379.77,376.90,378.18,511,0,0
1424829600,378.65,378.66,375.41,375.97,383,0,0
1424916000,377.76,377.76,373.82,375.12,525,0,0
1425002400,375.70,376.68,371.46,371.49,624,0,0
1425261600,367.45,376.70,366.99,376.28,1060,0,0
1425348000,374.40,375.32,370.91,371.94,637,0,0
1425434400,371.93,371.94,367.45,369.22,628,0,0
1425520800,371.95,371.96,367.53,369.85,677,0,0
1425607200,370.25,375.44,364.87,365.56,1646,0,0
1425866400,367.38,368.25,363.61,364.37,628,0,0
1425952800,360.39,361.89,356.12,356.42,758,0,0
1426039200,360.59,360.59,356.76,358.36,544,0,0
1426125600,359.48,368.90,359.47,368.58,977,0,0
1426212000,369.50,369.77,364.18,367.62,931,0,0
1426471200,370.64,374.77,369.31,374.05,752,0,0
1426557600,372.47,376.06,371.57,374.37,709,0,0
1426644000,378.78,380.85,377.13,380.64,559,0,0
1426730400,377.73,377.74,369.17,370.24,966,0,0
1426816800,373.78,379.51,371.01,378.84,1195,0,0
1427076000,376.16,380.54,374.10,374.18,1091,0,0
1427162400,373.51,373.75,369.11,369.16,494,0,0
1427248800,372.73,372.73,363.81,364.03,915,0,0
1427335200,351.24,364.86,351.24,362.15,1634,0,0
1427421600,362.90,363.72,355.00,359.21,1376,0,0
1427684400,365.00,369.56,363.92,368.27,802,0,0
1427770800,366.28,368.15,364.79,365.70,615,0,0
1427857200,364.60,366.80,362.09,362.61,744,0,0
1427943600,365.11,367.09,362.48,366.46,788,0,0
1428289200,362.50,369.11,361.67,367.08,1031,0,0
1428375600,367.50,370.90,366.71,368.61,728,0,0
1428462000,378.00,378.50,367.32,369.76,1413,0,0
1428548400,370.50,371.74,367.89,371.38,683,0,0
1428634800,372.13,372.53,368.03,370.03,691,0,0
1428894000,370.48,372.93,369.70,369.80,579,0,0
1428980400,369.27,374.08,366.91,372.20,1142,0,0
1429066800,375.00,377.49,373.52,376.87,608,0,0
1429239600,369.25,371.73,363.37,367.85,1533,0,0
1429498800,367.95,370.94,367.05,369.54,620,0,0
1429585200,372.50,372.50,367.13,367.44,569,0,0
1429671600,370.34,371.27,365.35,367.30,881,0,0
1429758000,369.25,372.54,366.97,370.93,947,0,0
1429844400,372.50,373.86,369.81,372.03,764,0,0
1430103600,373.70,376.67,371.15,371.79,914,0,0
1430190000,373.75,377.98,370.26,377.84,1136,0,0
1430276400,378.50,378.50,365.86,366.75,1354,0,0
1430362800,365.44,368.25,362.62,363.97,980,0,0
1430449200,366.39,369.18,365.67,369.01,441,0,0
1430708400,370.06,371.77,368.75,370.26,585,0,0
1430794800,372.75,372.75,365.17,366.03,845,0,0
1430881200,366.91,368.22,361.11,363.50,1082,0,0
1430967600,363.25,367.53,362.68,365.51,745,0,0
1431054000,371.14,371.22,369.41,369.93,242,0,0
1431313200,370.80,372.16,367.70,367.76,589,0,0
1431399600,368.26,368.26,361.30,365.91,1158,0,0
1431486000,364.66,366.51,363.53,365.03,560,0,0
1431572400,364.16,371.50,364.16,369.13,972,0,0
1431658800,372.72,372.97,368.57,370.73,682,0,0
1431918000,371.18,372.23,368.86,370.55,612,0,0
1432004400,371.76,372.03,368.94,370.98,541,0,0
1432090800,370.27,371.65,367.92,370.15,735,0,0
1432177200,371.17,371.24,368.05,368.33,355,0,0
1432263600,369.84,369.84,367.80,368.11,236,0,0
1432609200,367.80,368.47,364.84,365.10,457,0,0
1432695600,366.94,369.66,365.17,368.71,722,0,0
1432782000,365.93,369.78,365.93,369.50,414,0,0
1432868400,368.85,369.06,364.98,365.18,450,0,0
1433127600,365.31,366.99,362.60,364.37,785,0,0
1433214000,364.27,364.89,360.60,364.89,797,0,0
1433300400,364.26,367.10,362.79,365.02,787,0,0
1433386800,362.57,364.25,356.58,358.85,1163,0,0
1433473200,358.86,359.37,350.74,355.18,1359,0,0
1433732400,357.06,357.67,353.27,353.51,526,0,0
1433818800,349.11,355.88,349.11,352.54,1012,0,0
1433905200,354.17,358.05,354.10,355.45,663,0,0
1433991600,356.16,358.87,355.29,357.13,620,0,0
1434078000,355.50,356.83,352.87,353.39,582,0,0
1434337200,351.89,356.66,348.50,355.19,1303,0,0
1434423600,354.55,358.08,354.15,357.39,503,0,0
1434510000,358.16,360.04,356.34,357.37,662,0,0
1434596400,355.16,361.86,355.16,360.77,780,0,0
1434682800,361.25,361.25,357.94,359.23,461,0,0
1434942000,360.23,362.95,358.64,359.08,748,0,0
1435028400,360.04,361.17,359.25,360.25,364,0,0
1435114800,362.13,362.13,355.09,355.59,755,0,0
1435201200,356.11,356.38,350.95,352.15,691,0,0
1435287600,352.15,354.91,351.60,354.36,442,0,0
1435546800,349.86,351.82,343.78,344.28,1051,0,0
1435633200,346.41,349.08,343.94,345.94,982,0,0
1435719600,352.50,352.51,345.56,347.29,870,0,0
1435806000,347.06,348.26,343.64,345.24,743,0,0
1436151600,342.97,345.71,340.33,342.89,1069,0,0
1436238000,343.63,343.93,335.67,342.73,1563,0,0
1436324400,341.64,341.86,333.77,334.02,857,0,0
1436410800,341.34,342.80,336.27,336.76,849,0,0
1436497200,342.50,342.51,336.50,339.24,877,0,0
1436756400,342.18,345.42,341.06,343.93,698,0,0
1436842800,343.76,343.76,340.71,342.47,482,0,0
1436929200,345.00,347.77,341.05,346.46,1199,0,0
1437015600,349.46,356.93,349.46,356.89,752,0,0
1437102000,353.39,355.60,351.81,354.65,633,0,0
1437361200,355.23,355.74,351.95,352.93,529,0,0
1437447600,351.58,354.34,350.49,351.85,744,0,0
1437534000,351.95,351.95,349.31,349.93,327,0,0
1437620400,348.62,351.10,345.58,346.53,896,0,0
1437706800,347.21,347.30,340.25,341.29,819,0,0
1437966000,339.64,340.48,334.24,336.35,920,0,0
1438052400,338.22,338.78,335.38,335.50,409,0,0
1438138800,337.19,340.93,335.75,339.84,772,0,0
1438225200,340.37,340.68,337.90,338.74,394,0,0
1438311600,341.51,341.51,335.87,336.42,620,0,0
1438570800,337.55,338.11,332.71,334.61,787,0,0
1438657200,335.32,336.85,330.42,332.38,993,0,0
1438743600,335.31,338.07,334.00,334.73,757,0,0
1438830000,335.59,336.59,331.75,333.24,734,0,0
1438916400,332.71,334.35,329.15,331.94,964,0,0
1439175600,332.53,338.28,332.53,335.72,832,0,0
1439262000,332.97,333.82,329.14,329.99,639,0,0
1439348400,325.89,328.35,320.05,327.19,1531,0,0
1439434800,328.78,328.97,325.14,325.94,483,0,0
1439521200,326.25,328.76,325.55,328.29,439,0,0
1439780400,326.43,329.49,325.27,329.26,562,0,0
1439866800,327.51,328.96,327.22,328.83,217,0,0
1439953200,327.72,328.51,323.10,324.81,792,0,0
1440039600,319.00,323.67,316.75,317.09,1194,0,0
1440126000,313.76,316.72,306.99,307.30,1301,0,0
1440385200,295.00,306.09,276.54,298.08,5603,0,0
1440471600,310.29,310.63,294.65,294.66,1634,0,0
1440558000,303.13,304.05,295.74,303.05,1655,0,0
1440644400,306.17,314.92,306.17,314.36,932,0,0
1440730800,311.90,312.46,307.76,310.12,763,0,0
1440990000,306.85,307.46,301.45,301.45,663,0,0
1441076400,298.35,298.35,291.47,292.68,810,0,0
1441162800,294.87,300.70,294.34,298.90,870,0,0
1441249200,299.87,301.35,298.19,300.22,598,0,0
1441335600,298.82,300.01,292.48,294.31,1056,0,0
1441681200,299.36,302.48,296.89,301.50,905,0,0
1441767600,303.79,306.59,296.19,296.93,1395,0,0
1441854000,300.19,303.74,296.79,301.20,1290,0,0
1441940400,300.22,303.57,299.53,303.38,493,0,0
1442199600,303.30,303.74,300.33,300.97,450,0,0
1442286000,303.90,308.49,301.47,308.00,995,0,0
1442372400,310.68,314.21,307.81,313.38,1011,0,0
1442458800,312.96,316.43,310.71,311.71,1020,0,0
1442545200,310.91,313.49,307.99,308.90,900,0,0
1442804400,310.84,313.78,309.98,312.73,572,0,0
1442890800,307.97,307.97,301.74,304.46,896,0,0
1442977200,304.12,305.59,301.43,303.36,757,0,0
1443063600,301.40,301.92,299.14,300.78,495,0,0
1443150000,303.93,306.40,301.08,303.10,982,0,0
1443409200,301.95,301.95,293.86,294.22,846,0,0
1443495600,294.83,295.99,291.09,293.82,880,0,0
1443582000,297.37,299.33,294.67,297.29,925,0,0
1443668400,297.97,298.16,291.61,295.84,1098,0,0
1443754800,293.13,303.33,290.14,302.78,1674,0,0
1444014000,304.03,314.28,304.03,313.42,1112,0,0
1444100400,312.90,314.34,311.71,312.82,519,0,0
1444186800,315.33,321.31,315.33,320.54,676,0,0
1444273200,319.48,319.74,316.76,318.54,503,0,0
1444359600,319.27,320.85,315.25,318.06,1000,0,0
1444618800,318.35,318.35,311.78,315.57,1037,0,0
1444705200,312.35,317.29,312.35,315.49,675,0,0
1444791600,323.74,326.29,317.67,322.49,1600,0,0
1444878000,324.55,326.33,320.70,325.58,1024,0,0
1444964400,326.95,331.28,326.06,330.54,686,0,0
1445223600,329.39,330.14,326.44,327.72,574,0,0
1445310000,327.39,328.20,326.02,327.36,434,0,0
1445396400,327.57,328.68,321.72,322.03,839,0,0
1445482800,323.73,335.83,323.73,335.38,1256,0,0
1445569200,338.07,341.28,337.49,340.68,498,0,0
1445824800,339.04,340.37,335.92,336.92,679,0,0
1445911200,335.15,336.13,333.22,335.52,546,0,0
1445997600,336.72,346.31,336.04,346.29,1098,0,0
1446084000,344.75,350.93,344.60,350.01,741,0,0
1446170400,350.52,354.53,349.28,351.78,925,0,0
1446429600,353.50,356.65,352.33,354.40,775,0,0
1446516000,354.19,359.98,353.69,358.49,829,0,0
1446602400,358.12,360.97,355.08,356.81,1048,0,0
1446688800,356.80,359.22,355.24,357.28,749,0,0
1446775200,359.37,361.62,353.85,356.59,1277,0,0
1447034400,355.96,356.10,347.20,349.42,1127,0,0
1447120800,346.59,350.85,344.93,350.42,802,0,0
1447207200,351.73,352.82,349.84,350.38,462,0,0
1447293600,346.03,349.69,345.22,345.82,874,0,0
1447380000,344.30,347.22,342.43,343.23,852,0,0
1447639200,342.62,352.83,342.61,352.19,1088,0,0
1447725600,353.32,357.90,350.95,353.35,1388,0,0
1447812000,353.57,361.02,353.55,360.57,795,0,0
1447898400,358.87,360.92,357.92,358.96,592,0,0
1447984800,361.00,363.62,360.92,362.40,401,0,0
1448244000,362.82,364.56,361.32,363.26,605,0,0
1448330400,361.49,361.49,356.67,356.90,506,0,0
1448416800,357.97,362.14,356.89,360.70,778,0,0
1448589600,358.75,359.75,355.48,358.66,846,0,0
1448848800,359.50,364.86,358.52,364.01,818,0,0
1448935200,362.43,364.75,360.27,361.70,824,0,0
1449021600,361.46,363.23,356.25,358.93,1144,0,0
1449108000,359.76,360.78,350.20,352.02,1343,0,0
1449194400,352.89,361.55,352.89,360.61,961,0,0
1449453600,359.71,360.16,353.33,355.51,947,0,0
1449540000,353.47,353.88,348.44,349.03,645,0,0
1449626400,350.00,353.29,343.28,344.67,1470,0,0
1449712800,344.34,349.06,343.16,345.38,1077,0,0
1449799200,341.01,341.24,321.25,322.80,2178,0,0
1450058400,322.23,327.40,314.42,319.74,2348,0,0
1450144800,324.70,331.41,322.79,329.34,1261,0,0
1450231200,332.10,333.89,323.25,330.97,2016,0,0
1450317600,332.24,336.33,328.60,330.29,1352,0,0
1450404000,328.49,328.49,321.43,321.52,716,0,0
1450663200,325.27,328.07,322.52,325.66,1072,0,0
1450749600,327.00,331.29,322.71,330.58,1359,0,0
1450836000,333.18,340.03,332.99,339.61,766,0,0
1450922400,339.58,339.76,335.22,337.35,686,0,0
1451268000,335.91,342.77,335.64,342.43,775,0,0
1451354400,343.91,347.10,342.04,343.41,963,0,0
1451440800,342.86,345.10,341.16,342.15,718,0,0
1451527200,339.04,345.84,338.55,340.41,1322,0,0
1451872800,332.93,333.32,329.01,333.31,825,0,0
1451959200,333.28,335.97,329.28,334.08,1259,0,0
1452045600,328.46,331.97,327.07,330.26,801,0,0
1452132000,320.61,325.55,312.82,315.83,2069,0,0
1452218400,318.86,319.73,307.07,307.73,1420,0,0
1452477600,308.60,309.92,304.43,308.18,1057,0,0
1452564000,312.53,314.44,307.63,313.69,1247,0,0
1452650400,316.60,317.73,303.60,304.42,1609,0,0
1452736800,305.48,315.25,299.66,309.99,2668,0,0
1452823200,299.39,299.53,290.58,296.79,1531,0,0
1453168800,300.77,301.26,290.62,294.14,1466,0,0
1453255200,287.65,293.85,280.70,292.01,2195,0,0
1453341600,293.60,296.79,289.70,290.06,1065,0,0
1453428000,295.62,301.77,295.18,300.64,817,0,0
1453687200,299.96,300.50,289.25,289.78,1233,0,0
1453773600,291.77,300.27,291.37,299.30,1028,0,0
1453860000,298.56,310.28,297.85,302.17,2126,0,0
1453946400,302.33,307.95,298.04,299.10,1660,0,0
1454032800,304.16,314.30,302.31,314.29,1386,0,0
1454292000,311.66,314.30,306.70,312.12,1475,0,0
1454378400,298.99,302.31,298.07,301.26,622,0,0
1454464800,302.81,306.70,290.29,304.37,3127,0,0
1454551200,302.29,315.94,302.29,313.61,1599,0,0
1454637600,312.01,314.87,306.37,307.74,1274,0,0
1454896800,301.46,301.46,289.56,293.44,1579,0,0
1454983200,287.86,297.64,286.77,294.27,1534,0,0
1455069600,298.70,305.81,297.27,298.37,1676,0,0
1455156000,289.50,297.19,289.50,294.15,1074,0,0
1455242400,300.20,307.41,297.28,306.73,1374,0,0
1455588000,310.42,315.57,309.37,314.23,860,0,0
1455674400,318.18,321.21,317.14,319.79,654,0,0
1455760800,319.60,319.60,314.27,315.89,696,0,0
1455847200,313.94,314.47,307.66,314.15,1342,0,0
1456106400,318.87,321.75,312.33,316.34,1632,0,0
1456192800,314.83,317.42,306.41,309.73,1693,0,0
1456279200,303.93,309.53,298.22,307.99,1857,0,0
1456365600,310.90,313.74,304.12,313.60,1655,0,0
1456452000,316.17,318.42,312.13,313.84,1026,0,0
1456711200,312.46,315.54,311.18,311.83,810,0,0
1456797600,316.06,322.98,314.13,322.42,1135,0,0
1456884000,321.38,327.17,318.38,326.63,1234,0,0
1456970400,323.52,324.91,320.45,323.25,866,0,0
1457056800,323.70,325.85,320.74,323.66,1019,0,0
1457316000,320.52,327.67,319.60,326.77,990,0,0
1457402400,323.42,324.89,316.93,320.33,1284,0,0
1457488800,323.74,328.25,321.14,328.23,974,0,0
1457575200,328.85,329.94,320.21,324.97,1559,0,0
1457661600,328.22,340.12,328.04,339.55,1284,0,0
1457920800,338.15,338.86,334.22,337.67,881,0,0
1458007200,334.16,334.72,330.26,334.17,892,0,0
1458093600,332.06,335.52,329.75,334.19,942,0,0
1458180000,334.32,344.68,333.17,341.86,1549,0,0
1458266400,343.53,346.75,339.63,342.62,1334,0,0
1458525600,343.00,345.74,339.06,341.91,1228,0,0
1458612000,337.19,343.16,337.19,340.34,880,0,0
1458698400,340.11,341.65,337.29,339.30,792,0,0
1458784800,336.96,336.96,331.72,334.21,774,0,0
1459134000,335.44,338.52,334.16,337.01,716,0,0
1459220400,335.61,340.38,332.12,339.96,1218,0,0
1459306800,342.77,344.82,340.73,341.39,681,0,0
1459393200,340.99,344.22,339.97,340.38,790,0,0
1459479600,336.94,344.51,335.16,342.62,1303,0,0
1459738800,341.37,342.65,336.21,338.49,1001,0,0
1459825200,335.81,336.67,331.69,334.87,903,0,0
1459911600,334.86,338.77,333.95,337.26,725,0,0
1459998000,333.87,335.66,327.07,328.43,1175,0,0
1460084400,333.33,334.90,330.73,331.64,666,0,0
1460343600,333.51,337.27,332.85,333.02,836,0,0
1460430000,333.75,339.81,332.18,339.47,955,0,0
1460516400,342.15,348.58,342.15,348.48,654,0,0
1460602800,342.51,356.19,342.47,354.82,1514,0,0
1460689200,354.60,358.39,353.71,357.67,630,0,0
1460948400,353.08,359.43,353.07,357.90,791,0,0
1461034800,361.80,366.16,361.25,364.61,702,0,0
1461121200,365.25,368.83,364.66,366.76,684,0,0
1461207600,364.96,367.94,362.40,364.27,1040,0,0
1461294000,364.94,369.28,364.04,365.38,1005,0,0
1461553200,363.16,364.73,360.55,363.58,795,0,0
1461639600,362.80,365.94,362.30,365.80,429,0,0
1461726000,364.85,369.31,364.50,367.53,695,0,0
1461812400,363.55,365.84,357.73,358.97,1165,0,0
1461898800,356.58,358.18,353.38,356.39,942,0,0
1462158000,357.74,362.78,354.93,361.39,1206,0,0
1462244400,356.25,356.44,352.10,355.66,810,0,0
1462330800,351.40,355.27,351.31,352.27,706,0,0
1462417200,353.27,354.50,351.27,352.11,531,0,0
1462503600,349.40,357.08,349.40,356.13,864,0,0
1462762800,356.69,357.70,353.40,354.95,687,0,0
1462849200,357.20,360.33,357.06,360.06,369,0,0
1462935600,357.73,359.60,353.58,353.93,825,0,0
1463022000,355.35,357.56,352.78,355.70,922,0,0
1463108400,354.00,358.11,346.18,347.37,1724,0,0
1463367600,347.80,354.11,347.52,351.78,921,0,0
1463454000,351.36,352.67,347.60,348.76,755,0,0
1463540400,346.43,356.70,346.42,353.57,1343,0,0
1463626800,349.07,353.14,345.76,350.59,1325,0,0
1463713200,353.92,357.15,353.40,354.05,738,0,0
1463972400,353.93,356.44,353.16,354.16,634,0,0
1464058800,359.09,361.84,357.04,361.05,765,0,0
1464145200,363.93,365.44,363.29,363.91,429,0,0
1464231600,364.47,364.82,361.65,363.15,503,0,0
1464318000,362.90,366.05,362.84,365.18,415,0,0
1464663600,365.38,366.35,362.01,363.70,701,0,0
1464750000,361.85,365.81,359.15,364.52,1066,0,0
1464836400,358.52,362.39,356.76,360.99,880,0,0
1464922800,360.62,360.63,351.91,359.30,1613,0,0
1465182000,355.72,364.53,355.72,361.96,1139,0,0
1465268400,358.85,363.32,358.51,359.22,926,0,0
1465354800,355.54,361.72,355.35,360.40,789,0,0
1465441200,357.25,358.97,355.45,358.07,623,0,0
1465527600,349.86,352.87,345.74,347.01,1142,0,0
1465786800,351.40,351.40,344.45,344.72,723,0,0
1465873200,348.63,348.63,339.48,339.90,958,0,0
1465959600,341.44,344.14,339.04,339.75,852,0,0
1466046000,334.65,339.89,332.35,339.48,1026,0,0
1466132400,340.33,343.03,339.99,341.80,462,0,0
1466391600,349.20,351.75,347.93,348.65,710,0,0
1466478000,348.92,350.75,346.55,347.97,746,0,0
1466564400,351.76,351.76,346.82,347.57,570,0,0
1466650800,355.95,356.86,352.35,356.73,825,0,0
1466737200,338.49,343.92,331.15,332.45,1951,0,0
1466996400,325.67,327.19,317.60,319.70,1322,0,0
1467082800,327.77,328.07,318.20,323.93,1591,0,0
1467169200,336.76,336.87,327.57,336.71,1856,0,0
1467255600,340.92,342.57,334.56,342.51,1444,0,0
1467342000,341.10,346.18,339.67,341.18,1295,0,0
1467687600,333.08,339.18,332.64,335.89,1028,0,0
1467774000,330.92,338.14,329.79,336.17,1146,0,0
1467860400,335.07,338.00,331.21,335.09,1357,0,0
1467946800,343.54,345.36,339.08,345.10,1101,0,0
1468206000,343.11,350.22,343.11,347.36,998,0,0
1468292400,346.09,357.76,346.09,357.28,1216,0,0
1468378800,355.99,358.50,352.75,357.78,972,0,0
1468465200,336.98,361.85,336.50,355.28,3241,0,0
1468551600,355.65,361.66,351.62,356.67,1907,0,0
1468810800,357.83,362.26,355.00,357.89,1447,0,0
1468897200,356.17,357.51,352.02,356.66,1050,0,0
1468983600,355.09,375.59,355.09,359.83,3627,0,0
1469070000,359.53,365.72,353.00,359.50,2542,0,0
1469156400,359.89,363.20,359.17,362.96,500,0,0
1469415600,356.00,363.82,356.00,361.52,1013,0,0
1469502000,360.75,362.80,358.68,361.79,721,0,0
1469588400,362.04,365.58,361.23,363.46,729,0,0
1469674800,362.24,365.06,360.65,363.40,767,0,0
1469761200,362.59,367.10,361.96,366.37,651,0,0
1470020400,366.67,368.40,365.38,368.05,467,0,0
1470106800,367.00,367.57,364.95,367.16,509,0,0
1470193200,366.44,368.99,366.34,368.01,374,0,0
1470279600,368.07,369.24,365.81,366.31,511,0,0
1470366000,371.40,375.19,369.15,374.70,879,0,0
1470625200,371.92,376.24,370.94,371.74,1043,0,0
1470711600,372.94,372.94,368.32,368.60,491,0,0
1470798000,368.95,369.61,365.53,366.57,579,0,0
1470884400,366.01,368.84,366.01,367.36,432,0,0
1470970800,365.89,367.01,364.04,366.70,514,0,0
1471230000,366.67,371.73,366.67,370.79,601,0,0
1471316400,370.21,370.51,366.99,367.10,394,0,0
1471402800,367.15,370.31,366.72,369.94,440,0,0
1471489200,369.10,370.85,369.10,370.84,177,0,0
1471575600,370.30,372.81,367.86,371.98,823,0,0
1471834800,371.47,372.61,369.89,371.66,526,0,0
1471921200,376.50,376.51,372.21,372.25,436,0,0
1472007600,372.19,372.67,368.53,369.27,537,0,0
1472094000,368.20,369.30,366.66,368.60,489,0,0
1472180400,368.92,373.91,368.47,371.20,861,0,0
1472439600,372.20,375.70,371.73,373.91,624,0,0
1472526000,373.53,376.60,373.38,376.00,398,0,0
1472612400,371.31,374.13,370.69,372.73,547,0,0
1472698800,373.61,375.28,366.81,372.06,1540,0,0
1472785200,374.31,375.57,371.85,373.88,702,0,0
1473130800,371.75,373.94,369.75,371.66,830,0,0
1473217200,369.87,373.63,369.72,373.63,407,0,0
1473303600,373.22,373.55,371.26,372.26,363,0,0
1473390000,367.24,370.29,362.18,362.19,1118,0,0
1473649200,359.19,369.36,359.04,368.12,1172,0,0
1473735600,364.52,365.60,358.99,360.91,962,0,0
1473822000,362.12,364.78,359.14,360.65,982,0,0
1473908400,361.52,366.87,359.70,365.40,1047,0,0
1473994800,361.52,366.27,360.12,365.62,821,0,0
1474254000,369.62,372.48,366.63,368.08,1017,0,0
1474340400,371.67,373.76,365.77,365.77,1009,0,0
1474426800,368.82,371.20,366.34,370.41,814,0,0
1474513200,370.63,375.81,370.63,374.01,699,0,0
1474599600,369.98,373.07,365.63,365.67,1058,0,0
1474858800,363.11,364.49,359.89,360.73,683,0,0
1474945200,360.27,362.70,358.29,361.63,747,0,0
1475031600,363.67,363.67,359.24,361.55,675,0,0
1475118000,363.17,363.58,354.32,357.19,1255,0,0
1475204400,358.62,363.86,357.96,362.31,812,0,0
1475463600,361.23,364.08,357.92,359.85,1095,0,0
1475550000,361.08,361.75,355.21,356.28,829,0,0
1475636400,356.60,359.72,355.62,358.21,660,0,0
1475722800,359.21,359.30,356.12,356.70,386,0,0
1475809200,360.72,360.72,355.37,357.34,733,0,0
1476068400,358.70,362.03,357.98,358.52,793,0,0
1476154800,355.85,357.72,350.41,351.93,1071,0,0
1476241200,352.17,353.96,350.47,351.17,599,0,0
1476327600,349.50,350.87,344.30,349.39,1304,0,0
1476414000,353.23,356.94,350.99,355.10,1004,0,0
1476673200,354.02,356.93,352.84,354.67,754,0,0
1476759600,355.26,359.36,355.26,356.77,670,0,0
1476846000,357.87,357.87,352.81,352.83,509,0,0
1476932400,352.79,354.75,348.81,348.99,809,0,0
1477018800,345.90,347.63,344.59,345.59,578,0,0
1477278000,348.60,351.17,342.40,342.94,1189,0,0
1477364400,342.39,344.38,341.35,341.42,510,0,0
1477450800,340.53,341.30,337.00,340.08,816,0,0
1477537200,345.22,345.22,337.12,340.29,1128,0,0
1477623600,340.82,342.27,337.84,339.75,780,0,0
1477879200,340.82,343.12,339.04,341.20,779,0,0
1477965600,342.44,344.16,338.67,340.93,948,0,0
1478052000,340.08,341.43,337.43,338.76,669,0,0
1478138400,343.43,343.43,336.51,341.30,1172,0,0
1478224800,341.20,348.70,339.68,345.89,1336,0,0
1478484000,354.49,358.86,352.04,357.75,1039,0,0
1478570400,353.03,356.63,351.96,353.45,893,0,0
1478656800,351.94,365.86,349.39,364.32,2057,0,0
1478743200,372.06,380.28,367.12,375.01,2338,0,0
1478829600,371.97,374.08,367.92,370.98,1134,0,0
1479088800,373.02,375.51,369.87,374.01,1030,0,0
1479175200,372.62,373.19,367.77,372.28,1051,0,0
1479261600,367.38,372.18,367.38,367.48,951,0,0
1479348000,368.37,371.82,367.22,371.27,631,0,0
1479434400,371.25,375.18,370.67,372.95,733,0,0
1479693600,374.19,375.08,372.25,374.64,522,0,0
1479780000,375.17,375.83,370.66,372.87,805,0,0
1479866400,369.13,373.52,368.76,372.99,567,0,0
1480039200,375.03,375.04,371.21,373.02,566,0,0
1480298400,372.88,373.05,368.21,368.73,554,0,0
1480384800,369.15,374.26,366.44,368.66,1516,0,0
1480471200,368.86,375.07,367.11,370.81,1398,0,0
1480557600,371.03,381.29,369.29,377.61,1743,0,0
1480644000,377.14,378.94,369.53,370.25,1194,0,0
1480903200,373.22,376.51,371.72,374.36,845,0,0
1480989600,374.46,380.56,371.25,374.06,1823,0,0
1481076000,374.05,380.43,373.62,379.52,816,0,0
1481162400,376.35,391.85,373.67,390.42,2230,0,0
1481248800,390.95,394.47,386.19,388.51,1413,0,0
1481508000,389.67,396.79,385.30,390.18,2248,0,0
1481594400,391.71,395.00,386.34,392.68,1636,0,0
1481680800,393.02,396.53,388.90,390.06,1231,0,0
1481767200,391.64,396.39,389.29,393.65,1220,0,0
1481853600,394.99,396.63,391.19,392.62,852,0,0
1482112800,393.46,395.37,389.21,389.87,874,0,0
1482199200,390.69,399.44,388.82,394.28,1766,0,0
1482285600,399.80,403.02,392.31,393.45,1508,0,0
1482372000,390.47,393.95,385.38,386.98,1366,0,0
1482458400,387.41,389.66,384.34,385.21,845,0,0
1482804000,386.32,388.70,384.51,387.30,741,0,0
1482890400,389.06,390.91,380.86,381.12,1217,0,0
1482976800,379.99,384.08,378.19,383.56,822,0,0
1483063200,382.69,384.06,378.46,383.32,1058,0,0
1483408800,383.78,389.22,381.98,386.20,1207,0,0
1483495200,386.21,386.86,382.85,386.46,778,0,0
1483581600,390.26,390.26,379.00,379.00,1127,0,0
1483668000,383.87,385.66,381.28,384.39,825,0,0
1483927200,385.64,385.64,380.16,380.51,584,0,0
1484013600,386.07,386.07,378.62,380.11,895,0,0
1484100000,380.63,383.53,377.22,380.81,1245,0,0
1484186400,379.99,385.50,372.21,379.70,2630,0,0
1484272800,380.00,386.75,375.45,379.08,2169,0,0
1484618400,382.00,382.00,373.55,375.70,1061,0,0
1484704800,377.01,378.81,373.54,377.88,968,0,0
1484791200,378.17,379.60,376.25,376.25,479,0,0
1484877600,378.44,382.68,376.65,377.20,1083,0,0
1485136800,383.93,383.93,376.03,380.12,1200,0,0
1485223200,381.70,383.37,378.55,381.17,912,0,0
1485309600,384.40,388.81,383.11,385.32,1049,0,0
1485396000,391.53,393.17,378.50,379.48,1730,0,0
1485482400,382.78,387.50,372.94,373.11,1946,0,0
1485741600,375.62,378.03,370.72,373.12,1213,0,0
1485828000,373.23,375.17,372.23,373.73,539,0,0
1485914400,375.82,378.19,371.03,372.27,1078,0,0
1486000800,372.40,374.90,366.05,370.38,1569,0,0
1486087200,370.89,382.33,369.74,379.33,1675,0,0
1486346400,377.25,378.75,374.12,378.25,827,0,0
1486432800,377.51,378.51,375.50,376.25,477,0,0
1486519200,376.94,378.32,373.72,374.40,667,0,0
1486605600,374.35,379.87,374.35,377.00,840,0,0
1486692000,379.07,383.96,379.07,383.02,584,0,0
1486951200,382.69,387.02,380.71,385.84,948,0,0
1487037600,387.82,388.36,383.34,388.36,951,0,0
1487124000,386.60,393.66,385.50,393.50,943,0,0
1487210400,392.18,393.72,389.93,392.00,741,0,0
1487296800,389.97,390.42,387.69,388.40,390,0,0
1487642400,393.75,393.75,389.13,390.85,635,0,0
1487728800,391.82,391.82,387.67,390.85,734,0,0
1487815200,390.25,393.55,388.17,391.44,958,0,0
1487901600,392.49,393.35,385.77,388.99,1167,0,0
1488160800,388.71,391.31,386.60,391.02,712,0,0
1488247200,392.31,392.31,385.86,390.10,1070,0,0
1488333600,392.15,399.20,390.26,397.96,1208,0,0
1488420000,391.50,395.60,391.49,391.59,814,0,0
1488506400,391.05,393.28,389.41,390.02,672,0,0
1488765600,386.00,388.87,385.87,387.68,433,0,0
1488852000,393.08,393.08,384.34,385.22,963,0,0
1488938400,382.68,390.75,382.68,384.53,1430,0,0
1489024800,381.86,386.98,381.15,384.33,920,0,0
1489111200,388.11,389.80,383.88,384.63,837,0,0
1489370400,384.18,386.60,383.13,384.92,621,0,0
1489456800,387.70,387.70,381.36,383.34,833,0,0
1489543200,384.50,388.86,382.75,388.23,850,0,0
1489629600,391.60,392.91,387.38,390.06,953,0,0
1489716000,391.81,391.81,382.63,385.50,1206,0,0
1489975200,383.71,385.00,374.87,375.45,1201,0,0
1490061600,382.23,384.08,374.11,375.18,1290,0,0
1490148000,378.22,381.40,370.33,375.48,1941,0,0
1490234400,374.37,379.35,374.37,376.51,783,0,0
1490320800,377.40,377.62,372.44,376.51,948,0,0
1490583600,369.80,375.03,368.00,375.02,885,0,0
1490670000,375.38,381.96,374.05,380.65,1056,0,0
1490756400,379.68,381.38,375.03,379.44,1247,0,0
1490842800,381.95,384.16,378.12,382.95,1109,0,0
1490929200,382.61,386.14,381.38,383.51,863,0,0
1491188400,384.80,385.18,378.26,382.11,1116,0,0
1491274800,378.75,381.93,378.06,380.77,573,0,0
1491361200,381.02,386.75,380.38,380.99,1272,0,0
1491447600,380.37,385.38,380.37,384.22,618,0,0
1491534000,383.69,389.14,379.00,386.12,1786,0,0
1491793200,386.04,389.06,384.12,386.00,985,0,0
1491879600,386.04,386.64,379.47,384.10,1241,0,0
1491966000,384.43,384.80,380.41,381.27,563,0,0
1492052400,382.17,384.30,378.38,379.49,917,0,0
1492398000,382.77,384.07,379.59,383.77,797,0,0
1492484400,382.39,385.55,379.69,385.55,857,0,0
1492570800,380.50,387.00,374.55,381.30,2411,0,0
1492657200,380.15,382.78,375.46,381.67,1313,0,0
1492743600,383.79,383.80,376.86,378.24,834,0,0
1493002800,383.34,388.96,381.65,386.58,1139,0,0
1493089200,385.83,388.76,385.57,388.15,407,0,0
1493175600,388.36,391.78,387.17,388.93,866,0,0
1493262000,388.71,391.61,385.61,390.67,1005,0,0
1493348400,394.40,394.40,384.30,384.68,1049,0,0
1493607600,387.12,387.72,383.05,383.73,596,0,0
1493694000,384.34,384.96,382.42,384.37,506,0,0
1493780400,384.67,385.55,383.03,384.13,451,0,0
1493866800,385.52,387.18,381.40,383.30,935,0,0
1493953200,387.29,388.60,380.40,383.69,1281,0,0
1494212400,386.62,387.90,380.25,382.00,1069,0,0
1494298800,381.32,386.64,379.60,380.57,1334,0,0
1494385200,380.67,383.22,377.83,382.32,914,0,0
1494471600,385.56,385.56,378.05,382.91,1238,0,0
1494558000,381.75,385.18,381.47,384.94,424,0,0
1494817200,388.46,391.41,385.75,389.39,1040,0,0
1494903600,389.39,393.22,387.64,391.29,927,0,0
1494990000,386.03,387.09,381.64,383.91,879,0,0
1495076400,387.21,392.79,386.95,388.39,1051,0,0
1495162800,392.62,394.91,388.65,393.22,1193,0,0
1495422000,397.07,398.98,394.58,396.29,803,0,0
1495508400,397.18,398.31,395.17,395.93,504,0,0
1495594800,393.31,396.45,393.31,396.26,334,0,0
1495681200,394.30,410.58,394.30,407.69,1918,0,0
1495767600,403.25,407.85,401.09,406.96,982,0,0
1496113200,407.14,408.46,405.00,407.02,681,0,0
1496199600,406.96,409.52,406.14,408.61,512,0,0
1496286000,404.25,414.07,404.25,409.66,1424,0,0
1496372400,416.44,417.57,410.42,414.96,1283,0,0
1496631600,415.36,417.69,413.96,414.14,625,0,0
1496718000,416.61,419.79,408.90,413.61,1879,0,0
1496804400,414.23,415.59,413.28,413.86,426,0,0
1496890800,411.95,417.57,411.49,415.34,878,0,0
1496977200,416.40,419.08,415.77,418.33,470,0,0
1497236400,415.00,420.50,414.68,418.99,766,0,0
1497322800,421.83,423.02,416.87,419.25,973,0,0
1497409200,418.57,423.00,415.49,415.70,1216,0,0
1497495600,416.30,422.59,415.19,422.35,876,0,0
1497582000,422.03,423.19,419.76,422.26,664,0,0
1497841200,424.37,428.75,422.51,428.75,811,0,0
1497927600,430.53,430.53,424.56,424.77,619,0,0
1498014000,424.43,428.56,420.32,420.50,1256,0,0
1498100400,419.21,424.76,419.21,423.51,681,0,0
1498186800,423.01,428.22,420.28,421.54,1442,0,0
1498446000,422.45,426.12,422.25,424.63,557,0,0
1498532400,425.64,428.59,421.89,422.23,1000,0,0
1498618800,426.16,427.17,425.39,427.15,258,0,0
1498705200,428.43,428.64,421.01,423.15,999,0,0
1498791600,423.50,424.34,422.44,422.62,293,0,0
1499050800,425.21,430.95,424.78,428.52,904,0,0
1499223600,428.75,429.73,426.28,428.62,678,0,0
1499310000,427.99,430.12,424.13,425.37,937,0,0
1499396400,425.36,432.96,424.24,432.32,1049,0,0
1499655600,430.72,438.90,427.91,436.30,1641,0,0
1499742000,434.77,436.79,429.95,431.01,993,0,0
1499828400,431.02,436.42,430.28,435.62,769,0,0
1499914800,434.55,438.46,434.55,438.08,430,0,0
1500001200,435.81,442.80,434.36,439.25,1345,0,0
1500260400,425.84,430.91,422.71,425.02,1559,0,0
1500346800,426.23,427.31,420.24,426.60,1378,0,0
1500433200,426.48,426.77,424.79,426.23,372,0,0
1500519600,427.04,430.11,421.88,421.88,1131,0,0
1500606000,427.39,430.29,421.79,423.06,1268,0,0
1500865200,430.00,430.00,427.23,428.60,415,0,0
1500951600,429.65,433.97,426.15,431.43,1387,0,0
1501038000,439.06,439.06,431.67,432.83,856,0,0
1501124400,435.03,435.57,420.88,420.88,1524,0,0
1501210800,427.83,428.76,422.01,423.98,966,0,0
1501470000,426.64,427.91,424.41,425.55,592,0,0
1501556400,427.76,431.78,427.31,429.79,692,0,0
1501642800,431.01,431.01,424.30,425.24,766,0,0
1501729200,425.75,427.14,424.02,426.02,598,0,0
1501815600,427.09,431.37,424.98,426.07,1177,0,0
1502074800,427.64,427.64,427.64,427.64,1,0,0
1502161200,428.11,431.85,425.37,428.37,1271,0,0
1502247600,424.23,431.55,424.23,431.51,737,0,0
1502334000,428.98,430.33,422.43,422.78,961,0,0
1502420400,424.28,428.27,420.61,422.87,1392,0,0
1502679600,424.04,429.84,424.04,427.93,772,0,0
1502766000,426.09,432.29,426.09,428.53,997,0,0
1502852400,429.23,431.68,426.54,427.13,819,0,0
1502938800,426.34,429.59,418.35,418.35,1450,0,0
1503025200,422.40,422.40,412.07,417.22,1549,0,0
1503284400,415.57,417.56,411.86,415.44,1128,0,0
1503370800,416.68,422.29,416.48,421.24,707,0,0
1503457200,423.50,423.50,416.60,418.08,839,0,0
1503543600,421.67,421.67,415.84,415.99,599,0,0
1503630000,421.62,421.69,416.26,416.43,568,0,0
1503889200,420.58,420.58,413.72,414.28,743,0,0
1503975600,405.90,415.43,404.75,414.22,1305,0,0
1504062000,414.67,417.96,414.12,416.15,621,0,0
1504148400,415.86,420.29,413.50,416.45,1300,0,0
1504234800,423.40,424.27,418.93,421.75,904,0,0
1504580400,418.75,423.70,409.57,412.94,2246,0,0
1504666800,415.35,417.25,408.72,410.09,1181,0,0
1504753200,410.38,418.28,409.47,414.26,1375,0,0
1504839600,413.04,417.64,411.28,415.96,981,0,0
1505098800,419.49,425.94,415.42,424.23,1631,0,0
1505185200,426.41,428.67,424.24,428.66,662,0,0
1505271600,431.60,431.60,424.16,425.61,890,0,0
1505358000,429.56,429.56,424.64,425.68,597,0,0
1505444400,425.48,429.19,423.27,428.65,868,0,0
1505703600,429.65,431.38,428.16,429.57,637,0,0
1505790000,430.04,433.64,429.06,432.61,660,0,0
1505876400,433.02,435.90,431.62,433.77,782,0,0
1505962800,437.53,438.26,431.99,433.57,859,0,0
1506049200,432.40,437.14,431.69,435.29,802,0,0
1506308400,434.15,437.78,433.58,437.67,489,0,0
1506394800,434.11,438.60,433.92,434.44,904,0,0
1506481200,433.30,438.64,433.30,438.42,557,0,0
1506567600,441.78,446.65,441.35,446.03,636,0,0
1506654000,444.76,448.50,443.75,446.90,737,0,0
1506913200,453.02,453.02,446.50,450.18,1021,0,0
1506999600,453.09,453.79,447.10,450.73,1103,0,0
1507086000,453.92,457.92,453.72,456.96,537,0,0
1507172400,454.86,465.48,454.86,464.30,1181,0,0
1507258800,468.27,468.27,459.50,463.06,1234,0,0
1507518000,461.13,465.40,461.13,462.25,743,0,0
1507604400,466.00,468.51,460.22,468.50,1409,0,0
1507690800,473.47,477.51,457.50,473.63,3987,0,0
1507777200,470.13,485.31,469.85,481.01,2005,0,0
1507863600,485.96,485.96,475.13,478.50,1421,0,0
1508122800,479.26,479.26,474.89,477.90,739,0,0
1508209200,485.03,485.03,472.75,475.47,1501,0,0
1508295600,477.31,477.83,474.12,477.14,726,0,0
1508382000,473.48,477.63,473.10,476.75,580,0,0
1508468400,485.59,486.44,475.63,476.44,1248,0,0
1508727600,475.57,481.00,473.79,474.45,1331,0,0
1508814000,474.99,480.28,472.23,473.70,1482,0,0
1508900400,473.61,479.47,465.34,469.18,2384,0,0
1508986800,470.37,475.22,468.97,473.40,948,0,0
1509073200,473.54,478.02,470.72,475.08,1307,0,0
1509328800,472.20,477.92,469.84,472.23,1614,0,0
1509415200,471.25,473.01,470.20,470.88,526,0,0
1509501600,472.34,478.00,468.86,469.23,1518,0,0
1509588000,469.42,476.78,466.03,474.57,1636,0,0
1509674400,474.81,480.05,471.48,479.13,1283,0,0
1509933600,478.39,482.76,475.00,475.73,1287,0,0
1510020000,475.90,479.76,472.18,474.50,1377,0,0
1510106400,473.25,478.61,470.07,472.19,1603,0,0
1510192800,472.81,474.30,462.45,466.58,1748,0,0
1510279200,473.27,473.27,463.47,471.76,1810,0,0
1510538400,469.07,470.05,460.80,465.06,1450,0,0
1510624800,468.32,470.43,462.27,470.43,1422,0,0
1510711200,468.84,472.37,464.28,470.80,1423,0,0
1510797600,470.76,476.30,470.39,474.06,853,0,0
1510884000,473.44,479.14,471.34,474.12,1493,0,0
1511143200,475.73,477.80,472.27,474.65,999,0,0
1511229600,474.52,482.76,473.81,481.37,1106,0,0
1511316000,484.71,485.32,478.25,478.98,842,0,0
1511488800,478.37,485.42,476.67,479.68,1620,0,0
1511748000,479.48,484.09,479.35,482.05,692,0,0
1511834400,477.96,493.58,477.96,492.82,1639,0,0
1511920800,492.27,505.50,492.27,502.73,1601,0,0
1512007200,501.96,508.86,499.69,500.79,1718,0,0
1512093600,496.40,502.11,495.81,501.92,709,0,0
1512180000,497.80,497.80,497.80,497.80,1,0,0
1512352800,510.04,514.23,509.54,513.51,592,0,0
1512439200,515.23,519.31,509.33,512.12,1686,0,0
1512525600,509.57,516.68,505.40,511.96,2018,0,0
1512612000,514.38,516.58,508.50,512.30,1409,0,0
1512698400,512.37,518.66,511.36,515.55,1143,0,0
1512957600,518.58,518.65,510.85,512.18,921,0,0
1513044000,510.23,518.57,510.01,517.70,966,0,0
1513130400,520.45,521.91,511.66,512.93,1299,0,0
1513216800,511.43,519.60,506.42,506.86,2180,0,0
1513303200,512.11,515.59,505.62,511.78,1962,0,0
1513562400,516.07,519.21,515.13,518.97,527,0,0
1513648800,519.73,522.75,515.06,515.82,1148,0,0
1513735200,517.92,522.68,512.71,514.59,1662,0,0
1513821600,514.58,520.35,512.91,513.67,1398,0,0
1513908000,513.67,515.80,506.00,512.23,1817,0,0
1514253600,512.08,513.96,510.38,513.70,555,0,0
1514340000,508.44,515.66,507.26,514.14,1111,0,0
1514426400,513.87,518.62,513.74,517.87,577,0,0
1514512800,519.64,521.46,513.99,514.18,949,0,0
1514858400,514.01,518.16,506.45,508.41,1783,0,0
1514944800,509.15,514.79,508.66,514.20,722,0,0
1515031200,514.76,521.26,514.76,521.11,666,0,0
1515117600,523.42,529.01,520.79,529.01,1086,0,0
1515376800,527.90,531.01,524.23,529.16,1231,0,0
1515463200,528.94,539.57,527.77,535.50,1705,0,0
1515549600,533.95,536.74,529.90,536.49,1115,0,0
1515636000,534.41,541.34,530.67,537.99,1777,0,0
1515722400,539.00,556.21,537.50,553.50,2293,0,0
1515808800,553.27,553.27,552.77,552.77,51,0,0
1516068000,560.31,571.84,559.48,563.35,2169,0,0
1516154400,566.23,578.54,563.72,575.00,2088,0,0
1516240800,575.75,583.86,572.78,579.27,1865,0,0
1516327200,580.98,590.29,580.95,585.27,1440,0,0
1516586400,591.79,596.86,582.20,592.51,2861,0,0
1516672800,595.60,597.95,579.65,579.65,2066,0,0
1516759200,590.02,593.58,583.28,588.33,1892,0,0
1516845600,581.85,586.53,573.09,576.70,2174,0,0
1516932000,575.90,595.01,572.66,595.01,2560,0,0
1517191200,582.57,582.57,582.07,582.07,51,0,0
1517277600,569.74,576.64,561.42,561.42,2213,0,0
1517364000,563.91,569.92,559.85,563.62,1986,0,0
1517450400,563.71,569.01,557.52,563.50,2278,0,0
1517536800,561.01,567.08,546.01,548.49,2963,0,0
1517796000,542.24,553.16,513.00,517.50,5559,0,0
1517882400,516.09,538.35,506.61,535.55,4403,0,0
1517968800,536.67,541.14,529.64,532.37,1871,0,0
1518055200,531.35,538.23,509.04,509.53,3657,0,0
1518141600,516.14,525.79,500.16,521.02,4639,0,0
1518400800,529.34,532.15,519.84,525.57,2086,0,0
1518487200,524.85,525.85,518.43,521.12,1112,0,0
1518573600,526.11,540.26,515.58,534.50,4098,0,0
1518660000,546.56,551.50,531.21,542.98,3701,0,0
1518746400,545.29,548.47,537.77,540.80,1692,0,0
1519092000,541.86,546.34,537.14,542.45,1782,0,0
1519178400,542.00,556.08,537.76,545.48,3317,0,0
1519264800,544.79,551.95,537.66,539.59,2339,0,0
1519351200,541.73,550.50,541.73,545.65,1363,0,0
1519610400,555.62,564.10,550.48,563.87,1900,0,0
1519696800,566.65,567.64,552.78,552.79,1587,0,0
1519783200,555.08,566.35,542.96,550.19,4190,0,0
1519869600,550.67,550.67,526.94,538.75,3555,0,0
1519956000,533.83,539.78,527.21,536.89,2209,0,0
1520215200,538.98,549.70,531.47,547.61,2784,0,0
1520301600,547.47,549.08,539.00,540.50,1320,0,0
1520388000,540.38,548.47,536.00,548.22,1711,0,0
1520474400,542.93,553.95,542.93,549.52,1546,0,0
1520560800,550.73,578.55,550.59,577.26,2940,0,0
1520820000,576.09,578.81,569.21,572.22,1534,0,0
1520906400,575.44,582.23,562.14,564.30,2905,0,0
1520992800,568.34,571.44,557.80,559.16,1811,0,0
1521079200,563.24,564.06,555.91,563.16,1623,0,0
1521165600,561.95,565.84,557.77,560.02,1422,0,0
1521424800,560.03,565.00,548.08,551.50,2532,0,0
1521511200,551.15,560.69,550.96,557.50,1312,0,0
1521597600,558.64,573.79,553.42,564.22,3517,0,0
1521684000,563.22,563.26,538.36,539.40,2599,0,0
1521770400,532.56,543.33,519.14,524.40,4023,0,0
1522033200,529.78,541.50,525.81,540.56,2061,0,0
1522119600,548.98,548.98,527.68,532.01,2564,0,0
1522206000,533.59,536.79,523.56,523.56,1644,0,0
1522292400,534.40,547.32,528.58,541.53,3036,0,0
1522638000,539.54,541.15,510.44,519.50,4139,0,0
1522724400,526.05,529.76,517.99,524.58,2208,0,0
1522810800,522.91,538.25,515.90,537.16,3046,0,0
1522897200,538.65,544.61,535.80,541.21,1507,0,0
1522983600,531.55,534.51,513.30,523.13,3401,0,0
1523242800,527.96,534.24,518.83,527.87,3074,0,0
1523329200,523.40,538.93,523.40,533.40,2107,0,0
1523415600,534.88,537.13,521.67,528.37,2442,0,0
1523502000,532.16,541.51,529.20,533.45,2334,0,0
1523588400,532.74,538.44,521.13,522.49,2438,0,0
1523847600,532.17,532.35,524.77,527.49,1049,0,0
1523934000,526.00,532.63,522.50,525.00,1927,0,0
1524020400,532.62,533.98,522.02,525.00,1631,0,0
1524106800,526.63,529.07,521.48,525.00,1356,0,0
1524193200,525.72,528.01,520.43,525.00,1445,0,0
1524452400,526.79,527.30,518.59,523.60,1424,0,0
1524538800,522.99,526.76,509.30,514.07,2601,0,0
1524625200,511.67,520.61,509.16,512.23,2235,0,0
1524711600,512.37,526.44,509.63,518.00,2800,0,0
1524798000,523.74,527.05,519.94,524.55,1342,0,0
1525057200,530.61,532.90,520.81,521.49,1507,0,0
1525143600,519.42,521.13,512.10,517.80,1645,0,0
1525230000,523.80,523.82,513.95,514.86,1081,0,0
1525316400,516.81,517.07,500.88,511.55,2713,0,0
1525402800,512.87,527.39,505.74,521.45,3473,0,0
1525662000,521.47,528.50,518.94,523.71,1689,0,0
1525748400,521.73,527.92,512.95,520.07,2829,0,0
1525834800,524.73,532.55,520.83,531.31,1687,0,0
1525921200,530.13,539.08,527.97,536.50,1586,0,0
1526007600,536.62,545.00,531.50,541.00,2263,0,0
1526266800,541.96,544.64,535.99,539.88,1523,0,0
1526353200,538.63,542.50,530.74,532.99,1789,0,0
1526439600,533.23,541.94,530.69,534.00,2174,0,0
1526526000,534.41,539.94,531.04,535.52,1670,0,0
1526612400,534.84,539.87,533.35,537.06,1083,0,0
1526871600,540.81,547.72,540.81,542.86,1178,0,0
1526958000,544.18,549.66,542.01,548.76,1073,0,0
1527044400,543.33,546.50,533.46,541.00,2376,0,0
1527130800,540.71,542.76,534.51,540.60,1640,0,0
1527217200,540.96,542.25,535.77,539.68,1169,0,0
1527562800,538.83,540.90,518.29,524.10,3050,0,0
1527649200,527.47,535.50,524.18,534.33,1579,0,0
1527735600,532.84,538.91,531.41,534.30,1355,0,0
1527822000,541.50,544.82,535.94,538.63,1490,0,0
1528081200,542.85,544.08,538.15,540.46,948,0,0
1528167600,544.53,544.53,531.06,534.04,1646,0,0
1528254000,541.40,551.96,529.88,550.01,3556,0,0
1528340400,547.49,557.90,545.66,549.21,2277,0,0
1528426800,543.17,554.81,541.81,554.81,1437,0,0
1528686000,549.32,552.73,546.19,549.11,1288,0,0
1528772400,548.70,556.90,543.47,547.31,2548,0,0
1528858800,549.01,551.16,530.40,531.38,2390,0,0
1528945200,529.06,534.08,522.26,529.25,2346,0,0
1529031600,521.77,525.80,515.93,519.97,1795,0,0
1529290800,526.18,530.69,518.98,524.28,2153,0,0
1529377200,523.71,528.29,519.39,524.53,1699,0,0
1529463600,530.04,530.61,526.09,526.62,563,0,0
1529550000,524.12,528.99,520.41,522.24,1529,0,0
1529636400,526.75,528.95,518.83,518.83,1233,0,0
1529895600,517.57,521.52,509.30,516.82,2370,0,0
1529982000,513.72,518.10,507.83,510.82,1765,0,0
1530068400,509.17,517.02,503.70,503.72,2120,0,0
1530154800,507.20,507.20,499.13,499.75,870,0,0
1530241200,507.56,511.87,494.08,501.85,2988,0,0
1530500400,492.32,499.38,491.10,499.22,967,0,0
1530586800,508.01,508.45,490.94,492.00,1902,0,0
1530759600,494.85,501.04,488.71,492.12,2194,0,0
1530846000,494.15,497.01,488.40,491.71,1479,0,0
1531105200,493.33,505.81,493.18,504.50,1410,0,0
1531191600,507.52,510.88,497.49,498.24,1751,0,0
1531278000,497.93,505.73,497.91,502.97,1061,0,0
1531364400,505.36,513.37,498.27,510.55,2502,0,0
1531450800,507.46,515.11,504.45,506.65,2052,0,0
1531710000,511.74,515.15,497.47,502.48,2611,0,0
1531796400,502.88,505.91,498.85,504.90,1211,0,0
1531882800,505.89,514.50,505.25,514.50,990,0,0
1531969200,510.46,511.14,501.75,506.15,1448,0,0
1532055600,508.34,508.34,500.48,503.11,1050,0,0
1532314800,506.76,511.22,502.61,506.63,1710,0,0
1532401200,514.47,514.75,506.73,511.50,1308,0,0
1532487600,509.44,513.50,503.11,513.50,1673,0,0
1532574000,509.12,512.29,504.87,512.00,1197,0,0
1532660400,508.57,512.14,500.14,503.30,1874,0,0
1532919600,503.19,504.49,498.44,499.34,826,0,0
1533006000,501.53,505.27,497.85,503.02,1336,0,0
1533092400,507.08,509.83,476.71,479.00,3817,0,0
1533178800,480.85,480.85,467.14,476.49,2307,0,0
1533265200,480.00,484.83,475.40,482.30,1657,0,0
1533524400,481.61,486.14,479.31,483.35,1193,0,0
1533610800,482.46,494.81,482.46,487.45,1972,0,0
1533697200,486.39,490.01,484.49,487.76,968,0,0
1533783600,487.75,489.09,479.50,483.50,1494,0,0
1533870000,480.00,483.85,474.50,478.94,1765,0,0
1534129200,480.58,482.19,473.42,477.50,1447,0,0
1534215600,479.48,479.59,473.50,477.51,1022,0,0
1534302000,479.79,479.79,466.09,472.50,2012,0,0
1534388400,469.22,480.68,468.69,474.80,1841,0,0
1534474800,474.80,475.48,470.76,474.54,919,0,0
1534734000,474.55,476.93,473.63,476.51,465,0,0
1534820400,478.72,478.72,472.25,474.00,823,0,0
1534906800,470.93,479.76,469.05,472.05,2031,0,0
1534993200,475.50,478.33,470.07,470.83,1186,0,0
1535079600,469.11,477.60,469.11,475.51,1059,0,0
1535338800,475.50,487.15,475.50,483.65,1516,0,0
1535425200,490.16,490.32,481.78,483.95,1088,0,0
1535511600,479.58,486.31,477.74,485.23,1150,0,0
1535598000,486.37,486.37,472.87,474.00,1464,0,0
1535684400,477.00,482.36,470.91,482.36,1755,0,0
1536030000,480.33,480.84,471.31,474.50,1324,0,0
1536116400,478.17,481.05,471.70,476.64,1718,0,0
1536202800,475.08,477.91,469.91,471.96,1289,0,0
1536289200,470.31,473.00,468.57,471.47,771,0,0
1536548400,473.96,477.74,472.49,472.50,905,0,0
1536634800,473.50,473.50,468.49,473.00,953,0,0
1536721200,473.50,474.30,468.69,473.50,1123,0,0
1536807600,472.92,474.57,467.21,470.00,1181,0,0
1536894000,472.06,478.78,469.00,476.57,1506,0,0
1537153200,472.22,477.74,469.57,474.34,1423,0,0
1537239600,475.01,475.09,469.12,472.03,897,0,0
1537326000,472.06,486.76,471.09,486.72,1669,0,0
1537412400,487.15,491.82,483.29,487.63,1659,0,0
1537498800,494.56,494.58,484.85,487.17,1208,0,0
1537758000,491.67,491.67,479.52,482.07,1471,0,0
1537844400,485.20,486.62,477.40,479.03,1228,0,0
1537930800,481.27,481.63,474.27,477.36,1082,0,0
1538017200,478.18,481.47,473.91,479.21,1410,0,0
1538103600,479.92,480.16,470.20,472.99,1300,0,0
1538362800,469.89,480.72,469.89,473.19,1837,0,0
1538449200,476.86,478.04,471.28,477.86,1253,0,0
1538535600,478.08,481.77,472.36,473.23,1398,0,0
1538622000,472.68,479.53,470.48,475.00,1579,0,0
1538708400,479.93,482.41,467.50,468.27,1817,0,0
1538967600,465.62,474.27,465.62,471.51,1142,0,0
1539054000,471.00,471.15,459.13,464.25,1730,0,0
1539140400,456.50,460.54,419.56,420.40,4587,0,0
1539226800,421.12,427.80,415.39,418.95,2266,0,0
1539313200,432.31,436.76,420.40,431.35,3177,0,0
1539572400,425.00,431.37,421.99,425.50,1827,0,0
1539658800,432.25,432.25,402.99,409.44,3572,0,0
1539745200,406.00,417.86,404.65,407.06,2537,0,0
1539831600,413.61,413.61,396.13,397.59,1895,0,0
1539918000,404.00,408.12,396.74,402.09,2086,0,0
1540177200,403.07,405.79,391.11,392.90,1920,0,0
1540263600,391.45,391.45,376.37,389.00,2772,0,0
1540350000,383.45,392.18,375.33,375.80,2606,0,0
1540436400,383.75,396.83,381.49,387.88,2656,0,0
1540522800,385.41,391.84,383.14,383.45,1545,0,0
1540778400,395.50,397.94,384.14,385.50,1761,0,0
1540864800,392.33,405.83,390.82,398.28,2408,0,0
1540951200,412.92,417.24,404.41,414.71,2388,0,0
1541037600,414.88,417.48,410.12,412.92,1277,0,0
1541124000,423.27,423.85,405.95,409.71,2225,0,0
1541383200,404.91,412.63,403.80,406.61,1597,0,0
1541469600,412.39,416.15,407.42,407.42,1250,0,0
1541556000,419.34,426.01,410.50,426.01,2436,0,0
1541642400,420.11,425.24,419.75,421.41,969,0,0
1541728800,413.99,421.10,408.86,414.51,2397,0,0
1541988000,409.83,415.23,404.73,405.91,1709,0,0
1542074400,404.50,414.08,403.70,403.70,1997,0,0
1542160800,405.31,412.93,397.35,398.53,2439,0,0
1542247200,400.13,407.68,394.27,407.07,1989,0,0
1542333600,403.21,413.80,400.77,413.80,1548,0,0
1542592800,407.68,412.38,401.73,407.71,2128,0,0
1542679200,402.63,408.68,397.03,403.04,2290,0,0
1542765600,399.31,412.31,399.31,409.96,1536,0,0
1542938400,403.39,410.74,403.33,406.64,1158,0,0
1543197600,411.98,424.01,411.09,417.77,2006,0,0
1543284000,417.80,417.80,413.59,413.62,425,0,0
1543370400,419.75,427.64,413.98,427.40,1968,0,0
1543456800,422.64,427.19,418.77,420.82,1503,0,0
1543543200,422.24,428.01,418.77,428.01,1272,0,0
1543802400,437.66,439.29,430.47,432.27,1226,0,0
1543888800,433.96,434.41,404.33,413.37,3958,0,0
1544061600,402.55,402.55,381.32,399.51,3943,0,0
1544148000,396.02,409.43,391.79,394.56,3383,0,0
1544234400,394.34,394.34,391.04,391.84,411,0,0
1544407200,387.86,398.50,379.83,397.10,2811,0,0
1544493600,398.05,400.29,382.09,383.16,2152,0,0
1544580000,392.40,397.71,386.38,387.96,1823,0,0
1544666400,387.96,396.07,382.76,382.76,2143,0,0
1544752800,382.05,389.47,380.03,380.03,1687,0,0
1545012000,382.16,388.93,376.49,376.70,1943,0,0
1545098400,381.63,388.63,379.18,379.21,1649,0,0
1545184800,382.42,388.44,369.63,371.65,2686,0,0
1545271200,374.24,377.86,368.49,376.00,1699,0,0
1545357600,373.50,382.04,367.00,367.58,2417,0,0
1545616800,365.76,371.12,360.71,360.89,1596,0,0
1545789600,365.56,381.34,360.58,381.22,2587,0,0
1545876000,374.25,389.04,372.79,386.51,2025,0,0
1545962400,385.00,394.19,384.89,390.01,1360,0,0
1546048800,385.55,385.55,385.55,385.55,1,0,0
1546221600,392.97,393.52,384.75,390.46,1504,0,0
1546308000,390.45,392.96,390.45,392.96,252,0,0
1546394400,385.63,391.17,377.00,377.01,1973,0,0
1546480800,386.25,387.28,377.38,379.49,1305,0,0
1546567200,376.50,392.87,376.50,391.69,1756,0,0
1546653600,391.69,391.70,391.69,391.70,2,0,0
1546826400,396.50,398.39,389.01,392.88,1515,0,0
1546912800,392.88,400.58,392.20,394.45,1520,0,0
1546999200,394.44,403.13,394.44,395.98,1585,0,0
1547085600,401.13,401.13,395.21,396.97,769,0,0
1547172000,397.15,399.67,389.66,397.60,1958,0,0
1547258400,397.50,397.50,397.50,397.50,1,0,0
1547431200,393.14,400.74,391.98,400.74,993,0,0
1547517600,401.24,402.48,393.51,400.67,1738,0,0
1547604000,400.28,421.66,396.15,412.81,3850,0,0
1547690400,413.71,416.79,403.94,412.66,2466,0,0
1547776800,415.85,423.60,412.29,423.60,1488,0,0
1548122400,413.60,419.21,411.20,413.59,1602,0,0
1548208800,412.40,414.61,403.72,408.56,1795,0,0
1548295200,404.74,411.60,401.82,404.89,1942,0,0
1548381600,405.43,414.23,404.57,414.23,1053,0,0
1548640800,406.42,408.47,402.22,406.06,1215,0,0
1548727200,409.33,412.11,405.90,407.64,1074,0,0
1548813600,404.87,410.91,401.83,407.47,1557,0,0
1548900000,410.53,415.97,406.13,413.84,1638,0,0
1548986400,412.14,418.18,412.08,416.76,759,0,0
1549245600,413.10,422.02,411.33,418.06,1643,0,0
1549332000,414.94,419.00,414.20,417.48,707,0,0
1549418400,417.59,419.35,415.03,417.14,820,0,0
1549504800,417.15,417.68,410.14,417.40,1484,0,0
1549591200,409.74,414.14,406.20,407.34,1349,0,0
1549850400,414.05,414.40,411.01,412.57,531,0,0
1549936800,413.25,425.70,413.25,425.51,1265,0,0
1550023200,428.00,433.63,425.91,426.72,1417,0,0
1550109600,428.88,428.88,415.41,423.32,2139,0,0
1550196000,421.09,443.01,417.58,443.01,2895,0,0
1550282400,443.01,443.51,443.00,443.51,53,0,0
1550541600,431.91,436.66,427.77,427.77,1365,0,0
1550628000,429.79,440.00,426.36,436.13,2095,0,0
1550714400,438.08,438.61,430.30,435.00,1355,0,0
1550800800,435.93,441.37,425.31,437.47,3059,0,0
1551060000,437.83,444.79,435.78,441.82,1404,0,0
1551146400,439.59,443.03,433.50,433.50,1298,0,0
1551232800,440.00,444.72,437.64,442.06,1211,0,0
1551319200,441.34,446.56,438.90,442.54,1413,0,0
1551405600,446.14,451.83,436.36,443.69,2850,0,0
1551664800,445.55,447.47,434.12,437.28,1844,0,0
1551751200,432.40,438.79,428.56,432.21,2028,0,0
1551837600,432.17,433.99,421.09,421.09,1473,0,0
1551924000,428.87,431.82,420.49,423.16,1696,0,0
1552010400,421.53,424.14,417.21,424.14,1126,0,0
1552269600,419.09,438.06,414.90,438.06,2736,0,0
1552356000,428.02,431.06,421.42,428.41,1890,0,0
1552442400,426.27,433.39,421.78,433.10,1640,0,0
1552528800,431.69,443.99,431.69,432.78,2352,0,0
1552615200,434.50,443.46,432.50,434.08,2151,0,0
1552874400,434.66,450.43,433.14,450.43,1882,0,0
1552960800,440.37,446.66,433.60,435.50,2126,0,0
1553047200,434.71,444.99,427.63,431.85,3187,0,0
1553133600,429.05,433.75,419.45,429.06,2860,0,0
1553220000,430.79,430.79,415.11,427.00,2758,0,0
1553479200,416.47,425.25,409.79,425.25,2215,0,0
1553565600,416.28,423.37,408.99,414.00,2649,0,0
1553652000,423.41,425.51,413.71,419.74,1994,0,0
1553738400,419.31,425.50,412.45,423.90,2152,0,0
1553824800,430.32,432.07,423.50,423.50,1033,0,0
1554087600,429.60,439.87,422.73,435.68,2821,0,0
1554174000,438.04,442.41,435.00,437.62,1441,0,0
1554260400,439.74,446.51,437.35,446.51,1156,0,0
1554346800,440.04,447.50,437.50,441.82,1823,0,0
1554433200,442.52,452.50,434.36,446.12,3269,0,0
1554692400,444.38,449.43,442.40,442.50,1219,0,0
1554778800,445.47,450.36,438.41,438.41,1685,0,0
1554865200,442.35,448.61,439.10,448.50,1288,0,0
1554951600,443.62,451.81,442.84,443.00,1733,0,0
1555038000,446.89,462.18,444.53,462.18,2002,0,0
1555297200,453.52,459.09,446.19,451.58,2387,0,0
1555383600,453.15,466.95,444.62,466.95,3087,0,0
1555470000,464.13,469.00,457.33,467.44,2004,0,0
1555556400,465.53,469.30,457.05,469.30,2074,0,0
1555902000,467.21,467.21,454.89,464.07,2151,0,0
1555988400,465.92,474.70,462.53,471.05,1922,0,0
1556074800,473.00,482.30,462.51,479.43,3316,0,0
1556161200,479.23,480.45,470.55,474.23,1481,0,0
1556247600,473.14,482.51,464.88,482.51,2590,0,0
1556506800,480.05,481.80,469.47,479.82,2444,0,0
1556593200,481.44,490.45,470.68,481.11,3922,0,0
1556679600,490.85,490.85,476.51,477.95,1579,0,0
1556766000,479.47,486.33,469.62,476.44,3040,0,0
1556852400,477.15,486.43,477.15,486.25,947,0,0
1557111600,475.92,482.51,469.89,473.18,2251,0,0
1557198000,476.79,480.01,459.09,464.89,2995,0,0
1557284400,465.14,472.37,454.20,466.00,3549,0,0
1557370800,462.62,470.03,453.56,464.61,3096,0,0
1557457200,464.49,471.02,453.13,463.44,3474,0,0
1557716400,457.44,457.44,440.71,443.61,1964,0,0
1557802800,445.48,456.18,443.43,447.11,2388,0,0
1557889200,446.11,453.32,439.68,448.36,2504,0,0
1557975600,443.45,456.19,442.83,447.51,2267,0,0
1558062000,446.46,454.56,440.18,441.48,2379,0,0
1558321200,442.65,445.67,434.32,438.70,1876,0,0
1558407600,439.05,446.38,433.99,441.07,2277,0,0
1558494000,440.81,448.32,435.86,438.16,2228,0,0
1558580400,436.65,440.99,429.27,432.29,1909,0,0
1558666800,436.56,438.22,427.50,433.00,1789,0,0
1559012400,436.93,437.40,429.45,429.45,843,0,0
1559098800,426.93,437.25,422.61,431.46,2476,0,0
1559185200,428.91,438.01,423.81,434.50,2282,0,0
1559271600,423.97,430.50,409.39,410.17,2843,0,0
1559530800,412.99,432.10,412.99,418.36,3286,0,0
1559617200,421.67,438.15,421.67,428.50,2614,0,0
1559703600,433.17,440.14,425.50,433.47,2899,0,0
1559790000,441.20,442.19,431.92,438.95,1830,0,0
1559876400,437.41,446.01,433.90,446.01,1563,0,0
1560135600,444.84,464.50,441.30,443.84,4541,0,0
1560222000,445.37,454.11,436.40,439.54,2960,0,0
1560308400,442.79,449.94,441.38,446.93,1299,0,0
1560394800,448.09,455.42,439.06,445.15,2979,0,0
1560481200,447.65,455.31,443.29,443.29,1969,0,0
1560740400,448.25,449.39,439.43,440.57,1225,0,0
1560826800,439.54,456.12,432.55,448.29,3840,0,0
1560913200,449.75,460.07,443.88,454.96,2718,0,0
1560999600,456.52,478.50,444.76,467.50,5651,0,0
1561086000,465.84,475.75,454.77,462.28,3841,0,0
1561345200,468.59,478.54,457.88,463.15,3589,0,0
1561431600,461.11,463.39,455.84,458.14,1214,0,0
1561518000,458.64,469.46,449.04,459.18,4031,0,0
1561604400,462.09,470.32,452.69,470.32,2704,0,0
1561690800,464.86,481.99,462.43,474.60,2939,0,0
1561950000,474.18,481.01,468.93,469.25,1924,0,0
1562036400,472.57,473.89,464.09,469.93,1697,0,0
1562122800,470.51,477.21,469.70,475.47,1007,0,0
1562295600,472.28,478.65,463.75,478.14,2395,0,0
1562554800,481.50,482.23,466.24,472.21,2270,0,0
1562641200,469.92,477.40,462.30,473.89,2624,0,0
1562727600,473.30,476.43,465.63,475.55,1936,0,0
1562814000,474.17,482.03,474.17,482.03,787,0,0
1562900400,480.93,482.85,474.62,482.41,1499,0,0
1563159600,484.75,484.75,479.38,480.02,602,0,0
1563246000,481.01,483.46,471.20,477.24,2076,0,0
1563332400,477.64,478.64,468.27,471.00,1411,0,0
1563418800,470.64,485.00,462.43,483.50,3229,0,0
1563505200,483.38,483.38,468.50,477.36,2375,0,0
1563764400,473.23,477.28,465.83,467.73,1741,0,0
1563850800,473.04,480.76,469.03,476.95,1956,0,0
1563937200,475.95,481.70,468.99,469.10,1858,0,0
1564023600,478.06,481.03,470.02,477.50,2147,0,0
1564110000,473.79,478.72,471.85,477.50,1004,0,0
1564369200,477.59,482.52,472.70,482.46,1478,0,0
1564455600,479.08,486.46,472.84,477.95,2612,0,0
1564542000,479.59,480.27,465.69,467.60,1718,0,0
1564628400,467.94,478.49,449.74,454.42,4399,0,0
1564714800,449.26,458.13,440.19,446.83,3346,0,0
1564974000,443.70,450.26,417.50,417.50,3933,0,0
1565060400,432.48,443.12,427.97,434.78,2801,0,0
1565146800,434.55,439.17,417.17,432.50,4196,0,0
1565233200,431.05,439.45,424.87,437.71,2251,0,0
1565319600,436.38,436.89,424.88,435.03,2268,0,0
1565578800,426.69,429.29,414.00,416.50,2040,0,0
1565665200,417.24,427.14,413.50,420.19,2434,0,0
1565751600,425.06,425.49,409.55,409.55,1638,0,0
1565838000,413.96,421.02,404.33,417.51,2984,0,0
1565924400,411.38,422.80,411.20,415.00,1959,0,0
1566183600,424.37,428.57,417.50,422.50,2028,0,0
1566270000,425.42,427.01,417.49,417.50,1113,0,0
1566356400,419.45,425.01,411.02,422.01,2543,0,0
1566442800,422.21,426.01,412.00,412.00,1782,0,0
1566529200,420.41,422.13,405.15,406.99,2055,0,0
1566788400,409.58,420.06,401.67,404.60,3181,0,0
1566874800,405.62,419.47,403.66,409.86,2739,0,0
1566961200,410.53,421.33,406.39,409.78,2914,0,0
1567047600,415.87,424.84,414.91,422.47,1327,0,0
1567134000,424.41,426.15,414.41,417.50,1658,0,0
1567479600,422.41,423.18,408.49,415.07,2205,0,0
1567566000,417.79,421.50,407.28,409.35,2001,0,0
1567652400,416.89,429.94,410.00,419.86,3692,0,0
1567738800,425.10,426.96,420.19,424.52,1297,0,0
1567998000,424.44,434.51,419.66,434.51,1964,0,0
1568084400,430.08,442.09,421.54,433.76,3743,0,0
1568170800,428.79,437.73,423.03,437.73,2047,0,0
1568257200,433.84,440.29,428.00,434.41,2402,0,0
1568343600,435.68,454.86,433.24,454.86,2407,0,0
1568602800,439.65,443.05,432.50,435.90,1736,0,0
1568689200,435.51,446.00,432.99,439.90,2164,0,0
1568775600,439.20,456.25,436.14,443.16,3627,0,0
1568862000,443.32,454.50,435.11,444.04,3807,0,0
1568948400,444.74,454.89,434.69,441.33,3700,0,0
1569207600,444.29,456.61,440.26,456.61,2039,0,0
1569294000,446.40,455.61,436.10,451.19,3424,0,0
1569380400,441.54,453.89,435.62,445.17,3292,0,0
1569466800,445.66,454.11,434.70,444.86,3803,0,0
1569553200,446.24,456.02,438.47,438.47,2734,0,0
1569812400,447.90,455.36,437.37,446.95,3504,0,0
1569898800,448.27,461.51,429.13,445.00,6150,0,0
1569985200,432.87,437.20,409.53,410.68,3316,0,0
1570071600,423.19,431.23,411.32,416.25,3289,0,0
1570158000,420.86,427.67,416.20,427.29,1652,0,0
1570417200,428.77,434.45,418.90,419.99,2233,0,0
1570503600,423.51,427.15,411.56,412.77,2045,0,0
1570590000,414.85,419.38,413.00,413.00,1092,0,0
1570676400,416.43,425.16,413.50,417.17,2259,0,0
1570762800,422.62,445.01,420.42,445.01,2680,0,0
1571022000,435.92,440.53,422.50,429.69,2984,0,0
1571108400,426.50,447.60,426.50,445.22,2349,0,0
1571194800,446.39,454.53,442.33,454.53,1627,0,0
1571281200,448.95,454.21,443.95,450.44,1904,0,0
1571367600,450.74,460.24,444.40,445.45,2640,0,0
1571626800,446.25,460.90,438.84,454.11,3627,0,0
1571713200,451.95,455.29,446.65,449.39,1473,0,0
1571799600,449.74,457.45,440.68,457.45,2584,0,0
1571886000,455.54,467.39,448.11,453.67,3670,0,0
1571972400,454.95,460.66,448.50,448.50,1788,0,0
1572228000,459.48,470.02,456.11,466.40,2091,0,0
1572314400,464.40,470.81,456.13,466.49,2728,0,0
1572400800,465.45,469.20,458.75,464.24,1970,0,0
1572487200,467.55,468.47,456.63,465.53,2167,0,0
1572573600,462.46,471.48,455.72,470.17,2382,0,0
1572832800,470.56,488.27,463.27,467.44,4689,0,0
1572919200,475.94,486.38,468.00,482.80,2991,0,0
1573005600,485.30,491.43,478.57,489.25,2178,0,0
1573092000,487.05,500.39,478.30,490.00,4124,0,0
1573178400,491.58,494.50,485.84,489.51,1526,0,0
1573437600,489.13,493.00,485.49,486.48,1238,0,0
1573524000,486.42,487.77,477.33,482.59,1706,0,0
1573610400,486.00,488.01,473.08,483.89,2776,0,0
1573696800,485.40,485.77,475.34,484.41,1988,0,0
1573783200,486.43,491.76,482.50,489.49,1547,0,0
1573869600,490.18,490.18,490.18,490.18,1,0,0
1574042400,488.69,502.04,488.69,490.68,2472,0,0
1574128800,491.68,499.13,488.80,499.12,1323,0,0
1574215200,491.66,499.38,485.29,489.86,2639,0,0
1574301600,476.90,498.62,476.90,482.37,3798,0,0
1574388000,484.48,492.15,484.08,487.96,1267,0,0
1574474400,487.95,487.95,487.95,487.95,1,0,0
1574647200,484.94,495.67,478.52,491.57,2768,0,0
1574733600,490.59,495.29,483.03,490.23,2417,0,0
1574820000,489.81,494.57,477.77,494.46,2896,0,0
1574992800,495.61,496.75,493.37,494.94,610,0,0
1575252000,496.67,496.73,485.71,489.27,1465,0,0
1575338400,490.40,490.40,478.12,488.32,2249,0,0
1575424800,485.46,493.01,485.46,492.32,825,0,0
1575511200,485.17,491.32,472.11,491.32,3228,0,0
1575597600,491.14,499.65,485.60,492.90,2635,0,0
1575684000,495.01,495.17,495.01,495.17,17,0,0
1575856800,494.04,498.15,483.58,483.58,1869,0,0
1575943200,495.93,498.40,483.93,493.11,2613,0,0
1576029600,493.95,497.35,485.51,496.54,2110,0,0
1576116000,494.83,503.63,491.38,497.64,2170,0,0
1576202400,503.84,507.50,495.27,497.96,1859,0,0
1576461600,495.31,512.11,492.61,495.01,3871,0,0
1576548000,505.53,511.51,500.76,502.36,1834,0,0
1576634400,501.73,504.20,491.16,499.40,2376,0,0
1576720800,500.17,507.66,493.80,502.08,2582,0,0
1576807200,502.48,509.62,494.88,500.60,2761,0,0
1577066400,500.07,509.67,496.76,501.06,2484,0,0
1577152800,500.69,500.77,496.80,499.55,681,0,0
1577325600,505.97,505.97,490.69,501.54,2614,0,0
1577412000,504.94,506.61,496.34,503.04,1865,0,0
1577671200,512.50,512.50,499.56,501.10,1449,0,0
1577930400,511.01,514.10,495.74,511.64,3610,0,0
1578016800,508.43,509.59,499.83,508.55,1941,0,0
1578276000,497.35,509.88,488.71,503.70,3600,0,0
1578362400,505.20,512.46,494.41,504.95,3586,0,0
1578448800,504.57,512.31,494.69,511.01,2881,0,0
1578535200,514.55,514.55,508.53,510.25,775,0,0
1578621600,510.34,515.12,509.99,509.99,992,0,0
1578880800,512.96,531.59,511.80,529.56,2299,0,0
1578967200,529.63,532.51,516.60,519.65,2185,0,0
1579053600,521.16,535.21,514.50,530.75,3184,0,0
1579140000,532.84,540.00,530.57,533.75,1796,0,0
1579226400,532.75,539.57,530.00,537.51,1439,0,0
1579572000,534.79,538.97,527.84,536.39,2067,0,0
1579658400,537.50,539.67,528.89,537.00,2107,0,0
1579744800,534.67,543.92,532.75,535.13,2189,0,0
1579831200,543.92,546.98,528.49,535.84,2891,0,0
1579917600,522.43,522.43,522.43,522.43,1,0,0
1580090400,527.11,529.94,505.00,518.50,4128,0,0
1580176800,520.56,537.29,514.95,529.46,3579,0,0
1580263200,514.95,542.50,514.94,542.50,2758,0,0
1580349600,533.62,545.01,523.32,539.01,3800,0,0
1580436000,538.33,542.17,525.30,527.34,2276,0,0
1580695200,521.44,539.98,521.44,530.06,2847,0,0
1580781600,541.70,542.12,533.50,535.78,1133,0,0
1580868000,544.23,546.70,524.00,542.59,4377,0,0
1580954400,547.00,565.05,535.85,550.49,5492,0,0
1581040800,555.92,565.23,539.92,555.51,5022,0,0
1581300000,565.37,574.84,547.05,561.17,5139,0,0
1581386400,564.16,571.80,553.30,570.39,3078,0,0
1581472800,573.81,576.47,560.36,564.59,2301,0,0
1581559200,564.33,583.66,564.33,583.66,1934,0,0
1581645600,569.01,569.01,559.22,566.81,1739,0,0
1581991200,561.92,565.31,558.48,564.71,1088,0,0
1582077600,562.39,572.94,562.39,571.00,1250,0,0
1582164000,568.10,572.60,557.75,563.90,2551,0,0
1582250400,564.46,567.40,555.27,557.02,1683,0,0
1582509600,528.28,543.51,522.98,523.38,3617,0,0
1582596000,528.91,532.63,502.51,520.00,5134,0,0
1582682400,520.01,521.23,493.03,505.97,4237,0,0
1582768800,504.22,518.85,463.37,463.37,7012,0,0
1582855200,449.17,474.51,449.17,469.01,3085,0,0
1582941600,465.60,468.85,465.60,468.85,326,0,0
1583114400,480.37,498.21,457.00,485.10,7770,0,0
1583200800,495.54,502.93,476.52,478.92,3621,0,0
1583287200,476.92,501.50,476.92,492.64,3345,0,0
1583373600,490.45,493.49,460.42,483.73,5943,0,0
1583460000,464.50,472.63,440.69,445.49,4488,0,0
1583546400,445.49,445.49,445.49,445.49,1,0,0
1583719200,420.89,435.07,406.32,423.13,5527,0,0
1583805600,441.52,460.79,428.72,460.79,4488,0,0
1583892000,444.23,447.57,421.37,421.37,2955,0,0
1583978400,413.33,418.46,377.00,382.50,5210,0,0
1584064800,405.91,424.08,388.43,410.95,6627,0,0
1584324000,398.17,398.17,354.24,364.00,5370,0,0
1584410400,364.86,397.80,355.69,384.94,6415,0,0
1584496800,361.21,374.05,324.48,369.63,9073,0,0
1584583200,388.44,414.29,351.75,392.50,12103,0,0
1584669600,416.11,420.44,351.20,352.36,7474,0,0
1584928800,332.00,363.39,326.51,337.47,6830,0,0
1585015200,340.74,390.11,334.99,372.01,7898,0,0
1585101600,397.23,439.63,377.50,402.02,11948,0,0
1585188000,395.44,454.16,392.23,447.13,7218,0,0
1585274400,442.34,449.46,422.05,434.01,4650,0,0
1585537200,430.66,463.50,428.26,458.90,4225,0,0
1585623600,458.82,459.57,425.92,425.92,3441,0,0
1585710000,430.50,430.50,402.05,409.06,3547,0,0
1585796400,417.59,435.73,404.75,435.73,4383,0,0
1585882800,412.43,433.05,411.13,417.63,3865,0,0
1586142000,510.90,510.90,434.53,439.39,8124,0,0
1586228400,460.00,481.76,435.30,446.03,7896,0,0
1586314800,457.00,472.03,441.31,441.31,4576,0,0
1586401200,442.76,478.48,432.50,475.77,5896,0,0
1586746800,488.88,488.88,442.90,456.00,5909,0,0
1586833200,471.03,480.00,455.39,466.62,4482,0,0
1586919600,453.34,456.01,437.31,440.80,2487,0,0
1587006000,455.15,483.50,434.50,476.19,7697,0,0
1587092400,473.32,484.14,468.82,474.01,2996,0,0
1587351600,473.76,475.36,462.90,472.09,2326,0,0
1587438000,466.76,477.61,453.41,472.50,4267,0,0
1587524400,480.81,488.10,468.74,487.50,3204,0,0
1587610800,479.28,488.00,459.71,462.50,3981,0,0
1587697200,466.59,479.85,463.05,474.51,2569,0,0
1587956400,484.25,509.55,476.95,502.81,4665,0,0
1588042800,498.88,512.49,494.02,496.83,3490,0,0
1588129200,509.34,520.72,500.50,513.01,3678,0,0
1588215600,512.84,514.97,490.84,495.50,3093,0,0
1588302000,496.02,501.50,483.16,490.32,3099,0,0
1588561200,480.57,490.12,473.57,479.58,3212,0,0
1588647600,489.86,497.75,480.09,497.75,2744,0,0
1588734000,486.71,493.63,476.49,479.71,2729,0,0
1588820400,491.25,502.92,485.13,500.21,2663,0,0
1588906800,506.36,509.94,494.00,506.00,3153,0,0
1589166000,505.79,505.79,473.82,478.25,3641,0,0
1589252400,481.22,485.22,441.05,445.50,5263,0,0
1589338800,432.64,495.25,432.62,491.30,6661,0,0
1589425200,484.53,500.14,471.51,496.50,4530,0,0
1589511600,500.51,515.40,489.80,510.06,4166,0,0
1589770800,518.43,528.29,507.19,517.58,4136,0,0
1589857200,521.24,521.24,488.26,503.57,4830,0,0
1589943600,511.34,513.06,502.12,508.50,1905,0,0
1590030000,502.37,512.01,500.50,509.81,1559,0,0
1590116400,499.39,514.59,499.39,507.45,2235,0,0
1590462000,528.66,531.85,520.74,529.14,2175,0,0
1590548400,533.03,537.22,525.42,533.00,2358,0,0
1590634800,540.55,548.19,526.71,535.60,3802,0,0
1590721200,535.06,537.50,520.85,534.50,3275,0,0
1590980400,542.00,543.14,527.54,532.01,2122,0,0
1591066800,536.49,546.91,534.04,539.59,2265,0,0
1591153200,548.86,551.82,539.00,545.49,2228,0,0
1591239600,544.38,548.25,532.05,540.90,2893,0,0
1591326000,558.11,562.22,547.17,548.00,2000,0,0
1591585200,552.72,564.59,550.31,554.45,2684,0,0
1591671600,549.21,562.45,540.00,553.77,4035,0,0
1591758000,567.33,569.22,545.57,554.50,3448,0,0
1591844400,543.30,549.45,514.27,528.50,5557,0,0
1591930800,536.78,545.65,516.32,521.78,4367,0,0
1592190000,508.12,549.57,506.72,547.30,4653,0,0
1592276400,552.27,562.85,538.91,544.05,3967,0,0
1592362800,558.56,561.25,547.73,547.73,1622,0,0
1592449200,556.05,559.89,548.53,559.89,1889,0,0
1592535600,559.81,566.67,540.46,543.29,3591,0,0
1592794800,552.74,558.33,541.07,555.26,3201,0,0
1592881200,558.16,561.77,546.54,546.54,1885,0,0
1592967600,547.97,555.77,535.96,542.83,3449,0,0
1593054000,536.69,550.28,532.88,538.16,3334,0,0
1593140400,544.69,549.17,528.56,540.00,3654,0,0
1593399600,534.55,541.53,530.90,536.46,1936,0,0
1593486000,533.04,546.07,531.64,538.52,2339,0,0
1593572400,543.23,552.45,536.05,539.53,2911,0,0
1593658800,551.79,560.57,544.52,553.89,3001,0,0
1594004400,562.30,564.44,552.52,561.00,2255,0,0
1594090800,549.69,560.58,549.21,557.00,1544,0,0
1594177200,550.97,559.64,547.12,554.52,2150,0,0
1594263600,556.85,558.73,544.44,550.75,2249,0,0
1594350000,540.76,555.95,540.76,550.51,2064,0,0
1594609200,561.40,565.19,549.21,561.28,3185,0,0
1594695600,550.45,571.58,549.60,565.08,2934,0,0
1594782000,562.99,574.53,559.94,570.17,2201,0,0
1594868400,566.21,572.50,560.43,563.58,2152,0,0
1594954800,565.87,592.54,565.87,585.26,3396,0,0
1595214000,584.06,588.93,577.22,581.98,2135,0,0
1595300400,586.80,587.00,574.45,583.55,2186,0,0
1595386800,580.53,589.01,577.47,581.51,2211,0,0
1595473200,583.54,587.80,575.30,577.89,1936,0,0
1595559600,568.50,580.35,566.00,579.61,1760,0,0
1595818800,569.92,578.16,564.43,574.76,2263,0,0
1595905200,574.90,578.61,567.94,569.00,1545,0,0
1595991600,572.02,580.29,569.26,577.01,1708,0,0
1596078000,569.21,576.00,564.00,572.50,2072,0,0
1596164400,574.20,580.26,566.20,570.48,2441,0,0
1596423600,576.72,583.48,574.57,577.18,1737,0,0
1596510000,579.44,579.44,567.93,573.97,1756,0,0
1596596400,578.12,587.51,572.02,586.38,2273,0,0
1596682800,583.50,586.01,575.18,579.85,1802,0,0
1596769200,575.43,588.40,575.43,588.00,1338,0,0
1597028400,586.41,592.72,577.99,577.99,2105,0,0
1597114800,588.49,596.72,583.51,594.81,2011,0,0
1597201200,600.09,605.58,584.35,598.00,4038,0,0
1597287600,587.95,602.53,586.34,594.79,2555,0,0
1597374000,586.97,592.62,582.48,587.53,1973,0,0
1597633200,582.69,604.53,582.69,592.60,3378,0,0
1597719600,591.34,597.46,588.96,594.05,1430,0,0
1597806000,589.47,595.76,581.56,581.57,2051,0,0
1597892400,587.38,591.99,579.15,585.48,2379,0,0
1597978800,584.03,588.14,578.18,584.00,1990,0,0
1598238000,590.03,592.50,584.84,592.50,1286,0,0
1598324400,594.94,595.00,585.92,595.00,1811,0,0
1598410800,587.49,596.09,581.88,587.00,2794,0,0
1598497200,591.64,598.76,586.84,597.50,1799,0,0
1598583600,596.43,603.01,587.50,595.00,2960,0,0
1598842800,602.06,604.11,593.10,597.43,1740,0,0
1598929200,599.61,601.81,592.36,598.75,1805,0,0
1599015600,600.38,615.00,594.66,610.41,3066,0,0
1599102000,606.23,608.56,569.87,569.87,4103,0,0
1599188400,583.70,593.44,557.80,573.50,6109,0,0
1599534000,577.24,577.24,546.25,546.25,3100,0,0
1599620400,561.26,565.89,555.58,560.17,1954,0,0
1599706800,562.97,569.48,541.23,551.64,4518,0,0
1599793200,547.35,553.06,537.75,545.00,2828,0,0
1600052400,546.90,554.01,542.82,553.57,1572,0,0
1600138800,549.65,555.00,545.49,548.50,1788,0,0
1600225200,550.06,572.50,545.50,572.50,3157,0,0
1600311600,551.12,563.43,544.60,554.13,3466,0,0
1600398000,555.50,562.24,548.52,560.50,2245,0,0
1600657200,552.51,561.13,542.44,553.83,3607,0,0
1600743600,550.95,556.36,544.33,550.25,2337,0,0
1600830000,551.22,552.82,538.30,546.21,2404,0,0
1600916400,545.21,547.54,531.76,547.54,2924,0,0
1601002800,544.30,555.00,532.49,545.00,4433,0,0
1601262000,550.00,571.84,550.00,569.09,2460,0,0
1601348400,557.87,566.88,552.19,556.27,2779,0,0
1601434800,553.10,570.91,548.76,550.11,4132,0,0
1601521200,574.17,582.09,565.73,570.38,2894,0,0
1601607600,557.60,580.62,544.00,570.65,6020,0,0
1601866800,573.41,581.50,570.00,580.44,1598,0,0
1601953200,580.71,590.54,578.26,580.00,2386,0,0
1602039600,583.56,592.67,583.56,587.61,1418,0,0
1602126000,597.22,606.68,591.10,604.11,2428,0,0
1602212400,606.01,614.34,602.50,610.30,1940,0,0
1602471600,613.03,620.85,609.91,619.75,1517,0,0
1602558000,611.97,656.23,611.97,640.50,6000,0,0
1602644400,637.27,643.45,634.24,637.50,1820,0,0
1602730800,624.29,648.67,619.50,640.42,4222,0,0
1602817200,644.06,661.14,641.85,651.89,3076,0,0
1603076400,659.87,666.49,633.39,638.09,4443,0,0
1603162800,636.48,650.76,635.98,648.01,1804,0,0
1603249200,645.43,652.66,628.05,628.05,3185,0,0
1603335600,625.51,645.10,623.65,637.50,3092,0,0
1603422000,635.07,643.50,633.41,642.50,1276,0,0
1603677600,627.39,638.35,615.85,617.49,3511,0,0
1603764000,619.10,628.40,611.55,612.02,2663,0,0
1603850400,609.22,620.50,596.00,596.00,3579,0,0
1603936800,599.74,615.67,590.83,596.50,4645,0,0
1604023200,594.44,610.36,587.75,597.89,4178,0,0
1604282400,601.92,619.50,601.92,618.00,1909,0,0
1604368800,626.55,633.20,615.40,625.93,3499,0,0
1604455200,632.75,657.79,616.57,650.51,6469,0,0
1604541600,661.41,676.65,654.40,662.51,4341,0,0
1604628000,660.82,673.40,650.01,661.25,4636,0,0
1604887200,669.00,698.81,658.25,659.36,7149,0,0
1604973600,655.00,679.17,645.68,663.66,5833,0,0
1605060000,665.00,676.80,661.50,665.31,3030,0,0
1605146400,666.88,678.00,654.89,654.89,3424,0,0
1605232800,665.00,675.90,653.00,664.22,4503,0,0
1605492000,687.40,690.50,666.06,666.77,2826,0,0
1605578400,669.57,680.77,664.54,666.75,2965,0,0
1605664800,667.69,683.75,660.73,662.46,4082,0,0
1605751200,663.26,675.29,660.31,662.72,2943,0,0
1605837600,673.23,688.25,666.55,688.25,2839,0,0
1606096800,682.74,688.80,674.06,681.00,2775,0,0
1606183200,681.13,712.90,680.51,704.50,4142,0,0
1606269600,707.65,715.00,686.34,715.00,4998,0,0
1606356000,715.00,715.00,713.50,713.50,151,0,0
1606442400,704.93,718.72,702.70,714.72,2226,0,0
1606701600,713.69,714.68,691.38,704.18,3710,0,0
1606788000,708.68,728.25,703.85,715.81,4168,0,0
1606874400,713.16,739.00,708.97,726.08,4715,0,0
1606960800,728.58,733.58,704.57,709.51,3896,0,0
1607047200,713.19,723.61,696.88,703.90,4418,0,0
1607306400,701.30,718.98,699.46,712.88,2747,0,0
1607392800,709.53,718.69,702.16,708.87,3241,0,0
1607479200,718.12,723.77,696.98,720.00,5171,0,0
1607565600,702.46,704.27,694.59,697.45,1436,0,0
1607652000,696.79,709.78,690.06,693.20,3586,0,0
1607911200,700.87,718.60,683.49,685.17,5453,0,0
1607997600,685.18,704.32,684.04,699.44,2631,0,0
1608084000,699.92,711.46,693.75,707.01,2834,0,0
1608170400,705.99,710.77,700.79,701.50,1548,0,0
1608256800,705.84,722.12,691.75,711.14,5545,0,0
1608343200,708.71,708.71,708.71,708.71,1,0,0
1608516000,705.08,707.50,686.56,695.75,3256,0,0
1608602400,699.04,705.01,691.61,694.91,2268,0,0
1608688800,694.25,715.00,688.90,708.44,3802,0,0
1608775200,704.15,710.83,702.94,708.45,1149,0,0
1609120800,714.27,730.00,704.73,706.94,4322,0,0
1609207200,718.50,722.50,705.52,711.07,2654,0,0
1609293600,696.63,723.69,696.63,708.46,4230,0,0
1609380000,700.36,722.18,698.40,708.73,3920,0,0
1609725600,734.56,748.84,702.26,710.00,6861,0,0
1609812000,715.12,730.61,704.60,714.63,5154,0,0
1609898400,713.03,744.69,708.53,736.01,4935,0,0
1609984800,739.71,753.13,733.50,749.80,2918,0,0
1610071200,755.67,767.49,747.16,761.24,3510,0,0
1610157600,758.24,758.24,758.24,758.24,1,0,0
1610330400,755.70,770.59,743.92,767.28,4177,0,0
1610416800,759.40,780.91,757.20,779.45,2738,0,0
1610503200,777.87,790.95,766.58,786.90,3972,0,0
1610589600,786.53,802.93,741.03,746.00,8328,0,0
1610676000,745.43,753.73,724.08,724.25,3813,0,0
1610762400,724.13,726.51,724.00,726.23,293,0,0
1611021600,743.63,748.61,729.23,733.32,2846,0,0
1611108000,735.12,742.39,729.41,741.75,1934,0,0
1611194400,735.96,753.50,735.96,738.86,3219,0,0
1611280800,738.95,743.95,730.21,736.00,2454,0,0
1611367200,738.03,742.52,738.03,742.52,450,0,0
1611540000,731.31,743.74,713.62,723.50,5244,0,0
1611626400,724.68,734.00,719.54,720.56,2481,0,0
1611712800,720.56,721.57,686.78,695.00,4403,0,0
1611799200,696.05,731.34,689.44,717.85,6201,0,0
1611885600,717.90,723.70,698.85,709.12,4093,0,0
1611972000,704.13,704.13,703.00,703.00,114,0,0
1612144800,711.36,716.95,701.26,709.03,2906,0,0
1612231200,709.39,733.33,709.39,729.87,2741,0,0
1612317600,733.35,735.70,712.50,727.45,4051,0,0
1612404000,724.78,737.53,720.10,729.01,3064,0,0
1612490400,731.90,738.01,722.40,727.00,2633,0,0
1612749600,744.80,745.25,720.67,726.16,3053,0,0
1612836000,725.16,732.00,716.49,724.74,3061,0,0
1612922400,726.50,732.65,715.50,721.50,2931,0,0
1613008800,726.50,729.90,716.73,718.10,1795,0,0
1613095200,718.00,723.96,712.69,721.75,1880,0,0
1613181600,722.25,723.25,722.25,723.25,101,0,0
1613440800,724.42,737.54,719.00,735.00,2651,0,0
1613527200,733.06,735.25,718.45,724.87,2542,0,0
1613613600,724.88,726.50,696.64,703.72,3857,0,0
1613700000,704.29,722.00,698.97,708.56,4180,0,0
1613959200,723.50,723.50,697.45,703.27,3188,0,0
1614045600,703.48,708.41,688.56,701.13,3736,0,0
1614132000,700.00,714.08,700.00,712.75,1542,0,0
1614218400,713.75,717.09,692.32,703.00,3880,0,0
1614304800,703.00,703.00,689.37,697.50,2177,0,0
1614564000,699.71,722.10,697.02,721.50,2838,0,0
1614650400,721.10,728.95,713.74,719.87,2920,0,0
1614736800,720.25,728.41,696.38,703.99,4781,0,0
1614823200,703.00,710.14,676.41,677.73,4220,0,0
1614909600,677.33,704.88,670.39,704.63,4169,0,0
1615168800,700.42,712.31,684.58,705.45,5044,0,0
1615255200,701.52,728.46,685.50,725.31,6214,0,0
1615341600,725.31,733.12,715.00,731.77,2979,0,0
1615428000,731.78,735.31,708.73,709.48,3087,0,0
1615514400,709.49,725.26,703.06,704.58,3950,0,0
1615600800,702.08,702.08,702.08,702.08,1,0,0
1615773600,719.77,727.01,707.50,719.23,3849,0,0
1615860000,718.93,727.33,715.00,722.00,2160,0,0
1615946400,722.83,732.53,719.63,731.01,1763,0,0
1616032800,729.52,739.68,722.42,729.73,3432,0,0
1616119200,724.13,740.97,713.24,727.25,5235,0,0
1616378400,729.42,738.00,722.70,730.00,3003,0,0
1616464800,729.22,740.01,714.36,726.51,4860,0,0
1616551200,721.50,731.63,716.78,719.00,2721,0,0
1616637600,722.68,728.66,710.00,710.50,2515,0,0
1616724000,728.11,759.51,728.11,749.85,4107,0,0
1616986800,750.55,762.51,736.01,754.01,4955,0,0
1617073200,757.01,763.16,746.03,753.50,3076,0,0
1617159600,750.36,762.39,741.32,760.00,3251,0,0
1617246000,756.11,767.02,752.50,752.50,2544,0,0
1617591600,769.00,787.86,761.13,781.76,4071,0,0
1617678000,788.54,788.54,768.88,785.00,3579,0,0
1617764400,782.15,794.01,766.99,794.01,4219,0,0
1617850800,790.66,801.85,783.38,797.54,3007,0,0
1617937200,783.95,821.68,783.95,807.19,5223,0,0
1618196400,812.82,821.68,797.61,804.61,3994,0,0
1618282800,811.59,811.59,797.00,802.20,1980,0,0
1618369200,802.35,811.86,796.00,800.37,2975,0,0
1618455600,799.29,827.06,793.95,823.51,4201,0,0
1618542000,820.13,828.11,805.73,808.00,3264,0,0
1618801200,809.12,826.01,806.10,812.51,3644,0,0
1618887600,811.32,825.39,797.50,803.38,4785,0,0
1618974000,809.44,821.17,795.86,800.44,4163,0,0
1619060400,814.15,829.75,775.94,802.10,9558,0,0
1619146800,806.59,816.96,796.12,811.42,3686,0,0
1619406000,814.96,822.07,801.70,812.09,3788,0,0
1619492400,819.01,829.51,804.13,825.06,4472,0,0
1619578800,819.80,825.62,803.72,805.22,2923,0,0
1619665200,822.89,833.51,800.00,806.62,5076,0,0
1619751600,806.13,831.26,803.63,829.76,3164,0,0
1620010800,823.12,837.51,819.47,826.58,3263,0,0
1620097200,826.93,837.36,817.21,834.73,3251,0,0
1620183600,842.34,855.15,833.38,850.23,3566,0,0
1620270000,854.95,867.23,842.24,858.96,4598,0,0
1620356400,862.90,875.66,855.51,867.62,3559,0,0
1620615600,878.93,884.24,856.97,856.97,3259,0,0
1620702000,855.23,857.64,827.50,846.25,5131,0,0
1620788400,842.47,849.35,819.79,827.34,4400,0,0
1620874800,798.50,849.03,798.50,836.82,6275,0,0
1620961200,842.19,861.13,842.19,857.62,2246,0,0
1621220400,860.50,877.21,838.24,850.19,6764,0,0
1621306800,864.65,874.74,819.36,837.59,8371,0,0
1621393200,837.02,841.93,819.89,823.42,3049,0,0
1621479600,839.14,865.00,836.57,846.62,4939,0,0
1621566000,848.72,864.56,841.34,857.68,3749,0,0
1621825200,880.50,885.19,849.37,885.19,6696,0,0
1621911600,876.51,888.00,853.95,873.80,6540,0,0
1621998000,876.75,885.23,856.66,876.00,5640,0,0
1622084400,875.20,887.22,857.10,878.80,5665,0,0
1622170800,877.07,887.54,857.20,882.61,5515,0,0
1622516400,890.56,891.41,876.05,878.89,1906,0,0
1622602800,875.08,890.75,875.08,890.73,1570,0,0
1622689200,884.75,892.00,873.50,880.56,3282,0,0
1622775600,888.07,890.51,877.73,889.01,2463,0,0
1623034800,889.19,895.01,879.37,882.50,2460,0,0
1623121200,885.72,890.02,873.69,882.00,2895,0,0
1623207600,884.83,886.53,864.54,870.67,2983,0,0
1623294000,872.18,880.71,861.44,868.72,3509,0,0
1623380400,868.76,884.50,863.36,881.80,2925,0,0
1623639600,885.36,890.59,873.42,880.85,2984,0,0
1623726000,881.18,884.95,871.82,874.63,1972,0,0
1623812400,870.00,880.87,863.88,872.00,3199,0,0
1623898800,864.35,875.51,848.80,858.87,4795,0,0
1623985200,866.47,878.52,835.00,839.36,5994,0,0
1624244400,845.06,866.54,826.10,862.51,6344,0,0
1624330800,871.75,872.16,856.55,865.75,2523,0,0
1624417200,875.75,875.75,863.04,864.25,1393,0,0
1624503600,875.75,875.75,860.73,868.00,2230,0,0
1624590000,875.75,877.23,867.14,867.16,1160,0,0
1624849200,871.75,880.70,866.11,867.05,2449,0,0
1624935600,869.77,886.82,869.77,875.01,2887,0,0
1625022000,884.00,884.00,870.11,882.48,2627,0,0
1625108400,879.88,882.51,870.79,882.21,2112,0,0
1625194800,871.75,894.92,871.75,889.00,2910,0,0
1625540400,896.00,898.22,874.88,896.37,4632,0,0
1625626800,876.75,908.50,876.75,908.50,3176,0,0
1625713200,896.07,908.58,863.25,878.29,7289,0,0
1625799600,883.56,918.01,880.91,913.01,4476,0,0
1626058800,903.89,923.92,885.00,916.83,6491,0,0
1626145200,917.51,929.59,899.48,907.26,4998,0,0
1626231600,905.63,905.63,869.98,882.50,4818,0,0
1626318000,883.90,896.57,872.66,879.07,4300,0,0
1626404400,882.63,893.22,873.23,877.50,3486,0,0
1626663600,877.90,878.11,837.58,851.91,5508,0,0
1626750000,853.31,881.28,841.63,865.76,6686,0,0
1626836400,885.09,892.19,856.93,883.83,6927,0,0
1626922800,883.92,887.53,860.52,868.87,3898,0,0
1627009200,870.64,878.14,855.70,868.00,4225,0,0
1627268400,867.01,882.05,847.90,878.81,5651,0,0
1627354800,867.42,870.30,851.53,859.38,2951,0,0
1627441200,879.51,879.51,853.64,857.50,2974,0,0
1627527600,861.66,873.62,858.17,865.20,2737,0,0
1627614000,866.88,875.12,854.63,867.25,4062,0,0
1627873200,875.78,881.84,859.01,865.48,3537,0,0
1627959600,887.17,887.17,867.09,880.50,3350,0,0
1628046000,889.16,889.16,872.74,885.21,2890,0,0
1628132400,881.08,893.03,876.33,889.14,2535,0,0
1628218800,884.24,899.68,880.00,890.65,3296,0,0
1628478000,894.61,905.71,880.00,895.97,5007,0,0
1628564400,899.33,916.82,886.89,912.50,4670,0,0
1628650800,911.12,929.10,907.52,918.01,3628,0,0
1628737200,917.91,930.43,898.14,915.50,6218,0,0
1628823600,915.37,924.21,901.92,911.75,4097,0,0
1629082800,924.86,934.04,897.55,934.04,6381,0,0
1629169200,928.39,937.59,893.27,914.77,7503,0,0
1629255600,909.77,919.99,895.90,895.90,3432,0,0
1629342000,892.81,908.80,889.15,907.37,2475,0,0
1629428400,900.95,923.85,893.96,910.00,5074,0,0
1629687600,922.80,933.76,907.36,931.82,4379,0,0
1629774000,930.43,936.69,922.65,925.05,2271,0,0
1629860400,930.67,951.36,929.14,951.36,2376,0,0
1629946800,936.36,960.91,927.96,942.50,5977,0,0
1630033200,932.38,957.60,932.38,957.60,2523,0,0
1630292400,952.70,975.22,947.68,954.36,5343,0,0
1630378800,955.82,955.85,923.13,948.14,5777,0,0
1630465200,951.77,964.38,934.30,944.10,5250,0,0
1630551600,951.99,955.60,937.08,944.53,2959,0,0
1630638000,941.49,973.20,928.01,936.33,8523,0,0
1630983600,946.04,946.43,918.66,934.52,4403,0,0
1631070000,924.63,938.27,918.55,924.00,3882,0,0
1631156400,923.90,941.10,919.41,921.01,4050,0,0
1631242800,925.60,944.41,914.57,914.57,4866,0,0
1631502000,912.54,938.53,906.06,932.91,4458,0,0
1631588400,918.41,925.01,890.75,904.97,5509,0,0
1631674800,905.14,922.11,900.02,907.35,4198,0,0
1631761200,910.16,916.89,884.70,902.52,5675,0,0
1631847600,882.07,900.31,868.45,870.75,5241,0,0
1632106800,878.89,878.89,841.38,855.50,5164,0,0
1632193200,865.18,886.54,839.28,842.50,7185,0,0
1632279600,832.80,874.01,832.80,857.53,5770,0,0
1632366000,854.48,892.51,854.48,890.59,3996,0,0
1632452400,872.59,885.63,858.38,875.18,5192,0,0
1632711600,875.88,895.40,862.26,887.90,5427,0,0
1632798000,874.58,885.51,854.15,864.81,5296,0,0
1632884400,845.57,880.52,845.57,872.51,4297,0,0
1632970800,858.16,870.01,830.50,832.02,5289,0,0
1633057200,836.81,859.26,824.18,843.78,6320,0,0
1633316400,839.94,852.00,818.56,832.10,5905,0,0
1633402800,816.96,848.95,814.41,846.00,4005,0,0
1633489200,835.51,849.78,820.69,849.78,4392,0,0
1633575600,839.38,856.50,839.38,841.50,3213,0,0
1633662000,843.10,857.01,836.59,844.01,3994,0,0
1633921200,844.17,860.57,835.75,838.20,4368,0,0
1634007600,837.72,850.42,828.30,849.00,3297,0,0
1634094000,839.21,879.41,825.98,872.51,7357,0,0
1634180400,871.72,896.75,867.48,896.26,3401,0,0
1634266800,894.06,915.60,884.50,906.35,4992,0,0
1634526000,908.55,908.66,891.65,901.00,2648,0,0
1634612400,897.21,910.40,883.00,910.40,4162,0,0
1634698800,900.32,905.44,885.81,903.91,3568,0,0
1634785200,901.76,914.79,897.50,905.51,3084,0,0
1634871600,902.97,929.76,894.38,906.38,6736,0,0
1635130800,915.66,933.01,904.98,923.19,4854,0,0
1635217200,925.74,938.83,917.19,936.12,3291,0,0
1635303600,933.23,939.40,915.08,921.50,3692,0,0
1635390000,919.41,940.01,912.32,939.76,3504,0,0
1635476400,935.61,947.70,929.50,942.53,2949,0,0
1635732000,924.05,955.00,924.05,932.12,5384,0,0
1635818400,931.73,951.50,931.66,948.38,2304,0,0
1635904800,948.75,955.85,940.20,955.85,2421,0,0
1635991200,952.90,964.11,933.02,946.00,5529,0,0
1636077600,960.46,977.60,945.95,951.00,5385,0,0
1636336800,955.98,981.56,950.87,965.07,5230,0,0
1636423200,965.93,974.71,950.58,952.13,3447,0,0
1636509600,955.77,977.16,948.70,975.00,3770,0,0
1636596000,959.57,973.56,958.18,973.56,1678,0,0
1636682400,976.80,979.00,962.17,973.55,3042,0,0
1636941600,972.36,979.75,946.75,966.50,6015,0,0
1637028000,969.00,969.00,943.25,943.25,2576,0,0
1637114400,949.87,965.20,922.76,934.71,6973,0,0
1637200800,931.89,956.01,919.02,935.01,7087,0,0
1637287200,938.94,939.72,911.28,915.93,3388,0,0
1637373600,923.00,923.00,912.93,917.50,1465,0,0
1637546400,917.67,929.93,904.89,917.93,4983,0,0
1637632800,922.51,936.17,904.16,922.52,6402,0,0
1637719200,957.00,957.00,925.12,929.00,3577,0,0
1637805600,933.39,933.89,933.39,933.89,51,0,0
1637892000,919.13,935.51,893.08,894.81,6055,0,0
1638151200,907.78,934.40,893.96,931.11,5756,0,0
1638237600,938.40,950.01,891.26,910.10,8921,0,0
1638324000,910.11,929.60,895.00,926.55,5277,0,0
1638410400,926.85,935.79,901.26,926.35,6857,0,0
1638496800,915.21,922.98,885.24,899.50,5978,0,0
1638583200,899.79,899.79,899.79,899.79,1,0,0
1638756000,897.97,916.50,885.36,898.56,6170,0,0
1638842400,899.46,924.27,882.50,918.47,6454,0,0
1638928800,923.59,931.86,904.51,927.59,5071,0,0
1639015200,920.43,927.02,896.97,912.05,5173,0,0
1639101600,930.78,936.55,908.55,924.01,4924,0,0
1639188000,924.25,932.75,924.25,932.75,851,0,0
1639360800,922.41,926.33,908.84,916.34,2892,0,0
1639447200,917.47,925.21,892.85,925.21,5699,0,0
1639533600,901.32,922.34,891.94,913.84,4829,0,0
1639620000,914.34,934.10,902.61,926.10,5123,0,0
1639706400,916.00,931.34,903.69,924.00,4731,0,0
1639965600,914.15,914.15,884.28,906.03,5163,0,0
1640052000,906.23,923.51,895.28,910.51,5219,0,0
1640138400,926.00,926.00,897.18,914.29,4594,0,0
1640224800,914.31,921.91,903.50,920.29,3085,0,0
1640397600,922.94,922.94,922.94,922.94,1,0,0
1640570400,920.99,923.18,900.95,906.28,2976,0,0
1640656800,925.29,929.33,901.08,911.15,4237,0,0
1640743200,926.66,926.66,906.34,918.15,3214,0,0
1640829600,911.17,917.86,905.51,911.15,2469,0,0
1640916000,906.15,923.94,906.15,923.94,1780,0,0
1641175200,919.22,926.16,905.34,916.00,3843,0,0
1641261600,920.00,927.47,897.76,914.96,5439,0,0
1641348000,914.95,925.34,890.82,897.50,5160,0,0
1641434400,882.50,907.29,882.50,901.14,3095,0,0
1641520800,899.75,907.69,882.95,892.40,4214,0,0
1641780000,893.71,903.44,862.26,881.50,7016,0,0
1641866400,881.67,897.50,863.25,885.17,6501,0,0
1641952800,907.52,907.52,874.98,878.95,3652,0,0
1642039200,885.10,892.14,858.00,862.08,4527,0,0
1642125600,857.50,891.74,830.25,849.25,11474,0,0
1642212000,848.00,848.00,845.50,845.50,251,0,0
1642471200,865.36,865.36,824.28,842.00,5881,0,0
1642557600,838.00,843.63,824.64,836.45,3644,0,0
1642644000,835.21,846.34,818.62,833.75,5399,0,0
1642730400,835.00,837.42,794.88,797.43,4752,0,0
1642816800,797.00,797.00,797.00,797.00,1,0,0
1642989600,802.20,807.70,754.12,781.36,8633,0,0
1643076000,773.41,805.56,763.72,805.28,5182,0,0
1643162400,803.31,821.71,784.74,796.16,6680,0,0
1643248800,800.06,820.05,783.21,785.00,5863,0,0
1643335200,784.66,829.27,773.10,807.61,8940,0,0
1643594400,810.50,823.27,787.50,820.20,6185,0,0
1643680800,821.00,835.00,821.00,830.49,1852,0,0
1643767200,828.05,839.05,801.49,801.49,4857,0,0
1643853600,801.50,831.05,790.99,828.71,5292,0,0
1643940000,828.96,828.96,787.96,824.91,7796,0,0
1644199200,817.50,824.78,805.13,816.65,3846,0,0
1644285600,814.90,825.01,801.28,814.43,4700,0,0
1644372000,815.59,826.41,801.84,813.75,4731,0,0
1644458400,815.78,821.51,770.31,780.00,6663,0,0
1644544800,780.39,787.65,768.22,784.15,3511,0,0
1644631200,782.10,782.10,781.00,781.00,111,0,0
1644804000,763.14,783.51,752.95,777.51,4676,0,0
1644890400,780.00,785.50,770.02,775.86,2683,0,0
1644976800,775.90,787.88,767.08,769.50,3521,0,0
1645063200,768.21,779.12,759.75,769.26,3770,0,0
1645149600,764.75,771.91,752.39,768.01,3579,0,0
1645236000,753.01,753.01,753.01,753.01,1,0,0
1645495200,752.50,767.50,736.79,752.76,6117,0,0
1645581600,748.59,766.45,728.63,741.84,6890,0,0
1645668000,717.89,734.45,705.86,721.01,5407,0,0
1645754400,725.50,768.53,725.50,764.96,4661,0,0
1645840800,765.00,765.00,764.00,764.24,125,0,0
1646013600,743.73,747.54,726.63,742.99,4109,0,0
1646100000,742.78,752.62,707.46,715.41,6296,0,0
1646186400,721.51,749.76,716.01,737.51,5151,0,0
1646272800,757.51,757.51,729.69,742.00,4014,0,0
1646359200,749.01,749.01,693.98,695.90,5696,0,0
1646445600,696.50,696.50,695.80,695.80,71,0,0
1646618400,695.00,704.00,669.42,677.06,5123,0,0
1646704800,677.99,692.50,656.43,663.25,5741,0,0
1646791200,667.98,702.37,665.07,676.43,6616,0,0
1646877600,676.63,705.83,669.94,698.78,4964,0,0
1646964000,698.39,705.20,685.93,687.01,2717,0,0
1647050400,686.99,686.99,686.99,686.99,1,0,0
1647223200,700.32,717.54,687.00,717.54,4387,0,0
1647309600,720.00,720.00,700.43,707.02,2617,0,0
1647396000,706.80,733.05,706.80,730.10,2921,0,0
1647482400,739.00,743.03,713.59,736.32,5621,0,0
1647568800,737.03,757.89,727.50,738.79,5903,0,0
1647828000,737.17,758.60,727.80,732.80,5724,0,0
1647914400,720.00,753.99,720.00,749.00,3899,0,0
1648000800,760.10,760.60,729.73,740.48,4213,0,0
1648087200,746.00,748.16,734.36,738.51,2012,0,0
1648173600,743.36,747.56,732.59,742.50,2909,0,0
1648436400,741.91,752.44,733.51,746.04,3374,0,0
1648522800,752.57,776.79,749.56,772.06,3498,0,0
1648609200,774.88,785.21,762.70,778.50,4141,0,0
1648695600,765.41,784.22,762.38,763.00,4128,0,0
1648782000,766.87,777.64,757.50,772.51,3465,0,0
1649041200,771.99,788.62,757.67,782.54,5136,0,0
1649127600,773.93,785.39,758.05,772.46,5322,0,0
1649214000,765.44,776.95,737.39,750.02,6371,0,0
1649300400,745.62,759.95,736.11,750.98,4233,0,0
1649386800,741.32,766.31,733.41,733.97,5846,0,0
1649646000,737.07,745.01,717.50,718.82,3678,0,0
1649732400,738.54,744.63,708.97,713.89,4668,0,0
1649818800,701.00,735.91,700.50,718.75,5308,0,0
1649905200,716.56,728.51,688.24,692.00,5599,0,0
1650250800,682.34,691.60,677.33,688.06,2283,0,0
1650337200,678.80,704.74,678.80,696.78,3391,0,0
1650423600,710.13,716.86,697.71,715.50,3294,0,0
1650510000,698.00,717.48,679.73,682.01,5952,0,0
1650596400,689.50,692.39,663.80,680.50,4819,0,0
1650855600,661.91,677.65,649.51,665.01,5319,0,0
1650942000,664.93,671.59,645.51,647.70,3494,0,0
1651028400,648.39,659.68,641.74,651.02,3326,0,0
1651114800,649.55,664.04,639.13,641.98,4226,0,0
1651201200,659.60,661.14,617.86,627.62,5459,0,0
1651460400,626.57,639.94,610.09,633.00,5328,0,0
1651546800,616.31,641.22,616.31,632.57,3357,0,0
1651633200,633.07,666.51,625.80,662.33,5217,0,0
1651719600,677.85,677.85,625.20,634.49,6195,0,0
1651806000,644.63,647.96,616.70,624.31,4221,0,0
1652065200,622.84,632.92,603.52,607.24,4321,0,0
1652151600,619.24,624.92,595.67,618.45,5772,0,0
1652238000,609.95,621.60,599.38,603.99,3849,0,0
1652324400,600.75,607.00,586.51,603.54,3820,0,0
1652410800,613.43,623.47,602.70,614.01,4097,0,0
1652670000,616.50,620.11,584.86,601.00,5501,0,0
1652756400,602.81,625.19,598.73,613.84,4190,0,0
1652842800,612.71,617.51,587.35,588.98,3660,0,0
1652929200,588.47,599.45,582.57,594.00,2824,0,0
1653015600,602.23,607.09,587.26,598.76,3620,0,0
1653274800,604.01,626.52,599.90,607.24,5002,0,0
1653361200,610.24,633.97,594.49,633.07,5614,0,0
1653447600,617.50,634.23,610.94,626.89,3720,0,0
1653534000,631.00,658.38,630.37,648.45,3858,0,0
1653620400,640.84,680.75,638.33,671.02,5467,0,0
1653966000,661.33,680.28,653.26,679.55,3583,0,0
1654052400,680.00,680.00,643.69,665.00,5763,0,0
1654138800,669.01,693.26,661.32,693.26,3964,0,0
1654225200,680.01,680.01,664.00,675.00,2702,0,0
1654484400,675.25,688.07,665.77,675.51,4435,0,0
1654570800,670.00,686.17,662.48,677.75,3964,0,0
1654657200,672.50,677.82,662.21,663.12,2185,0,0
1654743600,662.73,674.96,657.95,669.99,2677,0,0
1654830000,665.55,668.51,613.84,617.84,6164,0,0
1655089200,605.00,616.60,588.10,607.87,5414,0,0
1655175600,603.25,604.98,587.17,601.50,3388,0,0
1655262000,582.00,617.60,582.00,615.29,3792,0,0
1655348400,584.97,600.01,575.61,592.27,4151,0,0
1655434800,596.26,596.26,579.13,583.29,2130,0,0
1655780400,584.66,619.88,584.66,619.56,3555,0,0
1655866800,612.23,621.82,596.77,597.40,3528,0,0
1655953200,622.75,633.53,608.87,621.67,4825,0,0
1656039600,630.68,654.52,630.68,645.50,3287,0,0
1656298800,666.42,666.42,631.24,653.80,5775,0,0
1656385200,644.78,647.78,625.29,627.82,2803,0,0
1656471600,614.50,637.51,608.98,610.11,5268,0,0
1656558000,607.98,619.73,596.15,607.86,4705,0,0
1656644400,597.29,620.77,597.29,620.34,2392,0,0
1656990000,629.57,631.63,597.49,629.12,6784,0,0
1657076400,617.43,631.51,610.20,619.51,4055,0,0
1657162800,619.28,626.49,616.13,619.22,2067,0,0
1657249200,622.61,628.02,612.66,617.28,2540,0,0
1657508400,609.10,621.02,602.83,619.05,2644,0,0
1657594800,592.30,616.40,592.30,608.00,3251,0,0
1657681200,593.19,613.51,583.48,590.69,5757,0,0
1657767600,585.92,602.51,580.52,599.01,3090,0,0
1657854000,592.50,603.82,574.50,600.81,5034,0,0
1658113200,606.67,613.15,590.89,597.20,3506,0,0
1658199600,606.05,642.76,594.98,634.83,6679,0,0
1658286000,614.17,639.26,614.17,632.25,3211,0,0
1658372400,632.00,646.66,627.33,633.75,3692,0,0
1658458800,639.17,645.40,626.82,626.82,2482,0,0
1658718000,633.25,654.72,627.44,642.00,4582,0,0
1658804400,632.56,635.88,620.34,633.98,2967,0,0
1658890800,641.69,646.59,625.66,644.19,3937,0,0
1658977200,639.50,668.25,638.80,662.48,3593,0,0
1659063600,656.50,676.00,647.51,668.50,4499,0,0
1659322800,667.10,680.01,655.75,664.24,4567,0,0
1659409200,661.00,677.88,661.00,677.06,1771,0,0
1659495600,677.08,692.25,668.77,682.50,4155,0,0
1659582000,695.27,699.39,685.00,691.50,2502,0,0
1659668400,681.60,700.20,679.50,687.22,3579,0,0
1659927600,699.55,705.50,683.12,705.14,3918,0,0
1660014000,683.50,699.81,683.50,697.09,1904,0,0
1660100400,700.84,725.12,695.84,723.78,3563,0,0
1660186800,725.00,736.62,717.02,729.07,3514,0,0
1660273200,735.00,766.52,728.59,762.73,4814,0,0
1660532400,733.34,764.28,732.59,761.96,3477,0,0
1660618800,739.57,763.84,737.57,749.53,4259,0,0
1660705200,737.50,757.82,733.00,742.83,4432,0,0
1660791600,734.77,747.98,734.35,744.74,1730,0,0
1660878000,747.56,747.56,702.75,706.75,4882,0,0
1661137200,693.00,702.50,685.00,699.78,2823,0,0
1661223600,700.03,716.42,681.49,695.40,6524,0,0
1661310000,702.65,704.32,693.77,699.60,1806,0,0
1661396400,710.63,724.39,699.60,721.39,3883,0,0
1661482800,701.00,714.19,670.50,674.81,6120,0,0
1661770800,680.00,681.25,679.05,680.01,12,0,0
1661774400,675.26,680.01,675.26,676.50,3,0,0
1661778000,671.75,672.75,671.75,672.75,101,0,0
1661781600,672.50,672.50,666.00,672.50,1336,0,0
1661785200,670.50,673.51,670.50,673.08,256,0,0
1661788800,673.05,678.73,668.81,675.28,5258,0,0
1661792400,675.27,678.34,671.19,672.22,5023,0,0
1661796000,672.22,677.82,671.54,675.89,3438,0,0
1661799600,675.89,679.06,675.13,678.29,2361,0,0
1661803200,678.17,679.65,675.13,678.53,2467,0,0
1661806800,678.52,678.52,674.28,676.87,3153,0,0
1661810400,676.93,678.88,674.16,676.12,3647,0,0
1661814000,676.13,693.00,673.87,685.48,24430,0,0
1661817600,686.00,686.00,678.00,685.48,57,0,0
1661824800,686.00,687.95,685.48,687.95,3,0,0
1661828400,689.37,689.37,689.37,689.37,1,0,0
1661857200,688.81,688.81,688.81,688.81,1,0,0
1661864400,687.04,689.26,687.04,689.26,3,0,0
1661868000,689.21,689.21,683.85,684.01,525,0,0
1661871600,680.89,683.00,680.89,683.00,93,0,0
1661875200,681.89,681.89,676.36,676.73,3549,0,0
1661878800,676.73,678.36,668.45,674.24,5749,0,0
1661882400,674.27,675.86,672.52,674.55,6088,0,0
1661886000,674.55,677.48,671.85,672.00,3856,0,0
1661889600,672.00,673.47,668.72,671.81,2832,0,0
1661893200,671.80,673.62,670.96,672.53,4392,0,0
1661896800,672.54,675.31,670.82,672.78,5353,0,0
1661900400,672.65,685.01,671.39,680.08,5592,0,0
1661904000,683.65,685.11,680.08,680.08,720,0,0
1661907600,683.40,683.40,680.47,680.47,294,0,0
1661950800,675.54,675.54,675.51,675.51,4,0,0
1661958000,682.50,682.50,674.01,677.51,703,0,0
1661961600,677.52,683.02,670.31,677.89,6876,0,0
1661965200,677.89,678.30,672.40,672.79,8098,0,0
1661968800,672.72,672.76,668.87,671.20,5191,0,0
1661972400,671.32,671.50,667.71,668.18,3695,0,0
1661976000,668.27,670.28,665.20,666.84,2651,0,0
1661979600,666.83,668.41,665.17,667.22,3433,0,0
1661983200,667.13,671.34,666.37,666.37,5420,0,0
1661986800,666.50,683.00,660.10,667.19,6505,0,0
1661990400,671.60,672.50,667.02,668.11,2451,0,0
1661997600,667.21,677.50,658.00,658.00,1764,0,0
1662030000,659.89,659.89,659.84,659.87,9,0,0
1662037200,639.40,660.01,639.40,660.01,126,0,0
1662040800,659.26,659.26,658.62,658.62,65,0,0
1662044400,681.80,681.80,672.26,673.63,146,0,0
1662048000,667.53,669.14,658.70,660.54,10226,0,0
1662051600,660.72,660.98,650.68,653.06,5465,0,0
1662055200,653.05,658.27,652.69,655.14,4976,0,0
1662058800,655.24,657.42,654.49,655.95,3720,0,0
1662062400,655.96,659.41,655.35,657.67,3466,0,0
1662066000,657.84,662.20,657.21,660.50,4570,0,0
1662069600,660.50,665.34,659.44,664.72,4533,0,0
1662073200,664.77,680.78,664.77,669.05,8582,0,0
1662076800,670.66,670.66,669.05,669.05,162,0,0
1662080400,670.66,670.66,669.06,669.08,322,0,0
1662084000,672.42,672.42,663.07,665.21,798,0,0
1662116400,665.04,665.10,665.04,665.10,7,0,0
1662120000,667.84,667.84,667.84,667.84,1,0,0
1662123600,663.99,664.56,663.99,664.56,58,0,0
1662127200,666.00,666.00,652.86,660.91,3071,0,0
1662130800,662.95,671.71,662.95,671.70,5,0,0
1662134400,672.37,677.52,670.74,673.80,3416,0,0
1662138000,673.81,678.43,670.49,676.89,4229,0,0
1662141600,676.92,679.75,675.47,676.79,3390,0,0
1662145200,676.80,677.73,667.29,668.56,4698,0,0
1662148800,668.30,668.30,660.43,661.11,5127,0,0
1662152400,661.12,663.41,659.92,660.00,4058,0,0
1662156000,660.01,661.99,653.78,658.19,5312,0,0
1662159600,658.20,665.00,657.87,660.00,801,0,0
1662163200,660.01,660.50,660.01,660.50,58,0,0
1662166800,660.01,660.50,660.01,660.50,2,0,0
1662170400,662.50,662.50,660.50,660.50,2,0,0
1662174000,665.50,665.50,665.50,665.50,1,0,0
1662462000,659.64,660.90,659.64,660.20,197,0,0
1662469200,659.73,659.73,659.73,659.73,1,0,0
1662472800,662.18,668.55,656.50,659.66,1361,0,0
1662476400,659.67,666.01,659.51,659.52,5,0,0
1662480000,661.27,666.93,655.47,656.47,9262,0,0
1662483600,656.47,663.45,647.74,662.73,7219,0,0
1662487200,662.73,666.35,661.39,665.87,3460,0,0
1662490800,665.87,666.17,660.50,662.19,2445,0,0
1662494400,662.20,662.20,657.11,659.52,3278,0,0
1662498000,659.41,661.19,657.87,659.03,3712,0,0
1662501600,659.11,662.23,658.35,661.94,4600,0,0
1662505200,661.94,670.00,659.11,668.34,2845,0,0
1662508800,664.03,664.03,661.33,661.33,271,0,0
1662512400,668.34,668.53,661.33,661.57,700,0,0
1662516000,668.34,668.53,660.68,660.94,1119,0,0
1662519600,661.63,661.63,661.63,661.63,1,0,0
1662548400,660.98,660.98,659.58,659.58,141,0,0
1662555600,662.18,664.65,662.14,663.68,353,0,0
1662559200,663.69,667.40,663.69,667.40,86,0,0
1662562800,667.37,667.40,666.70,666.70,26,0,0
1662566400,666.67,670.80,660.39,664.66,5390,0,0
1662570000,664.64,666.44,660.14,665.47,5191,0,0
1662573600,665.65,669.97,664.69,668.68,3261,0,0
1662577200,668.67,671.45,666.67,670.48,2310,0,0
1662580800,670.61,674.58,670.40,674.39,2284,0,0
1662584400,674.05,677.20,673.38,676.19,2756,0,0
1662588000,676.20,676.72,673.01,674.42,3132,0,0
1662591600,674.48,676.63,663.94,674.28,4486,0,0
1662595200,676.01,676.05,676.01,676.05,2,0,0
1662602400,673.55,676.06,673.43,676.06,266,0,0
1662634800,656.75,656.75,656.75,656.75,1,0,0
1662638400,656.79,658.01,656.75,657.00,239,0,0
1662642000,657.03,672.27,657.03,672.06,52,0,0
1662645600,662.44,675.63,662.44,663.94,1053,0,0
1662649200,676.61,676.61,663.94,669.80,2008,0,0
1662652800,669.79,675.50,661.07,671.04,8913,0,0
1662656400,671.04,683.76,670.25,683.23,7167,0,0
1662660000,683.22,686.36,682.51,685.52,3644,0,0
1662663600,685.53,685.54,678.23,683.94,4604,0,0
1662667200,683.96,689.92,681.91,688.92,4404,0,0
1662670800,689.05,690.05,687.20,688.19,4613,0,0
1662674400,688.20,692.42,687.11,691.74,4679,0,0
1662678000,691.74,695.88,688.76,692.68,2637,0,0
1662681600,692.68,696.75,692.68,694.00,445,0,0
1662688800,695.15,695.15,692.80,692.80,3,0,0
1662692400,692.80,692.80,692.80,692.80,1,0,0
1662721200,694.87,697.04,694.87,697.04,218,0,0
1662728400,701.95,701.95,701.33,701.33,63,0,0
1662732000,697.35,698.75,695.46,698.75,202,0,0
1662735600,699.00,700.75,699.00,700.50,129,0,0
1662739200,700.75,703.66,696.76,698.90,4456,0,0
1662742800,699.95,701.02,694.58,694.87,4263,0,0
1662746400,694.88,698.31,692.55,698.23,4132,0,0
1662750000,697.90,697.90,693.86,696.07,3149,0,0
1662753600,696.08,697.76,694.77,696.31,2403,0,0
1662757200,696.30,697.16,695.26,696.55,2851,0,0
1662760800,696.45,698.23,694.79,695.76,3279,0,0
1662764400,695.77,703.57,692.88,702.94,12752,0,0
1662768000,702.80,703.00,700.94,702.31,271,0,0
1662771600,702.27,703.17,702.03,702.36,64,0,0
1662775200,702.33,703.17,700.07,700.07,514,0,0
1662778800,698.12,698.12,698.12,698.12,1,0,0
1662980400,696.49,699.36,696.49,699.36,288,0,0
1662987600,703.07,703.55,702.76,703.30,136,0,0
1662991200,703.19,711.02,702.66,711.01,1084,0,0
1662994800,709.51,709.51,708.58,708.58,187,0,0
1662998400,704.88,705.79,691.95,700.11,7389,0,0
1663002000,700.09,701.85,694.97,695.96,6717,0,0
1663005600,696.07,696.84,690.47,692.50,3951,0,0
1663009200,692.50,694.40,690.73,694.37,2307,0,0
1663012800,694.26,696.42,692.59,695.22,2445,0,0
1663016400,695.16,698.17,694.44,697.18,2830,0,0
1663020000,697.28,698.39,694.76,697.14,2949,0,0
1663023600,697.39,708.87,696.51,699.78,11452,0,0
1663027200,704.50,707.78,699.72,703.83,2714,0,0
1663030800,699.51,704.69,699.51,704.69,210,0,0
1663034400,701.62,705.65,701.62,704.76,177,0,0
1663038000,701.98,701.98,701.98,701.98,1,0,0
1663066800,700.15,705.93,700.15,705.93,618,0,0
1663074000,703.65,703.87,697.67,697.83,659,0,0
1663077600,697.86,706.81,697.46,704.90,1700,0,0
1663081200,705.06,705.13,681.00,685.50,3702,0,0
1663084800,685.00,688.03,657.51,660.89,13659,0,0
1663088400,660.50,662.48,650.81,652.42,6517,0,0
1663092000,652.43,656.20,652.08,653.74,4010,0,0
1663095600,653.74,656.42,652.67,652.92,2668,0,0
1663099200,652.97,655.30,651.93,652.13,2547,0,0
1663102800,652.10,652.61,645.42,646.05,3099,0,0
1663106400,645.95,647.33,643.50,644.83,5006,0,0
1663110000,644.79,653.95,644.79,653.30,1872,0,0
1663113600,653.30,653.30,652.15,652.82,21,0,0
1663117200,652.32,652.53,652.31,652.53,15,0,0
1663120800,652.31,652.32,645.57,645.57,136,0,0
1663153200,656.31,656.31,656.31,656.31,1,0,0
1663160400,653.24,653.51,653.17,653.26,67,0,0
1663164000,654.99,654.99,647.75,648.17,1019,0,0
1663167600,648.50,653.25,646.67,653.25,1506,0,0
1663171200,653.50,655.35,648.99,650.02,6999,0,0
1663174800,650.02,651.55,640.55,646.32,6238,0,0
1663178400,646.31,646.79,642.98,643.46,4549,0,0
1663182000,643.49,647.34,642.92,645.31,2984,0,0
1663185600,645.31,646.06,639.66,641.86,3061,0,0
1663189200,641.86,643.26,640.58,641.61,3490,0,0
1663192800,641.62,644.15,636.61,643.68,5221,0,0
1663196400,643.70,661.76,643.44,648.12,7883,0,0
1663200000,644.12,653.50,644.12,649.51,1463,0,0
1663203600,648.51,648.51,648.51,648.51,1,0,0
1663239600,643.57,643.74,643.57,643.74,18,0,0
1663246800,644.61,644.74,643.84,644.43,163,0,0
1663250400,644.25,644.76,643.98,644.63,119,0,0
1663257600,648.81,649.33,637.73,646.28,6659,0,0
1663261200,646.28,649.04,635.74,636.21,6458,0,0
1663264800,636.20,637.52,632.54,633.19,4834,0,0
1663268400,633.20,636.75,632.46,636.70,3090,0,0
1663272000,636.66,640.24,636.34,636.90,3566,0,0
1663275600,636.91,637.13,634.16,634.51,3337,0,0
1663279200,634.47,634.74,630.21,632.60,4869,0,0
1663282800,632.94,634.05,631.73,631.73,249,0,0
1663286400,631.87,631.87,631.87,631.87,1,0,0
1663290000,631.00,631.87,629.49,629.49,247,0,0
1663326000,629.08,629.08,620.47,621.17,934,0,0
1663329600,621.17,621.63,621.17,621.49,28,0,0
1663333200,621.52,628.22,621.17,628.22,27,0,0
1663336800,636.55,636.55,628.22,628.22,298,0,0
1663340400,626.18,627.50,625.10,625.10,64,0,0
1663344000,622.60,627.76,615.85,616.95,6534,0,0
1663347600,616.96,624.56,616.81,621.31,6497,0,0
1663351200,621.32,623.51,619.90,622.46,3564,0,0
1663354800,622.31,623.35,620.16,623.05,2743,0,0
1663358400,622.97,623.13,620.55,622.21,3290,0,0
1663362000,622.10,625.93,621.45,625.28,3772,0,0
1663365600,625.29,628.48,624.29,626.86,6855,0,0
1663369200,626.91,628.66,619.02,628.66,2859,0,0
1663372800,628.66,629.03,624.50,625.00,354,0,0
1663376400,628.50,629.29,624.50,624.50,81,0,0
1663380000,630.83,630.87,624.50,630.87,290,0,0
1663383600,624.50,624.50,624.50,624.50,1,0,0
1663585200,621.46,621.46,616.25,616.25,522,0,0
1663592400,620.43,624.73,620.43,621.39,670,0,0
1663596000,618.23,623.60,617.06,623.60,119,0,0
1663603200,622.73,631.75,619.85,631.02,6792,0,0
1663606800,631.14,635.94,628.98,632.03,6217,0,0
1663610400,632.32,634.53,627.83,628.84,5164,0,0
1663614000,628.84,632.39,627.68,631.88,3471,0,0
1663617600,631.89,632.81,629.58,630.28,2424,0,0
1663621200,630.27,633.22,629.64,632.45,3007,0,0
1663624800,632.46,636.18,632.45,634.95,4287,0,0
1663628400,634.98,635.90,633.52,634.49,342,0,0
1663632000,634.88,634.88,634.88,634.88,1,0,0
1663635600,634.49,635.10,634.49,635.10,2,0,0
1663639200,634.49,635.56,624.70,635.56,259,0,0
1663642800,636.38,636.38,636.38,636.38,1,0,0
1663671600,632.11,635.56,621.53,621.53,1433,0,0
1663678800,638.22,638.22,637.73,638.14,91,0,0
1663682400,638.11,638.13,626.58,632.05,1705,0,0
1663686000,627.55,644.95,627.55,644.95,1053,0,0
1663689600,644.30,644.30,623.06,623.84,8242,0,0
1663693200,623.73,625.12,620.37,623.42,5740,0,0
1663696800,623.43,628.37,623.43,627.91,3187,0,0
1663700400,627.92,628.79,624.48,625.26,2334,0,0
1663704000,625.27,625.77,619.62,619.81,2933,0,0
1663707600,619.79,624.48,619.79,623.79,3520,0,0
1663711200,623.81,626.40,621.69,622.57,4185,0,0
1663714800,622.51,640.88,621.85,628.80,4972,0,0
1663718400,626.03,630.21,625.24,625.24,1424,0,0
1663722000,624.64,624.65,621.00,624.65,368,0,0
1663725600,621.75,624.40,621.15,621.59,622,0,0
1663729200,624.64,624.64,624.64,624.64,1,0,0
1663758000,621.09,621.09,620.31,620.31,79,0,0
1663765200,624.61,624.84,624.61,624.78,30,0,0
1663768800,622.29,622.32,617.64,618.70,404,0,0
1663772400,619.70,621.32,619.70,621.32,14,0,0
1663776000,621.35,631.16,621.00,626.13,6117,0,0
1663779600,626.07,631.91,624.65,630.46,4167,0,0
1663783200,630.40,630.61,627.50,628.45,2492,0,0
1663786800,628.45,629.71,627.35,627.35,1423,0,0
1663790400,627.20,629.74,626.86,628.71,1696,0,0
1663794000,629.10,629.65,614.31,624.62,13647,0,0
1663797600,625.05,625.55,607.76,607.81,9189,0,0
1663801200,607.85,612.98,607.58,611.27,783,0,0
1663804800,608.50,610.08,608.50,610.08,2,0,0
1663808400,606.50,606.50,604.50,604.75,15,0,0
1663812000,604.78,605.91,603.52,603.66,302,0,0
1663815600,603.50,603.50,603.50,603.50,1,0,0
1663844400,608.23,608.23,608.14,608.14,10,0,0
1663851600,608.90,608.90,608.64,608.85,48,0,0
1663855200,611.60,620.50,611.37,620.50,931,0,0
1663858800,626.00,626.00,626.00,626.00,2,0,0
1663862400,620.00,620.00,594.77,596.79,7145,0,0
1663866000,596.80,598.09,592.83,593.80,6656,0,0
1663869600,593.82,599.50,593.18,596.19,3789,0,0
1663873200,596.18,599.94,595.63,598.56,3029,0,0
1663876800,598.50,600.37,597.05,600.03,2153,0,0
1663880400,599.86,601.33,596.94,601.23,3024,0,0
1663884000,601.23,606.60,599.97,600.06,4920,0,0
1663887600,600.16,603.33,595.09,603.33,984,0,0
1663891200,602.93,603.34,602.93,603.34,2,0,0
1663894800,602.93,602.93,602.93,602.93,2,0,0
1663898400,603.10,618.62,602.92,618.62,20,0,0
1663930800,597.65,597.70,594.75,597.30,545,0,0
1663934400,593.70,593.70,589.50,589.50,53,0,0
1663938000,589.37,589.80,589.35,589.80,48,0,0
1663941600,589.67,590.53,586.50,587.35,1301,0,0
1663945200,587.39,589.90,587.21,587.55,149,0,0
1663948800,589.95,599.10,587.55,590.52,11175,0,0
1663952400,590.47,591.59,587.19,588.39,5446,0,0
1663956000,587.95,591.60,586.31,586.95,3563,0,0
1663959600,586.96,589.59,585.40,589.18,3304,0,0
1663963200,589.17,589.40,586.84,587.25,3463,0,0
1663966800,587.03,587.99,583.17,583.47,3931,0,0
1663970400,583.48,591.92,583.40,591.76,5585,0,0
1663974000,591.48,607.56,591.48,598.02,1235,0,0
1663977600,591.89,609.31,591.89,609.31,1097,0,0
1663981200,598.28,599.90,589.39,596.24,1547,0,0
1663984800,598.00,600.50,591.16,600.50,4,0,0
1664190000,587.10,590.37,586.57,588.87,625,0,0
1664193600,580.75,582.71,580.75,582.47,221,0,0
1664197200,588.44,588.50,588.11,588.41,76,0,0
1664200800,583.84,585.95,583.43,585.44,247,0,0
1664204400,585.47,585.50,585.00,585.06,9,0,0
1664208000,585.00,592.93,585.00,590.39,7381,0,0
1664211600,590.40,593.83,587.51,591.51,5982,0,0
1664215200,591.48,591.48,586.07,589.40,5113,0,0
1664218800,589.35,589.35,584.09,587.36,3147,0,0
1664222400,587.34,587.35,583.38,584.10,4290,0,0
1664226000,584.09,587.78,583.01,587.19,4583,0,0
1664229600,587.21,590.45,584.47,584.91,6096,0,0
1664233200,584.97,587.51,584.57,587.51,334,0,0
1664236800,584.19,584.19,584.13,584.13,9,0,0
1664240400,584.85,586.12,584.03,584.65,152,0,0
1664244000,584.08,586.50,584.08,586.50,93,0,0
1664247600,585.58,585.58,585.58,585.58,1,0,0
1664276400,597.05,597.05,597.05,597.05,1,0,0
1664283600,594.25,594.28,594.21,594.21,11,0,0
1664287200,594.28,600.87,592.29,594.00,1041,0,0
1664290800,594.03,596.50,594.00,596.50,95,0,0
1664294400,595.48,597.26,584.10,587.79,6875,0,0
1664298000,587.87,589.57,582.46,588.20,6599,0,0
1664301600,588.19,588.45,579.50,579.60,4522,0,0
1664305200,579.56,580.41,575.20,577.54,5224,0,0
1664308800,577.53,577.53,573.88,575.72,4173,0,0
1664312400,575.71,580.83,575.44,579.70,4139,0,0
1664316000,579.69,579.69,575.57,578.51,5346,0,0
1664319600,578.57,585.50,575.25,584.00,2832,0,0
1664323200,581.62,584.56,581.61,584.56,347,0,0
1664326800,584.56,584.58,584.56,584.56,4,0,0
1664330400,587.80,587.80,587.80,587.80,1,0,0
1664362800,574.48,574.48,570.10,570.10,2,0,0
1664370000,569.50,573.00,569.50,573.00,133,0,0
1664373600,573.50,573.59,571.87,573.25,84,0,0
1664377200,573.85,584.51,573.32,584.44,1947,0,0
1664380800,579.94,581.46,576.26,579.19,5653,0,0
1664384400,579.32,584.23,576.97,581.81,5036,0,0
1664388000,581.80,585.60,580.21,583.99,4401,0,0
1664391600,584.19,586.42,583.06,584.78,2621,0,0
1664395200,584.78,586.46,583.17,583.59,2906,0,0
1664398800,583.60,585.43,582.93,585.26,2985,0,0
1664402400,585.19,588.63,585.11,585.29,3248,0,0
1664406000,585.34,599.35,585.27,591.47,3983,0,0
1664409600,591.48,591.48,585.21,591.23,631,0,0
1664413200,591.25,591.25,591.00,591.00,25,0,0
1664416800,590.50,590.50,583.50,585.99,512,0,0
1664467200,577.73,578.92,570.94,571.88,940,83,0
1664470800,571.88,573.07,566.42,572.16,2379,83,0
1664474400,572.15,573.24,567.83,571.77,2072,83,0
1664478000,571.78,572.31,567.28,567.35,1570,86,0
1664481600,567.29,567.73,562.78,563.00,1724,83,0
1664485200,562.96,563.28,559.35,559.41,2554,85,0
1664488800,559.41,564.71,559.35,562.75,2567,83,0
1664553600,562.59,562.59,554.75,559.60,798,81,0
1664557200,559.60,564.44,558.65,562.34,1770,74,0
1664560800,562.34,567.00,559.05,559.51,954,74,0
1664564400,559.51,559.75,556.89,558.77,685,74,0
1664568000,558.77,559.94,556.05,556.71,1090,74,0
1664571600,556.71,558.01,553.20,553.59,1677,74,0
1664575200,553.77,556.01,549.25,550.40,2308,74,0
1664812800,555.38,555.38,542.98,552.41,795,77,0
1664816400,552.30,567.29,552.30,565.30,2396,74,0
1664820000,565.35,570.46,564.57,569.15,1369,74,0
1664823600,568.74,572.16,568.26,571.71,1689,74,0
1664827200,571.71,574.37,570.36,573.64,1071,74,0
1664830800,573.65,577.96,573.55,576.97,1203,74,0
1664834400,576.97,577.33,571.50,571.96,1908,74,0
1664899200,583.85,589.13,582.75,586.59,488,80,0
1664902800,586.59,589.48,584.05,585.36,985,74,0
1664906400,585.36,589.64,585.18,588.13,1140,74,0
1664910000,588.13,588.73,585.21,586.61,702,74,0
1664913600,586.61,587.22,581.77,586.19,878,74,0
1664917200,586.19,587.68,584.89,587.06,767,74,0
1664920800,587.06,590.95,584.75,590.59,984,74,0
1664985600,582.31,582.31,575.34,578.80,833,100,0
1664989200,577.95,579.58,573.19,574.64,1182,74,0
1664992800,574.64,580.52,574.29,579.32,1141,74,0
1664996400,579.32,583.01,578.03,581.86,1195,74,0
1665000000,581.86,585.38,581.51,582.66,934,74,0
1665003600,582.63,586.22,582.54,585.98,1506,74,0
1665007200,585.98,587.84,581.65,582.57,1533,74,0
1665072000,576.72,584.32,576.72,578.52,529,74,0
1665075600,578.52,579.43,572.51,579.43,670,74,0
1665079200,579.43,579.88,573.19,574.09,405,74,0
1665082800,574.09,577.18,572.75,576.07,406,74,0
1665086400,576.07,577.76,574.81,576.41,258,74,0
1665090000,576.41,576.41,569.88,571.83,366,74,0
1665093600,571.83,574.12,570.78,571.12,875,74,0
1665158400,561.89,562.88,551.61,552.78,1306,74,0
1665162000,552.49,559.46,551.61,557.62,1826,74,0
1665165600,557.62,558.94,554.05,554.74,1418,74,0
1665169200,554.74,555.77,551.00,552.51,1068,74,0
1665172800,552.50,552.85,550.80,551.46,1122,74,0
1665176400,551.46,551.89,548.77,549.40,1288,74,0
1665180000,549.40,550.85,546.47,550.03,2234,74,0
1665417600,556.00,557.09,550.16,550.54,925,88,0
1665421200,550.54,554.59,546.75,547.73,2070,74,0
1665424800,547.48,549.85,545.96,548.28,1622,74,0
1665428400,548.21,548.34,542.02,542.26,1336,74,0
1665432000,542.26,549.04,540.98,547.74,1996,74,0
1665435600,547.74,547.78,544.53,545.56,2488,74,0
1665439200,545.57,548.44,544.68,545.29,2506,74,0
1665504000,534.24,535.33,528.24,529.20,406,74,0
1665507600,529.20,533.26,527.97,528.95,945,74,0
1665511200,529.05,537.05,528.75,534.81,857,74,0
1665514800,534.82,542.16,531.56,541.09,444,74,0
1665518400,541.12,541.40,538.52,540.63,616,79,0
1665522000,540.79,541.00,530.25,530.36,796,74,0
1665525600,530.25,531.86,526.49,530.39,1382,74,0
1665590400,531.33,531.50,526.21,529.47,633,84,0
1665594000,529.47,532.87,528.82,530.85,1312,74,0
1665597600,530.86,536.68,530.76,536.48,1116,78,0
1665601200,536.48,537.80,532.20,534.62,838,74,0
1665604800,534.82,535.95,532.17,532.47,824,74,0
1665608400,532.49,537.38,532.21,534.44,1504,74,0
1665612000,534.45,535.17,530.13,530.15,1277,74,0
1665676800,505.46,521.61,503.70,518.10,729,74,0
1665680400,518.10,531.06,514.66,529.00,1130,74,0
1665684000,529.02,549.49,528.08,545.41,1135,74,0
1665687600,545.41,551.82,543.72,549.74,2121,74,0
1665691200,549.67,561.98,549.10,561.57,2013,74,0
1665694800,561.56,565.59,559.08,565.06,1518,74,0
1665698400,565.06,566.53,560.27,565.77,1758,74,0
1665763200,567.38,581.08,565.02,568.52,841,74,0
1665766800,568.52,568.52,557.04,561.61,1762,74,0
1665770400,561.62,565.96,555.65,556.01,1719,74,0
1665774000,556.01,558.61,551.44,554.05,1093,74,0
1665777600,554.05,555.78,551.73,552.65,747,74,0
1665781200,552.45,552.45,547.16,550.92,947,74,0
1665784800,550.94,553.38,549.97,551.03,1315,74,0
1666022400,563.27,571.57,563.27,567.93,570,74,0
1666026000,568.08,573.87,566.36,568.94,1650,74,0
1666029600,568.94,574.04,567.87,571.20,1265,74,0
1666033200,571.22,572.13,567.89,568.60,751,74,0
1666036800,568.60,571.59,567.62,571.02,625,74,0
1666040400,571.05,574.15,570.54,571.54,778,74,0
1666044000,571.54,572.52,568.60,569.00,1380,74,0
1666108800,587.54,588.98,580.38,583.08,441,85,0
1666112400,583.51,586.66,576.80,582.05,644,74,0
1666116000,582.05,582.05,572.51,577.06,654,74,0
1666119600,576.92,580.51,575.60,577.40,329,74,0
1666123200,577.40,581.34,575.03,579.69,564,74,0
1666126800,579.69,579.97,574.22,576.11,755,74,0
1666130400,576.11,581.00,575.30,580.70,761,74,0
1666195200,580.75,581.48,576.24,578.87,546,74,0
1666198800,578.88,587.20,578.20,583.53,1175,74,0
1666202400,583.53,587.23,582.10,585.96,595,74,0
1666206000,585.81,585.81,575.77,576.02,696,74,0
1666209600,576.02,576.52,572.83,575.24,647,74,0
1666213200,575.24,577.77,574.90,575.21,730,74,0
1666216800,575.21,577.99,574.55,577.84,765,74,0
1666281600,577.80,583.38,577.18,580.06,358,78,0
1666285200,579.04,589.76,579.04,587.45,664,74,0
1666288800,587.46,587.76,577.76,578.21,409,74,0
1666292400,578.33,579.04,574.24,576.07,528,74,0
1666296000,576.07,577.01,569.91,571.24,360,74,0
1666299600,571.24,573.04,568.75,572.62,523,74,0
1666303200,572.62,573.52,569.07,571.55,774,74,0
1666368000,570.43,585.25,570.03,585.25,287,98,0
1666371600,585.25,588.95,578.01,580.40,1729,74,0
1666375200,580.40,589.67,579.22,589.43,1239,74,0
1666378800,589.47,592.79,586.32,591.36,969,74,0
1666382400,591.36,594.77,589.47,594.61,663,74,0
1666386000,594.65,597.13,593.47,594.79,780,74,0
1666389600,594.80,597.90,594.15,597.01,974,74,0
1666627200,604.30,610.61,602.31,608.48,518,74,0
1666630800,608.48,611.43,603.66,610.11,1395,74,0
1666634400,610.11,611.74,607.55,610.30,1708,74,0
1666638000,610.30,612.41,609.38,610.33,1026,74,0
1666641600,610.33,612.57,609.03,609.75,1170,74,0
1666645200,609.75,614.31,609.75,614.16,1020,74,0
1666648800,614.16,614.57,609.63,611.23,1208,74,0
1666713600,608.94,623.21,608.07,621.36,459,95,0
1666717200,621.36,625.84,619.62,622.61,796,74,0
1666720800,622.66,628.55,622.50,627.25,575,74,0
1666724400,627.25,630.63,627.01,629.65,595,74,0
1666728000,629.68,631.65,628.79,629.21,573,74,0
1666731600,629.21,632.58,629.20,631.17,645,74,0
1666735200,631.17,635.81,631.17,635.54,946,74,0
1666800000,631.92,638.40,631.92,633.74,545,74,0
1666803600,634.66,639.90,634.23,635.81,1658,74,0
1666807200,635.66,641.13,635.66,639.12,1035,74,0
1666810800,639.12,640.48,635.27,635.63,762,74,0
1666814400,635.63,637.29,633.90,637.01,641,74,0
1666818000,637.01,638.70,635.61,636.28,739,74,0
1666821600,636.28,638.09,634.48,637.39,1153,74,0
1666886400,640.27,648.41,639.29,642.70,296,74,0
1666890000,642.70,656.22,642.70,653.90,923,74,0
1666893600,653.66,654.31,644.55,648.11,336,74,0
1666897200,648.11,650.26,645.60,650.26,472,74,0
1666900800,650.26,654.40,649.47,651.34,489,74,0
1666904400,651.34,652.52,648.93,650.59,398,74,0
1666908000,650.59,652.15,647.32,648.69,792,74,0
1666972800,647.66,654.02,645.83,652.47,454,80,0
1666976400,652.48,655.55,645.65,654.08,745,74,0
1666980000,654.09,657.11,651.76,656.23,527,74,0
1666983600,656.25,660.78,654.64,659.92,420,74,0
1666987200,659.92,661.25,658.02,658.74,537,74,0
1666990800,658.74,663.57,658.74,663.00,528,74,0
1666994400,662.95,664.62,661.93,662.76,763,74,0
1667228400,657.24,660.51,656.32,658.32,346,74,0
1667232000,658.32,662.04,657.79,658.62,501,74,0
1667235600,658.62,659.66,655.76,656.98,453,74,0
1667239200,656.98,657.10,648.78,649.17,798,74,0
1667242800,649.17,651.71,648.39,649.47,709,74,0
1667246400,649.47,650.09,647.06,647.70,850,74,0
1667250000,647.73,649.58,644.84,645.72,1259,74,0
1667314800,654.44,657.55,650.53,651.91,458,80,0
1667318400,651.91,655.72,647.64,649.96,904,74,0
1667322000,649.95,653.61,649.95,653.61,697,74,0
1667325600,653.61,656.43,652.80,653.96,651,74,0
1667329200,653.96,655.06,652.85,653.79,431,74,0
1667332800,653.80,653.89,650.91,652.49,611,74,0
1667336400,652.45,654.34,651.09,651.47,908,74,0
1667401200,647.54,650.40,646.68,649.74,366,74,0
1667404800,649.74,653.80,648.46,651.16,641,74,0
1667408400,651.16,656.73,651.16,653.31,646,74,0
1667412000,653.31,653.31,649.50,652.02,660,74,0
1667415600,652.03,653.94,651.18,653.04,711,74,0
1667419200,653.27,662.65,643.87,649.25,1947,74,0
1667422800,649.09,652.17,637.64,637.66,2048,74,0
1667487600,626.66,633.43,622.57,624.16,702,75,0
1667491200,624.33,636.97,623.77,636.97,1929,74,0
1667494800,636.97,637.49,631.61,632.12,1470,74,0
1667498400,632.12,636.40,631.75,635.79,829,74,0
1667502000,635.79,636.14,633.34,634.46,768,74,0
1667505600,634.46,638.34,634.22,638.22,900,74,0
1667509200,638.24,638.26,630.46,633.09,1334,74,0
1667574000,645.01,654.78,644.29,654.57,667,74,0
1667577600,654.75,659.89,653.04,654.32,1943,74,0
1667581200,654.34,655.76,645.37,645.43,1391,74,0
1667584800,645.43,648.27,643.15,645.98,987,74,0
1667588400,645.98,648.08,642.96,643.40,1010,75,0
1667592000,643.40,650.11,641.91,649.80,1458,74,0
1667595600,649.81,655.77,649.44,655.38,1700,74,0
1667836800,657.56,662.66,654.43,654.43,210,104,0
1667840400,654.96,663.73,654.96,663.73,1034,74,0
1667844000,663.73,665.38,660.97,662.36,799,74,0
1667847600,662.11,668.11,661.45,666.78,640,74,0
1667851200,666.79,670.15,666.79,670.15,366,74,0
1667854800,670.15,675.50,669.53,674.52,568,74,0
1667858400,674.52,678.10,674.52,676.32,808,74,0
1667923200,679.19,679.34,674.19,677.56,557,74,0
1667926800,677.56,682.89,675.99,682.38,1284,74,0
1667930400,682.38,689.24,681.70,688.86,1134,74,0
1667934000,688.81,690.16,682.18,682.39,1041,74,0
1667937600,682.40,684.70,678.86,683.03,1052,74,0
1667941200,683.03,684.64,676.29,683.92,1230,74,0
1667944800,683.91,690.87,683.90,686.19,1422,74,0
1668009600,678.76,680.31,673.75,676.42,379,74,0
1668013200,676.24,682.06,674.37,675.39,1579,74,0
1668016800,675.42,678.75,674.75,675.33,1773,76,0
1668020400,675.33,675.86,671.85,673.24,732,74,0
1668024000,673.26,674.17,669.63,670.80,1224,78,0
1668027600,670.82,672.77,667.90,668.65,1520,74,0
1668031200,668.65,671.19,666.75,669.33,1596,74,0
1668096000,697.34,722.59,697.34,722.59,1117,74,0
1668099600,722.59,733.79,722.22,733.79,1489,74,0
1668103200,733.79,749.06,732.99,745.79,1632,74,0
1668106800,745.80,749.65,742.62,742.81,1208,74,0
1668110400,742.81,751.61,742.81,750.79,1275,74,0
1668114000,750.79,752.98,748.75,752.06,1061,74,0
1668117600,752.06,761.71,751.70,758.68,1705,74,0
1668182400,750.62,758.71,748.52,755.58,671,74,0
1668186000,755.58,774.20,753.26,773.13,974,74,0
1668189600,773.13,775.21,763.73,767.36,1174,74,0
1668193200,767.36,772.48,766.24,771.04,713,80,0
1668196800,771.30,780.58,771.30,779.40,752,74,0
1668200400,779.40,784.74,779.27,784.42,709,74,0
1668204000,784.42,784.42,773.67,774.50,1359,74,0
1668441600,741.76,742.15,730.68,733.15,504,74,0
1668445200,733.15,740.48,722.10,738.53,1495,74,0
1668448800,738.54,743.26,733.75,742.59,990,74,0
1668452400,742.59,747.69,742.14,747.28,635,74,0
1668456000,747.28,749.74,745.57,749.71,742,74,0
1668459600,749.71,750.04,746.58,746.96,694,75,0
1668463200,746.96,747.86,740.14,740.47,1164,74,0
1668528000,755.45,757.92,749.14,755.73,489,74,0
1668531600,755.73,756.62,741.88,744.83,756,74,0
1668535200,744.82,748.67,743.38,747.29,611,90,0
1668538800,747.29,747.70,743.01,744.74,304,80,0
1668542400,744.75,747.06,731.53,736.34,1008,83,0
1668546000,736.30,743.33,734.13,742.47,765,74,0
1668549600,742.47,744.46,738.79,739.73,1182,74,0
1668614400,733.30,733.30,725.55,726.18,657,74,0
1668618000,726.18,728.13,719.75,721.10,890,100,0
1668621600,720.91,725.75,720.89,725.75,762,74,0
1668625200,725.75,729.22,724.46,727.25,482,74,0
1668628800,727.25,727.80,723.59,725.26,490,74,0
1668632400,725.26,729.51,725.26,728.24,678,76,0
1668636000,728.24,730.63,724.51,726.78,1085,74,0
1668700800,715.19,715.86,709.91,710.79,432,102,0
1668704400,710.79,715.25,710.46,711.10,711,77,0
1668708000,711.10,717.46,711.10,717.46,635,74,0
1668711600,717.46,719.17,715.33,718.95,424,74,0
1668715200,718.95,719.37,715.15,716.62,473,74,0
1668718800,716.62,717.83,715.05,716.27,708,74,0
1668722400,716.27,718.86,711.26,718.44,953,74,0
1668787200,726.50,727.98,723.40,724.17,427,78,0
1668790800,724.65,729.28,724.00,727.82,1041,76,0
1668794400,727.83,729.17,724.63,726.43,791,74,0
1668798000,726.42,727.42,721.02,723.84,712,74,0
1668801600,723.84,726.39,721.26,722.76,695,74,0
1668805200,722.76,724.22,721.46,722.34,852,74,0
1668808800,722.34,724.71,718.52,720.36,1318,74,0
1669046400,715.33,725.99,714.35,725.98,481,79,0
1669050000,725.98,727.51,718.58,721.93,1241,74,0
1669053600,721.94,727.33,721.21,722.03,1019,81,0
1669057200,722.07,723.51,717.92,719.68,987,74,0
1669060800,719.70,722.34,719.10,719.66,810,74,0
1669064400,719.66,720.94,719.33,719.41,508,74,0
1669068000,719.42,724.44,718.45,723.08,1214,74,0
1669132800,725.26,732.61,725.26,732.61,342,74,0
1669136400,732.61,736.51,731.95,733.45,669,74,0
1669140000,733.65,734.48,732.00,732.34,470,74,0
1669143600,732.34,733.59,731.75,731.91,436,74,0
1669147200,731.92,733.38,730.79,731.70,563,74,0
1669150800,731.70,732.35,729.35,732.16,639,74,0
1669154400,732.16,734.05,731.78,732.80,723,74,0
1669219200,730.61,735.41,728.48,733.62,178,82,0
1669222800,733.62,735.25,729.77,734.75,429,74,0
1669226400,734.75,737.08,733.12,733.66,148,79,0
1669230000,733.66,737.15,733.12,734.44,179,74,0
1669233600,734.44,738.06,734.08,736.57,146,74,0
1669237200,736.54,739.95,735.14,736.75,705,74,0
1669240800,736.75,738.47,734.98,736.07,537,74,0
1669392000,733.78,733.78,727.12,732.36,152,85,0
1669395600,732.36,737.24,732.36,737.24,222,86,0
1669399200,737.24,738.80,736.41,736.58,149,77,0
1669402800,736.58,739.20,736.58,737.46,92,74,0
1669651200,729.65,734.11,727.56,731.12,180,80,0
1669654800,731.13,735.50,730.69,731.61,1244,84,0
1669658400,731.38,731.58,725.57,726.92,404,74,0
1669662000,726.92,727.19,721.52,721.66,391,75,0
1669665600,721.66,723.96,721.66,721.89,164,76,0
1669669200,721.89,722.94,720.68,720.70,518,74,0
1669672800,720.70,721.41,719.09,720.97,1189,74,0
1669737600,722.81,723.45,719.97,721.19,295,85,0
1669741200,721.95,723.16,718.58,718.97,1072,74,0
1669744800,718.98,718.99,711.84,714.44,1159,74,0
1669748400,714.44,716.06,712.97,715.81,719,74,0
1669752000,715.73,715.91,711.85,713.35,692,74,0
1669755600,713.08,715.79,711.63,712.91,702,74,0
1669759200,712.91,714.00,711.18,713.04,1235,74,0
1669824000,711.71,713.28,696.91,698.05,554,78,0
1669827600,698.05,699.71,693.04,694.49,730,74,0
1669831200,694.50,697.85,693.65,694.98,518,74,0
1669834800,694.98,696.96,693.37,695.67,467,74,0
1669838400,695.67,705.98,695.62,705.80,996,74,0
1669842000,705.61,711.60,704.23,709.82,1096,74,0
1669845600,709.94,717.14,709.94,715.72,1302,74,0
1669996800,707.04,708.10,698.79,702.24,676,74,0
1670000400,702.01,706.88,700.53,703.38,1248,74,0
1670004000,703.05,707.03,702.17,705.99,979,74,0
1670007600,706.00,708.41,704.33,704.62,718,74,0
1670011200,704.62,707.23,704.04,706.03,831,74,0
1670014800,706.05,709.06,704.57,709.06,1075,74,0
1670018400,709.08,713.08,706.90,712.45,1389,74,0
1670256000,706.37,709.97,700.70,702.34,285,97,0
1670259600,700.63,712.08,697.52,709.51,670,78,0
1670263200,709.56,710.74,702.45,702.63,533,74,0
1670266800,702.46,704.12,701.14,703.18,238,74,0
1670270400,703.18,706.36,703.18,704.03,266,74,0
1670274000,704.03,707.52,702.38,707.52,643,74,0
1670277600,707.52,713.71,706.50,712.65,945,74,0
1670342400,705.95,708.83,701.51,703.51,270,98,0
1670346000,703.51,705.12,699.75,705.12,467,86,0
1670349600,705.12,710.16,705.12,706.72,402,74,0
1670353200,707.32,709.02,706.34,708.25,180,74,0
1670356800,708.25,708.47,704.77,705.60,246,74,0
1670360400,705.60,706.82,703.87,706.10,237,74,0
1670364000,706.11,711.88,704.75,710.12,468,74,0
1670428800,707.35,714.00,704.30,710.42,410,74,0
1670432400,710.42,720.91,708.77,713.37,784,74,0
1670436000,713.37,715.19,710.75,712.78,755,74,0
1670439600,712.49,713.39,709.78,710.03,572,74,0
1670443200,710.09,710.12,704.75,705.49,695,74,0
1670446800,705.49,708.41,704.09,706.97,497,74,0
1670450400,706.97,709.51,706.37,708.77,696,74,0
1670515200,712.51,712.98,707.21,712.64,343,136,0
1670518800,712.65,713.29,705.60,708.17,1159,74,0
1670522400,708.17,709.29,704.61,706.98,1050,74,0
1670526000,706.99,706.99,703.35,703.41,980,74,0
1670529600,703.43,706.51,703.43,704.57,1073,74,0
1670533200,704.56,705.17,701.41,703.87,1301,74,0
1670536800,703.87,703.94,700.75,703.17,1533,74,0
1670601600,700.55,706.81,698.36,706.11,455,88,0
1670605200,706.11,708.66,703.42,707.79,1157,74,0
1670608800,707.80,713.07,706.04,711.61,943,74,0
1670612400,711.61,713.48,710.21,712.77,763,74,0
1670616000,712.77,712.99,710.84,711.72,752,74,0
1670619600,711.72,711.76,709.23,710.57,789,74,0
1670623200,710.28,711.18,705.85,706.70,1538,74,0
1670860800,704.14,705.89,701.25,704.05,361,134,0
1670864400,704.05,706.21,701.17,702.81,729,74,0
1670868000,702.82,705.76,701.05,705.14,1118,74,0
1670871600,705.14,705.89,702.27,704.76,1014,78,0
1670875200,704.76,706.45,702.95,706.23,638,74,0
1670878800,706.23,707.77,704.82,707.39,708,74,0
1670882400,707.39,710.69,707.22,707.99,1143,74,0
1670947200,735.35,742.23,732.97,739.51,675,74,0
1670950800,739.51,739.91,726.77,728.69,1354,74,0
1670954400,728.69,733.16,725.31,727.10,617,74,0
1670958000,727.46,728.29,715.68,717.64,864,74,0
1670961600,717.64,722.94,716.30,717.71,676,74,0
1670965200,717.71,724.93,717.37,721.38,732,74,0
1670968800,721.39,727.50,718.03,724.15,843,74,0
1671033600,718.50,723.77,716.93,723.15,311,123,0
1671037200,723.15,724.98,721.39,722.51,502,78,0
1671040800,722.51,724.63,720.71,721.07,504,74,0
1671044400,721.07,722.45,719.11,719.38,397,74,0
1671048000,719.15,721.87,718.75,719.89,342,74,0
1671051600,719.89,719.89,703.24,707.46,627,74,0
1671055200,706.87,716.97,704.12,710.42,1079,74,0
1671120000,699.39,701.76,696.99,698.00,323,87,0
1671123600,697.72,698.50,692.34,698.21,1118,74,0
1671127200,698.22,699.13,693.75,693.86,607,74,0
1671130800,693.86,697.27,693.86,694.52,455,74,0
1671134400,694.52,694.85,692.54,694.44,484,74,0
1671138000,694.44,699.82,692.32,699.82,667,74,0
1671141600,699.82,700.84,696.22,697.93,901,74,0
1671206400,688.74,693.87,685.74,691.56,232,74,0
1671210000,691.56,691.56,683.12,687.29,475,74,0
1671213600,687.29,693.15,686.13,689.09,615,74,0
1671217200,689.09,690.96,688.11,688.32,251,74,0
1671220800,688.32,690.98,688.32,690.97,258,74,0
1671224400,690.97,693.10,688.58,692.43,325,74,0
1671228000,692.43,703.07,691.72,699.18,646,74,0
1671465600,697.39,698.44,692.22,694.66,357,74,0
1671469200,694.66,695.98,686.63,686.98,710,76,0
1671472800,686.99,691.10,686.94,688.99,723,74,0
1671476400,688.96,691.88,688.63,691.42,523,74,0
1671480000,691.42,692.57,690.16,691.21,544,74,0
1671483600,691.22,692.25,688.92,689.99,614,74,0
1671487200,689.99,692.38,688.28,691.80,1063,74,0
1671552000,687.13,691.89,687.11,691.89,517,93,0
1671555600,691.89,694.26,691.87,693.52,824,74,0
1671559200,693.52,694.87,688.34,692.73,979,74,0
1671562800,693.11,693.46,690.91,692.95,830,74,0
1671566400,692.94,694.46,690.78,692.56,756,74,0
1671570000,692.57,694.42,690.69,692.00,729,74,0
1671573600,692.01,693.25,690.96,691.33,1094,74,0
1671638400,697.82,709.80,697.82,707.10,213,83,0
1671642000,707.43,712.30,706.25,711.97,335,74,0
1671645600,711.97,713.95,711.77,712.81,262,74,0
1671649200,712.81,712.90,711.23,712.22,287,74,0
1671652800,712.34,715.09,709.81,711.46,323,74,0
1671656400,711.46,713.20,710.30,711.66,252,74,0
1671660000,711.12,712.74,710.44,712.45,599,74,0
1671724800,702.67,706.47,700.92,706.46,363,105,0
1671728400,706.46,706.79,695.77,695.77,779,74,0
1671732000,695.77,697.36,692.90,693.61,690,80,0
1671735600,693.61,694.88,687.66,691.41,777,74,0
1671739200,691.42,692.38,689.75,692.38,804,74,0
1671742800,692.38,696.81,690.80,696.65,980,74,0
1671746400,696.65,704.49,696.17,703.08,1284,74,0
1671811200,704.16,709.53,699.57,701.45,195,88,0
1671814800,701.47,704.39,699.27,700.84,429,87,0
1671818400,700.84,703.76,699.48,703.67,262,74,0
1671822000,703.67,706.78,703.66,704.86,179,89,0
1671825600,704.86,706.10,702.02,703.43,198,74,0
1671829200,703.43,704.94,702.45,704.94,389,74,0
1671832800,704.94,705.94,702.03,703.47,444,74,0
1672156800,702.52,704.02,699.96,702.08,130,102,0
1672160400,700.43,706.64,700.25,701.06,288,74,0
1672164000,701.06,705.38,701.06,704.08,186,74,0
1672167600,704.08,704.84,700.75,702.93,215,84,0
1672171200,702.93,703.72,702.29,702.61,216,74,0
1672174800,702.61,703.48,700.25,701.45,298,74,0
1672178400,701.57,704.49,701.46,703.01,377,74,0
1672182000,703.01,703.01,692.17,694.25,8,84,0
1672243200,702.74,710.82,702.74,707.27,265,74,0
1672246800,707.46,708.53,703.44,705.85,425,74,0
1672250400,705.86,706.29,702.15,702.25,571,74,0
1672254000,702.25,705.91,701.00,705.68,439,74,0
1672257600,705.68,706.94,704.29,705.60,666,74,0
1672261200,705.60,706.44,704.35,704.44,563,74,0
1672264800,704.44,705.33,699.95,700.04,670,74,0
1672329600,704.64,715.94,704.64,714.46,530,96,0
1672333200,714.95,719.56,714.95,718.66,654,76,0
1672336800,718.66,719.88,714.87,719.39,593,74,0
1672340400,719.39,719.48,715.53,716.75,600,74,0
1672344000,716.62,717.62,714.94,715.80,611,79,0
1672347600,715.80,718.32,715.36,716.67,692,74,0
1672351200,716.67,717.16,714.50,715.61,676,74,0
1672416000,710.01,712.28,704.42,709.08,489,109,0
1672419600,709.08,710.22,706.49,707.97,389,74,0
1672423200,707.97,708.77,706.09,708.34,310,74,0
1672426800,708.35,708.36,705.36,706.63,401,87,0
1672430400,706.63,706.66,700.46,700.87,488,74,0
1672434000,700.87,701.52,697.75,698.30,547,74,0
1672437600,698.30,708.47,698.30,708.31,1091,74,0
1672761600,714.27,722.00,714.27,714.92,208,103,0
1672765200,714.92,717.83,709.41,717.32,762,74,0
1672768800,717.32,717.32,706.77,707.41,324,74,0
1672772400,707.41,709.97,704.75,706.88,264,81,0
1672776000,706.88,709.94,706.15,709.30,196,80,0
1672779600,709.35,709.52,702.62,707.75,425,74,0
1672783200,709.09,712.64,709.09,711.45,336,74,0
1672786800,711.45,717.39,708.03,713.16,71,74,0
1672848000,716.36,721.51,715.64,716.96,527,74,0
1672851600,716.06,720.49,712.64,719.44,1619,74,0
1672855200,719.44,726.50,718.45,726.00,1051,74,0
1672858800,726.02,726.93,722.75,723.09,755,74,0
1672862400,723.09,725.36,719.60,720.52,821,74,0
1672866000,720.52,723.35,714.77,718.27,1424,74,0
1672869600,718.27,721.44,714.27,721.20,727,74,0
1672934400,712.36,713.64,706.04,713.64,947,105,0
1672938000,713.64,716.59,712.12,712.20,2280,74,0
1672941600,712.20,713.88,709.97,711.95,789,74,0
1672945200,711.96,714.81,711.05,712.00,984,74,0
1672948800,712.00,713.42,710.48,711.11,681,74,0
1672952400,711.11,712.09,708.75,710.30,931,74,0
1672956000,710.30,710.30,700.88,700.88,1141,74,0
1673020800,710.83,718.06,709.97,712.04,310,74,0
1673024400,713.00,729.74,712.72,727.52,962,74,0
1673028000,727.75,735.31,727.47,734.69,404,74,0
1673031600,734.69,736.46,728.58,729.62,393,74,0
1673035200,729.63,734.96,729.63,732.99,387,74,0
1673038800,732.99,736.77,732.81,736.15,567,74,0
1673042400,736.15,738.09,734.64,737.60,820,74,0
1673280000,741.30,749.97,740.72,749.88,487,74,0
1673283600,749.89,757.41,748.13,754.90,904,74,0
1673287200,754.91,761.61,754.91,758.19,536,74,0
1673290800,758.19,761.38,755.82,761.30,689,74,0
1673294400,761.30,761.56,753.26,755.40,1050,74,0
1673298000,755.41,758.32,755.32,755.40,1289,74,0
1673301600,755.40,757.07,752.59,752.65,1545,74,0
1673366400,747.39,750.64,743.19,747.04,601,87,0
1673370000,747.04,751.41,744.25,747.54,817,74,0
1673373600,747.54,748.46,745.55,747.25,1075,74,0
1673377200,747.22,751.58,745.75,750.43,751,74,0
1673380800,750.43,754.81,749.90,753.78,651,74,0
1673384400,753.78,756.21,752.46,752.70,670,74,0
1673388000,752.72,757.04,751.11,756.94,940,74,0
1673452800,756.77,760.88,755.37,758.79,365,101,0
1673456400,758.79,762.38,757.88,759.09,650,74,0
1673460000,759.09,763.12,758.93,761.96,532,74,0
1673463600,761.96,762.58,753.11,754.69,563,74,0
1673467200,754.69,755.84,749.38,749.79,428,74,0
1673470800,749.82,750.29,747.69,749.09,543,74,0
1673474400,749.09,755.77,749.09,755.47,810,74,0
1673539200,758.93,759.40,741.49,744.31,451,81,0
1673542800,744.31,749.20,740.76,744.31,1083,78,0
1673546400,744.31,745.39,741.43,745.19,726,74,0
1673550000,745.19,749.24,744.77,748.27,535,74,0
1673553600,748.26,751.58,743.18,748.15,667,74,0
1673557200,748.87,753.83,748.70,752.85,517,79,0
1673560800,752.85,755.00,746.14,753.71,809,74,0
1673625600,747.02,747.37,734.76,738.55,530,74,0
1673629200,738.37,750.76,738.37,748.15,850,74,0
1673632800,748.20,751.78,746.86,749.13,866,100,0
1673636400,748.76,751.57,748.58,749.00,833,74,0
1673640000,749.00,752.23,747.24,752.19,668,74,0
1673643600,752.19,753.53,751.29,753.26,752,74,0
1673647200,753.26,757.96,753.26,753.75,967,74,0
1673971200,750.99,751.84,740.76,744.55,491,106,0
1673974800,744.55,748.84,734.75,737.28,1229,74,0
1673978400,737.29,743.34,735.67,743.15,625,74,0
1673982000,743.16,745.96,742.06,744.30,491,77,0
1673985600,744.31,744.45,740.88,742.15,491,74,0
1673989200,742.14,747.23,740.49,745.49,645,74,0
1673992800,745.49,750.18,745.49,749.32,789,74,0
1674057600,749.05,760.34,749.05,760.02,227,82,0
1674061200,760.02,762.28,756.05,757.92,284,75,0
1674064800,757.92,758.44,751.27,752.75,275,74,0
1674068400,752.75,754.47,749.11,749.82,374,74,0
1674072000,749.82,750.47,748.14,748.85,387,74,0
1674075600,748.85,750.78,747.80,749.13,372,74,0
1674079200,749.13,750.40,745.96,747.04,395,74,0
1674144000,740.95,740.95,735.75,737.25,466,92,0
1674147600,737.26,739.22,734.76,736.61,902,78,0
1674151200,734.95,736.61,734.01,735.73,70,96,0
1674154800,735.63,736.08,731.00,732.99,381,74,0
1674158400,732.99,736.05,731.90,733.79,856,74,0
1674162000,733.71,734.85,732.18,733.46,1231,74,0
1674165600,733.46,733.72,729.37,729.38,1117,74,0
1674230400,733.04,735.39,729.97,733.33,539,86,0
1674234000,733.57,736.75,732.09,734.13,607,74,0
1674237600,734.14,736.81,731.73,732.47,557,74,0
1674241200,732.47,735.93,732.13,735.56,477,74,0
1674244800,735.57,740.37,735.37,740.17,374,74,0
1674248400,740.17,740.57,738.02,739.80,533,74,0
1674252000,739.95,742.13,739.49,741.42,1079,74,0
1674489600,742.34,742.59,739.02,739.35,377,86,0
1674493200,739.38,740.14,735.10,737.38,910,74,0
1674496800,737.40,743.07,737.40,741.68,848,74,0
1674500400,741.68,742.84,738.70,741.35,685,74,0
1674504000,741.33,749.75,739.91,747.02,674,74,0
1674507600,747.02,747.55,739.76,741.73,993,74,0
1674511200,741.73,748.38,741.29,747.54,1176,74,0
1674576000,741.39,749.35,738.86,746.92,401,74,0
1674579600,746.92,753.68,746.11,753.26,930,74,0
1674583200,753.26,755.73,749.87,749.90,811,74,0
1674586800,749.92,753.71,748.94,752.90,519,74,0
1674590400,752.89,755.24,751.97,753.98,521,74,0
1674594000,753.98,756.58,752.20,756.17,496,74,0
1674597600,756.18,756.41,749.81,751.51,1166,74,0
1674662400,744.43,744.43,735.20,735.86,292,74,0
1674666000,735.53,741.66,732.63,733.95,1345,74,0
1674669600,733.78,734.33,731.75,733.58,1355,74,0
1674673200,733.58,737.97,732.07,737.95,851,74,0
1674676800,737.95,747.88,737.27,746.36,830,74,0
1674680400,746.53,750.49,745.22,749.34,477,74,0
1674684000,749.34,751.24,748.30,750.81,849,74,0
1674748800,750.18,753.18,745.23,749.68,496,103,0
1674752400,749.94,754.83,746.95,748.00,691,95,0
1674756000,748.00,750.53,745.37,748.73,231,83,0
1674759600,748.73,752.73,748.36,749.99,294,74,0
1674763200,750.18,755.75,750.06,755.03,265,78,0
1674766800,755.03,756.33,753.65,754.43,308,74,0
1674770400,754.43,758.56,754.19,758.56,425,74,0
1674835200,750.96,757.75,750.96,754.93,324,94,0
1674838800,755.62,760.76,753.75,755.07,671,74,0
1674842400,754.79,759.06,754.41,758.82,462,74,0
1674846000,758.39,762.06,758.13,760.09,344,85,0
1674849600,760.09,760.15,757.93,760.15,484,77,0
1674853200,760.15,763.14,760.08,761.95,572,74,0
1674856800,761.94,763.48,758.35,758.73,708,74,0
1675094400,750.64,755.07,749.08,752.99,205,88,0
1675098000,752.99,757.09,750.75,752.85,327,94,0
1675101600,752.68,754.53,751.10,753.27,219,74,0
1675105200,753.27,753.64,751.41,751.95,196,91,0
1675108800,751.95,754.74,751.50,753.98,156,78,0
1675112400,753.98,754.43,749.81,751.29,284,74,0
1675116000,751.29,751.88,746.15,747.49,603,74,0
1675180800,749.53,749.76,745.69,746.37,445,84,0
1675184400,746.37,751.87,745.95,749.85,960,80,0
1675188000,749.88,751.12,748.05,749.75,809,74,0
1675191600,749.70,751.44,748.31,750.64,661,74,0
1675195200,750.65,751.14,748.03,750.21,1023,79,0
1675198800,750.22,752.06,749.41,750.92,998,74,0
1675202400,750.93,759.15,749.20,758.81,1125,74,0
1675267200,753.27,759.24,752.39,756.19,222,118,0
1675270800,756.19,756.19,748.72,748.81,321,86,0
1675274400,748.31,750.94,747.75,748.29,559,74,0
1675278000,748.29,750.49,747.83,748.39,1005,74,0
1675281600,748.39,750.61,747.75,748.69,499,74,0
1675285200,748.71,756.16,743.76,753.68,654,82,0
1675288800,753.68,767.78,753.68,761.29,1198,74,0
1675353600,763.06,773.68,761.39,767.59,620,104,0
1675357200,767.32,780.01,765.63,779.58,1955,74,0
1675360800,779.72,781.14,772.93,774.93,1053,74,0
1675364400,774.93,777.90,772.36,773.37,846,74,0
1675368000,773.37,777.09,771.75,775.62,771,74,0
1675371600,775.62,776.52,764.68,765.55,704,74,0
1675375200,765.55,770.30,763.75,770.28,964,74,0
1675440000,753.61,756.91,749.37,750.95,575,115,0
1675443600,750.95,759.81,746.77,759.17,1450,74,0
1675447200,759.17,764.76,757.77,763.40,854,74,0
1675450800,763.40,769.25,760.17,760.20,765,74,0
1675454400,760.17,760.27,753.12,755.84,849,74,0
1675458000,755.90,757.51,751.80,752.94,937,74,0
1675461600,752.91,757.06,751.27,756.53,1113,74,0
1675699200,751.02,751.02,737.98,741.53,515,114,0
1675702800,741.54,748.21,741.11,746.90,1249,74,0
1675706400,746.90,748.48,742.70,742.85,814,74,0
1675710000,742.71,745.90,741.37,745.32,796,74,0
1675713600,745.33,745.59,741.49,743.23,930,74,0
1675717200,743.24,744.89,741.97,744.39,868,74,0
1675720800,744.39,744.75,740.56,741.79,1079,74,0
1675785600,737.69,738.69,736.14,737.45,95,109,0
1675789200,737.46,738.16,732.67,733.33,891,74,0
1675792800,733.33,736.84,733.29,734.84,642,74,0
1675796400,734.83,741.94,733.75,741.42,842,74,0
1675800000,741.61,742.59,728.02,730.72,1121,74,0
1675803600,730.72,739.27,730.72,738.82,1019,74,0
1675807200,738.83,743.27,737.65,740.57,1288,74,0
1675872000,736.39,739.73,734.96,738.93,224,77,0
1675875600,738.80,741.52,734.23,737.69,298,74,0
1675879200,737.69,739.08,733.38,735.46,318,74,0
1675882800,735.46,736.48,733.14,735.20,273,75,0
1675886400,735.20,736.35,732.51,733.46,403,74,0
1675890000,733.46,734.65,730.07,731.31,437,74,0
1675893600,731.31,732.60,729.15,729.61,705,74,0
1675958400,736.08,738.15,732.58,733.01,493,140,0
1675962000,733.03,734.68,728.34,730.90,657,74,0
1675965600,730.90,731.50,725.97,727.49,479,74,0
1675969200,727.49,728.67,721.78,722.93,539,74,0
1675972800,722.93,724.04,720.00,721.60,737,74,0
1675976400,721.60,722.86,719.93,720.53,488,74,0
1675980000,720.53,720.61,713.71,715.31,861,74,0
1676044800,712.19,717.56,710.62,715.62,271,74,0
1676048400,715.10,721.91,713.69,720.20,412,74,0
1676052000,720.20,722.58,719.08,719.82,228,74,0
1676055600,719.82,722.11,717.02,721.75,244,74,0
1676059200,721.75,724.49,721.03,721.70,290,74,0
1676062800,721.70,723.00,720.44,721.39,341,74,0
1676066400,721.41,725.87,720.74,723.25,541,74,0
1676304000,723.67,728.73,720.76,728.27,258,74,0
1676307600,728.27,732.15,726.39,731.43,642,74,0
1676311200,731.43,733.80,729.64,732.54,411,74,0
1676314800,732.54,736.81,732.54,736.08,280,74,0
1676318400,736.08,736.54,733.52,736.47,241,74,0
1676322000,736.47,737.14,732.32,733.66,462,74,0
1676325600,733.66,736.75,732.43,736.39,621,74,0
1676390400,733.18,741.24,731.12,740.47,464,84,0
1676394000,740.47,742.12,727.98,731.21,911,78,0
1676397600,731.21,734.42,726.13,728.15,931,74,0
1676401200,728.13,731.53,728.05,731.47,769,74,0
1676404800,731.47,735.20,730.48,733.37,902,74,0
1676408400,733.38,735.35,731.28,734.07,1158,74,0
1676412000,734.09,734.61,728.54,728.64,1108,74,0
1676476800,722.94,724.80,719.12,721.39,386,74,0
1676480400,721.39,725.58,721.30,724.69,1206,74,0
1676484000,724.69,727.03,724.13,726.32,587,74,0
1676487600,726.32,726.51,723.43,725.26,533,74,0
1676491200,725.26,727.31,725.25,726.42,493,74,0
1676494800,726.42,726.72,724.06,724.10,518,74,0
1676498400,724.10,725.06,723.30,723.94,784,74,0
1676563200,713.23,715.28,709.75,710.42,623,93,0
1676566800,710.28,717.71,708.76,715.96,1138,74,0
1676570400,715.97,719.33,715.32,718.35,695,74,0
1676574000,718.35,721.45,717.10,719.97,669,74,0
1676577600,719.98,721.43,718.34,721.41,701,74,0
1676581200,721.40,722.18,719.52,720.78,843,74,0
1676584800,720.78,720.85,712.34,712.76,1412,74,0
1676649600,708.64,713.57,707.08,707.88,269,94,0
1676653200,708.53,714.45,708.53,709.53,639,74,0
1676656800,709.53,711.07,706.04,706.70,272,74,0
1676660400,706.70,710.03,705.60,706.77,213,74,0
1676664000,706.77,711.12,706.33,710.12,268,74,0
1676667600,710.12,713.40,709.80,713.24,357,74,0
1676671200,713.24,715.93,711.94,715.91,597,74,0
1676995200,707.19,707.49,701.66,701.96,631,74,0
1676998800,701.96,702.33,694.75,694.91,1367,74,0
1677002400,694.91,698.27,694.18,696.99,976,74,0
1677006000,696.99,697.67,694.07,695.03,1022,74,0
1677009600,695.03,695.08,691.68,692.16,825,74,0
1677013200,692.16,695.02,691.95,694.30,1026,74,0
1677016800,694.33,695.65,692.78,695.26,1261,74,0
1677081600,694.34,698.02,690.46,691.38,724,74,0
1677085200,691.38,691.64,684.91,689.31,1263,74,0
1677088800,689.31,692.51,687.96,689.41,837,74,0
1677092400,689.41,690.63,687.51,690.63,688,74,0
1677096000,690.09,691.55,688.22,688.98,690,74,0
1677099600,687.87,689.45,682.35,682.67,1995,74,0
1677103200,682.70,687.29,681.57,687.29,1633,74,0
1677168000,694.77,701.32,692.29,696.39,653,74,0
1677171600,696.75,696.76,689.75,691.13,1317,74,0
1677175200,691.13,693.07,686.01,686.81,1093,74,0
1677178800,686.81,688.52,685.88,687.63,849,74,0
1677182400,687.68,689.63,686.68,688.08,931,74,0
1677186000,688.08,691.04,687.08,690.37,889,74,0
1677189600,690.38,693.29,690.38,691.59,1073,74,0
1677254400,682.38,683.48,677.75,681.06,743,74,0
1677258000,680.80,684.54,680.36,682.26,1564,74,0
1677261600,682.26,690.75,682.14,688.41,1272,74,0
1677265200,688.46,688.76,683.96,684.63,1052,74,0
1677268800,684.63,686.78,683.04,686.10,851,74,0
1677272400,686.11,686.55,683.19,685.24,1242,74,0
1677276000,685.24,686.29,680.94,683.18,1419,74,0
1677513600,691.56,694.55,691.16,693.13,382,78,0
1677517200,693.13,696.23,688.88,690.74,2351,74,0
1677520800,690.58,691.30,686.03,687.47,1837,74,0
1677524400,687.47,687.64,684.75,685.31,1539,74,0
1677528000,685.31,685.89,682.72,684.49,1476,74,0
1677531600,684.52,685.41,681.62,682.52,1595,74,0
1677535200,682.54,683.20,681.13,682.73,1031,74,0
1677600000,683.45,689.59,681.77,687.64,610,74,0
1677603600,687.44,688.81,683.82,686.69,1417,74,0
1677607200,686.69,690.68,686.69,688.91,976,74,0
1677610800,688.91,691.22,688.88,690.55,600,74,0
1677614400,690.55,694.04,690.18,691.54,614,74,0
1677618000,691.54,693.49,691.24,692.72,547,74,0
1677621600,692.72,692.77,687.68,688.72,919,74,0
1677686400,686.07,687.48,681.39,681.39,822,74,0
1677690000,681.40,683.33,674.78,682.92,2172,74,0
1677693600,682.92,685.02,678.66,683.92,1357,74,0
1677697200,683.92,686.34,682.04,685.12,1095,74,0
1677700800,684.92,684.99,681.25,682.64,816,74,0
1677704400,682.64,683.60,677.82,678.27,1676,74,0
1677708000,678.28,681.71,677.56,680.38,1258,74,0
1677772800,674.11,676.89,671.75,674.75,613,74,0
1677776400,674.75,678.76,673.90,677.70,1176,74,0
1677780000,677.70,679.12,677.03,677.69,697,74,0
1677783600,677.69,678.00,675.13,676.52,801,74,0
1677787200,676.52,681.94,675.21,681.86,725,74,0
1677790800,682.09,684.40,681.10,684.13,1518,74,0
1677794400,683.99,686.91,683.11,685.85,1356,74,0
1677859200,692.25,692.78,688.35,690.28,603,74,0
1677862800,690.28,691.53,687.39,689.65,1647,74,0
1677866400,689.65,690.79,688.45,690.51,878,74,0
1677870000,690.51,691.13,688.55,690.79,730,74,0
1677873600,690.87,692.05,689.74,690.84,969,74,0
1677877200,690.86,693.78,690.60,692.84,1201,74,0
1677880800,692.86,694.87,692.16,694.86,1188,74,0
1678118400,689.45,693.18,687.84,692.47,491,74,0
1678122000,692.47,695.99,690.44,695.21,781,74,0
1678125600,695.21,698.26,694.25,695.65,659,74,0
1678129200,695.65,696.57,688.18,691.05,842,74,0
1678132800,691.04,691.05,687.22,687.59,1059,74,0
1678136400,687.59,689.18,687.15,688.07,754,74,0
1678140000,687.82,690.08,687.29,688.12,700,74,0
1678204800,689.27,689.27,684.84,687.45,520,86,0
1678208400,686.94,686.94,677.81,677.87,1646,74,0
1678212000,677.88,679.87,676.84,676.95,1266,82,0
1678215600,676.95,681.97,676.52,677.64,950,74,0
1678219200,677.62,677.73,672.81,673.14,707,75,0
1678222800,673.14,675.29,672.86,674.62,736,74,0
1678226400,674.44,677.07,674.23,674.43,1089,74,0
1678291200,674.82,677.97,672.89,677.21,457,90,0
1678294800,677.26,679.92,671.96,676.02,1289,74,0
1678298400,676.02,678.90,675.84,678.44,908,74,0
1678302000,678.44,678.82,674.86,675.30,745,74,0
1678305600,675.31,675.92,671.77,672.58,1069,74,0
1678309200,672.59,674.86,672.59,673.07,1341,74,0
1678312800,673.07,676.07,672.21,674.01,1341,74,0
1678377600,673.20,675.45,666.20,668.42,467,74,0
1678381200,668.43,672.24,666.99,670.67,892,74,0
1678384800,670.67,670.67,663.65,663.92,492,74,0
1678388400,663.94,664.88,660.21,660.59,665,74,0
1678392000,660.59,661.09,655.56,657.34,464,74,0
1678395600,657.34,659.21,655.07,655.07,569,74,0
1678399200,655.07,655.59,649.36,650.97,1263,74,0
1678464000,647.37,647.37,630.31,637.15,742,81,0
1678467600,637.15,642.35,631.75,642.11,1670,74,0
1678471200,642.09,650.70,641.25,642.32,1797,74,0
1678474800,642.32,642.51,637.28,638.42,1059,74,0
1678478400,638.42,639.16,631.33,632.02,1156,74,0
1678482000,632.02,642.28,632.02,640.43,1737,74,0
1678485600,640.43,640.79,631.33,634.72,2029,74,0
1678719600,625.36,639.63,622.59,637.24,793,74,0
1678723200,637.24,640.20,628.89,637.28,1555,74,0
1678726800,637.28,642.75,628.89,632.57,1489,74,0
1678730400,632.58,636.53,625.10,626.20,1704,74,0
1678734000,626.60,633.18,623.94,631.62,1086,76,0
1678737600,631.77,635.42,631.65,634.12,943,74,0
1678741200,634.08,634.78,623.91,625.35,1346,74,0
1678806000,645.34,646.12,635.70,637.66,732,74,0
1678809600,637.66,642.98,633.70,640.24,1305,74,0
1678813200,640.34,642.61,636.81,639.20,600,74,0
1678816800,639.20,639.88,632.37,632.71,903,74,0
1678820400,632.71,633.34,626.75,629.12,887,74,0
1678824000,629.12,629.74,624.03,627.16,1025,74,0
1678827600,627.16,637.70,626.77,637.25,896,74,0
1678892400,623.54,629.99,620.45,627.59,431,92,0
1678896000,627.59,633.58,624.75,628.37,861,77,0
1678899600,628.37,631.89,624.79,625.40,632,74,0
1678903200,625.40,626.57,621.37,622.91,552,74,0
1678906800,622.91,625.50,621.32,625.17,685,74,0
1678910400,625.17,633.57,623.50,630.54,581,74,0
1678914000,630.54,632.36,627.25,631.49,818,74,0
1678978800,626.27,628.90,621.51,626.03,327,74,0
1678982400,626.03,635.57,620.09,633.45,2107,74,0
1678986000,633.45,640.96,631.20,639.84,1824,74,0
1678989600,639.49,642.39,636.76,641.93,1665,74,0
1678993200,642.05,644.76,639.02,639.99,1121,74,0
1678996800,640.02,640.02,634.64,636.48,758,74,0
1679000400,636.48,638.98,635.55,636.33,887,74,0
1679065200,635.49,637.37,626.04,626.50,312,74,0
1679068800,626.72,631.73,623.02,625.97,755,74,0
1679072400,625.44,627.96,623.11,625.62,549,74,0
1679076000,625.62,634.54,625.62,631.81,547,74,0
1679079600,631.81,637.18,631.18,633.88,636,74,0
1679083200,633.88,634.85,631.32,633.72,683,74,0
1679086800,633.74,637.05,632.38,636.46,988,74,0
1679324400,643.00,650.87,643.00,647.56,283,74,0
1679328000,647.56,649.37,641.78,645.25,920,74,0
1679331600,645.26,647.41,642.53,642.81,366,74,0
1679335200,642.81,645.56,639.56,645.14,440,74,0
1679338800,645.23,646.88,643.40,643.68,374,74,0
1679342400,643.68,643.68,638.82,640.91,785,74,0
1679346000,640.91,644.70,640.26,643.03,1102,74,0
1679410800,658.17,664.43,656.56,663.08,208,74,0
1679414400,663.03,663.56,657.72,658.59,766,74,0
1679418000,658.65,661.88,657.62,658.93,722,76,0
1679421600,658.93,661.99,658.87,660.63,510,74,0
1679425200,660.63,663.32,659.39,660.37,546,74,0
1679428800,660.37,661.98,659.16,661.07,530,74,0
1679432400,661.08,664.36,661.08,661.89,636,74,0
1679497200,660.47,661.24,657.02,660.78,347,146,0
1679500800,660.78,665.85,659.42,664.51,683,74,0
1679504400,664.51,665.16,658.70,658.88,567,74,0
1679508000,658.88,660.14,656.89,657.30,749,76,0
1679511600,657.30,660.56,656.80,660.36,378,77,0
1679515200,660.37,666.50,657.63,660.42,1422,74,0
1679518800,660.42,661.32,647.64,647.65,1725,74,0
1679583600,653.51,658.33,653.05,657.03,247,97,0
1679587200,657.03,659.33,654.76,658.75,792,74,0
1679590800,658.75,660.53,656.75,659.41,444,74,0
1679594400,659.41,659.92,653.54,654.89,520,74,0
1679598000,655.02,655.92,652.47,652.60,688,74,0
1679601600,652.60,653.51,644.98,647.57,1420,74,0
1679605200,647.59,653.00,644.90,650.73,2480,74,0
1679670000,641.23,643.69,638.84,642.36,786,74,0
1679673600,642.68,647.01,640.75,640.75,1500,74,0
1679677200,640.75,643.78,637.10,643.77,1202,74,0
1679680800,643.77,645.55,640.26,642.82,1126,75,0
1679684400,642.82,646.06,642.26,643.04,986,74,0
1679688000,643.04,646.56,642.90,644.87,1164,74,0
1679691600,644.89,647.12,642.19,644.54,1612,74,0
1679932800,652.27,655.71,648.68,650.14,409,74,0
1679936400,650.07,650.55,645.82,646.74,1269,74,0
1679940000,646.74,649.37,645.87,647.65,456,74,0
1679943600,647.65,649.09,646.33,648.14,476,74,0
1679947200,648.33,650.01,647.03,648.35,529,74,0
1679950800,648.35,651.19,646.99,651.00,513,74,0
1679954400,651.00,651.13,645.82,647.70,749,74,0
1680019200,645.26,648.26,644.82,646.28,154,86,0
1680022800,646.28,647.47,641.95,642.50,858,74,0
1680026400,642.50,644.16,641.87,643.55,633,74,0
1680030000,643.57,643.73,640.83,643.42,413,74,0
1680033600,643.42,643.44,641.25,641.73,403,74,0
1680037200,641.73,645.00,641.55,645.00,807,74,0
1680040800,645.00,646.28,643.02,645.78,581,74,0
1680105600,650.89,656.75,649.87,654.10,496,74,0
1680109200,654.10,654.37,650.78,651.18,946,74,0
1680112800,651.17,653.18,650.41,652.27,866,74,0
1680116400,652.17,652.47,651.03,651.25,824,74,0
1680120000,651.25,652.52,650.40,651.32,835,74,0
1680123600,651.24,653.16,650.81,652.92,775,74,0
1680127200,652.93,656.88,651.10,656.75,1266,74,0
1680192000,663.73,666.67,662.87,666.65,333,76,0
1680195600,666.66,667.10,662.56,662.98,1480,74,0
1680199200,662.90,663.23,660.04,660.81,1726,74,0
1680202800,660.90,661.33,657.17,658.10,1686,74,0
1680206400,658.06,658.94,656.53,658.67,1377,74,0
1680210000,658.67,659.99,658.17,659.18,1034,74,0
1680213600,659.18,660.81,658.31,660.65,1549,74,0
1680278400,664.89,665.65,663.11,663.57,407,82,0
1680282000,663.59,666.88,662.44,666.84,870,74,0
1680285600,666.84,667.87,665.86,666.08,844,74,0
1680289200,666.00,666.89,663.75,664.32,795,74,0
1680292800,664.32,664.33,661.99,663.05,938,74,0
1680296400,662.86,664.29,662.36,663.06,739,74,0
1680300000,663.06,668.66,663.05,668.23,1147,74,0
1680537600,666.04,666.04,655.35,659.80,284,91,0
1680541200,660.11,669.76,660.11,664.46,817,74,0
1680544800,664.53,666.66,661.68,666.32,406,74,0
1680548400,666.32,667.61,665.66,666.75,273,74,0
1680552000,666.75,667.68,664.49,665.54,415,74,0
1680555600,665.53,667.52,665.00,667.14,346,75,0
1680559200,667.14,667.63,665.40,665.63,578,74,0
1680624000,666.23,666.96,663.28,665.70,451,74,0
1680627600,666.26,668.97,659.06,659.49,1873,74,0
1680631200,659.77,659.83,656.70,657.53,1419,74,0
1680634800,657.53,658.16,653.30,654.61,1355,74,0
1680638400,654.52,657.33,653.91,656.94,1463,74,0
1680642000,656.87,657.55,654.19,656.57,1896,74,0
1680645600,656.57,658.82,655.80,658.48,1782,74,0
1680710400,653.78,655.98,650.38,654.53,495,74,0
1680714000,655.27,656.69,651.78,653.17,1491,74,0
1680717600,653.17,655.64,650.88,654.60,632,74,0
1680721200,654.60,654.80,651.29,653.18,666,74,0
1680724800,653.18,655.09,652.39,654.49,602,74,0
1680728400,654.49,656.21,652.91,653.09,666,74,0
1680732000,653.03,655.61,651.08,655.50,913,74,0
1680796800,655.64,657.25,652.96,653.57,273,74,0
1680800400,653.60,658.09,653.56,656.72,1025,74,0
1680804000,656.72,657.78,655.63,656.30,523,74,0
1680807600,656.30,656.96,654.75,654.99,537,74,0
1680811200,654.96,656.85,654.96,655.20,378,74,0
1680814800,655.20,656.03,654.30,655.15,462,74,0
1680818400,655.15,656.05,654.35,655.77,421,74,0
1681142400,651.89,652.43,650.11,651.02,293,92,0
1681146000,651.02,653.63,650.41,653.25,593,74,0
1681149600,653.25,654.37,651.10,651.42,440,74,0
1681153200,651.42,655.38,650.46,655.11,513,74,0
1681156800,655.15,656.51,654.75,655.67,386,74,0
1681160400,655.68,657.21,655.06,656.76,410,74,0
1681164000,656.76,659.25,656.27,659.25,521,74,0
1681228800,661.23,663.38,661.20,662.02,185,74,0
1681232400,662.07,665.76,661.04,663.25,1466,74,0
1681236000,663.39,667.88,663.39,667.74,1321,74,0
1681239600,667.74,670.00,666.91,667.91,1144,74,0
1681243200,668.07,668.52,666.51,668.29,995,74,0
1681246800,668.00,669.17,667.02,668.84,884,74,0
1681250400,668.87,671.06,667.68,669.24,1156,74,0
1681315200,671.14,676.67,671.14,673.19,209,74,0
1681318800,673.08,674.12,669.44,670.73,2377,74,0
1681322400,670.73,671.25,666.93,670.90,2030,74,0
1681326000,670.95,673.87,670.47,673.87,1750,74,0
1681329600,673.87,675.14,672.86,673.25,1364,74,0
1681333200,673.25,674.26,666.93,668.47,2305,74,0
1681336800,668.47,668.88,662.85,665.54,1847,74,0
1681401600,665.30,666.03,658.19,658.97,513,74,0
1681405200,658.98,667.62,658.85,666.01,2193,74,0
1681408800,666.01,666.88,663.74,666.42,1536,74,0
1681412400,666.42,667.62,664.47,664.94,937,74,0
1681416000,664.91,669.02,664.57,668.87,1154,74,0
1681419600,668.89,670.79,667.88,670.32,1178,74,0
1681423200,670.34,671.19,668.89,670.04,1514,74,0
1681488000,676.51,702.68,676.40,702.31,608,74,0
1681491600,701.16,702.74,689.75,693.45,1175,74,0
1681495200,693.45,695.72,688.75,688.75,1258,74,0
1681498800,688.80,689.80,686.40,686.79,945,74,0
1681502400,686.79,689.93,686.79,689.05,521,74,0
1681506000,689.05,689.59,688.06,689.14,538,74,0
1681509600,689.15,692.60,687.65,690.24,1132,74,0
1681747200,688.01,697.82,688.01,696.76,395,80,0
1681750800,696.98,698.03,694.10,695.85,1061,74,0
1681754400,695.85,697.19,694.06,697.13,883,74,0
1681758000,697.13,698.69,695.81,696.72,822,74,0
1681761600,697.10,697.45,694.88,694.96,547,74,0
1681765200,694.96,697.21,694.58,696.02,799,74,0
1681768800,696.08,697.88,693.41,697.83,1353,74,0
1681833600,698.82,700.09,693.98,694.75,424,74,0
1681837200,694.55,695.21,689.75,690.70,803,74,0
1681840800,690.70,692.27,689.15,691.48,764,74,0
1681844400,691.48,695.15,691.48,694.44,417,74,0
1681848000,694.38,696.01,693.67,695.50,382,74,0
1681851600,695.50,696.05,692.71,694.04,362,74,0
1681855200,694.26,694.84,692.60,693.59,531,74,0
1681920000,688.80,694.40,688.80,693.82,499,83,0
1681923600,693.83,698.37,693.83,697.12,1101,74,0
1681927200,697.12,697.13,694.97,696.39,727,74,0
1681930800,696.40,697.60,696.21,697.05,540,74,0
1681934400,697.05,698.01,696.21,697.83,521,74,0
1681938000,697.83,698.97,696.06,696.55,637,74,0
1681941600,696.55,696.57,693.19,694.76,821,74,0
1682006400,690.48,693.68,690.30,693.49,517,74,0
1682010000,693.37,696.32,693.24,696.15,787,74,0
1682013600,696.16,696.36,693.41,694.12,604,74,0
1682017200,694.12,696.63,693.46,696.54,593,74,0
1682020800,696.61,698.41,696.52,697.33,719,74,0
1682024400,697.33,697.58,694.98,696.59,971,74,0
1682028000,696.46,697.31,692.43,696.07,1354,74,0
1682092800,694.04,694.69,689.95,693.41,398,79,0
1682096400,693.42,695.30,690.90,692.13,806,74,0
1682100000,692.13,693.87,683.67,684.18,888,74,0
1682103600,684.21,684.27,678.45,681.41,1206,74,0
1682107200,681.43,681.84,679.09,679.80,1210,74,0
1682110800,679.96,681.59,679.31,680.68,854,74,0
1682114400,680.68,681.87,679.34,680.40,920,74,0
1682352000,678.96,680.52,678.50,678.62,278,75,0
1682355600,678.91,679.38,676.45,677.59,1035,74,0
1682359200,677.59,677.59,674.76,675.01,775,74,0
1682362800,675.01,675.64,672.73,674.55,656,74,0
1682366400,674.56,675.55,673.69,675.52,596,78,0
1682370000,675.52,675.80,672.92,673.40,565,74,0
1682373600,673.40,674.38,672.95,673.74,941,74,0
1682438400,668.59,671.15,667.16,667.98,774,83,0
1682442000,667.99,669.78,665.84,665.84,1490,74,0
1682445600,665.77,668.13,663.72,665.24,811,74,0
1682449200,665.24,666.50,664.15,666.37,1018,74,0
1682452800,666.37,666.77,660.88,661.39,927,74,0
1682456400,661.38,661.54,658.36,659.49,1824,74,0
1682460000,659.49,660.78,657.90,659.42,1675,74,0
1682524800,657.67,660.57,656.73,659.96,295,86,0
1682528400,659.98,660.54,654.79,654.89,1157,74,0
1682532000,654.90,657.06,654.72,656.11,930,74,0
1682535600,656.11,656.99,654.75,654.98,655,74,0
1682539200,654.92,655.49,649.87,650.34,808,74,0
1682542800,650.28,651.25,648.52,648.85,1142,74,0
1682546400,648.85,650.89,646.96,650.32,1716,74,0
1682611200,654.25,659.75,653.96,658.89,556,75,0
1682614800,659.00,659.56,656.00,656.40,990,74,0
1682618400,656.41,658.75,655.28,658.39,608,74,0
1682622000,658.38,659.47,657.19,658.00,653,74,0
1682625600,658.02,660.90,657.71,660.38,1098,74,0
1682629200,660.38,662.67,658.74,662.67,918,74,0
1682632800,662.67,663.20,660.85,662.16,1343,74,0
1682697600,656.98,665.94,656.01,664.04,501,77,0
1682701200,663.69,671.08,663.55,668.25,1255,74,0
1682704800,668.25,671.63,665.29,671.11,765,77,0
1682708400,671.20,671.81,667.91,669.46,640,74,0
1682712000,669.46,670.72,667.70,668.75,532,74,0
1682715600,668.76,670.20,665.86,667.88,704,74,0
1682719200,667.87,671.02,667.61,670.95,1013,74,0
1682956800,671.85,674.52,671.85,672.73,369,84,0
1682960400,672.44,673.64,669.02,673.40,1520,74,0
1682964000,673.40,673.53,668.48,669.82,745,74,0
1682967600,669.81,671.39,668.69,668.72,601,74,0
1682971200,668.72,669.02,665.86,666.91,776,74,0
1682974800,666.92,667.19,662.39,663.80,901,74,0
1682978400,663.87,664.20,661.52,662.22,1187,74,0
1683043200,658.51,658.51,648.77,649.00,442,83,0
1683046800,649.00,649.00,634.76,635.57,977,74,0
1683050400,635.68,641.56,634.75,640.86,888,74,0
1683054000,640.86,646.49,640.79,644.56,518,74,0
1683057600,644.57,650.13,644.32,649.16,488,74,0
1683061200,649.36,650.50,646.06,650.19,571,74,0
1683064800,650.19,651.82,649.21,650.99,862,74,0
1683129600,654.98,660.85,654.46,659.30,412,92,0
1683133200,659.30,660.19,655.49,657.24,692,74,0
1683136800,657.24,657.24,652.31,653.78,673,74,0
1683140400,653.79,654.33,651.59,653.82,469,74,0
1683144000,653.82,653.96,650.13,650.48,468,75,0
1683147600,648.98,653.78,647.48,651.03,1665,74,0
1683151200,650.91,651.95,639.75,642.18,2191,74,0
1683216000,638.43,638.43,633.75,635.47,544,74,0
1683219600,635.47,635.47,629.75,630.63,1901,74,0
1683223200,630.43,632.70,627.67,628.34,1374,74,0
1683226800,628.34,632.41,627.94,630.01,705,74,0
1683230400,630.12,633.65,629.23,632.77,879,74,0
1683234000,632.77,633.41,630.26,631.67,1114,74,0
1683237600,631.68,632.59,629.20,631.07,1368,74,0
1683302400,639.72,642.75,637.26,638.79,543,76,0
1683306000,638.83,642.88,638.83,640.42,1285,74,0
1683309600,640.46,642.21,639.15,641.74,1396,74,0
1683313200,641.75,642.33,638.04,640.15,1276,74,0
1683316800,640.15,641.26,639.28,640.19,1228,74,0
1683320400,640.21,644.41,639.81,643.32,1006,74,0
1683324000,643.32,644.34,641.89,644.20,1179,74,0
1683561600,645.96,646.83,642.75,642.76,400,101,0
1683565200,642.76,645.40,641.77,645.36,575,74,0
1683568800,645.38,646.32,643.06,644.33,418,74,0
1683572400,644.43,644.79,640.42,641.09,632,74,0
1683576000,641.09,641.74,640.42,641.43,590,74,0
1683579600,641.43,643.58,639.75,643.43,794,74,0
1683583200,643.44,643.49,641.42,642.82,780,74,0
1683648000,639.65,639.86,634.74,639.22,280,83,0
1683651600,639.56,642.66,639.22,641.32,410,74,0
1683655200,641.28,642.77,640.23,640.46,1293,74,0
1683658800,640.25,640.48,635.81,636.32,730,74,0
1683662400,636.34,637.09,634.26,636.92,895,74,0
1683666000,636.92,637.21,633.23,633.55,760,74,0
1683669600,633.73,635.17,632.78,635.15,698,74,0
1683734400,642.33,643.95,631.25,632.94,407,78,0
1683738000,632.94,634.69,627.20,629.71,1198,74,0
1683741600,629.71,631.49,628.24,629.86,549,74,0
1683745200,629.86,629.86,625.76,626.35,680,74,0
1683748800,626.31,627.91,623.80,627.68,500,74,0
1683752400,627.68,629.59,626.18,628.00,678,74,0
1683756000,628.00,631.05,627.02,628.63,939,74,0
1683820800,629.42,632.20,626.86,631.06,473,84,0
1683824400,631.06,640.18,631.06,638.74,720,74,0
1683828000,638.74,639.47,635.61,636.56,377,74,0
1683831600,636.56,636.86,634.25,636.85,236,74,0
1683835200,636.85,637.13,634.33,636.79,327,74,0
1683838800,636.80,640.01,636.20,639.82,351,74,0
1683842400,639.82,643.08,639.03,641.74,535,74,0
1683907200,644.39,649.52,644.33,647.59,334,74,0
1683910800,646.52,649.59,645.54,648.34,533,74,0
1683914400,648.54,650.14,646.69,650.10,337,74,0
1683918000,650.10,650.10,647.16,647.71,335,74,0
1683921600,647.70,650.77,647.52,647.80,399,74,0
1683925200,647.80,648.36,644.55,646.20,392,74,0
1683928800,646.21,647.74,642.64,644.58,709,74,0
1684166400,646.91,649.32,644.87,647.14,171,82,0
1684170000,647.14,648.15,643.43,647.30,348,74,0
1684173600,647.30,647.30,643.75,643.75,247,74,0
1684177200,643.75,645.69,642.44,645.59,261,74,0
1684180800,645.58,649.44,642.89,643.87,423,74,0
1684184400,643.89,645.96,643.46,644.68,611,74,0
1684188000,644.68,645.63,643.08,644.01,518,74,0
1684252800,641.70,642.46,638.75,638.90,216,93,0
1684256400,638.91,640.43,636.36,636.93,546,74,0
1684260000,636.94,638.68,636.92,637.35,307,74,0
1684263600,637.58,637.59,635.77,636.35,211,74,0
1684267200,636.35,636.53,634.10,636.45,420,74,0
1684270800,636.45,636.45,633.84,634.16,404,74,0
1684274400,634.33,635.95,632.88,633.36,772,74,0
1684339200,638.18,644.02,638.18,639.97,355,74,0
1684342800,639.97,640.67,638.07,638.93,500,74,0
1684346400,638.93,641.88,637.80,641.65,425,74,0
1684350000,641.70,647.02,641.65,646.52,855,74,0
1684353600,646.52,648.89,646.28,648.88,1082,74,0
1684357200,648.99,649.67,647.25,647.98,1104,74,0
1684360800,647.98,651.11,646.97,650.16,1129,74,0
1684425600,649.85,652.94,648.85,652.94,331,76,0
1684429200,652.94,660.88,652.94,660.76,666,74,0
1684432800,660.77,662.30,658.90,659.20,460,74,0
1684436400,659.20,660.25,657.66,659.82,400,74,0
1684440000,659.82,662.49,658.81,661.82,431,74,0
1684443600,661.68,667.99,660.96,666.33,840,74,0
1684447200,666.33,672.71,665.19,669.02,1015,74,0
1684512000,671.18,675.82,670.90,674.89,189,74,0
1684515600,674.89,675.16,672.97,674.43,449,74,0
1684519200,674.43,675.04,662.45,667.65,737,74,0
1684522800,667.25,669.42,664.49,669.39,741,74,0
1684526400,669.40,670.49,668.75,669.23,723,74,0
1684530000,669.23,670.45,667.72,670.02,880,74,0
1684533600,670.02,670.33,665.35,666.24,1237,74,0
1684771200,667.10,671.84,665.32,667.83,176,86,0
1684774800,667.83,669.79,665.30,669.18,980,74,0
1684778400,669.11,673.16,668.53,673.16,299,74,0
1684782000,673.17,673.56,670.57,672.07,382,74,0
1684785600,672.07,672.91,669.79,671.76,383,74,0
1684789200,671.76,675.39,671.76,674.63,503,74,0
1684792800,674.88,674.88,671.02,671.06,357,74,0
1684857600,666.69,671.04,665.91,668.40,159,93,0
1684861200,668.40,670.31,663.56,663.56,551,74,0
1684864800,663.56,669.75,663.56,667.56,408,74,0
1684868400,667.56,668.26,663.81,664.73,399,74,0
1684872000,664.73,666.25,659.59,661.86,575,74,0
1684875600,661.86,663.71,658.42,663.71,482,74,0
1684879200,663.71,663.74,660.32,660.96,930,74,0
1684944000,653.78,653.91,648.00,650.07,339,74,0
1684947600,650.41,652.06,649.82,650.79,580,74,0
1684951200,650.79,654.68,649.86,651.65,407,74,0
1684954800,651.65,652.41,647.96,648.32,270,74,0
1684958400,648.33,650.47,647.75,649.98,291,74,0
1684962000,649.89,650.24,647.96,649.47,577,74,0
1684965600,649.49,655.85,649.29,654.62,1130,74,0
1685030400,654.86,660.68,653.99,658.57,188,93,0
1685034000,658.57,660.76,652.41,660.76,241,74,0
1685037600,660.76,661.88,652.46,654.60,263,74,0
1685041200,654.61,660.04,654.61,658.77,193,74,0
1685044800,658.77,661.08,657.71,658.80,195,74,0
1685048400,658.80,661.42,657.85,659.77,198,76,0
1685052000,659.92,662.77,659.48,659.85,340,74,0
1685116800,662.80,666.47,662.39,666.47,97,88,0
1685120400,666.48,673.85,665.84,671.34,326,74,0
1685124000,671.34,672.11,667.10,669.86,523,74,0
1685127600,669.86,672.09,669.06,671.69,283,74,0
1685131200,671.69,673.23,671.05,673.16,199,74,0
1685134800,673.02,674.11,672.13,673.39,240,74,0
1685138400,673.49,674.99,669.93,671.70,522,74,0
1685462400,674.19,679.27,674.19,676.94,447,100,0
1685466000,676.95,680.25,674.22,674.22,946,74,0
1685469600,673.85,674.39,669.23,671.41,505,74,0
1685473200,671.42,671.47,667.97,670.29,514,74,0
1685476800,670.30,672.30,669.91,671.27,408,74,0
1685480400,671.27,675.11,671.05,672.22,295,74,0
1685484000,672.20,674.78,671.84,673.16,450,74,0
1685548800,668.43,672.59,662.38,662.38,257,92,0
1685552400,662.44,663.10,658.84,659.00,369,74,0
1685556000,659.03,659.11,656.45,657.03,625,74,0
1685559600,657.04,660.52,656.14,660.02,368,74,0
1685563200,660.02,660.39,657.56,659.53,404,74,0
1685566800,659.54,659.72,656.48,657.69,790,74,0
1685570400,657.77,660.60,655.75,657.31,621,74,0
1685635200,661.80,662.80,659.75,661.29,254,74,0
1685638800,661.29,665.26,660.21,663.41,657,74,0
1685642400,663.41,668.80,662.75,668.10,224,74,0
1685646000,668.10,670.69,667.70,669.90,177,74,0
1685649600,669.90,670.80,668.66,670.06,323,74,0
1685653200,670.07,670.44,667.27,668.64,383,74,0
1685656800,668.64,670.93,666.08,668.32,626,74,0
1685721600,674.76,680.64,674.76,677.77,488,74,0
1685725200,678.68,683.11,676.75,682.12,638,74,0
1685728800,682.30,683.82,679.75,680.82,341,74,0
1685732400,680.83,683.12,680.44,682.52,331,86,0
1685736000,682.52,684.54,681.68,682.85,292,76,0
1685739600,682.86,684.29,682.33,683.37,275,74,0
1685743200,683.38,684.39,680.71,681.11,586,74,0
1685980800,680.61,682.87,656.02,676.49,123,90,0
1685984400,676.49,679.19,673.58,674.83,523,82,0
1685988000,674.93,676.69,674.66,676.49,193,74,0
1685991600,676.65,678.94,675.61,678.94,143,74,0
1685995200,678.94,678.94,675.13,677.18,147,74,0
1685998800,677.13,677.13,674.25,676.06,255,74,0
1686002400,676.06,677.83,674.50,676.24,470,74,0
1686067200,674.24,676.99,672.42,674.91,308,74,0
1686070800,674.91,677.48,674.14,677.23,1474,74,0
1686074400,677.28,684.43,677.20,682.87,679,74,0
1686078000,682.87,683.43,680.57,681.65,367,74,0
1686081600,681.65,682.87,680.45,680.70,275,74,0
1686085200,680.71,684.71,679.89,684.41,243,74,0
1686088800,684.41,685.19,683.18,684.62,581,74,0
1686153600,678.68,678.97,672.41,672.87,367,93,0
1686157200,672.89,677.50,671.94,673.69,1279,74,0
1686160800,673.67,675.26,670.39,670.39,489,74,0
1686164400,670.15,673.45,669.87,673.19,608,83,0
1686168000,673.20,673.48,671.88,673.31,578,78,0
1686171600,673.29,676.99,673.29,676.99,654,74,0
1686175200,676.98,678.83,675.94,677.84,1149,74,0
1686240000,674.53,674.53,665.84,667.25,328,98,0
1686243600,667.25,669.73,666.53,667.35,1161,74,0
1686247200,667.36,674.77,665.75,674.77,813,74,0
1686250800,674.77,679.08,674.77,679.08,603,74,0
1686254400,679.08,680.08,678.30,679.87,601,74,0
1686258000,679.87,681.39,678.81,680.80,744,74,0
1686261600,680.88,681.44,678.73,680.31,1066,74,0
1686326400,680.28,681.64,676.51,680.87,251,106,0
1686330000,680.88,684.46,679.87,683.85,948,74,0
1686333600,683.85,685.75,680.03,680.81,563,74,0
1686337200,680.80,681.05,679.10,681.02,490,74,0
1686340800,681.02,681.76,680.18,681.76,300,74,0
1686344400,681.77,682.87,681.33,682.83,400,76,0
1686348000,682.83,684.62,682.14,683.79,928,74,0
1686585600,684.70,688.50,681.33,687.92,462,78,0
1686589200,687.92,688.40,684.76,687.02,794,74,0
1686592800,687.02,687.53,682.38,683.00,413,80,0
1686596400,683.00,684.54,682.29,684.12,356,74,0
1686600000,684.12,684.30,681.92,683.07,431,74,0
1686603600,683.08,683.15,681.88,682.73,326,74,0
1686607200,682.73,684.34,681.95,682.14,660,74,0
1686672000,684.24,691.65,683.51,689.78,438,88,0
1686675600,689.80,691.75,688.45,688.89,2421,74,0
1686679200,688.90,690.46,687.89,689.40,735,74,0
1686682800,689.04,690.84,688.73,690.27,688,74,0
1686686400,690.27,691.85,690.25,690.65,438,74,0
1686690000,690.65,692.12,689.85,690.15,2158,74,0
1686693600,690.13,691.34,688.30,688.77,2245,74,0
1686758400,689.53,695.75,689.14,695.50,258,107,0
1686762000,695.51,702.03,695.50,700.52,773,82,0
1686765600,700.52,704.32,699.79,700.82,461,86,0
1686769200,700.82,704.58,700.81,703.38,519,74,0
1686772800,703.28,704.55,699.95,699.95,1761,74,0
1686776400,699.95,699.96,690.70,692.16,2852,74,0
1686780000,692.15,694.61,689.75,692.16,2428,74,0
1686844800,692.98,699.76,690.81,699.76,347,89,0
1686848400,699.76,701.51,695.57,700.63,1275,74,0
1686852000,700.64,704.35,700.38,702.84,988,74,0
1686855600,702.84,707.54,702.84,706.19,287,74,0
1686859200,706.19,707.73,704.73,707.68,267,74,0
1686862800,707.68,711.68,706.38,711.36,281,74,0
1686866400,711.36,712.04,709.41,710.94,719,74,0
1686931200,715.14,715.37,711.50,711.50,365,79,0
1686934800,711.95,712.61,706.26,707.89,811,74,0
1686938400,707.89,707.90,702.94,705.40,633,74,0
1686942000,705.65,708.17,704.05,707.65,244,74,0
1686945600,707.55,708.34,705.56,708.01,260,75,0
1686949200,708.02,708.77,705.73,706.20,303,74,0
1686952800,706.20,708.31,702.09,702.40,612,74,0
1687276800,696.83,697.00,689.08,689.41,463,94,0
1687280400,689.43,690.46,686.87,690.45,1010,74,0
1687284000,690.46,693.00,690.46,690.78,679,74,0
1687287600,690.78,691.50,688.81,690.56,679,74,0
1687291200,691.13,691.78,689.58,689.77,643,75,0
1687294800,689.77,691.77,689.64,691.11,495,74,0
1687298400,691.29,691.80,689.21,690.54,692,74,0
1687363200,689.99,691.18,687.14,687.68,396,91,0
1687366800,687.69,691.10,685.17,690.99,1288,79,0
1687370400,690.97,694.23,690.76,693.92,826,79,0
1687374000,693.90,695.49,691.57,692.32,805,74,0
1687377600,692.33,693.04,690.92,692.66,558,74,0
1687381200,692.67,692.79,691.10,692.17,737,77,0
1687384800,691.97,692.02,688.25,688.63,957,74,0
1687449600,685.22,685.22,675.98,677.17,454,83,0
1687453200,677.29,679.75,675.83,676.08,793,74,0
1687456800,676.09,676.98,674.75,676.75,661,74,0
1687460400,676.76,678.50,675.47,677.36,530,78,0
1687464000,677.36,679.95,676.75,679.88,494,91,0
1687467600,679.91,681.21,678.97,680.79,577,77,0
1687471200,680.81,681.07,678.09,679.12,966,74,0
1687536000,670.62,678.34,669.76,678.12,584,86,0
1687539600,678.12,680.72,676.39,678.87,1096,74,0
1687543200,678.89,679.17,676.00,677.13,829,74,0
1687546800,677.13,679.10,676.31,678.69,607,77,0
1687550400,678.69,681.20,677.83,680.42,562,74,0
1687554000,680.42,680.42,679.07,679.80,740,74,0
1687557600,679.70,682.37,678.95,679.91,1234,74,0
1687795200,678.97,683.13,677.50,682.22,177,78,0
1687798800,682.22,683.78,679.28,682.57,1476,74,0
1687802400,682.54,682.83,679.85,682.05,1074,76,0
1687806000,682.05,683.66,680.77,683.24,969,78,0
1687809600,683.22,684.09,682.25,682.97,1172,74,0
1687813200,682.69,683.75,680.00,682.40,1033,77,0
1687816800,682.40,683.42,678.85,679.62,1175,74,0
1687881600,681.47,683.30,679.16,680.57,494,101,0
1687885200,680.76,681.36,677.50,680.59,1822,87,0
1687888800,680.58,682.46,678.76,681.42,1587,83,0
1687892400,681.42,685.09,681.39,684.10,952,79,0
1687896000,684.12,686.20,683.11,684.73,437,74,0
1687899600,684.74,686.82,684.11,685.14,509,94,0
1687903200,685.07,687.56,683.86,684.28,511,74,0
1687968000,682.04,682.74,679.75,681.95,189,87,0
1687971600,681.95,682.84,679.75,681.05,699,76,0
1687975200,681.11,683.21,680.44,682.15,544,74,0
1687978800,682.15,683.48,679.76,680.51,740,74,0
1687982400,680.51,682.07,679.93,681.82,531,74,0
1687986000,682.08,684.09,682.08,683.16,545,74,0
1687989600,683.27,685.12,681.77,684.57,979,74,0
1688054400,686.22,689.91,684.75,684.75,461,96,0
1688058000,684.76,687.56,681.73,682.29,1312,84,0
1688061600,682.29,686.93,681.39,686.43,727,74,0
1688065200,686.52,689.75,685.66,688.45,452,74,0
1688068800,688.45,688.69,685.68,686.04,471,85,0
1688072400,686.04,687.07,683.78,686.85,556,74,0
1688076000,686.90,689.65,686.59,687.25,670,74,0
1688140800,694.00,694.00,689.54,692.42,310,85,0
1688144400,692.43,695.25,691.68,693.02,529,74,0
1688148000,693.04,695.06,692.40,693.99,345,74,0
1688151600,693.99,694.45,692.74,693.32,512,74,0
1688155200,693.32,695.02,692.61,694.71,411,74,0
1688158800,694.72,694.90,692.20,692.57,614,74,0
1688162400,692.43,693.90,690.34,690.73,816,74,0
1688400000,691.32,696.29,688.45,696.07,396,95,0
1688403600,696.07,697.23,694.90,695.82,807,74,0
1688407200,695.82,701.76,695.76,700.05,647,74,0
1688410800,700.06,700.25,693.66,693.70,687,74,0
1688414400,693.75,693.75,693.75,693.75,1,77,0
1688572800,690.59,690.59,684.75,687.76,537,76,0
1688576400,687.76,694.92,687.18,694.89,581,74,0
1688580000,694.89,699.97,694.75,697.91,424,74,0
1688583600,697.91,699.09,696.67,699.09,347,74,0
1688587200,699.10,699.52,695.39,695.42,418,74,0
1688590800,695.42,695.55,693.17,694.54,509,74,0
1688594400,694.54,695.89,692.48,692.49,667,74,0
1688659200,685.39,685.39,678.50,681.61,497,74,0
1688662800,681.61,682.55,676.67,676.98,1644,74,0
1688666400,676.68,677.81,675.00,676.77,968,74,0
1688670000,676.75,678.01,674.22,677.83,924,74,0
1688673600,677.82,678.65,676.44,677.70,1167,74,0
1688677200,677.70,679.23,675.84,678.98,828,74,0
1688680800,678.98,681.00,677.88,680.34,894,74,0
1688745600,676.67,682.80,676.51,681.76,323,90,0
1688749200,681.80,683.82,680.65,683.74,2375,78,0
1688752800,683.54,684.97,683.01,684.51,740,74,0
1688756400,684.54,688.76,683.95,688.76,866,74,0
1688760000,688.76,691.29,687.52,688.04,805,74,0
1688763600,687.86,690.48,687.38,688.97,707,74,0
1688767200,688.74,688.75,682.43,683.84,1107,74,0
1689004800,692.39,702.53,690.90,702.32,626,74,0
1689008400,701.49,704.15,697.50,699.09,2426,74,0
1689012000,699.09,699.29,695.11,696.71,1555,74,0
1689015600,696.71,697.01,694.75,696.28,1620,74,0
1689019200,696.29,696.71,694.75,695.20,887,74,0
1689022800,695.20,695.68,693.65,694.27,1005,74,0
1689026400,694.19,695.68,692.49,695.68,1094,74,0
1689091200,699.55,702.76,699.15,700.81,170,74,0
1689094800,700.81,705.21,699.23,702.89,1107,74,0
1689098400,702.89,705.30,702.19,704.59,1131,74,0
1689102000,704.56,706.00,703.26,704.54,1514,74,0
1689105600,704.52,707.04,704.30,707.04,629,74,0
1689109200,707.04,709.08,705.82,709.07,908,74,0
1689112800,709.07,710.59,707.43,709.74,1143,74,0
1689177600,719.53,726.28,719.10,724.30,411,103,0
1689181200,724.46,724.46,720.24,722.22,2733,79,0
1689184800,722.20,722.79,717.71,719.83,2171,74,0
1689188400,719.82,721.50,719.12,720.37,1492,74,0
1689192000,720.41,722.57,719.76,722.12,784,74,0
1689195600,722.03,722.75,719.94,721.03,1070,74,0
1689199200,721.04,725.72,721.02,725.61,1001,74,0
1689264000,731.91,731.91,726.25,728.61,281,93,0
1689267600,728.65,731.48,727.17,729.33,1378,74,0
1689271200,729.32,732.53,728.75,731.96,1054,74,0
1689274800,731.96,733.31,731.09,732.94,830,74,0
1689278400,732.93,733.52,729.89,730.08,964,74,0
1689282000,730.08,733.39,730.08,733.30,644,74,0
1689285600,733.48,739.96,733.47,739.10,921,74,0
1689350400,741.86,741.87,721.79,729.09,716,74,0
1689354000,729.09,730.43,723.75,727.23,921,74,0
1689357600,727.36,728.77,725.50,727.22,508,74,0
1689361200,727.22,729.41,725.59,727.51,997,74,0
1689364800,727.52,729.85,727.05,729.61,1034,81,0
1689368400,729.61,731.16,727.29,727.32,1491,74,0
1689372000,727.05,728.30,725.12,727.75,946,74,0
1689609600,721.89,729.67,719.75,728.24,364,87,0
1689613200,728.46,732.28,727.71,730.76,766,77,0
1689616800,730.73,731.03,727.86,729.43,722,74,0
1689620400,729.44,729.73,727.38,729.16,527,74,0
1689624000,729.15,729.33,727.38,728.06,425,74,0
1689627600,727.99,727.99,725.43,727.77,554,74,0
1689631200,727.77,728.33,725.80,727.57,838,74,0
1689696000,723.78,727.78,722.93,727.17,421,74,0
1689699600,727.17,734.97,726.86,734.95,767,74,0
1689703200,734.95,736.25,732.63,735.21,956,74,0
1689706800,734.64,734.93,730.46,731.57,659,74,0
1689710400,731.32,733.83,731.32,733.75,370,74,0
1689714000,733.75,737.79,733.75,737.33,306,74,0
1689717600,737.33,740.25,736.93,738.26,922,74,0
1689782400,740.02,745.30,738.88,744.73,386,74,0
1689786000,744.76,744.90,740.19,742.68,1176,74,0
1689789600,742.17,745.09,742.17,743.47,865,74,0
1689793200,743.41,744.32,740.43,741.83,1144,74,0
1689796800,741.77,743.95,741.73,743.10,712,74,0
1689800400,742.94,746.75,742.75,746.59,713,74,0
1689804000,746.59,752.15,745.83,747.03,1106,74,0
1689868800,743.32,748.62,742.71,745.49,221,94,0
1689872400,746.17,746.17,741.28,743.49,491,74,0
1689876000,743.49,746.25,743.49,745.69,317,74,0
1689879600,745.69,747.27,745.58,747.12,225,74,0
1689883200,747.19,750.33,747.19,749.76,198,81,0
1689886800,749.76,751.97,748.98,751.89,208,74,0
1689890400,751.89,752.70,749.18,750.32,384,74,0
1689955200,752.33,752.85,748.75,751.11,465,74,0
1689958800,751.11,755.48,750.77,752.56,800,74,0
1689962400,752.19,754.02,751.50,753.34,611,74,0
1689966000,753.34,753.64,751.62,753.61,428,74,0
1689969600,753.61,754.06,752.54,752.59,314,81,0
1689973200,752.61,753.17,751.04,752.08,501,74,0
1689976800,752.13,753.55,750.12,750.80,708,74,0
1690214400,749.91,755.83,749.91,755.83,371,79,0
1690218000,755.83,756.16,751.75,753.19,798,77,0
1690221600,753.21,755.18,751.75,754.17,613,74,0
1690225200,754.17,756.23,754.15,755.94,548,74,0
1690228800,755.94,756.00,754.02,754.90,613,74,0
1690232400,754.97,756.30,753.23,754.37,835,74,0
1690236000,754.37,756.52,753.87,756.12,941,74,0
1690300800,751.20,751.20,744.75,745.32,533,74,0
1690304400,745.32,747.41,741.49,745.61,1624,74,0
1690308000,745.61,746.34,743.59,745.84,732,74,0
1690311600,745.95,748.90,745.51,747.87,537,74,0
1690315200,747.88,750.29,747.48,748.54,463,74,0
1690318800,748.56,749.74,746.21,746.74,495,74,0
1690322400,746.76,747.96,744.12,745.76,827,74,0
1690387200,742.77,748.90,742.50,746.17,130,74,0
1690390800,745.09,748.98,744.10,744.84,577,74,0
1690394400,744.84,747.85,744.75,746.81,335,74,0
1690398000,746.38,747.69,744.15,744.55,228,74,0
1690401600,744.59,745.69,742.25,742.54,357,74,0
1690405200,742.53,746.68,740.52,745.81,638,74,0
1690408800,745.82,746.48,740.75,742.59,752,74,0
1690473600,744.47,746.95,741.25,741.32,313,97,0
1690477200,741.29,745.96,741.25,742.90,1108,74,0
1690480800,742.89,744.18,741.47,742.19,806,74,0
1690484400,742.20,744.48,741.44,744.42,730,74,0
1690488000,744.42,744.43,734.76,735.23,1301,74,0
1690491600,735.24,735.34,729.03,729.66,1498,74,0
1690495200,729.66,731.64,727.80,728.70,1373,74,0
1690560000,735.26,740.82,735.26,740.56,486,78,0
1690563600,740.56,743.48,739.76,743.22,1653,74,0
1690567200,743.61,745.66,740.45,741.13,622,74,0
1690570800,741.36,742.61,740.02,741.37,585,74,0
1690574400,741.38,741.38,735.46,737.93,919,74,0
1690578000,737.91,739.08,736.54,737.37,967,74,0
1690581600,737.38,739.62,736.86,737.77,845,74,0
1690819200,739.52,742.20,737.18,738.70,398,91,0
1690822800,738.70,742.95,737.86,740.30,689,75,0
1690826400,740.31,742.01,738.75,739.06,479,85,0
1690830000,739.06,740.37,737.54,737.63,259,74,0
1690833600,737.71,739.02,737.02,737.05,343,77,0
1690837200,737.05,738.28,736.01,737.87,341,74,0
1690840800,737.88,738.60,735.28,738.45,616,74,0
1690905600,730.86,734.75,729.75,733.64,249,77,0
1690909200,733.64,734.86,731.32,733.37,496,74,0
1690912800,733.09,734.67,730.88,732.75,630,76,0
1690916400,732.75,734.48,732.12,733.21,243,74,0
1690920000,733.22,733.65,732.00,732.07,221,74,0
1690923600,732.10,733.60,731.73,731.74,429,74,0
1690927200,731.75,733.19,731.69,731.74,708,74,0
1690992000,722.58,723.32,717.00,720.64,254,105,0
1690995600,720.64,722.71,712.66,713.01,651,78,0
1690999200,713.01,718.41,713.01,716.65,265,74,0
1691002800,716.48,718.87,713.25,717.56,632,74,0
1691006400,717.56,719.16,716.55,718.53,380,74,0
1691010000,718.40,718.40,716.55,718.25,357,74,0
1691013600,718.25,719.00,715.70,717.10,674,74,0
1691078400,709.75,710.32,703.86,708.57,242,83,0
1691082000,708.23,711.34,706.26,707.52,809,74,0
1691085600,707.52,711.35,707.52,708.98,381,74,0
1691089200,708.98,711.32,708.08,710.25,479,74,0
1691092800,710.27,711.96,709.52,709.96,356,74,0
1691096400,710.42,712.52,709.69,710.42,330,74,0
1691100000,710.42,711.31,709.02,709.38,497,74,0
1691164800,710.42,718.29,709.99,714.51,464,103,0
1691168400,714.51,717.22,711.69,715.83,1414,74,0
1691172000,715.85,715.85,713.84,714.94,758,74,0
1691175600,714.96,720.37,714.53,720.29,895,74,0
1691179200,720.28,720.40,716.34,716.47,554,82,0
1691182800,716.32,716.46,709.32,710.94,743,74,0
1691186400,710.94,711.97,707.99,710.02,1008,74,0
1691424000,711.66,716.62,711.66,715.30,248,81,0
1691427600,715.34,718.08,713.69,715.26,1458,75,0
1691431200,715.25,716.70,713.75,716.17,1316,74,0
1691434800,716.17,716.20,713.90,714.98,341,74,0
1691438400,714.98,715.33,713.75,714.93,441,74,0
1691442000,714.93,715.55,711.91,712.69,669,74,0
1691445600,712.71,713.69,711.24,712.11,910,74,0
1691510400,702.88,702.88,695.07,697.20,636,74,0
1691514000,697.03,697.53,689.25,689.39,1078,74,0
1691517600,689.40,692.23,687.15,691.78,814,74,0
1691521200,691.78,696.37,691.78,693.99,612,74,0
1691524800,693.48,696.45,693.48,694.45,600,74,0
1691528400,694.50,696.53,693.81,695.96,772,74,0
1691532000,695.97,698.95,695.38,696.65,878,74,0
1691596800,694.99,697.60,693.42,696.54,290,75,0
1691600400,696.54,699.05,695.96,697.24,548,74,0
1691604000,697.30,697.35,690.40,691.11,502,74,0
1691607600,691.11,692.35,690.43,691.45,350,74,0
1691611200,691.45,694.39,691.27,693.02,306,74,0
1691614800,693.03,696.37,692.71,695.71,408,74,0
1691618400,695.71,697.76,691.58,691.75,509,74,0
1691683200,695.89,704.62,695.55,703.78,219,74,0
1691686800,703.79,704.33,698.09,700.48,438,75,0
1691690400,700.48,702.06,696.57,697.36,275,74,0
1691694000,697.36,699.12,696.14,697.32,168,83,0
1691697600,697.32,698.15,694.09,694.09,129,74,0
1691701200,694.09,699.98,694.09,699.69,200,84,0
1691704800,699.87,700.29,694.00,696.64,436,74,0
1691769600,693.58,696.88,692.51,694.64,393,74,0
1691773200,694.63,698.05,693.89,694.78,984,77,0
1691776800,694.79,696.03,693.75,694.77,654,74,0
1691780400,694.78,695.80,691.14,691.40,575,74,0
1691784000,691.40,692.90,689.99,690.54,796,74,0
1691787600,690.57,694.45,690.56,694.26,634,74,0
1691791200,694.26,696.19,693.62,695.27,738,74,0
1692028800,691.66,693.62,687.88,688.70,382,95,0
1692032400,688.70,692.48,687.89,691.53,806,74,0
1692036000,691.56,692.66,690.66,690.76,614,74,0
1692039600,690.78,691.57,689.01,690.25,515,74,0
1692043200,690.38,692.77,689.81,690.14,354,74,0
1692046800,690.15,690.64,688.79,689.35,393,74,0
1692050400,689.36,692.52,689.02,692.26,710,74,0
1692115200,685.23,685.25,681.58,682.74,226,74,0
1692118800,682.75,682.78,676.84,677.57,514,74,0
1692122400,677.57,678.40,675.83,676.60,323,74,0
1692126000,676.60,677.50,674.93,675.65,344,74,0
1692129600,675.65,676.75,674.14,674.78,269,74,0
1692133200,674.75,675.03,672.54,672.79,327,74,0
1692136800,672.79,673.93,670.01,672.13,784,74,0
1692201600,670.28,674.02,669.97,670.96,298,91,0
1692205200,670.96,674.04,670.15,673.25,377,74,0
1692208800,673.25,674.06,672.28,673.89,302,74,0
1692212400,673.89,674.64,671.91,673.98,370,74,0
1692216000,674.12,675.49,672.20,674.52,284,74,0
1692219600,674.37,675.89,672.39,675.29,297,74,0
1692223200,675.29,675.61,671.42,672.02,555,74,0
1692288000,673.90,676.75,673.11,674.31,218,93,0
1692291600,674.31,680.29,672.76,680.29,748,74,0
1692295200,680.29,680.30,675.69,676.55,281,74,0
1692298800,676.55,678.82,675.18,678.72,262,74,0
1692302400,678.73,678.73,676.18,677.64,213,74,0
1692306000,677.64,677.69,673.71,673.99,354,74,0
1692309600,673.85,675.89,671.88,673.71,504,74,0
1692374400,666.14,674.46,665.41,671.50,379,94,0
1692378000,671.53,672.94,669.35,670.87,802,74,0
1692381600,670.87,673.68,670.82,673.68,680,74,0
1692385200,673.70,674.64,671.76,672.29,589,74,0
1692388800,672.09,672.65,670.17,671.80,665,74,0
1692392400,671.81,671.97,669.22,669.40,670,74,0
1692396000,669.23,672.20,668.56,670.18,991,74,0
1692633600,670.45,675.98,669.75,672.02,385,81,0
1692637200,672.03,672.03,668.50,671.90,409,74,0
1692640800,671.90,671.90,665.79,666.67,343,74,0
1692644400,666.67,670.00,666.52,668.56,342,74,0
1692648000,668.56,669.89,668.24,669.05,276,74,0
1692651600,669.06,670.91,669.06,670.66,272,74,0
1692655200,670.66,673.82,670.66,671.31,452,74,0
1692720000,672.03,674.50,668.30,669.20,249,74,0
1692723600,669.09,669.74,665.76,667.32,396,74,0
1692727200,667.32,667.36,665.42,665.79,385,74,0
1692730800,665.79,668.07,664.75,666.29,558,76,0
1692734400,666.25,666.25,664.65,665.14,313,74,0
1692738000,665.14,666.81,664.65,665.69,308,74,0
1692741600,665.70,667.01,663.75,665.57,534,74,0
1692806400,668.52,673.23,667.10,673.23,403,74,0
1692810000,673.27,674.35,671.07,674.35,614,74,0
1692813600,674.35,675.43,673.03,675.15,410,74,0
1692817200,675.15,677.86,675.15,677.86,248,74,0
1692820800,677.86,679.95,677.24,679.62,320,74,0
1692824400,679.62,679.85,677.07,677.30,299,74,0
1692828000,677.30,679.57,677.17,678.56,422,74,0
1692892800,677.48,687.18,677.48,687.16,283,97,0
1692896400,687.25,688.14,679.28,679.79,1016,74,0
1692900000,679.80,680.07,675.81,675.81,610,89,0
1692903600,675.81,677.62,675.54,675.68,740,74,0
1692907200,675.72,676.16,674.52,675.39,1118,74,0
1692910800,675.25,675.81,673.51,675.13,635,74,0
1692914400,675.13,676.31,672.41,672.98,603,74,0
1692979200,674.62,680.59,674.62,676.71,237,108,0
1692982800,677.02,680.41,670.42,670.42,902,74,0
1692986400,670.42,676.75,670.42,674.09,473,74,0
1692990000,674.08,678.17,673.87,676.58,305,74,0
1692993600,676.61,677.22,673.60,675.05,293,74,0
1692997200,675.05,678.25,674.65,678.15,383,74,0
1693000800,678.44,678.76,674.82,675.48,589,74,0
1693238400,679.34,682.75,679.02,680.77,384,74,0
1693242000,680.18,680.29,675.25,677.99,892,74,0
1693245600,678.00,678.01,673.96,676.37,611,74,0
1693249200,676.38,677.64,675.49,677.64,541,74,0
1693252800,677.66,679.92,676.29,676.60,615,74,0
1693256400,677.13,677.86,676.43,677.57,587,74,0
1693260000,677.58,679.93,675.92,678.38,942,74,0
1693324800,676.98,680.43,676.98,678.95,428,136,0
1693328400,679.43,681.94,678.39,680.39,1010,74,0
1693332000,680.39,685.72,680.31,685.44,575,74,0
1693335600,685.45,687.96,684.86,685.41,572,74,0
1693339200,685.45,688.46,685.45,686.91,587,74,0
1693342800,686.89,688.48,685.17,687.59,654,78,0
1693346400,687.60,690.87,687.03,690.45,677,74,0
1693411200,690.99,698.75,690.60,698.74,230,79,0
1693414800,697.89,698.72,689.02,693.20,599,74,0
1693418400,693.20,694.41,691.67,692.88,325,74,0
1693422000,692.88,694.76,691.90,694.75,288,74,0
1693425600,694.75,695.67,693.26,694.79,397,74,0
1693429200,694.79,697.28,693.99,695.92,998,74,0
1693432800,695.92,696.80,693.12,695.30,1467,74,0
1693497600,696.60,696.96,692.53,696.74,234,102,0
1693501200,695.64,700.05,694.56,699.06,276,74,0
1693504800,699.06,700.22,698.08,699.15,153,74,0
1693508400,699.21,701.18,699.21,700.39,520,74,0
1693512000,700.40,703.25,700.39,702.57,700,74,0
1693515600,702.58,704.08,700.66,701.15,888,74,0
1693519200,701.13,701.97,698.29,700.06,874,74,0
1693584000,702.57,706.25,700.51,704.23,349,82,0
1693587600,703.74,706.35,701.39,702.68,852,74,0
1693591200,702.70,705.64,701.74,704.90,476,74,0
1693594800,704.90,705.74,703.53,704.46,429,74,0
1693598400,704.46,705.12,703.76,704.86,413,74,0
1693602000,704.86,705.51,703.64,705.24,306,74,0
1693605600,705.24,706.11,703.54,705.69,723,74,0
1693929600,703.86,707.61,699.97,700.86,170,90,0
1693933200,701.20,703.81,700.75,703.14,275,74,0
1693936800,703.50,704.63,701.75,702.84,267,74,0
1693940400,702.84,704.01,701.09,701.53,167,74,0
1693944000,701.53,701.54,699.10,699.92,171,74,0
1693947600,699.92,699.92,697.95,699.10,213,74,0
1693951200,699.10,699.10,695.24,695.32,381,74,0
1694016000,691.63,695.30,687.32,695.15,135,114,0
1694019600,695.15,698.06,691.40,691.43,631,74,0
1694023200,691.43,693.02,690.33,690.94,197,78,0
1694026800,690.94,691.26,688.66,688.67,138,74,0
1694030400,688.66,691.74,687.95,691.15,144,74,0
1694034000,691.15,694.23,691.15,694.15,176,74,0
1694037600,694.16,695.09,692.53,693.75,324,74,0
1694102400,681.39,683.85,680.28,681.37,541,74,0
1694106000,681.34,683.23,679.39,682.33,857,74,0
1694109600,682.33,686.07,682.32,685.47,614,74,0
1694113200,685.47,687.52,685.41,686.85,510,74,0
1694116800,686.85,689.58,686.85,688.51,577,80,0
1694120400,688.51,690.07,687.82,689.88,423,74,0
1694124000,689.89,692.22,689.21,690.69,607,74,0
1694188800,690.68,691.91,685.90,688.10,300,97,0
1694192400,688.12,690.61,687.10,690.06,796,77,0
1694196000,689.30,691.66,689.00,690.41,530,74,0
1694199600,690.43,691.57,689.01,689.72,535,74,0
1694203200,689.63,691.26,688.98,690.05,576,74,0
1694206800,690.06,690.55,688.59,689.62,528,74,0
1694210400,689.63,690.76,688.23,690.26,723,74,0
1694448000,694.12,696.76,692.32,692.32,290,79,0
1694451600,692.41,695.91,691.64,693.30,663,74,0
1694455200,693.30,694.62,692.65,693.61,263,74,0
1694458800,693.62,696.13,693.61,696.13,448,74,0
1694462400,696.14,697.25,695.54,696.44,292,74,0
1694466000,696.44,696.73,695.46,695.57,341,74,0
1694469600,695.59,695.69,693.29,695.49,525,74,0
1694534400,692.96,695.47,691.33,692.31,211,95,0
1694538000,692.31,695.85,692.31,693.60,412,74,0
1694541600,693.60,698.72,693.60,698.65,303,74,0
1694545200,698.85,699.54,698.18,699.40,261,74,0
1694548800,699.49,702.18,699.40,699.99,291,74,0
1694552400,699.99,700.84,697.80,697.97,279,74,0
1694556000,697.97,698.55,695.92,697.08,515,74,0
1694620800,698.88,698.89,692.89,696.86,277,92,0
1694624400,696.86,703.62,696.86,702.66,199,76,0
1694628000,702.66,703.39,700.43,701.69,149,75,0
1694631600,701.69,702.86,700.69,701.17,158,74,0
1694635200,701.17,701.72,698.39,698.39,165,74,0
1694638800,698.40,699.14,695.12,696.07,164,74,0
1694642400,696.07,697.19,694.75,696.73,433,74,0
1694707200,700.89,703.10,697.91,703.01,202,107,0
1694710800,703.14,706.25,699.51,705.02,718,74,0
1694714400,705.03,705.29,701.79,702.94,426,74,0
1694718000,703.00,707.34,703.00,706.31,190,74,0
1694721600,706.31,707.55,705.97,706.44,180,74,0
1694725200,706.44,708.54,706.15,707.42,323,74,0
1694728800,707.41,708.63,705.73,706.09,507,74,0
1694793600,701.39,701.98,698.76,701.81,510,94,0
1694797200,702.72,704.89,699.65,699.99,715,74,0
1694800800,699.99,700.53,697.75,700.43,589,74,0
1694804400,700.43,700.56,698.32,698.80,442,74,0
1694808000,698.79,699.02,694.97,697.52,474,74,0
1694811600,697.52,697.54,695.90,697.01,395,74,0
1694815200,697.01,698.15,694.91,697.29,862,74,0
1695052800,695.60,696.00,689.75,690.97,383,79,0
1695056400,690.98,696.99,690.98,695.84,1181,74,0
1695060000,695.87,698.24,695.28,697.18,914,85,0
1695063600,697.18,699.15,696.43,697.06,818,74,0
1695067200,697.06,697.66,694.88,695.17,696,74,0
1695070800,695.17,696.66,694.24,694.97,641,74,0
1695074400,694.45,695.52,693.37,694.46,899,74,0
1695139200,692.39,694.29,691.02,691.35,329,117,0
1695142800,691.26,691.40,687.10,688.72,962,74,0
1695146400,688.72,689.25,687.76,688.10,283,76,0
1695150000,688.12,688.19,685.41,685.85,183,74,0
1695153600,685.85,689.12,685.84,688.91,261,74,0
1695157200,688.91,690.84,688.15,689.62,424,74,0
1695160800,689.56,691.45,688.39,688.70,512,74,0
1695225600,689.67,691.05,688.72,690.63,218,74,0
1695229200,690.63,692.78,690.59,692.63,335,74,0
1695232800,692.66,694.10,691.22,691.65,443,74,0
1695236400,691.65,692.72,691.25,692.12,262,87,0
1695240000,692.12,692.19,690.48,691.21,184,74,0
1695243600,691.51,691.51,686.25,687.66,465,74,0
1695247200,687.41,688.17,682.43,682.57,1023,74,0
1695312000,675.88,675.88,665.03,665.13,662,74,0
1695315600,665.48,668.46,665.26,667.95,701,74,0
1695319200,667.95,668.63,666.61,667.13,501,74,0
1695322800,667.13,667.19,666.00,666.00,333,74,0
1695326400,666.00,671.29,665.75,671.09,428,74,0
1695330000,671.09,672.51,669.03,671.40,357,74,0
1695333600,671.41,672.16,668.30,668.36,906,74,0
1695398400,670.26,670.26,667.75,669.41,215,91,0
1695402000,669.41,671.01,665.66,666.15,580,74,0
1695405600,666.16,667.02,664.77,665.03,461,74,0
1695409200,665.03,665.33,662.32,662.64,422,74,0
1695412800,662.65,663.00,660.26,661.24,450,74,0
1695416400,661.26,661.27,659.82,660.47,422,74,0
1695420000,660.36,663.56,658.91,659.38,922,74,0
1695657600,656.90,658.12,654.28,657.80,177,88,0
1695661200,657.80,657.80,652.94,652.95,546,74,0
1695664800,652.95,656.71,652.60,655.45,422,74,0
1695668400,655.45,657.17,654.98,656.03,512,74,0
1695672000,655.99,657.31,654.76,656.70,271,74,0
1695675600,656.70,656.98,655.05,655.84,427,74,0
1695679200,655.84,657.92,654.13,657.19,707,74,0
1695744000,651.87,653.97,649.89,650.20,308,92,0
1695747600,650.96,652.73,648.59,649.82,731,74,0
1695751200,649.82,650.50,647.50,649.99,190,74,0
1695754800,649.99,651.19,649.87,650.12,124,78,0
1695758400,650.12,650.12,646.32,647.38,255,74,0
1695762000,647.38,647.61,645.96,646.42,288,74,0
1695765600,646.42,648.79,645.54,646.47,577,74,0
1695830400,649.10,649.10,640.63,644.07,324,74,0
1695834000,644.07,647.46,643.38,644.52,1040,77,0
1695837600,644.16,645.74,642.15,643.06,1100,74,0
1695841200,643.08,643.99,641.09,642.58,1056,74,0
1695844800,642.60,643.67,639.75,642.22,984,74,0
1695848400,642.22,645.33,640.61,643.97,1459,74,0
1695852000,643.78,645.89,641.55,643.10,1240,74,0
1695916800,642.28,645.37,640.94,643.20,368,74,0
1695920400,643.20,644.75,639.96,642.77,1300,74,0
1695924000,642.77,645.04,641.16,643.96,748,74,0
1695927600,643.96,646.96,643.27,645.09,578,74,0
1695931200,645.09,645.12,641.00,641.69,631,74,0
1695934800,641.70,643.99,640.41,642.30,591,74,0
1695938400,642.39,645.63,642.37,644.95,751,74,0
1696003200,652.37,654.76,651.10,652.33,245,108,0
1696006800,652.48,655.84,652.31,654.29,382,74,0
1696010400,654.29,655.99,649.13,650.22,275,81,0
1696014000,650.23,650.38,647.75,648.04,263,74,0
1696017600,648.04,648.04,645.64,645.64,219,79,0
1696021200,645.64,648.31,644.92,648.31,262,74,0
1696024800,648.31,649.05,645.63,646.24,732,74,0
1696262400,646.09,646.09,640.78,644.06,166,97,0
1696266000,644.05,644.94,638.77,639.95,371,74,0
1696269600,639.92,642.91,638.07,641.12,279,74,0
1696273200,641.12,641.12,638.14,639.59,263,74,0
1696276800,639.59,643.33,639.59,642.47,244,74,0
1696280400,642.98,645.77,640.11,641.41,306,74,0
1696284000,641.41,642.47,640.09,642.41,617,74,0
1696348800,637.07,637.13,632.58,635.12,464,74,0
1696352400,634.75,634.90,626.72,627.50,1102,74,0
1696356000,627.50,628.15,625.13,627.09,787,74,0
1696359600,627.09,630.08,627.09,627.99,719,74,0
1696363200,627.99,628.79,626.02,626.24,573,74,0
1696366800,626.19,626.46,623.34,624.05,640,74,0
1696370400,624.05,625.26,623.43,625.25,1098,74,0
1696435200,626.23,630.65,626.21,630.06,176,91,0
1696438800,630.06,631.22,625.12,625.28,579,74,0
1696442400,625.28,631.27,624.81,630.86,475,74,0
1696446000,631.28,634.11,630.70,633.04,353,74,0
1696449600,633.03,633.87,631.45,631.47,310,74,0
1696453200,631.47,633.30,629.56,633.30,399,74,0
1696456800,633.30,637.91,632.56,635.79,594,74,0
1696521600,632.42,636.47,632.13,635.63,567,83,0
1696525200,635.56,635.57,631.54,632.82,959,74,0
1696528800,632.83,634.93,632.40,634.63,1044,74,0
1696532400,634.64,637.34,634.62,637.34,684,74,0
1696536000,637.34,640.47,636.42,639.77,547,74,0
1696539600,639.78,642.07,639.27,641.42,507,74,0
1696543200,641.43,642.37,639.66,639.85,869,74,0
1696608000,635.50,638.05,633.42,635.40,154,74,0
1696611600,635.46,642.23,634.26,640.42,315,80,0
1696615200,640.42,648.64,639.97,647.93,189,76,0
1696618800,647.93,648.43,645.64,646.95,186,74,0
1696622400,646.95,649.77,646.07,649.61,317,74,0
1696626000,649.62,651.04,648.34,650.74,329,74,0
1696629600,650.74,650.87,647.44,647.92,469,74,0
1696867200,642.74,644.08,640.15,642.23,412,112,0
1696870800,642.16,644.25,640.75,643.13,879,80,0
1696874400,643.13,645.73,642.34,644.94,766,82,0
1696878000,644.94,645.57,641.19,641.62,530,74,0
1696881600,641.63,645.46,641.28,645.46,587,80,0
1696885200,645.57,647.35,644.84,646.96,591,74,0
1696888800,646.49,646.86,642.92,643.34,934,74,0
1696953600,643.67,644.17,641.30,641.83,298,74,0
1696957200,641.83,646.55,641.83,645.11,604,74,0
1696960800,644.92,648.85,644.78,648.25,421,74,0
1696964400,648.26,648.77,647.64,648.50,641,74,0
1696968000,648.53,648.61,644.64,645.17,716,74,0
1696971600,645.18,645.54,643.04,643.24,356,74,0
1696975200,643.25,644.09,641.44,641.57,479,74,0
1697040000,643.43,647.64,642.62,646.33,629,84,0
1697043600,646.34,646.68,643.19,645.16,1593,74,0
1697047200,645.17,645.62,641.05,642.31,966,74,0
1697050800,642.32,642.33,637.92,639.16,1065,74,0
1697054400,639.18,639.74,637.48,638.85,966,74,0
1697058000,638.92,641.29,638.92,640.75,1398,74,0
1697061600,640.77,642.65,640.54,642.24,1583,74,0
1697126400,642.73,642.74,637.25,637.57,601,74,0
1697130000,637.45,641.69,636.74,640.67,1399,74,0
1697133600,640.67,643.38,639.91,642.71,985,74,0
1697137200,642.72,643.77,641.13,641.62,1017,74,0
1697140800,641.58,641.58,634.22,634.22,951,74,0
1697144400,634.23,636.14,631.42,635.45,856,74,0
1697148000,635.46,637.87,635.13,635.66,977,74,0
1697212800,624.08,634.27,619.88,631.54,266,74,0
1697216400,631.54,635.39,628.75,630.82,772,74,0
1697220000,630.82,632.16,626.93,627.50,1028,74,0
1697223600,627.46,629.75,626.03,626.50,464,74,0
1697227200,626.50,627.25,623.75,625.37,434,74,0
1697230800,625.37,626.64,624.32,625.87,492,74,0
1697234400,625.87,627.94,622.59,627.08,937,74,0
1697472000,632.26,637.39,627.86,635.90,248,80,0
1697475600,635.91,641.00,635.23,639.05,641,74,0
1697479200,639.05,640.69,636.65,638.41,598,74,0
1697482800,638.41,638.76,635.78,636.63,307,74,0
1697486400,636.47,637.65,632.20,635.15,475,74,0
1697490000,635.15,635.15,631.33,632.24,372,74,0
1697493600,632.26,635.62,632.01,634.84,582,74,0
1697558400,630.52,635.90,630.08,632.06,456,81,0
1697562000,632.04,635.54,631.50,634.41,1005,74,0
1697565600,634.42,638.70,633.63,638.56,1005,74,0
1697569200,638.32,639.53,635.37,636.03,1209,74,0
1697572800,636.13,636.51,631.53,632.17,403,74,0
1697576400,632.18,633.53,630.78,630.88,1451,74,0
1697580000,630.97,635.59,630.82,635.59,2130,74,0
1697644800,633.81,633.82,620.90,622.57,352,81,0
1697648400,622.58,624.92,619.44,620.90,811,74,0
1697652000,620.91,621.95,618.11,619.37,486,74,0
1697655600,619.37,620.84,618.26,618.45,465,74,0
1697659200,618.45,620.60,617.01,620.10,463,74,0
1697662800,620.10,621.11,616.16,617.25,394,74,0
1697666400,617.25,617.58,614.77,616.19,907,74,0
1697731200,623.93,626.63,622.87,623.97,138,74,0
1697734800,623.97,624.35,618.60,621.94,443,74,0
1697738400,621.93,625.21,621.92,624.02,310,74,0
1697742000,623.58,628.38,619.93,625.90,716,88,0
1697745600,626.31,628.49,623.57,625.42,382,77,0
1697749200,625.42,626.52,621.24,621.36,369,74,0
1697752800,621.36,622.39,619.75,621.85,681,74,0
1697817600,622.78,624.77,617.85,617.99,325,106,0
1697821200,617.99,618.24,612.44,612.93,866,74,0
1697824800,612.76,618.49,612.69,618.20,558,74,0
1697828400,618.20,619.54,616.51,619.51,383,74,0
1697832000,619.51,620.65,617.26,618.74,434,74,0
1697835600,618.74,619.22,615.65,616.50,609,74,0
1697839200,616.50,617.20,614.17,614.38,684,74,0
1698076800,611.39,617.09,610.21,617.06,507,74,0
1698080400,617.05,617.09,613.59,614.40,1139,77,0
1698084000,614.40,617.79,613.34,617.64,801,74,0
1698087600,617.64,618.82,615.83,618.82,731,74,0
1698091200,618.83,619.03,616.23,616.47,677,74,0
1698094800,616.44,616.95,614.82,616.38,825,74,0
1698098400,616.39,616.90,612.77,614.06,1145,74,0
1698163200,616.50,619.57,612.97,615.90,632,74,0
1698166800,615.91,616.96,613.69,615.08,2075,74,0
1698170400,615.08,615.10,611.71,613.66,1425,74,0
1698174000,613.67,614.13,610.65,611.44,1241,74,0
1698177600,611.44,612.34,610.20,611.11,1034,74,0
1698181200,611.06,613.08,610.88,612.58,871,74,0
1698184800,612.58,613.63,611.61,611.62,843,74,0
1698249600,608.69,609.74,604.75,604.90,556,113,0
1698253200,605.05,607.40,602.94,606.88,1139,74,0
1698256800,606.85,611.01,606.06,608.55,880,78,0
1698260400,608.48,608.51,605.56,606.85,729,74,0
1698264000,606.73,607.51,604.36,606.09,776,74,0
1698267600,606.11,609.19,606.10,608.34,677,74,0
1698271200,608.34,610.08,607.80,608.19,942,74,0
1698336000,606.39,612.90,606.32,611.16,283,88,0
1698339600,610.92,616.18,609.93,616.18,1023,74,0
1698343200,616.18,617.18,615.49,616.27,519,74,0
1698346800,616.27,616.55,610.60,611.49,671,74,0
1698350400,611.30,613.02,609.48,612.14,457,74,0
1698354000,612.15,612.20,609.26,610.35,909,74,0
1698357600,610.37,611.68,606.15,606.55,1377,74,0
1698422400,606.09,607.92,599.94,602.21,513,90,0
1698426000,602.26,604.75,600.55,602.78,2024,74,0
1698429600,602.79,605.34,601.30,602.31,2965,74,0
1698433200,602.33,602.69,599.98,600.54,2194,74,0
1698436800,600.59,600.78,596.76,597.49,2284,74,0
1698440400,597.49,599.27,595.76,596.68,2379,74,0
1698444000,596.21,598.74,595.97,597.83,2487,74,0
1698678000,602.39,604.62,602.37,603.53,131,74,0
1698681600,603.53,604.34,599.75,602.13,1649,74,0
1698685200,602.25,603.36,600.54,602.28,1048,76,0
1698688800,602.27,603.12,600.91,602.35,813,74,0
1698692400,602.36,606.28,602.07,605.95,849,74,0
1698696000,605.95,608.18,605.02,607.71,835,74,0
1698699600,607.72,610.42,606.35,606.84,969,74,0
1698764400,607.39,609.40,604.96,605.89,296,92,0
1698768000,605.78,607.68,603.96,606.97,1919,74,0
1698771600,606.99,609.00,606.95,609.00,1337,74,0
1698775200,608.99,609.12,606.05,607.98,1378,74,0
1698778800,607.93,610.56,607.39,610.32,1172,74,0
1698782400,610.32,612.01,609.76,611.66,928,74,0
1698786000,611.68,612.61,610.42,611.75,1184,74,0
1698850800,612.63,613.57,607.03,612.29,395,75,0
1698854400,612.78,615.84,610.94,613.50,1899,74,0
1698858000,613.52,614.44,611.81,612.25,1445,74,0
1698861600,612.18,612.44,608.97,610.07,1481,74,0
1698865200,609.96,610.88,608.44,610.46,1201,78,0
1698868800,610.46,612.98,608.61,612.70,1608,74,0
1698872400,612.71,617.01,612.71,615.94,1763,74,0
1698937200,623.64,626.65,623.47,626.06,437,103,0
1698940800,626.04,632.84,624.70,632.84,1022,74,0
1698944400,632.84,636.73,632.53,635.89,889,74,0
1698948000,635.89,640.29,635.29,639.01,829,74,0
1698951600,639.02,643.70,639.02,643.31,676,74,0
1698955200,643.31,643.36,641.06,643.22,1134,74,0
1698958800,643.22,644.75,642.40,644.01,1308,74,0
1699023600,653.14,660.20,652.84,657.21,216,74,0
1699027200,657.21,659.64,655.25,656.29,1435,74,0
1699030800,656.30,661.59,655.87,660.50,1210,74,0
1699034400,660.45,661.75,660.09,661.75,1219,74,0
1699038000,661.76,661.76,659.21,660.47,1531,74,0
1699041600,660.47,660.50,657.55,658.93,1192,74,0
1699045200,658.93,658.95,656.56,657.54,1293,74,0
1699286400,658.90,659.40,651.00,652.96,390,77,0
1699290000,652.99,653.46,649.75,652.58,1331,74,0
1699293600,652.57,655.16,652.47,654.95,1186,74,0
1699297200,654.95,655.52,652.12,652.35,1049,74,0
1699300800,652.22,652.74,650.87,651.93,939,74,0
1699304400,651.94,652.52,650.19,652.26,964,74,0
1699308000,652.27,653.95,651.04,652.92,823,74,0
1699372800,651.13,651.29,647.54,648.40,384,107,0
1699376400,648.41,652.66,646.58,651.65,909,74,0
1699380000,651.65,651.65,649.14,649.50,648,74,0
1699383600,649.35,650.92,648.68,649.65,1002,74,0
1699387200,649.66,650.23,646.58,647.69,1505,79,0
1699390800,647.56,648.24,646.47,646.67,869,74,0
1699394400,646.70,649.06,646.52,647.98,1085,74,0
1699459200,647.53,653.22,647.53,651.29,210,74,0
1699462800,652.23,654.25,650.00,651.88,1463,74,0
1699466400,651.88,654.12,651.87,652.05,1096,74,0
1699470000,652.05,652.68,649.26,652.24,1142,74,0
1699473600,652.24,654.09,651.47,653.92,1056,74,0
1699477200,653.92,654.84,651.82,651.90,431,74,0
1699480800,651.90,655.01,651.79,654.68,653,74,0
1699545600,656.54,659.09,656.01,659.08,331,74,0
1699549200,659.11,659.24,654.86,656.35,678,74,0
1699552800,656.15,658.85,655.91,657.97,475,74,0
1699556400,657.97,659.41,657.06,658.99,432,74,0
1699560000,658.99,658.99,653.50,653.95,657,74,0
1699563600,653.95,653.95,649.92,651.03,624,74,0
1699567200,651.03,652.60,650.39,651.57,749,74,0
1699632000,655.95,658.66,652.88,657.26,264,74,0
1699635600,656.83,656.95,653.25,655.47,1762,74,0
1699639200,655.50,659.34,655.37,658.71,1376,74,0
1699642800,658.75,662.37,658.75,662.25,947,74,0
1699646400,662.26,663.14,660.32,662.76,1000,74,0
1699650000,662.77,663.29,661.19,662.81,1116,74,0
1699653600,662.80,664.95,662.73,664.75,1474,74,0
1699891200,660.97,660.97,657.76,660.72,292,83,0
1699894800,660.72,660.73,658.25,660.19,1074,74,0
1699898400,660.19,663.67,659.07,663.46,469,74,0
1699902000,663.46,663.63,661.76,662.71,341,74,0
1699905600,662.75,662.75,659.97,660.16,368,74,0
1699909200,660.16,662.07,660.16,661.24,326,74,0
1699912800,661.24,661.84,660.76,661.00,514,74,0
1699977600,672.25,682.95,672.25,681.94,478,74,0
1699981200,681.94,693.22,681.86,692.43,1387,74,0
1699984800,692.44,695.87,692.37,694.78,1064,74,0
1699988400,694.61,696.79,693.59,696.43,522,74,0
1699992000,696.43,698.57,696.02,696.50,379,74,0
1699995600,696.50,698.26,694.31,697.34,870,74,0
1699999200,697.34,697.69,694.86,697.06,799,74,0
1700064000,697.05,703.67,697.05,702.76,304,77,0
1700067600,703.11,708.04,703.11,708.04,638,74,0
1700071200,708.04,709.35,706.06,707.79,388,74,0
1700074800,707.79,710.90,707.41,709.01,489,74,0
1700078400,709.01,709.78,707.83,708.32,460,74,0
1700082000,708.44,709.15,707.24,708.07,533,74,0
1700085600,708.07,709.69,707.40,708.49,600,74,0
1700150400,709.00,711.20,708.49,709.78,289,108,0
1700154000,709.78,713.08,709.73,712.03,345,74,0
1700157600,712.03,713.04,710.22,710.99,250,74,0
1700161200,710.99,712.42,710.99,712.28,177,74,0
1700164800,712.28,713.40,711.46,712.11,218,74,0
1700168400,712.08,714.12,711.51,714.00,288,74,0
1700172000,714.00,714.63,712.76,714.40,396,74,0
1700236800,716.45,719.86,716.45,719.75,156,74,0
1700240400,719.76,720.54,717.86,718.84,348,74,0
1700244000,718.84,719.13,716.56,718.63,221,74,0
1700247600,718.63,719.58,714.87,715.93,689,74,0
1700251200,715.92,716.14,713.74,716.08,621,74,0
1700254800,716.08,716.15,714.88,715.95,362,74,0
1700258400,715.95,716.29,713.19,716.28,975,74,0
1700496000,715.54,715.54,711.22,715.35,278,74,0
1700499600,715.35,717.62,714.05,717.40,373,74,0
1700503200,717.42,718.30,716.75,718.12,386,74,0
1700506800,718.12,719.07,717.66,718.97,407,74,0
1700510400,719.00,720.09,718.19,719.80,518,74,0
1700514000,719.80,720.41,719.26,719.88,522,74,0
1700517600,719.88,721.30,719.54,720.61,846,74,0
1700582400,717.38,720.93,717.38,720.34,151,74,0
1700586000,720.34,723.89,719.26,723.80,420,74,0
1700589600,723.80,724.75,721.54,721.86,318,74,0
1700593200,721.81,723.40,720.66,723.10,162,74,0
1700596800,723.10,725.86,722.33,725.10,224,74,0
1700600400,725.10,725.45,723.74,724.95,235,74,0
1700604000,724.95,726.07,724.26,724.33,401,74,0
1700668800,725.14,729.75,725.14,727.22,277,75,0
1700672400,727.23,729.18,725.79,727.15,607,81,0
1700676000,727.11,727.85,725.78,727.40,333,74,0
1700679600,727.40,728.10,725.79,726.71,346,74,0
1700683200,726.67,726.85,725.69,726.49,320,74,0
1700686800,726.49,727.68,725.43,726.76,386,74,0
1700690400,726.76,727.55,725.85,726.47,567,74,0
1700841600,726.16,729.17,725.57,728.31,288,78,0
1700845200,728.32,730.37,728.01,729.35,442,74,0
1700848800,729.35,729.38,726.38,727.53,476,74,0
1700852400,727.55,730.13,726.71,729.75,446,74,0
1701100800,726.45,728.73,724.30,728.45,335,74,0
1701104400,728.45,730.90,728.26,729.74,452,74,0
1701108000,729.74,731.44,728.72,729.92,276,74,0
1701111600,729.92,729.94,728.03,728.03,319,74,0
1701115200,728.04,729.28,727.75,729.13,290,74,0
1701118800,729.13,730.18,728.53,729.48,381,74,0
1701122400,729.49,731.49,729.49,730.35,736,74,0
1701187200,726.65,733.05,725.37,732.32,354,74,0
1701190800,732.32,737.16,731.65,737.14,724,74,0
1701194400,737.14,737.74,735.06,737.52,474,74,0
1701198000,737.52,738.02,736.33,737.34,373,74,0
1701201600,737.34,737.92,735.30,736.60,375,74,0
1701205200,736.61,738.36,736.41,737.94,366,74,0
1701208800,737.95,738.27,736.16,736.43,726,74,0
1701273600,740.05,747.78,740.05,747.78,491,87,0
1701277200,747.78,748.82,746.54,747.37,760,74,0
1701280800,747.37,747.47,744.77,747.33,798,74,0
1701284400,747.33,748.92,746.75,748.58,430,74,0
1701288000,748.61,750.41,747.88,749.92,387,74,0
1701291600,749.92,750.85,749.47,750.69,367,74,0
1701295200,750.69,750.75,746.29,747.04,779,74,0
1701360000,746.69,750.81,744.04,750.45,389,74,0
1701363600,750.72,750.98,745.60,747.94,1017,74,0
1701367200,747.94,748.79,745.78,746.05,547,74,0
1701370800,746.05,747.04,745.22,746.08,380,74,0
1701374400,745.96,747.41,745.00,746.86,312,74,0
1701378000,746.86,748.36,746.60,747.87,361,74,0
1701381600,747.87,751.42,747.00,750.90,722,74,0
1701446400,747.55,757.97,747.52,755.47,296,74,0
1701450000,756.90,760.69,751.23,751.23,487,76,0
1701453600,751.23,753.23,749.20,752.28,431,74,0
1701457200,752.28,757.40,751.53,756.59,304,74,0
1701460800,756.59,756.95,754.79,754.95,311,74,0
1701464400,754.97,757.03,754.82,757.03,378,74,0
1701468000,757.03,757.21,755.37,755.97,655,74,0
1701705600,749.97,756.75,749.63,753.75,111,101,0
1701709200,753.75,755.82,749.96,750.93,254,80,0
1701712800,750.94,754.58,750.75,753.84,167,87,0
1701716400,753.84,755.60,753.27,754.99,172,74,0
1701720000,754.99,756.17,754.14,754.66,156,74,0
1701723600,754.67,755.28,753.60,754.96,293,74,0
1701727200,755.00,756.49,753.73,756.02,800,74,0
1701792000,753.88,753.89,747.77,749.27,421,88,0
1701795600,749.27,751.76,748.90,749.97,794,74,0
1701799200,749.99,751.00,749.21,750.49,548,76,0
1701802800,750.50,751.59,749.87,750.88,440,74,0
1701806400,750.88,753.54,750.88,753.34,849,74,0
1701810000,753.53,754.28,752.97,754.03,350,74,0
1701813600,754.03,754.75,751.94,754.24,824,74,0
1701878400,751.39,755.81,750.73,752.22,263,108,0
1701882000,752.23,753.97,749.35,750.21,429,74,0
1701885600,749.95,751.06,746.98,748.20,441,74,0
1701889200,747.97,748.22,743.05,743.10,371,74,0
1701892800,743.11,744.84,741.75,743.55,306,74,0
1701896400,743.55,744.57,743.01,743.87,330,74,0
1701900000,743.87,745.31,742.06,742.76,655,74,0
1701964800,744.10,746.30,741.80,745.03,351,106,0
1701968400,745.05,749.42,744.04,747.47,423,75,0
1701972000,747.47,747.91,744.60,747.18,341,74,0
1701975600,747.17,747.59,744.02,744.34,232,74,0
1701979200,744.34,746.59,744.34,745.99,276,74,0
1701982800,745.97,747.69,745.48,745.48,331,74,0
1701986400,745.48,747.31,745.09,745.17,633,74,0
1702051200,743.42,744.91,742.81,743.73,435,104,0
1702054800,743.88,747.26,741.78,743.39,1159,74,0
1702058400,743.41,743.91,742.17,743.30,608,74,0
1702062000,743.19,744.75,742.09,744.18,503,74,0
1702065600,744.19,744.81,743.66,744.10,475,74,0
1702069200,744.10,744.76,743.59,744.17,526,74,0
1702072800,744.19,745.08,743.23,743.96,1057,74,0
1702310400,745.14,749.86,744.08,747.18,610,76,0
1702314000,747.21,749.09,746.77,748.39,1586,74,0
1702317600,748.40,751.89,748.09,751.69,1158,74,0
1702321200,751.65,754.72,751.24,754.29,841,74,0
1702324800,754.29,754.68,752.06,752.12,736,74,0
1702328400,752.14,752.24,750.42,751.30,1041,74,0
1702332000,751.30,752.71,749.24,751.96,1481,74,0
1702396800,752.84,755.63,751.73,752.19,450,100,0
1702400400,752.22,756.60,752.22,756.60,666,75,0
1702404000,756.60,757.35,754.35,756.44,450,74,0
1702407600,756.44,758.94,755.64,757.66,439,74,0
1702411200,757.68,758.23,756.58,756.70,649,74,0
1702414800,756.71,756.78,755.78,756.50,463,74,0
1702418400,756.53,759.08,756.48,758.95,691,74,0
1702483200,756.35,758.01,754.77,755.94,491,89,0
1702486800,755.93,757.04,754.53,755.70,651,74,0
1702490400,755.70,757.72,754.65,757.02,438,74,0
1702494000,757.02,757.26,754.73,755.35,355,74,0
1702497600,755.35,755.99,754.29,755.15,352,83,0
1702501200,755.84,773.77,755.84,773.52,958,74,0
1702504800,772.79,776.58,768.66,773.04,1447,74,0
1702569600,780.74,797.14,780.63,796.68,639,97,0
1702573200,796.69,798.51,792.85,796.99,1468,74,0
1702576800,796.99,802.89,795.94,801.05,1120,74,0
1702580400,801.31,805.71,801.14,802.83,826,74,0
1702584000,802.83,802.83,797.90,800.37,1470,74,0
1702587600,800.38,804.80,799.95,804.74,886,74,0
1702591200,804.66,806.98,803.43,806.65,1325,74,0
1702656000,791.02,799.01,790.44,795.61,732,74,0
1702659600,795.67,800.83,795.67,800.55,886,74,0
1702663200,800.55,801.83,797.62,801.70,703,77,0
1702666800,801.70,803.93,801.25,803.45,509,74,0
1702670400,803.45,804.30,801.45,801.45,583,74,0
1702674000,801.45,801.46,796.83,797.75,686,74,0
1702677600,797.75,805.06,793.23,804.27,1309,74,0
1702915200,807.77,811.07,802.38,803.07,321,77,0
1702918800,803.32,805.17,798.75,799.41,1228,74,0
1702922400,799.45,800.75,798.75,799.88,1030,74,0
1702926000,799.88,801.71,799.73,801.22,820,74,0
1702929600,800.99,801.39,798.12,799.41,653,74,0
1702933200,799.41,801.55,797.86,801.16,558,74,0
1702936800,800.91,801.90,795.48,795.89,1232,74,0
1703001600,798.11,804.91,796.60,804.91,550,89,0
1703005200,804.92,813.49,802.96,810.14,975,74,0
1703008800,810.14,810.80,806.90,807.26,534,74,0
1703012400,807.26,807.60,804.03,805.72,547,82,0
1703016000,805.68,805.78,803.60,804.51,309,74,0
1703019600,804.52,804.58,802.37,802.51,327,74,0
1703023200,802.51,803.43,800.41,800.67,445,74,0
1703088000,797.14,801.32,796.88,797.97,448,109,0
1703091600,797.99,798.70,796.35,798.08,1212,74,0
1703095200,798.07,800.61,798.05,800.18,920,74,0
1703098800,800.18,804.33,799.31,804.24,749,74,0
1703102400,804.22,804.95,803.36,803.66,667,74,0
1703106000,803.65,804.02,793.95,794.39,1140,74,0
1703109600,794.00,794.77,788.48,788.57,2029,74,0
1703174400,792.86,797.13,792.86,795.75,149,98,0
1703178000,795.75,797.24,793.14,796.51,1048,85,0
1703181600,796.41,798.82,795.85,796.87,1033,84,0
1703185200,796.87,796.87,794.03,794.03,569,75,0
1703188800,794.03,794.77,790.96,794.62,183,89,0
1703192400,794.62,796.12,793.81,795.58,280,77,0
1703196000,795.58,798.94,794.53,798.31,565,74,0
1703260800,799.38,806.29,799.38,804.68,237,103,0
1703264400,804.91,806.17,801.39,801.90,938,80,0
1703268000,801.75,803.99,801.20,802.91,862,74,0
1703271600,802.91,804.44,802.34,803.28,1149,74,0
1703275200,803.36,804.42,803.02,803.85,401,82,0
1703278800,803.85,803.85,799.62,803.04,1143,86,0
1703282400,803.05,803.39,800.65,802.09,728,80,0
1703606400,802.58,805.85,802.58,805.40,412,108,0
1703610000,805.40,806.78,804.19,805.02,718,76,0
1703613600,805.04,805.65,803.56,804.68,551,76,0
1703617200,804.69,805.80,803.97,804.81,629,75,0
1703620800,804.82,805.70,804.36,804.82,756,74,0
1703624400,804.82,806.26,804.80,805.79,973,74,0
1703628000,805.78,808.64,805.21,805.91,903,74,0
1703692800,807.85,811.39,806.77,810.22,166,100,0
1703696400,810.57,810.62,808.47,809.31,393,74,0
1703700000,809.31,811.05,808.73,811.05,280,76,0
1703703600,811.05,811.18,809.86,810.04,374,76,0
1703707200,810.04,812.35,809.95,811.15,226,78,0
1703710800,810.94,811.07,809.06,810.66,348,74,0
1703714400,810.66,812.72,809.47,812.47,638,74,0
1703779200,809.39,814.90,809.39,813.74,479,89,0
1703782800,813.74,816.50,813.65,815.07,735,85,0
1703786400,815.07,815.26,813.37,814.46,548,77,0
1703790000,814.46,815.67,813.86,815.00,673,76,0
1703793600,815.04,815.92,813.95,815.71,709,89,0
1703797200,815.72,816.28,814.90,816.28,620,79,0
1703800800,816.29,817.07,813.61,814.22,1073,74,0
1703865600,812.32,815.47,811.92,814.41,418,109,0
1703869200,814.64,815.30,810.86,811.87,825,88,0
1703872800,811.88,812.46,808.69,809.98,707,74,0
1703876400,809.96,810.54,808.10,809.88,681,84,0
1703880000,809.89,811.54,809.48,810.73,594,83,0
1703883600,810.73,812.38,809.85,812.38,501,74,0
1703887200,812.38,813.26,810.30,811.60,1231,74,0
1704211200,804.46,806.05,797.72,800.78,301,75,0
1704214800,800.78,801.85,796.16,796.27,419,74,0
1704218400,796.27,800.97,796.27,800.78,208,100,0
1704222000,800.78,800.78,799.05,800.56,164,89,0
1704225600,800.56,803.44,800.26,800.82,176,95,0
1704229200,800.82,801.57,797.46,797.46,207,74,0
1704232800,797.44,801.07,794.82,799.70,744,74,0
1704297600,793.28,793.36,784.18,784.75,279,107,0
1704301200,784.75,787.12,782.05,784.20,541,74,0
1704304800,784.20,786.60,784.20,785.52,246,75,0
1704308400,785.52,788.08,784.87,788.08,269,74,0
1704312000,788.08,789.05,787.71,788.01,223,74,0
1704315600,787.71,789.04,786.21,787.87,336,74,0
1704319200,787.87,787.91,783.11,783.88,758,74,0
1704384000,782.64,788.50,781.90,787.71,160,116,0
1704387600,787.72,791.89,787.69,789.93,469,74,0
1704391200,789.93,790.69,788.42,788.82,370,74,0
1704394800,788.82,789.49,785.30,786.18,452,74,0
1704398400,786.19,788.75,786.19,787.99,385,79,0
1704402000,787.99,788.32,786.18,787.41,317,74,0
1704405600,787.42,788.58,784.07,785.70,529,74,0
1704470400,782.55,786.76,781.56,782.61,156,104,0
1704474000,782.61,788.03,782.61,786.45,344,78,0
1704477600,786.45,787.53,783.32,783.32,467,85,0
1704481200,783.33,783.75,782.10,783.06,297,74,0
1704484800,782.63,784.89,780.90,783.92,318,80,0
1704488400,783.92,785.23,781.63,781.83,256,74,0
1704492000,781.83,783.97,781.39,782.29,390,74,0
1704729600,784.31,785.83,782.39,785.12,373,93,0
1704733200,785.13,788.18,784.85,786.56,1060,77,0
1704736800,786.57,787.80,786.40,787.65,798,74,0
1704740400,787.65,787.71,785.59,787.50,543,74,0
1704744000,787.37,789.98,787.14,789.98,395,74,0
1704747600,789.98,794.40,789.69,794.14,665,74,0
1704751200,794.13,797.52,793.57,796.78,789,74,0
1704816000,792.13,792.86,786.00,788.47,270,127,0
1704819600,788.47,792.06,788.47,790.79,1391,74,0
1704823200,790.79,794.20,790.75,794.18,638,83,0
1704826800,794.19,794.63,792.69,793.05,693,74,0
1704830400,793.05,793.62,790.87,792.66,746,74,0
1704834000,792.66,793.44,791.68,792.43,425,74,0
1704837600,792.43,794.52,791.98,794.26,547,74,0
1704902400,794.46,797.36,790.75,790.93,399,112,0
1704906000,790.93,793.43,788.75,792.55,1276,74,0
1704909600,792.55,792.59,787.91,788.48,660,74,0
1704913200,788.48,788.82,787.62,788.37,463,74,0
1704916800,788.37,790.98,787.80,790.67,878,74,0
1704920400,790.67,793.56,790.47,792.86,1221,74,0
1704924000,792.77,794.01,789.74,791.65,2051,74,0
1704988800,795.37,797.90,792.49,794.30,360,128,0
1704992400,794.31,794.74,786.26,790.14,506,83,0
1704996000,790.14,790.28,787.55,787.62,283,88,0
1704999600,787.62,789.72,787.43,787.97,345,74,0
1705003200,787.98,790.12,787.75,790.01,564,74,0
1705006800,790.03,791.58,788.94,791.31,631,80,0
1705010400,791.32,793.67,788.58,791.36,1138,74,0
1705075200,786.39,800.95,783.76,789.25,583,96,0
1705078800,789.27,797.00,784.75,786.46,2536,91,0
1705082400,786.45,789.55,784.96,787.61,1547,91,0
1705086000,787.61,795.01,786.77,793.85,1023,74,0
1705089600,793.87,798.32,793.84,797.30,693,74,0
1705093200,797.31,799.03,796.61,797.45,601,74,0
1705096800,797.30,800.32,795.14,799.33,790,74,0
1705420800,801.02,806.64,787.77,793.75,426,96,0
1705424400,793.75,795.61,787.96,794.25,2095,74,0
1705428000,794.29,797.43,791.95,794.42,2404,74,0
1705431600,794.43,794.71,791.32,792.37,1237,75,0
1705435200,792.30,793.10,790.90,791.83,937,74,0
1705438800,791.83,792.38,789.05,791.72,887,74,0
1705442400,791.72,792.05,788.44,790.63,1264,74,0
1705507200,772.31,782.94,768.87,781.65,308,112,0
1705510800,781.65,786.36,781.65,782.06,663,95,0
1705514400,782.06,785.31,782.06,784.28,441,74,0
1705518000,784.28,784.86,780.77,781.87,836,74,0
1705521600,781.87,782.18,776.53,779.23,882,76,0
1705525200,779.23,783.10,779.23,782.72,339,74,0
1705528800,782.24,787.41,781.12,786.95,1138,74,0
1705593600,792.59,794.14,790.19,792.75,403,74,0
1705597200,792.75,795.25,789.25,789.77,886,74,0
1705600800,789.79,790.74,786.22,786.24,542,74,0
1705604400,786.28,787.76,784.75,786.37,612,74,0
1705608000,786.38,789.78,785.83,789.27,773,74,0
1705611600,789.28,791.43,789.08,791.18,831,92,0
1705615200,791.18,795.38,790.66,794.74,913,74,0
1705680000,796.98,798.37,792.89,796.19,439,122,0
1705683600,796.56,797.45,794.96,796.17,726,93,0
1705687200,796.18,799.39,796.09,797.95,645,87,0
1705690800,797.95,801.84,797.30,801.51,547,84,0
1705694400,801.51,804.74,801.03,804.72,555,74,0
1705698000,804.75,808.41,802.90,803.68,643,74,0
1705701600,803.69,806.29,803.60,804.78,1089,74,0
1705939200,805.09,806.94,802.23,802.87,358,75,0
1705942800,802.82,805.24,801.78,802.13,686,74,0
1705946400,802.14,802.21,798.75,799.26,536,74,0
1705950000,798.90,799.67,797.77,798.13,478,81,0
1705953600,798.13,798.50,795.51,796.68,602,74,0
1705957200,796.68,797.50,794.94,795.67,534,74,0
1705960800,795.70,795.91,793.28,793.29,974,74,0
1706025600,792.63,793.77,788.82,793.77,410,90,0
1706029200,793.77,794.37,787.98,788.52,753,74,0
1706032800,788.54,792.07,788.54,791.75,530,74,0
1706036400,791.75,791.77,790.15,791.30,474,74,0
1706040000,791.30,791.79,789.99,791.41,443,74,0
1706043600,791.41,791.69,790.66,790.74,598,74,0
1706047200,790.85,792.83,790.45,792.03,748,74,0
1706112000,796.45,796.49,794.21,794.49,157,185,0
1706115600,794.60,795.20,792.93,794.38,332,87,0
1706119200,794.38,796.85,794.38,795.86,289,74,0
1706122800,795.86,795.98,794.75,795.20,260,82,0
1706126400,795.20,795.21,791.77,793.19,360,79,0
1706130000,793.19,793.53,789.90,792.31,291,74,0
1706133600,792.31,792.31,784.92,785.41,686,74,0
1706198400,789.41,792.35,787.88,791.51,466,107,0
1706202000,791.77,793.92,789.37,792.23,786,94,0
1706205600,792.24,793.97,791.39,792.03,506,88,0
1706209200,792.07,792.27,788.34,789.02,516,74,0
1706212800,789.03,790.40,787.07,788.99,527,74,0
1706216400,789.00,790.93,788.39,789.72,501,74,0
1706220000,789.72,791.05,788.56,790.13,714,74,0
1706284800,790.61,792.43,789.10,791.14,495,88,0
1706288400,790.94,791.65,788.77,791.59,683,75,0
1706292000,791.61,791.72,787.56,788.56,579,74,0
1706295600,788.56,788.95,785.84,786.38,516,74,0
1706299200,786.38,787.20,784.86,786.04,542,74,0
1706302800,786.04,787.36,785.10,787.09,485,74,0
1706306400,787.14,787.43,785.89,787.02,885,74,0
1706544000,786.89,790.75,786.52,790.04,510,97,0
1706547600,790.05,791.75,784.35,785.13,764,74,0
1706551200,785.13,785.68,783.24,784.30,407,74,0
1706554800,784.30,784.39,780.91,781.75,383,74,0
1706558400,781.75,782.80,780.86,781.82,347,84,0
1706562000,781.82,782.13,780.77,781.15,478,74,0
1706565600,781.15,788.48,781.15,788.01,943,74,0
1706630400,784.11,784.77,782.35,783.66,270,97,0
1706634000,783.66,783.66,778.75,780.61,803,77,0
1706637600,780.61,783.15,779.75,782.26,478,74,0
1706641200,782.27,782.31,780.12,780.35,380,78,0
1706644800,780.35,781.13,779.59,780.64,323,74,0
1706648400,780.60,783.99,780.15,782.10,485,74,0
1706652000,782.11,782.18,779.10,780.76,802,74,0
1706716800,778.85,781.45,777.13,777.91,110,130,0
1706720400,777.91,780.90,777.90,780.33,47,100,0
1706727600,782.06,782.93,780.74,782.73,213,74,0
1706731200,782.75,783.22,781.82,782.16,252,74,0
1706734800,782.20,782.85,776.90,778.39,373,74,0
1706738400,778.39,778.39,771.45,773.78,949,74,0
1706803200,774.64,777.38,771.50,771.51,489,132,0
1706806800,772.53,776.56,766.00,766.29,894,82,0
1706810400,766.30,773.83,765.30,773.64,600,84,0
1706814000,773.65,781.76,773.65,780.32,631,74,0
1706817600,780.32,781.04,777.66,779.67,596,79,0
1706821200,779.68,783.09,779.68,782.53,650,74,0
1706824800,782.58,785.12,781.61,784.20,775,74,0
1706889600,781.11,783.59,777.48,780.10,567,113,0
1706893200,780.12,786.45,778.70,785.45,946,93,0
1706896800,785.46,788.71,784.51,787.83,718,74,0
1706900400,787.83,788.74,783.45,786.33,565,82,0
1706904000,786.38,788.85,785.79,788.34,635,77,0
1706907600,788.34,790.48,788.34,790.48,719,74,0
1706911200,790.48,791.80,787.40,787.67,988,74,0
1707148800,782.69,784.23,780.75,781.82,209,129,0
1707152400,781.81,781.81,776.75,779.02,273,74,0
1707156000,779.02,782.30,779.02,781.15,381,77,0
1707159600,781.17,784.27,780.14,783.87,487,74,0
1707163200,783.87,785.23,783.54,784.65,537,76,0
1707166800,784.66,786.63,784.32,784.43,500,74,0
1707170400,784.43,785.13,781.34,782.86,642,74,0
1707235200,781.73,786.53,781.29,782.87,408,115,0
1707238800,782.89,783.26,779.75,781.27,542,75,0
1707242400,781.13,781.43,779.22,779.39,471,88,0
1707246000,779.16,780.01,778.35,779.63,535,91,0
1707249600,779.63,781.42,778.21,781.42,507,78,0
1707253200,781.42,782.74,779.66,782.74,590,86,0
1707256800,782.74,787.35,782.13,787.27,896,74,0
1707321600,788.09,790.42,786.11,786.25,522,86,0
1707325200,786.26,794.11,785.63,792.27,1009,74,0
1707328800,792.26,794.16,790.95,794.11,828,74,0
1707332400,794.11,794.99,792.24,792.88,584,74,0
1707336000,792.89,795.43,792.50,794.94,813,74,0
1707339600,794.94,798.26,794.32,798.26,659,74,0
1707343200,798.26,799.05,792.67,794.22,1095,74,0
1707408000,791.89,795.50,791.89,794.66,255,74,0
1707411600,794.66,798.26,787.75,789.26,1005,74,0
1707415200,789.26,790.11,787.09,790.11,601,74,0
1707418800,790.11,791.78,790.11,790.89,331,76,0
1707422400,790.92,793.68,790.88,793.68,850,74,0
1707426000,793.70,794.74,792.65,793.09,810,74,0
1707429600,793.09,794.46,791.16,792.95,705,74,0
1707494400,793.49,798.21,793.10,796.11,256,93,0
1707498000,796.25,797.14,795.06,796.70,356,74,0
1707501600,796.72,796.72,791.14,792.34,838,81,0
1707505200,792.32,797.88,792.32,797.55,222,78,0
1707508800,797.55,798.99,796.07,798.82,556,74,0
1707512400,798.85,800.37,798.83,799.35,511,74,0
1707516000,799.36,799.73,794.55,796.50,544,74,0
1707753600,796.84,800.69,796.84,800.24,330,98,0
1707757200,800.27,803.50,797.41,802.65,525,74,0
1707760800,802.65,806.17,801.90,806.05,508,75,0
1707764400,806.05,806.99,805.38,806.00,451,74,0
1707768000,806.01,807.67,804.80,807.59,494,74,0
1707771600,807.59,807.85,801.27,802.25,676,74,0
1707775200,802.28,802.79,800.48,801.49,702,74,0
1707840000,788.48,790.43,779.89,779.94,377,116,0
1707843600,779.75,782.84,778.63,780.25,625,96,0
1707847200,780.25,785.41,779.97,783.93,315,103,0
1707850800,783.94,783.94,778.75,778.75,277,85,0
1707854400,778.75,778.75,774.30,775.92,297,75,0
1707858000,775.93,775.93,769.12,770.61,380,74,0
1707861600,770.48,777.88,770.41,777.30,533,74,0
1707926400,783.56,787.11,783.56,784.80,385,90,0
1707930000,784.96,787.75,780.82,780.87,697,74,0
1707933600,780.21,784.38,778.44,781.91,792,74,0
1707937200,781.93,783.59,780.73,783.10,790,74,0
1707940800,783.11,784.23,780.87,783.62,498,101,0
1707944400,783.63,784.70,781.45,783.84,409,74,0
1707948000,783.86,786.33,783.10,784.76,667,74,0
1708012800,786.93,797.76,786.82,796.14,487,104,0
1708016400,796.39,798.53,794.45,795.24,574,83,0
1708020000,795.24,796.76,792.16,795.62,382,79,0
1708023600,795.62,797.53,795.42,795.42,218,74,0
1708027200,795.44,800.17,795.11,799.75,263,74,0
1708030800,799.75,801.85,799.50,801.32,291,74,0
1708034400,801.33,801.44,795.65,797.25,523,74,0
1708099200,794.62,796.48,792.15,792.59,460,86,0
1708102800,791.51,794.64,790.22,793.47,731,74,0
1708106400,793.47,796.78,793.04,796.37,588,84,0
1708110000,796.38,797.21,795.74,796.04,353,74,0
1708113600,796.05,797.49,794.07,796.58,524,74,0
1708117200,796.59,797.41,791.63,793.04,460,81,0
1708120800,793.05,794.16,790.54,793.69,830,74,0
1708444800,789.58,793.32,786.20,793.16,382,114,0
1708448400,793.17,799.85,792.32,799.84,668,74,0
1708452000,799.84,800.75,799.11,799.39,480,82,0
1708455600,799.37,800.72,796.10,796.64,510,74,0
1708459200,796.66,798.75,796.16,798.39,380,74,0
1708462800,798.39,801.12,796.75,801.12,545,74,0
1708466400,801.12,801.25,795.06,797.85,887,74,0
1708531200,796.62,797.75,795.49,796.57,377,92,0
1708534800,796.57,800.61,796.50,799.79,639,77,0
1708538400,799.66,800.96,799.40,800.05,480,74,0
1708542000,800.06,804.12,799.41,804.07,495,74,0
1708545600,804.07,804.64,800.42,804.29,481,83,0
1708549200,804.58,804.58,801.28,801.87,557,74,0
1708552800,801.87,805.63,800.10,805.05,819,74,0
1708617600,808.70,814.61,808.52,814.61,542,74,0
1708621200,814.61,815.00,809.71,810.95,734,74,0
1708624800,810.95,811.01,809.03,809.75,464,79,0
1708628400,809.75,810.47,807.33,808.75,398,74,0
1708632000,808.75,811.50,807.75,811.50,459,74,0
1708635600,811.51,814.57,809.27,810.14,541,74,0
1708639200,810.13,814.00,809.62,812.83,798,74,0
1708704000,815.44,820.15,815.44,820.15,126,133,0
1708707600,820.16,822.51,818.68,820.37,208,75,0
1708711200,820.37,820.37,815.43,816.09,194,74,0
1708714800,816.09,817.23,815.15,815.23,238,74,0
1708718400,815.23,815.91,812.83,813.01,202,74,0
1708722000,813.01,813.03,811.69,812.75,137,74,0
1708725600,812.75,814.51,812.74,813.17,321,74,0
1708963200,810.99,812.91,809.80,812.91,138,124,0
1708966800,813.33,813.76,806.71,808.58,504,88,0
1708970400,808.58,808.89,806.23,808.08,431,74,0
1708974000,808.08,808.08,806.23,806.23,343,75,0
1708977600,806.23,806.49,803.73,805.23,226,96,0
1708981200,805.23,807.18,802.76,806.02,360,87,0
1708984800,806.02,807.36,805.06,805.35,433,74,0
1709049600,806.64,809.13,802.75,802.75,494,74,0
1709053200,803.08,803.99,799.26,799.69,753,77,0
1709056800,799.69,801.14,799.19,799.84,481,80,0
1709060400,799.95,801.09,799.16,800.59,359,75,0
1709064000,800.59,801.51,798.46,798.63,442,79,0
1709067600,798.63,798.69,794.91,795.20,969,74,0
1709071200,795.20,800.37,795.12,800.12,773,74,0
1709136000,796.89,803.17,796.27,803.15,247,105,0
1709139600,803.38,808.67,803.15,808.37,452,74,0
1709143200,808.37,811.47,808.37,810.79,281,74,0
1709146800,810.64,812.56,810.64,811.05,258,74,0
1709150400,810.95,812.24,809.90,811.28,262,74,0
1709154000,811.28,811.29,805.95,806.66,338,74,0
1709157600,806.66,810.50,806.52,808.85,349,74,0
1709222400,812.14,812.44,809.94,810.91,445,102,0
1709226000,810.90,812.23,807.11,810.39,588,74,0
1709229600,810.39,811.32,806.80,806.93,525,74,0
1709233200,806.91,810.26,806.91,810.13,484,84,0
1709236800,810.13,810.40,807.79,809.19,356,74,0
1709240400,809.19,809.22,806.85,807.53,595,74,0
1709244000,807.54,811.73,806.83,809.18,680,74,0
1709308800,808.97,811.29,804.75,805.66,318,115,0
1709312400,805.66,811.25,804.75,809.51,534,74,0
1709316000,809.51,809.83,805.75,808.37,384,74,0
1709319600,808.37,812.68,807.51,811.33,322,74,0
1709323200,811.33,813.40,810.97,812.84,305,74,0
1709326800,812.84,814.80,812.74,813.33,351,74,0
1709330400,813.20,815.02,811.85,813.88,589,74,0
1709568000,812.26,825.36,812.26,825.19,522,77,0
1709571600,825.20,836.29,824.97,828.23,836,74,0
1709575200,828.23,835.94,826.83,834.78,636,82,0
1709578800,834.79,838.99,833.72,838.92,427,76,0
1709582400,838.93,840.97,837.44,838.26,450,74,0
1709586000,838.27,841.70,836.63,840.56,542,74,0
1709589600,840.56,840.95,833.31,833.94,997,74,0
1709654400,833.61,837.71,832.62,836.16,269,108,0
1709658000,836.30,839.01,829.05,831.31,1169,87,0
1709661600,831.31,832.04,828.44,830.28,355,90,0
1709665200,830.28,831.15,828.75,829.40,246,90,0
1709668800,829.40,831.92,828.87,829.05,267,74,0
1709672400,829.05,829.68,823.04,823.78,450,86,0
1709676000,823.79,827.39,822.84,826.08,580,74,0
1709740800,826.89,828.80,820.18,826.71,525,127,0
1709744400,825.46,826.87,823.47,824.63,857,74,0
1709748000,824.63,830.79,824.63,828.45,601,74,0
1709751600,828.45,830.12,827.20,828.84,429,101,0
1709755200,828.83,831.10,825.82,827.58,565,77,0
1709758800,827.58,829.61,824.74,827.32,660,74,0
1709762400,827.31,831.76,826.79,830.15,818,74,0
1709827200,836.25,837.56,833.98,834.87,75,150,0
1709830800,834.87,838.52,833.46,837.85,280,74,0
1709834400,837.85,837.85,831.41,833.43,122,77,0
1709838000,833.43,833.43,829.75,830.89,117,107,0
1709841600,830.89,833.22,830.89,833.16,112,76,0
1709845200,833.16,833.98,830.12,830.12,140,75,0
1709848800,830.12,833.03,829.00,831.46,298,74,0
1709913600,833.71,841.75,833.71,841.05,97,156,0
1709917200,841.06,842.97,839.65,841.83,220,79,0
1709920800,841.89,842.75,837.14,837.59,134,86,0
1709924400,837.59,839.98,837.11,838.01,119,91,0
1709928000,838.01,838.22,833.07,833.63,139,81,0
1709931600,833.63,838.85,833.63,838.22,168,74,0
1709935200,838.22,839.02,834.73,835.30,253,74,0
1710172800,824.94,825.60,821.20,825.40,492,103,0
1710176400,825.41,826.15,821.77,823.63,762,96,0
1710180000,823.63,826.40,822.38,826.40,687,74,0
1710183600,826.41,827.37,823.74,826.92,814,74,0
1710187200,826.94,827.90,825.38,827.08,647,74,0
1710190800,827.08,827.10,823.88,824.85,1069,74,0
1710194400,824.86,825.39,824.76,825.39,7,96,0
1710255600,827.88,831.03,825.58,831.03,164,155,0
1710259200,831.06,833.30,829.44,831.73,398,82,0
1710262800,831.77,831.77,825.69,827.68,233,98,0
1710266400,827.68,827.68,822.07,823.76,499,102,0
1710270000,823.76,824.45,821.63,824.45,213,111,0
1710273600,824.45,827.70,824.30,827.70,249,74,0
1710277200,827.70,829.89,827.66,828.61,390,74,0
1710342000,829.11,830.92,825.64,827.91,533,112,0
1710345600,827.91,830.96,827.65,829.51,870,90,0
1710349200,828.56,829.41,826.65,827.71,777,89,0
1710352800,827.72,828.53,826.37,826.90,711,92,0
1710356400,826.90,828.75,826.75,828.38,672,74,0
1710360000,828.38,828.99,825.18,825.50,699,81,0
1710363600,825.45,826.28,821.75,825.74,1157,74,0
1710428400,824.81,824.81,805.63,805.63,510,104,0
1710432000,805.65,810.66,805.02,806.43,1261,86,0
1710435600,806.43,809.27,805.15,808.68,695,80,0
1710439200,808.69,810.37,806.34,806.87,668,89,0
1710442800,806.87,806.96,799.79,805.03,920,80,0
1710446400,805.05,807.10,804.48,805.34,564,74,0
1710450000,804.65,808.62,801.45,808.50,1071,74,0
1710514800,802.13,809.75,802.13,805.72,340,74,0
1710518400,805.72,812.80,804.22,810.91,621,74,0
1710522000,811.72,811.86,807.74,807.82,202,125,0
1710525600,807.82,808.92,805.93,807.28,202,95,0
1710529200,807.28,809.46,805.51,807.52,186,95,0
1710532800,807.53,807.90,804.34,806.03,230,74,0
1710536400,806.03,806.74,797.75,802.42,632,74,0
1710774000,807.13,807.13,795.71,797.72,496,121,0
1710777600,797.72,798.36,792.76,795.15,963,74,0
1710781200,795.16,801.79,795.16,801.66,663,74,0
1710784800,801.66,801.82,799.51,801.21,777,84,0
1710788400,801.21,801.64,798.79,799.33,866,93,0
1710792000,799.33,800.39,797.75,800.39,709,76,0
1710795600,800.39,802.13,798.11,799.80,1215,74,0
1710860400,796.25,796.91,793.21,794.74,360,89,0
1710864000,794.74,798.41,794.73,797.43,619,85,0
1710867600,797.43,800.99,797.43,800.32,402,91,0
1710871200,800.32,802.35,798.50,801.50,418,115,0
1710874800,801.50,802.08,799.97,800.31,406,91,0
1710878400,799.98,802.80,798.77,800.24,293,79,0
1710882000,800.24,803.00,799.79,801.89,530,74,0
1710946800,803.15,804.17,799.30,803.75,127,97,0
1710950400,803.75,805.41,802.60,805.10,321,87,0
1710954000,805.10,807.76,804.42,806.29,121,74,0
1710957600,806.29,808.85,805.87,807.22,186,75,0
1710961200,807.20,807.82,804.92,805.60,201,90,0
1710964800,805.89,814.56,805.53,812.75,333,99,0
1710968400,812.75,818.44,812.75,817.01,318,74,0
1711033200,821.11,834.40,821.11,834.23,219,105,0
1711036800,834.23,843.07,834.23,843.07,324,101,0
1711040400,843.91,843.91,839.75,842.26,156,86,0
1711044000,842.26,842.52,838.10,838.20,166,100,0
1711047600,838.20,840.86,837.31,838.75,141,91,0
1711051200,838.87,840.58,837.84,837.99,164,82,0
1711054800,838.00,842.26,838.00,841.29,342,74,0
1711119600,839.39,841.81,834.39,834.40,477,130,0
1711123200,834.39,834.40,826.02,826.02,1010,114,0
1711126800,826.02,827.25,825.41,826.53,815,84,0
1711130400,826.54,827.01,825.20,826.98,783,81,0
1711134000,826.99,829.31,826.82,828.73,983,74,0
1711137600,828.75,828.95,824.84,824.96,953,74,0
1711141200,824.96,825.80,821.88,823.54,1123,74,0
1711378800,821.56,826.55,820.14,820.14,426,170,0
1711382400,820.12,823.79,819.80,821.65,1553,104,0
1711386000,822.62,823.80,819.87,820.02,538,98,0
1711389600,819.87,821.28,819.75,819.81,1240,89,0
1711393200,819.76,820.31,818.61,819.51,1282,93,0
1711396800,819.51,820.66,817.88,818.07,962,87,0
1711400400,818.20,818.64,814.92,815.50,736,74,0
1711465200,817.71,819.42,817.25,819.25,88,156,0
1711468800,819.25,822.66,818.33,819.62,485,74,0
1711472400,819.63,821.33,819.11,820.97,208,112,0
1711476000,820.97,821.25,819.32,820.84,337,84,0
1711479600,820.84,822.00,819.83,821.30,293,74,0
1711483200,821.30,822.37,820.42,821.54,472,74,0
1711486800,821.50,821.60,817.56,819.57,459,74,0
1711551600,825.04,830.29,825.04,828.75,407,85,0
1711555200,828.75,828.96,822.36,822.58,928,89,0
1711558800,822.58,824.54,821.30,822.29,802,74,0
1711562400,822.29,825.10,821.52,824.21,773,74,0
1711566000,824.21,825.44,822.60,824.45,675,74,0
1711569600,824.45,829.71,823.75,828.04,703,74,0
1711573200,828.04,834.96,826.63,834.67,1097,74,0
1711638000,836.08,836.68,832.29,834.31,146,117,0
1711641600,834.53,837.88,834.53,835.31,306,74,0
1711645200,835.31,837.45,833.52,835.78,139,106,0
1711648800,835.78,836.18,832.50,834.46,86,110,0
1711652400,834.46,834.56,831.41,833.14,133,114,0
1711656000,833.14,834.75,832.03,833.65,129,98,0
1711659600,833.69,835.76,830.38,831.99,340,74,0
1711987200,833.02,833.45,827.25,833.42,369,115,0
1711990800,833.03,833.03,827.75,828.45,718,79,0
1711994400,828.45,830.19,827.75,827.76,1229,79,0
1711998000,827.75,830.48,827.75,829.41,865,76,0
1712001600,829.23,829.23,824.75,826.09,801,74,0
1712005200,826.09,828.10,826.09,826.99,596,74,0
1712008800,826.80,827.67,824.97,825.91,1021,74,0
1712073600,824.25,825.05,811.23,815.01,549,110,0
1712077200,815.01,816.45,809.54,813.51,911,100,0
1712080800,812.47,813.59,809.05,810.51,352,90,0
1712084400,810.41,813.22,810.27,813.21,352,108,0
1712088000,813.60,813.60,810.12,811.57,347,125,0
1712091600,811.57,814.71,811.57,813.20,348,96,0
1712095200,813.20,816.24,812.69,815.80,819,74,0
1712160000,814.48,823.72,813.74,821.55,350,138,0
1712163600,821.55,825.06,819.78,821.13,401,121,0
1712167200,821.14,821.15,816.04,817.41,309,89,0
1712170800,817.41,818.80,815.75,817.29,439,105,0
1712174400,817.30,817.89,815.13,816.64,541,106,0
1712178000,816.65,817.09,814.75,816.30,782,88,0
1712181600,816.30,816.30,812.45,814.53,1012,74,0
1712246400,822.01,824.89,820.37,822.54,581,129,0
1712250000,822.55,823.75,820.23,821.12,828,130,0
1712253600,821.13,822.36,818.46,818.46,525,103,0
1712257200,818.46,820.40,816.75,818.26,579,89,0
1712260800,818.26,818.38,812.28,812.79,761,85,0
1712264400,812.75,813.00,794.49,795.67,1614,74,0
1712268000,795.69,798.88,789.94,791.35,1384,74,0
1712332800,793.13,794.46,789.85,793.98,387,103,0
1712336400,793.98,800.70,789.85,799.75,1033,74,0
1712340000,799.75,802.54,797.12,801.62,654,90,0
1712343600,801.66,803.33,800.96,802.28,652,88,0
1712347200,802.28,802.28,797.00,797.83,464,80,0
1712350800,797.84,800.29,796.58,797.66,573,86,0
1712354400,797.68,799.92,795.92,796.76,1113,74,0
1712592000,797.84,802.94,796.17,799.81,620,88,0
1712595600,799.81,803.50,796.64,802.63,902,74,0
1712599200,802.65,804.53,800.76,802.41,666,77,0
1712602800,802.42,806.61,801.63,806.61,700,74,0
1712606400,806.61,806.75,803.37,806.35,630,74,0
1712610000,806.36,806.43,803.46,805.28,705,74,0
1712613600,805.28,806.30,802.17,803.05,1215,74,0
1712678400,805.55,805.55,799.69,801.19,162,123,0
1712682000,801.19,803.75,793.07,797.33,401,74,0
1712685600,797.30,801.25,797.30,799.93,249,74,0
1712689200,799.95,801.85,798.23,799.33,239,74,0
1712692800,799.33,800.20,798.12,798.97,280,74,0
1712696400,799.52,800.65,797.01,798.48,336,74,0
1712700000,798.48,803.93,794.90,802.92,563,74,0
1712764800,793.96,794.01,784.89,788.10,779,74,0
1712768400,788.10,794.42,787.47,789.73,1260,74,0
1712772000,789.82,789.86,786.19,786.79,812,76,0
1712775600,786.65,788.04,782.75,785.06,803,84,0
1712779200,785.07,786.86,779.96,783.57,812,82,0
1712782800,783.57,784.82,780.71,780.71,774,89,0
1712786400,780.71,785.57,780.71,782.82,1154,74,0
1712851200,785.23,785.69,781.50,783.82,249,140,0
1712854800,783.82,783.82,777.71,779.15,411,80,0
1712858400,779.16,782.93,778.54,782.75,370,87,0
1712862000,782.76,783.02,780.24,780.71,234,84,0
1712865600,780.71,785.71,780.09,784.08,213,81,0
1712869200,784.02,787.02,782.77,784.58,460,74,0
1712872800,784.58,788.42,784.38,784.38,649,74,0
1712937600,785.41,801.39,773.78,774.82,552,74,0
1712941200,774.82,781.22,770.52,771.75,555,89,0
1712944800,771.75,777.83,771.75,773.93,437,102,0
1712948400,773.90,773.91,766.75,769.45,890,97,0
1712952000,769.45,771.87,766.75,768.36,1106,74,0
1712955600,768.37,770.63,766.75,767.03,775,77,0
1712959200,766.99,766.99,761.76,762.75,1224,74,0
1713196800,768.97,775.66,768.97,774.07,614,77,0
1713200400,774.03,777.50,766.46,766.93,916,89,0
1713204000,766.97,769.62,764.76,769.62,546,98,0
1713207600,769.62,770.68,765.93,766.17,573,74,0
1713211200,766.17,766.17,755.80,760.34,855,77,0
1713214800,760.38,763.17,758.22,761.52,722,74,0
1713218400,761.53,763.04,757.65,762.37,1029,74,0
1713283200,761.89,765.73,754.75,759.55,483,92,0
1713286800,759.61,759.67,753.06,756.35,665,74,0
1713290400,756.38,763.28,755.80,760.37,621,114,0
1713294000,760.36,760.53,757.75,757.77,648,123,0
1713297600,757.77,758.54,752.67,755.77,768,82,0
1713301200,755.77,758.03,750.51,755.35,997,79,0
1713304800,755.37,756.51,748.55,748.76,1249,74,0
1713369600,751.79,757.14,749.08,755.65,564,94,0
1713373200,755.67,755.81,751.68,753.86,826,99,0
1713376800,754.18,756.13,747.84,751.14,852,88,0
1713380400,751.22,752.12,748.18,751.25,579,83,0
1713384000,751.25,756.37,751.25,756.37,573,92,0
1713387600,756.37,757.75,752.77,753.38,541,88,0
1713391200,753.39,754.97,751.39,752.89,760,74,0
1713456000,753.78,755.57,748.32,755.05,246,85,0
1713459600,755.24,760.75,752.05,759.75,382,74,0
1713463200,759.75,760.75,755.97,757.59,154,99,0
1713466800,757.59,758.02,752.25,752.75,242,84,0
1713470400,752.75,752.97,748.62,750.14,309,83,0
1713474000,750.14,751.65,747.83,748.03,304,74,0
1713477600,748.03,749.75,746.38,746.77,579,74,0
1713542400,751.88,754.13,748.66,753.61,461,74,0
1713546000,753.62,755.09,750.47,750.65,726,74,0
1713549600,750.66,751.56,748.05,748.81,601,74,0
1713553200,748.81,749.26,744.75,747.79,696,74,0
1713556800,747.80,751.24,746.99,749.69,541,74,0
1713560400,749.69,749.82,746.06,747.44,894,74,0
1713564000,747.45,749.84,745.95,749.19,967,74,0
1713801600,754.35,757.13,751.09,755.97,480,74,0
1713805200,755.97,757.51,750.75,750.91,921,74,0
1713808800,750.92,754.15,749.82,753.97,543,94,0
1713812400,753.97,760.88,753.57,760.88,705,79,0
1713816000,760.86,764.22,759.50,763.23,919,74,0
1713819600,763.23,766.05,761.81,763.50,724,78,0
1713823200,763.41,763.53,757.93,759.75,1019,77,0
1713888000,762.45,765.44,760.43,762.75,158,142,0
1713891600,762.88,766.85,762.75,766.38,302,74,0
1713895200,765.75,767.13,763.78,765.38,239,102,0
1713898800,765.38,768.34,764.75,767.54,307,74,0
1713902400,767.54,768.95,765.61,768.50,208,89,0
1713906000,768.50,768.75,765.21,765.65,203,80,0
1713909600,765.66,767.06,764.53,765.58,381,74,0
1713974400,762.49,763.12,760.37,762.00,107,93,0
1713978000,762.00,763.40,758.58,760.92,206,74,0
1713981600,760.92,762.07,759.30,760.67,147,74,0
1713985200,760.50,762.41,760.19,762.41,121,74,0
1713988800,762.41,766.87,761.70,766.87,118,74,0
1713992400,766.87,766.87,762.40,762.80,164,74,0
1713996000,762.76,764.84,762.06,762.26,371,74,0
1714060800,752.39,754.14,747.50,750.66,653,91,0
1714064400,750.66,751.40,748.74,749.53,837,74,0
1714068000,749.55,754.37,749.55,754.01,489,88,0
1714071600,754.02,756.36,753.82,755.05,495,108,0
1714075200,755.06,759.21,753.19,758.47,484,83,0
1714078800,758.47,759.08,756.63,758.23,487,75,0
1714082400,758.25,759.83,756.61,756.76,750,74,0
1714147200,758.39,763.33,757.98,761.95,443,95,0
1714150800,761.97,766.40,761.54,762.86,809,74,0
1714154400,762.87,763.87,761.35,763.47,531,82,0
1714158000,763.48,765.43,762.97,765.43,472,75,0
1714161600,765.43,765.52,763.10,764.07,415,78,0
1714165200,764.07,764.81,762.42,764.61,623,74,0
1714168800,764.61,765.03,761.79,762.08,842,74,0
1714406400,763.81,767.72,762.89,764.14,309,88,0
1714410000,764.17,765.36,759.93,760.85,443,74,0
1714413600,760.85,762.04,759.46,760.74,510,74,0
1714417200,760.74,762.39,759.96,760.53,463,74,0
1714420800,760.55,761.19,758.54,759.07,458,75,0
1714424400,759.08,760.76,757.75,759.73,583,74,0
1714428000,759.62,761.48,754.70,760.75,813,74,0
1714492800,757.32,759.16,756.32,758.82,210,110,0
1714496400,758.82,760.80,757.18,759.64,965,94,0
1714500000,759.65,759.65,755.25,755.91,404,74,0
1714503600,755.90,757.62,754.72,755.90,490,74,0
1714507200,755.90,758.45,755.90,758.44,452,81,0
1714510800,758.44,758.58,754.43,755.71,910,74,0
1714514400,755.72,756.92,753.46,754.39,1252,74,0
1714579200,753.69,757.69,752.25,754.74,178,97,0
1714582800,754.90,758.22,753.76,757.58,477,83,0
1714586400,757.58,757.70,755.48,756.89,454,92,0
1714590000,756.68,759.59,755.91,757.58,396,75,0
1714593600,757.57,758.77,756.56,758.77,114,87,0
1714597200,759.04,765.01,754.35,763.03,575,74,0
1714600800,763.26,765.16,750.48,750.62,722,74,0
1714665600,757.52,757.53,750.01,752.88,430,92,0
1714669200,753.36,753.45,747.77,752.66,1117,74,0
1714672800,752.68,754.98,752.04,753.92,811,74,0
1714676400,753.93,753.99,751.70,752.16,744,74,0
1714680000,752.17,756.46,752.17,755.34,810,74,0
1714683600,755.35,760.08,755.03,759.18,746,74,0
1714687200,759.18,760.43,755.82,756.40,1256,74,0
1714752000,764.05,770.18,762.18,770.18,509,98,0
1714755600,770.18,770.51,762.27,763.28,890,87,0
1714759200,763.27,765.62,763.21,764.32,548,77,0
1714762800,764.28,766.16,763.41,764.60,456,81,0
1714766400,764.44,767.20,763.11,766.40,552,74,0
1714770000,766.18,766.99,764.74,765.37,767,74,0
1714773600,765.37,766.25,762.44,763.23,629,74,0
1715011200,766.77,769.31,764.77,767.82,421,109,0
1715014800,767.84,769.49,767.75,768.29,1040,86,0
1715018400,768.27,768.27,765.58,766.98,422,103,0
1715022000,766.66,767.76,766.20,767.19,363,74,0
1715025600,767.19,770.61,767.19,769.56,324,82,0
1715029200,769.57,770.60,768.10,768.96,545,75,0
1715032800,768.96,774.50,768.12,774.20,590,74,0
1715097600,779.35,783.47,776.36,781.91,643,77,0
1715101200,781.91,785.55,780.50,784.88,1064,74,0
1715104800,784.90,785.42,781.15,782.78,755,74,0
1715108400,782.79,783.45,781.84,783.41,505,74,0
1715112000,783.42,783.59,781.66,781.89,455,78,0
1715115600,781.90,783.66,781.27,781.93,604,74,0
1715119200,781.88,782.39,780.26,780.46,888,74,0
1715184000,777.49,777.74,774.46,776.36,300,79,0
1715187600,776.37,776.57,773.31,774.86,423,74,0
1715191200,774.86,775.60,773.80,775.35,361,74,0
1715194800,775.35,777.84,775.35,777.66,343,74,0
1715198400,777.66,778.72,776.75,778.24,313,74,0
1715202000,778.24,778.78,777.19,778.15,308,74,0
1715205600,778.03,778.48,777.22,777.44,467,74,0
1715270400,778.26,782.36,777.76,781.24,300,74,0
1715274000,781.21,790.10,781.21,788.67,655,74,0
1715277600,788.68,790.79,787.05,788.62,519,74,0
1715281200,788.62,788.99,785.99,787.85,363,74,0
1715284800,787.85,788.44,786.60,787.92,496,74,0
1715288400,787.92,789.16,787.25,788.51,350,74,0
1715292000,788.51,790.98,787.54,788.87,594,74,0
1715356800,790.96,796.35,790.07,795.27,114,80,0
1715360400,794.89,798.86,792.44,797.23,266,74,0
1715364000,797.23,798.67,796.42,798.47,141,74,0
1715367600,798.47,798.47,794.80,795.49,146,74,0
1715371200,795.49,796.18,794.06,795.71,107,75,0
1715374800,795.71,795.71,792.02,794.15,127,74,0
1715378400,794.15,797.31,793.64,796.15,285,74,0
1715616000,796.91,800.14,796.18,796.22,227,100,0
1715619600,796.22,797.38,794.16,794.29,503,83,0
1715623200,794.29,795.41,792.58,792.91,368,74,0
1715626800,792.92,794.74,792.92,793.15,287,75,0
1715630400,793.15,793.15,791.32,792.94,310,74,0
1715634000,792.94,792.94,791.64,791.89,359,74,0
1715637600,791.91,792.51,789.43,790.03,735,74,0
1715702400,791.36,799.80,790.98,799.29,134,92,0
1715706000,799.29,801.51,796.99,798.96,213,74,0
1715709600,798.96,799.23,796.40,796.47,163,74,0
1715713200,796.48,797.70,796.25,796.75,149,74,0
1715716800,796.76,797.79,795.79,797.79,141,76,0
1715720400,797.80,802.18,797.15,801.73,226,74,0
1715724000,801.73,802.85,800.72,802.27,325,74,0
1715788800,806.57,817.20,806.57,813.81,148,101,0
1715792400,813.81,817.10,812.81,814.29,172,87,0
1715796000,814.29,816.66,813.29,814.78,158,74,0
1715799600,814.78,816.37,814.78,814.90,99,74,0
1715803200,814.92,817.09,814.92,815.50,143,74,0
1715806800,815.50,815.91,813.48,814.33,142,74,0
1715810400,814.33,816.21,812.19,814.77,317,74,0
1715875200,811.85,814.06,809.39,809.81,529,91,0
1715878800,809.83,811.78,808.25,810.98,664,77,0
1715882400,810.98,812.28,809.94,811.53,617,74,0
1715886000,811.53,812.12,810.29,811.96,459,74,0
1715889600,811.96,812.58,809.05,810.18,673,74,0
1715893200,810.18,810.99,808.16,810.73,523,74,0
1715896800,810.73,811.35,807.40,807.46,893,74,0
1715961600,808.11,809.24,805.89,807.70,194,105,0
1715965200,807.70,808.38,805.88,807.79,240,74,0
1715968800,807.79,809.05,807.14,808.68,243,74,0
1715972400,808.68,809.37,807.06,808.24,347,74,0
1715976000,808.15,810.22,808.03,809.84,255,74,0
1715979600,809.84,811.12,808.54,810.50,434,74,0
1715983200,810.50,812.81,810.50,811.98,434,74,0
1716220800,808.52,809.95,806.79,809.56,268,126,0
1716224400,809.57,812.26,808.33,811.18,574,78,0
1716228000,811.18,812.44,810.55,810.78,349,97,0
1716231600,810.78,811.62,809.42,810.18,345,74,0
1716235200,810.18,810.18,806.80,807.72,380,74,0
1716238800,807.72,807.72,804.35,805.31,428,74,0
1716242400,805.25,805.96,803.87,804.64,662,74,0
1716307200,803.18,806.47,801.84,801.84,302,134,0
1716310800,801.85,803.18,800.02,801.33,567,74,0
1716314400,801.32,801.34,799.76,800.32,410,74,0
1716318000,800.32,802.09,800.32,801.59,293,74,0
1716321600,801.59,801.97,800.40,801.93,577,74,0
1716325200,801.95,802.51,801.22,802.34,481,74,0
1716328800,802.35,805.53,801.62,804.38,495,74,0
1716393600,802.66,808.33,802.40,806.10,355,96,0
1716397200,806.56,806.63,802.17,803.76,698,83,0
1716400800,803.76,803.89,799.78,800.99,395,88,0
1716404400,800.59,802.54,800.59,801.14,363,74,0
1716408000,801.14,802.20,799.00,800.43,361,74,0
1716411600,800.43,800.43,794.74,796.09,617,76,0
1716415200,796.09,799.53,795.79,799.17,864,74,0
1716480000,798.22,798.22,787.80,788.78,158,122,0
1716483600,788.78,791.25,786.03,787.64,219,92,0
1716487200,787.68,792.94,787.68,792.56,197,78,0
1716490800,792.56,792.75,790.37,790.59,143,76,0
1716494400,790.59,790.86,786.06,786.90,249,81,0
1716498000,786.83,786.83,781.52,782.04,330,74,0
1716501600,782.04,784.60,781.37,784.24,450,74,0
1716566400,786.52,788.09,785.27,785.77,86,105,0
1716570000,785.77,787.52,783.86,785.80,229,74,0
1716573600,785.80,787.61,784.43,785.79,136,74,0
1716577200,785.79,785.81,783.56,783.75,161,74,0
1716580800,783.75,785.18,783.66,783.91,148,74,0
1716584400,783.91,784.60,783.05,783.13,221,74,0
1716588000,783.13,783.42,780.42,781.15,437,74,0
1716912000,779.89,781.62,777.31,778.66,422,115,0
1716915600,778.66,778.89,773.85,773.85,835,74,0
1716919200,774.12,775.42,772.74,772.85,506,74,0
1716922800,772.85,774.03,771.82,772.55,468,75,0
1716926400,772.56,772.61,766.82,767.84,626,80,0
1716930000,767.64,769.38,764.77,767.51,589,74,0
1716933600,767.51,771.28,766.89,770.81,639,74,0
1716998400,761.63,764.50,758.88,763.98,697,111,0
1717002000,763.92,764.86,759.84,761.00,1144,74,0
1717005600,761.00,761.00,758.41,760.07,874,74,0
1717009200,759.88,759.88,757.76,759.06,713,74,0
1717012800,759.07,759.55,757.63,759.25,600,74,0
1717016400,759.25,759.35,757.85,757.85,597,74,0
1717020000,757.85,758.93,755.94,756.29,871,74,0
1717084800,752.71,760.64,752.70,758.61,226,74,0
1717088400,758.61,760.22,756.01,758.17,456,81,0
1717092000,758.17,759.89,756.93,758.68,375,74,0
1717095600,758.68,761.00,758.44,760.72,378,74,0
1717099200,760.73,761.45,760.07,761.07,383,77,0
1717102800,761.07,761.80,759.46,761.27,371,74,0
1717106400,761.27,761.88,757.77,761.26,607,74,0
1717171200,762.65,769.53,760.52,768.80,272,86,0
1717174800,768.75,772.44,768.75,771.19,525,83,0
1717178400,771.19,772.02,769.80,770.55,321,97,0
1717182000,770.55,770.55,765.09,767.57,358,74,0
1717185600,767.58,769.42,767.13,767.84,210,74,0
1717189200,767.85,769.44,767.63,767.87,344,74,0
1717192800,767.88,773.50,762.43,771.68,737,74,0
1717430400,777.64,777.64,767.75,769.62,580,116,0
1717434000,769.58,775.95,769.58,773.63,683,80,0
1717437600,773.68,776.86,772.86,774.31,279,80,0
1717441200,774.66,774.66,768.77,771.56,164,76,0
1717444800,771.56,774.73,769.07,773.20,174,101,0
1717448400,773.20,774.75,772.92,774.23,171,74,0
1717452000,774.23,777.13,773.27,776.95,346,74,0
1717516800,777.10,779.50,774.41,779.50,434,89,0
1717520400,779.51,783.07,778.83,778.83,938,74,0
1717524000,778.83,780.40,778.06,779.06,495,74,0
1717527600,779.07,781.94,777.95,781.69,521,74,0
1717531200,781.68,783.50,780.36,782.06,462,76,0
1717534800,782.07,785.74,782.07,785.12,471,74,0
1717538400,785.12,786.03,782.93,784.87,891,74,0
1717603200,787.64,787.64,782.85,783.73,380,74,0
1717606800,783.73,786.08,778.68,786.08,1128,75,0
1717610400,786.08,788.30,785.54,786.49,715,83,0
1717614000,786.49,786.49,783.75,784.08,462,86,0
1717617600,784.08,785.01,783.25,785.01,447,79,0
1717621200,785.01,787.12,784.87,787.12,367,74,0
1717624800,787.15,788.48,785.77,788.39,627,74,0
1717689600,786.23,786.24,780.91,784.45,402,109,0
1717693200,784.46,784.75,782.20,782.58,770,88,0
1717696800,782.58,783.08,778.09,778.14,602,87,0
1717700400,778.16,778.76,777.09,777.36,605,80,0
1717704000,777.30,778.57,777.07,778.28,448,80,0
1717707600,778.46,778.52,776.04,778.35,520,81,0
1717711200,778.14,780.61,777.04,778.03,938,74,0
1717776000,766.18,770.05,763.98,769.90,367,107,0
1717779600,769.90,773.32,768.47,769.87,746,74,0
1717783200,769.88,770.72,768.92,770.48,691,88,0
1717786800,770.42,773.06,770.27,772.66,567,84,0
1717790400,772.68,773.19,771.87,772.35,518,76,0
1717794000,772.12,772.14,769.76,771.55,637,85,0
1717797600,771.56,771.56,768.18,768.26,953,74,0
1718035200,765.39,767.17,762.55,765.43,470,90,0
1718038800,765.59,766.45,761.90,763.01,542,98,0
1718042400,763.01,763.01,760.53,762.63,320,78,0
1718046000,762.63,762.85,761.06,761.54,218,83,0
1718049600,761.54,764.73,759.95,764.25,383,96,0
1718053200,764.25,766.67,764.25,764.97,616,74,0
1718056800,764.90,766.24,764.23,766.24,506,74,0
1718121600,761.53,762.56,756.39,757.88,514,104,0
1718125200,757.88,757.94,755.26,757.22,709,74,0
1718128800,757.23,757.72,755.13,755.34,599,74,0
1718132400,755.35,755.43,752.27,752.87,415,77,0
1718136000,752.88,754.79,751.92,754.69,410,74,0
1718139600,754.69,757.09,753.99,756.59,458,83,0
1718143200,756.60,758.51,756.28,757.37,588,74,0
1718208000,766.89,780.88,765.64,779.37,274,153,0
1718211600,780.21,781.66,778.39,780.08,217,91,0
1718215200,780.08,780.08,777.07,777.95,148,91,0
1718218800,777.95,777.95,773.73,773.73,196,76,0
1718222400,773.73,774.40,773.16,773.60,105,85,0
1718226000,773.60,773.66,768.79,771.76,279,77,0
1718229600,771.88,775.21,768.45,769.75,336,74,0
1718294400,768.05,768.05,759.28,760.03,528,107,0
1718298000,760.04,762.11,757.04,760.98,934,98,0
1718301600,760.98,766.38,759.97,766.36,496,74,0
1718305200,766.36,767.17,764.80,766.78,557,74,0
1718308800,766.57,769.01,766.54,768.79,495,91,0
1718312400,768.80,771.18,768.74,771.18,539,81,0
1718316000,771.19,771.90,768.66,769.37,679,74,0
1718380800,763.69,766.97,762.50,762.58,89,123,0
1718384400,762.58,765.09,759.21,765.09,195,99,0
1718388000,765.10,767.68,764.75,765.00,107,104,0
1718391600,765.01,766.24,763.23,765.29,166,95,0
1718395200,765.29,766.70,764.13,764.13,132,101,0
1718398800,764.13,766.93,763.75,766.45,146,81,0
1718402400,766.45,769.08,766.30,769.08,206,74,0
1718640000,766.03,769.25,765.41,767.95,107,116,0
1718643600,767.95,771.01,766.97,770.04,171,91,0
1718647200,770.04,772.28,768.57,772.25,162,74,0
1718650800,772.25,777.52,772.25,776.38,168,78,0
1718654400,776.38,777.90,775.97,776.44,143,88,0
1718658000,776.44,780.00,776.18,780.00,158,81,0
1718661600,780.00,783.41,780.00,780.82,290,74,0
1718726400,778.63,782.66,778.05,778.77,296,128,0
1718730000,778.78,779.76,775.78,777.29,421,117,0
1718733600,777.29,779.19,776.85,779.19,303,99,0
1718737200,779.19,783.08,779.19,782.33,485,74,0
1718740800,782.35,782.66,780.75,781.28,365,82,0
1718744400,781.28,781.74,779.97,780.98,491,74,0
1718748000,780.98,783.62,779.54,783.40,452,74,0
1718899200,780.45,782.16,779.75,779.75,417,92,0
1718902800,779.75,782.73,777.02,782.34,1058,78,0
1718906400,782.34,782.72,777.18,777.74,676,75,0
1718910000,777.90,780.93,777.77,780.90,821,85,0
1718913600,780.90,782.11,779.14,781.72,810,100,0
1718917200,781.73,783.26,781.28,782.28,874,75,0
1718920800,782.26,783.36,780.53,782.54,1049,74,0
1718985600,781.41,785.65,779.30,784.07,588,111,0
1718989200,784.07,787.48,782.96,785.93,670,81,0
1718992800,785.93,786.55,781.52,784.09,510,84,0
1718996400,784.11,785.90,782.87,785.37,497,83,0
1719000000,785.38,786.06,784.18,785.35,579,83,0
1719003600,785.36,787.67,784.79,786.62,626,74,0
1719007200,786.62,790.25,786.46,787.59,794,74,0
1719244800,788.65,792.57,788.31,792.16,116,134,0
1719248400,792.16,805.29,791.78,804.29,448,80,0
1719252000,803.63,803.93,798.96,799.92,219,74,0
1719255600,799.92,801.17,799.53,801.02,359,92,0
1719259200,801.02,801.62,798.48,798.90,402,74,0
1719262800,798.86,800.41,798.26,799.11,394,74,0
1719266400,798.96,801.62,798.46,798.70,553,74,0
1719331200,794.76,794.76,789.44,791.63,390,151,0
1719334800,791.84,793.14,789.31,791.39,808,96,0
1719338400,791.05,791.26,788.34,790.03,743,91,0
1719342000,790.04,790.60,787.81,788.80,576,76,0
1719345600,788.81,790.92,788.61,790.56,570,74,0
1719349200,790.51,792.85,790.03,791.58,574,81,0
1719352800,791.59,794.53,791.39,793.97,872,74,0
1719417600,789.24,789.96,785.95,787.24,392,116,0
1719421200,787.23,788.31,783.83,786.04,756,95,0
1719424800,786.05,787.08,785.04,786.55,461,74,0
1719428400,786.66,788.32,786.45,787.70,382,91,0
1719432000,787.70,788.31,786.23,788.31,443,74,0
1719435600,788.31,789.85,788.14,789.24,478,82,0
1719439200,789.24,789.24,786.35,786.81,605,74,0
1719504000,784.05,786.18,781.75,783.59,89,109,0
1719507600,783.59,786.12,783.30,783.75,276,84,0
1719511200,783.75,784.81,781.93,783.72,119,108,0
1719514800,783.72,784.40,782.26,782.26,97,89,0
1719518400,782.26,783.70,782.26,782.72,107,78,0
1719522000,782.71,782.71,779.75,781.13,107,119,0
1719525600,781.13,782.47,780.12,780.59,180,74,0
1719590400,782.98,787.19,782.34,785.04,321,120,0
1719594000,785.20,791.56,785.06,788.25,751,89,0
1719597600,788.26,788.26,784.76,785.78,590,92,0
1719601200,785.79,787.62,785.18,786.60,625,106,0
1719604800,786.34,788.60,786.20,787.29,532,101,0
1719608400,787.29,788.61,785.21,785.25,573,77,0
1719612000,785.21,787.60,783.19,787.07,859,74,0
1719849600,789.34,792.99,787.29,790.34,312,105,0
1719853200,790.34,791.66,777.69,778.52,780,82,0
1719856800,777.98,783.99,777.69,782.55,655,92,0
1719860400,782.57,785.42,781.57,783.72,641,74,0
1719864000,783.72,786.40,781.97,782.41,674,78,0
1719867600,782.42,783.77,781.41,782.65,560,74,0
1719871200,782.32,782.79,777.32,781.82,545,74,0
1719936000,781.34,785.64,781.15,785.26,497,109,0
1719939600,786.10,786.50,783.18,783.49,1104,74,0
1719943200,783.51,786.53,782.64,785.63,606,96,0
1719946800,785.63,786.75,784.60,784.62,399,75,0
1719950400,784.62,786.15,784.26,785.03,464,77,0
1719954000,785.03,786.00,784.29,785.57,485,74,0
1719957600,785.57,788.92,785.53,788.92,663,74,0
1720022400,787.43,788.76,785.75,787.93,119,96,0
1720026000,787.93,790.48,785.41,787.63,477,81,0
1720029600,787.63,788.56,786.43,787.22,244,81,0
1720033200,787.22,789.79,786.38,787.97,322,81,0
1720036800,788.01,788.01,788.01,788.01,1,114,0
1720195200,790.45,790.45,785.29,785.89,271,139,0
1720198800,785.77,788.39,782.55,788.39,612,107,0
1720202400,788.40,788.80,786.71,787.42,516,99,0
1720206000,787.41,788.51,786.66,788.22,469,88,0
1720209600,788.22,789.12,787.16,788.46,441,74,0
1720213200,788.46,789.22,787.81,789.21,469,87,0
1720216800,789.21,790.46,787.89,789.98,397,74,0
1720454400,789.23,792.30,788.00,790.61,429,92,0
1720458000,790.61,791.59,789.65,790.09,695,74,0
1720461600,790.10,790.56,786.09,786.35,388,74,0
1720465200,786.36,789.25,785.51,788.84,383,74,0
1720468800,788.85,789.11,787.17,788.85,493,75,0
1720472400,788.86,789.59,787.86,788.69,382,74,0
1720476000,788.69,790.15,788.63,789.70,567,74,0
1720540800,791.05,794.70,791.04,794.19,163,74,0
1720544400,794.19,794.19,790.75,793.48,330,99,0
1720548000,793.48,794.97,792.99,794.66,381,74,0
1720551600,794.67,801.47,794.67,800.21,588,74,0
1720555200,800.22,802.78,799.10,799.11,223,100,0
1720558800,799.11,800.63,798.51,799.45,403,74,0
1720562400,799.46,802.41,798.73,801.70,514,74,0
1720627200,801.23,806.09,801.23,803.80,268,116,0
1720630800,802.54,806.81,802.19,804.82,562,106,0
1720634400,804.82,808.75,804.82,807.24,390,75,0
1720638000,807.25,809.32,806.92,808.80,680,74,0
1720641600,808.80,809.02,805.67,807.91,571,83,0
1720645200,807.90,808.20,806.52,808.06,519,91,0
1720648800,808.07,811.25,807.84,811.25,567,74,0
1720713600,813.89,821.18,813.89,819.68,580,83,0
1720717200,819.67,825.44,819.67,822.16,1019,74,0
1720720800,822.19,824.29,821.38,822.56,513,86,0
1720724400,822.56,822.56,819.07,820.09,439,77,0
1720728000,820.09,822.72,819.72,822.72,538,74,0
1720731600,822.72,824.33,821.63,822.99,484,78,0
1720735200,823.00,824.61,822.74,824.61,755,74,0
1720800000,826.40,827.36,824.18,824.98,457,121,0
1720803600,824.70,832.08,824.18,831.66,668,74,0
1720807200,831.67,833.48,831.01,832.98,498,83,0
1720810800,832.98,834.03,831.38,832.88,554,74,0
1720814400,832.88,836.76,832.88,835.75,451,74,0
1720818000,835.75,836.49,833.40,834.00,455,79,0
1720821600,834.00,834.70,826.94,827.19,837,74,0
1721059200,824.84,831.89,819.61,819.69,303,100,0
1721062800,819.50,831.78,817.19,831.18,471,108,0
1721066400,831.18,835.12,830.25,831.39,320,110,0
1721070000,831.39,832.80,829.32,830.93,386,93,0
1721073600,830.94,832.25,829.48,830.85,556,76,0
1721077200,830.85,831.54,829.02,830.80,482,74,0
1721080800,830.80,830.80,820.93,822.70,811,74,0
1721145600,824.39,834.36,820.22,832.96,388,98,0
1721149200,833.18,835.79,830.38,834.80,585,92,0
1721152800,834.64,835.29,828.74,829.43,722,86,0
1721156400,829.41,836.20,828.96,836.20,755,85,0
1721160000,836.45,837.86,834.73,837.86,981,78,0
1721163600,837.86,842.09,837.56,841.79,951,74,0
1721167200,841.79,845.19,840.99,843.67,963,74,0
1721232000,844.27,844.89,835.74,844.89,433,118,0
1721235600,845.25,847.74,840.82,843.24,918,81,0
1721239200,843.24,844.56,840.96,842.09,800,94,0
1721242800,842.10,842.67,836.22,839.86,878,93,0
1721246400,839.84,840.70,837.08,837.67,713,99,0
1721250000,837.67,840.45,836.70,837.96,726,85,0
1721253600,837.97,841.96,837.97,840.41,1040,74,0
1721318400,834.39,848.09,834.24,848.07,396,106,0
1721322000,848.07,850.85,843.73,844.33,1370,88,0
1721325600,844.35,845.31,836.61,838.22,720,91,0
1721329200,838.23,841.16,838.23,841.16,541,92,0
1721332800,841.16,843.25,838.99,838.99,553,80,0
1721336400,838.71,839.13,831.08,831.51,591,82,0
1721340000,831.32,834.37,828.53,828.53,1403,74,0
1721404800,830.91,831.25,824.79,828.83,357,162,0
1721408400,828.87,830.14,826.30,827.74,790,84,0
1721412000,827.68,828.83,825.83,826.83,934,85,0
1721415600,826.83,829.81,826.83,828.32,628,74,0
1721419200,828.32,829.52,825.11,829.42,853,97,0
1721422800,829.42,829.65,827.43,829.14,685,88,0
1721426400,829.14,830.44,828.53,830.08,883,74,0
1721664000,835.33,839.39,835.33,835.95,110,123,0
1721667600,835.95,844.76,834.12,843.70,773,74,0
1721671200,843.71,843.82,840.64,840.74,539,106,0
1721674800,840.74,842.08,838.57,841.36,307,92,0
1721678400,841.36,844.40,841.13,843.07,315,100,0
1721682000,843.08,843.08,840.16,840.82,227,90,0
1721685600,840.82,844.76,840.26,842.93,250,74,0
1721750400,839.45,839.87,837.91,839.81,343,102,0
1721754000,839.58,842.40,838.52,840.10,711,81,0
1721757600,840.10,844.71,839.83,843.07,552,100,0
1721761200,843.09,844.63,840.76,841.63,482,74,0
1721764800,841.65,846.85,841.65,846.48,451,79,0
1721768400,846.49,849.84,846.49,848.98,491,74,0
1721772000,848.98,848.98,842.47,843.77,891,74,0
1721836800,841.00,845.97,837.75,839.23,171,107,0
1721840400,839.39,845.35,838.13,844.78,483,91,0
1721844000,844.78,844.78,840.91,842.83,144,96,0
1721847600,842.83,844.25,839.43,839.60,148,87,0
1721851200,839.60,840.23,837.39,837.58,125,116,0
1721854800,837.58,838.47,832.88,834.17,160,99,0
1721858400,834.08,834.08,825.65,827.45,365,74,0
1721923200,823.53,837.20,821.04,837.20,137,138,0
1721926800,836.94,837.06,831.62,835.48,361,123,0
1721930400,835.48,840.05,835.48,839.77,117,112,0
1721934000,839.86,845.35,839.85,843.93,128,121,0
1721937600,844.07,847.66,840.74,842.37,158,111,0
1721941200,842.37,842.37,837.37,838.22,216,96,0
1721944800,838.22,842.50,835.92,835.94,230,74,0
1722009600,840.46,847.15,839.95,846.45,107,140,0
1722013200,847.20,853.63,845.99,853.29,315,115,0
1722016800,853.61,854.82,851.71,854.82,215,81,0
1722020400,854.82,856.33,852.63,855.51,183,102,0
1722024000,855.51,857.21,853.12,854.28,179,92,0
1722027600,854.28,855.44,853.12,853.86,276,86,0
1722031200,853.69,855.95,852.26,855.93,296,74,0
1722268800,857.36,857.42,851.00,855.13,189,108,0
1722272400,855.13,857.25,851.53,855.35,271,90,0
1722276000,854.79,857.82,852.81,857.82,229,95,0
1722279600,857.82,858.46,856.79,857.31,105,110,0
1722283200,857.31,860.32,856.99,858.59,136,93,0
1722286800,858.60,862.31,858.05,861.93,207,74,0
1722290400,861.93,864.38,860.67,861.84,259,74,0
1722355200,864.31,871.74,864.31,870.48,153,141,0
1722358800,870.21,871.82,866.95,870.35,360,133,0
1722362400,870.16,872.75,867.18,868.36,306,126,0
1722366000,868.36,868.90,864.90,865.20,386,100,0
1722369600,865.61,870.91,864.75,870.86,425,78,0
1722373200,870.86,872.04,868.39,869.33,740,81,0
1722376800,869.31,873.30,868.21,871.79,653,74,0
1722441600,874.64,874.64,871.43,872.88,96,132,0
1722445200,872.88,876.12,872.03,874.49,309,113,0
1722448800,874.49,877.49,873.63,875.64,258,100,0
1722452400,875.64,879.12,875.40,878.01,308,99,0
1722456000,877.48,878.07,874.66,875.82,151,111,0
1722459600,875.30,883.40,873.60,883.40,256,121,0
1722463200,883.40,883.40,873.00,876.25,496,74,0
1722528000,878.56,883.22,877.66,877.66,110,176,0
1722531600,877.62,877.63,867.28,867.49,464,88,0
1722535200,867.29,867.68,861.98,865.20,338,115,0
1722538800,865.12,867.99,862.77,864.39,238,125,0
1722542400,864.39,865.88,861.97,865.88,216,86,0
1722546000,865.89,866.62,860.75,860.93,204,99,0
1722549600,860.93,866.59,859.75,864.62,368,74,0
1722614400,853.80,856.02,848.34,854.36,198,137,0
1722618000,854.60,856.45,842.95,843.37,402,119,0
1722621600,843.47,846.37,838.39,845.43,246,131,0
1722625200,845.43,846.23,843.01,844.21,156,126,0
1722628800,844.21,844.21,839.79,839.86,131,151,0
1722632400,839.85,843.69,838.45,841.99,190,85,0
1722636000,841.99,845.37,840.68,845.37,441,74,0
1722873600,822.27,827.49,812.69,821.33,324,131,0
1722877200,822.41,836.16,822.41,832.08,649,78,0
1722880800,832.08,840.63,829.58,839.90,373,77,0
1722884400,839.59,846.21,839.51,843.24,275,77,0
1722888000,843.24,847.66,841.65,845.01,439,74,0
1722891600,845.01,846.87,840.77,840.77,412,81,0
1722895200,840.77,840.92,828.91,830.00,536,74,0
1722960000,834.94,842.96,829.38,841.45,168,171,0
1722963600,841.44,846.46,840.92,841.93,389,119,0
1722967200,842.21,844.97,840.91,844.53,258,137,0
1722970800,844.53,846.43,843.95,846.01,196,113,0
1722974400,846.01,849.36,846.01,848.90,171,89,0
1722978000,848.90,851.27,847.77,847.88,220,106,0
1722981600,847.88,848.17,838.34,839.84,532,74,0
1723046400,851.34,853.65,846.73,853.54,118,222,0
1723050000,853.54,855.29,847.68,851.83,375,141,0
1723053600,851.83,855.14,850.25,851.05,175,151,0
1723057200,851.05,853.02,847.77,848.72,173,122,0
1723060800,848.72,848.87,843.75,845.03,492,89,0
1723064400,844.79,845.21,840.25,840.93,1051,74,0
1723068000,840.89,846.64,838.10,839.16,1066,74,0
1723132800,844.59,848.08,844.15,847.09,132,181,0
1723136400,847.09,852.53,846.64,852.53,390,165,0
1723140000,852.53,854.78,850.49,851.95,379,128,0
1723143600,851.15,852.96,848.66,849.57,392,134,0
1723147200,849.56,853.89,848.13,851.63,418,125,0
1723150800,851.63,854.61,850.75,852.94,459,93,0
1723154400,852.94,855.12,850.67,854.40,656,74,0
1723219200,850.39,855.03,849.08,853.45,100,188,0
1723222800,853.67,856.20,851.57,855.46,653,110,0
1723226400,855.35,856.07,851.36,851.36,217,127,0
1723230000,851.36,856.33,851.27,856.33,151,122,0
1723233600,856.33,861.01,855.53,856.70,130,119,0
1723237200,856.70,857.07,854.57,854.98,121,105,0
1723240800,854.98,857.28,854.22,855.84,247,90,0
1723478400,853.88,857.51,846.71,847.60,95,166,0
1723482000,847.26,850.75,847.24,850.58,289,96,0
1723485600,850.96,851.52,845.54,848.72,162,170,0
1723489200,848.72,848.72,843.28,843.75,144,115,0
1723492800,843.75,844.69,840.68,841.02,137,74,0
1723496400,841.02,842.09,840.22,841.25,125,78,0
1723500000,841.25,841.25,835.20,837.59,400,74,0
1723564800,843.75,846.84,842.93,845.08,131,140,0
1723568400,845.09,846.92,842.74,846.27,278,96,0
1723572000,846.27,848.32,845.87,847.70,175,87,0
1723575600,847.70,851.78,847.49,851.62,145,81,0
1723579200,851.62,851.70,847.49,850.40,146,87,0
1723582800,850.36,852.48,850.36,851.72,107,74,0
1723586400,851.61,855.85,851.45,854.15,254,74,0
1723651200,854.20,856.74,853.41,853.58,76,204,0
1723654800,853.58,854.64,850.30,852.40,341,121,0
1723658400,852.30,855.40,851.68,855.40,125,145,0
1723662000,855.40,857.71,854.38,856.63,152,134,0
1723665600,855.75,856.73,855.25,856.67,117,142,0
1723669200,856.67,858.67,854.67,858.67,108,118,0
1723672800,858.67,858.67,855.39,856.71,194,92,0
1723737600,863.47,869.70,863.46,864.75,122,152,0
1723741200,864.75,866.14,862.33,865.75,456,92,0
1723744800,865.76,866.35,863.54,864.45,193,95,0
1723748400,864.45,868.25,864.32,868.06,126,74,0
1723752000,868.06,871.05,867.64,870.80,317,74,0
1723755600,870.80,873.08,870.23,872.18,158,75,0
1723759200,872.39,874.85,869.89,871.56,286,74,0
1723824000,871.29,872.36,869.49,871.49,62,222,0
1723827600,871.50,872.61,868.53,869.13,221,111,0
1723831200,869.13,870.87,868.45,869.59,122,74,0
1723834800,868.88,871.81,868.51,870.61,141,92,0
1723838400,870.61,872.09,869.74,871.91,109,117,0
1723842000,871.91,872.64,870.70,872.64,124,80,0
1723845600,872.64,872.89,870.37,871.75,229,74,0
1724083200,875.85,875.85,867.25,868.07,90,162,0
1724086800,868.07,870.10,867.75,869.41,156,99,0
1724090400,869.41,870.90,868.29,868.29,100,96,0
1724094000,868.29,869.45,867.75,868.95,89,74,0
1724097600,868.95,868.97,867.75,868.28,119,92,0
1724101200,868.28,868.83,867.55,867.75,151,94,0
1724104800,867.75,869.54,865.61,869.54,248,74,0
1724169600,868.38,869.93,867.25,867.90,90,154,0
1724173200,867.90,867.90,863.18,863.18,229,121,0
1724176800,863.18,863.72,860.49,863.12,127,97,0
1724180400,863.12,863.77,861.49,863.04,108,87,0
1724184000,862.89,862.89,859.28,859.30,124,76,0
1724187600,859.30,861.51,859.28,859.95,130,85,0
1724191200,860.15,861.52,859.49,860.62,243,74,0
1724256000,862.87,862.87,855.23,857.36,73,168,0
1724259600,857.16,859.21,852.89,857.97,308,74,0
1724263200,857.98,861.95,857.98,859.08,315,86,0
1724266800,859.08,861.75,858.79,861.50,122,87,0
1724270400,861.49,863.09,860.83,862.52,204,76,0
1724274000,862.53,863.96,861.83,862.86,292,82,0
1724277600,862.86,863.22,860.47,862.56,299,81,0
1724342400,863.15,867.42,861.46,862.54,59,203,0
1724346000,863.30,863.80,860.59,862.60,163,84,0
1724349600,862.60,862.82,857.87,861.19,160,121,0
1724353200,861.19,864.72,861.19,862.05,133,78,0
1724356800,862.05,863.06,859.14,859.14,121,113,0
1724360400,859.14,863.78,859.14,862.13,141,98,0
1724364000,862.14,865.90,862.14,864.76,234,87,0
1724428800,866.67,870.50,866.63,868.57,66,104,0
1724432400,869.30,878.78,869.30,877.83,331,111,0
1724436000,877.65,883.76,875.99,875.99,198,99,0
1724439600,875.99,879.93,874.07,879.91,154,74,0
1724443200,879.91,882.34,879.91,881.34,190,78,0
1724446800,881.34,882.25,880.09,881.31,143,87,0
1724450400,881.32,883.19,880.56,882.80,280,74,0
1724688000,881.75,887.75,881.47,886.95,66,99,0
1724691600,886.95,887.84,885.00,885.78,258,102,0
1724695200,885.68,885.68,882.75,883.22,112,133,0
1724698800,883.22,883.75,881.79,883.07,73,112,0
1724702400,883.07,883.75,877.73,878.44,118,131,0
1724706000,878.44,881.46,877.91,881.35,218,86,0
1724709600,881.36,882.54,879.87,882.54,290,74,0
1724774400,880.84,883.54,879.81,881.82,79,138,0
1724778000,881.54,884.69,880.10,883.16,424,137,0
1724781600,883.16,884.65,881.85,882.92,128,138,0
1724785200,882.92,885.09,882.50,884.53,110,142,0
1724788800,884.53,887.20,884.34,886.12,104,97,0
1724792400,886.12,886.57,884.93,885.24,74,89,0
1724796000,885.24,886.48,883.98,885.63,148,85,0
1724860800,884.70,892.72,884.70,890.07,89,174,0
1724864400,890.07,893.36,888.58,893.22,187,113,0
1724868000,893.22,893.98,889.96,890.49,218,74,0
1724871600,890.49,890.67,887.63,889.77,153,84,0
1724875200,889.77,890.33,884.75,884.75,124,79,0
1724878800,884.75,887.82,882.87,887.82,193,86,0
1724882400,887.82,889.60,886.15,888.38,218,74,0
1724947200,889.59,889.59,884.05,884.05,111,147,0
1724950800,883.93,890.38,883.93,887.69,205,85,0
1724954400,887.71,892.09,887.71,891.94,151,117,0
1724958000,891.94,894.29,891.94,893.60,115,130,0
1724961600,893.60,896.64,893.20,896.64,104,75,0
1724965200,896.64,897.87,890.35,892.84,283,74,0
1724968800,892.84,896.53,891.49,894.62,249,83,0
1725033600,895.99,897.58,895.19,896.55,70,102,0
1725037200,896.45,898.49,894.63,896.03,141,96,0
1725040800,896.03,896.03,890.75,891.85,149,88,0
1725044400,891.85,893.58,888.96,892.35,126,77,0
1725048000,892.35,894.29,892.10,893.76,96,103,0
1725051600,893.76,896.80,893.70,896.58,95,99,0
1725055200,896.58,902.55,895.66,901.53,258,74,0
1725379200,897.48,898.97,890.74,893.67,108,150,0
1725382800,893.57,893.57,885.39,888.53,573,97,0
1725386400,887.53,893.07,887.37,892.36,156,105,0
1725390000,892.36,893.75,886.95,887.29,163,87,0
1725393600,887.28,888.72,886.01,886.32,144,98,0
1725397200,886.32,887.62,884.75,884.94,166,87,0
1725400800,884.94,886.36,880.26,885.41,370,82,0
1725465600,882.92,889.73,882.92,884.89,98,122,0
1725469200,884.69,887.23,882.41,885.52,372,106,0
1725472800,885.52,886.72,880.17,880.28,175,101,0
1725476400,880.28,882.80,879.88,880.72,170,96,0
1725480000,880.72,880.72,878.06,879.32,187,74,0
1725483600,879.32,882.07,878.32,880.62,141,81,0
1725487200,880.62,886.85,879.87,885.68,246,74,0
1725552000,887.13,887.20,880.53,882.69,76,138,0
1725555600,882.69,888.26,878.69,880.03,288,108,0
1725559200,880.03,880.15,875.00,875.01,166,133,0
1725562800,875.01,875.63,872.92,874.91,149,101,0
1725566400,874.91,877.78,872.81,877.59,164,109,0
1725570000,877.59,879.34,875.33,878.50,165,74,0
1725573600,878.24,878.63,873.81,875.95,282,74,0
1725638400,879.70,882.59,878.64,879.11,146,121,0
1725642000,878.57,878.63,866.51,866.60,529,100,0
1725645600,866.69,872.32,864.25,865.11,238,110,0
1725649200,865.11,865.11,861.06,862.37,129,84,0
1725652800,862.37,863.68,860.95,863.58,178,93,0
1725656400,863.58,863.62,860.86,861.83,214,91,0
1725660000,861.85,866.61,861.85,866.42,495,79,0
1725897600,871.12,873.15,870.47,872.85,76,173,0
1725901200,872.85,877.51,871.87,872.83,578,84,0
1725904800,872.69,878.54,871.95,877.54,139,77,0
1725908400,877.54,883.58,877.09,882.64,123,130,0
1725912000,882.64,882.64,878.25,878.27,223,118,0
1725915600,878.27,879.35,876.70,877.93,106,120,0
1725919200,877.93,878.82,876.14,877.68,260,74,0
1725984000,879.16,879.16,872.37,872.37,59,212,0
1725987600,872.37,877.28,868.09,875.52,335,115,0
1725991200,875.52,876.45,873.36,873.36,159,110,0
1725994800,873.36,875.37,871.41,875.18,159,118,0
1725998400,875.18,880.68,875.18,880.08,138,120,0
1726002000,880.08,882.41,879.70,882.08,172,106,0
1726005600,882.08,883.73,880.40,883.29,382,74,0
1726070400,876.83,876.83,863.45,864.00,138,155,0
1726074000,863.75,863.75,853.90,857.14,285,141,0
1726077600,857.14,861.59,856.39,859.48,262,121,0
1726081200,859.48,864.97,859.37,864.97,228,106,0
1726084800,864.97,872.35,864.97,869.36,203,74,0
1726088400,869.38,874.60,868.96,872.72,234,121,0
1726092000,872.76,877.52,872.13,876.54,354,74,0
1726156800,880.68,882.05,873.75,876.21,73,183,0
1726160400,876.21,881.50,875.73,877.59,267,133,0
1726164000,877.48,878.58,876.28,877.74,140,102,0
1726167600,877.74,881.13,877.74,881.09,136,107,0
1726171200,881.09,884.77,881.09,884.55,147,88,0
1726174800,884.55,884.75,880.71,881.80,189,82,0
1726178400,881.80,885.93,881.74,884.69,258,74,0
1726243200,886.89,889.96,885.57,889.44,84,222,0
1726246800,889.44,890.92,885.15,885.45,186,113,0
1726250400,885.45,887.87,885.45,886.63,208,179,0
1726254000,886.63,887.89,882.42,885.19,313,98,0
1726257600,885.19,888.96,885.11,887.44,293,97,0
1726261200,887.45,888.77,885.18,885.18,260,97,0
1726264800,885.18,887.76,884.97,885.20,283,74,0
1726502400,886.66,890.95,885.49,889.32,127,168,0
1726506000,889.37,890.43,887.41,890.43,198,108,0
1726509600,890.43,892.10,889.69,890.50,210,101,0
1726513200,890.50,891.52,889.10,891.49,162,80,0
1726516800,891.50,891.62,889.84,890.97,158,88,0
1726520400,890.97,892.51,890.27,892.51,229,81,0
1726524000,892.65,895.39,890.69,894.78,276,74,0
1726588800,896.17,896.75,895.38,895.44,88,189,0
1726592400,895.44,902.51,894.96,900.73,420,106,0
1726596000,900.73,907.94,900.73,906.59,198,125,0
1726599600,906.59,906.81,899.46,901.06,404,111,0
1726603200,901.06,904.64,898.60,904.03,387,142,0
1726606800,904.03,904.84,902.46,903.24,384,110,0
1726610400,903.24,904.21,900.87,904.14,494,74,0
1726675200,910.08,911.39,905.26,906.01,121,113,0
1726678800,906.01,908.44,905.20,907.19,369,82,0
1726682400,907.19,908.38,906.40,907.63,332,90,0
1726686000,907.25,911.47,907.24,911.47,300,86,0
1726689600,911.47,918.02,911.47,918.02,292,107,0
1726693200,916.93,929.40,916.76,923.16,598,115,0
1726696800,922.69,929.66,920.32,922.40,835,74,0
1726761600,936.89,939.02,926.24,933.47,137,124,0
1726765200,933.47,940.59,931.11,936.58,297,121,0
1726768800,936.58,937.97,934.60,935.09,354,101,0
1726772400,935.09,938.81,935.09,936.06,294,74,0
1726776000,936.06,938.93,934.75,938.07,242,97,0
1726779600,938.07,938.09,932.63,934.57,330,96,0
1726783200,934.57,936.91,933.19,934.36,423,74,0
1726848000,928.85,930.92,925.07,925.12,114,222,0
1726851600,925.12,929.83,925.12,926.24,224,117,0
1726855200,926.24,927.31,923.23,925.64,184,94,0
1726858800,925.65,928.70,924.95,927.64,246,74,0
1726862400,927.64,928.75,926.50,926.75,200,74,0
1726866000,926.75,927.59,924.95,926.08,160,76,0
1726869600,926.08,930.01,925.55,928.30,259,93,0
1727107200,927.86,935.58,927.86,933.49,97,192,0
1727110800,934.35,936.97,933.77,935.53,295,123,0
1727114400,935.54,937.85,934.22,934.97,198,94,0
1727118000,934.88,936.10,934.56,935.56,166,178,0
1727121600,935.56,937.21,935.52,936.88,111,101,0
1727125200,936.88,936.88,934.61,935.55,114,111,0
1727128800,935.54,937.36,934.50,937.36,205,77,0
1727193600,934.69,936.30,928.99,935.69,100,211,0
1727197200,935.69,936.85,931.09,935.36,237,163,0
1727200800,935.35,937.80,934.20,934.30,213,147,0
1727204400,934.33,934.88,933.07,934.14,120,159,0
1727208000,934.14,937.36,934.07,936.50,91,183,0
1727211600,936.50,937.50,935.02,936.05,133,128,0
1727215200,936.06,941.22,936.06,940.71,372,87,0
1727280000,941.25,942.01,936.73,936.96,105,165,0
1727283600,936.84,937.00,933.05,936.72,263,74,0
1727287200,936.72,936.96,935.29,936.71,138,134,0
1727290800,936.71,938.61,935.76,935.98,177,96,0
1727294400,935.99,938.00,935.11,937.67,273,112,0
1727298000,937.67,939.18,936.01,939.18,164,111,0
1727301600,939.18,939.37,936.03,936.62,259,75,0
1727366400,941.48,946.14,941.40,946.14,102,134,0
1727370000,947.02,950.93,943.67,946.30,337,74,0
1727373600,946.30,946.64,943.30,944.04,173,166,0
1727377200,944.04,944.04,939.13,939.43,111,143,0
1727380800,939.43,941.71,938.92,941.45,123,111,0
1727384400,941.45,941.55,939.39,939.64,123,83,0
1727388000,939.68,946.91,938.84,945.02,374,74,0
1727452800,943.51,945.90,942.42,943.86,94,151,0
1727456400,943.65,949.81,942.96,947.06,346,92,0
1727460000,947.01,949.45,944.94,948.26,161,74,0
1727463600,948.26,948.26,946.46,947.27,99,122,0
1727467200,947.27,947.95,945.78,947.08,104,95,0
1727470800,947.08,947.08,944.53,946.59,151,89,0
1727474400,946.59,947.48,943.81,944.72,200,74,0
1727712000,945.33,945.83,939.80,940.89,97,119,0
1727715600,940.59,945.48,940.59,943.69,252,110,0
1727719200,943.69,944.93,939.22,940.02,158,87,0
1727722800,940.02,943.15,939.90,943.14,117,100,0
1727726400,943.14,943.14,940.45,941.28,131,124,0
1727730000,941.28,941.28,935.10,939.30,220,105,0
1727733600,939.21,950.29,937.89,948.78,284,74,0
1727798400,943.68,944.20,935.08,937.15,109,222,0
1727802000,936.06,936.34,924.83,924.83,321,107,0
1727805600,924.83,932.79,918.47,932.18,278,74,0
1727809200,931.67,933.53,930.49,933.16,184,111,0
1727812800,933.11,933.11,925.42,930.75,211,156,0
1727816400,931.13,935.93,931.13,932.88,224,124,0
1727820000,932.85,934.98,931.70,933.36,249,99,0
1727884800,933.82,940.86,931.83,940.86,81,130,0
1727888400,940.53,947.50,939.03,944.34,245,149,0
1727892000,944.34,949.85,944.34,949.85,134,108,0
1727895600,949.85,954.18,949.85,951.51,118,131,0
1727899200,951.20,951.68,949.91,950.04,93,101,0
1727902800,950.04,951.78,948.89,951.61,81,111,0
1727906400,951.61,955.30,950.81,954.96,145,74,0
1727971200,951.51,951.51,947.78,951.06,91,136,0
1727974800,950.98,958.31,950.88,951.37,341,102,0
1727978400,951.57,955.87,949.40,955.16,187,74,0
1727982000,955.16,956.83,952.08,952.84,201,114,0
1727985600,952.84,957.35,952.84,953.64,178,74,0
1727989200,953.64,955.07,951.29,951.29,122,101,0
1727992800,951.29,952.64,948.99,951.22,195,77,0
1728057600,961.14,961.14,945.78,945.79,115,141,0
1728061200,945.79,946.84,932.44,933.13,368,111,0
1728064800,933.54,936.75,930.64,936.75,262,140,0
1728068400,936.75,938.27,934.47,938.26,207,98,0
1728072000,938.26,940.84,937.30,937.30,137,100,0
1728075600,937.30,940.51,937.30,939.93,174,111,0
1728079200,939.93,948.04,939.67,947.89,333,96,0
1728316800,952.74,952.84,945.72,947.12,164,118,0
1728320400,947.12,949.36,945.74,947.09,420,81,0
1728324000,947.00,947.66,942.84,943.63,312,127,0
1728327600,943.63,945.95,941.46,942.34,234,91,0
1728331200,942.35,942.58,939.13,940.71,313,75,0
1728334800,940.71,940.99,937.34,937.99,310,89,0
1728338400,937.99,941.16,937.90,939.70,329,74,0
1728403200,948.39,952.39,947.18,949.74,91,122,0
1728406800,949.85,950.90,941.59,944.50,461,148,0
1728410400,944.50,948.82,944.50,947.61,226,103,0
1728414000,947.61,948.75,946.39,947.77,236,103,0
1728417600,947.77,947.77,944.52,946.94,161,77,0
1728421200,946.94,948.80,946.94,947.83,271,78,0
1728424800,947.58,951.33,946.38,948.80,480,74,0
1728489600,950.44,955.69,949.61,955.69,122,161,0
1728493200,955.97,955.97,950.38,954.41,354,74,0
1728496800,954.41,956.86,953.93,955.80,160,116,0
1728500400,955.77,958.75,954.65,955.75,316,74,0
1728504000,955.75,961.49,955.16,957.72,220,111,0
1728507600,958.11,958.61,948.96,948.96,312,96,0
1728511200,948.96,957.73,947.74,955.67,378,74,0
1728576000,955.29,959.81,953.28,957.59,139,149,0
1728579600,957.59,961.56,957.00,958.49,550,119,0
1728583200,958.49,962.54,957.93,960.03,460,74,0
1728586800,960.03,960.24,957.27,958.12,502,120,0
1728590400,958.12,958.17,952.89,954.28,232,107,0
1728594000,954.29,955.55,953.32,955.55,312,87,0
1728597600,955.54,956.80,953.18,955.43,336,74,0
1728662400,965.06,987.92,965.06,986.20,307,105,0
1728666000,986.33,994.26,981.48,985.60,518,116,0
1728669600,985.59,987.33,980.62,984.71,353,74,0
1728673200,984.71,984.71,977.66,978.67,260,95,0
1728676800,978.69,983.69,977.94,982.57,182,88,0
1728680400,982.57,990.20,982.57,990.20,162,100,0
1728684000,990.21,993.30,989.50,990.00,237,74,0
1728921600,996.14,1000.28,996.14,997.36,142,81,0
1728925200,997.36,998.90,991.78,992.69,257,74,0
1728928800,992.69,994.88,990.47,992.18,214,82,0
1728932400,992.26,992.55,990.83,990.99,136,74,0
1728936000,990.99,993.05,990.95,991.90,123,85,0
1728939600,991.90,992.49,991.26,991.60,127,93,0
1728943200,991.97,993.58,988.93,990.74,329,74,0
1729008000,996.33,1000.34,995.95,1000.33,135,131,0
1729011600,1000.33,1006.60,999.96,1004.14,253,74,0
1729015200,1004.14,1010.02,1001.69,1010.02,152,76,0
1729018800,1010.02,1015.78,1010.02,1014.34,226,101,0
1729022400,1014.34,1014.54,1009.68,1009.68,173,96,0
1729026000,1009.68,1010.01,1007.14,1008.92,113,100,0
1729029600,1008.92,1009.35,1004.87,1006.75,353,74,0
1729094400,1006.43,1012.59,1006.14,1008.02,149,74,0
1729098000,1007.96,1009.01,1005.07,1007.95,180,97,0
1729101600,1007.95,1013.75,1006.43,1013.75,215,94,0
1729105200,1013.75,1018.16,1010.70,1010.99,189,74,0
1729108800,1010.99,1017.32,1010.34,1015.54,147,97,0
1729112400,1015.54,1016.28,1014.00,1014.10,147,90,0
1729116000,1014.10,1016.91,1013.70,1014.96,181,74,0
1729180800,1022.89,1029.81,1022.84,1028.23,180,88,0
1729184400,1028.23,1028.30,1010.19,1011.80,275,78,0
1729188000,1011.96,1013.75,1009.75,1009.92,154,85,0
1729191600,1009.92,1011.62,1006.59,1011.62,133,102,0
1729195200,1011.62,1012.08,1009.94,1010.18,163,137,0
1729198800,1010.18,1010.18,1006.42,1006.76,167,74,0
1729202400,1006.85,1007.23,1001.57,1001.62,249,74,0
1729267200,1007.80,1007.80,997.64,1001.06,97,74,0
1729270800,1001.06,1002.57,998.89,999.07,148,130,0
1729274400,999.07,1003.30,998.82,1003.18,159,98,0
1729278000,1003.18,1005.28,1003.18,1004.51,157,92,0
1729281600,1004.51,1004.67,1003.26,1003.99,140,105,0
1729285200,1003.99,1008.46,1003.27,1005.60,197,94,0
1729288800,1005.87,1006.85,1004.40,1006.76,182,74,0
1729526400,1006.83,1008.83,1001.92,1002.12,122,182,0
1729530000,1002.11,1006.86,1001.76,1004.50,126,131,0
1729533600,1004.50,1004.50,1000.23,1000.77,149,105,0
1729537200,1000.77,1000.77,996.76,998.91,134,104,0
1729540800,998.91,1000.60,998.48,999.63,135,90,0
1729544400,999.64,1000.09,999.25,999.65,87,94,0
1729548000,999.65,1003.04,999.30,1000.20,260,81,0
1729612800,997.80,1001.39,993.05,993.63,104,147,0
1729616400,993.63,994.04,990.54,993.44,145,91,0
1729620000,993.44,998.52,993.25,997.65,116,135,0
1729623600,997.42,1000.93,996.47,1000.93,81,148,0
1729627200,1000.93,1001.60,999.01,999.71,85,74,0
1729630800,999.71,1001.37,998.61,998.61,91,113,0
1729634400,998.61,1003.14,998.38,1000.40,150,78,0
1729699200,997.39,1003.64,994.92,995.96,77,142,0
1729702800,995.78,997.35,987.82,990.53,154,74,0
1729706400,990.53,990.91,986.85,990.91,182,92,0
1729710000,990.91,991.44,987.22,989.10,136,84,0
1729713600,989.10,989.10,984.83,985.39,139,118,0
1729717200,985.39,987.49,981.98,986.80,363,74,0
1729720800,986.80,989.33,986.74,987.89,294,81,0
1729785600,990.92,991.39,987.78,988.49,79,160,0
1729789200,988.20,988.35,984.44,987.29,194,108,0
1729792800,987.29,987.96,983.71,984.77,152,78,0
1729796400,984.77,985.71,982.11,985.66,153,112,0
1729800000,985.71,987.22,985.31,985.50,89,97,0
1729803600,985.50,987.13,984.38,985.00,118,89,0
1729807200,985.00,987.68,983.70,983.73,232,74,0
1729872000,984.69,984.91,981.78,982.10,103,120,0
1729875600,982.10,983.80,980.44,980.98,184,85,0
1729879200,980.98,981.15,976.45,978.05,165,106,0
1729882800,978.05,978.05,974.75,974.83,121,74,0
1729886400,974.83,975.27,969.20,970.03,236,74,0
1729890000,970.03,972.64,968.10,972.64,167,74,0
1729893600,972.65,975.98,971.76,973.37,363,74,0
1730127600,977.57,986.81,977.57,984.44,106,165,0
1730131200,984.13,987.63,981.86,985.75,270,146,0
1730134800,985.76,988.41,982.60,983.02,120,141,0
1730138400,983.02,985.17,982.01,982.01,87,151,0
1730142000,982.01,985.25,982.01,984.50,107,100,0
1730145600,984.50,986.25,984.18,986.25,85,142,0
1730149200,986.05,988.61,985.12,986.22,168,74,0
1730214000,985.88,987.35,982.20,984.53,103,191,0
1730217600,985.61,985.82,979.96,979.96,150,136,0
1730221200,979.96,982.08,978.16,981.75,145,134,0
1730224800,981.75,983.92,981.75,983.41,160,74,0
1730228400,983.41,984.30,979.75,980.81,126,126,0
1730232000,980.81,982.80,979.92,982.00,151,74,0
1730235600,982.00,983.57,981.19,982.76,294,74,0
1730300400,984.99,992.00,984.51,991.89,73,90,0
1730304000,991.89,996.75,989.15,989.80,187,92,0
1730307600,989.80,989.80,985.07,985.07,133,113,0
1730311200,985.07,985.22,983.76,984.31,182,97,0
1730314800,984.31,985.85,981.89,981.89,154,93,0
1730318400,981.90,982.75,979.75,979.75,140,109,0
1730322000,979.36,981.55,978.32,978.76,243,74,0
1730386800,974.68,974.68,969.76,972.88,128,102,0
1730390400,972.97,974.52,969.28,970.63,286,86,0
1730394000,970.63,976.11,968.75,976.11,194,95,0
1730397600,976.11,979.54,975.33,978.37,173,101,0
1730401200,978.35,982.03,978.35,980.05,131,85,0
1730404800,980.05,980.34,978.52,979.91,97,74,0
1730408400,979.91,985.26,979.91,980.35,259,74,0
1730473200,982.37,985.35,978.98,982.96,214,98,0
1730476800,982.68,990.64,982.68,985.62,308,83,0
1730480400,985.62,987.70,981.63,983.76,144,74,0
1730484000,983.50,986.51,983.50,985.60,140,74,0
1730487600,985.60,986.87,981.70,981.75,141,84,0
1730491200,981.50,985.07,981.23,985.07,124,94,0
1730494800,985.07,985.72,983.11,984.87,211,74,0
1730736000,980.04,982.68,978.51,980.05,136,144,0
1730739600,980.67,984.97,980.05,982.80,178,74,0
1730743200,982.80,982.81,975.05,976.48,150,74,0
1730746800,976.48,983.45,976.48,983.45,201,74,0
1730750400,983.45,983.45,979.29,982.98,150,139,0
1730754000,982.98,985.25,982.98,984.65,120,74,0
1730757600,984.65,991.15,984.65,991.15,206,74,0
1730822400,992.39,1009.01,992.14,1006.75,129,109,0
1730826000,1006.75,1015.61,1006.75,1007.77,279,87,0
1730829600,1007.77,1013.07,1006.41,1012.53,130,138,0
1730833200,1012.78,1017.18,1011.56,1014.58,108,97,0
1730836800,1014.58,1016.22,1008.69,1009.42,156,133,0
1730840400,1009.42,1011.47,1007.92,1009.17,106,107,0
1730844000,1009.17,1013.31,1007.27,1013.31,177,83,0
1730908800,1045.61,1053.80,1010.90,1014.26,259,222,0
1730912400,1015.54,1020.86,1000.85,1008.53,432,74,0
1730916000,1007.82,1018.34,1005.49,1018.26,441,132,0
1730919600,1018.25,1025.99,1013.55,1023.36,187,118,0
1730923200,1023.36,1024.25,1017.75,1018.93,157,130,0
1730926800,1018.94,1029.52,1018.94,1025.13,274,74,0
1730930400,1024.57,1033.46,1023.72,1029.55,272,74,0
1730995200,1036.97,1041.72,1033.48,1036.29,157,176,0
1730998800,1036.29,1039.31,1034.62,1034.62,193,151,0
1731002400,1034.62,1038.96,1032.87,1038.08,152,130,0
1731006000,1038.08,1041.94,1037.90,1040.48,192,133,0
1731009600,1040.48,1041.10,1037.65,1040.84,109,99,0
1731013200,1040.84,1040.84,1032.96,1036.57,207,95,0
1731016800,1036.57,1037.57,1031.83,1035.74,343,74,0
1731081600,1040.89,1042.76,1036.99,1042.76,148,193,0
1731085200,1042.77,1048.74,1040.29,1043.85,271,87,0
1731088800,1043.85,1045.96,1041.04,1042.33,116,121,0
1731092400,1042.33,1042.98,1040.79,1041.20,125,114,0
1731096000,1041.20,1042.32,1039.87,1042.32,100,147,0
1731099600,1042.32,1045.36,1040.82,1043.08,132,118,0
1731103200,1043.08,1043.08,1037.80,1038.25,205,75,0
1731340800,1047.56,1061.14,1047.56,1058.02,166,180,0
1731344400,1057.85,1063.86,1053.63,1063.86,158,94,0
1731348000,1063.86,1066.77,1060.33,1064.45,202,102,0
1731351600,1064.45,1064.45,1054.75,1054.75,130,92,0
1731355200,1054.75,1054.75,1049.85,1051.45,127,124,0
1731358800,1051.45,1051.45,1047.25,1049.48,121,98,0
1731362400,1049.48,1053.96,1048.28,1053.34,154,74,0
1731427200,1055.89,1055.89,1048.46,1052.09,99,222,0
1731430800,1052.05,1056.39,1049.30,1052.25,177,142,0
1731434400,1052.25,1053.91,1042.25,1042.25,146,86,0
1731438000,1042.25,1042.58,1033.48,1034.86,154,76,0
1731441600,1034.70,1038.76,1034.16,1038.76,165,74,0
1731445200,1038.76,1041.30,1038.50,1038.86,140,94,0
1731448800,1038.86,1039.89,1034.75,1035.61,205,74,0
1731513600,1039.14,1041.84,1037.21,1041.15,75,188,0
1731517200,1041.24,1041.42,1034.78,1038.33,206,145,0
1731520800,1038.13,1038.25,1033.62,1033.92,126,135,0
1731524400,1033.92,1035.81,1032.82,1035.66,112,144,0
1731528000,1035.66,1035.66,1031.49,1031.49,97,179,0
1731531600,1031.49,1031.98,1026.04,1026.92,128,74,0
1731535200,1026.92,1030.75,1025.93,1030.44,259,74,0
1731600000,1038.89,1046.05,1036.91,1041.53,144,176,0
1731603600,1042.22,1057.79,1041.78,1056.54,256,129,0
1731607200,1055.95,1056.66,1049.36,1052.55,239,92,0
1731610800,1052.55,1053.74,1048.73,1051.88,162,121,0
1731614400,1051.88,1051.88,1043.95,1044.76,157,105,0
1731618000,1043.95,1049.62,1043.95,1048.83,191,76,0
1731621600,1048.83,1048.83,1043.27,1047.32,279,74,0
1731686400,1039.14,1047.87,1038.02,1041.84,101,213,0
1731690000,1042.35,1047.22,1038.52,1042.91,198,75,0
1731693600,1042.91,1048.84,1042.91,1048.80,139,205,0
1731697200,1048.80,1049.94,1046.66,1049.94,109,163,0
1731700800,1049.94,1050.59,1044.92,1044.92,118,101,0
1731704400,1044.92,1047.09,1043.81,1045.27,109,109,0
1731708000,1045.27,1048.34,1045.09,1046.51,162,86,0
1731945600,1045.62,1045.62,1038.56,1043.03,64,174,0
1731949200,1042.56,1043.39,1036.27,1043.05,138,164,0
1731952800,1043.06,1050.52,1042.96,1047.85,126,133,0
1731956400,1047.85,1050.88,1046.65,1050.37,111,160,0
1731960000,1050.37,1050.37,1044.50,1046.56,106,170,0
1731963600,1046.56,1047.97,1043.83,1046.96,156,95,0
1731967200,1046.96,1049.74,1046.47,1049.45,168,74,0
1732032000,1038.89,1043.02,1033.56,1035.28,80,222,0
1732035600,1035.28,1037.78,1029.89,1035.00,321,112,0
1732039200,1035.00,1038.12,1031.89,1034.32,279,74,0
1732042800,1034.75,1035.43,1033.07,1033.07,238,150,0
1732046400,1033.07,1035.75,1030.99,1034.89,188,125,0
1732050000,1034.89,1035.10,1031.75,1031.87,187,78,0
1732053600,1032.32,1032.42,1027.29,1027.57,200,74,0
1732118400,1032.42,1035.59,1021.28,1022.66,145,196,0
1732122000,1022.66,1026.89,1017.86,1025.79,264,116,0
1732125600,1025.79,1026.60,1022.28,1023.41,173,114,0
1732129200,1023.41,1023.41,1018.13,1021.33,128,108,0
1732132800,1021.33,1024.30,1021.13,1021.16,137,112,0
1732136400,1021.16,1023.89,1019.72,1023.89,285,74,0
1732140000,1023.70,1027.70,1023.14,1023.51,359,74,0
1732204800,1034.16,1034.16,1023.95,1028.54,118,129,0
1732208400,1028.41,1034.61,1028.41,1033.08,222,115,0
1732212000,1033.08,1036.95,1032.54,1035.64,142,144,0
1732215600,1035.64,1036.62,1032.93,1036.60,143,134,0
1732219200,1036.60,1037.14,1032.17,1032.53,91,144,0
1732222800,1032.53,1034.08,1032.53,1033.55,174,84,0
1732226400,1033.54,1034.10,1026.63,1027.42,301,81,0
1732291200,1029.64,1037.11,1029.64,1036.91,110,205,0
1732294800,1036.91,1038.88,1034.60,1038.66,193,181,0
1732298400,1038.66,1039.15,1036.42,1039.15,109,149,0
1732302000,1039.15,1041.15,1037.64,1038.81,116,86,0
1732305600,1038.81,1040.76,1038.81,1039.58,163,85,0
1732309200,1039.58,1039.66,1036.58,1036.58,153,80,0
1732312800,1036.58,1038.73,1034.39,1035.92,291,74,0
1732550400,1048.98,1048.98,1037.77,1038.05,115,172,0
1732554000,1038.06,1042.12,1036.24,1037.78,367,92,0
1732557600,1037.78,1042.71,1037.24,1039.53,147,115,0
1732561200,1039.53,1040.67,1036.28,1037.82,83,130,0
1732564800,1037.82,1041.71,1037.82,1041.71,94,98,0
1732568400,1041.75,1041.76,1039.76,1040.30,184,79,0
1732572000,1040.30,1040.30,1030.32,1030.32,297,74,0
1732636800,1035.34,1035.34,1019.94,1021.42,145,147,0
1732640400,1021.42,1024.54,1017.87,1020.13,219,100,0
1732644000,1020.13,1024.60,1019.02,1019.08,172,117,0
1732647600,1019.80,1022.88,1019.75,1019.89,107,119,0
1732651200,1019.89,1024.35,1019.89,1023.03,131,74,0
1732654800,1023.35,1024.74,1022.73,1023.75,159,86,0
1732658400,1023.75,1030.01,1022.35,1025.86,317,83,0
1732723200,1026.83,1031.16,1026.83,1031.12,68,109,0
1732726800,1031.54,1031.92,1024.32,1024.32,188,139,0
1732730400,1024.32,1024.83,1021.35,1021.36,136,141,0
1732734000,1021.36,1021.36,1020.25,1021.16,362,118,0
1732737600,1021.16,1021.27,1019.22,1019.22,367,127,0
1732741200,1019.22,1019.79,1017.75,1018.38,126,78,0
1732744800,1018.49,1022.85,1017.94,1018.72,654,75,0
1732896000,1023.95,1026.75,1022.18,1024.92,63,121,0
1732899600,1024.91,1028.37,1023.57,1024.36,122,113,0
1732903200,1024.36,1024.36,1021.88,1022.50,106,108,0
1733155200,1027.81,1031.48,1014.37,1015.00,122,121,0
1733158800,1014.39,1016.20,1011.91,1013.66,419,108,0
1733162400,1013.66,1017.75,1013.49,1017.75,119,114,0
1733166000,1017.75,1020.15,1017.75,1020.14,181,92,0
1733169600,1020.14,1023.16,1020.14,1023.16,91,115,0
1733173200,1023.16,1023.60,1021.20,1022.77,196,80,0
1733176800,1022.77,1023.97,1019.16,1020.09,213,74,0
1733241600,1028.38,1032.23,1025.70,1030.62,123,160,0
1733245200,1030.78,1030.78,1022.28,1022.28,150,127,0
1733248800,1022.28,1034.78,1020.75,1034.75,252,97,0
1733252400,1034.75,1040.80,1033.97,1039.92,165,88,0
1733256000,1039.92,1043.96,1037.80,1041.93,152,79,0
1733259600,1041.95,1044.94,1039.21,1042.87,248,76,0
1733263200,1042.87,1042.87,1038.12,1038.24,250,74,0
1733328000,1037.54,1037.54,1012.56,1023.31,223,101,0
1733331600,1023.31,1026.47,1020.58,1022.81,419,96,0
1733335200,1022.81,1024.82,1021.89,1024.15,141,118,0
1733338800,1024.15,1030.06,1022.83,1029.77,412,118,0
1733342400,1029.76,1036.57,1029.76,1032.41,417,108,0
1733346000,1032.41,1035.73,1031.53,1034.79,373,104,0
1733349600,1034.79,1037.63,1033.47,1034.75,360,74,0
1733414400,1030.26,1052.98,1030.26,1049.63,178,160,0
1733418000,1049.90,1054.64,1043.84,1044.09,680,105,0
1733421600,1044.09,1046.89,1039.75,1046.89,437,106,0
1733425200,1046.89,1049.84,1045.49,1048.00,215,141,0
1733428800,1048.00,1048.93,1042.99,1045.65,150,152,0
1733432400,1045.65,1046.94,1042.74,1044.54,144,75,0
1733436000,1043.95,1048.77,1041.42,1044.29,199,99,0
1733500800,1047.27,1049.31,1046.42,1046.89,91,158,0
1733504400,1046.89,1048.63,1041.15,1045.52,183,126,0
1733508000,1045.02,1045.34,1040.18,1041.23,159,90,0
1733511600,1041.23,1043.32,1040.84,1042.45,123,76,0
1733515200,1042.45,1043.15,1040.04,1040.51,148,87,0
1733518800,1040.51,1041.09,1037.75,1040.20,166,83,0
1733522400,1040.20,1043.60,1039.45,1043.02,231,74,0
1733760000,1045.89,1051.89,1045.47,1050.54,145,141,0
1733763600,1050.54,1050.98,1043.64,1044.18,164,115,0
1733767200,1044.18,1053.92,1041.80,1053.92,183,78,0
1733770800,1053.92,1053.92,1047.91,1048.15,106,75,0
1733774400,1048.15,1048.30,1045.75,1047.35,90,92,0
1733778000,1047.35,1051.98,1047.35,1051.41,123,74,0
1733781600,1051.41,1052.13,1044.75,1045.97,227,79,0
1733846400,1047.58,1050.80,1044.91,1049.61,116,136,0
1733850000,1049.87,1059.44,1048.23,1057.27,246,112,0
1733853600,1057.27,1058.45,1052.91,1058.45,113,181,0
1733857200,1058.45,1063.75,1058.45,1062.14,150,105,0
1733860800,1062.14,1063.40,1060.26,1060.49,135,99,0
1733864400,1060.49,1063.37,1059.50,1060.86,130,87,0
1733868000,1060.86,1063.27,1057.33,1057.93,179,74,0
1733932800,1062.65,1074.68,1062.63,1070.71,269,143,0
1733936400,1070.60,1080.81,1067.83,1078.97,237,77,0
1733940000,1078.97,1079.25,1072.81,1072.89,146,92,0
1733943600,1073.62,1076.52,1072.36,1076.48,114,107,0
1733947200,1076.48,1077.97,1073.52,1074.48,142,83,0
1733950800,1074.48,1074.48,1072.32,1073.36,98,79,0
1733954400,1073.36,1073.63,1061.78,1064.94,357,74,0
1734019200,1072.91,1073.64,1054.26,1060.71,153,151,0
1734022800,1060.85,1061.82,1052.95,1054.19,283,141,0
1734026400,1054.19,1056.12,1050.48,1050.48,146,117,0
1734030000,1050.48,1054.69,1049.99,1051.75,161,97,0
1734033600,1051.75,1055.41,1051.75,1055.41,109,106,0
1734037200,1055.41,1056.90,1054.88,1055.75,117,134,0
1734040800,1055.75,1058.28,1055.12,1058.28,138,80,0
1734105600,1053.90,1059.01,1051.88,1052.99,86,183,0
1734109200,1052.99,1056.77,1052.99,1056.23,273,129,0
1734112800,1055.81,1058.75,1054.67,1057.17,160,151,0
1734116400,1057.17,1057.20,1053.96,1054.98,412,135,0
1734120000,1054.98,1056.85,1053.97,1056.12,141,200,0
1734123600,1056.12,1057.81,1054.58,1055.41,149,131,0
1734127200,1055.41,1057.62,1053.86,1056.20,184,74,0
1734364800,1057.89,1060.61,1056.44,1057.39,78,167,0
1734368400,1057.39,1059.57,1056.70,1058.44,163,122,0
1734372000,1058.44,1058.88,1056.23,1057.76,103,122,0
1734375600,1057.76,1060.85,1057.41,1060.85,497,122,0
1734379200,1060.85,1067.75,1060.72,1067.43,185,83,0
1734382800,1067.43,1071.14,1067.43,1071.07,121,74,0
1734386400,1070.88,1070.88,1062.98,1064.29,180,74,0
1734451200,1059.01,1059.81,1043.52,1049.55,118,152,0
1734454800,1049.55,1049.88,1041.15,1043.28,769,190,0
1734458400,1043.28,1045.33,1042.41,1044.21,142,114,0
1734462000,1044.21,1044.35,1042.88,1043.41,134,108,0
1734465600,1043.41,1043.89,1037.61,1039.91,219,83,0
1734469200,1040.25,1046.87,1040.01,1046.34,262,85,0
1734472800,1046.34,1050.65,1046.30,1049.07,198,74,0
1734537600,1050.00,1051.57,1047.67,1051.57,67,222,0
1734541200,1051.57,1055.91,1050.05,1053.00,147,146,0
1734544800,1053.00,1054.29,1049.87,1053.40,179,96,0
1734548400,1053.40,1054.57,1051.84,1054.29,104,129,0
1734552000,1054.29,1060.36,1054.29,1056.96,165,80,0
1734555600,1056.92,1058.30,1033.88,1033.88,412,141,0
1734559200,1033.88,1034.22,1017.93,1020.00,607,86,0
1734624000,1038.44,1038.44,1026.87,1029.79,196,222,0
1734627600,1030.07,1031.10,1022.45,1025.23,339,147,0
1734631200,1025.23,1025.23,1021.54,1021.60,184,130,0
1734634800,1021.60,1021.60,1015.81,1019.16,180,118,0
1734638400,1019.12,1023.01,1017.09,1023.01,150,111,0
1734642000,1023.01,1023.01,1016.45,1016.45,148,88,0
1734645600,1016.45,1020.78,1014.53,1016.05,271,85,0
1734710400,1007.85,1017.85,1003.15,1009.23,143,140,0
1734714000,1009.33,1025.53,1009.33,1022.96,274,78,0
1734717600,1022.96,1034.53,1022.65,1033.58,194,140,0
1734721200,1033.58,1035.58,1032.18,1034.18,140,91,0
1734724800,1034.13,1034.13,1030.76,1031.12,156,107,0
1734728400,1031.10,1033.85,1030.22,1031.56,170,82,0
1734732000,1031.56,1034.28,1028.47,1028.96,270,74,0
1734969600,1025.19,1031.44,1024.10,1027.38,116,222,0
1734973200,1027.38,1028.60,1022.99,1024.08,398,91,0
1734976800,1024.08,1035.07,1024.08,1034.98,299,100,0
1734980400,1034.89,1036.48,1033.88,1035.59,176,104,0
1734984000,1035.59,1038.94,1035.58,1038.56,235,101,0
1734987600,1038.56,1039.38,1036.25,1036.25,140,87,0
1734991200,1036.25,1040.66,1035.12,1039.30,312,74,0
1735056000,1038.39,1045.63,1038.39,1044.21,71,193,0
1735059600,1044.21,1052.31,1043.12,1051.49,174,138,0
1735063200,1051.42,1051.57,1047.33,1049.34,141,125,0
1735066800,1049.34,1054.05,1048.46,1054.05,188,74,0
1735228800,1048.89,1052.29,1046.69,1050.83,71,222,0
1735232400,1051.57,1055.21,1050.11,1051.58,142,198,0
1735236000,1051.58,1054.92,1051.36,1053.97,91,129,0
1735239600,1053.90,1056.40,1053.68,1054.22,92,213,0
1735243200,1054.07,1054.31,1052.98,1054.04,106,198,0
1735246800,1054.04,1054.35,1051.70,1053.40,115,100,0
1735250400,1053.40,1054.76,1051.44,1053.70,211,88,0
1735315200,1048.39,1053.72,1047.16,1053.72,72,154,0
1735318800,1053.72,1053.72,1046.11,1047.63,160,204,0
1735322400,1046.91,1046.97,1041.55,1042.14,145,197,0
1735326000,1042.14,1042.37,1039.87,1040.86,206,123,0
1735329600,1040.63,1045.34,1040.63,1045.16,119,107,0
1735333200,1045.16,1047.10,1044.86,1046.75,152,125,0
1735336800,1046.75,1046.80,1040.05,1044.47,303,81,0
1735574400,1032.14,1035.04,1025.67,1026.18,111,198,0
1735578000,1026.30,1029.27,1022.19,1023.94,420,111,0
1735581600,1023.94,1030.47,1023.94,1027.66,195,138,0
1735585200,1028.23,1030.93,1027.72,1029.87,534,117,0
1735588800,1029.87,1032.13,1028.26,1031.30,207,126,0
1735592400,1031.19,1031.30,1027.88,1030.64,152,114,0
1735596000,1030.64,1031.06,1026.77,1027.76,300,99,0
1735660800,1029.25,1031.88,1029.25,1031.88,55,222,0
1735664400,1031.88,1032.23,1028.01,1028.01,132,141,0
1735668000,1028.01,1028.01,1022.71,1022.71,214,112,0
1735671600,1022.83,1023.74,1020.79,1023.40,196,156,0
1735675200,1023.27,1023.27,1019.04,1021.53,159,144,0
1735678800,1021.53,1023.44,1020.51,1022.90,136,117,0
1735682400,1022.90,1027.82,1022.10,1024.78,356,75,0
1735833600,1026.05,1030.38,1021.49,1029.69,75,222,0
1735837200,1029.83,1030.30,1021.19,1022.76,262,134,0
1735840800,1022.76,1022.83,1017.67,1020.94,346,107,0
1735844400,1020.94,1022.30,1010.16,1014.37,237,147,0
1735848000,1014.37,1014.56,1011.08,1012.95,254,128,0
1735851600,1012.95,1016.54,1012.95,1013.14,217,94,0
1735855200,1013.14,1019.21,1013.14,1015.99,305,74,0
1735920000,1020.06,1024.15,1009.75,1009.75,150,165,0
1735923600,1009.75,1015.70,1009.75,1013.73,292,118,0
1735927200,1013.73,1015.77,1012.13,1013.21,138,117,0
1735930800,1013.21,1016.01,1012.88,1016.01,148,176,0
1735934400,1016.01,1016.62,1015.72,1015.76,106,144,0
1735938000,1015.76,1018.93,1015.76,1017.74,212,83,0
1735941600,1017.68,1020.37,1016.04,1020.14,267,74,0
1736179200,1024.89,1025.93,1017.61,1025.05,147,222,0
1736182800,1025.05,1025.19,1017.85,1018.31,238,126,0
1736186400,1018.56,1023.75,1017.93,1022.09,254,113,0
1736190000,1022.09,1022.09,1018.81,1019.74,119,105,0
1736193600,1019.74,1019.74,1014.85,1015.87,200,83,0
1736197200,1015.87,1016.87,1014.01,1015.05,318,78,0
1736200800,1015.05,1015.39,1010.79,1011.87,275,74,0
1736265600,1008.36,1009.31,991.15,994.64,177,175,0
1736269200,994.17,994.42,984.75,991.08,572,118,0
1736272800,991.08,993.80,989.98,990.73,192,113,0
1736276400,990.73,991.25,986.75,988.34,145,104,0
1736280000,988.34,990.93,987.93,988.44,162,77,0
1736283600,988.27,988.27,983.75,984.00,187,100,0
1736287200,984.00,984.00,977.98,980.09,369,74,0
1736352000,982.91,988.46,979.68,980.59,113,142,0
1736355600,979.51,981.87,975.89,981.25,234,158,0
1736359200,981.25,984.57,979.51,983.46,126,130,0
1736362800,983.46,983.59,978.91,979.82,162,120,0
1736366400,979.82,983.65,979.82,981.42,176,87,0
1736370000,981.42,983.85,979.75,979.81,235,74,0
1736373600,979.81,986.30,979.81,984.79,285,74,0
1736524800,980.64,980.64,965.25,966.28,154,188,0
1736528400,966.21,966.21,952.04,953.96,375,86,0
1736532000,954.01,954.47,947.91,950.10,283,120,0
1736535600,950.11,956.46,948.83,956.46,269,74,0
1736539200,956.46,959.53,954.68,958.93,173,126,0
1736542800,958.93,958.93,954.50,956.34,252,94,0
1736546400,956.35,957.23,953.04,954.92,371,74,0
1736784000,949.99,951.89,942.59,951.23,133,189,0
1736787600,951.02,953.51,943.45,951.56,335,98,0
1736791200,951.56,951.56,945.68,945.75,220,81,0
1736794800,945.68,947.98,944.95,946.86,198,83,0
1736798400,947.14,953.82,947.14,952.34,222,77,0
1736802000,952.34,954.60,951.69,953.85,160,87,0
1736805600,953.60,956.17,953.35,954.75,310,74,0
1736870400,961.89,965.49,959.67,959.95,129,147,0
1736874000,959.95,966.58,959.67,961.71,239,110,0
1736877600,961.61,961.95,957.64,957.64,311,74,0
1736881200,957.63,962.55,957.63,962.09,211,122,0
1736884800,962.09,967.75,961.89,967.74,451,79,0
1736888400,967.74,968.91,961.79,961.79,305,87,0
1736892000,961.79,964.07,958.63,962.53,519,74,0
1736956800,1016.67,1019.39,997.85,1007.53,426,97,0
1736960400,1007.53,1007.53,991.53,1001.76,379,170,0
1736964000,1001.36,1002.78,996.64,998.79,243,131,0
1736967600,998.91,1012.70,995.93,1008.49,265,153,0
1736971200,1008.49,1009.83,1005.64,1007.77,175,74,0
1736974800,1007.77,1012.49,1002.82,1011.11,186,100,0
1736978400,1011.11,1015.75,1010.20,1012.49,338,74,0
1737043200,1016.38,1016.38,984.57,995.86,270,135,0
1737046800,994.61,994.61,989.76,990.77,467,130,0
1737050400,990.76,995.17,989.75,994.76,313,112,0
1737054000,994.76,996.69,991.25,991.25,145,130,0
1737057600,991.12,991.44,985.93,987.31,197,109,0
1737061200,987.31,991.40,986.04,989.87,202,82,0
1737064800,989.87,996.63,989.32,994.65,282,74,0
1737129600,1001.39,1009.76,996.57,1007.93,222,143,0
1737133200,1007.93,1008.93,1004.09,1004.16,401,141,0
1737136800,1004.16,1009.64,1003.71,1009.61,299,94,0
1737140400,1009.61,1011.26,1007.28,1009.35,485,101,0
1737144000,1009.35,1009.90,1007.82,1008.54,289,87,0
1737147600,1008.54,1009.31,1004.75,1005.91,220,95,0
1737151200,1005.91,1006.85,1002.71,1004.45,354,91,0
1737475200,1012.89,1025.23,1012.56,1018.67,335,130,0
1737478800,1018.67,1020.08,1011.75,1013.27,416,143,0
1737482400,1013.25,1013.84,1007.43,1008.48,239,134,0
1737486000,1008.48,1009.49,1006.75,1008.89,281,124,0
1737489600,1008.89,1009.04,1004.75,1005.75,241,110,0
1737493200,1005.75,1006.43,1003.53,1003.61,179,89,0
1737496800,1003.61,1012.19,1003.20,1010.83,248,74,0
1737561600,1012.84,1012.84,1003.77,1005.78,157,210,0
1737565200,1005.59,1008.91,1004.55,1004.93,290,100,0
1737568800,1004.78,1004.78,1000.73,1002.04,147,89,0
1737572400,1002.04,1002.04,997.85,999.18,138,74,0
1737576000,999.18,1001.14,997.45,1000.29,149,77,0
1737579600,1000.29,1006.75,1000.18,1005.94,169,101,0
1737583200,1006.05,1008.12,1004.91,1005.68,199,74,0
1737648000,1002.53,1007.29,999.71,1006.32,100,165,0
1737651600,1006.33,1007.31,1003.90,1007.31,263,163,0
1737655200,1007.31,1008.55,1006.33,1007.89,260,176,0
1737658800,1007.89,1010.86,1007.89,1009.57,111,131,0
1737662400,1009.57,1012.38,1009.57,1012.29,100,88,0
1737666000,1012.29,1014.57,1011.38,1013.75,129,74,0
1737669600,1013.75,1016.60,1012.75,1016.02,282,74,0
1737734400,1013.91,1021.06,1013.79,1021.06,74,169,0
1737738000,1021.06,1024.80,1018.63,1018.63,168,129,0
1737741600,1018.63,1021.06,1015.11,1020.03,138,117,0
1737745200,1019.92,1020.32,1018.18,1018.22,122,74,0
1737748800,1018.22,1018.38,1015.35,1016.49,128,84,0
1737752400,1016.49,1019.38,1016.49,1017.67,163,86,0
1737756000,1017.67,1019.87,1015.67,1019.82,250,81,0
1737993600,1010.23,1012.72,1006.18,1011.87,176,197,0
1737997200,1011.87,1015.21,1004.80,1010.17,418,117,0
1738000800,1010.17,1013.55,1009.56,1009.79,151,155,0
1738004400,1009.79,1015.20,1009.20,1010.56,167,106,0
1738008000,1010.56,1016.23,1010.56,1015.88,187,144,0
1738011600,1015.88,1020.82,1015.83,1020.35,195,105,0
1738015200,1020.35,1029.75,1019.74,1029.75,304,76,0
1738080000,1028.45,1037.45,1027.86,1036.75,134,180,0
1738083600,1036.75,1041.85,1034.93,1039.64,217,104,0
1738087200,1039.64,1045.54,1038.89,1044.57,203,143,0
1738090800,1044.57,1046.75,1042.71,1045.63,177,129,0
1738094400,1046.78,1054.20,1046.02,1049.75,297,105,0
1738098000,1049.75,1052.51,1045.95,1051.13,218,83,0
1738101600,1051.13,1052.63,1049.11,1051.11,170,74,0
1738166400,1047.88,1054.43,1047.52,1054.43,117,199,0
1738170000,1055.23,1061.62,1055.04,1058.48,310,100,0
1738173600,1058.51,1063.97,1057.71,1062.82,218,125,0
1738177200,1062.82,1064.75,1059.87,1061.39,178,161,0
1738180800,1061.39,1064.40,1058.30,1059.42,301,79,0
1738184400,1059.42,1064.51,1054.02,1062.26,377,110,0
1738188000,1062.26,1062.26,1052.30,1052.37,564,74,0
1738252800,1062.99,1066.81,1060.73,1064.41,230,222,0
1738256400,1064.64,1069.91,1063.39,1067.28,504,176,0
1738260000,1067.27,1072.50,1065.60,1071.09,317,160,0
1738263600,1071.09,1071.43,1066.86,1069.56,97,102,0
1738267200,1069.56,1077.18,1069.39,1075.30,136,74,0
1738270800,1075.17,1075.30,1070.74,1072.50,158,110,0
1738274400,1072.46,1072.56,1061.77,1070.01,382,78,0
1738339200,1071.77,1076.55,1070.25,1075.80,98,183,0
1738342800,1075.80,1076.86,1073.50,1074.77,176,144,0
1738346400,1074.77,1080.40,1074.07,1080.40,209,96,0
1738350000,1080.40,1081.26,1078.26,1079.55,164,101,0
1738353600,1079.54,1082.97,1075.12,1078.94,270,110,0
1738357200,1078.94,1080.46,1074.75,1079.34,254,82,0
1738360800,1079.34,1079.37,1074.75,1075.25,309,101,0
1738598400,1053.96,1055.43,1029.99,1033.19,193,193,0
1738602000,1032.60,1032.85,1022.13,1025.28,536,74,0
1738605600,1025.28,1025.35,1012.45,1014.19,344,83,0
1738609200,1014.19,1018.53,1006.03,1018.53,306,74,0
1738612800,1018.53,1022.98,1016.41,1020.25,321,89,0
1738616400,1020.15,1021.71,1011.75,1012.52,200,85,0
1738620000,1012.52,1019.92,1011.77,1012.99,485,74,0
1738684800,1014.97,1017.24,1008.89,1014.73,165,120,0
1738688400,1014.73,1017.53,1008.89,1011.32,268,101,0
1738692000,1011.32,1018.25,1011.32,1013.63,184,74,0
1738695600,1013.66,1014.68,1006.75,1007.65,188,74,0
1738699200,1007.75,1008.79,1003.86,1008.50,156,74,0
1738702800,1008.50,1014.49,1008.50,1012.49,177,78,0
1738706400,1012.49,1017.33,1011.90,1015.41,329,74,0
1738771200,1017.32,1025.79,1005.49,1008.84,149,137,0
1738774800,1008.84,1018.35,1007.83,1016.22,245,144,0
1738778400,1015.54,1018.63,1011.78,1014.53,187,122,0
1738782000,1014.53,1014.54,1009.69,1009.85,175,74,0
1738785600,1009.85,1011.82,1009.79,1010.00,161,74,0
1738789200,1009.91,1010.67,1007.97,1009.33,144,74,0
1738792800,1009.33,1014.63,1009.33,1013.60,316,74,0
1738857600,1019.25,1021.93,1018.19,1018.19,117,132,0
1738861200,1018.20,1019.86,1014.98,1017.83,148,88,0
1738864800,1017.83,1017.83,1012.97,1013.52,148,104,0
1738868400,1013.44,1013.44,1008.24,1008.28,172,98,0
1738872000,1008.30,1011.05,1006.90,1008.07,155,101,0
1738875600,1008.07,1010.18,1005.50,1005.73,181,95,0
1738879200,1005.73,1008.77,1005.27,1005.92,291,74,0
1738944000,1007.39,1014.54,1005.82,1012.39,137,149,0
1738947600,1012.48,1012.48,995.94,998.61,355,112,0
1738951200,998.61,1001.82,995.26,997.58,401,102,0
1738954800,997.53,997.94,995.39,996.31,220,104,0
1738958400,996.31,998.46,995.91,995.91,143,86,0
1738962000,995.91,996.26,993.71,993.71,245,74,0
1738965600,993.68,994.87,990.90,991.75,349,74,0
1739203200,995.28,995.28,980.75,985.36,117,115,0
1739206800,985.36,987.80,975.75,984.17,248,74,0
1739210400,984.19,985.74,981.39,984.44,128,87,0
1739214000,984.28,985.25,981.92,984.59,116,74,0
1739217600,984.59,988.07,983.99,988.06,177,74,0
1739221200,987.86,987.86,983.58,984.63,152,96,0
1739224800,984.63,986.60,982.86,984.82,438,74,0
1739289600,978.67,979.45,975.45,977.33,117,139,0
1739293200,977.29,982.47,975.56,978.19,269,119,0
1739296800,977.36,979.38,972.89,974.93,190,81,0
1739300400,974.72,979.78,974.29,976.96,163,97,0
1739304000,976.96,980.29,976.84,979.91,109,85,0
1739307600,979.91,986.86,979.90,984.17,129,92,0
1739311200,984.48,988.68,984.17,987.59,304,80,0
1739376000,979.77,980.14,966.39,972.75,172,119,0
1739379600,972.75,974.20,970.39,972.85,271,113,0
1739383200,972.75,972.75,964.75,969.16,262,74,0
1739386800,969.16,972.91,967.80,972.86,181,88,0
1739390400,972.86,974.23,967.75,967.75,168,102,0
1739394000,967.75,971.06,966.63,970.08,130,102,0
1739397600,970.08,972.82,967.77,972.78,314,74,0
1739462400,976.93,977.41,971.24,972.12,123,125,0
1739466000,972.12,980.65,972.12,977.13,377,124,0
1739469600,977.13,978.99,973.32,973.62,162,81,0
1739473200,973.75,973.81,971.20,971.25,138,106,0
1739476800,971.25,975.56,971.20,975.56,153,149,0
1739480400,975.55,978.23,975.42,977.55,190,99,0
1739484000,977.55,980.16,976.30,979.40,324,74,0
1739548800,975.61,975.61,972.64,973.81,168,131,0
1739552400,973.81,977.30,972.75,975.66,339,105,0
1739556000,975.81,976.75,967.65,970.64,345,74,0
1739559600,970.64,973.08,968.34,970.34,155,91,0
1739563200,970.34,974.39,970.03,973.43,118,97,0
1739566800,973.43,973.56,969.71,971.94,222,74,0
1739570400,971.95,974.31,971.38,972.77,345,74,0
1739894400,970.02,970.02,961.09,966.66,154,74,0
1739898000,966.90,969.35,963.92,967.92,236,100,0
1739901600,967.92,968.31,962.48,967.64,207,74,0
1739905200,967.64,969.45,966.92,967.13,125,104,0
1739908800,967.13,969.14,966.93,967.27,173,74,0
1739912400,967.27,968.50,966.75,967.89,159,74,0
1739916000,967.89,977.33,966.87,977.33,329,74,0
1739980800,972.89,972.89,965.86,969.14,110,74,0
1739984400,969.14,975.06,969.14,973.41,164,115,0
1739988000,973.41,978.60,973.08,978.37,159,74,0
1739991600,978.37,978.37,975.83,977.55,112,111,0
1739995200,977.55,984.75,976.48,984.06,198,105,0
1739998800,984.06,989.07,984.06,989.07,157,74,0
1740002400,988.99,988.99,985.62,986.10,395,74,0
1740067200,987.06,987.06,980.48,983.55,88,202,0
1740070800,982.61,982.61,973.40,974.75,277,110,0
1740074400,974.75,979.94,974.33,978.25,185,92,0
1740078000,978.25,982.00,978.25,978.83,147,87,0
1740081600,978.83,983.17,978.83,983.17,94,94,0
1740085200,983.19,987.03,982.57,986.06,174,74,0
1740088800,986.06,990.78,985.75,989.38,326,74,0
1740153600,990.31,992.62,986.00,990.69,117,189,0
1740157200,990.69,990.69,984.71,988.57,293,88,0
1740160800,989.00,989.62,982.79,985.59,190,104,0
1740164400,985.59,986.84,978.11,978.39,176,88,0
1740168000,978.39,978.39,972.24,974.85,187,74,0
1740171600,974.15,975.93,970.90,972.41,170,78,0
1740175200,972.41,978.37,970.80,974.01,429,74,0
1740412800,978.07,980.81,972.60,973.09,82,104,0
1740416400,973.35,974.19,963.28,967.14,279,115,0
1740420000,967.14,973.15,965.75,967.20,189,87,0
1740423600,967.20,968.81,961.64,962.83,218,120,0
1740427200,962.20,962.21,947.74,949.93,300,74,0
1740430800,949.93,959.86,948.02,955.85,355,74,0
1740434400,955.79,955.95,950.36,951.99,429,74,0
1740499200,954.95,965.21,951.61,953.64,166,100,0
1740502800,953.64,954.60,945.62,950.86,354,122,0
1740506400,950.86,954.62,945.78,953.46,401,94,0
1740510000,953.46,960.75,952.99,960.69,152,108,0
1740513600,960.81,963.39,957.85,960.52,231,100,0
1740517200,960.52,962.70,956.17,960.78,241,74,0
1740520800,960.78,963.57,957.23,957.75,285,74,0
1740585600,956.39,964.36,954.43,961.74,112,191,0
1740589200,961.74,966.10,958.46,960.00,186,120,0
1740592800,960.33,962.10,957.79,959.20,160,132,0
1740596400,959.20,962.41,958.67,958.67,190,84,0
1740600000,958.67,959.67,951.86,952.94,170,102,0
1740603600,952.94,955.37,950.95,951.10,163,101,0
1740607200,951.10,955.10,951.10,953.52,225,74,0
1740672000,956.95,968.36,955.86,962.47,135,94,0
1740675600,962.47,967.75,958.63,959.64,412,161,0
1740679200,959.64,963.83,956.75,956.75,191,97,0
1740682800,956.75,959.93,955.47,958.62,149,93,0
1740686400,958.62,960.66,958.62,959.43,139,99,0
1740690000,959.40,959.40,949.08,950.52,247,85,0
1740693600,950.43,950.53,943.25,944.20,519,85,0
1740758400,943.52,954.66,943.52,948.38,132,176,0
1740762000,948.38,950.28,946.14,948.75,275,115,0
1740765600,948.75,951.68,947.44,949.32,167,108,0
1740769200,949.32,951.01,945.66,946.01,252,141,0
1740772800,945.76,947.96,943.39,945.83,324,102,0
1740776400,945.83,954.17,945.83,953.72,236,81,0
1740780000,953.59,980.12,953.59,977.17,575,74,0
1741017600,980.89,988.55,978.87,979.46,249,74,0
1741021200,979.07,984.97,974.10,980.39,527,137,0
1741024800,980.81,981.78,975.16,978.82,276,100,0
1741028400,978.82,983.21,978.06,978.77,223,78,0
1741032000,978.77,978.94,970.26,972.70,364,89,0
1741035600,972.70,976.97,967.94,967.94,356,85,0
1741039200,967.93,968.09,958.29,966.14,531,74,0
1741104000,953.29,953.29,938.39,938.39,214,199,0
1741107600,938.39,941.24,932.62,935.29,393,131,0
1741111200,935.29,939.97,933.86,939.97,372,74,0
1741114800,939.91,947.43,939.91,945.62,354,101,0
1741118400,945.62,954.85,945.34,954.85,273,91,0
1741122000,954.85,960.71,953.11,957.45,364,90,0
1741125600,957.48,963.79,944.83,951.59,493,74,0
1741190400,961.39,966.94,955.34,957.46,191,142,0
1741194000,958.13,964.76,955.91,957.30,670,120,0
1741197600,957.08,957.31,946.41,952.29,393,89,0
1741201200,953.18,958.88,950.55,958.70,326,95,0
1741204800,958.70,960.36,955.19,959.73,486,92,0
1741208400,959.73,966.98,959.59,964.95,473,74,0
1741212000,964.95,968.29,960.58,967.45,498,74,0
1741276800,959.77,965.56,950.08,960.89,137,210,0
1741280400,960.89,968.01,959.01,962.26,322,74,0
1741284000,962.39,967.22,958.59,958.95,282,111,0
1741287600,958.59,958.84,951.43,953.26,233,145,0
1741291200,953.25,957.24,951.02,953.10,213,157,0
1741294800,953.10,957.71,949.23,951.80,276,118,0
1741298400,951.21,960.91,950.63,958.85,543,85,0
1741363200,951.37,951.89,936.20,936.89,367,171,0
1741366800,936.03,938.52,925.30,928.63,434,93,0
1741370400,928.63,929.14,918.17,920.03,284,74,0
1741374000,920.11,933.26,918.18,929.77,332,85,0
1741377600,929.77,936.84,925.04,936.84,526,78,0
1741381200,936.84,945.41,936.84,944.82,288,93,0
1741384800,943.79,949.07,938.94,946.15,549,74,0
1741618800,918.03,924.89,907.39,924.35,190,150,0
1741622400,923.43,929.04,919.79,923.15,326,90,0
1741626000,923.26,925.51,917.34,919.66,277,99,0
1741629600,919.67,922.39,917.13,918.87,200,92,0
1741633200,918.17,918.19,911.43,911.43,220,136,0
1741636800,911.43,912.28,902.70,903.75,215,117,0
1741640400,903.76,915.92,901.17,914.72,496,74,0
1741705200,910.36,917.12,910.33,911.49,131,113,0
1741708800,911.49,914.75,903.82,909.95,397,74,0
1741712400,909.42,917.43,908.27,914.13,259,144,0
1741716000,914.11,916.54,909.53,910.57,204,118,0
1741719600,910.89,912.11,907.59,910.43,207,124,0
1741723200,910.43,921.93,910.43,919.15,283,105,0
1741726800,919.15,919.54,909.79,910.13,504,74,0
1741791600,921.90,921.90,910.86,914.18,87,222,0
1741795200,914.25,916.05,906.27,908.28,263,132,0
1741798800,908.41,912.70,903.20,912.29,167,115,0
1741802400,912.28,916.25,911.71,914.27,176,125,0
1741806000,914.27,918.81,912.07,912.17,156,91,0
1741809600,912.36,916.59,909.74,915.48,153,78,0
1741813200,915.48,915.48,907.63,909.60,352,74,0
1741878000,911.43,911.43,898.06,899.29,96,136,0
1741881600,899.10,911.77,899.10,906.65,324,129,0
1741885200,907.45,909.83,900.17,900.32,185,176,0
1741888800,900.02,904.39,899.01,903.53,220,119,0
1741892400,903.53,905.45,898.99,899.06,256,119,0
1741896000,899.06,905.52,899.06,903.44,226,119,0
1741899600,903.44,904.55,898.75,900.20,391,87,0
1741964400,913.89,915.14,908.20,910.95,104,210,0
1741968000,910.52,915.48,909.12,915.42,286,148,0
1741971600,915.70,919.19,915.70,917.50,142,111,0
1741975200,917.50,917.50,911.25,915.85,158,129,0
1741978800,916.15,918.15,915.66,916.75,198,130,0
1741982400,916.75,924.54,916.75,923.53,208,102,0
1741986000,923.53,928.45,923.51,928.45,266,74,0
1742223600,932.14,943.65,931.99,941.23,206,160,0
1742227200,941.23,943.68,939.70,942.15,483,115,0
1742230800,942.15,951.65,942.15,949.60,385,81,0
1742234400,949.65,952.95,947.90,950.33,327,82,0
1742238000,950.33,955.78,949.13,955.18,210,74,0
1742241600,955.18,957.86,954.37,957.86,136,98,0
1742245200,957.86,960.04,954.08,957.72,340,74,0
1742310000,959.47,960.93,957.22,957.57,155,107,0
1742313600,957.22,962.08,957.22,960.41,194,104,0
1742317200,959.27,959.30,956.50,957.76,382,74,0
1742320800,957.76,963.45,957.76,958.75,216,90,0
1742324400,958.75,963.06,958.75,960.99,220,101,0
1742328000,960.98,963.03,960.88,961.46,250,92,0
1742331600,961.46,961.73,955.75,957.24,388,74,0
1742396400,959.64,960.39,956.25,959.27,100,166,0
1742400000,959.93,961.89,959.75,960.15,143,145,0
1742403600,960.15,964.34,958.40,962.47,194,140,0
1742407200,962.47,963.21,957.13,957.53,164,113,0
1742410800,957.53,957.94,950.62,954.18,261,104,0
1742414400,954.25,959.80,950.30,952.03,391,98,0
1742418000,952.03,960.09,952.03,956.42,409,74,0
1742482800,950.96,955.98,949.00,954.84,122,122,0
1742486400,954.84,960.51,954.84,957.43,322,127,0
1742490000,957.43,959.49,954.75,957.39,186,90,0
1742493600,957.39,959.40,954.75,955.25,213,92,0
1742497200,955.06,959.13,954.93,956.48,246,111,0
1742500800,956.58,956.92,952.83,953.51,268,97,0
1742504400,953.51,956.12,951.76,953.09,447,76,0
1742569200,944.75,944.75,940.22,943.34,85,190,0
1742572800,943.51,946.77,938.43,946.77,193,140,0
1742576400,946.90,948.21,943.57,943.91,183,88,0
1742580000,943.91,950.26,943.89,950.22,192,106,0
1742583600,950.22,951.97,948.57,951.08,158,118,0
1742587200,951.08,951.12,945.70,946.70,162,107,0
1742590800,946.70,954.16,941.50,950.85,527,74,0
1742828400,957.39,969.80,957.39,967.29,88,206,0
1742832000,967.29,967.62,963.07,967.20,275,106,0
1742835600,966.74,968.80,965.53,966.13,144,107,0
1742839200,966.13,966.82,962.33,963.15,203,117,0
1742842800,963.15,963.15,959.20,959.57,171,133,0
1742846400,959.57,961.29,956.32,961.29,205,124,0
1742850000,961.29,964.34,961.29,962.61,353,74,0
1742914800,969.79,969.79,961.35,963.67,84,188,0
1742918400,963.67,973.39,962.75,970.80,390,210,0
1742922000,970.80,973.42,969.97,970.78,90,107,0
1742925600,970.78,972.81,969.66,972.81,100,133,0
1742929200,972.88,975.28,972.88,974.83,95,95,0
1742932800,974.72,975.54,971.57,971.57,98,85,0
1742936400,971.57,975.69,971.38,973.22,279,74,0
1743001200,974.89,978.28,973.84,974.21,69,222,0
1743004800,974.21,977.48,973.50,975.73,192,108,0
1743008400,975.73,975.73,967.73,967.73,161,74,0
1743012000,967.83,969.74,967.27,967.58,109,171,0
1743015600,967.58,968.68,965.00,965.00,110,149,0
1743019200,965.00,966.69,963.44,964.58,169,99,0
1743022800,964.59,970.56,964.36,967.96,264,74,0
1743087600,964.71,965.39,954.55,965.39,120,222,0
1743091200,965.39,974.62,965.39,971.93,265,170,0
1743094800,971.93,972.65,967.60,968.19,109,147,0
1743098400,968.19,969.75,965.22,965.34,112,96,0
1743102000,964.99,967.44,963.81,963.95,109,108,0
1743105600,963.95,969.17,963.95,966.21,202,77,0
1743109200,966.21,972.17,966.21,966.76,441,74,0
1743174000,965.45,968.06,958.40,959.11,91,222,0
1743177600,958.03,962.19,950.94,951.67,362,147,0
1743181200,951.60,957.43,950.05,954.63,197,92,0
1743184800,954.32,954.45,949.83,949.84,156,87,0
1743188400,949.84,949.84,944.85,947.16,117,112,0
1743192000,947.16,948.76,946.56,948.76,188,74,0
1743195600,947.73,950.99,945.75,946.05,274,74,0
1743436800,931.77,936.89,921.41,924.56,100,222,0
1743440400,924.56,926.28,920.20,922.15,313,128,0
1743444000,922.15,931.72,921.91,928.97,170,113,0
1743447600,928.63,930.73,923.19,928.29,180,133,0
1743451200,928.29,931.13,927.42,929.16,227,89,0
1743454800,928.53,937.95,928.53,934.65,197,111,0
1743458400,934.65,948.27,934.65,945.51,505,85,0
1743523200,941.23,943.45,932.73,941.11,184,222,0
1743526800,940.03,948.46,931.59,948.36,427,149,0
1743530400,947.82,955.83,947.82,948.65,231,145,0
1743534000,948.45,950.79,943.29,946.65,288,90,0
1743537600,946.65,947.86,940.61,942.28,209,109,0
1743541200,942.34,942.34,935.66,939.64,188,77,0
1743544800,939.64,946.62,939.59,943.45,416,95,0
1743609600,934.40,950.05,934.40,950.05,72,161,0
1743613200,948.97,956.41,946.53,956.40,326,157,0
1743616800,956.40,960.07,954.04,955.94,176,102,0
1743620400,955.94,961.53,955.75,960.44,185,143,0
1743624000,960.44,964.86,954.79,956.09,151,112,0
1743627600,956.09,957.29,952.76,953.30,175,103,0
1743631200,953.30,963.60,953.30,961.59,339,75,0
1743696000,921.01,926.01,897.75,904.11,242,144,0
1743699600,904.11,904.98,895.88,896.21,312,141,0
1743703200,896.21,902.93,894.84,902.61,295,191,0
1743706800,902.08,909.12,901.17,904.59,195,141,0
1743710400,904.59,905.18,900.47,901.05,158,102,0
1743714000,901.48,902.43,895.75,897.94,286,74,0
1743717600,897.94,897.94,886.87,887.34,494,74,0
1743782400,855.25,859.08,828.84,830.15,290,159,0
1743786000,829.45,829.45,810.30,824.59,622,82,0
1743789600,824.42,844.43,823.93,832.06,585,161,0
1743793200,832.02,838.77,827.91,833.67,432,139,0
1743796800,833.67,838.54,828.00,837.33,355,130,0
1743800400,838.11,838.90,817.41,821.18,460,74,0
1743804000,821.20,833.77,819.01,822.58,926,74,0
1744041600,789.18,796.56,773.49,795.86,406,159,0
1744045200,796.28,846.18,793.50,819.83,1250,131,0
1744048800,819.60,829.53,798.26,804.37,771,169,0
1744052400,804.26,805.41,796.32,798.86,717,123,0
1744056000,799.89,819.32,798.82,816.82,574,139,0
1744059600,816.84,819.66,808.58,809.95,723,145,0
1744063200,809.95,820.29,806.29,817.48,954,74,0
1744128000,851.29,855.04,841.80,853.06,161,143,0
1744131600,851.99,852.47,826.92,828.61,463,142,0
1744135200,827.99,831.78,821.14,831.77,325,153,0
1744138800,831.77,835.12,823.50,825.30,357,115,0
1744142400,824.99,827.90,815.44,824.68,383,110,0
1744146000,824.68,826.24,816.29,819.12,215,146,0
1744149600,819.12,822.00,803.85,814.85,602,74,0
1744214400,807.65,825.86,803.25,825.22,183,135,0
1744218000,824.82,829.51,803.70,805.41,429,149,0
1744221600,805.59,816.90,805.47,811.22,382,100,0
1744225200,810.94,819.31,809.37,817.01,320,85,0
1744228800,817.01,882.29,810.48,879.05,1093,115,0
1744232400,878.82,893.47,873.21,874.17,855,134,0
1744236000,874.71,902.95,872.86,896.38,1003,112,0
1744300800,878.15,879.81,863.75,867.66,139,205,0
1744304400,867.93,867.93,856.01,856.04,382,222,0
1744308000,855.77,860.74,845.98,847.82,319,131,0
1744311600,847.36,849.81,832.27,845.84,560,176,0
1744315200,846.33,859.75,835.89,859.47,544,161,0
1744318800,859.02,863.03,851.02,858.40,623,160,0
1744322400,857.32,863.75,844.77,857.35,888,92,0
1744387200,848.89,867.94,840.52,863.89,375,197,0
1744390800,862.89,870.83,857.57,863.47,479,134,0
1744394400,862.89,868.07,859.30,866.44,357,148,0
1744398000,866.48,878.82,865.81,878.42,344,208,0
1744401600,878.42,887.15,872.50,883.06,492,149,0
1744405200,883.24,883.90,877.64,878.07,624,161,0
1744408800,878.06,887.44,877.70,878.20,785,84,0
1744646400,895.04,895.54,884.19,889.68,134,152,0
1744650000,889.68,893.42,884.19,891.22,310,149,0
1744653600,891.22,891.79,880.01,883.43,321,119,0
1744657200,883.61,884.60,878.09,880.47,404,99,0
1744660800,882.40,890.83,879.13,890.83,239,101,0
1744664400,890.83,897.60,889.13,894.64,323,99,0
1744668000,894.85,898.78,889.12,889.76,342,95,0
1744732800,890.87,899.41,888.54,895.54,157,222,0
1744736400,895.90,899.29,887.35,894.94,391,222,0
1744740000,894.94,898.51,893.96,897.12,318,144,0
1744743600,897.12,897.87,892.57,893.57,265,119,0
1744747200,893.50,896.91,888.95,890.89,349,113,0
1744750800,890.89,893.70,889.77,892.74,350,123,0
1744754400,892.74,892.90,887.89,888.18,272,89,0
1744819200,881.41,886.87,874.47,874.47,139,222,0
1744822800,874.20,876.81,869.75,874.78,433,122,0
1744826400,874.97,878.34,872.99,874.33,295,133,0
1744830000,874.31,874.48,869.82,870.38,249,109,0
1744833600,870.29,872.83,858.89,859.08,519,112,0
1744837200,859.98,866.40,859.47,860.46,562,145,0
1744840800,860.46,865.89,854.92,865.01,832,74,0
1744905600,871.15,876.37,867.00,875.38,84,222,0
1744909200,875.38,878.58,875.38,878.23,206,198,0
1744912800,878.16,884.75,877.62,881.37,350,130,0
1744916400,881.37,884.99,877.38,883.57,235,154,0
1744920000,883.57,887.45,880.86,887.16,698,80,0
1744923600,887.16,889.36,883.32,883.57,754,74,0
1744927200,883.57,883.57,874.46,875.52,491,84,0
1745251200,866.30,869.15,864.49,864.49,142,110,0
1745254800,864.49,864.49,852.45,852.50,476,145,0
1745258400,852.51,853.78,849.14,850.13,247,110,0
1745262000,850.13,855.57,850.09,852.89,141,90,0
1745265600,852.89,852.89,848.02,848.02,168,84,0
1745269200,848.02,849.50,845.29,845.57,173,102,0
1745272800,845.44,855.13,845.44,853.75,305,80,0
1745337600,865.07,873.67,864.94,871.41,124,158,0
1745341200,872.09,874.43,870.41,873.35,355,155,0
1745344800,873.35,877.55,872.95,877.11,206,117,0
1745348400,877.11,884.85,877.11,882.34,273,104,0
1745352000,882.34,883.71,871.99,875.18,266,180,0
1745355600,875.18,885.85,875.18,885.85,200,110,0
1745359200,885.85,887.38,881.31,886.97,263,92,0
1745424000,908.17,927.43,908.17,919.40,318,162,0
1745427600,919.32,921.03,911.90,913.18,643,98,0
1745431200,913.07,914.75,900.61,901.88,726,130,0
1745434800,901.88,901.88,893.37,898.58,433,102,0
1745438400,898.54,900.48,894.86,897.73,307,136,0
1745442000,897.76,897.97,891.27,892.27,489,134,0
1745445600,892.05,893.69,887.78,891.83,797,78,0
1745510400,893.70,901.41,893.13,901.38,114,222,0
1745514000,900.79,909.14,899.42,906.46,492,122,0
1745517600,906.46,909.35,906.26,907.78,309,126,0
1745521200,908.01,914.32,907.78,914.22,222,151,0
1745524800,914.00,914.62,911.41,911.61,194,110,0
1745528400,911.61,913.90,909.16,912.12,344,140,0
1745532000,912.12,915.92,910.20,915.29,462,92,0
1745596800,911.02,916.53,907.66,907.66,89,200,0
1745600400,907.64,910.89,904.70,909.69,305,157,0
1745604000,909.69,910.62,906.62,908.48,230,162,0
1745607600,908.48,909.66,906.20,906.40,137,149,0
1745611200,906.40,907.12,898.91,900.21,201,139,0
1745614800,900.21,906.35,900.21,904.29,206,149,0
1745618400,904.19,907.98,903.64,906.79,545,80,0
1745856000,906.90,921.60,905.66,915.21,235,160,0
1745859600,914.87,920.77,914.55,918.06,615,113,0
1745863200,918.06,918.06,910.45,912.81,265,100,0
1745866800,912.21,912.92,909.67,910.49,184,134,0
1745870400,910.49,912.36,909.51,912.36,143,101,0
1745874000,912.33,914.90,910.37,912.00,271,85,0
1745877600,912.00,914.88,911.10,913.48,479,74,0
1745942400,912.93,913.76,909.26,909.78,92,113,0
1745946000,909.78,912.14,903.82,911.75,406,122,0
1745949600,911.75,913.89,910.21,910.21,184,183,0
1745953200,910.21,914.93,910.21,913.05,189,124,0
1745956800,912.85,918.78,912.76,918.53,131,120,0
1745960400,918.53,919.03,916.95,917.25,162,108,0
1745964000,917.25,921.12,916.56,919.84,292,74,0
1746028800,904.93,905.60,893.57,897.53,135,162,0
1746032400,897.68,902.62,892.75,900.82,624,84,0
1746036000,901.08,907.05,901.04,904.96,343,81,0
1746039600,904.96,905.59,900.80,902.19,225,91,0
1746043200,902.19,904.47,901.68,903.54,291,92,0
1746046800,903.32,906.52,898.88,899.03,521,95,0
1746050400,899.10,915.10,897.42,912.79,558,74,0
1746115200,910.84,916.00,907.59,913.08,172,222,0
1746118800,914.95,920.09,912.89,920.09,368,127,0
1746122400,920.09,922.09,915.17,916.79,142,107,0
1746126000,916.79,916.83,914.29,915.26,268,138,0
1746129600,915.22,919.15,915.22,916.99,173,108,0
1746133200,916.86,919.15,916.86,918.79,212,81,0
1746136800,918.79,922.02,913.95,915.38,419,78,0
1746201600,927.77,934.54,924.30,926.73,149,198,0
1746205200,926.51,929.70,924.60,927.76,241,135,0
1746208800,927.76,928.72,924.34,926.76,178,83,0
1746212400,926.76,930.15,926.76,928.58,205,80,0
1746216000,928.27,928.32,927.23,928.32,93,113,0
1746219600,928.32,930.55,928.04,929.13,175,76,0
1746223200,929.13,931.82,925.40,928.30,244,74,0
1746460800,922.12,928.26,921.37,928.26,71,222,0
1746464400,928.09,932.71,926.78,931.89,228,96,0
1746468000,931.89,932.02,928.07,929.53,180,97,0
1746471600,929.53,930.63,929.24,930.53,124,128,0
1746475200,930.41,930.41,928.22,929.07,114,139,0
1746478800,929.07,929.41,926.46,926.47,171,89,0
1746482400,926.47,926.47,919.86,920.04,321,74,0
1746547200,911.15,913.05,906.20,912.64,233,120,0
1746550800,912.40,922.13,912.40,918.63,313,112,0
1746554400,918.63,921.85,918.63,919.26,183,113,0
1746558000,919.26,922.66,915.57,915.57,262,108,0
1746561600,915.57,918.46,913.80,914.21,280,137,0
1746565200,914.16,918.15,914.15,918.15,243,92,0
1746568800,918.15,919.20,913.76,913.76,398,84,0
1746633600,916.29,921.27,916.29,920.62,205,74,0
1746637200,920.62,920.64,915.44,916.65,237,107,0
1746640800,916.62,919.90,916.29,919.13,210,108,0
1746644400,919.13,923.43,918.21,923.17,204,114,0
1746648000,923.17,923.51,918.38,919.30,142,148,0
1746651600,919.78,922.53,914.09,921.99,375,98,0
1746655200,921.70,921.91,915.15,919.52,829,74,0
1746720000,928.39,932.68,927.10,931.28,132,129,0
1746723600,931.28,934.77,928.75,931.18,513,109,0
1746727200,931.18,943.36,930.71,941.20,420,109,0
1746730800,940.38,942.96,937.88,941.94,313,74,0
1746734400,942.27,942.27,935.88,936.75,233,125,0
1746738000,936.59,937.43,934.45,934.45,210,90,0
1746741600,934.35,936.53,926.77,927.66,423,82,0
1746806400,929.39,932.70,924.73,928.94,142,158,0
1746810000,928.94,930.70,924.65,927.28,327,114,0
1746813600,927.20,928.32,926.75,928.03,282,74,0
1746817200,928.03,928.41,923.17,923.91,196,97,0
1746820800,923.91,927.79,922.88,926.74,390,74,0
1746824400,926.80,926.85,923.90,925.16,296,74,0
1746828000,925.18,925.88,921.29,922.59,406,74,0
1747065600,957.39,962.41,951.57,951.97,250,107,0
1747069200,952.41,960.80,951.06,956.00,527,93,0
1747072800,956.21,959.15,953.11,954.42,311,126,0
1747076400,954.42,958.03,954.06,958.03,242,84,0
1747080000,957.83,958.89,955.01,955.76,168,91,0
1747083600,956.02,956.78,954.98,955.43,217,98,0
1747087200,955.33,957.89,953.97,957.80,366,74,0
1747152000,959.90,964.80,958.40,963.90,105,140,0
1747155600,963.90,966.90,962.21,963.66,334,74,0
1747159200,963.66,964.91,962.02,963.25,451,141,0
1747162800,963.24,963.75,960.88,962.28,297,119,0
1747166400,962.28,964.06,960.75,962.18,154,139,0
1747170000,962.18,963.61,960.29,961.78,146,86,0
1747173600,961.78,962.63,957.91,958.32,263,74,0
1747238400,959.49,960.95,958.54,960.95,65,158,0
1747242000,960.11,967.94,959.92,966.19,343,100,0
1747245600,965.86,967.75,963.55,965.62,225,90,0
1747249200,965.42,966.30,963.83,963.83,101,113,0
1747252800,963.83,963.83,960.47,963.70,128,99,0
1747256400,964.19,965.56,962.73,964.58,158,74,0
1747260000,964.59,968.01,964.39,966.27,186,74,0
1747324800,967.44,977.84,967.44,975.69,219,121,0
1747328400,976.09,982.19,973.63,981.87,332,76,0
1747332000,981.80,988.84,978.33,979.59,303,88,0
1747335600,979.59,981.03,977.41,979.83,148,74,0
1747339200,979.83,982.03,979.03,980.51,162,102,0
1747342800,980.51,983.93,980.51,983.93,116,90,0
1747346400,983.93,984.94,980.37,982.27,262,74,0
1747411200,984.09,989.07,982.04,987.70,140,118,0
1747414800,987.80,988.40,985.17,986.18,235,110,0
1747418400,986.33,988.18,986.20,986.20,179,96,0
1747422000,986.20,989.97,986.20,989.20,133,74,0
1747425600,989.20,991.51,987.46,988.01,108,86,0
1747429200,988.01,989.94,988.01,989.20,116,74,0
1747432800,989.20,990.06,988.35,988.76,284,74,0
1747670400,975.41,985.76,975.41,984.76,94,154,0
1747674000,984.56,988.80,982.99,985.67,308,90,0
1747677600,985.67,989.72,985.67,988.66,307,106,0
1747681200,988.74,993.55,988.74,993.38,406,89,0
1747684800,993.38,994.76,991.74,993.21,365,74,0
1747688400,993.21,993.56,988.42,989.74,214,94,0
1747692000,989.74,993.31,989.74,993.11,214,74,0
1747756800,988.43,992.30,988.43,989.95,83,121,0
1747760400,990.61,997.46,990.36,995.96,263,101,0
1747764000,995.96,998.12,994.71,997.32,98,78,0
1747767600,997.32,997.77,993.89,994.52,87,91,0
1747771200,994.67,995.57,993.89,994.74,105,79,0
1747774800,994.74,995.95,991.45,992.79,146,74,0
1747778400,992.79,997.75,990.52,997.49,202,74,0
1747843200,991.09,994.84,990.05,993.53,186,75,0
1747846800,993.45,994.31,986.39,989.43,438,125,0
1747850400,989.44,991.70,989.25,990.94,145,96,0
1747854000,990.94,992.74,989.59,990.75,116,99,0
1747857600,990.75,990.75,976.59,979.08,322,99,0
1747861200,979.39,979.75,972.98,973.92,293,74,0
1747864800,973.92,974.81,970.75,971.91,437,74,0
1747929600,970.03,972.44,966.79,967.73,169,177,0
1747933200,967.73,970.98,964.57,966.44,429,105,0
1747936800,966.44,972.29,966.30,971.41,232,74,0
1747940400,971.40,973.91,969.93,970.04,191,109,0
1747944000,970.04,973.46,969.85,973.05,122,112,0
1747947600,972.96,973.91,971.75,973.36,191,99,0
1747951200,973.36,977.21,968.60,969.20,355,74,0
1748016000,958.72,962.86,957.07,960.82,197,121,0
1748019600,961.57,966.33,960.06,960.96,423,103,0
1748023200,961.15,965.45,959.04,962.70,504,80,0
1748026800,962.70,965.87,961.67,964.70,204,110,0
1748030400,964.59,967.92,963.67,966.91,253,96,0
1748034000,966.73,969.50,965.31,966.66,302,74,0
1748037600,966.66,968.18,962.75,963.07,353,74,0
1748361600,974.79,974.79,966.28,971.17,179,96,0
1748365200,971.30,976.46,970.99,971.37,316,126,0
1748368800,971.26,976.54,971.26,975.75,118,101,0
1748372400,975.75,978.76,974.95,976.23,149,74,0
1748376000,976.23,979.21,975.61,979.21,160,95,0
1748379600,979.19,980.39,978.75,978.76,153,74,0
1748383200,978.87,981.02,977.94,980.45,377,74,0
1748448000,984.39,984.39,976.24,977.56,77,142,0
1748451600,977.92,979.11,973.85,973.85,159,77,0
1748455200,973.85,976.47,972.43,972.72,141,84,0
1748458800,973.31,975.50,972.72,974.96,115,90,0
1748462400,974.45,976.20,974.22,975.67,139,74,0
1748466000,975.67,976.77,971.37,975.10,253,85,0
1748469600,975.02,976.77,968.75,971.03,434,74,0
1748534400,978.39,978.39,968.18,972.63,254,140,0
1748538000,972.83,973.81,967.97,973.64,224,131,0
1748541600,973.33,973.33,966.73,966.73,198,187,0
1748545200,966.73,972.16,965.79,971.65,171,91,0
1748548800,971.99,973.28,971.06,972.02,125,146,0
1748552400,972.02,975.68,971.75,973.57,119,117,0
1748556000,973.57,976.49,972.91,975.67,242,80,0
1748620800,971.03,971.03,967.71,968.26,74,169,0
1748624400,968.26,973.49,968.26,969.37,191,74,0
1748628000,969.37,973.14,969.22,971.19,205,105,0
1748631600,971.19,974.00,965.50,969.04,263,125,0
1748635200,969.04,971.90,968.42,970.92,189,74,0
1748638800,970.85,975.52,970.85,974.80,174,87,0
1748642400,974.80,978.84,974.80,977.82,370,74,0
1748880000,975.39,977.28,965.33,967.11,162,115,0
1748883600,967.11,973.53,963.75,971.57,290,110,0
1748887200,971.57,971.57,968.21,968.81,253,117,0
1748890800,968.81,969.50,966.61,969.33,123,102,0
1748894400,970.07,972.23,969.42,972.20,147,81,0
1748898000,972.20,977.26,971.70,977.00,212,76,0
1748901600,977.00,977.44,975.18,977.31,296,74,0
1748966400,973.49,976.41,970.01,970.01,110,154,0
1748970000,970.37,980.17,970.37,978.55,203,80,0
1748973600,978.55,981.40,978.25,979.33,133,115,0
1748977200,979.33,982.08,978.27,981.21,121,137,0
1748980800,981.23,984.56,981.23,982.75,104,74,0
1748984400,982.11,983.35,980.82,982.35,224,89,0
1748988000,982.47,983.59,979.96,981.87,262,74,0
1749052800,983.89,988.02,983.55,987.44,63,198,0
1749056400,987.44,988.95,985.54,988.52,225,159,0
1749060000,988.52,989.84,986.39,988.50,143,112,0
1749063600,988.50,988.73,985.19,985.73,140,95,0
1749067200,985.74,988.47,985.22,987.88,220,82,0
1749070800,987.88,989.95,987.75,987.75,138,100,0
1749074400,987.75,989.18,985.67,987.86,192,76,0
1749139200,987.39,988.85,980.30,982.10,133,129,0
1749142800,982.11,985.91,980.17,984.28,286,108,0
1749146400,984.57,985.71,983.44,985.51,121,113,0
1749150000,985.51,987.61,980.36,981.25,114,158,0
1749153600,981.25,985.36,981.10,983.68,119,133,0
1749157200,983.68,985.18,980.95,984.69,134,122,0
1749160800,984.69,985.25,977.80,984.56,371,82,0
1749225600,988.81,999.87,988.81,994.87,88,199,0
1749229200,994.82,996.62,992.97,993.34,162,163,0
1749232800,994.55,996.09,990.39,992.95,193,99,0
1749236400,992.95,994.76,990.67,990.83,196,74,0
1749240000,990.82,992.22,987.09,987.09,194,102,0
1749243600,987.18,990.50,986.81,987.58,196,97,0
1749247200,987.28,991.85,987.04,988.79,242,76,0
1749484800,991.39,993.15,984.21,989.30,136,222,0
1749488400,989.83,989.83,980.07,982.52,228,154,0
1749492000,982.62,987.60,981.77,987.53,114,126,0
1749495600,987.53,989.63,987.53,988.63,84,142,0
1749499200,988.85,994.05,988.85,992.75,86,94,0
1749502800,992.75,993.30,992.05,992.17,76,107,0
1749506400,992.17,992.17,987.87,988.30,250,80,0
1749571200,987.19,990.39,986.80,988.14,46,222,0
1749574800,988.10,990.97,987.36,988.97,171,166,0
1749578400,988.79,989.89,985.11,986.68,99,143,0
1749582000,986.68,988.87,986.68,988.87,72,164,0
1749585600,988.87,989.94,988.87,988.89,84,148,0
1749589200,988.89,988.89,985.54,988.32,131,135,0
1749592800,988.33,992.47,988.32,991.64,213,74,0
1749657600,990.76,994.74,989.17,992.63,81,106,0
1749661200,992.64,995.50,991.88,995.17,105,113,0
1749664800,995.17,997.58,995.17,996.36,109,100,0
1749668400,996.36,999.25,995.84,998.33,182,96,0
1749672000,998.33,1002.18,997.74,997.75,157,120,0
1749675600,997.75,997.75,991.78,994.31,325,74,0
1749679200,994.31,994.64,989.75,993.23,305,86,0
1749744000,990.71,991.88,983.75,987.91,142,97,0
1749747600,987.91,993.06,986.80,990.03,192,117,0
1749751200,990.03,991.93,987.09,988.30,180,100,0
1749754800,988.30,990.68,986.37,988.10,156,109,0
1749758400,988.10,989.45,987.75,988.57,132,130,0
1749762000,988.57,989.21,987.03,987.70,97,96,0
1749765600,987.71,988.74,985.80,987.80,276,76,0
1749830400,980.63,980.63,970.37,972.89,146,215,0
1749834000,972.89,981.87,972.41,980.76,525,142,0
1749837600,980.53,984.84,980.07,982.85,222,115,0
1749841200,982.66,984.41,978.89,980.52,179,154,0
1749844800,980.49,980.57,975.75,975.77,151,113,0
1749848400,975.77,975.88,967.05,968.26,240,111,0
1749852000,968.16,971.57,966.31,971.19,633,74,0
1750089600,980.15,984.09,978.07,983.36,203,120,0
1750093200,983.70,986.81,983.70,986.71,170,127,0
1750096800,986.71,987.81,984.01,984.30,130,119,0
1750100400,984.23,984.23,982.25,982.98,145,110,0
1750104000,982.98,984.91,982.37,982.38,187,79,0
1750107600,982.38,983.28,981.77,983.17,100,78,0
1750111200,982.99,983.04,980.00,981.54,247,74,0
1750176000,974.41,979.45,973.73,976.75,127,181,0
1750179600,976.75,976.75,972.14,973.39,251,101,0
1750183200,973.39,973.39,969.75,970.02,201,119,0
1750186800,970.02,971.90,970.02,970.71,134,133,0
1750190400,970.71,972.04,966.27,966.62,138,118,0
1750194000,966.53,968.83,964.88,968.70,229,74,0
1750197600,968.71,968.93,966.31,968.45,302,74,0
1750262400,969.25,975.74,968.06,975.14,117,205,0
1750266000,974.75,982.38,974.75,980.86,217,112,0
1750269600,980.86,983.98,979.96,983.93,139,109,0
1750273200,983.93,986.89,982.03,983.86,117,141,0
1750276800,983.68,986.15,981.75,982.91,153,86,0
1750280400,983.98,987.36,979.77,979.77,285,75,0
1750284000,979.77,981.73,976.75,977.44,580,74,0
1750435200,983.89,985.56,980.07,983.90,139,222,0
1750438800,984.40,985.20,979.58,981.10,359,163,0
1750442400,981.10,982.52,978.58,979.89,219,155,0
1750446000,980.08,980.08,977.32,977.68,262,95,0
1750449600,978.06,978.49,973.14,974.69,179,133,0
1750453200,974.69,976.52,971.75,972.10,248,87,0
1750456800,972.10,976.77,972.06,974.33,389,81,0
1750694400,976.53,980.06,971.54,977.92,136,222,0
1750698000,979.01,980.86,973.81,975.90,270,217,0
1750701600,975.90,977.49,972.31,972.46,356,95,0
1750705200,972.46,975.18,966.00,968.16,449,112,0
1750708800,968.38,979.10,968.12,979.10,258,157,0
1750712400,979.10,980.92,979.02,980.68,201,116,0
1750716000,980.68,985.83,980.68,985.15,251,74,0
1750780800,993.79,1000.85,993.79,995.45,94,222,0
1750784400,995.45,1001.25,995.05,996.57,232,100,0
1750788000,996.57,1001.36,996.57,1000.21,122,74,0
1750791600,1000.21,1002.71,998.75,999.95,106,87,0
1750795200,1000.01,1004.15,1000.01,1004.15,108,74,0
1750798800,1004.15,1004.91,1001.55,1002.99,139,74,0
1750802400,1002.99,1005.25,1002.25,1004.15,199,86,0
1750867200,1005.20,1005.20,1000.93,1002.58,154,120,0
1750870800,1002.58,1006.70,1002.58,1005.36,457,74,0
1750874400,1006.11,1008.85,1005.04,1007.27,216,102,0
1750878000,1007.27,1010.25,1007.27,1008.88,74,107,0
1750881600,1008.87,1011.31,1007.63,1010.18,242,76,0
1750885200,1010.18,1014.20,1010.18,1011.30,529,74,0
1750888800,1012.16,1018.90,1012.16,1017.97,384,74,0
1750953600,1016.42,1026.08,1016.42,1021.15,189,100,0
1750957200,1021.15,1035.97,1020.08,1034.62,385,82,0
1750960800,1034.62,1034.94,1023.63,1024.64,339,84,0
1750964400,1025.24,1026.36,1023.37,1024.44,158,143,0
1750968000,1023.83,1025.11,1023.61,1024.23,135,104,0
1750971600,1024.23,1027.75,1024.23,1025.80,141,118,0
1750975200,1025.80,1030.93,1024.77,1029.33,224,78,0
1751040000,1033.75,1039.23,1032.67,1036.94,145,202,0
1751043600,1037.09,1039.77,1033.37,1039.52,254,128,0
1751047200,1039.52,1042.40,1036.92,1041.12,178,102,0
1751050800,1041.11,1047.15,1041.10,1042.80,209,85,0
1751054400,1042.80,1044.69,1040.25,1042.56,194,92,0
1751058000,1042.56,1042.56,1035.18,1039.40,322,74,0
1751061600,1039.26,1048.95,1038.12,1046.69,572,74,0
1751299200,1051.35,1051.98,1046.23,1050.58,134,217,0
1751302800,1050.91,1050.91,1041.51,1041.51,421,136,0
1751306400,1041.51,1046.35,1040.01,1044.21,154,129,0
1751310000,1044.20,1044.69,1042.83,1043.71,129,127,0
1751313600,1043.72,1046.38,1041.49,1042.98,152,106,0
1751317200,1043.00,1045.43,1042.55,1045.01,179,77,0
1751320800,1045.12,1049.99,1044.25,1048.29,457,76,0
1751385600,1045.28,1047.38,1042.85,1044.65,130,152,0
1751389200,1045.56,1048.05,1042.11,1045.08,188,167,0
1751392800,1045.08,1049.42,1043.50,1049.42,193,169,0
1751396400,1049.42,1052.73,1049.42,1050.61,119,129,0
1751400000,1050.60,1054.21,1049.72,1054.21,123,204,0
1751403600,1054.21,1055.39,1052.75,1052.75,98,119,0
1751407200,1051.94,1054.54,1050.10,1053.47,280,74,0
1751472000,1053.89,1058.05,1049.34,1058.05,141,222,0
1751475600,1058.05,1063.46,1057.18,1061.42,316,119,0
1751479200,1061.41,1066.30,1058.32,1063.20,265,156,0
1751482800,1063.33,1064.53,1061.08,1063.60,192,154,0
1751486400,1063.60,1063.60,1060.81,1061.58,165,202,0
1751490000,1061.58,1063.62,1060.19,1063.62,147,113,0
1751493600,1063.70,1069.97,1062.32,1069.97,304,88,0
1751558400,1066.86,1074.93,1065.01,1073.11,145,208,0
1751562000,1073.61,1078.40,1073.22,1076.91,240,104,0
1751565600,1076.90,1078.99,1074.96,1076.64,169,154,0
1751569200,1077.24,1081.12,1076.64,1080.33,287,74,0
1751904000,1081.48,1081.88,1077.54,1081.47,103,200,0
1751907600,1081.47,1085.74,1080.35,1082.45,213,120,0
1751911200,1082.45,1082.83,1075.08,1078.79,188,166,0
1751914800,1078.80,1079.93,1072.91,1074.11,192,166,0
1751918400,1074.08,1078.08,1074.08,1076.67,185,122,0
1751922000,1076.67,1076.67,1070.02,1074.62,190,126,0
1751925600,1074.62,1075.91,1072.14,1075.48,278,74,0
1751990400,1074.11,1077.60,1072.45,1076.34,136,202,0
1751994000,1076.00,1076.00,1069.75,1070.28,242,184,0
1751997600,1070.28,1075.98,1070.06,1075.98,248,118,0
1752001200,1075.98,1075.98,1072.66,1073.83,176,135,0
1752004800,1073.83,1076.30,1071.68,1075.84,146,130,0
1752008400,1075.93,1077.65,1075.16,1076.47,171,108,0
1752012000,1076.47,1076.75,1071.34,1075.19,240,79,0
1752076800,1076.28,1083.93,1076.25,1083.75,71,222,0
1752080400,1083.75,1083.75,1076.39,1076.53,221,174,0
1752084000,1076.39,1081.99,1076.39,1081.99,145,168,0
1752087600,1082.29,1082.29,1076.99,1079.03,112,109,0
1752091200,1079.03,1082.29,1078.82,1081.99,177,111,0
1752094800,1081.93,1084.34,1081.49,1084.34,99,107,0
1752098400,1084.34,1087.61,1082.48,1087.08,210,89,0
1752163200,1089.57,1093.53,1083.01,1091.50,187,192,0
1752166800,1091.00,1102.03,1091.00,1100.80,423,92,0
1752170400,1100.81,1104.47,1099.75,1100.27,208,135,0
1752174000,1100.64,1102.54,1100.42,1102.12,246,156,0
1752177600,1102.12,1103.25,1100.74,1102.16,216,100,0
1752181200,1102.16,1103.67,1099.17,1101.03,250,79,0
1752184800,1101.05,1104.91,1101.05,1103.35,323,74,0
1752249600,1095.64,1096.79,1092.15,1096.50,68,222,0
1752253200,1096.50,1100.15,1096.01,1100.15,137,133,0
1752256800,1100.15,1101.80,1098.04,1098.78,242,132,0
1752260400,1098.77,1099.94,1095.38,1099.94,234,99,0
1752264000,1099.94,1100.35,1098.13,1100.35,107,118,0
1752267600,1100.35,1101.81,1096.36,1100.76,170,82,0
1752271200,1100.76,1102.55,1097.77,1101.38,230,99,0
1752508800,1097.34,1102.30,1095.72,1098.88,96,169,0
1752512400,1098.82,1106.38,1097.88,1103.67,241,130,0
1752516000,1103.71,1107.81,1101.72,1105.96,193,82,0
1752519600,1105.96,1107.44,1104.84,1105.19,128,85,0
1752523200,1105.19,1108.43,1105.17,1108.43,101,104,0
1752526800,1108.44,1109.78,1106.52,1107.77,141,74,0
1752530400,1107.79,1111.25,1106.18,1110.62,290,74,0
1752595200,1070.24,1072.83,1035.75,1037.17,514,104,0
1752598800,1036.67,1052.15,1032.75,1032.96,477,84,0
1752602400,1032.96,1052.68,1032.85,1050.85,395,99,0
1752606000,1050.85,1055.32,1045.90,1054.08,242,84,0
1752609600,1054.08,1054.43,1046.75,1051.98,168,110,0
1752613200,1051.98,1053.94,1049.10,1050.83,197,103,0
1752616800,1049.98,1054.07,1046.13,1046.13,353,74,0
1752681600,1056.11,1067.89,1052.98,1067.89,265,141,0
1752685200,1067.89,1075.27,1067.89,1069.69,367,109,0
1752688800,1069.69,1071.56,1056.23,1065.03,476,96,0
1752692400,1064.89,1071.10,1064.89,1071.10,206,93,0
1752696000,1071.10,1076.10,1070.02,1075.47,166,98,0
1752699600,1075.74,1078.75,1075.53,1078.73,350,106,0
1752703200,1078.73,1086.14,1078.73,1081.75,385,80,0
1752768000,1084.51,1100.54,1076.81,1099.27,192,104,0
1752771600,1099.35,1100.52,1088.98,1097.09,363,86,0
1752775200,1097.09,1104.16,1094.69,1101.75,332,76,0
1752778800,1101.75,1103.04,1096.85,1099.64,166,74,0
1752782400,1099.63,1105.97,1099.24,1104.70,314,74,0
1752786000,1104.70,1108.35,1104.03,1107.55,439,74,0
1752789600,1106.67,1108.57,1105.13,1105.30,273,74,0
1752854400,1109.62,1116.03,1107.91,1115.92,275,140,0
1752858000,1116.69,1117.70,1110.79,1114.81,247,99,0
1752861600,1115.44,1117.83,1114.17,1116.76,293,151,0
1752865200,1116.76,1117.42,1111.63,1111.71,247,149,0
1752868800,1111.89,1112.09,1107.39,1109.01,158,129,0
1752872400,1109.01,1109.01,1103.60,1104.75,153,89,0
1752876000,1104.75,1105.36,1102.33,1103.66,225,74,0
1753113600,1107.04,1107.04,1099.99,1102.42,116,168,0
1753117200,1102.42,1105.84,1101.13,1103.04,228,83,0
1753120800,1103.24,1109.25,1101.74,1106.50,211,78,0
1753124400,1106.29,1106.91,1102.82,1103.26,110,96,0
1753128000,1103.25,1105.94,1102.65,1103.02,116,94,0
1753131600,1102.90,1104.09,1099.75,1100.50,154,101,0
1753135200,1100.50,1100.50,1092.83,1093.74,320,74,0
1753200000,1094.17,1101.74,1088.87,1091.47,167,184,0
1753203600,1091.47,1094.32,1086.02,1093.39,498,105,0
1753207200,1093.35,1097.30,1092.59,1093.21,313,96,0
1753210800,1093.21,1093.37,1091.13,1092.30,195,139,0
1753214400,1092.49,1095.76,1091.06,1093.70,218,111,0
1753218000,1093.70,1098.75,1093.38,1098.75,230,97,0
1753221600,1098.75,1101.48,1097.24,1099.52,265,74,0
1753286400,1103.89,1105.79,1100.91,1104.09,76,147,0
1753290000,1104.59,1107.23,1102.05,1103.62,191,113,0
1753293600,1103.62,1110.62,1103.62,1110.62,252,100,0
1753297200,1110.62,1112.76,1110.50,1111.81,152,147,0
1753300800,1111.81,1116.47,1111.77,1114.48,245,96,0
1753304400,1115.52,1120.27,1113.99,1119.65,242,74,0
1753308000,1119.65,1121.75,1118.00,1119.26,407,76,0
1753372800,1116.31,1121.06,1112.54,1116.79,93,185,0
1753376400,1116.37,1121.90,1116.32,1121.05,166,171,0
1753380000,1121.50,1124.83,1120.20,1123.52,193,115,0
1753383600,1123.52,1124.59,1119.10,1120.78,207,138,0
1753387200,1120.78,1122.75,1119.96,1121.82,126,108,0
1753390800,1121.82,1124.35,1120.53,1121.13,168,123,0
1753394400,1121.13,1121.38,1116.51,1117.94,353,74,0
1753459200,1119.45,1122.33,1116.08,1122.24,97,168,0
1753462800,1122.23,1127.98,1118.91,1126.43,181,166,0
1753466400,1126.42,1126.73,1120.03,1120.03,142,142,0
1753470000,1120.03,1123.86,1119.89,1123.83,148,126,0
1753473600,1123.83,1127.59,1123.83,1127.59,209,74,0
1753477200,1127.59,1129.51,1125.56,1126.53,207,74,0
1753480800,1126.53,1127.05,1122.71,1122.99,135,74,0
1753718400,1121.39,1121.83,1119.05,1119.43,41,222,0
1753722000,1119.23,1124.15,1118.66,1119.67,232,128,0
1753725600,1118.95,1120.09,1117.00,1117.62,163,173,0
1753729200,1117.62,1118.16,1115.83,1116.83,102,113,0
1753732800,1116.86,1117.41,1114.60,1114.60,182,154,0
1753736400,1114.61,1116.48,1114.14,1116.25,218,100,0
1753740000,1116.25,1117.80,1114.57,1116.75,320,74,0
1753804800,1117.76,1126.04,1117.76,1124.61,70,199,0
1753808400,1124.61,1125.16,1118.49,1118.65,101,210,0
1753812000,1118.54,1119.38,1114.35,1117.70,164,132,0
1753815600,1117.70,1118.75,1115.31,1118.08,122,124,0
1753819200,1118.08,1120.62,1116.02,1118.10,143,150,0
1753822800,1118.10,1118.44,1116.11,1116.47,109,78,0
1753826400,1116.55,1120.82,1115.32,1120.82,220,74,0
1753891200,1113.84,1121.83,1113.84,1118.38,55,222,0
1753894800,1118.38,1125.18,1117.69,1123.56,114,162,0
1753898400,1123.54,1123.55,1118.49,1120.10,167,88,0
1753902000,1120.21,1122.40,1120.21,1122.40,72,222,0
1753905600,1122.39,1125.38,1121.15,1123.20,123,134,0
1753909200,1123.20,1125.68,1112.30,1112.36,346,132,0
1753912800,1112.36,1115.50,1108.75,1114.34,466,106,0
1753977600,1112.39,1117.60,1109.56,1116.25,66,222,0
1753981200,1116.25,1118.59,1107.62,1110.17,205,222,0
1753984800,1110.70,1112.88,1106.73,1112.18,197,133,0
1753988400,1112.09,1114.29,1110.28,1111.26,138,124,0
1753992000,1111.26,1111.92,1104.70,1105.10,299,222,0
1753995600,1105.35,1111.23,1103.19,1111.14,482,176,0
1753999200,1111.14,1111.14,1102.28,1104.84,301,96,0
1754064000,1087.89,1087.89,1079.39,1080.51,162,222,0
1754067600,1081.60,1092.41,1077.75,1089.05,424,198,0
1754071200,1089.39,1094.14,1087.13,1093.47,272,145,0
1754074800,1093.57,1096.55,1089.16,1089.45,230,140,0
1754078400,1089.26,1089.65,1085.28,1087.27,176,188,0
1754082000,1087.27,1090.65,1083.59,1086.83,268,74,0
1754085600,1087.05,1093.62,1086.83,1091.14,344,86,0
1754323200,1094.14,1102.43,1094.14,1099.32,71,221,0
1754326800,1100.82,1101.94,1096.78,1100.79,218,221,0
1754330400,1100.45,1103.34,1099.65,1102.45,184,163,0
1754334000,1102.76,1107.35,1102.07,1105.54,142,170,0
1754337600,1105.58,1108.80,1105.23,1108.23,163,97,0
1754341200,1107.79,1110.77,1107.13,1108.30,207,145,0
1754344800,1108.19,1115.37,1107.52,1114.62,275,74,0
1754409600,1116.86,1120.50,1114.04,1114.77,71,221,0
1754413200,1114.65,1114.87,1099.74,1105.64,343,186,0
1754416800,1105.50,1109.30,1104.48,1106.70,220,155,0
1754420400,1106.85,1111.04,1106.85,1110.00,175,127,0
1754424000,1109.39,1113.14,1109.14,1111.15,184,123,0
1754427600,1111.15,1112.30,1107.76,1111.35,223,94,0
1754431200,1111.35,1111.97,1108.47,1108.67,242,87,0
1754496000,1112.35,1114.43,1108.46,1110.38,120,214,0
1754499600,1111.14,1116.78,1105.04,1112.10,258,147,0
1754503200,1112.09,1116.01,1111.32,1114.17,167,176,0
1754506800,1114.67,1116.26,1111.73,1114.16,151,137,0
1754510400,1114.32,1117.04,1113.27,1117.04,102,121,0
1754514000,1117.04,1119.87,1116.34,1118.00,172,78,0
1754517600,1118.00,1121.05,1117.14,1119.76,212,75,0
1754582400,1124.00,1128.72,1122.54,1124.51,55,221,0
1754586000,1124.51,1124.59,1118.01,1120.31,321,190,0
1754589600,1120.02,1120.02,1113.19,1114.97,150,213,0
1754593200,1114.74,1114.74,1107.57,1111.37,271,112,0
1754596800,1111.26,1113.06,1107.20,1112.15,206,221,0
1754600400,1112.15,1112.93,1110.33,1112.40,228,174,0
1754604000,1112.29,1115.29,1110.77,1113.56,427,74,0
1754668800,1116.44,1116.64,1113.60,1113.87,69,81,0
1754672400,1113.87,1123.01,1113.87,1121.28,134,140,0
1754676000,1120.77,1122.60,1119.12,1120.87,203,122,0
1754679600,1120.87,1123.55,1119.57,1120.21,204,124,0
1754683200,1119.91,1123.51,1118.80,1122.18,247,81,0
1754686800,1122.56,1125.56,1120.75,1120.97,158,74,0
1754690400,1121.60,1124.31,1118.55,1124.31,271,84,0
1754928000,1125.39,1126.37,1122.48,1124.05,56,167,0
1754931600,1124.17,1128.46,1120.67,1125.99,264,110,0
1754935200,1125.99,1127.73,1123.89,1126.88,213,128,0
1754938800,1127.00,1132.00,1126.71,1128.82,134,144,0
1754942400,1128.83,1130.22,1126.63,1129.70,215,200,0
1754946000,1129.68,1129.72,1125.47,1127.24,237,149,0
1754949600,1127.23,1129.49,1125.43,1128.01,191,101,0
1755014400,1131.48,1140.64,1131.48,1139.15,93,128,0
1755018000,1139.11,1147.67,1137.62,1147.25,298,134,0
1755021600,1147.07,1150.77,1146.02,1146.66,231,74,0
1755025200,1147.01,1153.75,1147.01,1152.24,235,100,0
1755028800,1152.24,1155.64,1150.19,1154.13,180,87,0
1755032400,1154.27,1156.99,1154.13,1156.66,130,132,0
1755036000,1156.66,1160.31,1156.36,1159.21,205,74,0
1755100800,1166.39,1171.48,1163.68,1163.68,106,222,0
1755104400,1163.56,1164.76,1151.91,1154.01,249,74,0
1755108000,1154.01,1159.69,1152.12,1155.27,217,100,0
1755111600,1155.27,1157.22,1146.60,1148.60,229,89,0
1755115200,1148.83,1155.86,1148.83,1155.75,207,86,0
1755118800,1155.75,1158.14,1155.45,1155.93,150,119,0
1755122400,1155.94,1160.65,1155.94,1159.28,172,74,0
1755187200,1154.39,1156.56,1149.08,1154.25,118,158,0
1755190800,1154.05,1161.16,1153.87,1158.94,151,161,0
1755194400,1158.94,1159.89,1157.39,1158.84,81,221,0
1755198000,1158.84,1158.84,1154.49,1155.64,59,134,0
1755201600,1155.64,1157.31,1154.06,1154.09,60,149,0
1755205200,1154.54,1157.51,1154.46,1157.29,89,142,0
1755208800,1157.18,1161.30,1156.40,1159.76,166,78,0
1755273600,1160.89,1160.89,1144.13,1155.77,205,221,0
1755277200,1155.41,1155.41,1147.67,1147.93,223,169,0
1755280800,1148.23,1151.07,1146.81,1146.81,167,154,0
1755284400,1146.41,1146.41,1144.39,1144.75,183,207,0
1755288000,1144.75,1144.75,1142.50,1144.50,114,149,0
1755291600,1144.38,1144.64,1142.95,1143.23,129,79,0
1755295200,1143.40,1143.40,1134.11,1134.79,377,76,0
1755532800,1132.39,1137.82,1130.15,1133.08,82,156,0
1755536400,1133.35,1137.04,1132.10,1136.58,261,141,0
1755540000,1136.51,1139.98,1136.51,1137.50,185,117,0
1755543600,1137.50,1137.53,1135.44,1135.91,96,101,0
1755547200,1135.88,1137.89,1135.66,1135.92,132,87,0
1755550800,1135.92,1138.54,1135.72,1137.89,154,100,0
1755554400,1137.83,1138.40,1135.10,1135.36,164,74,0
1755619200,1126.68,1132.99,1120.64,1126.97,94,204,0
1755622800,1125.90,1131.26,1125.04,1130.06,154,174,0
1755626400,1130.06,1131.75,1127.65,1127.65,107,221,0
1755630000,1127.77,1128.28,1124.35,1124.75,71,187,0
1755633600,1124.75,1126.71,1122.51,1125.00,128,103,0
1755637200,1124.92,1126.41,1122.97,1125.67,144,104,0
1755640800,1125.67,1128.21,1124.45,1128.21,281,74,0
1755705600,1120.28,1126.30,1115.85,1118.36,144,222,0
1755709200,1118.00,1120.10,1114.10,1116.60,250,117,0
1755712800,1116.61,1123.20,1116.61,1119.72,156,106,0
1755716400,1119.72,1124.86,1119.33,1123.34,116,83,0
1755720000,1123.34,1128.88,1123.34,1128.57,147,81,0
1755723600,1128.57,1128.57,1122.76,1125.26,247,107,0
1755727200,1125.26,1132.38,1125.26,1127.50,203,74,0
1755792000,1124.21,1125.44,1120.38,1121.38,86,222,0
1755795600,1121.38,1125.91,1120.28,1120.70,126,129,0
1755799200,1120.76,1124.83,1117.96,1121.53,147,142,0
1755802800,1121.53,1125.77,1119.88,1124.12,159,124,0
1755806400,1124.12,1126.62,1121.91,1125.63,178,136,0
1755810000,1125.57,1127.45,1125.10,1127.45,221,109,0
1755813600,1126.37,1128.00,1121.91,1124.06,286,74,0
1755878400,1129.13,1132.97,1128.70,1129.05,122,220,0
1755882000,1129.05,1150.87,1129.05,1150.49,357,221,0
1755885600,1150.49,1154.57,1149.60,1153.75,162,146,0
1755889200,1153.80,1155.43,1150.28,1150.28,195,195,0
1755892800,1150.28,1152.98,1150.28,1150.43,114,154,0
1755896400,1150.43,1150.45,1146.34,1146.67,255,111,0
1755900000,1146.67,1148.55,1146.06,1148.18,248,75,0
1756137600,1141.44,1147.56,1139.91,1145.85,75,221,0
1756141200,1143.23,1145.52,1141.94,1144.11,122,221,0
1756144800,1144.11,1144.11,1139.88,1141.90,138,217,0
1756148400,1141.91,1143.47,1140.56,1142.25,134,185,0
1756152000,1142.25,1142.30,1139.34,1139.90,63,221,0
1756155600,1139.46,1140.77,1139.06,1139.19,79,93,0
1756159200,1139.19,1139.29,1136.28,1136.34,146,80,0
1756224000,1136.26,1139.08,1132.39,1132.70,145,222,0
1756227600,1131.88,1133.35,1127.64,1131.97,196,80,0
1756231200,1131.97,1131.97,1130.08,1130.16,114,203,0
1756234800,1130.16,1130.26,1127.74,1127.74,108,98,0
1756238400,1127.74,1130.00,1125.79,1129.77,218,104,0
1756242000,1129.77,1135.52,1129.77,1135.26,145,89,0
1756245600,1135.27,1140.61,1134.20,1139.35,208,84,0
1756310400,1135.26,1142.44,1133.02,1136.61,74,200,0
1756314000,1135.97,1139.58,1135.65,1136.04,190,116,0
1756317600,1136.04,1137.49,1134.34,1135.22,140,177,0
1756321200,1135.13,1136.83,1134.77,1135.65,157,83,0
1756324800,1135.66,1137.77,1134.03,1136.15,211,139,0
1756328400,1136.15,1137.06,1135.10,1136.13,161,113,0
1756332000,1136.12,1136.14,1131.27,1131.34,212,74,0
1756396800,1134.91,1137.01,1128.97,1128.97,111,221,0
1756400400,1128.97,1135.58,1128.79,1130.70,184,117,0
1756404000,1130.70,1131.41,1128.33,1131.37,150,200,0
1756407600,1131.42,1131.56,1128.54,1128.92,122,147,0
1756411200,1129.09,1129.47,1126.56,1126.66,138,144,0
1756414800,1126.66,1129.78,1126.66,1128.94,150,149,0
1756418400,1129.01,1130.63,1128.61,1129.44,216,86,0
1756483200,1130.99,1130.99,1122.66,1122.79,47,150,0
1756486800,1123.87,1125.48,1117.77,1121.80,266,129,0
1756490400,1121.80,1127.13,1121.80,1126.67,188,125,0
1756494000,1126.68,1129.16,1126.34,1126.53,176,74,0
1756497600,1126.04,1127.91,1125.49,1125.95,166,76,0
1756501200,1125.77,1126.07,1124.66,1125.38,228,108,0
1756504800,1125.25,1128.03,1124.35,1126.71,344,80,0
1756828800,1114.39,1114.94,1101.95,1107.96,194,221,0
1756832400,1107.96,1112.80,1104.59,1110.50,337,120,0
1756836000,1110.50,1111.26,1102.75,1103.10,136,153,0
1756839600,1104.20,1106.32,1103.50,1106.32,111,162,0
1756843200,1106.32,1109.71,1105.44,1109.71,109,74,0
1756846800,1109.71,1110.88,1106.60,1108.01,214,132,0
1756850400,1108.73,1114.01,1108.06,1113.62,246,74,0
1756915200,1111.91,1112.72,1104.75,1104.75,74,222,0
1756918800,1104.75,1107.51,1102.75,1106.35,207,138,0
1756922400,1106.29,1106.71,1100.26,1100.26,188,102,0
1756926000,1100.25,1100.75,1094.58,1096.76,187,84,0
1756929600,1096.76,1096.89,1091.81,1092.34,148,87,0
1756933200,1092.34,1096.62,1092.10,1095.55,277,79,0
1756936800,1095.54,1099.48,1094.08,1098.58,289,74,0
1757001600,1105.57,1108.63,1100.69,1104.43,117,186,0
1757005200,1104.43,1106.81,1100.77,1103.81,183,167,0
1757008800,1103.81,1106.90,1103.35,1105.98,209,95,0
1757012400,1105.98,1106.22,1104.02,1104.24,104,125,0
1757016000,1104.38,1109.42,1104.38,1108.59,167,129,0
1757019600,1108.43,1108.43,1106.36,1107.35,151,110,0
1757023200,1107.35,1108.42,1104.76,1107.88,213,74,0
1757088000,1106.33,1107.39,1087.45,1099.22,217,144,0
1757091600,1099.22,1099.84,1089.13,1091.23,274,129,0
1757095200,1091.45,1099.21,1090.50,1095.92,212,138,0
1757098800,1095.99,1097.98,1095.11,1096.21,87,159,0
1757102400,1096.23,1097.25,1094.86,1095.44,132,107,0
1757106000,1095.57,1101.21,1095.56,1100.67,140,99,0
1757109600,1100.67,1101.96,1098.06,1098.90,197,74,0
1757347200,1094.24,1100.63,1093.65,1097.39,103,145,0
1757350800,1096.10,1100.86,1094.68,1100.86,93,184,0
1757354400,1100.86,1103.32,1100.09,1101.46,91,128,0
1757358000,1101.23,1101.60,1099.74,1100.94,102,129,0
1757361600,1100.94,1102.54,1099.74,1100.19,111,89,0
1757365200,1100.19,1102.96,1099.91,1102.93,123,140,0
1757368800,1102.93,1105.21,1099.81,1104.65,191,80,0
1757433600,1104.04,1104.04,1099.52,1102.84,101,212,0
1757437200,1103.43,1109.51,1100.52,1109.35,214,110,0
1757440800,1109.35,1112.75,1107.27,1107.44,202,145,0
1757444400,1107.44,1107.44,1104.63,1104.79,131,190,0
1757448000,1104.73,1105.64,1103.71,1105.42,198,137,0
1757451600,1105.42,1109.39,1105.42,1108.37,165,102,0
1757455200,1108.27,1108.33,1104.91,1105.76,226,74,0
1757520000,1108.89,1111.34,1105.83,1107.25,63,221,0
1757523600,1108.64,1116.13,1108.64,1112.24,235,127,0
1757527200,1112.09,1113.35,1100.62,1103.87,244,90,0
1757530800,1103.78,1107.01,1102.84,1107.01,165,153,0
1757534400,1107.02,1108.26,1101.31,1101.54,184,114,0
1757538000,1101.61,1102.55,1099.75,1100.96,229,86,0
1757541600,1100.96,1104.42,1098.00,1102.30,269,108,0
1757606400,1103.89,1119.99,1103.88,1119.49,127,171,0
1757610000,1119.49,1128.93,1119.49,1124.84,217,137,0
1757613600,1124.51,1128.80,1124.24,1128.01,235,100,0
1757617200,1128.01,1131.10,1127.88,1130.25,123,90,0
1757620800,1130.50,1136.96,1130.25,1136.90,150,74,0
1757624400,1137.93,1137.93,1134.58,1135.48,233,96,0
1757628000,1135.39,1140.01,1133.62,1133.65,297,76,0
1757692800,1134.39,1134.39,1129.58,1131.85,55,221,0
1757696400,1131.85,1131.85,1121.46,1122.60,131,187,0
1757700000,1122.60,1124.46,1117.91,1117.97,149,112,0
1757703600,1118.26,1122.78,1117.91,1122.70,141,155,0
1757707200,1122.70,1126.81,1121.95,1125.41,194,136,0
1757710800,1125.38,1127.40,1122.54,1124.04,312,74,0
1757714400,1123.99,1124.67,1118.42,1122.46,250,74,0
1757952000,1121.39,1123.76,1117.50,1119.13,71,221,0
1757955600,1119.14,1123.36,1113.47,1121.74,193,106,0
1757959200,1121.74,1123.51,1112.78,1113.43,151,185,0
1757962800,1113.43,1116.87,1112.23,1112.23,122,91,0
1757966400,1112.23,1113.44,1109.71,1113.16,99,126,0
1757970000,1113.07,1114.54,1110.75,1112.83,120,87,0
1757973600,1112.83,1115.36,1109.75,1114.05,272,74,0
1758038400,1120.78,1120.78,1111.80,1113.50,117,221,0
1758042000,1112.42,1116.35,1108.75,1110.38,214,89,0
1758045600,1110.38,1112.88,1107.58,1110.39,125,158,0
1758049200,1110.39,1116.15,1110.39,1115.36,82,139,0
1758052800,1115.35,1115.35,1112.13,1112.81,116,185,0
1758056400,1112.70,1122.42,1111.99,1121.32,249,74,0
1758060000,1121.32,1121.51,1114.97,1117.54,287,74,0
1758124800,1119.34,1128.41,1119.34,1124.53,126,166,0
1758128400,1124.53,1126.48,1119.31,1122.25,299,103,0
1758132000,1122.00,1123.84,1119.80,1122.51,198,89,0
1758135600,1122.06,1125.38,1122.06,1123.78,90,76,0
1758139200,1123.79,1125.03,1119.66,1122.54,118,111,0
1758142800,1126.19,1130.92,1114.31,1123.17,289,74,0
1758146400,1123.17,1131.83,1121.86,1130.82,383,74,0
1758211200,1136.39,1141.57,1132.78,1140.68,253,222,0
1758214800,1139.72,1151.21,1139.71,1144.12,653,99,0
1758218400,1144.49,1146.88,1141.75,1143.57,490,102,0
1758222000,1143.24,1144.06,1139.44,1141.55,383,82,0
1758225600,1141.55,1141.73,1137.02,1137.41,401,74,0
1758229200,1138.00,1140.81,1137.46,1137.71,467,77,0
1758232800,1137.96,1139.15,1135.07,1136.34,591,87,0
1758297600,1140.24,1141.32,1126.09,1129.08,220,222,0
1758301200,1129.09,1137.19,1128.08,1130.39,349,107,0
1758304800,1130.39,1134.01,1128.07,1133.43,381,105,0
1758308400,1133.71,1139.30,1133.38,1135.63,294,103,0
1758312000,1135.62,1139.57,1134.10,1139.57,182,107,0
1758315600,1139.32,1140.34,1136.42,1139.44,233,87,0
1758319200,1139.55,1143.76,1138.29,1141.41,455,85,0
1758556800,1136.29,1140.09,1133.06,1137.44,456,157,0
1758560400,1135.99,1140.35,1134.39,1138.95,692,101,0
1758564000,1138.95,1140.15,1136.21,1137.35,295,117,0
1758567600,1137.36,1139.38,1136.09,1137.34,193,103,0
1758571200,1137.55,1139.14,1136.46,1137.67,197,101,0
1758574800,1137.47,1137.68,1135.37,1136.61,215,88,0
1758578400,1136.48,1138.27,1135.11,1135.21,401,74,0
1758643200,1135.65,1145.15,1135.31,1144.19,174,201,0
1758646800,1144.06,1144.27,1135.57,1140.51,285,130,0
1758650400,1140.52,1141.59,1133.79,1133.81,245,132,0
1758654000,1133.86,1137.01,1133.12,1136.50,158,97,0
1758657600,1136.45,1136.57,1127.69,1128.49,341,88,0
1758661200,1128.80,1128.92,1127.08,1127.34,278,150,0
1758664800,1127.30,1133.39,1126.97,1131.04,769,74,0
1758729600,1132.80,1136.81,1130.32,1132.58,118,157,0
1758733200,1131.50,1135.75,1131.34,1132.36,209,151,0
1758736800,1132.36,1132.74,1125.87,1126.38,256,160,0
1758740400,1126.50,1129.01,1125.43,1127.96,250,115,0
1758744000,1127.81,1130.34,1125.84,1126.88,203,111,0
1758747600,1126.46,1129.56,1126.18,1127.93,222,109,0
1758751200,1127.93,1128.85,1125.45,1127.06,454,80,0
1758816000,1121.39,1123.76,1116.43,1122.83,260,159,0
1758819600,1123.16,1133.25,1122.49,1131.90,379,133,0
1758823200,1131.88,1133.84,1126.45,1133.34,417,102,0
1758826800,1133.19,1136.19,1130.90,1135.22,348,105,0
1758830400,1135.04,1137.43,1134.35,1135.18,468,112,0
1758834000,1135.10,1142.66,1132.04,1142.38,509,94,0
1758837600,1142.45,1146.87,1141.10,1146.59,801,74,0
1758902400,1150.38,1155.82,1147.65,1155.51,219,134,0
1758906000,1156.02,1156.02,1150.46,1152.58,568,99,0
1758909600,1152.56,1154.59,1150.46,1152.34,456,92,0
1758913200,1152.34,1157.17,1150.14,1156.17,326,85,0
1758916800,1156.23,1157.24,1155.95,1156.28,294,135,0
1758920400,1156.28,1156.68,1153.79,1156.03,416,84,0
1758924000,1155.74,1157.32,1153.83,1155.44,557,83,0
1759161600,1163.64,1169.46,1163.63,1168.79,270,113,0
1759165200,1168.20,1180.61,1167.90,1177.16,686,112,0
1759168800,1177.06,1179.18,1170.88,1172.45,394,89,0
1759172400,1171.96,1174.98,1171.25,1173.01,235,105,0
1759176000,1173.00,1173.01,1166.59,1169.91,286,99,0
1759179600,1169.73,1174.38,1168.69,1173.52,395,87,0
1759183200,1173.61,1174.15,1169.13,1173.75,561,76,0
1759248000,1176.86,1182.79,1174.23,1179.20,556,100,0
1759251600,1179.22,1179.70,1166.71,1167.04,857,127,0
1759255200,1166.93,1167.86,1161.80,1162.82,421,95,0
1759258800,1162.74,1164.46,1160.29,1160.67,355,133,0
1759262400,1160.67,1160.82,1154.10,1154.25,332,100,0
1759266000,1154.25,1163.00,1153.51,1161.35,408,104,0
1759269600,1161.84,1167.02,1161.71,1165.25,714,87,0
1759334400,1155.66,1157.22,1139.15,1143.46,337,132,0
1759338000,1143.47,1146.03,1133.18,1143.93,689,125,0
1759341600,1143.94,1147.64,1142.25,1145.11,404,118,0
1759345200,1145.13,1145.13,1139.42,1140.02,248,109,0
1759348800,1140.03,1146.75,1140.03,1140.77,384,110,0
1759352400,1141.01,1144.75,1137.90,1144.26,443,85,0
1759356000,1144.42,1144.47,1139.75,1140.09,661,74,0
1759420800,1146.44,1148.72,1140.76,1147.05,515,132,0
1759424400,1147.66,1150.95,1141.45,1149.44,1246,95,0
1759428000,1148.73,1152.14,1138.38,1141.09,650,99,0
1759431600,1141.00,1148.32,1139.83,1147.79,577,107,0
1759435200,1147.79,1153.99,1146.14,1153.99,257,79,0
1759438800,1153.99,1163.42,1153.99,1161.40,910,74,0
1759442400,1161.85,1166.87,1158.49,1159.62,805,74,0
1759507200,1166.14,1167.56,1162.83,1163.27,256,173,0
1759510800,1163.27,1165.97,1156.98,1164.80,530,103,0
1759514400,1165.03,1165.03,1159.85,1163.93,405,97,0
1759518000,1163.95,1165.38,1160.94,1161.18,239,108,0
1759521600,1161.42,1162.48,1156.66,1158.11,590,95,0
1759525200,1158.12,1162.73,1157.00,1160.10,489,100,0
1759528800,1160.17,1162.68,1158.70,1160.13,646,93,0
1759766400,1166.97,1173.86,1162.19,1162.25,408,204,0
1759770000,1162.60,1171.30,1158.64,1170.17,413,128,0
1759773600,1170.09,1172.76,1169.14,1170.47,536,109,0
1759777200,1170.47,1172.16,1167.48,1171.08,285,97,0
1759780800,1170.98,1171.70,1168.01,1170.68,336,109,0
1759784400,1170.94,1173.34,1167.47,1172.70,602,78,0
1759788000,1172.75,1183.34,1171.73,1178.95,872,88,0
1759852800,1178.55,1181.94,1177.17,1178.54,214,132,0
1759856400,1179.75,1181.10,1163.24,1167.32,515,137,0
1759860000,1167.16,1169.54,1158.20,1158.74,833,149,0
1759863600,1158.74,1165.13,1154.90,1161.35,617,95,0
1759867200,1161.28,1168.32,1161.28,1167.19,383,130,0
1759870800,1167.72,1169.26,1165.14,1167.96,535,85,0
1759874400,1167.74,1168.11,1163.60,1165.94,555,86,0
1759939200,1167.39,1168.90,1155.39,1158.83,208,165,0
1759942800,1158.63,1168.07,1158.63,1167.09,428,177,0
1759946400,1166.98,1174.78,1166.38,1173.62,326,115,0
1759950000,1173.57,1175.62,1172.46,1174.59,274,105,0
1759953600,1174.22,1176.40,1174.22,1174.67,252,116,0
1759957200,1174.67,1174.88,1162.86,1163.28,364,96,0
1759960800,1163.28,1166.41,1162.72,1163.95,378,82,0
1760025600,1168.15,1176.39,1165.53,1167.01,239,74,0
1760029200,1166.50,1167.12,1156.26,1161.40,670,97,0
1760032800,1160.79,1163.38,1160.06,1162.02,247,124,0
1760036400,1162.12,1162.99,1158.59,1158.93,324,86,0
1760040000,1159.02,1163.68,1158.01,1163.38,192,150,0
1760043600,1163.38,1164.87,1161.26,1161.92,272,92,0
1760047200,1161.88,1167.20,1161.66,1166.01,538,74,0
1760112000,1170.69,1179.63,1169.69,1173.47,349,136,0
1760115600,1173.94,1176.76,1161.67,1162.15,846,107,0
1760119200,1162.28,1165.35,1142.35,1143.59,866,141,0
1760122800,1143.52,1145.67,1138.99,1139.82,578,131,0
1760126400,1139.46,1141.72,1135.38,1140.30,401,101,0
1760130000,1140.31,1141.84,1136.81,1137.86,437,80,0
1760133600,1138.03,1140.40,1130.82,1131.37,807,84,0
1760371200,1146.26,1157.22,1144.27,1157.11,394,184,0
1760374800,1155.99,1158.00,1150.57,1151.98,735,121,0
1760378400,1151.98,1157.86,1151.53,1156.12,428,97,0
1760382000,1156.26,1159.86,1154.75,1158.86,398,115,0
1760385600,1159.01,1159.79,1154.64,1156.13,368,92,0
1760389200,1156.12,1162.16,1154.60,1154.97,532,93,0
1760392800,1154.83,1157.32,1153.56,1154.92,610,74,0
1760457600,1140.89,1203.57,1140.39,1164.68,1174,205,0
1760461200,1164.70,1182.45,1156.32,1168.51,994,163,0
1760464800,1168.26,1174.57,1158.88,1170.31,494,176,0
1760468400,1170.32,1181.85,1159.54,1179.35,738,190,0
1760472000,1179.27,1198.97,1175.44,1195.85,578,146,0
1760475600,1196.79,1204.46,1194.83,1198.28,726,123,0
1760479200,1198.40,1200.72,1191.42,1194.23,1000,93,0
1760544000,1202.87,1212.99,1199.84,1209.37,467,211,0
1760547600,1208.69,1217.69,1204.43,1206.00,682,145,0
1760551200,1206.69,1206.69,1187.89,1194.89,565,91,0
1760554800,1194.50,1200.27,1187.32,1189.77,518,101,0
1760558400,1189.79,1189.79,1177.03,1186.75,645,113,0
1760562000,1188.32,1191.67,1184.80,1191.67,716,103,0
1760565600,1191.67,1202.15,1191.67,1201.49,582,82,0
1760630400,1205.56,1206.85,1197.22,1198.31,236,222,0
1760634000,1198.02,1207.28,1195.34,1203.80,724,121,0
1760637600,1203.71,1208.68,1192.50,1195.11,736,97,0
1760641200,1194.72,1194.72,1177.44,1182.21,721,138,0
1760644800,1182.22,1185.23,1175.73,1178.56,880,113,0
1760648400,1178.42,1179.42,1170.54,1176.68,756,74,0
1760652000,1176.34,1179.25,1166.63,1171.42,1152,74,0
1760716800,1166.96,1173.91,1155.17,1172.19,391,189,0
1760720400,1172.23,1173.81,1160.47,1163.54,831,101,0
1760724000,1163.31,1169.87,1162.11,1169.59,369,141,0
1760727600,1169.70,1170.13,1161.68,1162.03,716,109,0
1760731200,1161.69,1166.09,1160.12,1165.94,314,127,0
1760734800,1165.87,1169.69,1165.37,1165.37,543,94,0
1760738400,1165.37,1169.60,1160.26,1160.82,694,74,0
1760976000,1170.89,1173.73,1161.88,1165.25,550,93,0
1760979600,1165.26,1167.55,1158.15,1165.32,804,101,0
1760983200,1165.06,1169.89,1163.72,1167.43,494,99,0
1760986800,1167.63,1170.00,1166.17,1169.67,440,91,0
1760990400,1169.71,1171.11,1164.85,1165.84,448,74,0
1760994000,1165.84,1166.95,1163.00,1164.63,430,76,0
1760997600,1164.64,1166.38,1158.81,1159.11,814,74,0
1761062400,1155.88,1158.44,1154.05,1155.76,248,146,0
1761066000,1155.67,1155.67,1142.76,1152.63,638,110,0
1761069600,1152.63,1153.60,1142.08,1143.04,934,86,0
1761073200,1143.03,1148.51,1141.96,1145.98,655,74,0
1761076800,1145.98,1145.98,1141.52,1143.66,662,74,0
1761080400,1143.66,1143.76,1137.76,1137.82,671,79,0
1761084000,1137.86,1139.64,1129.18,1129.50,1060,74,0
1761148800,1128.29,1133.05,1126.65,1129.03,348,138,0
1761152400,1129.42,1131.43,1125.75,1129.23,1095,89,0
1761156000,1129.24,1134.54,1128.38,1129.50,1077,74,0
1761159600,1128.93,1131.12,1122.91,1129.30,644,90,0
1761163200,1129.30,1129.68,1122.39,1123.28,398,76,0
1761166800,1123.29,1128.93,1120.20,1128.59,569,130,0
1761170400,1127.76,1130.02,1126.09,1129.18,805,74,0
1761235200,1130.86,1131.62,1124.85,1125.90,202,198,0
1761238800,1125.48,1128.30,1117.53,1125.30,544,153,0
1761242400,1125.32,1126.04,1119.83,1122.50,340,114,0
1761246000,1122.50,1126.80,1121.52,1126.61,204,125,0
1761249600,1126.28,1129.28,1125.77,1128.64,243,98,0
1761253200,1128.73,1129.80,1127.85,1128.04,194,81,0
1761256800,1128.04,1129.04,1123.36,1123.43,481,74,0
1761321600,1138.89,1140.87,1134.38,1136.96,196,132,0
1761325200,1137.95,1139.30,1134.21,1138.51,313,109,0
1761328800,1138.55,1143.09,1137.88,1138.48,709,83,0
1761332400,1138.43,1138.86,1132.27,1134.17,486,115,0
1761336000,1134.18,1136.74,1132.39,1135.89,382,105,0
1761339600,1136.23,1139.65,1135.74,1139.27,178,95,0
1761343200,1139.44,1140.74,1135.97,1136.38,541,96,0
1761577200,1143.81,1145.64,1138.14,1138.77,434,129,0
1761580800,1138.57,1138.94,1132.08,1135.48,641,127,0
1761584400,1135.65,1136.51,1131.74,1133.82,321,126,0
1761588000,1133.80,1135.17,1128.20,1130.74,392,78,0
1761591600,1131.54,1131.59,1128.44,1128.97,311,81,0
1761595200,1128.97,1134.01,1128.82,1132.52,356,76,0
1761598800,1133.00,1135.14,1129.03,1129.55,578,74,0
1761663600,1132.02,1134.61,1129.15,1132.23,180,219,0
1761667200,1131.92,1136.44,1130.33,1130.43,586,102,0
1761670800,1130.38,1131.41,1124.74,1127.09,468,142,0
1761674400,1127.09,1131.14,1126.79,1131.14,327,92,0
1761678000,1131.07,1131.76,1129.39,1130.15,164,139,0
1761681600,1130.06,1131.74,1129.72,1130.82,359,96,0
1761685200,1130.82,1130.82,1124.28,1124.45,537,84,0
1761750000,1115.89,1118.88,1112.43,1112.43,265,117,0
1761753600,1112.64,1118.07,1110.83,1114.04,669,85,0
1761757200,1114.00,1118.24,1113.19,1115.43,484,81,0
1761760800,1115.53,1116.61,1112.36,1112.62,357,98,0
1761764400,1112.59,1113.11,1109.80,1112.20,309,74,0
1761768000,1112.46,1113.24,1102.30,1105.98,632,124,0
1761771600,1105.89,1107.43,1096.47,1097.33,1178,74,0
1761836400,1095.98,1104.96,1092.07,1103.80,450,164,0
1761840000,1103.84,1105.06,1099.14,1101.71,617,132,0
1761843600,1101.71,1104.12,1096.90,1101.60,519,103,0
1761847200,1101.75,1103.15,1099.21,1100.14,385,114,0
1761850800,1099.40,1102.22,1096.48,1101.60,416,84,0
1761854400,1101.55,1102.05,1098.14,1098.90,426,97,0
1761858000,1098.95,1102.61,1095.30,1096.96,679,74,0
1761922800,1089.35,1091.80,1082.39,1085.62,334,126,0
1761926400,1085.88,1087.09,1078.63,1081.23,745,74,0
1761930000,1081.50,1082.28,1073.67,1078.01,771,107,0
1761933600,1077.55,1080.92,1077.08,1077.22,404,91,0
1761937200,1077.19,1078.31,1074.05,1077.36,326,88,0
1761940800,1077.78,1082.49,1077.68,1081.32,357,104,0
1761944400,1081.43,1083.97,1079.74,1081.71,685,74,0
1762185600,1082.78,1082.78,1062.82,1063.10,495,105,0
1762189200,1063.22,1073.75,1056.85,1073.75,900,74,0
1762192800,1073.61,1074.38,1070.19,1073.83,543,74,0
1762196400,1073.83,1073.83,1064.42,1067.88,407,76,0
1762200000,1067.88,1073.32,1067.88,1071.91,369,74,0
1762203600,1072.11,1077.18,1072.11,1072.28,355,77,0
1762207200,1072.28,1073.50,1068.29,1068.53,891,74,0
1762272000,1059.33,1065.67,1058.30,1062.39,689,82,0
1762275600,1062.39,1064.90,1060.17,1061.61,1138,74,0
1762279200,1061.61,1062.64,1058.93,1061.47,795,74,0
1762282800,1061.47,1061.91,1056.55,1057.49,570,74,0
1762286400,1057.49,1060.26,1056.80,1058.96,507,76,0
1762290000,1058.97,1060.45,1057.26,1059.07,697,74,0
1762293600,1059.13,1062.57,1056.90,1059.17,1221,74,0
1762358400,1056.69,1065.12,1052.95,1064.06,529,110,0
1762362000,1063.80,1074.09,1061.41,1071.10,1135,74,0
1762365600,1071.36,1081.90,1070.07,1080.30,891,74,0
1762369200,1080.30,1081.79,1077.89,1080.09,609,74,0
1762372800,1080.03,1081.46,1074.96,1077.14,575,74,0
1762376400,1077.04,1077.04,1072.17,1072.80,510,74,0
1762380000,1072.80,1076.74,1072.06,1073.09,997,74,0
1762444800,1067.26,1076.36,1064.65,1064.65,379,106,0
1762448400,1064.66,1070.78,1057.78,1060.60,787,103,0
1762452000,1060.60,1062.29,1055.75,1058.86,968,74,0
1762455600,1059.03,1064.27,1058.63,1061.84,662,88,0
1762459200,1061.84,1069.13,1059.65,1067.80,632,76,0
1762462800,1067.79,1069.51,1064.43,1066.91,701,77,0
1762466400,1066.60,1072.49,1066.00,1068.82,1185,74,0
1762531200,1065.82,1070.20,1058.25,1068.76,425,106,0
1762534800,1068.85,1074.53,1064.16,1064.16,890,90,0
1762538400,1064.05,1069.86,1060.49,1066.41,744,74,0
1762542000,1066.48,1071.64,1062.34,1071.13,709,75,0
1762545600,1071.16,1075.37,1069.98,1075.24,670,74,0
1762549200,1075.21,1082.02,1072.70,1081.98,828,74,0
1762552800,1081.99,1082.43,1077.66,1081.75,1497,74,0
1762790400,1083.68,1091.33,1070.80,1072.06,680,89,0
1762794000,1072.32,1080.13,1071.55,1075.67,809,90,0
1762797600,1075.67,1078.55,1072.74,1078.55,698,79,0
1762801200,1078.47,1082.34,1077.01,1081.43,633,74,0
1762804800,1081.43,1082.74,1079.10,1082.71,587,74,0
1762808400,1082.71,1085.63,1082.00,1082.49,635,74,0
1762812000,1082.49,1083.42,1077.93,1081.97,1234,74,0
1762876800,1080.94,1085.42,1077.42,1083.99,441,89,0
1762880400,1083.93,1084.62,1079.86,1084.35,515,89,0
1762884000,1084.36,1085.62,1083.66,1085.05,584,74,0
1762887600,1085.05,1085.45,1081.10,1082.14,430,76,0
1762891200,1082.14,1085.45,1082.01,1083.78,656,74,0
1762894800,1083.70,1084.37,1082.89,1083.13,413,74,0
1762898400,1083.07,1085.12,1081.77,1084.92,868,74,0
1762963200,1086.80,1095.34,1085.86,1095.26,578,82,0
1762966800,1095.26,1097.82,1090.67,1093.78,580,86,0
1762970400,1093.78,1094.32,1090.30,1092.80,604,74,0
1762974000,1092.80,1096.74,1091.75,1095.90,556,74,0
1762977600,1095.90,1096.69,1093.63,1094.80,410,74,0
1762981200,1094.77,1095.26,1090.99,1092.82,656,74,0
1762984800,1092.70,1095.67,1090.74,1093.20,931,74,0
1763049600,1090.57,1092.39,1085.75,1086.74,537,78,0
1763053200,1086.86,1087.43,1076.75,1078.92,921,84,0
1763056800,1078.92,1082.68,1076.66,1078.90,1158,74,0
1763060400,1078.90,1079.08,1072.79,1073.91,892,74,0
1763064000,1073.91,1074.63,1065.29,1069.38,952,74,0
1763067600,1069.38,1069.97,1060.03,1063.45,877,74,0
1763071200,1063.36,1068.80,1061.77,1068.80,1514,74,0
1763136000,1063.71,1063.71,1047.93,1056.30,734,95,0
1763139600,1056.21,1060.60,1050.60,1057.72,866,90,0
1763143200,1057.43,1063.68,1055.89,1062.55,764,80,0
1763146800,1062.55,1065.32,1061.46,1063.87,680,74,0
1763150400,1063.87,1063.87,1057.56,1061.36,546,74,0
1763154000,1061.36,1063.43,1059.26,1063.43,537,74,0
1763157600,1063.40,1063.72,1056.27,1057.11,1113,74,0
1763395200,1055.74,1055.74,1045.92,1048.26,442,91,0
1763398800,1048.26,1052.81,1046.25,1050.55,770,85,0
1763402400,1050.55,1050.55,1040.60,1046.53,1028,74,0
1763406000,1046.54,1046.55,1038.75,1038.76,773,74,0
1763409600,1038.36,1038.50,1030.74,1030.75,861,74,0
1763413200,1030.65,1030.65,1014.91,1014.91,1406,75,0
1763416800,1014.91,1025.98,1013.80,1022.95,1955,74,0
1763481600,1019.09,1023.36,1011.81,1015.86,660,107,0
1763485200,1016.37,1018.76,1010.09,1015.81,998,104,0
1763488800,1015.88,1022.80,1014.93,1018.77,875,88,0
1763492400,1018.77,1025.71,1013.68,1024.30,744,79,0
1763496000,1024.33,1025.97,1020.25,1021.81,860,74,0
1763499600,1022.32,1024.26,1019.82,1021.14,788,76,0
1763503200,1021.14,1023.89,1018.16,1018.70,1382,74,0
1763568000,1018.70,1023.68,1016.77,1023.04,527,111,0
1763571600,1023.05,1023.89,1013.15,1013.63,690,79,0
1763575200,1013.72,1017.55,1012.72,1014.13,756,81,0
1763578800,1014.28,1017.21,1010.74,1015.88,771,83,0
1763582400,1015.96,1018.40,1012.97,1016.25,844,74,0
1763586000,1016.26,1016.36,1008.74,1011.92,761,74,0
1763589600,1011.88,1017.66,1011.75,1013.56,1637,74,0
1763654400,1026.92,1030.99,1024.00,1028.20,669,101,0
1763658000,1028.08,1028.36,1018.18,1018.26,713,79,0
1763661600,1018.22,1019.91,1004.02,1004.15,974,88,0
1763665200,1004.15,1007.63,994.54,999.68,1157,84,0
1763668800,999.59,1004.16,989.98,992.97,917,74,0
1763672400,992.84,997.97,992.50,997.78,872,74,0
1763676000,997.76,998.29,990.88,991.83,1539,74,0
1763740800,997.68,999.69,990.35,996.01,680,88,0
1763744400,996.53,999.75,993.38,996.98,1384,83,0
1763748000,996.99,1009.91,992.76,1009.66,1284,74,0
1763751600,1009.56,1010.39,1005.51,1008.76,1048,74,0
1763755200,1008.76,1011.74,1004.51,1008.88,881,74,0
1763758800,1008.82,1011.97,1005.86,1007.22,845,74,0
1763762400,1007.21,1014.66,1003.85,1013.97,1574,74,0
1764000000,1012.89,1016.46,1004.54,1016.46,487,92,0
1764003600,1016.46,1023.18,1014.15,1020.43,810,74,0
1764007200,1020.43,1021.56,1015.43,1016.45,656,74,0
1764010800,1016.48,1022.51,1016.17,1020.72,555,74,0
1764014400,1020.83,1023.49,1020.60,1022.83,455,74,0
1764018000,1022.83,1023.42,1015.81,1016.44,587,74,0
1764021600,1016.44,1020.54,1016.40,1018.21,1233,74,0
1764086400,1020.00,1024.75,1010.54,1020.23,510,104,0
1764090000,1020.25,1027.06,1017.80,1024.15,843,74,0
1764093600,1024.05,1026.17,1022.34,1025.36,663,74,0
1764097200,1025.55,1029.78,1025.55,1027.97,503,75,0
1764100800,1027.98,1028.95,1026.13,1026.26,540,74,0
1764104400,1026.28,1028.79,1025.80,1028.50,620,74,0
1764108000,1028.62,1032.51,1027.80,1029.42,1147,74,0
1764172800,1031.24,1039.82,1029.51,1038.67,375,92,0
1764176400,1038.74,1044.63,1037.34,1044.55,712,74,0
1764180000,1044.54,1047.54,1043.97,1046.41,536,74,0
1764183600,1046.41,1046.73,1043.81,1044.43,510,74,0
1764187200,1044.43,1047.65,1043.76,1045.03,576,74,0
1764190800,1045.03,1047.49,1044.13,1044.47,556,79,0
1764194400,1044.47,1046.84,1039.84,1039.84,1083,74,0
1764345600,1047.24,1050.30,1043.57,1047.81,387,101,0
1764349200,1047.82,1053.52,1047.66,1052.55,610,74,0
1764352800,1052.52,1053.44,1050.18,1052.14,626,74,0
1764356400,1051.97,1051.97,1043.42,1045.34,1005,74,0
1764604800,1041.73,1048.38,1036.75,1047.90,372,78,0
1764608400,1047.90,1047.90,1038.63,1041.59,649,80,0
1764612000,1041.44,1049.45,1041.37,1048.61,556,74,0
1764615600,1048.61,1051.57,1046.60,1050.45,538,74,0
1764619200,1050.45,1051.96,1048.93,1049.13,563,74,0
1764622800,1049.13,1049.13,1041.74,1042.43,702,74,0
1764626400,1042.43,1043.85,1038.57,1039.67,1044,74,0
1764691200,1043.89,1044.51,1030.89,1037.05,637,108,0
1764694800,1036.74,1042.79,1035.21,1042.18,770,74,0
1764698400,1042.45,1044.07,1037.61,1037.85,749,74,0
1764702000,1037.86,1041.89,1036.82,1036.82,607,74,0
1764705600,1036.72,1038.54,1035.09,1037.40,643,74,0
1764709200,1037.40,1042.53,1036.79,1041.55,720,74,0
1764712800,1041.27,1043.97,1037.90,1038.24,929,74,0
1764777600,1041.44,1050.93,1040.00,1050.30,305,101,0
1764781200,1050.30,1061.86,1050.30,1057.82,676,74,0
1764784800,1057.83,1062.74,1057.67,1061.78,544,74,0
1764788400,1061.78,1072.73,1059.90,1072.03,739,74,0
1764792000,1072.03,1076.34,1070.75,1073.50,805,74,0
1764795600,1073.49,1075.57,1071.58,1075.45,440,74,0
1764799200,1075.45,1080.30,1073.68,1079.66,1075,74,0
1764864000,1077.86,1085.90,1077.36,1078.40,631,97,0
1764867600,1077.36,1083.43,1077.36,1081.95,806,74,0
1764871200,1081.95,1083.73,1079.17,1079.81,599,74,0
1764874800,1079.56,1081.42,1076.25,1080.16,519,74,0
1764878400,1080.15,1081.04,1076.58,1080.88,502,74,0
1764882000,1080.82,1081.14,1074.74,1077.78,632,74,0
1764885600,1077.78,1078.05,1071.53,1074.84,1066,74,0
1764950400,1067.75,1070.30,1062.69,1067.21,537,95,0
1764954000,1067.53,1072.79,1066.81,1070.39,899,79,0
1764957600,1070.39,1072.63,1067.79,1072.63,677,74,0
1764961200,1072.62,1072.64,1068.14,1071.57,455,75,0
1764964800,1071.59,1073.30,1068.35,1070.40,420,74,0
1764968400,1070.40,1070.45,1067.55,1069.26,371,74,0
1764972000,1069.26,1071.86,1067.74,1070.91,828,74,0
1765209600,1072.74,1076.26,1070.26,1072.41,405,93,0
1765213200,1072.64,1072.90,1063.02,1066.37,853,79,0
1765216800,1066.01,1069.07,1062.17,1063.30,577,74,0
1765220400,1063.30,1063.30,1058.60,1060.95,537,76,0
1765224000,1060.57,1060.87,1056.59,1057.90,614,75,0
1765227600,1058.12,1062.40,1057.24,1060.47,668,79,0
1765231200,1060.47,1062.11,1059.76,1061.47,820,74,0
1765296000,1058.34,1069.32,1058.09,1068.96,348,117,0
1765299600,1068.89,1072.98,1068.32,1070.02,502,74,0
1765303200,1070.22,1072.72,1069.72,1070.55,474,75,0
1765306800,1070.55,1070.99,1063.06,1065.91,546,76,0
1765310400,1065.92,1071.34,1063.52,1070.38,554,88,0
1765314000,1070.38,1071.42,1067.60,1070.99,449,74,0
1765317600,1070.98,1073.49,1069.12,1070.44,951,74,0
1765382400,1072.16,1077.66,1071.05,1077.03,329,99,0
1765386000,1076.84,1078.57,1071.45,1074.57,601,95,0
1765389600,1074.47,1078.56,1073.56,1077.18,491,74,0
1765393200,1076.73,1078.69,1075.20,1077.34,467,76,0
1765396800,1077.34,1080.55,1076.06,1076.86,441,76,0
1765400400,1077.08,1085.22,1077.08,1084.49,935,84,0
1765404000,1084.50,1089.09,1082.40,1082.93,1513,74,0
1765468800,1078.29,1089.45,1078.29,1087.88,352,99,0
1765472400,1087.59,1091.50,1085.76,1089.63,626,86,0
1765476000,1088.70,1092.36,1086.27,1090.34,626,74,0
1765479600,1090.80,1093.06,1089.61,1092.71,590,74,0
1765483200,1092.77,1098.02,1092.70,1097.60,529,75,0
1765486800,1097.77,1103.66,1097.77,1102.44,603,74,0
1765490400,1102.44,1103.12,1099.49,1101.38,1106,74,0
1765555200,1101.31,1105.03,1099.70,1101.62,565,118,0
1765558800,1101.62,1102.42,1089.76,1090.92,692,83,0
1765562400,1090.99,1093.01,1085.40,1089.73,1101,82,0
1765566000,1089.61,1091.20,1085.73,1089.82,599,90,0
1765569600,1089.97,1094.79,1089.26,1089.97,615,93,0
1765573200,1089.97,1090.83,1084.57,1088.11,757,82,0
1765576800,1088.11,1091.70,1086.80,1088.76,1165,74,0
1765814400,1095.08,1097.75,1089.15,1090.07,468,101,0
1765818000,1090.08,1091.52,1086.18,1087.28,960,74,0
1765821600,1087.28,1087.34,1080.28,1083.82,866,74,0
1765825200,1083.66,1085.06,1078.25,1083.46,920,74,0
1765828800,1083.57,1085.02,1080.29,1083.90,612,74,0
1765832400,1083.81,1085.15,1081.72,1085.08,587,74,0
1765836000,1085.08,1085.08,1080.34,1081.45,1294,74,0
1765900800,1080.95,1081.62,1068.04,1072.15,581,78,0
1765904400,1072.08,1073.32,1063.30,1072.28,735,88,0
1765908000,1072.30,1075.11,1069.74,1070.32,680,74,0
1765911600,1070.67,1074.00,1065.80,1066.59,607,81,0
1765915200,1066.59,1071.76,1064.91,1069.20,550,74,0
1765918800,1069.20,1069.84,1063.17,1068.19,548,74,0
1765922400,1068.18,1070.77,1066.96,1067.09,1289,74,0
1765987200,1072.59,1081.30,1070.75,1080.53,611,93,0
1765990800,1080.52,1082.40,1071.28,1072.42,832,88,0
1765994400,1072.42,1077.36,1071.64,1075.03,963,74,0
1765998000,1074.75,1074.80,1069.93,1069.97,690,81,0
1766001600,1070.15,1072.15,1067.68,1069.20,664,89,0
1766005200,1069.20,1071.24,1068.16,1069.72,795,76,0
1766008800,1069.73,1070.16,1063.94,1064.40,1188,74,0
1766073600,1069.08,1077.84,1066.40,1076.57,326,103,0
1766077200,1076.91,1077.63,1070.86,1073.24,564,80,0
1766080800,1073.22,1073.22,1062.19,1065.42,618,74,0
1766084400,1065.55,1065.93,1056.99,1064.90,683,74,0
1766088000,1064.90,1068.72,1062.93,1067.49,385,76,0
1766091600,1067.55,1068.60,1061.86,1064.01,531,74,0
1766095200,1064.12,1067.62,1062.74,1063.99,1057,74,0
1766160000,1064.87,1066.70,1059.85,1061.80,254,84,0
1766163600,1061.80,1067.27,1060.38,1064.51,552,74,0
1766167200,1064.15,1066.51,1062.67,1064.05,515,74,0
1766170800,1064.05,1064.07,1060.79,1060.84,444,74,0
1766174400,1060.84,1063.64,1059.83,1060.23,403,74,0
1766178000,1060.23,1061.82,1059.32,1059.74,481,74,0
1766181600,1059.75,1060.41,1057.03,1058.09,1458,74,0
1766419200,1064.39,1082.84,1064.15,1081.40,449,96,0
1766422800,1081.40,1090.05,1081.32,1086.12,601,75,0
1766426400,1086.12,1088.74,1083.78,1085.07,660,74,0
1766430000,1084.92,1085.49,1084.17,1084.56,494,74,0
1766433600,1084.57,1089.70,1084.01,1087.49,592,74,0
1766437200,1087.38,1089.14,1085.92,1086.65,527,74,0
1766440800,1086.74,1089.03,1085.42,1087.21,994,74,0
1766505600,1087.18,1090.80,1083.53,1084.54,357,106,0
1766509200,1084.79,1088.35,1084.55,1086.72,400,85,0
1766512800,1086.76,1087.50,1082.64,1083.83,285,84,0
1766516400,1083.83,1086.70,1082.76,1085.77,297,74,0
1766520000,1085.77,1087.71,1084.68,1085.18,288,74,0
1766523600,1085.18,1087.38,1085.18,1086.36,307,74,0
1766527200,1086.35,1087.34,1084.95,1085.82,719,74,0
1766592000,1087.60,1088.68,1083.31,1086.07,208,103,0
1766595600,1086.22,1091.70,1086.07,1090.58,318,74,0
1766599200,1090.57,1092.20,1088.79,1092.11,395,74,0
1766602800,1092.11,1093.89,1088.01,1088.35,881,74,0
1766764800,1088.83,1088.90,1084.34,1085.84,278,106,0
1766768400,1085.84,1088.30,1084.47,1086.74,396,74,0
1766772000,1086.74,1089.04,1085.76,1086.09,396,74,0
1766775600,1086.09,1088.55,1085.01,1086.80,384,85,0
1766779200,1086.80,1087.03,1084.74,1086.05,268,74,0
1766782800,1086.05,1086.53,1084.67,1085.88,327,74,0
1766786400,1085.88,1089.34,1085.51,1087.85,752,74,0
1767024000,1086.53,1090.57,1083.65,1086.05,295,85,0
1767027600,1086.05,1087.44,1082.11,1084.82,435,74,0
1767031200,1084.82,1086.17,1083.37,1085.57,520,74,0
1767034800,1085.57,1085.64,1083.58,1084.82,415,74,0
1767038400,1084.81,1087.07,1084.68,1086.08,415,74,0
1767042000,1086.09,1087.84,1084.94,1087.16,442,74,0
1767045600,1087.16,1088.59,1086.27,1087.91,1077,74,0
1767110400,1085.45,1088.64,1084.74,1088.57,263,97,0
1767114000,1088.74,1089.18,1083.19,1083.61,374,74,0
1767117600,1083.61,1083.90,1081.70,1083.03,509,74,0
1767121200,1083.03,1083.99,1082.03,1082.82,307,74,0
1767124800,1082.82,1084.39,1082.62,1084.39,302,74,0
1767128400,1084.39,1084.59,1083.20,1083.90,293,74,0
1767132000,1083.99,1085.81,1082.16,1082.85,870,74,0
1767196800,1083.17,1083.38,1077.80,1081.74,181,103,0
1767200400,1081.67,1081.74,1075.74,1076.07,493,74,0
1767204000,1076.07,1078.05,1076.07,1077.95,351,74,0
1767207600,1077.95,1078.55,1076.09,1076.76,331,74,0
1767211200,1076.76,1079.38,1076.76,1078.78,313,74,0
1767214800,1078.78,1079.10,1075.34,1075.41,420,74,0
1767218400,1075.43,1075.53,1069.76,1069.93,1116,74,0
1767369600,1071.41,1078.17,1068.73,1078.17,337,90,0
1767373200,1078.38,1084.65,1073.40,1083.72,785,77,0
1767376800,1083.81,1089.18,1083.51,1085.38,787,74,0
1767380400,1085.38,1087.55,1077.22,1078.22,604,74,0
1767384000,1078.22,1078.92,1074.61,1078.92,447,76,0
1767387600,1078.92,1086.74,1077.74,1086.68,633,74,0
1767391200,1086.72,1086.90,1080.43,1084.42,969,74,0
1767628800,1083.93,1118.91,1083.39,1118.91,690,93,0
1767632400,1118.82,1130.69,1117.58,1128.01,1233,80,0
1767636000,1128.28,1128.97,1117.06,1123.91,1077,74,0
1767639600,1123.91,1128.14,1123.74,1127.24,882,74,0
1767643200,1127.14,1128.57,1124.79,1127.47,713,74,0
1767646800,1127.37,1131.10,1126.14,1127.06,559,74,0
1767650400,1127.07,1127.84,1118.49,1119.53,1179,74,0
1767715200,1119.73,1122.17,1105.92,1110.05,638,94,0
1767718800,1110.45,1118.16,1109.36,1117.30,1010,77,0
1767722400,1117.30,1118.97,1115.03,1117.36,467,88,0
1767726000,1117.36,1119.74,1110.99,1111.67,506,74,0
1767729600,1111.67,1114.29,1106.73,1108.76,500,79,0
1767733200,1108.76,1111.98,1108.74,1111.49,663,74,0
1767736800,1111.49,1115.47,1111.49,1111.80,1364,74,0
1767801600,1108.45,1109.64,1090.28,1092.53,746,101,0
1767805200,1092.45,1092.45,1079.05,1083.88,1489,78,0
1767808800,1083.88,1087.45,1081.25,1087.45,1180,74,0
1767812400,1087.45,1089.76,1079.86,1082.30,1133,74,0
1767816000,1082.30,1083.66,1076.20,1082.26,1228,74,0
1767819600,1082.35,1084.65,1079.06,1081.52,899,74,0
1767823200,1081.47,1082.16,1074.72,1074.80,1545,74,0
1767888000,1066.06,1078.64,1060.13,1077.07,626,111,0
1767891600,1077.09,1082.09,1076.39,1081.29,864,83,0
1767895200,1081.30,1085.51,1079.72,1085.34,882,74,0
1767898800,1085.34,1088.34,1084.23,1087.25,925,74,0
1767902400,1087.25,1087.34,1083.90,1084.98,1352,74,0
1767906000,1084.99,1088.32,1084.78,1087.08,870,74,0
1767909600,1087.08,1091.37,1087.08,1087.33,1197,74,0
1767974400,1087.37,1090.58,1084.74,1085.47,475,107,0
1767978000,1085.11,1087.75,1079.85,1084.38,908,74,0
1767981600,1084.38,1087.24,1081.32,1084.24,667,74,0
1767985200,1084.24,1087.10,1083.10,1086.11,597,74,0
1767988800,1086.11,1086.71,1083.72,1084.38,363,74,0
1767992400,1084.38,1084.38,1081.45,1083.93,479,74,0
1767996000,1083.97,1087.08,1081.95,1084.34,1055,74,0
1768233600,1078.75,1086.41,1073.04,1084.86,473,101,0
1768237200,1084.86,1086.98,1082.64,1086.40,600,78,0
1768240800,1086.40,1088.27,1084.70,1085.29,705,74,0
1768244400,1085.30,1085.30,1081.14,1082.65,712,78,0
1768248000,1082.74,1085.54,1082.32,1082.99,570,74,0
1768251600,1082.99,1083.61,1080.59,1083.55,508,74,0
1768255200,1083.55,1090.24,1083.55,1088.43,1201,74,0
1768320000,1090.55,1091.32,1074.88,1078.99,644,91,0
1768323600,1078.99,1083.43,1073.57,1080.39,790,74,0
1768327200,1080.39,1082.36,1074.66,1074.67,676,75,0
1768330800,1074.93,1078.02,1072.87,1077.57,542,74,0
1768334400,1077.59,1085.01,1076.91,1084.45,514,74,0
1768338000,1084.45,1086.67,1081.90,1086.09,637,74,0
1768341600,1086.00,1088.46,1084.14,1087.93,1252,74,0
1768406400,1071.83,1080.35,1070.34,1075.42,513,93,0
1768410000,1075.45,1079.79,1071.27,1076.56,1240,74,0
1768413600,1076.76,1084.93,1075.12,1081.35,976,74,0
1768417200,1081.46,1084.30,1079.49,1083.97,603,74,0
1768420800,1083.97,1084.03,1080.80,1083.91,614,74,0
1768424400,1083.92,1088.80,1083.92,1087.84,742,74,0
1768428000,1087.84,1092.96,1087.01,1091.51,1450,74,0
1768492800,1122.64,1148.22,1122.64,1146.70,1354,105,0
1768496400,1146.65,1151.28,1136.01,1146.51,1396,74,0
1768500000,1146.51,1150.50,1141.99,1146.05,951,74,0
1768503600,1146.07,1153.14,1141.73,1149.99,977,74,0
1768507200,1150.07,1158.68,1148.68,1153.64,1154,74,0
1768510800,1153.64,1160.71,1153.61,1158.37,1041,74,0
1768514400,1158.39,1161.64,1154.99,1156.04,1363,74,0
1768579200,1159.34,1177.86,1159.24,1171.89,899,86,0
1768582800,1171.56,1175.72,1168.37,1172.78,1222,80,0
1768586400,1172.78,1180.68,1172.49,1174.49,1263,74,0
1768590000,1174.49,1177.90,1168.00,1169.86,777,81,0
1768593600,1169.86,1174.32,1168.26,1170.83,911,74,0
1768597200,1171.24,1173.18,1166.68,1167.34,785,74,0
1768600800,1167.34,1167.76,1159.76,1161.77,1195,74,0
1768924800,1143.18,1147.79,1129.79,1134.19,729,123,0
1768928400,1134.02,1146.41,1127.80,1137.68,939,84,0
1768932000,1137.68,1137.68,1126.74,1129.32,764,74,0
1768935600,1129.32,1130.99,1119.07,1119.78,642,78,0
1768939200,1119.78,1120.20,1107.66,1108.13,612,76,0
1768942800,1108.39,1111.73,1106.08,1110.24,950,74,0
1768946400,1110.24,1111.60,1105.54,1108.71,1532,74,0
1769011200,1120.51,1129.50,1119.90,1126.01,461,101,0
1769014800,1126.01,1129.35,1121.80,1127.32,639,77,0
1769018400,1127.22,1127.78,1120.74,1120.74,675,74,0
1769022000,1120.74,1120.75,1113.36,1119.42,628,82,0
1769025600,1119.42,1121.84,1117.01,1120.77,521,82,0
1769029200,1120.71,1134.70,1118.24,1131.17,868,76,0
1769032800,1131.40,1132.40,1124.28,1127.24,1303,74,0
1769097600,1137.00,1142.61,1133.62,1137.41,505,121,0
1769101200,1137.99,1144.34,1131.97,1143.15,821,77,0
1769104800,1142.97,1146.36,1141.45,1142.28,565,74,0
1769108400,1142.23,1147.20,1141.90,1144.74,610,74,0
1769112000,1144.86,1145.75,1138.64,1138.97,518,78,0
1769115600,1138.99,1140.65,1135.17,1136.34,530,74,0
1769119200,1136.35,1142.21,1134.84,1139.27,1269,74,0
1769184000,1134.14,1134.14,1120.24,1125.30,330,109,0
1769187600,1125.33,1127.66,1121.82,1124.89,633,81,0
1769191200,1124.88,1129.07,1123.34,1124.18,365,82,0
1769194800,1124.18,1127.45,1123.93,1124.49,421,91,0
1769198400,1124.49,1125.74,1123.01,1125.39,368,91,0
1769202000,1125.39,1130.72,1125.34,1129.74,418,74,0
1769205600,1129.74,1129.91,1125.03,1129.40,1012,74,0
1769443200,1131.40,1140.64,1122.83,1125.66,513,107,0
1769446800,1125.51,1129.99,1120.80,1129.33,638,122,0
1769450400,1129.32,1129.63,1125.14,1128.84,447,74,0
1769454000,1128.85,1131.34,1128.63,1131.34,404,74,0
1769457600,1131.34,1131.86,1126.41,1128.21,308,74,0
1769461200,1128.23,1129.38,1124.78,1126.20,314,77,0
1769464800,1126.20,1127.52,1121.09,1121.26,935,74,0
1769529600,1121.24,1122.67,1105.35,1105.35,473,88,0
1769533200,1105.35,1109.25,1100.86,1106.80,918,74,0
1769536800,1106.80,1108.08,1099.09,1099.22,508,74,0
1769540400,1099.22,1099.98,1097.80,1098.99,501,74,0
1769544000,1098.99,1101.41,1097.74,1100.64,436,74,0
1769547600,1100.64,1108.54,1100.15,1108.20,445,74,0
1769551200,1108.20,1108.86,1103.68,1106.12,1134,74,0
1769616000,1102.58,1106.40,1098.29,1102.43,382,74,0
1769619600,1102.51,1106.77,1097.97,1100.47,587,79,0
1769623200,1100.47,1106.36,1100.47,1106.20,478,74,0
1769626800,1106.20,1112.86,1106.20,1111.43,547,78,0
1769630400,1111.45,1116.49,1110.15,1110.35,634,74,0
1769634000,1110.34,1122.28,1110.34,1113.20,626,94,0
1769637600,1113.20,1121.16,1113.20,1120.95,988,74,0
1769702400,1126.16,1132.81,1122.33,1122.82,494,116,0
1769706000,1123.54,1127.89,1117.98,1118.74,1148,74,0
1769709600,1118.74,1120.13,1106.19,1119.62,1101,83,0
1769713200,1119.62,1125.20,1117.74,1117.97,681,88,0
1769716800,1117.97,1121.69,1113.59,1121.49,829,99,0
1769720400,1121.49,1124.91,1119.75,1120.00,691,85,0
1769724000,1120.40,1129.06,1119.97,1126.67,1175,74,0
1769788800,1119.57,1127.52,1116.30,1120.03,393,117,0
1769792400,1120.03,1125.65,1117.87,1117.87,521,118,0
1769796000,1117.26,1117.74,1106.93,1107.86,924,88,0
1769799600,1107.86,1111.02,1105.76,1106.32,892,80,0
1769803200,1106.24,1110.27,1102.46,1108.77,716,89,0
1769806800,1108.80,1115.47,1106.84,1110.15,727,74,0
1769810400,1110.14,1118.43,1110.14,1118.32,1114,74,0
1770048000,1117.14,1119.46,1105.98,1115.26,436,87,0
1770051600,1115.46,1121.46,1109.46,1114.24,680,80,0
1770055200,1114.33,1118.45,1112.68,1117.76,552,89,0
1770058800,1117.76,1119.72,1112.27,1115.78,542,78,0
1770062400,1115.78,1120.84,1115.45,1120.76,542,81,0
1770066000,1120.76,1123.56,1119.43,1120.25,596,74,0
1770069600,1120.25,1121.82,1116.36,1118.75,1343,74,0
1770134400,1115.15,1116.30,1099.83,1103.31,460,154,0
1770138000,1103.31,1106.51,1093.01,1093.07,969,88,0
1770141600,1093.07,1095.18,1080.26,1080.48,788,76,0
1770145200,1080.18,1080.25,1059.85,1060.42,1024,75,0
1770148800,1060.42,1063.17,1053.28,1053.28,1040,77,0
1770152400,1053.28,1058.28,1048.00,1057.74,980,74,0
1770156000,1058.15,1071.26,1057.85,1069.03,1335,74,0
1770220800,1066.26,1066.79,1043.18,1044.49,657,118,0
1770224400,1045.57,1071.69,1043.15,1063.83,1273,80,0
1770228000,1063.84,1070.49,1058.64,1067.18,970,89,0
1770231600,1067.15,1075.76,1067.07,1070.22,807,85,0
1770235200,1070.23,1071.01,1062.95,1068.95,803,82,0
1770238800,1069.01,1077.92,1067.24,1077.92,743,87,0
1770242400,1077.90,1081.32,1074.81,1076.07,1314,74,0
1770307200,1069.58,1077.46,1063.24,1068.61,532,103,0
1770310800,1067.84,1067.90,1053.73,1062.70,1026,111,0
1770314400,1062.64,1063.86,1056.78,1061.73,861,97,0
1770318000,1061.73,1064.97,1055.17,1055.17,612,82,0
1770321600,1055.17,1057.61,1049.13,1052.78,672,74,0
1770325200,1052.73,1060.43,1051.74,1054.72,816,74,0
1770328800,1054.68,1059.86,1052.72,1053.95,1355,74,0
1770393600,1070.39,1074.87,1053.02,1053.16,621,100,0
1770397200,1053.19,1057.69,1048.78,1051.04,1377,74,0
1770400800,1050.99,1052.51,1048.83,1051.26,1268,74,0
1770404400,1051.28,1051.81,1047.22,1048.81,770,74,0
1770408000,1048.91,1056.76,1047.15,1053.45,894,74,0
1770411600,1053.43,1056.91,1052.88,1053.60,793,74,0
1770415200,1053.62,1057.36,1052.87,1056.06,1517,74,0
1770652800,1046.39,1056.30,1046.39,1049.51,646,122,0
1770656400,1049.50,1068.06,1048.68,1067.60,1125,89,0
1770660000,1067.49,1071.64,1066.67,1070.76,633,74,0
1770663600,1070.68,1070.97,1068.34,1070.16,651,74,0
1770667200,1070.16,1073.40,1069.63,1073.40,495,74,0
1770670800,1073.40,1080.04,1073.37,1079.30,684,74,0
1770674400,1079.30,1084.13,1078.74,1079.08,1233,74,0
1770739200,1081.63,1102.00,1079.47,1101.53,575,86,0
1770742800,1101.63,1111.49,1100.09,1109.61,653,74,0
1770746400,1109.61,1112.99,1101.19,1108.38,983,84,0
1770750000,1108.39,1108.57,1097.55,1098.12,485,74,0
1770753600,1098.12,1098.88,1083.74,1087.05,542,95,0
1770757200,1087.10,1091.36,1082.80,1084.53,611,91,0
1770760800,1084.27,1089.30,1084.27,1086.05,1114,74,0
1770825600,1091.12,1095.68,1081.95,1085.83,475,120,0
1770829200,1086.17,1086.66,1068.03,1073.74,869,99,0
1770832800,1073.74,1080.26,1071.81,1072.43,457,106,0
1770836400,1072.43,1074.16,1067.99,1072.24,416,89,0
1770840000,1072.24,1074.78,1068.90,1070.93,408,74,0
1770843600,1070.93,1083.39,1070.01,1083.39,516,75,0
1770847200,1083.42,1085.95,1080.97,1081.91,1045,74,0
1770912000,1080.86,1085.89,1076.31,1076.72,498,157,0
1770915600,1076.87,1082.32,1050.90,1051.05,777,103,0
1770919200,1050.49,1050.84,1024.84,1028.45,1236,92,0
1770922800,1028.40,1033.51,1016.81,1032.76,1323,85,0
1770926400,1032.76,1055.11,1032.45,1053.07,963,83,0
1770930000,1053.02,1069.56,1052.96,1066.21,753,74,0
1770933600,1066.22,1069.75,1054.40,1054.70,1246,74,0
1770998400,1053.33,1061.75,1046.77,1052.58,548,216,0
1771002000,1052.58,1060.49,1050.58,1059.25,817,111,0
1771005600,1059.24,1068.16,1059.22,1066.13,562,90,0
1771009200,1066.24,1069.99,1065.00,1065.68,466,82,0
1771012800,1065.71,1070.61,1063.05,1066.39,445,74,0
1771016400,1066.39,1070.72,1066.07,1068.01,549,77,0
1771020000,1068.01,1071.66,1065.38,1070.42,910,74,0
1771344000,1078.69,1085.95,1065.16,1065.16,487,134,0
1771347600,1064.45,1065.28,1058.08,1065.16,757,90,0
1771351200,1065.16,1078.33,1065.16,1073.84,642,101,0
1771354800,1073.84,1074.41,1061.94,1062.30,517,89,0
1771358400,1062.31,1073.09,1062.04,1072.50,426,101,0
1771362000,1072.54,1077.24,1071.03,1075.96,452,78,0
1771365600,1075.96,1077.08,1066.02,1071.28,949,74,0
1771430400,1076.39,1102.03,1070.47,1097.30,639,123,0
1771434000,1097.32,1099.21,1089.67,1089.71,834,74,0
1771437600,1089.71,1090.30,1084.74,1086.63,782,74,0
1771441200,1086.63,1091.73,1085.96,1090.00,553,74,0
1771444800,1090.01,1092.05,1086.31,1087.18,518,74,0
1771448400,1087.08,1089.70,1085.95,1087.97,541,74,0
1771452000,1087.98,1092.84,1084.99,1091.36,1081,74,0
1771516800,1078.31,1082.14,1066.80,1074.80,562,116,0
1771520400,1074.52,1076.87,1067.74,1071.40,827,98,0
1771524000,1071.40,1071.40,1063.86,1069.78,664,77,0
1771527600,1069.78,1071.67,1067.44,1068.74,494,87,0
1771531200,1068.74,1072.54,1066.97,1072.36,620,74,0
1771534800,1072.36,1075.32,1069.65,1072.49,804,74,0
1771538400,1072.49,1082.95,1072.49,1080.96,1365,74,0
1771603200,1073.52,1090.61,1069.17,1090.61,487,100,0
1771606800,1090.52,1101.13,1087.95,1091.57,932,107,0
1771610400,1091.81,1092.41,1084.99,1085.26,670,74,0
1771614000,1085.24,1087.45,1080.18,1086.85,562,89,0
1771617600,1086.95,1091.09,1080.79,1090.99,590,81,0
1771621200,1091.01,1091.77,1087.01,1091.38,632,74,0
1771624800,1091.08,1093.41,1087.66,1093.07,1025,74,0
1771862400,1096.21,1106.74,1074.88,1074.89,687,164,0
1771866000,1074.89,1079.19,1055.74,1057.08,1075,87,0
1771869600,1057.08,1062.01,1056.75,1059.02,943,76,0
1771873200,1059.06,1069.26,1058.67,1068.01,675,74,0
1771876800,1068.01,1071.81,1066.13,1071.14,586,74,0
1771880400,1071.14,1072.53,1065.37,1069.97,734,74,0
1771884000,1070.07,1070.69,1065.04,1070.49,1413,74,0
1771948800,1058.55,1081.75,1051.06,1068.72,557,141,0
1771952400,1068.65,1081.95,1064.15,1075.61,945,76,0
1771956000,1075.51,1079.95,1071.55,1079.16,889,80,0
1771959600,1079.16,1088.09,1079.10,1085.38,697,74,0
1771963200,1085.39,1092.96,1085.39,1089.57,620,74,0
1771966800,1089.57,1090.67,1082.26,1082.48,655,74,0
1771970400,1082.72,1083.82,1080.27,1080.74,1113,74,0
1772035200,1083.88,1087.53,1061.60,1066.05,560,98,0
1772038800,1066.11,1080.30,1062.63,1078.22,784,91,0
1772042400,1078.23,1088.56,1078.13,1088.56,696,74,0
1772046000,1088.52,1091.51,1086.88,1089.27,591,74,0
1772049600,1089.29,1093.27,1088.96,1092.80,589,74,0
1772053200,1092.71,1097.20,1092.71,1094.97,701,74,0
1772056800,1094.89,1096.39,1092.37,1093.07,934,74,0
1772121600,1098.00,1106.46,1098.00,1101.82,498,116,0
1772125200,1101.82,1102.01,1083.57,1091.66,1583,75,0
1772128800,1091.67,1092.57,1065.31,1065.68,955,74,0
1772132400,1065.68,1066.86,1059.86,1064.84,1132,84,0
1772136000,1064.81,1080.96,1062.81,1075.63,1005,86,0
1772139600,1075.62,1085.60,1074.64,1083.36,585,74,0
1772143200,1083.37,1090.72,1083.20,1089.55,906,74,0
1772208000,1071.76,1074.37,1040.03,1042.47,866,105,0
1772211600,1042.74,1054.48,1040.02,1043.53,1328,74,0
1772215200,1043.53,1057.28,1041.77,1053.94,1120,74,0
1772218800,1053.94,1060.09,1046.87,1052.71,1051,78,0
1772222400,1052.71,1059.54,1052.71,1058.18,844,74,0
1772226000,1058.22,1060.99,1057.13,1057.72,724,74,0
1772229600,1057.72,1067.73,1057.71,1063.07,1322,74,0
1772467200,1041.36,1055.05,1030.88,1054.65,723,116,0
1772470800,1054.65,1067.42,1052.30,1063.60,1087,74,0
1772474400,1063.60,1070.11,1060.60,1068.46,878,74,0
1772478000,1068.51,1071.33,1065.63,1068.49,777,78,0
1772481600,1068.49,1072.26,1065.84,1070.27,546,74,0
1772485200,1070.45,1075.06,1067.28,1071.41,926,74,0
1772488800,1071.41,1071.78,1063.65,1067.14,1377,74,0
1772553600,1031.11,1040.80,1028.87,1033.78,720,105,0
1772557200,1033.79,1045.14,1029.95,1041.93,1215,94,0
1772560800,1041.93,1049.24,1036.90,1043.90,1201,74,0
1772564400,1043.90,1054.11,1041.05,1053.78,1165,74,0
1772568000,1053.78,1063.86,1053.53,1061.12,969,77,0
1772571600,1061.22,1066.16,1054.22,1063.82,972,74,0
1772575200,1063.71,1063.80,1051.82,1052.37,1398,74,0
1772640000,1054.68,1059.36,1044.57,1048.52,549,74,0
1772643600,1048.70,1056.66,1045.79,1053.30,963,78,0
1772647200,1053.30,1059.61,1052.25,1056.56,710,74,0
1772650800,1056.66,1056.74,1051.34,1053.38,609,74,0
1772654400,1053.27,1053.51,1047.02,1051.11,708,74,0
1772658000,1051.17,1054.72,1050.98,1052.45,525,74,0
1772661600,1052.80,1053.34,1048.25,1048.37,1089,74,0
1772726400,1038.80,1044.56,1035.62,1042.75,587,128,0
1772730000,1042.64,1042.65,1027.74,1033.16,911,85,0
1772733600,1033.16,1033.36,1026.76,1028.64,743,79,0
1772737200,1028.63,1030.88,1025.65,1029.03,784,74,0
1772740800,1028.97,1032.43,1023.77,1024.68,619,74,0
1772744400,1024.72,1026.56,1021.80,1026.10,686,74,0
1772748000,1026.10,1034.03,1024.67,1033.86,1615,74,0
1772812800,990.95,992.00,967.68,968.01,962,92,0
1772816400,968.02,979.91,957.48,972.04,1846,79,0
1772820000,971.94,976.08,964.79,969.20,1354,74,0
1772823600,969.20,969.20,954.29,957.16,1218,77,0
1772827200,957.44,961.25,951.19,952.44,1040,76,0
1772830800,952.49,963.49,949.20,958.23,1306,74,0
1772834400,957.98,960.65,948.51,955.02,2015,74,0
1773068400,932.23,936.30,920.68,924.92,816,76,0
1773072000,924.92,930.44,918.76,925.52,1693,74,0
1773075600,924.82,935.60,924.54,934.38,1375,74,0
1773079200,934.38,950.83,933.07,948.77,1068,74,0
1773082800,948.84,948.91,942.82,945.15,845,74,0
1773086400,944.99,947.80,939.33,940.14,935,74,0
1773090000,940.29,959.91,940.25,957.52,1928,74,0
1773154800,964.33,968.18,956.51,960.39,569,117,0
1773158400,960.01,975.43,955.75,973.96,1048,80,0
1773162000,973.67,976.23,969.08,969.60,942,74,0
1773165600,969.60,974.45,967.91,971.63,783,74,0
1773169200,971.53,975.67,970.00,974.92,867,74,0
1773172800,975.00,976.07,966.45,967.84,846,76,0
1773176400,967.87,971.60,966.08,966.82,1555,74,0
1773241200,962.89,964.88,954.74,960.94,675,93,0
1773244800,961.19,965.91,947.74,952.43,912,75,0
1773248400,952.61,954.22,940.75,943.50,1078,74,0
1773252000,943.50,948.68,939.89,946.85,896,74,0
1773255600,946.86,949.42,943.15,945.45,832,74,0
1773259200,945.45,949.66,942.93,944.87,823,74,0
1773262800,944.87,952.26,943.74,950.68,1703,74,0
1773327600,930.91,941.90,927.25,931.67,617,89,0
1773331200,931.68,943.16,931.68,940.22,956,74,0
1773334800,940.22,940.90,934.30,936.12,810,74,0
1773338400,936.13,938.66,922.02,925.58,1094,74,0
1773342000,925.36,929.00,923.60,925.11,963,74,0
1773345600,925.23,926.32,917.00,921.32,1168,74,0
1773349200,921.32,928.18,921.14,922.00,1767,74,0
1773414000,934.39,940.67,931.21,939.09,545,106,0
1773417600,939.29,941.84,932.72,937.44,850,84,0
1773421200,937.62,939.25,932.30,933.27,823,74,0
1773424800,933.25,933.73,927.36,930.14,765,74,0
1773428400,930.15,933.70,925.36,925.36,889,74,0
1773432000,925.62,926.56,924.20,925.48,840,74,0
1773435600,925.35,927.22,920.65,923.33,1579,74,0
1773673200,933.12,942.87,932.64,942.87,520,79,0
1773676800,942.33,945.75,928.30,939.06,943,78,0
1773680400,939.06,941.30,936.91,936.97,821,74,0
1773684000,936.96,938.86,932.02,933.80,663,74,0
1773687600,933.80,938.71,933.80,938.53,691,74,0
1773691200,938.53,942.12,935.91,940.16,805,74,0
1773694800,940.16,944.88,938.74,942.80,1321,74,0
1773759600,954.51,965.87,953.43,961.50,554,85,0
1773763200,961.42,961.42,953.28,957.93,760,74,0
1773766800,958.01,960.78,954.55,960.68,827,74,0
1773770400,960.52,968.20,959.17,965.65,923,74,0
1773774000,965.81,968.68,965.13,965.98,905,74,0
1773777600,966.11,968.67,962.72,968.61,801,74,0
1773781200,968.57,974.80,968.30,970.48,1513,74,0
1773846000,960.74,973.90,960.23,972.97,395,130,0
1773849600,972.48,972.48,961.81,966.92,771,78,0
1773853200,966.92,970.90,966.09,967.32,824,74,0
1773856800,966.80,970.35,966.23,969.43,687,74,0
1773860400,969.45,973.55,966.68,973.44,582,74,0
1773864000,973.21,975.02,967.79,968.84,721,74,0
1773867600,968.84,970.08,965.83,967.79,1143,74,0
1773932400,957.39,965.40,954.75,962.16,485,109,0
1773936000,962.67,962.67,950.10,951.60,878,74,0
1773939600,951.75,955.21,951.39,954.22,870,74,0
1773943200,954.01,957.19,950.16,950.43,742,75,0
1773946800,950.34,955.50,949.14,953.86,769,74,0
1773950400,953.86,957.43,952.22,956.17,876,74,0
1773954000,955.86,971.51,955.55,968.97,1782,74,0
1774018800,970.29,970.30,959.90,961.81,357,143,0
1774022400,961.56,967.68,957.29,958.52,899,84,0
1774026000,958.52,963.93,954.91,956.24,835,74,0
1774029600,956.24,963.39,956.24,963.22,710,74,0
1774033200,963.38,964.75,959.74,963.65,624,74,0
1774036800,963.65,964.15,945.06,947.01,768,74,0
1774040400,947.03,960.03,945.12,956.63,1376,74,0
1774278000,975.39,982.25,965.27,981.87,668,99,0
1774281600,981.59,987.41,977.75,982.10,1066,74,0
1774285200,982.03,986.62,971.90,972.91,772,74,0
1774288800,972.38,978.33,971.71,976.12,747,82,0
1774292400,976.12,982.25,974.24,980.77,769,79,0
1774296000,980.64,985.09,978.65,984.58,859,74,0
1774299600,984.60,987.01,972.51,973.96,1222,74,0
1774364400,959.32,962.72,956.23,961.91,433,91,0
1774368000,962.04,973.15,961.91,969.13,902,94,0
1774371600,969.13,977.83,968.04,974.06,711,74,0
1774375200,974.04,977.08,970.62,974.76,468,74,0
1774378800,974.76,974.76,969.38,971.93,484,83,0
1774382400,971.80,977.19,969.56,974.30,592,79,0
1774386000,974.45,976.66,971.64,975.08,1022,74,0
1774450800,985.19,990.53,970.93,973.68,638,84,0
1774454400,973.79,977.93,972.06,974.93,1086,86,0
1774458000,974.96,976.06,962.89,972.24,1058,81,0
1774461600,972.36,978.44,971.81,977.76,1033,74,0
1774465200,977.76,983.13,977.71,979.77,748,74,0
1774468800,979.95,982.12,978.29,980.38,846,74,0
1774472400,980.38,982.78,978.76,980.74,1224,74,0
1774537200,971.91,984.12,971.83,983.52,370,104,0
1774540800,983.54,983.96,977.22,979.95,643,80,0
1774544400,979.95,983.32,974.70,974.76,577,78,0
1774548000,974.76,975.85,967.02,972.40,726,74,0
1774551600,972.40,973.51,965.23,970.22,760,74,0
1774555200,970.47,975.10,970.16,973.94,695,74,0
1774558800,973.90,973.90,965.93,967.77,1105,74,0
1774623600,955.78,958.33,945.73,949.14,509,102,0
1774627200,949.05,954.92,941.66,952.01,843,74,0
1774630800,952.22,956.15,950.57,951.68,840,74,0
1774634400,951.66,954.15,949.24,950.53,686,74,0
1774638000,950.53,952.17,943.01,943.53,636,74,0
1774641600,943.53,943.53,935.67,937.14,832,74,0
1774645200,937.12,938.54,929.69,933.01,1713,74,0
1774886400,941.39,942.39,930.76,932.30,471,84,0
1774890000,932.95,946.47,931.24,945.53,945,89,0
1774893600,945.53,952.62,942.95,946.20,701,79,0
1774897200,946.52,946.57,940.62,941.29,609,78,0
1774900800,941.02,942.48,935.36,939.24,666,79,0
1774904400,939.24,939.82,934.45,935.92,520,74,0
1774908000,935.92,935.93,930.29,933.79,753,74,0
1774972800,945.46,949.69,940.68,949.06,308,147,0
1774976400,948.97,951.15,940.00,944.64,758,91,0
1774980000,944.73,949.75,941.40,941.99,728,74,0
1774983600,942.00,965.00,941.54,954.99,902,94,0
1774987200,955.44,961.20,955.36,957.50,744,74,0
1774990800,957.57,962.04,957.12,960.64,741,74,0
1774994400,960.64,963.00,958.91,961.01,1330,74,0
1775059200,976.11,976.11,958.25,965.77,571,94,0
1775062800,965.24,972.92,958.99,970.56,1012,87,0
1775066400,970.51,975.85,968.67,972.93,791,75,0
1775070000,973.33,975.39,967.75,971.39,572,74,0
1775073600,971.39,971.65,965.80,966.13,465,76,0
1775077200,966.28,966.28,958.75,959.43,631,74,0
1775080800,959.43,960.47,956.05,956.56,1363,74,0
1775145600,930.54,944.19,930.54,944.08,448,84,0
1775149200,944.11,970.00,941.75,960.14,1046,84,0
1775152800,960.13,965.79,956.48,962.65,933,88,0
1775156400,962.64,963.11,956.29,959.56,483,83,0
1775160000,959.56,962.39,956.56,957.43,492,83,0
1775163600,957.52,960.15,956.12,958.84,645,74,0
1775167200,958.98,967.38,958.68,966.31,1122,74,0
1775491200,964.42,964.46,953.66,957.86,455,92,0
1775494800,957.87,964.36,956.34,960.25,865,90,0
1775498400,960.25,964.07,957.93,963.50,604,74,0
1775502000,963.50,965.24,962.42,964.53,656,74,0
1775505600,964.40,964.40,958.94,961.04,587,80,0
1775509200,961.04,963.29,958.58,960.23,607,74,0
1775512800,960.22,961.66,958.38,958.85,917,74,0
1775577600,954.67,959.43,949.74,956.89,382,123,0
1775581200,956.88,960.27,953.31,955.04,681,76,0
1775584800,955.04,955.04,948.76,951.95,597,74,0
1775588400,951.93,958.81,951.90,957.10,785,82,0
1775592000,956.36,961.26,954.82,958.87,537,74,0
1775595600,958.87,959.57,952.17,952.96,514,81,0
1775599200,952.96,960.47,951.74,957.88,1387,74,0
1775664000,999.48,1015.81,999.48,1014.41,1005,74,0
1775667600,1014.60,1016.67,1006.21,1010.40,1278,74,0
1775671200,1010.40,1013.64,1003.75,1009.36,847,74,0
1775674800,1007.90,1011.24,1005.34,1006.40,565,74,0
1775678400,1006.40,1008.22,1001.41,1005.33,612,74,0
1775682000,1004.18,1006.86,999.65,1000.19,676,74,0
1775685600,1000.21,1006.60,1000.12,1001.16,1351,74,0
1775750400,993.23,996.72,987.12,990.89,524,97,0
1775754000,990.90,992.98,982.06,986.82,672,80,0
1775757600,986.82,995.16,983.04,994.97,750,74,0
1775761200,994.97,1001.81,994.78,1001.26,715,74,0
1775764800,1001.26,1005.46,1000.42,1005.42,502,74,0
1775768400,1005.45,1005.65,1001.10,1002.73,615,74,0
1775772000,1002.73,1004.25,1001.16,1001.17,1014,74,0
1775836800,1001.25,1001.93,993.04,997.01,570,114,0
1775840400,997.20,1002.07,993.80,996.39,741,80,0
1775844000,996.39,997.12,990.74,991.99,853,74,0
1775847600,991.37,997.16,991.37,996.89,676,74,0
1775851200,996.89,998.02,995.25,997.92,657,74,0
1775854800,997.92,1000.12,997.33,999.27,607,74,0
1775858400,999.27,1000.11,997.01,998.55,1021,74,0
1776096000,991.39,1000.89,991.39,1000.46,613,74,0
1776099600,1000.48,1005.24,996.96,1004.43,1084,74,0
1776103200,1004.54,1004.74,999.67,1002.97,642,74,0
1776106800,1002.98,1016.06,1002.58,1012.73,1199,74,0
1776110400,1012.69,1014.58,1011.91,1013.52,883,74,0
1776114000,1013.52,1018.12,1012.99,1017.23,752,74,0
1776117600,1017.52,1024.97,1017.16,1022.83,1754,74,0
1776182400,1049.50,1067.82,1041.22,1062.31,1089,98,0
1776186000,1062.49,1072.72,1054.74,1072.70,1102,79,0
1776189600,1072.65,1072.92,1064.16,1069.10,920,79,0
1776193200,1070.03,1070.18,1061.96,1063.32,913,74,0
1776196800,1063.32,1063.34,1055.67,1059.07,524,74,0
1776200400,1059.07,1059.44,1052.85,1055.38,601,74,0
1776204000,1055.38,1060.79,1052.59,1053.82,1305,74,0
1776268800,1055.06,1059.53,1047.73,1052.33,698,97,0
1776272400,1052.62,1056.45,1046.35,1047.24,1058,74,0
1776276000,1047.25,1051.10,1045.71,1047.46,743,74,0
1776279600,1047.50,1054.09,1045.74,1053.28,846,74,0
1776283200,1053.18,1054.13,1048.15,1048.92,736,74,0
1776286800,1048.79,1053.64,1048.13,1053.49,691,74,0
1776290400,1053.41,1054.28,1045.99,1048.34,1347,74,0
1776355200,1054.52,1055.80,1041.62,1041.72,433,100,0
1776358800,1041.72,1042.05,1023.90,1024.23,976,80,0
1776362400,1024.32,1028.15,1020.68,1021.89,915,74,0
1776366000,1021.89,1023.64,1013.04,1015.34,824,74,0
1776369600,1015.58,1016.76,1010.95,1013.25,722,74,0
1776373200,1013.24,1020.37,1013.00,1020.05,631,74,0
1776376800,1020.15,1025.40,1019.99,1023.87,1295,74,0
1776441600,1038.04,1050.12,1036.16,1050.10,751,81,0
1776445200,1050.11,1061.16,1047.24,1058.74,987,74,0
1776448800,1058.74,1066.70,1057.11,1065.64,1007,74,0
1776452400,1065.62,1066.49,1061.11,1063.84,657,74,0
1776456000,1063.72,1064.45,1056.95,1063.36,883,74,0
1776459600,1063.37,1063.65,1055.21,1055.24,717,74,0
1776463200,1055.19,1055.84,1050.71,1051.38,1249,74,0
1776700800,1048.82,1056.21,1047.67,1055.84,414,135,0
1776704400,1055.84,1058.89,1047.70,1050.98,623,79,0
1776708000,1051.00,1053.36,1049.75,1051.82,547,74,0
1776711600,1051.82,1051.84,1048.17,1050.18,412,74,0
1776715200,1050.18,1052.36,1048.91,1049.32,366,74,0
1776718800,1049.32,1051.60,1048.05,1049.72,537,74,0
1776722400,1049.72,1051.03,1045.82,1048.20,1111,74,0
1776787200,1053.82,1069.49,1051.01,1061.27,446,105,0
1776790800,1061.84,1064.94,1056.18,1056.18,513,92,0
1776794400,1056.18,1058.11,1050.56,1051.30,621,80,0
1776798000,1051.30,1053.17,1045.95,1046.13,493,74,0
1776801600,1046.13,1047.50,1040.95,1045.76,547,79,0
1776805200,1045.77,1048.18,1042.48,1046.89,549,74,0
1776808800,1047.07,1049.62,1040.01,1042.20,1237,74,0
1776873600,1054.84,1057.95,1048.13,1057.82,346,95,0
1776877200,1057.74,1062.63,1054.42,1056.24,643,75,0
1776880800,1056.24,1057.43,1052.76,1054.48,524,74,0
1776884400,1054.57,1057.45,1053.42,1055.05,400,74,0
1776888000,1055.38,1058.10,1054.46,1057.09,412,80,0
1776891600,1057.14,1058.01,1055.43,1056.82,552,74,0
1776895200,1056.82,1062.38,1056.65,1061.65,1091,74,0
1776960000,1057.10,1063.64,1053.13,1058.67,381,143,0
1776963600,1058.85,1064.36,1055.07,1062.93,760,79,0
1776967200,1062.93,1063.32,1059.78,1060.68,564,74,0
1776970800,1060.61,1060.61,1057.50,1058.75,476,74,0
1776974400,1058.87,1058.88,1040.65,1047.28,1026,74,0
1776978000,1047.26,1056.69,1045.53,1052.24,654,78,0
1776981600,1052.24,1057.56,1050.83,1052.90,1010,74,0
1777046400,1057.08,1057.08,1045.37,1048.66,283,129,0
1777050000,1049.00,1053.12,1045.98,1052.84,501,87,0
1777053600,1053.07,1058.22,1051.67,1056.95,532,74,0
1777057200,1056.91,1057.53,1052.44,1055.46,483,74,0
1777060800,1055.49,1055.51,1052.99,1053.58,383,74,0
1777064400,1053.54,1054.13,1046.51,1046.86,441,74,0
1777068000,1046.96,1047.28,1041.90,1044.52,1151,74,0
1777305600,1039.37,1053.82,1039.37,1047.70,450,95,0
1777309200,1047.66,1051.90,1045.80,1049.05,460,78,0
1777312800,1049.05,1050.36,1047.34,1049.30,504,74,0
1777316400,1049.30,1056.63,1049.21,1056.03,488,74,0
1777320000,1056.03,1057.32,1053.83,1054.51,523,74,0
1777323600,1054.51,1056.25,1052.48,1055.71,480,74,0
1777327200,1055.71,1057.46,1054.90,1056.40,894,74,0
1777392000,1060.25,1065.01,1054.07,1054.07,388,108,0
1777395600,1053.95,1055.53,1046.74,1050.82,689,88,0
1777399200,1050.82,1053.53,1050.47,1051.16,424,74,0
1777402800,1051.16,1053.45,1049.84,1050.61,379,74,0
1777406400,1050.61,1052.62,1049.01,1051.11,460,74,0
1777410000,1051.11,1051.49,1049.22,1049.22,410,74,0
1777413600,1049.15,1051.06,1047.84,1049.42,977,74,0
1777478400,1047.82,1052.44,1034.79,1035.28,531,96,0
1777482000,1035.28,1040.95,1033.50,1036.68,512,82,0
1777485600,1036.70,1038.65,1030.95,1031.90,499,74,0
1777489200,1031.93,1036.72,1030.83,1034.67,456,75,0
1777492800,1034.79,1039.70,1034.05,1039.50,394,79,0
1777496400,1039.49,1039.57,1034.48,1038.36,553,75,0
1777500000,1038.36,1042.90,1037.95,1039.22,876,74,0
1777564800,1037.27,1047.42,1032.76,1046.65,291,99,0
1777568400,1046.65,1062.33,1045.42,1061.88,610,92,0
1777572000,1061.93,1063.41,1060.33,1062.48,523,74,0
1777575600,1062.47,1063.47,1057.68,1058.43,531,82,0
1777579200,1058.43,1060.47,1057.33,1059.09,385,74,0
1777582800,1059.07,1063.30,1058.89,1061.07,546,74,0
1777586400,1061.07,1066.55,1061.03,1065.34,1159,74,0
1777651200,1068.92,1077.37,1066.95,1077.25,228,133,0
1777654800,1077.23,1079.84,1071.20,1071.20,444,83,0
1777658400,1071.20,1072.78,1069.50,1070.15,368,92,0
1777662000,1070.15,1070.59,1065.29,1065.64,264,103,0
1777665600,1065.66,1069.27,1065.52,1067.27,316,74,0
1777669200,1066.88,1066.88,1060.34,1062.80,319,78,0
1777672800,1062.43,1064.80,1060.68,1061.23,532,74,0
1777910400,1056.28,1060.45,1052.73,1059.35,298,184,0
1777914000,1058.26,1067.10,1056.68,1060.63,525,117,0
1777917600,1060.64,1061.17,1051.48,1053.30,506,113,0
1777921200,1053.30,1054.55,1048.59,1050.56,603,107,0
1777924800,1050.57,1055.32,1048.94,1054.28,405,89,0
1777928400,1053.44,1055.88,1051.18,1052.90,405,74,0
1777932000,1052.91,1055.73,1051.37,1051.88,846,74,0
1777996800,1055.57,1059.29,1046.86,1059.29,239,157,0
1778000400,1059.17,1063.22,1056.24,1061.76,539,132,0
1778004000,1062.15,1063.70,1055.71,1055.80,309,88,0
1778007600,1055.91,1058.55,1055.69,1056.20,228,76,0
1778011200,1056.20,1056.65,1053.91,1054.32,255,93,0
1778014800,1054.32,1055.31,1052.89,1055.29,210,88,0
1778018400,1055.29,1056.30,1047.47,1048.18,963,74,0
1778083200,1063.19,1078.31,1062.32,1076.56,330,139,0
1778086800,1076.21,1077.18,1069.99,1076.77,413,89,0
1778090400,1076.77,1078.27,1072.72,1076.31,392,91,0
1778094000,1076.31,1078.21,1073.47,1074.67,296,86,0
1778097600,1074.67,1076.25,1071.76,1074.08,396,82,0
1778101200,1073.97,1078.85,1073.88,1075.17,474,74,0
1778104800,1075.35,1080.82,1072.47,1072.48,970,74,0
1778169600,1075.64,1078.78,1065.72,1067.29,269,171,0
1778173200,1067.38,1072.55,1066.02,1069.60,602,93,0
1778176800,1069.78,1072.37,1067.47,1067.47,396,91,0
1778180400,1067.64,1067.64,1063.05,1063.05,362,101,0
1778184000,1063.06,1064.73,1058.15,1059.86,360,103,0
1778187600,1059.83,1063.76,1057.74,1063.53,388,82,0
1778191200,1064.06,1068.93,1063.09,1067.10,874,74,0
1778256000,1070.55,1073.71,1066.94,1071.22,242,129,0
1778259600,1071.24,1079.54,1069.73,1077.10,423,97,0
1778263200,1077.05,1081.47,1077.04,1079.49,394,74,0
1778266800,1079.49,1080.89,1077.54,1077.59,351,80,0
1778270400,1077.59,1082.46,1077.43,1080.25,360,84,0
1778274000,1080.26,1084.40,1077.88,1078.82,494,74,0
1778277600,1079.05,1083.74,1076.57,1083.00,858,74,0
1778515200,1080.39,1084.74,1070.42,1083.63,361,124,0
1778518800,1083.63,1088.47,1078.61,1079.72,472,76,0
1778522400,1079.72,1081.26,1078.88,1079.63,398,74,0
1778526000,1079.63,1082.15,1078.75,1078.78,299,74,0
1778529600,1078.78,1082.61,1078.78,1082.61,428,74,0
1778533200,1082.61,1084.85,1077.32,1077.79,569,79,0
1778536800,1077.79,1081.16,1077.52,1080.45,849,74,0
1778601600,1077.62,1078.06,1070.98,1074.96,300,180,0
1778605200,1074.90,1080.59,1073.24,1079.80,636,91,0
1778608800,1079.54,1082.92,1077.05,1082.46,380,74,0
1778612400,1082.46,1084.82,1081.13,1084.08,354,76,0
1778616000,1084.08,1089.09,1083.28,1087.38,386,81,0
1778619600,1087.38,1093.75,1087.03,1093.63,611,74,0
1778623200,1093.63,1095.62,1091.08,1091.81,778,74,0
1778688000,1084.12,1085.98,1075.85,1079.53,339,141,0
1778691600,1079.19,1095.07,1079.19,1088.42,468,82,0
1778695200,1088.38,1091.17,1086.54,1090.58,413,74,0
1778698800,1090.64,1093.18,1087.40,1089.98,477,74,0
1778702400,1090.08,1094.24,1089.38,1093.59,417,74,0
1778706000,1093.59,1096.05,1090.55,1095.85,564,74,0
1778709600,1095.74,1097.26,1092.93,1093.65,715,74,0
1778774400,1097.66,1103.84,1095.99,1101.74,316,193,0
1778778000,1101.63,1107.99,1096.00,1105.10,550,76,0
1778781600,1104.07,1109.28,1101.55,1102.99,456,82,0
1778785200,1103.05,1105.14,1096.13,1096.48,431,74,0
1778788800,1096.75,1103.36,1096.35,1103.36,506,74,0
1778792400,1103.40,1108.95,1103.39,1105.42,474,84,0
1778796000,1105.42,1110.32,1103.53,1103.78,776,74,0
1778860800,1092.26,1098.30,1081.08,1088.96,412,175,0
1778864400,1088.99,1092.24,1083.53,1087.21,452,97,0
1778868000,1087.61,1090.52,1083.75,1085.33,541,102,0
1778871600,1085.45,1087.25,1080.01,1083.95,472,97,0
1778875200,1082.97,1087.72,1080.90,1083.59,366,74,0
1778878800,1083.91,1085.01,1079.74,1081.13,472,74,0
1778882400,1081.04,1084.22,1079.90,1080.83,795,74,0
1779120000,1083.54,1094.63,1079.42,1092.62,274,147,0
1779123600,1092.63,1093.19,1086.46,1087.40,606,110,0
1779127200,1087.94,1088.20,1082.42,1086.13,488,99,0
1779130800,1086.20,1087.73,1083.09,1085.03,431,85,0
1779134400,1085.03,1088.33,1084.92,1086.23,318,74,0
1779138000,1086.23,1086.41,1081.57,1084.09,393,80,0
1779141600,1083.78,1091.27,1083.51,1085.55,1213,79,0
1779206400,1076.45,1076.77,1063.13,1063.89,296,116,0
1779210000,1063.90,1063.90,1050.87,1051.42,537,91,0
1779213600,1051.41,1055.68,1047.99,1053.19,535,87,0
1779217200,1053.19,1057.74,1046.82,1046.82,449,86,0
1779220800,1046.82,1048.24,1041.25,1043.49,536,78,0
1779224400,1043.48,1045.34,1040.41,1041.39,553,74,0
1779228000,1041.36,1043.85,1035.53,1036.61,1054,74,0
1779292800,1040.02,1040.29,1030.41,1036.21,359,99,0
1779296400,1036.29,1044.76,1030.74,1041.43,599,98,0
1779300000,1041.32,1047.81,1038.32,1045.62,499,86,0
1779303600,1045.62,1048.42,1044.68,1046.44,381,74,0
1779307200,1046.40,1047.86,1041.91,1042.57,456,75,0
1779310800,1042.56,1044.47,1039.85,1040.13,488,74,0
1779314400,1040.13,1051.29,1038.28,1050.30,870,74,0
1779379200,1050.71,1052.73,1044.79,1051.50,288,132,0
1779382800,1051.50,1056.09,1046.02,1049.40,522,98,0
1779386400,1049.59,1050.02,1046.87,1048.57,372,85,0
1779390000,1048.57,1049.05,1044.75,1046.86,340,74,0
1779393600,1046.86,1057.35,1046.86,1055.05,639,74,0
1779397200,1055.90,1064.12,1054.06,1060.74,574,78,0
1779400800,1060.69,1062.70,1055.58,1062.12,720,74,0
1779465600,1065.24,1073.20,1064.16,1071.64,372,156,0
1779469200,1071.17,1073.81,1067.84,1068.90,436,76,0
1779472800,1068.79,1074.06,1067.29,1072.86,369,74,0
1779476400,1072.86,1075.25,1070.51,1073.97,494,74,0
1779480000,1074.04,1078.53,1074.02,1075.86,673,81,0
1779483600,1076.26,1078.00,1074.60,1076.08,625,74,0
1779487200,1076.08,1076.08,1069.68,1072.05,949,74,0
1779811200,1076.04,1081.17,1073.07,1073.34,289,151,0
1779814800,1074.30,1080.58,1071.99,1076.23,589,99,0
1779818400,1076.23,1076.53,1070.83,1072.55,352,78,0
1779822000,1072.56,1075.57,1071.99,1074.24,272,74,0
1779825600,1074.24,1075.24,1072.32,1074.12,337,77,0
1779829200,1074.10,1078.05,1073.15,1076.92,383,74,0
1779832800,1076.92,1078.72,1075.49,1076.86,601,74,0
1779897600,1078.71,1080.50,1065.01,1068.50,461,128,0
1779901200,1067.41,1084.51,1067.41,1078.44,1157,109,0
1779904800,1078.44,1082.73,1061.30,1072.05,1114,74,0
1779908400,1075.79,1086.46,1061.38,1069.39,882,82,0
1779912000,1069.34,1079.01,1051.29,1072.28,762,78,0
1779915600,1072.28,1099.68,1066.37,1073.53,1027,74,0
1779919200,1073.53,1103.31,1062.61,1069.55,1507,74,0
1779984000,1055.59,1061.18,1052.11,1055.72,264,197,0
1779987600,1055.61,1058.62,1044.94,1052.71,847,108,0
1779991200,1052.71,1054.50,1048.46,1049.40,450,74,0
1779994800,1049.40,1053.60,1047.53,1050.67,471,74,0
1779998400,1051.09,1051.97,1046.92,1050.36,448,74,0
1780002000,1050.38,1051.17,1047.86,1050.25,396,84,0
1780005600,1050.25,1050.84,1045.20,1046.10,789,74,0
1780070400,1045.96,1055.00,1039.56,1055.00,376,130,0
1780074000,1055.00,1056.84,1047.23,1055.18,616,93,0
1780077600,1055.18,1059.81,1053.57,1055.28,544,76,0
1780081200,1054.96,1058.24,1053.83,1055.74,431,74,0
1780084800,1055.74,1058.43,1053.91,1054.19,371,74,0
1780088400,1053.94,1055.18,1051.18,1052.64,379,74,0
1780092000,1052.64,1052.92,1044.74,1045.61,846,74,0
1780329600,1042.86,1051.97,1038.57,1051.22,344,172,0
1780333200,1051.07,1052.14,1015.23,1017.10,740,128,0
1780336800,1017.20,1031.52,1016.81,1028.09,791,107,0
1780340400,1028.29,1032.14,1020.51,1021.26,504,94,0
1780344000,1021.27,1024.64,1020.89,1023.33,488,86,0
1780347600,1023.34,1024.80,1020.86,1021.58,546,77,0
1780351200,1021.58,1022.74,1015.09,1019.02,1029,74,0
1780416000,1015.45,1035.91,1013.57,1024.25,570,124,0
1780419600,1024.05,1025.18,1006.61,1023.47,707,91,0
1780423200,1023.50,1023.90,1011.65,1014.71,579,74,0
1780426800,1014.89,1017.01,1012.05,1013.55,373,93,0
1780430400,1013.82,1019.31,1013.82,1018.95,360,81,0
1780434000,1019.23,1024.50,1018.95,1023.49,377,74,0
1780437600,1023.49,1024.30,1018.31,1018.56,704,74,0
1780502400,1002.43,1002.43,985.26,990.14,524,118,0
1780506000,990.65,991.52,983.10,987.06,730,91,0
1780509600,987.17,988.17,984.81,987.31,563,80,0
1780513200,987.20,994.42,986.25,990.29,600,84,0
1780516800,990.28,991.85,987.08,987.48,416,78,0
1780520400,987.43,990.89,986.88,990.22,604,75,0
1780524000,990.17,992.48,987.09,990.76,952,75,0
1780588800,998.33,1009.91,997.89,1003.41,489,135,0
1780592400,1003.65,1005.70,990.77,999.33,896,94,0
1780596000,999.54,1012.29,999.30,1011.48,676,89,0
1780599600,1011.35,1022.50,1011.02,1022.50,440,85,0
1780603200,1022.51,1022.51,1017.71,1018.09,383,80,0
1780606800,1018.10,1021.01,1015.42,1020.60,464,77,0
1780610400,1020.60,1024.54,1020.51,1022.40,913,74,0
1780675200,1010.83,1011.38,998.55,999.17,369,126,0
1780678800,999.15,1003.01,994.75,1001.47,614,90,0
1780682400,1001.47,1003.02,998.82,999.65,382,82,0
1780686000,999.55,999.55,994.18,998.74,392,82,0
1780689600,998.85,998.85,994.29,997.74,346,79,0
1780693200,997.64,997.64,992.21,993.22,486,87,0
1780696800,993.22,997.41,990.88,995.52,1088,74,0
1780934400,1005.04,1005.04,991.42,997.25,414,159,0
1780938000,997.62,1001.86,995.85,998.53,712,81,0
1780941600,998.71,998.94,993.74,995.41,457,81,0
1780945200,995.41,997.18,994.56,994.75,367,86,0
1780948800,994.75,995.00,992.34,993.75,417,75,0
1780952400,993.86,996.31,992.28,992.29,427,79,0
1780956000,992.29,994.26,990.37,993.97,853,74,0
1781020800,999.39,1008.56,996.36,1008.14,419,131,0
1781024400,1008.19,1009.24,993.72,999.77,783,108,0
1781028000,999.77,1000.66,989.98,992.20,783,104,0
1781031600,992.63,997.53,986.82,989.81,821,95,0
1781035200,989.61,1006.07,988.75,1005.16,749,79,0
1781038800,1005.22,1009.77,1005.16,1007.17,721,88,0
1781042400,1007.18,1011.80,1005.05,1010.93,960,74,0
1781107200,1002.20,1017.63,999.39,1017.60,406,155,0
1781110800,1017.58,1017.79,998.96,1000.43,774,106,0
1781114400,1000.41,1006.80,999.29,1006.68,842,91,0
1781118000,1006.68,1011.15,1005.54,1009.19,593,84,0
1781121600,1009.20,1013.15,1008.09,1012.92,754,77,0
1781125200,1012.92,1015.12,1007.54,1008.83,678,85,0
1781128800,1008.93,1012.83,1006.11,1010.41,1462,74,0
1781193600,1010.39,1014.19,1004.63,1013.59,407,192,0
1781197200,1013.49,1016.01,1004.64,1007.86,728,105,0
1781200800,1007.86,1008.31,1001.39,1005.35,635,86,0
1781204400,1005.35,1008.95,1002.05,1002.29,516,102,0
1781208000,1002.14,1020.95,1000.14,1017.98,818,103,0
1781211600,1018.00,1018.00,1013.53,1016.67,589,95,0
1781215200,1016.80,1018.23,1011.30,1015.24,1278,76,0
1781280000,1022.94,1029.28,1021.92,1023.90,365,164,0
1781283600,1023.87,1039.25,1023.87,1038.59,690,93,0
1781287200,1038.78,1040.65,1028.24,1028.55,652,74,0
1781290800,1028.18,1030.68,1022.75,1025.23,461,106,0
1781294400,1025.23,1027.49,1024.76,1026.66,346,88,0
1781298000,1026.45,1031.67,1026.45,1030.99,461,79,0
1781301600,1030.99,1032.63,1029.35,1030.99,770,74,0
1781539200,1044.89,1057.97,1044.89,1048.18,377,157,0
1781542800,1048.18,1048.24,1040.99,1041.58,476,104,0
1781546400,1041.41,1048.78,1040.93,1048.17,388,84,0
1781550000,1048.17,1051.59,1047.69,1049.36,268,74,0
1781553600,1049.21,1053.97,1047.70,1050.62,349,101,0
1781557200,1050.62,1050.64,1046.57,1047.51,370,82,0
1781560800,1047.66,1049.21,1040.46,1042.88,808,74,0
1781625600,1048.85,1051.12,1038.76,1039.82,403,118,0
1781629200,1039.52,1045.51,1038.59,1041.59,579,122,0
1781632800,1040.73,1051.94,1040.73,1048.87,609,79,0
1781636400,1048.87,1054.58,1048.87,1053.57,537,107,0
1781640000,1053.51,1055.65,1051.27,1051.70,468,103,0
1781643600,1051.70,1053.30,1049.93,1050.86,408,85,0
1781647200,1050.91,1053.93,1049.28,1051.46,950,74,0
1781712000,1046.78,1056.97,1044.04,1054.22,305,116,0
1781715600,1054.22,1063.78,1053.31,1058.46,651,74,0
1781719200,1058.51,1062.98,1057.22,1060.92,613,74,0
1781722800,1060.92,1068.41,1059.28,1067.61,653,84,0
1781726400,1067.61,1074.42,1066.57,1074.38,689,82,0
1781730000,1074.59,1074.59,1063.83,1064.42,944,82,0
1781733600,1065.15,1067.63,1050.55,1056.55,1009,74,0
1781798400,1069.52,1074.14,1061.86,1073.30,387,136,0
1781802000,1073.33,1075.04,1065.69,1073.90,758,89,0
1781805600,1073.90,1074.43,1060.01,1064.26,855,83,0
1781809200,1064.55,1064.55,1054.55,1055.96,686,74,0
1781812800,1055.84,1056.90,1049.74,1049.82,473,76,0
1781816400,1049.86,1049.93,1046.07,1047.15,686,75,0
1781820000,1047.15,1053.32,1045.07,1049.55,1362,79,0
1782144000,1051.06,1061.34,1044.04,1057.33,321,182,0
1782147600,1057.33,1062.44,1048.59,1049.98,502,93,0
1782151200,1049.98,1059.09,1049.04,1055.06,447,88,0
1782154800,1055.07,1055.08,1051.18,1053.70,672,94,0
1782158400,1053.70,1056.13,1050.38,1052.74,347,118,0
1782162000,1052.72,1053.45,1045.11,1045.41,451,74,0
1782165600,1045.29,1051.80,1045.29,1050.76,844,74,0
1782230400,1045.19,1048.51,1039.28,1043.40,455,222,0
1782234000,1044.48,1044.72,1026.84,1033.19,1023,79,0
1782237600,1033.08,1035.36,1029.45,1034.22,470,97,0
1782241200,1034.22,1039.47,1008.85,1009.09,1002,93,0
1782244800,1009.38,1024.09,1009.16,1017.81,817,110,0
1782248400,1017.62,1018.22,1008.68,1013.62,836,105,0
1782252000,1013.74,1017.70,1009.80,1014.48,1287,79,0
1782316800,1014.35,1014.35,976.85,977.29,681,125,0
1782320400,978.09,981.88,969.92,981.85,1201,88,0
1782324000,981.84,988.27,978.57,983.05,739,77,0
1782327600,983.35,985.01,977.66,984.29,525,88,0
1782331200,984.43,985.64,980.70,984.07,614,96,0
1782334800,984.07,993.82,983.96,986.53,647,79,0
1782338400,986.53,986.94,976.46,981.75,1164,74,0
1782403200,991.11,999.56,990.61,993.32,463,142,0
1782406800,993.18,1001.27,987.86,989.06,1232,148,0
1782410400,989.18,989.18,975.55,983.20,719,122,0
1782414000,983.20,983.29,969.82,969.90,700,105,0
1782417600,970.03,976.84,968.31,976.31,620,108,0
1782421200,976.31,976.76,965.76,970.68,561,83,0
1782424800,970.68,973.40,967.71,970.40,999,80,0
1782489600,972.30,975.01,965.68,973.14,532,91,0
1782493200,973.01,976.76,971.61,974.16,660,92,0
1782496800,974.02,982.85,973.18,980.67,616,88,0
1782500400,980.67,981.01,975.34,976.52,422,94,0
1782504000,976.57,978.65,974.75,975.12,468,89,0
1782507600,975.12,976.10,970.90,971.04,449,86,0
1782511200,971.03,971.67,961.86,962.47,1384,77,0
1782748800,972.12,972.12,955.47,956.58,416,121,0
1782752400,956.39,957.21,949.82,952.64,940,100,0
1782756000,952.64,953.10,947.52,948.57,563,79,0
1782759600,948.57,950.43,946.79,950.05,498,86,0
1782763200,950.12,954.15,950.12,953.26,460,94,0
1782766800,953.26,953.43,949.90,950.88,477,87,0
1782770400,950.88,953.27,948.90,948.90,888,74,0
1782835200,951.45,964.59,951.45,964.59,374,132,0
1782838800,964.77,968.69,960.79,961.05,570,96,0
1782842400,960.96,964.49,958.54,959.92,443,100,0
1782846000,960.15,964.55,959.92,961.68,353,94,0
1782849600,961.68,961.91,958.34,958.92,297,91,0
1782853200,959.00,960.78,957.27,958.40,304,99,0
1782856800,958.40,962.39,956.93,959.99,768,80,0
1782921600,958.97,967.45,958.71,964.46,350,144,0
1782925200,963.81,970.74,960.69,968.74,588,105,0
1782928800,968.76,978.77,968.76,978.07,546,97,0
1782932400,978.41,983.24,978.08,978.60,491,101,0
1782936000,979.15,980.58,977.35,978.20,372,98,0
1782939600,978.20,980.63,976.01,979.50,369,92,0
1782943200,979.45,985.78,977.67,979.86,935,89,0
1783008000,985.36,998.60,981.70,993.03,408,190,0
1783011600,993.03,1000.64,989.97,996.07,609,137,0
1783015200,995.84,996.30,986.82,986.90,545,112,0
1783018800,986.95,988.64,984.94,986.51,338,122,0
1783022400,986.41,990.69,984.87,989.91,540,98,0
1783026000,989.92,993.88,988.78,991.03,686,91,0
1783029600,991.03,994.41,987.11,994.04,977,82,0
1783353600,997.14,998.73,989.89,998.36,215,137,0
1783357200,997.90,999.68,993.08,999.26,464,143,0
1783360800,999.26,1002.35,998.46,999.95,420,104,0
1783364400,1000.33,1001.24,998.89,999.70,319,103,0
1783368000,999.70,1005.05,999.70,1003.73,451,107,0
1783371600,1003.71,1006.25,1003.44,1005.90,379,97,0
1783375200,1005.89,1011.14,1004.42,1010.54,690,78,0
1783440000,1013.10,1015.49,1009.06,1011.89,298,141,0
1783443600,1011.90,1015.55,1002.41,1007.21,647,127,0
1783447200,1007.37,1008.09,1003.72,1005.78,439,114,0
1783450800,1005.75,1007.79,1004.93,1006.26,375,89,0
1783454400,1006.28,1009.37,1006.28,1007.39,353,116,0
1783458000,1007.32,1009.69,1005.23,1007.30,459,107,0
1783461600,1007.32,1012.12,1006.08,1008.00,839,82,0
1783526400,1001.48,1001.64,992.44,994.37,380,180,0
1783530000,994.23,995.50,982.35,985.51,921,127,0
1783533600,985.33,988.84,982.03,984.63,940,108,0
1783537200,984.63,989.46,982.19,989.23,1041,106,0
1783540800,989.31,990.95,985.03,985.73,533,109,0
1783544400,985.95,988.95,985.59,987.70,631,101,0
1783548000,987.71,990.30,986.28,989.52,675,84,0
1783612800,992.95,1005.07,991.45,1004.61,433,173,0
1783616400,1004.62,1017.38,1004.11,1017.00,1218,104,0
1783620000,1017.35,1017.75,1012.03,1015.84,569,92,0
1783623600,1015.78,1019.87,1015.78,1019.20,413,86,0
1783627200,1019.20,1019.96,1016.73,1018.50,361,104,0
1783630800,1018.50,1019.24,1015.65,1015.82,369,99,0
1783634400,1015.82,1018.59,1013.25,1017.83,733,80,0
1783699200,1032.83,1046.45,1032.74,1042.97,690,154,0
1783702800,1042.83,1044.23,1033.41,1038.98,1077,111,0
1783706400,1039.53,1040.32,1035.20,1036.35,707,101,0
1783710000,1036.38,1037.10,1032.68,1035.44,506,124,0
1783713600,1035.44,1035.46,1031.52,1034.76,356,135,0
1783717200,1034.76,1035.83,1033.17,1035.21,415,103,0
1783720800,1035.21,1037.83,1033.88,1034.78,804,88,0
1783958400,1031.22,1038.36,1021.43,1025.44,715,132,0
1783962000,1025.74,1026.34,1015.12,1018.09,1043,119,0
1783965600,1018.15,1024.43,1015.94,1022.86,837,105,0
1783969200,1022.86,1022.86,1017.48,1019.33,540,84,0
1783972800,1019.33,1023.47,1019.21,1021.93,553,89,0
1783976400,1021.93,1024.13,1020.01,1022.62,625,92,0
1783980000,1022.57,1031.88,1022.57,1030.43,1083,74,0
1784044800,1026.50,1035.04,1025.20,1032.15,491,149,0
1784048400,1032.17,1035.80,1031.08,1033.53,758,120,0
1784052000,1033.62,1033.86,1022.45,1023.87,658,94,0
1784055600,1024.07,1026.22,1022.75,1025.74,592,82,0
1784059200,1025.74,1031.56,1025.56,1026.07,547,90,0
1784062800,1026.07,1031.00,1024.01,1029.57,682,82,0
1784066400,1029.57,1030.15,1024.55,1025.54,1052,74,0
1784131200,1095.88,1105.66,1081.62,1095.84,1096,120,0
1784134800,1095.66,1105.78,1090.46,1099.97,1323,116,0
1784138400,1100.23,1105.46,1096.38,1097.13,1047,93,0
1784142000,1097.07,1102.56,1091.66,1099.01,826,86,0
1784145600,1099.01,1102.64,1086.34,1086.56,936,80,0
1784149200,1086.56,1091.84,1083.11,1084.82,843,76,0
1784152800,1084.82,1095.64,1084.54,1089.40,1271,74,0
1784217600,1107.49,1119.67,1098.16,1104.17,730,95,0
1784221200,1104.18,1107.18,1095.97,1104.97,1152,103,0
1784224800,1105.07,1105.07,1093.12,1097.99,962,89,0
1784228400,1098.30,1098.92,1087.75,1090.19,736,81,0
1784232000,1089.96,1090.54,1082.32,1082.61,434,82,0
1784235600,1082.61,1083.21,1078.76,1081.83,791,74,0
1784239200,1081.11,1089.06,1079.75,1085.38,1221,79,0
1784304000,1074.47,1096.82,1067.58,1085.81,884,135,0
1784307600,1085.81,1086.02,1073.53,1073.75,1182,125,0
1784311200,1073.75,1074.67,1068.68,1073.32,1162,101,0
1784314800,1073.32,1077.85,1071.10,1077.26,803,114,0
1784318400,1077.62,1078.33,1073.93,1074.11,440,98,0
1784322000,1074.11,1075.08,1070.27,1072.30,526,81,0
1784325600,1072.30,1073.96,1068.90,1071.60,941,74,0
1784563200,1073.04,1073.96,1057.67,1058.65,481,131,0
1784566800,1059.39,1062.73,1053.89,1060.16,889,134,0
1784570400,1060.72,1067.93,1060.61,1067.05,776,86,0
1784574000,1066.96,1068.37,1060.73,1060.78,450,74,0
1784577600,1060.88,1061.29,1058.31,1059.11,413,77,0
1784581200,1059.13,1064.23,1058.80,1058.94,498,74,0
1784584800,1058.94,1059.51,1051.30,1053.09,1077,74,0
1784649600,1057.69,1061.54,1049.73,1056.47,400,221,0
1784653200,1056.44,1061.53,1056.18,1057.88,922,98,0
1784656800,1057.32,1057.89,1051.96,1054.09,617,94,0
1784660400,1053.70,1056.77,1050.67,1056.40,680,88,0
1784664000,1056.40,1056.83,1035.99,1043.82,777,80,0
1784667600,1043.83,1046.40,1031.63,1031.63,701,97,0
1784671200,1031.22,1037.80,1030.41,1037.43,1160,74,0
1784736000,1039.89,1052.94,1033.62,1047.86,518,180,0
1784739600,1047.86,1049.48,1038.38,1039.13,727,104,0
1784743200,1039.03,1043.28,1036.49,1039.10,643,78,0
1784746800,1039.11,1045.75,1039.11,1044.19,564,78,0
1784750400,1044.26,1052.37,1044.20,1045.49,561,80,0
1784754000,1045.53,1047.41,1043.46,1044.27,534,79,0
1784757600,1043.46,1056.46,1043.46,1054.94,1045,74,0
1784822400,1052.31,1060.81,1046.42,1050.96,603,119,0
1784826000,1051.01,1053.91,1044.33,1048.39,898,109,0
1784829600,1048.25,1048.95,1038.93,1040.49,1088,111,0
1784833200,1040.44,1043.18,1039.42,1039.51,794,91,0
1784836800,1039.52,1042.36,1038.03,1039.95,774,91,0
1784840400,1039.95,1045.30,1038.28,1043.60,678,82,0
1784844000,1043.80,1047.05,1035.55,1035.61,1166,74,0
1784908800,1038.28,1042.84,1034.06,1038.40,507,172,0
1784912400,1038.33,1042.78,1037.38,1041.25,733,87,0
1784916000,1041.25,1051.74,1040.01,1048.46,678,82,0
1784919600,1048.46,1051.02,1046.50,1048.13,512,93,0
1784923200,1048.13,1050.85,1046.46,1049.86,411,74,0
1784926800,1049.87,1052.35,1049.84,1050.88,551,93,0
1784930400,1050.89,1055.78,1050.82,1053.99,730,75,0
1785168000,1060.60,1067.90,1059.10,1059.22,402,149,0
1785171600,1059.20,1061.26,1051.06,1052.18,945,116,0
1785175200,1052.42,1057.77,1049.88,1052.59,725,116,0
1785178800,1052.59,1060.34,1050.31,1054.99,844,79,0
1785182400,1054.86,1056.26,1051.68,1055.70,610,93,0
1785186000,1055.70,1056.68,1053.55,1056.38,423,103,0
1785189600,1056.64,1064.19,1055.07,1061.17,926,74,0
1785254400,1064.48,1079.88,1063.29,1076.94,804,121,0
1785258000,1077.61,1083.09,1075.46,1079.79,1125,93,0
1785261600,1079.79,1096.24,1077.07,1094.33,940,95,0
1785265200,1094.35,1098.77,1092.61,1097.58,831,74,0
1785268800,1097.73,1100.37,1089.99,1093.65,741,94,0
1785272400,1093.82,1099.94,1093.22,1099.74,726,86,0
1785276000,1099.68,1102.96,1096.47,1096.80,1250,74,0
1785340800,1085.52,1099.76,1083.64,1096.41,515,142,0
1785344400,1096.48,1101.49,1092.31,1095.96,947,119,0
1785348000,1096.11,1099.15,1094.80,1098.41,770,84,0
1785351600,1098.41,1100.32,1095.80,1097.16,858,106,0
1785355200,1097.34,1100.03,1095.84,1099.47,867,97,0
1785358800,1099.24,1106.85,1095.18,1106.70,778,74,0
1785362400,1106.72,1108.76,1080.26,1080.58,1364,74,0
1785427200,1086.07,1086.07,1070.07,1075.99,504,144,0
1785430800,1075.83,1092.34,1075.83,1085.70,1172,120,0
1785434400,1085.71,1093.38,1082.18,1092.95,863,84,0
1785438000,1092.96,1101.51,1092.89,1099.76,793,95,0
1785441600,1099.64,1102.80,1096.75,1098.11,696,97,0
1785445200,1098.28,1099.84,1096.93,1099.74,627,74,0
1785448800,1099.74,1101.46,1095.67,1098.20,1091,74,0
1785513600,1100.36,1100.36,1092.55,1095.05,418,192,0
1785517200,1095.62,1098.87,1090.39,1093.05,898,101,0
1785520800,1093.01,1098.72,1091.52,1096.09,749,90,0
1785524400,1096.09,1096.84,1092.34,1093.14,589,103,0
1785528000,1093.07,1093.92,1089.75,1089.76,510,76,0
1785531600,1089.76,1091.96,1088.81,1090.67,539,80,0
1785535200,1090.51,1094.09,1089.38,1089.89,939,74,0
1785772800,1102.07,1111.74,1097.08,1109.73,615,130,0
1785776400,1109.72,1118.66,1107.50,1114.51,1129,88,0
1785780000,1114.51,1114.59,1108.14,1110.68,819,86,0
1785783600,1110.34,1110.44,1105.25,1107.24,790,84,0
1785787200,1107.20,1116.62,1106.41,1115.53,665,74,0
1785790800,1115.68,1122.67,1114.73,1120.99,732,74,0
1785794400,1120.72,1128.75,1120.72,1126.36,1149,74,0
1785859200,1135.64,1148.74,1133.99,1136.62,704,111,0
1785862800,1136.97,1138.84,1129.93,1134.17,1030,108,0
1785866400,1133.96,1136.87,1132.06,1136.15,752,77,0
1785870000,1136.14,1137.15,1130.49,1132.98,517,78,0
1785873600,1132.98,1134.72,1131.26,1133.07,638,74,0
1785877200,1133.07,1138.60,1131.79,1137.30,533,74,0
1785880800,1137.74,1139.23,1130.58,1130.73,965,74,0
1785945600,1138.03,1140.62,1129.26,1133.29,449,154,0
1785949200,1132.60,1137.05,1127.64,1128.53,836,106,0
1785952800,1128.52,1132.08,1120.68,1121.84,732,74,0
1785956400,1121.75,1127.09,1120.28,1126.22,806,93,0
1785960000,1126.30,1127.01,1123.18,1125.72,641,78,0
1785963600,1125.53,1128.87,1125.18,1126.26,615,74,0
1785967200,1126.12,1132.86,1124.72,1131.15,1034,74,0
1786032000,1135.36,1137.96,1128.35,1130.60,560,150,0
1786035600,1130.06,1132.31,1124.27,1125.77,962,93,0
1786039200,1125.74,1127.75,1119.46,1121.01,742,87,0
1786042800,1120.92,1127.55,1119.87,1126.26,727,110,0
1786046400,1126.25,1126.49,1119.78,1122.78,644,80,0
1786050000,1122.78,1128.74,1122.54,1126.59,608,74,0
1786053600,1127.19,1129.61,1125.62,1129.06,1000,74,0
1786118400,1129.39,1137.54,1128.07,1137.00,335,191,0
1786122000,1136.76,1138.89,1133.86,1135.73,886,94,0
1786125600,1135.73,1135.79,1130.79,1131.37,564,145,0
1786129200,1131.32,1133.53,1127.99,1132.52,637,98,0
1786132800,1132.53,1139.76,1131.44,1139.47,505,105,0
1786136400,1139.37,1141.71,1137.53,1141.41,456,85,0
1786140000,1141.42,1142.35,1133.96,1136.10,882,74,0
1786377600,1128.72,1138.65,1127.67,1133.99,543,142,0
1786381200,1133.99,1134.40,1126.78,1130.76,711,101,0
1786384800,1130.76,1135.03,1128.45,1132.06,551,74,0
1786388400,1132.11,1132.46,1125.61,1126.87,557,83,0
1786392000,1126.87,1130.92,1125.76,1128.76,822,74,0
1786395600,1128.72,1130.36,1125.74,1128.60,460,74,0
1786399200,1128.60,1130.93,1126.41,1130.43,952,74,0
1786464000,1132.41,1150.33,1130.03,1150.03,389,111,0
1786467600,1150.03,1151.53,1145.40,1146.72,812,89,0
1786471200,1146.89,1146.92,1139.64,1143.67,592,88,0
1786474800,1143.19,1149.60,1143.19,1148.22,497,78,0
1786478400,1148.21,1148.22,1144.31,1147.51,469,86,0
1786482000,1147.49,1148.51,1144.84,1145.45,368,78,0
1786485600,1145.45,1147.97,1141.26,1147.97,821,74,0
1786550400,1154.09,1157.39,1144.76,1147.13,420,74,0
1786554000,1147.16,1151.53,1145.30,1150.55,777,103,0
1786557600,1150.51,1154.93,1150.51,1151.68,529,74,0
1786561200,1151.68,1155.45,1151.17,1155.18,397,74,0
1786564800,1155.18,1155.42,1152.53,1153.67,381,78,0
1786568400,1153.67,1158.01,1153.43,1157.53,347,74,0
1786572000,1157.53,1162.11,1157.51,1159.96,674,74,0
1786636800,1163.51,1170.64,1162.56,1167.61,381,170,0
1786640400,1167.22,1180.26,1166.57,1174.96,934,76,0
1786644000,1174.65,1175.96,1166.38,1166.78,479,105,0
1786647600,1166.81,1171.31,1166.51,1171.07,465,74,0
1786651200,1170.93,1172.07,1168.54,1171.13,433,84,0
1786654800,1171.13,1178.74,1171.03,1178.74,395,75,0
1786658400,1178.85,1185.61,1178.74,1181.75,852,74,0
1786723200,1177.38,1177.38,1168.25,1174.84,436,157,0
1786726800,1175.15,1176.04,1169.36,1172.33,960,106,0
1786730400,1172.33,1178.28,1170.72,1175.73,596,85,0
1786734000,1175.72,1178.03,1175.20,1176.09,480,74,0
1786737600,1175.98,1175.99,1172.06,1172.49,349,87,0
1786741200,1172.49,1175.66,1172.15,1173.70,397,74,0
1786744800,1173.70,1174.97,1168.07,1173.13,944,74,0
1786982400,1170.07,1170.07,1159.93,1163.58,446,120,0
1786986000,1163.55,1165.05,1155.67,1156.21,630,81,0
1786989600,1156.11,1159.55,1154.76,1155.28,505,86,0
1786993200,1155.29,1160.13,1155.09,1158.93,374,79,0
1786996800,1158.93,1160.82,1155.64,1156.67,420,78,0
1787000400,1156.58,1157.01,1153.46,1153.75,467,86,0
1787004000,1153.75,1156.33,1146.28,1146.85,868,74,0
1787068800,1146.39,1149.46,1141.40,1149.42,461,113,0
1787072400,1149.13,1158.81,1146.41,1154.81,847,86,0
1787076000,1154.80,1156.37,1151.26,1152.24,628,74,0
1787079600,1152.24,1156.68,1152.24,1154.92,359,76,0
1787083200,1154.78,1157.36,1152.94,1155.29,374,81,0
1787086800,1155.11,1160.63,1154.84,1158.57,402,74,0
1787090400,1158.57,1161.14,1153.49,1153.74,813,74,0
1787155200,1158.65,1164.68,1155.44,1164.04,327,157,0
1787158800,1164.54,1176.78,1163.89,1172.63,911,123,0
1787162400,1172.63,1180.32,1172.24,1173.36,822,102,0
1787166000,1173.47,1176.83,1169.79,1170.39,580,95,0
1787169600,1170.49,1172.57,1165.59,1167.62,514,77,0
1787173200,1167.62,1167.99,1160.95,1160.99,592,74,0
1787176800,1160.39,1161.40,1155.70,1158.49,918,74,0
1787241600,1155.78,1159.41,1148.55,1149.95,376,165,0
1787245200,1150.07,1153.61,1145.38,1152.47,543,103,0
1787248800,1152.47,1157.33,1151.95,1154.28,491,92,0
1787252400,1154.28,1155.90,1150.78,1151.25,342,74,0
1787256000,1151.46,1152.67,1147.82,1150.97,365,76,0
1787259600,1150.97,1151.60,1146.22,1146.78,473,84,0
1787263200,1146.95,1146.95,1138.67,1139.63,1182,74,0
1787328000,1147.78,1158.67,1146.98,1155.74,419,141,0
1787331600,1155.66,1157.64,1150.48,1154.80,669,93,0
1787335200,1154.77,1154.78,1146.83,1148.58,646,97,0
1787338800,1148.89,1153.79,1148.66,1152.88,488,80,0
1787342400,1152.77,1154.42,1151.66,1154.33,414,86,0
1787346000,1154.32,1155.60,1152.51,1153.78,399,74,0
1787349600,1153.79,1158.22,1153.79,1155.92,864,74,0
1787587200,1157.04,1170.54,1157.04,1167.97,452,128,0
1787590800,1167.97,1172.67,1166.96,1168.93,734,109,0
1787594400,1169.07,1171.32,1167.22,1169.17,593,74,0
1787598000,1169.21,1170.24,1163.17,1163.17,455,91,0
1787601600,1163.27,1165.50,1161.37,1165.49,442,74,0
1787605200,1165.50,1168.29,1164.24,1168.26,634,79,0
1787608800,1168.28,1171.83,1165.97,1171.63,929,74,0
1787673600,1169.72,1170.99,1161.96,1167.02,363,159,0
1787677200,1167.18,1173.19,1164.88,1171.28,731,114,0
1787680800,1171.05,1175.32,1170.05,1175.16,401,85,0
1787684400,1175.07,1178.32,1174.48,1177.84,403,82,0
1787688000,1177.85,1179.74,1176.50,1177.66,472,82,0
1787691600,1177.66,1178.85,1176.04,1178.40,479,78,0
1787695200,1178.40,1180.28,1175.43,1176.30,842,74,0
1787760000,1175.89,1179.81,1172.51,1177.67,399,120,0
1787763600,1177.60,1177.98,1170.46,1172.91,817,105,0
1787767200,1172.91,1176.40,1171.04,1173.43,560,74,0
1787770800,1173.44,1176.41,1173.27,1174.93,520,87,0
1787774400,1175.05,1180.04,1174.44,1179.36,382,75,0
1787778000,1179.41,1180.16,1177.46,1179.74,423,74,0
1787781600,1179.74,1181.00,1172.40,1172.89,776,76,0
1787846400,1164.84,1183.80,1164.84,1183.80,430,108,0
1787850000,1183.80,1183.81,1173.27,1176.96,802,101,0
1787853600,1177.00,1186.06,1175.58,1184.74,726,94,0
1787857200,1184.76,1185.09,1180.51,1181.74,507,81,0
1787860800,1181.77,1182.01,1171.40,1171.59,520,82,0
1787864400,1171.59,1173.17,1168.33,1168.80,509,75,0
1787868000,1168.80,1172.17,1164.94,1166.68,756,74,0
1787932800,1169.66,1180.35,1169.24,1180.10,381,111,0
1787936400,1180.08,1180.97,1172.24,1179.15,756,132,0
1787940000,1179.19,1182.59,1174.46,1176.86,836,97,0
1787943600,1176.77,1177.69,1168.45,1169.86,691,107,0
1787947200,1169.88,1170.01,1159.67,1160.90,659,79,0
1787950800,1161.01,1166.14,1159.97,1163.04,794,84,0
1787954400,1163.04,1165.34,1158.36,1162.64,968,74,0
1788192000,1157.06,1157.06,1141.95,1151.82,701,119,0
1788195600,1151.77,1157.56,1149.41,1154.83,1104,99,0
1788199200,1154.84,1156.07,1150.68,1151.72,635,84,0
1788202800,1151.71,1153.40,1149.97,1152.10,439,80,0
1788206400,1152.10,1157.33,1152.08,1157.13,373,85,0
1788210000,1157.14,1157.48,1150.82,1152.78,623,88,0
1788213600,1152.88,1156.24,1149.75,1154.30,1061,74,0
1788278400,1142.89,1142.89,1129.01,1140.12,572,156,0
1788282000,1139.86,1147.50,1134.36,1135.45,849,105,0
1788285600,1135.52,1136.34,1129.84,1132.35,832,77,0
1788289200,1132.36,1133.42,1123.40,1128.67,1017,81,0
1788292800,1128.67,1133.07,1125.51,1130.01,756,83,0
1788296400,1130.01,1133.40,1127.78,1129.36,629,74,0
1788300000,1129.29,1133.11,1126.63,1127.84,938,74,0
1788364800,1126.99,1135.74,1126.65,1131.21,506,113,0
1788368400,1131.20,1136.45,1129.96,1130.25,1228,97,0
1788372000,1130.25,1130.36,1113.68,1116.10,555,85,0
1788375600,1116.10,1116.90,1110.23,1111.17,664,74,0
1788379200,1111.18,1116.54,1105.95,1116.30,557,89,0
1788382800,1116.38,1117.78,1111.59,1111.76,512,83,0
1788386400,1111.76,1113.21,1105.99,1106.77,1129,74,0
1788451200,1113.70,1131.67,1113.70,1130.33,597,178,0
1788454800,1130.38,1130.38,1111.10,1116.82,1312,93,0
1788458400,1116.82,1118.01,1113.16,1114.72,1133,114,0
1788462000,1114.73,1118.98,1112.84,1116.43,867,90,0
1788465600,1116.32,1120.88,1114.40,1120.43,701,89,0
1788469200,1120.43,1123.41,1118.63,1121.91,851,84,0
1788472800,1122.05,1125.61,1120.17,1124.61,968,74,0
1788537600,1116.39,1117.33,1111.71,1111.75,719,132,0
1788541200,1111.75,1118.20,1110.11,1115.50,1390,107,0
1788544800,1115.27,1121.99,1115.11,1120.57,986,93,0
1788548400,1120.57,1123.27,1118.92,1120.76,905,85,0
1788552000,1120.76,1120.78,1117.90,1118.42,738,81,0
1788555600,1118.38,1123.96,1118.38,1122.42,851,74,0
1788559200,1122.42,1123.26,1119.17,1121.23,836,74,0
1788883200,1108.79,1111.42,1105.46,1109.54,469,222,0
1788886800,1109.54,1111.74,1099.95,1105.49,1440,95,0
1788890400,1105.46,1109.74,1102.68,1106.40,1085,86,0
1788894000,1106.40,1107.16,1103.10,1104.69,664,79,0
1788897600,1104.70,1106.21,1101.37,1102.50,580,94,0
1788901200,1102.50,1103.48,1097.73,1097.89,640,74,0
1788904800,1097.89,1099.87,1093.59,1094.64,1102,74,0
1788969600,1088.79,1090.69,1082.25,1082.90,651,145,0
1788973200,1082.87,1086.72,1080.62,1082.01,973,109,0
1788976800,1082.16,1084.47,1077.76,1079.11,752,80,0
1788980400,1079.01,1082.17,1078.88,1079.61,711,74,0
1788984000,1079.62,1081.74,1078.95,1081.22,544,84,0
1788987600,1081.22,1081.32,1076.74,1077.05,489,78,0
1788991200,1077.05,1077.95,1070.62,1071.72,1155,74,0
1789056000,1065.52,1068.94,1061.38,1061.71,485,106,0
1789059600,1061.71,1070.66,1061.55,1069.43,1079,103,0
1789063200,1069.43,1073.59,1067.73,1070.05,866,84,0
1789066800,1070.22,1071.38,1068.46,1071.03,364,74,0
1789070400,1071.03,1071.23,1066.22,1067.42,754,79,0
1789074000,1067.43,1068.45,1062.61,1063.61,527,80,0
1789077600,1063.61,1064.45,1061.62,1061.94,1043,74,0
1789142400,1079.17,1085.36,1071.74,1078.75,614,155,0
1789146000,1079.18,1089.92,1078.26,1087.36,1331,89,0
1789149600,1087.36,1090.00,1084.97,1085.93,1076,74,0
1789153200,1085.93,1089.59,1085.93,1087.22,944,76,0
1789156800,1087.24,1087.57,1084.45,1084.92,669,74,0
1789160400,1084.93,1085.78,1079.63,1080.12,846,76,0
1789164000,1080.09,1082.90,1079.08,1079.08,1073,74,0
1789401600,1075.71,1079.71,1070.20,1070.86,543,147,0
1789405200,1070.88,1075.00,1066.03,1067.14,1192,105,0
1789408800,1067.14,1072.55,1064.75,1071.52,1049,97,0
1789412400,1071.52,1074.96,1069.51,1071.36,774,112,0
1789416000,1071.29,1072.12,1060.88,1061.16,1049,97,0
1789419600,1061.47,1062.12,1056.98,1061.28,803,91,0
1789423200,1061.28,1066.26,1061.28,1065.33,1144,74,0
1789488000,1062.69,1063.72,1054.47,1056.58,457,124,0
1789491600,1056.66,1057.39,1050.24,1051.34,1166,89,0
1789495200,1050.81,1056.45,1049.03,1056.00,697,84,0
1789498800,1056.03,1057.72,1054.40,1056.03,922,74,0
1789502400,1056.03,1057.14,1051.35,1053.48,632,81,0
1789506000,1053.45,1056.75,1052.84,1056.75,634,78,0
1789509600,1056.77,1059.10,1053.85,1057.75,916,77,0
1789574400,1061.41,1061.41,1052.94,1055.78,536,108,0
1789578000,1055.84,1059.22,1051.95,1055.03,990,92,0
1789581600,1055.08,1056.74,1046.76,1049.94,1011,89,0
1789585200,1050.04,1052.57,1049.74,1050.34,680,82,0
1789588800,1050.34,1052.72,1050.09,1052.30,455,78,0
1789592400,1052.22,1052.30,1032.30,1032.43,1103,91,0
1789596000,1032.47,1037.97,1016.38,1036.77,1665,74,0
1789660800,1053.64,1054.03,1048.80,1049.07,597,93,0
1789664400,1049.07,1053.61,1046.75,1048.85,670,75,0
1789668000,1048.85,1054.66,1048.18,1053.47,618,74,0
1789671600,1053.47,1056.86,1052.09,1055.72,786,100,0
1789675200,1055.72,1059.70,1055.35,1059.63,572,90,0
1789678800,1059.63,1060.12,1056.51,1057.11,421,93,0
1789682400,1057.11,1059.62,1050.26,1053.27,896,74,0
1789747200,1046.91,1049.90,1042.63,1045.16,326,135,0
1789750800,1045.38,1050.70,1043.63,1048.93,839,101,0
1789754400,1048.73,1051.93,1046.68,1050.56,889,92,0
1789758000,1050.50,1058.34,1050.31,1057.90,833,76,0
1789761600,1057.86,1059.33,1055.17,1058.00,715,81,0
1789765200,1058.01,1067.36,1050.11,1064.72,745,93,0
1789768800,1064.72,1069.53,1061.15,1068.63,1033,74,0
1790006400,1082.16,1082.16,1063.68,1067.21,679,127,0
1790010000,1067.21,1075.25,1066.34,1067.93,891,78,0
1790013600,1068.29,1077.93,1068.13,1076.38,651,84,0
1790017200,1076.38,1084.76,1076.05,1083.28,784,86,0
1790020800,1083.28,1084.75,1078.64,1079.71,491,81,0
1790024400,1079.70,1086.49,1079.70,1086.07,569,74,0
1790028000,1086.07,1090.74,1085.51,1089.78,1076,74,0
1790092800,1095.81,1095.81,1075.06,1075.39,491,155,0
1790096400,1075.21,1077.88,1068.15,1070.20,691,107,0
1790100000,1070.75,1073.66,1063.72,1068.16,1117,74,0
1790103600,1068.53,1072.63,1067.53,1070.73,1075,86,0
1790107200,1070.73,1073.84,1068.51,1072.97,590,99,0
1790110800,1072.97,1072.97,1068.12,1071.72,590,91,0
1790114400,1071.72,1072.26,1065.22,1065.70,1169,74,0
