time,open,high,low,close,tick_volume,spread,real_volume
1661760000,127.18,127.18,127.18,127.18,1,0,0
1661763600,127.20,127.20,127.20,127.20,1,0,0
1661767200,126.65,127.25,126.65,127.23,3,0,0
1661770800,126.70,126.85,126.70,126.85,6,0,0
1661778000,128.00,128.13,128.00,128.13,3,0,0
1661785200,128.10,128.10,128.10,128.10,1,0,0
1661853600,130.05,130.05,129.85,129.85,4,0,0
1661947200,126.85,126.85,126.85,126.85,1,0,0
1662030000,123.25,123.55,123.25,123.55,2,0,0
1662033600,124.13,124.15,124.03,124.03,3,0,0
1662037200,123.68,123.68,123.68,123.68,1,0,0
1662105600,122.63,122.63,122.63,122.63,1,0,0
1662109200,122.53,122.53,122.53,122.53,1,0,0
1662112800,121.83,121.95,121.83,121.95,2,0,0
1662116400,122.15,122.15,121.93,121.93,2,0,0
1662123600,123.70,123.70,123.70,123.70,1,0,0
1662375600,121.38,121.38,121.38,121.38,1,0,0
1662379200,121.13,121.13,120.83,120.83,3,0,0
1662382800,120.95,120.95,120.95,120.95,1,0,0
1662458400,121.78,121.78,121.78,121.78,1,0,0
1662537600,121.90,121.90,121.90,121.90,1,0,0
1662548400,122.28,122.28,122.28,122.28,1,0,0
1662555600,122.08,122.08,122.08,122.08,1,0,0
1662631200,123.15,123.18,123.10,123.10,4,0,0
1662634800,122.63,122.63,122.63,122.63,2,0,0
1662710400,123.55,123.55,123.55,123.55,1,0,0
1662721200,123.55,123.58,123.48,123.48,3,0,0
1662732000,123.28,123.28,123.28,123.28,1,0,0
1662980400,125.25,125.30,125.25,125.30,3,0,0
1662984000,125.53,125.53,125.53,125.53,1,0,0
1662991200,126.60,126.60,126.60,126.60,1,0,0
1663056000,127.13,127.13,127.13,127.13,1,0,0
1663063200,126.63,126.63,126.63,126.63,1,0,0
1663066800,127.18,127.35,127.18,127.35,2,0,0
1663146000,124.50,124.50,124.50,124.50,1,0,0
1663149600,124.30,124.30,124.30,124.30,1,0,0
1663153200,124.25,124.25,123.93,123.93,2,0,0
1663160400,123.60,123.60,123.60,123.60,1,0,0
1663228800,123.60,123.60,123.60,123.60,1,0,0
1663236000,123.50,123.50,123.38,123.38,2,0,0
1663239600,123.10,123.10,123.05,123.05,4,0,0
1663250400,122.63,122.63,122.63,122.63,1,0,0
1663326000,121.18,121.18,121.18,121.18,1,0,0
1663329600,121.25,121.25,121.08,121.08,3,0,0
1663570800,120.35,120.35,120.35,120.35,1,0,0
1663574400,120.38,120.38,120.38,120.38,1,0,0
1663578000,120.15,120.15,120.08,120.08,3,0,0
1663581600,119.58,119.88,119.58,119.78,5,0,0
1663585200,119.98,120.05,119.98,120.05,3,0,0
1663588800,119.98,120.38,119.98,120.38,4,0,0
1663592400,120.33,120.33,120.33,120.33,3,0,0
1663599600,121.55,121.55,121.55,121.55,1,0,0
1663660800,120.10,120.10,120.10,120.10,1,0,0
1663668000,119.23,119.33,119.23,119.33,2,0,0
1663671600,119.18,119.18,119.15,119.15,2,0,0
1663750800,119.40,119.68,119.40,119.68,2,0,0
1663754400,119.93,119.93,119.93,119.93,1,0,0
1663758000,120.15,120.18,120.15,120.18,2,0,0
1663761600,120.08,120.48,120.08,120.48,2,0,0
1663765200,120.73,120.83,120.73,120.83,2,0,0
1663837200,120.65,120.65,120.65,120.65,1,0,0
1663840800,120.53,120.65,120.48,120.55,4,0,0
1663916400,118.35,118.35,118.35,118.35,1,0,0
1663923600,117.68,117.68,117.68,117.68,1,0,0
1663927200,116.43,116.43,116.43,116.43,1,0,0
1663941600,117.68,117.68,117.68,117.68,1,0,0
1664186400,117.35,117.35,117.35,117.35,1,0,0
1664269200,117.35,117.35,117.35,117.35,1,0,0
1664272800,117.55,117.55,117.55,117.55,1,0,0
1664532000,116.50,117.13,115.99,117.01,1453,8,0
1664535600,117.01,117.30,116.61,116.81,1217,8,0
1664539200,116.81,116.88,116.49,116.74,1166,8,0
1664542800,116.74,117.23,116.68,116.85,955,8,0
1664546400,116.85,117.02,116.48,116.66,1032,8,0
1664550000,116.66,117.05,116.20,116.94,1520,8,0
1664553600,116.94,117.70,116.64,117.51,1557,8,0
1664557200,117.51,117.58,116.64,117.05,1664,8,0
1664560800,117.05,117.70,116.83,117.38,700,8,0
1664791200,116.29,116.74,115.70,115.98,1573,8,0
1664794800,115.98,116.11,115.44,116.10,1433,8,0
1664798400,116.10,116.66,115.70,116.60,1124,8,0
1664802000,116.60,116.93,116.40,116.90,922,8,0
1664805600,116.90,117.38,116.77,117.38,863,8,0
1664809200,117.38,117.54,117.00,117.52,1076,8,0
1664812800,117.51,118.12,117.30,117.79,1383,8,0
1664816400,117.79,118.34,117.79,118.00,1607,8,0
1664820000,118.00,118.15,117.82,117.92,639,8,0
1664877600,118.76,120.72,118.72,120.66,1537,8,0
1664881200,120.67,121.17,120.67,121.06,1244,8,0
1664884800,121.06,121.99,121.01,121.75,1248,8,0
1664888400,121.75,122.43,121.61,122.01,1062,8,0
1664892000,122.01,122.35,121.66,122.33,1036,8,0
1664895600,122.33,122.52,121.95,122.26,1059,8,0
1664899200,122.26,122.33,121.84,122.26,1214,8,0
1664902800,122.26,122.63,122.05,122.39,1425,8,0
1664906400,122.39,122.91,122.26,122.70,684,8,0
1664964000,121.73,121.98,121.13,121.84,940,8,0
1664967600,121.84,121.99,121.17,121.54,1090,8,0
1664971200,121.54,121.78,121.53,121.73,149,8,0
1664989200,121.33,121.99,121.30,121.86,743,8,0
1664992800,121.86,122.09,121.78,122.01,582,8,0
1665050400,122.23,122.67,121.71,122.00,1242,8,0
1665054000,121.94,122.36,121.75,122.00,983,8,0
1665057600,122.00,122.04,121.48,121.51,635,8,0
1665061200,121.51,121.54,121.09,121.23,754,8,0
1665064800,121.23,121.52,121.11,121.21,732,8,0
1665068400,121.21,121.46,120.98,121.06,834,8,0
1665072000,121.08,121.08,120.60,120.67,1317,8,0
1665075600,120.69,120.69,119.77,120.30,1360,8,0
1665079200,120.29,120.46,120.04,120.27,572,8,0
1665136800,119.44,119.55,119.12,119.24,311,8,0
1665140400,119.24,119.95,119.08,119.95,852,8,0
1665144000,119.95,120.19,119.73,119.87,757,8,0
1665147600,119.87,119.88,119.25,119.61,738,8,0
1665151200,119.61,119.81,119.34,119.69,662,8,0
1665154800,119.69,120.00,118.26,118.70,1405,8,0
1665158400,118.70,119.02,117.80,117.87,1573,8,0
1665162000,117.87,118.09,117.51,117.66,1429,8,0
1665165600,117.66,118.02,117.47,117.74,689,8,0
1665396000,116.92,117.48,116.57,116.64,1191,8,0
1665399600,116.63,117.10,116.49,117.01,828,8,0
1665403200,117.01,118.42,116.99,118.40,780,8,0
1665406800,118.40,119.09,118.18,118.35,904,8,0
1665410400,118.35,118.72,118.12,118.27,735,8,0
1665414000,118.27,118.44,118.06,118.39,932,8,0
1665417600,118.39,118.52,117.73,117.88,1317,8,0
1665421200,117.88,118.47,117.76,118.26,1525,8,0
1665424800,118.26,118.38,117.79,118.34,776,8,0
1665482400,117.31,117.62,116.75,117.13,1480,8,0
1665486000,117.13,117.42,116.31,116.38,1242,8,0
1665489600,116.39,116.93,116.18,116.34,1075,8,0
1665493200,116.34,116.74,116.15,116.74,1160,8,0
1665496800,116.74,117.22,116.68,117.20,947,8,0
1665500400,117.18,117.80,117.15,117.26,1071,8,0
1665504000,117.26,117.46,116.48,116.49,1350,8,0
1665507600,116.48,117.36,116.33,117.19,1589,8,0
1665511200,117.18,117.71,117.15,117.64,745,8,0
1665568800,117.50,117.89,116.70,116.88,1400,8,0
1665572400,116.88,117.87,116.84,117.82,1211,8,0
1665576000,117.81,118.49,117.70,118.40,963,8,0
1665579600,118.40,118.57,117.74,118.02,782,8,0
1665583200,118.04,118.12,117.66,117.66,790,8,0
1665586800,117.66,118.22,117.14,117.17,1415,8,0
1665590400,117.17,117.37,116.28,117.28,1511,8,0
1665594000,117.28,117.45,116.98,117.17,1538,8,0
1665597600,117.15,117.52,117.15,117.32,623,8,0
1665655200,116.40,116.92,116.27,116.42,1006,8,0
1665658800,116.39,117.19,116.32,116.99,571,16,0
1665662400,117.02,117.89,116.99,117.15,551,8,0
1665666000,117.15,117.59,117.04,117.47,345,8,0
1665669600,117.49,118.24,117.29,117.92,810,16,0
1665673200,117.94,118.39,115.04,115.34,2127,16,0
1665676800,115.27,115.84,114.37,115.64,1819,16,0
1665680400,115.62,116.69,115.59,116.59,1817,16,0
1665684000,116.57,118.07,116.49,117.94,816,16,0
1665741600,120.04,121.07,119.49,119.79,1085,16,0
1665745200,119.77,120.24,118.74,118.79,898,16,0
1665748800,118.77,119.14,118.44,118.94,1040,16,0
1665752400,118.99,120.17,118.92,120.04,1177,16,0
1665756000,120.02,120.34,119.54,119.54,874,16,0
1665759600,119.49,120.49,119.49,120.34,1035,8,0
1665763200,120.32,121.14,120.04,120.09,1422,16,0
1665766800,120.07,120.09,118.59,119.04,1760,16,0
1665770400,119.04,119.39,118.82,119.22,584,16,0
1666008000,118.05,118.54,117.92,118.50,760,13,0
1666011600,118.52,118.88,118.40,118.68,907,13,0
1666015200,118.68,118.93,118.54,118.73,646,13,0
1666018800,118.73,118.89,118.52,118.67,769,13,0
1666022400,118.67,119.54,118.67,119.04,1306,13,0
1666026000,119.05,119.41,118.55,118.75,1296,13,0
1666029600,118.76,118.89,118.03,118.49,615,13,0
1666087200,118.69,120.56,118.69,120.32,1273,13,0
1666090800,120.32,121.08,120.27,120.42,989,13,0
1666094400,120.42,120.50,119.61,120.15,958,13,0
1666098000,120.15,120.23,119.71,119.73,795,13,0
1666101600,119.73,120.69,119.73,120.56,878,13,0
1666105200,120.55,121.33,120.49,121.31,873,13,0
1666108800,121.31,121.47,120.74,120.77,1375,13,0
1666112400,120.77,120.88,120.24,120.47,1350,13,0
1666116000,120.47,120.71,120.07,120.30,757,13,0
1666173600,121.00,121.00,119.22,119.78,1028,13,0
1666177200,119.77,120.27,119.48,120.11,879,13,0
1666180800,120.11,121.13,120.02,121.13,741,13,0
1666184400,121.13,121.13,120.75,120.85,725,13,0
1666188000,120.85,121.01,120.12,120.51,981,13,0
1666191600,120.51,120.58,119.97,120.35,934,13,0
1666195200,120.35,121.11,120.32,120.68,1184,13,0
1666198800,120.68,121.63,120.58,121.25,1244,13,0
1666202400,121.25,121.37,120.82,121.06,531,13,0
1666260000,121.13,121.13,120.11,120.21,1345,13,0
1666263600,120.21,120.86,120.14,120.34,904,13,0
1666267200,120.34,120.95,120.34,120.76,849,13,0
1666270800,120.76,121.17,120.62,120.98,616,13,0
1666274400,120.98,121.50,120.88,121.26,789,13,0
1666278000,121.26,122.19,121.04,121.04,1276,13,0
1666281600,121.04,121.86,121.03,121.67,1311,13,0
1666285200,121.68,122.66,121.65,122.16,1309,13,0
1666288800,122.16,122.53,121.92,122.50,551,13,0
1666346400,122.14,122.15,120.99,121.02,1366,13,0
1666350000,121.01,121.01,120.52,120.86,1005,13,0
1666353600,120.86,121.61,120.77,121.47,1023,13,0
1666357200,121.47,121.91,121.27,121.33,799,13,0
1666360800,121.34,121.74,121.07,121.15,782,13,0
1666364400,121.15,121.15,120.53,120.88,1083,13,0
1666368000,120.87,121.92,120.87,121.91,2148,13,0
1666371600,121.91,122.38,121.18,121.19,1850,13,0
1666375200,121.19,121.57,121.09,121.33,860,13,0
1666605600,121.79,123.87,121.79,123.32,1707,13,0
1666609200,123.32,123.65,122.54,122.93,1333,13,0
1666612800,122.92,123.42,122.37,123.42,999,13,0
1666616400,123.43,124.68,123.43,124.67,1052,13,0
1666620000,124.67,125.18,124.23,124.97,989,13,0
1666623600,124.96,125.42,124.60,125.42,875,13,0
1666627200,125.42,125.84,124.93,125.67,1523,13,0
1666630800,125.67,125.68,123.88,124.20,1697,13,0
1666634400,124.20,124.39,123.81,124.22,698,13,0
1666692000,124.59,129.80,124.59,129.41,1746,13,0
1666695600,129.41,129.93,128.40,128.72,1068,13,0
1666699200,128.72,129.50,128.36,129.32,1064,13,0
1666702800,129.32,129.77,128.79,129.76,1058,13,0
1666706400,129.76,130.21,129.40,129.60,870,13,0
1666710000,129.60,130.22,128.92,130.21,1074,13,0
1666713600,130.21,131.93,130.18,131.16,1577,13,0
1666717200,131.15,132.57,131.15,132.22,1750,13,0
1666720800,132.22,133.00,132.22,132.90,588,13,0
1666778400,132.18,133.38,132.18,132.74,1290,13,0
1666782000,132.74,134.17,132.71,133.34,1297,13,0
1666785600,133.33,133.33,132.36,132.36,1209,13,0
1666789200,132.37,132.90,131.97,132.76,1124,13,0
1666792800,132.78,132.78,132.07,132.27,579,13,0
1666796400,132.17,132.42,131.22,131.87,625,13,0
1666800000,131.92,132.62,131.82,132.42,713,13,0
1666803600,132.47,133.52,132.47,133.45,1177,13,0
1666807200,133.45,133.71,133.19,133.34,494,13,0
1666864800,132.20,132.26,131.74,131.92,310,13,0
1666868400,131.91,132.27,131.71,132.02,689,13,0
1666872000,131.97,132.17,131.51,131.57,638,13,0
1666875600,131.57,131.82,130.76,130.92,927,13,0
1666879200,130.87,131.22,130.66,130.91,865,13,0
1666882800,130.87,131.87,130.64,131.67,1751,13,0
1666886400,131.71,132.67,131.51,132.02,1248,13,0
1666890000,131.97,132.77,131.87,132.32,728,13,0
1666893600,132.27,132.77,132.06,132.17,512,13,0
1666951200,130.88,131.50,130.27,130.77,1235,13,0
1666954800,130.76,131.62,130.67,131.61,879,13,0
1666958400,131.57,131.71,130.66,131.66,1134,13,0
1666962000,131.62,132.42,131.37,132.27,562,13,0
1666965600,132.32,132.62,132.07,132.37,326,15,0
1666969200,132.37,132.87,131.87,132.62,924,13,0
1666972800,132.67,133.37,132.37,132.92,695,13,0
1666976400,132.97,133.37,132.62,133.27,715,13,0
1666980000,133.32,133.72,133.27,133.42,214,13,0
1667210400,133.40,133.98,133.02,133.17,1382,13,0
1667214000,133.12,133.42,132.87,133.22,921,13,0
1667217600,133.17,133.30,132.82,132.82,284,13,0
1667221200,132.82,133.13,132.62,132.67,320,13,0
1667224800,132.62,132.87,132.36,132.77,316,13,0
1667228400,132.82,133.07,132.72,132.82,377,13,0
1667232000,132.87,133.27,132.47,132.52,477,13,0
1667235600,132.57,132.97,132.32,132.37,365,13,0
1667239200,132.32,132.57,132.12,132.12,209,13,0
1667296800,132.94,133.90,132.87,133.76,1096,13,0
1667300400,133.76,133.80,133.42,133.65,648,13,0
1667304000,133.64,134.23,133.62,133.93,697,13,0
1667307600,133.93,134.14,133.68,133.85,569,13,0
1667311200,133.86,133.92,133.20,133.25,652,13,0
1667314800,133.25,133.50,132.57,132.75,868,13,0
1667318400,132.76,132.77,131.48,131.52,1287,13,0
1667322000,131.52,131.71,131.14,131.54,916,13,0
1667325600,131.54,131.65,131.16,131.36,518,13,0
1667383200,132.29,132.57,131.50,131.57,950,13,0
1667386800,131.57,131.57,130.88,131.43,752,13,0
1667390400,131.43,131.68,130.52,130.64,616,13,0
1667394000,130.64,131.25,130.62,131.13,563,13,0
1667397600,131.13,131.34,130.77,131.02,729,13,0
1667401200,131.02,131.21,130.72,130.92,711,13,0
1667404800,130.96,131.12,130.42,130.42,506,13,0
1667408400,130.46,130.77,130.11,130.31,412,13,0
1667412000,130.27,130.27,130.02,130.06,208,13,0
1667469600,127.84,129.26,127.84,128.75,1141,13,0
1667473200,128.74,129.43,128.69,129.38,3129,13,0
1667476800,129.38,129.43,128.56,128.80,2264,13,0
1667480400,128.80,129.08,128.49,128.70,1693,13,0
1667484000,128.70,129.13,128.26,128.26,3252,13,0
1667487600,128.26,129.24,128.06,128.96,3823,13,0
1667491200,128.96,130.03,128.81,129.97,4561,13,0
1667494800,129.97,130.15,129.61,129.79,3305,13,0
1667498400,129.79,130.19,129.74,130.06,1313,13,0
1667556000,130.99,131.39,130.27,131.38,4566,13,0
1667559600,131.38,132.02,131.27,131.84,3139,13,0
1667563200,131.84,132.55,131.63,132.47,3349,13,0
1667566800,132.47,132.74,132.03,132.40,3348,13,0
1667570400,132.40,132.68,131.10,132.64,5639,13,0
1667574000,132.64,133.00,132.22,132.84,5794,13,0
1667577600,132.84,133.93,132.63,133.23,5220,13,0
1667581200,133.23,133.46,132.41,132.46,5015,13,0
1667584800,132.46,133.06,132.41,133.04,2482,13,0
1667815200,132.78,133.75,132.48,133.54,6426,13,0
1667818800,133.54,133.84,133.25,133.26,3821,13,0
1667822400,133.26,134.03,133.26,133.93,4422,13,0
1667826000,133.93,134.03,133.55,133.74,3206,13,0
1667829600,133.74,134.26,133.56,134.04,3309,13,0
1667833200,134.04,134.22,133.56,133.91,4723,13,0
1667836800,133.91,134.19,133.77,134.02,5822,13,0
1667840400,134.02,134.31,133.55,133.75,5111,13,0
1667844000,133.75,133.87,133.55,133.75,1554,13,0
1667901600,133.58,133.58,132.71,132.83,4588,13,0
1667905200,132.83,133.32,132.72,133.13,2325,13,0
1667908800,133.13,133.42,133.07,133.22,1184,13,0
1667912400,133.27,133.63,133.27,133.41,1979,13,0
1667916000,133.41,133.50,133.15,133.49,1932,13,0
1667919600,133.49,134.10,133.49,133.84,2366,13,0
1667923200,133.84,134.07,133.50,133.90,3557,13,0
1667926800,133.90,135.01,133.87,134.75,3606,13,0
1667930400,134.75,134.91,134.53,134.62,1458,13,0
1667988000,134.69,134.82,133.77,133.98,4844,13,0
1667991600,133.98,134.53,133.81,134.43,3514,13,0
1667995200,134.43,134.48,134.06,134.29,1203,13,0
1667998800,134.29,134.42,134.08,134.28,618,13,0
1668002400,134.28,134.79,134.25,134.65,459,13,0
1668006000,134.65,134.89,134.28,134.84,2323,13,0
1668009600,134.84,135.32,134.72,134.94,3683,13,0
1668013200,134.93,135.80,134.49,134.60,5441,13,0
1668016800,134.61,134.85,134.55,134.62,1834,13,0
1668074400,133.16,134.31,133.14,133.86,5095,13,0
1668078000,133.86,134.09,133.57,133.83,3791,13,0
1668081600,133.83,133.95,133.40,133.56,2616,13,0
1668085200,133.56,133.89,133.30,133.37,4444,13,0
1668088800,133.37,133.83,133.35,133.83,3120,13,0
1668092400,133.83,137.51,133.71,137.00,12957,13,0
1668096000,137.00,137.41,136.31,137.26,14742,13,0
1668099600,137.25,137.59,137.00,137.25,14143,13,0
1668103200,137.25,137.33,136.76,137.18,6599,13,0
1668160800,137.29,137.29,135.66,136.42,11747,13,0
1668164400,136.42,136.42,134.78,135.02,8035,13,0
1668168000,135.02,135.22,134.28,134.52,9259,13,0
1668171600,134.53,134.79,134.07,134.49,7261,13,0
1668175200,134.49,134.96,134.38,134.58,6688,13,0
1668178800,134.58,134.77,134.31,134.75,6790,13,0
1668182400,134.75,135.33,134.51,135.29,8116,13,0
1668186000,135.30,135.54,134.47,134.63,11777,13,0
1668189600,134.63,135.04,134.41,134.72,5300,13,0
1668420000,135.82,136.82,135.42,136.77,836,13,0
1668423600,136.72,136.77,135.86,135.92,564,13,0
1668427200,135.97,136.57,135.92,136.23,405,13,0
1668430800,136.23,136.59,136.02,136.52,341,13,0
1668434400,136.47,136.91,136.47,136.77,390,13,0
1668438000,136.72,137.07,136.62,136.77,482,13,0
1668441600,136.82,137.81,136.57,137.61,1098,13,0
1668445200,137.61,138.08,136.99,137.18,3145,13,0
1668448800,137.18,137.21,136.73,137.13,1473,13,0
1668506400,137.23,137.26,136.51,137.06,4080,13,0
1668510000,137.06,137.80,137.06,137.48,2393,13,0
1668513600,137.48,137.99,137.40,137.95,1807,13,0
1668517200,137.95,138.41,137.95,138.26,1736,13,0
1668520800,138.26,138.26,137.85,138.03,1214,13,0
1668524400,138.03,139.03,137.68,138.29,4374,13,0
1668528000,138.29,138.30,137.19,137.46,4869,13,0
1668531600,137.46,137.49,136.69,136.82,2519,13,0
1668535200,136.82,136.93,136.54,136.78,1324,13,0
1668592800,137.28,137.66,135.91,136.49,3240,13,0
1668596400,136.49,136.79,135.85,136.18,2221,13,0
1668600000,136.18,136.72,135.75,135.80,2153,13,0
1668603600,135.80,136.28,135.45,136.17,2312,13,0
1668607200,136.17,136.21,135.78,135.88,1499,13,0
1668610800,135.88,136.30,135.55,136.25,2972,13,0
1668614400,136.25,136.69,136.03,136.15,2566,13,0
1668618000,136.15,137.03,136.11,136.59,2750,13,0
1668621600,136.59,136.83,136.39,136.68,1111,13,0
1668679200,136.81,137.20,136.13,136.17,3139,13,0
1668682800,136.17,136.26,135.47,135.60,1795,13,0
1668686400,135.60,135.83,135.23,135.35,1709,13,0
1668690000,135.35,135.60,134.85,135.12,1481,13,0
1668693600,135.12,135.31,134.87,134.99,1750,13,0
1668697200,134.99,135.01,134.13,134.13,2594,13,0
1668700800,134.13,134.46,133.99,134.20,2368,13,0
1668704400,134.20,134.48,133.27,133.33,1898,13,0
1668708000,133.33,134.11,133.30,134.00,1180,13,0
1668765600,135.56,135.74,134.56,135.54,4589,13,0
1668769200,135.54,136.08,135.30,135.33,1829,13,0
1668772800,135.33,136.04,135.26,135.65,3526,13,0
1668776400,135.65,135.70,134.98,135.59,1546,13,0
1668780000,135.59,135.78,135.01,135.33,1008,13,0
1668783600,135.33,135.87,135.29,135.79,1034,13,0
1668787200,135.79,135.97,135.60,135.71,2061,13,0
1668790800,135.71,135.78,135.24,135.63,2183,13,0
1668794400,135.63,136.00,135.55,135.95,796,13,0
1669024800,136.01,136.71,135.74,136.14,4674,13,0
1669028400,136.14,136.42,135.95,136.15,2974,13,0
1669032000,136.15,136.33,135.36,135.44,2557,13,0
1669035600,135.44,135.60,135.19,135.29,1647,13,0
1669039200,135.30,135.70,135.16,135.63,1161,13,0
1669042800,135.63,135.89,135.48,135.83,900,13,0
1669046400,135.83,136.63,135.80,136.46,3159,13,0
1669050000,136.46,136.61,136.03,136.36,2843,13,0
1669053600,136.36,136.61,136.19,136.47,967,13,0
1669111200,135.81,136.77,135.79,136.48,4295,13,0
1669114800,136.48,137.35,136.47,136.88,3269,13,0
1669118400,136.88,137.02,136.37,136.48,2145,13,0
1669122000,136.48,136.53,135.64,135.65,2243,13,0
1669125600,135.65,136.26,135.55,135.69,1741,13,0
1669129200,135.69,136.10,135.66,135.96,1713,13,0
1669132800,135.96,136.67,135.80,136.40,2652,13,0
1669136400,136.41,137.02,136.35,136.94,2339,13,0
1669140000,136.94,136.95,136.59,136.69,953,13,0
1669197600,137.11,137.68,136.37,137.62,4174,13,0
1669201200,137.62,138.55,137.45,138.45,3448,13,0
1669204800,138.45,138.77,138.21,138.47,2837,13,0
1669208400,138.47,138.63,138.14,138.51,2234,13,0
1669212000,138.51,138.76,138.31,138.61,1604,13,0
1669215600,138.61,138.64,138.15,138.62,2857,13,0
1669219200,138.62,139.29,138.48,139.06,3760,13,0
1669222800,139.07,139.42,138.91,139.37,3198,13,0
1669226400,139.37,139.77,139.30,139.74,1253,13,0
1669284000,139.79,140.65,139.37,140.50,4021,13,0
1669287600,140.51,141.05,140.16,140.48,3689,13,0
1669291200,140.48,141.09,140.47,141.09,1877,13,0
1669294800,141.09,141.53,140.97,141.32,1467,13,0
1669298400,141.32,141.69,141.27,141.56,1290,13,0
1669302000,141.55,141.57,141.13,141.41,1062,13,0
1669305600,141.41,141.43,140.62,140.73,1283,13,0
1669309200,140.73,140.98,140.64,140.87,777,13,0
1669312800,140.87,141.14,140.84,141.00,736,13,0
1669370400,141.50,142.08,140.96,141.14,3325,13,0
1669374000,141.14,141.40,140.77,140.99,2896,13,0
1669377600,140.99,141.66,140.76,141.43,2866,13,0
1669381200,141.43,141.73,141.34,141.42,1448,13,0
1669384800,141.42,141.69,141.05,141.25,1644,13,0
1669388400,141.25,141.39,141.01,141.07,1669,13,0
1669392000,141.07,141.26,140.80,141.09,1863,13,0
1669395600,141.09,141.58,141.01,141.51,914,13,0
1669399200,141.51,141.77,141.44,141.63,844,13,0
1669629600,140.83,141.61,140.57,140.61,2686,13,0
1669633200,140.61,140.83,139.90,139.98,2459,13,0
1669636800,139.98,140.47,139.85,140.27,1737,13,0
1669640400,140.27,140.53,140.14,140.32,1360,13,0
1669644000,140.33,140.95,140.30,140.85,1316,13,0
1669647600,140.85,141.22,140.70,141.03,1536,13,0
1669651200,141.03,141.40,140.75,141.18,2425,13,0
1669654800,141.18,141.67,141.13,141.30,1810,13,0
1669658400,141.30,141.39,140.98,141.06,908,13,0
1669716000,140.57,140.76,139.26,139.39,3896,13,0
1669719600,139.38,139.56,138.85,139.51,3068,13,0
1669723200,139.51,139.69,138.79,139.01,2672,13,0
1669726800,139.01,139.72,138.97,139.72,1766,13,0
1669730400,139.72,139.83,139.36,139.62,1654,13,0
1669734000,139.63,139.63,138.29,139.26,2564,13,0
1669737600,139.26,139.38,138.85,138.99,2630,13,0
1669741200,138.99,139.23,138.49,139.01,2655,13,0
1669744800,139.01,139.06,138.55,138.88,939,13,0
1669802400,139.54,140.02,138.98,139.20,3754,13,0
1669806000,139.20,139.95,138.66,139.15,3319,13,0
1669809600,139.15,139.39,138.83,139.11,2927,13,0
1669813200,139.11,139.31,138.68,139.08,2283,13,0
1669816800,139.08,139.26,138.89,138.96,1810,13,0
1669820400,138.96,138.96,138.51,138.73,2985,13,0
1669824000,138.73,139.14,138.39,138.78,3532,13,0
1669827600,138.78,138.80,138.31,138.66,2999,13,0
1669831200,138.66,139.09,138.58,139.02,1144,13,0
1669888800,139.43,139.70,138.45,138.86,3801,13,0
1669892400,138.86,138.88,138.27,138.37,2717,13,0
1669896000,138.37,138.67,138.25,138.39,1755,13,0
1669899600,138.39,138.91,138.33,138.87,1107,13,0
1669903200,138.87,139.40,138.85,139.36,1297,13,0
1669906800,139.36,139.51,138.84,139.05,1785,13,0
1669910400,139.05,139.42,138.76,139.26,2685,13,0
1669914000,139.26,139.41,138.41,139.10,3555,13,0
1669917600,139.11,139.16,138.76,138.86,907,13,0
1669975200,138.98,139.04,138.27,138.69,2936,13,0
1669978800,138.69,139.03,138.59,139.00,1816,13,0
1669982400,139.00,139.40,138.83,139.33,2241,13,0
1669986000,139.33,139.63,139.14,139.46,1153,13,0
1669989600,139.46,139.83,139.28,139.76,1051,13,0
1669993200,139.76,140.20,138.53,140.04,2709,13,0
1669996800,140.04,140.19,139.73,139.99,2358,13,0
1670000400,139.99,140.35,139.89,139.93,1872,13,0
1670004000,139.93,140.56,139.93,140.56,979,13,0
1670234400,140.34,140.34,139.84,140.22,2553,13,0
1670238000,140.22,140.81,139.83,140.67,1981,13,0
1670241600,140.67,140.76,140.40,140.62,1812,13,0
1670245200,140.62,140.67,139.99,140.07,1036,13,0
1670248800,140.07,140.15,139.59,139.84,1190,13,0
1670252400,139.84,139.87,139.51,139.73,1738,13,0
1670256000,139.73,140.11,139.31,139.99,2256,13,0
1670259600,139.96,140.75,139.80,140.67,3648,13,0
1670263200,140.67,140.71,140.45,140.55,1052,13,0
1670320800,139.98,141.51,139.88,141.22,3732,13,0
1670324400,141.22,141.25,140.06,140.13,3079,13,0
1670328000,140.13,140.20,139.45,140.14,2414,13,0
1670331600,140.14,140.27,139.79,140.21,1578,13,0
1670335200,140.21,140.65,139.82,139.82,1939,13,0
1670338800,139.82,140.07,139.50,139.77,2039,13,0
1670342400,139.77,140.06,139.20,139.48,2998,13,0
1670346000,139.48,139.55,139.05,139.24,3443,13,0
1670349600,139.24,139.39,139.06,139.12,1432,13,0
1670407200,138.06,138.64,137.14,137.88,4554,13,0
1670410800,137.88,138.30,137.55,137.71,1995,13,0
1670414400,137.71,137.82,137.31,137.74,1513,13,0
1670418000,137.74,137.98,137.61,137.67,1163,13,0
1670421600,137.67,137.80,137.32,137.65,877,13,0
1670425200,137.65,138.02,137.59,137.91,1354,13,0
1670428800,137.91,138.37,137.57,137.99,2860,13,0
1670432400,137.99,139.03,137.67,138.65,4614,13,0
1670436000,138.65,138.79,138.20,138.26,857,13,0
1670493600,138.20,138.34,137.86,137.98,3162,13,0
1670497200,137.98,138.14,137.83,137.95,1748,13,0
1670500800,137.95,138.15,137.61,137.63,1052,13,0
1670504400,137.63,137.73,137.31,137.33,716,13,0
1670508000,137.33,137.36,136.81,136.84,1939,13,0
1670511600,136.84,137.58,136.84,137.38,2159,13,0
1670515200,137.37,137.74,136.84,137.70,2602,13,0
1670518800,137.70,137.97,137.57,137.87,1794,13,0
1670522400,137.87,138.02,137.72,138.02,278,13,0
1670580000,137.74,137.74,134.22,136.10,2069,13,0
1670583600,136.10,136.49,135.69,136.41,1248,13,0
1670587200,136.42,137.37,136.39,137.22,1313,13,0
1670590800,137.22,137.50,136.97,137.21,1072,13,0
1670594400,137.21,137.43,136.79,137.34,966,13,0
1670598000,137.37,137.45,135.58,135.93,2012,13,0
1670601600,135.96,136.77,135.83,136.24,1610,13,0
1670605200,136.24,136.47,135.58,136.32,1790,13,0
1670608800,136.33,136.65,136.04,136.64,598,13,0
1670839200,136.55,136.55,135.79,135.97,1297,13,0
1670842800,136.00,136.91,135.74,136.68,1418,13,0
1670846400,136.68,137.23,136.52,136.98,1227,13,0
1670850000,136.97,136.98,136.32,136.42,1009,13,0
1670853600,136.42,136.43,135.54,135.72,910,13,0
1670857200,135.72,136.13,135.58,135.97,908,13,0
1670860800,135.96,136.25,135.84,136.10,1047,13,0
1670864400,136.10,136.39,135.79,136.07,1021,13,0
1670868000,136.07,136.41,135.98,136.33,487,13,0
1670925600,136.24,137.00,135.63,135.86,1504,13,0
1670929200,135.87,136.63,135.56,136.28,1183,13,0
1670932800,136.24,136.92,136.04,136.75,1111,13,0
1670936400,136.75,137.41,136.49,137.31,1038,13,0
1670940000,137.31,137.56,136.99,137.49,909,13,0
1670943600,137.49,139.35,136.89,139.17,2831,13,0
1670947200,139.20,140.30,139.12,140.30,2135,13,0
1670950800,140.30,140.32,137.58,137.68,1998,13,0
1670954400,137.70,138.07,137.62,137.77,802,13,0
1671012000,137.59,138.07,137.34,137.73,1732,13,0
1671015600,137.74,137.87,136.84,137.09,1188,13,0
1671019200,137.09,137.15,136.79,136.88,862,13,0
1671022800,136.88,137.89,136.82,137.89,1037,13,0
1671026400,137.89,138.14,137.47,137.51,957,13,0
1671030000,137.52,138.23,137.49,138.03,810,13,0
1671033600,138.03,138.07,137.59,137.88,820,13,0
1671037200,137.89,138.06,137.40,137.90,709,13,0
1671040800,137.91,138.08,137.81,137.98,245,13,0
1671098400,137.69,137.69,136.72,137.27,1150,13,0
1671102000,137.27,137.28,136.65,136.76,809,13,0
1671105600,136.75,136.87,136.47,136.68,839,13,0
1671109200,136.68,136.89,136.59,136.75,665,13,0
1671112800,136.75,136.82,136.50,136.65,585,13,0
1671116400,136.65,136.70,135.45,135.74,1387,13,0
1671120000,135.74,135.87,133.99,134.19,2008,13,0
1671123600,134.22,134.81,133.77,134.56,1548,13,0
1671127200,134.56,134.59,133.67,133.79,747,13,0
1671184800,134.58,134.58,132.37,132.67,1452,13,0
1671188400,132.69,133.20,132.66,132.83,1213,13,0
1671192000,132.84,132.96,131.99,132.10,1608,13,0
1671195600,132.10,132.65,132.07,132.44,842,13,0
1671199200,132.44,133.07,132.43,133.01,920,13,0
1671202800,133.02,133.06,132.27,132.46,883,13,0
1671206400,132.45,132.97,132.23,132.71,1395,13,0
1671210000,132.71,133.11,132.23,133.11,1155,13,0
1671213600,133.13,133.57,133.09,133.34,500,13,0
1671444000,133.45,133.64,132.55,132.98,4049,13,0
1671447600,132.98,133.38,132.79,133.18,3202,13,0
1671451200,133.18,133.72,133.14,133.43,2327,13,0
1671454800,133.43,133.71,133.03,133.46,2089,13,0
1671458400,133.46,133.69,133.35,133.41,1412,13,0
1671462000,133.41,133.58,133.02,133.25,1539,13,0
1671465600,133.25,133.43,133.01,133.18,2532,13,0
1671469200,133.18,133.61,133.05,133.22,1029,13,0
1671472800,133.22,133.22,132.99,133.05,396,13,0
1671530400,133.25,133.25,131.82,132.96,1391,13,0
1671534000,132.98,133.27,132.84,133.02,1052,13,0
1671537600,133.02,133.41,132.76,133.18,897,13,0
1671541200,133.18,133.37,132.99,133.14,776,13,0
1671544800,133.14,133.66,133.09,133.42,709,13,0
1671548400,133.42,133.66,133.31,133.50,731,13,0
1671552000,133.53,133.57,132.96,133.33,1122,13,0
1671555600,133.34,133.92,133.27,133.79,1084,13,0
1671559200,133.79,133.81,133.19,133.20,572,13,0
1671616800,133.05,134.17,133.05,133.80,1109,13,0
1671620400,133.80,134.73,133.77,134.47,918,13,0
1671624000,134.47,134.62,134.13,134.16,725,13,0
1671627600,134.16,134.55,134.06,134.51,539,13,0
1671631200,134.51,134.67,134.13,134.62,537,13,0
1671634800,134.61,134.80,134.41,134.69,523,13,0
1671638400,134.69,134.98,134.40,134.79,698,13,0
1671642000,134.79,135.79,134.79,135.75,758,13,0
1671645600,135.75,135.83,135.33,135.40,413,13,0
1671703200,135.15,136.06,135.15,135.58,979,13,0
1671706800,135.63,135.72,135.26,135.35,756,13,0
1671710400,135.35,135.35,134.95,134.97,613,13,0
1671714000,134.97,134.97,134.48,134.77,548,13,0
1671717600,134.77,134.81,134.43,134.57,520,13,0
1671721200,134.57,134.89,134.10,134.22,789,13,0
1671724800,134.23,134.30,133.37,133.45,1023,13,0
1671728400,133.45,133.58,133.23,133.41,969,13,0
1671732000,133.41,133.43,133.13,133.14,356,13,0
1671789600,133.94,133.98,133.36,133.63,990,13,0
1671793200,133.63,133.90,133.42,133.90,795,13,0
1671796800,133.90,133.99,133.67,133.74,690,13,0
1671800400,133.74,133.85,133.21,133.39,637,13,0
1671804000,133.39,133.53,133.25,133.49,518,13,0
1671807600,133.49,134.01,133.15,133.45,909,13,0
1671811200,133.44,133.48,132.95,133.26,1039,13,0
1671814800,133.26,133.95,133.01,133.67,1261,13,0
1671818400,133.67,133.81,133.55,133.63,440,13,0
1672135200,133.54,135.41,133.54,134.81,989,13,0
1672138800,134.82,134.83,134.38,134.65,742,13,0
1672142400,134.65,134.90,134.60,134.86,541,13,0
1672146000,134.87,134.87,134.49,134.69,469,13,0
1672149600,134.69,134.82,134.49,134.54,530,13,0
1672153200,134.57,134.76,134.09,134.16,538,13,0
1672156800,134.16,134.42,133.87,133.91,895,13,0
1672160400,133.88,134.42,133.85,134.15,990,13,0
1672164000,134.15,134.31,133.92,133.94,387,13,0
1672221600,134.09,134.37,133.54,133.66,1270,13,0
1672225200,133.63,133.86,133.49,133.82,783,13,0
1672228800,133.82,134.12,133.74,134.12,647,13,0
1672232400,134.12,134.28,133.94,134.19,434,13,0
1672236000,134.19,134.42,134.04,134.13,486,13,0
1672239600,134.13,134.17,133.77,133.99,570,13,0
1672243200,133.98,134.25,133.73,133.91,870,13,0
1672246800,133.92,134.04,133.44,133.61,1122,13,0
1672250400,133.59,133.65,133.38,133.56,387,13,0
1672308000,133.74,133.74,132.86,133.41,1216,13,0
1672311600,133.38,133.86,133.38,133.69,1048,13,0
1672315200,133.69,133.85,133.49,133.80,587,13,0
1672318800,133.80,133.91,133.39,133.54,579,13,0
1672322400,133.54,133.63,133.34,133.39,482,13,0
1672326000,133.44,134.11,133.39,133.97,711,13,0
1672329600,134.00,134.31,133.84,134.22,1017,13,0
1672333200,134.22,134.58,134.04,134.56,1183,13,0
1672336800,134.58,134.64,134.38,134.47,522,13,0
1672394400,133.62,134.16,133.46,133.80,2996,13,0
1672398000,133.80,134.28,133.74,134.24,1897,13,0
1672401600,134.24,134.30,133.85,134.02,960,13,0
1672405200,134.01,134.07,133.90,133.98,465,13,0
1672408800,133.97,134.07,133.59,133.65,563,13,0
1672412400,133.65,133.88,133.60,133.81,521,13,0
1672416000,133.81,133.83,133.12,133.43,596,13,0
1672419600,133.43,133.49,133.20,133.23,449,13,0
1672423200,133.23,133.29,132.27,132.27,485,13,0
1672653600,132.99,133.74,132.99,133.71,870,13,0
1672657200,133.71,134.28,133.35,133.49,1068,13,0
1672660800,133.49,133.79,133.45,133.70,460,13,0
1672664400,133.70,134.69,133.62,134.52,841,13,0
1672668000,134.52,134.67,134.27,134.52,584,13,0
1672671600,134.52,134.57,134.07,134.15,629,13,0
1672675200,134.15,134.53,134.12,134.37,588,13,0
1672678800,134.37,134.65,134.13,134.47,818,13,0
1672682400,134.47,134.87,134.34,134.84,363,13,0
1672740000,134.13,135.92,134.11,135.90,1604,13,0
1672743600,135.90,136.55,135.90,136.27,1557,13,0
1672747200,136.27,136.27,135.34,135.66,1195,13,0
1672750800,135.66,135.66,134.71,134.81,998,13,0
1672754400,134.81,134.95,134.49,134.66,938,13,0
1672758000,134.66,135.18,134.60,135.05,942,13,0
1672761600,135.05,135.97,134.95,135.21,1271,13,0
1672765200,135.21,135.51,134.51,135.46,1294,13,0
1672768800,135.46,135.49,134.75,134.78,482,13,0
1672826400,134.86,137.39,134.86,137.28,2001,13,0
1672830000,137.29,137.32,136.47,136.82,1286,13,0
1672833600,136.82,137.35,136.67,136.85,1143,13,0
1672837200,136.85,137.61,136.64,137.48,841,13,0
1672840800,137.48,137.67,137.23,137.32,1036,13,0
1672844400,137.31,138.36,137.19,138.22,1377,13,0
1672848000,138.19,138.29,137.73,137.96,1751,13,0
1672851600,137.94,138.42,137.17,138.28,1967,13,0
1672855200,138.27,138.42,137.88,138.37,719,13,0
1672912800,138.69,138.69,136.40,137.13,1987,13,0
1672916400,137.12,137.40,136.57,137.13,1591,13,0
1672920000,137.16,137.80,136.94,137.62,1196,13,0
1672923600,137.62,138.16,137.53,137.56,1095,13,0
1672927200,137.57,138.10,137.37,137.59,990,13,0
1672930800,137.59,137.75,137.18,137.27,1499,13,0
1672934400,137.27,137.90,137.16,137.63,1746,13,0
1672938000,137.65,138.16,137.07,137.26,1845,13,0
1672941600,137.27,137.69,137.24,137.56,676,13,0
1672999200,137.39,137.92,137.39,137.76,1360,13,0
1673002800,137.80,138.06,137.53,137.86,954,13,0
1673006400,137.79,138.19,137.53,138.11,1093,13,0
1673010000,138.11,138.65,138.03,138.60,698,13,0
1673013600,138.60,139.00,138.54,138.94,612,13,0
1673017200,138.93,140.13,138.79,140.12,1715,13,0
1673020800,140.09,140.30,139.22,139.70,1603,13,0
1673024400,139.67,140.64,139.67,140.57,1523,13,0
1673028000,140.60,141.09,140.54,141.08,653,13,0
1673258400,140.34,142.11,140.34,141.47,1547,13,0
1673262000,141.47,141.66,141.18,141.49,1095,13,0
1673265600,141.49,142.12,141.42,142.04,887,13,0
1673269200,142.04,142.16,141.32,141.32,843,13,0
1673272800,141.29,141.88,141.23,141.86,734,13,0
1673276400,141.86,141.99,141.62,141.74,1470,13,0
1673280000,141.74,142.85,141.73,142.78,2887,13,0
1673283600,142.78,143.40,142.68,143.39,2239,13,0
1673287200,143.39,143.43,143.11,143.18,1038,13,0
1673344800,70.99,141.77,70.99,141.76,621,13,0
1673348400,141.76,142.69,141.70,142.30,2811,13,0
1673352000,142.30,142.30,141.52,141.52,1903,13,0
1673355600,141.52,141.90,141.52,141.85,1205,13,0
1673359200,141.85,142.20,141.71,142.03,1094,13,0
1673362800,142.03,142.18,141.78,142.14,1521,13,0
1673366400,142.14,142.33,141.92,142.24,2645,13,0
1673370000,142.25,142.45,141.78,142.17,2558,13,0
1673373600,142.17,142.21,141.82,141.86,1112,13,0
1673431200,141.64,142.28,141.45,142.24,3036,13,0
1673434800,142.25,143.91,142.20,143.91,2366,13,0
1673438400,143.91,144.11,143.61,143.86,2026,13,0
1673442000,143.86,144.77,143.76,144.43,1982,13,0
1673445600,144.43,144.59,144.01,144.29,1297,13,0
1673449200,144.30,144.71,143.95,143.96,1445,13,0
1673452800,143.96,144.47,143.81,144.47,1874,13,0
1673456400,144.47,145.00,144.27,144.45,2079,13,0
1673460000,144.45,144.51,144.16,144.25,994,13,0
1673517600,144.16,144.98,143.56,143.73,4599,13,0
1673521200,143.73,144.09,143.37,143.69,2980,13,0
1673524800,143.69,143.69,143.10,143.57,2108,13,0
1673528400,143.56,144.06,143.51,143.68,1704,13,0
1673532000,143.68,144.18,143.64,144.18,1303,13,0
1673535600,144.18,144.46,142.98,144.20,6076,13,0
1673539200,144.18,144.31,143.44,143.70,1837,13,0
1673542800,143.71,144.44,143.57,143.62,1699,13,0
1673546400,143.62,143.94,143.56,143.63,779,13,0
1673604000,142.54,144.38,142.54,144.28,1312,13,0
1673607600,144.32,144.33,143.14,143.54,1314,13,0
1673611200,143.56,143.70,142.63,142.88,1432,13,0
1673614800,142.88,143.45,142.52,142.63,1007,13,0
1673618400,142.63,143.02,142.29,142.38,1004,13,0
1673622000,142.38,142.53,141.94,142.12,999,13,0
1673625600,142.12,143.07,141.92,142.68,1390,13,0
1673629200,142.68,143.03,142.35,142.42,1120,13,0
1673632800,142.43,142.63,142.18,142.19,492,13,0
1673863200,142.19,143.74,142.19,143.17,1261,13,0
1673866800,143.20,143.55,143.02,143.22,882,13,0
1673870400,143.24,143.77,143.13,143.58,749,13,0
1673874000,143.58,144.43,143.49,144.25,723,13,0
1673877600,144.25,144.71,144.17,144.33,700,13,0
1673881200,144.33,144.47,144.02,144.09,536,13,0
1673884800,144.09,144.18,143.69,143.73,631,13,0
1673888400,143.73,144.15,143.69,143.99,615,13,0
1673892000,143.92,144.01,143.84,143.93,323,13,0
1673949600,143.47,144.49,143.47,143.72,1335,13,0
1673953200,143.69,143.88,143.06,143.83,1141,13,0
1673956800,143.85,144.16,143.64,143.98,704,13,0
1673960400,143.99,144.55,143.94,144.28,699,13,0
1673964000,144.26,144.87,144.22,144.84,553,13,0
1673967600,144.85,144.88,144.61,144.81,673,13,0
1673971200,144.78,145.18,144.68,144.97,967,13,0
1673974800,144.97,145.73,144.23,144.28,1480,13,0
1673978400,144.28,144.57,144.08,144.53,555,13,0
1674036000,144.39,144.56,143.17,143.76,1608,13,0
1674039600,143.76,143.93,143.17,143.20,1023,13,0
1674043200,143.20,143.62,142.89,143.54,962,13,0
1674046800,143.54,143.68,142.94,143.28,853,13,0
1674050400,143.28,143.46,142.77,142.97,904,13,0
1674054000,142.99,143.42,142.67,143.26,1116,13,0
1674057600,143.28,144.08,143.22,143.43,1557,13,0
1674061200,143.43,144.22,143.42,143.93,1121,13,0
1674064800,143.93,145.07,143.88,144.39,1141,13,0
1674122400,143.89,144.74,143.32,144.16,1453,13,0
1674126000,144.16,144.97,144.02,144.94,928,13,0
1674129600,144.94,145.21,144.43,144.92,921,13,0
1674133200,144.93,145.03,144.09,144.22,872,13,0
1674136800,144.21,144.22,143.42,143.76,810,13,0
1674140400,143.76,144.08,143.60,144.00,1041,13,0
1674144000,143.99,144.17,143.42,143.90,1250,13,0
1674147600,143.90,144.40,143.71,144.27,1186,13,0
1674151200,144.27,144.63,144.25,144.58,471,13,0
1674208800,144.39,145.37,144.32,144.95,1238,13,0
1674212400,144.95,145.22,144.50,144.62,707,13,0
1674216000,144.63,145.15,144.55,144.77,965,13,0
1674219600,144.77,144.87,144.40,144.59,638,13,0
1674223200,144.59,145.01,144.52,144.79,440,13,0
1674226800,144.79,144.95,144.61,144.63,504,13,0
1674230400,144.63,145.09,144.56,144.81,817,13,0
1674234000,144.81,144.96,144.55,144.59,651,13,0
1674237600,144.59,144.69,144.45,144.69,279,13,0
1674468000,144.51,144.51,142.97,143.22,1219,13,0
1674471600,143.20,143.61,143.09,143.28,657,13,0
1674475200,143.28,143.49,142.97,143.38,571,13,0
1674478800,143.37,143.57,143.22,143.40,493,13,0
1674482400,143.40,143.71,143.25,143.28,433,13,0
1674486000,143.29,143.55,143.05,143.08,611,13,0
1674489600,143.08,143.23,142.75,143.15,912,13,0
1674493200,143.14,143.36,142.85,143.01,778,13,0
1674496800,143.01,143.73,143.01,143.66,484,13,0
1674554400,143.64,144.05,143.17,144.02,1231,13,0
1674558000,144.03,144.87,143.79,144.86,1163,13,0
1674561600,144.86,144.86,144.01,144.14,1098,13,0
1674565200,144.14,144.47,143.63,144.38,1916,13,0
1674568800,144.38,144.57,144.17,144.47,1089,13,0
1674572400,144.47,144.52,143.88,144.11,1155,13,0
1674576000,144.11,144.48,143.86,143.87,1851,13,0
1674579600,143.87,144.30,143.85,144.20,1566,13,0
1674583200,144.20,144.56,144.17,144.56,504,13,0
1674640800,143.99,145.22,143.99,145.01,1043,13,0
1674644400,145.01,145.03,144.48,144.64,741,13,0
1674648000,144.64,144.78,144.07,144.59,803,13,0
1674651600,144.59,144.82,144.53,144.70,691,13,0
1674655200,144.70,144.86,144.50,144.75,1161,13,0
1674658800,144.75,145.18,144.69,145.16,1369,13,0
1674662400,145.16,145.32,144.94,144.97,2429,13,0
1674666000,144.97,145.41,144.95,145.26,2337,13,0
1674669600,145.26,145.83,145.23,145.82,1101,13,0
1674727200,72.96,146.64,72.90,145.92,1835,13,0
1674730800,145.92,146.45,145.91,146.33,1832,13,0
1674734400,146.33,146.91,146.27,146.67,1320,13,0
1674738000,146.67,147.00,146.62,146.76,1505,13,0
1674741600,146.76,147.02,146.57,146.91,1499,13,0
1674745200,146.91,147.14,146.69,147.12,1943,13,0
1674748800,147.13,147.37,146.70,146.98,2630,13,0
1674752400,146.99,147.43,146.84,147.18,2229,13,0
1674756000,147.18,147.66,147.12,147.56,1480,13,0
1674813600,147.47,148.23,147.23,147.40,3237,13,0
1674817200,147.40,147.53,147.10,147.29,1945,13,0
1674820800,147.29,147.99,147.13,147.78,2013,13,0
1674824400,147.78,147.87,147.48,147.68,1439,13,0
1674828000,147.68,147.86,147.43,147.65,1604,13,0
1674831600,147.65,147.73,147.17,147.24,2780,13,0
1674835200,147.25,147.98,147.25,147.83,2388,13,0
1674838800,147.83,148.06,147.53,147.73,2097,13,0
1674842400,147.73,147.92,147.53,147.92,1052,13,0
1675072800,147.75,148.56,147.07,148.39,2982,13,0
1675076400,148.39,148.59,147.61,147.96,2467,13,0
1675080000,147.96,147.98,147.21,147.62,2360,13,0
1675083600,147.62,147.74,146.85,147.50,1858,13,0
1675087200,147.50,147.69,147.34,147.38,1304,13,0
1675090800,147.38,147.91,147.28,147.87,1248,13,0
1675094400,147.87,148.60,147.58,148.58,1675,13,0
1675098000,148.58,149.01,148.33,148.55,1715,13,0
1675101600,148.54,148.74,148.42,148.44,709,13,0
1675159200,148.27,148.27,145.98,146.21,3638,13,0
1675162800,146.21,146.26,145.09,145.24,2876,13,0
1675166400,145.25,145.25,144.38,144.38,2406,13,0
1675170000,144.40,144.86,144.27,144.83,1852,13,0
1675173600,144.83,145.25,144.83,145.16,1405,13,0
1675177200,145.16,145.81,145.13,145.51,2178,13,0
1675180800,145.51,145.54,145.04,145.11,1972,13,0
1675184400,145.11,145.97,145.03,145.93,2058,13,0
1675188000,145.93,146.00,145.74,145.98,896,13,0
1675245600,146.05,146.54,145.19,145.86,2513,13,0
1675249200,145.86,146.00,145.48,145.67,2052,13,0
1675252800,145.66,145.75,145.29,145.34,1908,13,0
1675256400,145.34,145.66,145.29,145.49,1383,13,0
1675260000,145.49,146.04,145.36,146.04,1063,13,0
1675263600,146.04,146.20,145.83,145.85,1292,13,0
1675267200,145.85,146.07,145.75,145.87,1691,13,0
1675270800,145.87,145.98,145.04,145.30,2588,13,0
1675274400,145.30,145.66,145.26,145.65,644,13,0
1675332000,145.37,146.79,145.37,146.35,3326,13,0
1675335600,146.35,146.36,145.68,146.19,2294,13,0
1675339200,146.20,146.49,146.13,146.25,1413,13,0
1675342800,146.25,146.79,145.72,146.48,2105,13,0
1675346400,146.48,146.51,145.82,145.93,2390,13,0
1675350000,145.93,146.86,145.71,146.80,3446,13,0
1675353600,146.79,147.49,146.30,146.56,4736,13,0
1675357200,146.55,146.74,145.88,146.43,2535,13,0
1675360800,146.44,146.80,146.23,146.51,1336,13,0
1675418400,146.35,146.35,143.44,143.72,3603,13,0
1675422000,143.72,144.48,143.58,144.19,2568,13,0
1675425600,144.19,144.48,143.63,144.24,2073,13,0
1675429200,144.24,144.31,143.78,143.85,1747,13,0
1675432800,143.85,144.25,143.67,144.13,1828,13,0
1675436400,144.13,144.19,143.50,144.07,3616,13,0
1675440000,144.07,144.76,143.76,143.96,3588,13,0
1675443600,143.96,144.86,143.48,144.45,3448,13,0
1675447200,144.45,144.65,144.38,144.64,932,13,0
1675677600,144.91,144.91,143.56,144.06,5153,13,0
1675681200,144.06,144.28,143.22,143.27,3181,13,0
1675684800,143.27,143.68,143.04,143.36,2278,13,0
1675688400,143.35,143.65,143.19,143.61,1724,13,0
1675692000,143.61,143.97,143.54,143.95,1413,13,0
1675695600,143.95,143.99,143.22,143.63,1659,13,0
1675699200,143.64,144.11,143.57,143.78,2787,13,0
1675702800,143.78,143.78,142.86,143.32,2816,13,0
1675706400,143.32,143.74,143.23,143.65,991,13,0
1675764000,143.34,143.95,142.77,143.82,4233,13,0
1675767600,143.82,144.38,143.54,144.38,2638,13,0
1675771200,144.38,144.59,143.92,144.15,2339,13,0
1675774800,144.15,145.02,143.73,143.86,4201,13,0
1675778400,143.85,144.14,143.61,143.66,1785,13,0
1675782000,143.66,143.68,143.03,143.19,1625,13,0
1675785600,143.19,144.49,142.97,144.40,1687,13,0
1675789200,144.40,145.02,144.19,144.54,4076,13,0
1675792800,144.54,144.70,144.43,144.46,893,13,0
1675850400,144.54,146.42,144.54,146.06,6501,13,0
1675854000,146.06,146.62,145.79,146.62,3825,13,0
1675857600,146.62,146.95,146.40,146.68,2575,13,0
1675861200,146.68,146.70,145.72,145.87,1615,13,0
1675864800,145.86,146.09,145.60,145.98,1706,13,0
1675868400,145.98,146.66,145.92,146.58,2218,13,0
1675872000,146.58,148.43,146.28,148.39,3455,13,0
1675875600,148.39,148.42,146.78,146.86,4543,13,0
1675879200,146.86,146.88,146.41,146.56,1349,13,0
1675936800,146.54,147.29,146.10,146.16,5255,13,0
1675940400,146.16,146.81,145.94,146.79,3299,13,0
1675944000,146.79,147.09,146.56,147.02,2538,13,0
1675947600,147.01,147.04,146.53,146.82,1685,13,0
1675951200,146.82,146.83,146.46,146.48,1396,13,0
1675954800,146.48,146.51,145.98,146.05,2147,13,0
1675958400,146.04,146.09,145.52,145.62,3799,13,0
1675962000,145.62,145.69,145.23,145.46,2392,13,0
1675965600,145.46,145.49,144.82,145.03,1210,13,0
1676023200,145.43,145.43,143.83,144.21,5219,13,0
1676026800,144.21,144.45,143.69,143.84,4739,13,0
1676030400,143.84,144.05,143.30,143.59,4772,13,0
1676034000,143.59,143.59,142.83,142.83,3275,13,0
1676037600,142.83,143.19,142.23,142.33,2231,13,0
1676041200,142.33,142.90,142.27,142.65,2312,13,0
1676044800,142.65,143.05,142.00,142.20,3552,13,0
1676048400,142.19,142.43,141.96,142.01,4452,13,0
1676052000,142.01,142.33,142.00,142.19,1136,13,0
1676282400,142.89,143.13,142.33,142.93,4137,13,0
1676286000,142.93,143.48,142.90,143.26,2547,13,0
1676289600,143.26,143.45,143.07,143.33,1921,13,0
1676293200,143.33,143.36,143.01,143.35,1470,13,0
1676296800,143.36,143.93,143.34,143.88,1662,13,0
1676300400,143.88,144.44,143.86,144.06,1471,13,0
1676304000,144.06,144.72,144.05,144.71,2587,13,0
1676307600,144.71,144.85,144.47,144.52,1754,13,0
1676311200,144.51,144.62,144.42,144.61,582,13,0
1676368800,144.45,145.29,144.45,145.13,2593,13,0
1676372400,145.13,145.49,144.94,145.24,1964,13,0
1676376000,145.24,145.68,145.07,145.49,1442,13,0
1676379600,145.49,145.62,145.22,145.29,1131,13,0
1676383200,145.29,145.43,145.13,145.22,894,13,0
1676386800,145.22,146.23,145.00,145.38,5387,13,0
1676390400,145.39,145.48,144.64,145.29,4472,13,0
1676394000,145.29,145.55,144.63,144.76,3626,13,0
1676397600,144.77,145.23,144.73,144.88,1300,13,0
1676455200,144.27,144.87,143.93,144.62,3228,13,0
1676458800,144.62,145.58,144.62,145.54,1905,13,0
1676462400,145.54,145.69,145.30,145.52,1841,13,0
1676466000,145.52,145.66,145.27,145.50,1553,13,0
1676469600,145.50,145.93,145.27,145.73,1619,13,0
1676473200,145.73,146.22,145.37,146.00,3041,13,0
1676476800,146.00,146.11,145.44,146.01,2964,13,0
1676480400,146.00,146.43,145.91,145.98,2520,13,0
1676484000,145.98,146.40,145.97,146.36,804,13,0
1676541600,144.69,148.10,144.69,146.92,5302,13,0
1676545200,146.92,147.91,146.92,147.74,4297,13,0
1676548800,147.74,149.12,147.60,148.56,3943,13,0
1676552400,148.56,148.71,147.87,148.18,3210,13,0
1676556000,148.18,148.21,147.58,147.93,2912,13,0
1676559600,147.93,147.94,146.43,146.93,4183,13,0
1676563200,146.93,147.03,146.16,146.27,5001,13,0
1676566800,146.26,147.88,146.23,147.85,2846,13,0
1676570400,147.85,148.65,147.75,148.54,1439,13,0
1676628000,148.92,148.92,146.64,147.57,6592,13,0
1676631600,147.57,147.73,147.10,147.57,3243,13,0
1676635200,147.57,148.48,147.29,147.78,3837,13,0
1676638800,147.78,148.28,147.61,148.06,2739,13,0
1676642400,148.06,148.07,147.65,148.07,1862,13,0
1676646000,148.07,149.00,147.88,148.91,2361,13,0
1676649600,148.88,149.54,148.83,149.19,3612,13,0
1676653200,149.19,149.64,149.01,149.27,3071,13,0
1676656800,149.27,149.42,149.08,149.21,1040,13,0
1676887200,149.24,151.68,149.17,151.68,4991,13,0
1676890800,151.68,151.91,150.73,151.31,3449,13,0
1676894400,151.30,151.39,151.09,151.35,1953,13,0
1676898000,151.35,151.69,151.23,151.51,1143,13,0
1676901600,151.51,151.90,151.30,151.80,1675,13,0
1676905200,151.80,151.89,151.38,151.87,1544,13,0
1676908800,151.86,152.41,151.84,151.96,1609,13,0
1676912400,151.96,152.04,151.49,151.87,1637,13,0
1676916000,151.87,152.11,151.72,151.87,514,13,0
1676973600,152.05,152.05,150.41,150.71,4782,13,0
1676977200,150.71,151.49,150.24,151.07,5344,13,0
1676980800,151.07,151.16,150.28,150.43,2890,13,0
1676984400,150.43,150.89,150.27,150.82,2007,13,0
1676988000,150.82,150.89,150.50,150.50,992,13,0
1676991600,150.50,150.59,150.14,150.48,1718,13,0
1676995200,150.48,150.74,150.17,150.22,2638,13,0
1676998800,150.22,151.35,150.10,150.92,3067,13,0
1677002400,150.92,151.10,150.60,150.62,486,13,0
1677060000,150.49,150.49,149.02,149.47,5065,13,0
1677063600,149.47,149.70,148.26,149.07,4476,13,0
1677067200,149.07,149.07,148.47,148.65,2438,13,0
1677070800,148.65,148.91,148.21,148.69,1634,13,0
1677074400,148.69,149.79,148.68,149.79,2239,13,0
1677078000,149.79,149.91,149.63,149.85,1202,13,0
1677081600,149.85,149.95,149.05,149.23,2418,13,0
1677085200,149.23,149.42,148.69,149.22,2249,13,0
1677088800,149.22,149.78,149.22,149.56,1081,13,0
1677146400,149.21,150.28,148.55,148.61,3843,13,0
1677150000,148.61,149.59,148.56,148.75,3177,13,0
1677153600,148.75,149.33,148.58,149.04,2192,13,0
1677157200,149.04,149.13,148.43,148.55,1950,13,0
1677160800,148.55,149.09,148.41,148.52,2061,13,0
1677164400,148.52,148.73,148.24,148.60,2372,13,0
1677168000,148.59,149.38,148.59,149.01,2480,13,0
1677171600,149.01,149.07,148.55,148.77,2125,13,0
1677175200,148.77,148.89,148.35,148.71,920,13,0
1677232800,148.55,149.99,148.55,149.67,3747,13,0
1677236400,149.67,149.77,149.13,149.21,2036,13,0
1677240000,149.21,149.55,149.11,149.45,1858,13,0
1677243600,149.45,149.45,148.53,148.75,2653,13,0
1677247200,148.76,148.97,148.27,148.41,1635,13,0
1677250800,148.40,148.41,147.42,148.11,3224,13,0
1677254400,148.11,148.20,147.55,147.82,4400,13,0
1677258000,147.82,148.03,147.25,147.41,3186,13,0
1677261600,147.41,147.45,147.13,147.29,1443,13,0
1677492000,147.44,151.03,147.44,150.73,4138,13,0
1677495600,150.74,151.49,150.59,151.21,1963,13,0
1677499200,151.21,151.39,150.76,150.89,2005,13,0
1677502800,150.89,150.99,150.69,150.90,1383,13,0
1677506400,150.90,150.97,150.60,150.63,1240,13,0
1677510000,150.63,151.30,150.61,151.20,1478,13,0
1677513600,151.20,151.37,150.81,151.37,2158,13,0
1677517200,151.37,151.46,150.80,151.22,2237,13,0
1677520800,151.22,151.51,151.18,151.51,937,13,0
1677578400,152.25,152.25,149.82,150.40,4291,13,0
1677582000,150.40,150.54,149.90,150.20,3009,13,0
1677585600,150.20,150.51,150.19,150.38,2978,13,0
1677589200,150.38,150.62,149.92,150.31,2230,13,0
1677592800,150.31,150.70,150.09,150.14,1925,13,0
1677596400,150.14,150.29,149.78,150.15,2214,13,0
1677600000,150.15,150.19,149.70,149.90,4008,13,0
1677603600,149.90,150.93,149.87,150.91,4023,13,0
1677607200,150.91,151.02,150.68,150.68,1125,13,0
1677664800,151.49,151.49,149.76,150.16,5388,13,0
1677668400,150.16,150.51,149.88,150.42,3525,13,0
1677672000,150.42,150.71,150.31,150.54,2290,13,0
1677675600,150.54,150.72,150.32,150.65,1955,13,0
1677679200,150.65,150.66,150.25,150.34,1818,13,0
1677682800,150.35,150.36,149.66,149.95,2567,13,0
1677686400,149.95,150.34,149.66,150.23,2785,13,0
1677690000,150.24,150.32,149.74,149.95,3095,13,0
1677693600,149.96,150.23,148.96,149.26,1726,13,0
1677751200,149.42,149.44,147.84,149.27,4468,13,0
1677754800,149.26,149.28,148.57,148.63,3362,13,0
1677758400,148.52,148.92,148.17,148.92,521,15,0
1677762000,148.92,149.27,148.67,148.74,3157,13,0
1677765600,148.74,149.66,148.67,149.59,4332,13,0
1677769200,149.59,149.83,148.89,149.07,7293,13,0
1677772800,149.04,149.47,148.97,149.41,7296,13,0
1677776400,149.41,149.82,149.27,149.79,7351,13,0
1677780000,149.79,149.89,149.44,149.49,6172,13,0
1677837600,146.94,150.55,146.94,150.03,3159,13,0
1677841200,150.03,150.43,149.98,150.13,2763,13,0
1677844800,150.13,150.35,150.01,150.23,1727,13,0
1677848400,150.23,150.44,150.09,150.13,1168,13,0
1677852000,150.13,150.29,149.89,149.93,1113,13,0
1677855600,149.93,150.15,149.81,149.95,1433,13,0
1677859200,149.95,150.32,149.77,149.90,2305,13,0
1677862800,149.90,150.13,149.56,150.12,2761,13,0
1677866400,150.12,150.47,150.09,150.46,1040,13,0
1678096800,150.32,150.77,150.00,150.14,4506,13,0
1678100400,150.14,150.26,149.39,149.61,3675,13,0
1678104000,149.61,149.61,149.07,149.39,2755,13,0
1678107600,149.39,149.39,148.76,148.77,1942,13,0
1678111200,148.77,149.21,148.75,149.19,1779,13,0
1678114800,149.19,149.61,149.00,149.51,2039,13,0
1678118400,149.51,149.59,149.05,149.38,3574,13,0
1678122000,149.38,149.55,149.03,149.09,2404,13,0
1678125600,149.09,149.35,149.05,149.16,1122,13,0
1678183200,149.45,149.69,148.41,149.49,3367,13,0
1678186800,149.49,150.12,149.45,150.09,1778,13,0
1678190400,150.09,150.72,150.03,150.50,1783,13,0
1678194000,150.50,150.71,150.41,150.65,1379,13,0
1678197600,150.65,150.77,150.33,150.43,1075,13,0
1678201200,150.43,150.53,150.03,150.47,1248,13,0
1678204800,150.47,150.60,150.19,150.53,1824,13,0
1678208400,150.53,150.56,149.86,149.87,7942,13,0
1678212000,149.87,150.04,149.52,149.60,7322,13,0
1678269600,149.73,149.73,148.33,148.68,16495,13,0
1678273200,148.69,148.75,148.02,148.29,13769,13,0
1678276800,148.29,148.36,147.83,148.21,10217,13,0
1678280400,148.21,148.37,147.92,148.01,7039,13,0
1678284000,148.01,148.16,147.95,148.15,5312,13,0
1678287600,148.14,148.63,148.13,148.30,8111,13,0
1678291200,148.30,148.61,148.11,148.53,12742,13,0
1678294800,148.53,148.87,148.19,148.51,18819,13,0
1678298400,148.51,148.87,148.51,148.86,3771,13,0
1678356000,148.74,149.08,148.42,148.43,14269,13,0
1678359600,148.43,148.56,148.07,148.09,12365,13,0
1678363200,148.09,148.65,147.89,148.61,11644,13,0
1678366800,148.61,149.13,148.61,149.05,7155,13,0
1678370400,149.05,149.09,148.75,148.89,6948,13,0
1678374000,148.89,149.53,148.85,149.37,10957,13,0
1678377600,149.37,149.89,149.36,149.86,13008,13,0
1678381200,149.86,150.33,149.86,150.15,11490,13,0
1678384800,150.15,150.19,150.05,150.06,3845,13,0
1678442400,150.05,150.05,148.22,148.50,32285,13,0
1678446000,148.50,149.51,148.45,149.09,49747,13,0
1678449600,149.09,149.47,148.90,148.92,36269,13,0
1678453200,148.93,149.43,148.90,149.26,28763,13,0
1678456800,149.26,149.57,149.12,149.26,27430,13,0
1678460400,149.27,149.59,148.64,149.12,48351,13,0
1678464000,149.12,149.19,148.35,148.57,66436,13,0
1678467600,148.56,148.77,147.54,148.30,67298,13,0
1678471200,148.29,148.52,148.14,148.45,27630,13,0
1678701600,148.74,148.74,146.54,146.83,50001,13,0
1678705200,146.83,146.88,145.51,146.33,83770,13,0
1678708800,146.33,147.70,145.88,147.55,62717,13,0
1678712400,147.55,147.79,146.82,147.06,57640,13,0
1678716000,147.06,147.28,146.01,146.84,74341,13,0
1678719600,146.84,147.39,146.11,147.21,74812,13,0
1678723200,147.22,147.48,146.11,146.92,94219,13,0
1678726800,146.92,147.16,146.08,146.57,82505,13,0
1678730400,146.58,146.83,146.00,146.36,35251,13,0
1678788000,146.39,147.38,146.32,146.98,38482,13,0
1678791600,146.98,147.35,146.42,147.06,54790,13,0
1678795200,147.06,147.73,147.03,147.60,37340,13,0
1678798800,147.62,148.19,147.58,147.95,36898,13,0
1678802400,147.95,148.26,146.96,148.05,68360,13,0
1678806000,148.04,149.40,147.98,148.98,66056,13,0
1678809600,148.98,149.56,148.74,148.80,64810,13,0
1678813200,148.80,149.58,148.69,149.14,49651,13,0
1678816800,149.15,149.41,148.95,149.32,20719,13,0
1678874400,149.32,149.32,148.39,148.66,37951,13,0
1678878000,148.66,148.84,148.09,148.36,56011,13,0
1678881600,148.36,148.51,146.38,147.03,70006,13,0
1678885200,147.03,147.93,146.99,147.67,66796,13,0
1678888800,147.68,147.90,147.28,147.64,14296,13,0
1678892400,147.64,148.13,147.08,147.08,7260,13,0
1678896000,147.08,147.79,146.55,147.16,7343,13,0
1678899600,147.16,147.75,147.02,147.42,6208,13,0
1678903200,147.42,147.62,146.75,146.76,2071,13,0
1678960800,147.37,149.00,146.97,146.98,11136,13,0
1678964400,146.98,147.32,146.23,147.19,8359,13,0
1678968000,147.19,147.83,147.02,147.40,6495,13,0
1678971600,147.40,148.35,147.19,147.95,6256,13,0
1678975200,147.95,148.18,147.40,147.89,8787,13,0
1678978800,147.89,148.77,146.80,148.76,12777,13,0
1678982400,148.76,149.66,147.34,149.58,15056,13,0
1678986000,149.58,150.13,148.99,149.83,10237,13,0
1678989600,149.83,149.98,149.53,149.80,3637,13,0
1679047200,149.62,151.18,149.62,150.24,5697,13,0
1679050800,150.24,150.51,149.69,149.81,4966,13,0
1679054400,149.81,149.83,148.89,149.33,4789,13,0
1679058000,149.33,149.35,148.28,148.62,4272,13,0
1679061600,148.62,148.73,146.95,147.39,5176,13,0
1679065200,147.39,147.95,147.23,147.45,5682,13,0
1679068800,147.45,147.93,146.46,146.69,6339,13,0
1679072400,146.69,147.45,146.49,146.85,4244,13,0
1679076000,146.85,147.25,146.77,147.17,1630,13,0
1679306400,146.59,149.02,146.59,148.62,9567,13,0
1679310000,148.62,150.00,148.54,149.80,8376,13,0
1679313600,149.80,150.46,149.44,150.42,7060,13,0
1679317200,150.42,151.02,150.13,150.62,5334,13,0
1679320800,150.62,151.01,150.42,150.99,5211,13,0
1679324400,150.99,151.07,150.41,150.86,7805,13,0
1679328000,150.86,151.01,150.43,150.62,6236,13,0
1679331600,150.62,151.01,150.43,150.58,4138,13,0
1679335200,150.58,150.79,150.33,150.38,2004,13,0
1679392800,150.32,151.50,150.04,150.36,4483,13,0
1679396400,150.36,151.11,150.32,151.06,2897,13,0
1679400000,151.06,151.33,150.85,151.03,3752,13,0
1679403600,151.02,151.07,150.60,150.89,2821,13,0
1679407200,150.89,151.03,150.61,151.00,1914,13,0
1679410800,151.00,151.23,150.71,150.79,2857,13,0
1679414400,150.79,150.95,150.03,150.23,3585,13,0
1679418000,150.23,150.47,149.85,149.91,3409,13,0
1679421600,149.91,150.19,149.79,150.01,1135,13,0
1679479200,149.92,150.40,149.51,150.26,4969,13,0
1679482800,150.26,150.85,150.20,150.48,3106,13,0
1679486400,150.48,150.82,150.18,150.59,2248,13,0
1679490000,150.59,150.83,150.48,150.80,1505,13,0
1679493600,150.80,151.53,150.77,151.45,1817,13,0
1679497200,151.45,151.75,151.20,151.75,1912,13,0
1679500800,151.75,151.89,151.63,151.71,1412,13,0
1679504400,151.71,151.72,151.08,151.33,1540,13,0
1679508000,151.33,151.43,151.21,151.33,464,13,0
1679565600,151.14,151.42,150.36,151.15,5031,13,0
1679569200,151.15,151.39,150.57,150.80,3784,13,0
1679572800,150.80,150.84,150.09,150.31,3036,13,0
1679576400,150.31,150.76,150.21,150.71,2036,13,0
1679580000,150.72,150.99,150.46,150.97,2153,13,0
1679583600,150.97,151.29,150.81,151.28,2377,13,0
1679587200,151.28,151.69,151.27,151.55,3088,13,0
1679590800,151.55,151.83,151.53,151.75,2265,13,0
1679594400,151.75,151.75,151.32,151.40,1238,13,0
1679652000,151.44,151.44,149.22,149.75,5116,13,0
1679655600,149.75,150.06,148.95,149.10,5960,13,0
1679659200,149.10,149.32,148.72,148.88,6272,13,0
1679662800,148.88,149.29,148.17,148.97,5077,13,0
1679666400,148.97,149.89,148.65,149.74,5343,13,0
1679670000,149.74,149.88,149.27,149.74,6036,13,0
1679673600,149.74,149.87,149.25,149.68,5741,13,0
1679677200,149.68,149.68,148.87,149.63,4335,13,0
1679680800,149.63,149.85,149.17,149.24,2208,13,0
1679911200,149.37,151.00,149.37,149.75,4575,13,0
1679914800,149.76,149.99,149.37,149.58,4440,13,0
1679918400,149.58,149.83,149.43,149.75,3777,13,0
1679922000,149.75,150.02,149.66,149.83,2554,13,0
1679925600,149.83,149.92,149.25,149.30,2183,13,0
1679929200,149.30,149.62,149.25,149.52,2942,13,0
1679932800,149.52,149.91,149.35,149.55,3117,13,0
1679936400,149.55,149.57,149.19,149.23,2852,13,0
1679940000,149.23,149.52,149.20,149.50,978,13,0
1679997600,149.49,150.79,149.49,150.62,3023,13,0
1680001200,150.62,150.71,150.37,150.42,1798,13,0
1680004800,150.42,150.55,150.14,150.51,2056,13,0
1680008400,150.51,150.67,150.10,150.38,1792,13,0
1680012000,150.38,150.79,150.27,150.64,1624,13,0
1680015600,150.64,150.67,150.05,150.14,1710,13,0
1680019200,150.14,150.25,149.89,150.09,2013,13,0
1680022800,150.09,150.46,149.83,150.09,2174,13,0
1680026400,150.09,150.32,150.08,150.30,741,13,0
1680084000,150.39,151.13,150.39,150.91,4364,13,0
1680087600,150.91,151.31,150.78,150.93,3058,13,0
1680091200,150.93,151.08,150.86,150.95,2825,13,0
1680094800,150.95,151.01,150.48,150.90,1978,13,0
1680098400,150.90,151.03,150.78,150.86,1533,13,0
1680102000,150.86,150.90,150.33,150.35,1263,13,0
1680105600,150.34,151.03,150.25,150.84,2096,13,0
1680109200,150.86,150.96,150.65,150.73,1574,13,0
1680112800,150.72,150.97,150.72,150.88,630,13,0
1680170400,150.85,151.89,150.85,151.72,2317,13,0
1680174000,151.71,152.33,151.62,152.19,1724,13,0
1680177600,152.19,152.61,152.07,152.53,1355,13,0
1680181200,152.52,152.81,152.37,152.80,933,13,0
1680184800,152.78,153.18,152.73,152.78,799,13,0
1680188400,152.76,152.83,152.30,152.33,1214,13,0
1680192000,152.34,152.38,152.05,152.20,1311,13,0
1680195600,152.21,152.72,152.15,152.62,1230,13,0
1680199200,152.62,152.92,152.62,152.85,471,13,0
1680256800,152.70,153.30,152.48,153.00,1936,13,0
1680260400,153.00,153.42,152.84,153.21,1161,13,0
1680264000,153.22,153.57,153.15,153.36,1299,13,0
1680267600,153.36,154.10,153.22,154.10,831,13,0
1680271200,154.09,154.12,153.83,153.89,748,13,0
1680274800,153.88,154.42,153.83,154.14,1274,13,0
1680278400,154.14,154.70,154.00,154.50,1204,13,0
1680282000,154.47,154.82,154.36,154.78,1285,13,0
1680285600,154.78,154.81,154.61,154.72,474,13,0
1680516000,154.34,154.78,153.79,154.53,2214,13,0
1680519600,154.54,154.59,154.15,154.26,1318,13,0
1680523200,154.27,154.48,153.71,153.94,1013,13,0
1680526800,153.94,154.18,153.92,154.14,774,13,0
1680530400,154.13,154.14,153.67,153.82,1077,13,0
1680534000,153.81,153.86,153.63,153.70,877,13,0
1680537600,153.69,153.80,153.33,153.69,1231,13,0
1680541200,153.69,154.02,153.57,153.72,1383,13,0
1680544800,153.74,153.84,153.56,153.73,472,13,0
1680602400,153.79,154.27,153.48,153.75,1912,13,0
1680606000,153.77,154.66,153.75,154.14,1368,13,0
1680609600,154.15,154.79,154.15,154.60,1107,13,0
1680613200,154.60,154.78,154.27,154.68,1088,13,0
1680616800,154.68,155.02,154.58,155.02,431,13,0
1680620400,155.01,155.06,154.71,154.88,592,13,0
1680624000,154.89,155.02,154.48,154.99,1075,13,0
1680627600,154.98,155.22,154.55,154.68,1476,13,0
1680631200,154.67,154.80,154.45,154.53,503,13,0
1680688800,154.53,154.59,153.89,154.13,2146,13,0
1680692400,154.12,154.16,153.45,153.71,1690,13,0
1680696000,153.72,154.04,153.61,153.80,1144,13,0
1680699600,153.79,154.21,153.75,154.16,638,13,0
1680703200,154.18,154.46,154.06,154.14,762,13,0
1680706800,154.14,154.52,154.01,154.50,954,13,0
1680710400,154.50,155.04,154.48,154.89,1360,13,0
1680714000,154.90,155.52,154.80,155.40,1276,13,0
1680717600,155.41,155.60,155.10,155.12,553,13,0
1680775200,155.03,156.86,155.03,156.86,2471,13,0
1680778800,156.86,157.60,156.82,157.60,1182,13,0
1680782400,157.58,157.76,156.97,157.25,1533,13,0
1680786000,157.26,157.72,157.00,157.65,869,13,0
1680789600,157.64,157.74,157.05,157.46,876,13,0
1680793200,157.46,157.72,157.14,157.72,1116,13,0
1680796800,157.71,157.79,157.30,157.66,1311,13,0
1680800400,157.65,157.99,157.58,157.95,1016,13,0
1680804000,157.96,158.24,157.86,158.14,509,13,0
1681207200,158.00,159.90,158.00,158.40,2453,13,0
1681210800,158.42,159.16,158.29,159.15,1304,13,0
1681214400,159.15,159.48,158.98,159.45,1094,13,0
1681218000,159.45,159.45,158.30,158.44,1190,13,0
1681221600,158.43,158.66,158.23,158.28,1003,13,0
1681225200,158.27,158.44,158.06,158.38,1063,13,0
1681228800,158.39,158.62,158.26,158.60,1015,13,0
1681232400,158.60,158.92,158.54,158.78,1066,13,0
1681236000,158.78,159.08,158.78,159.04,496,13,0
1681293600,158.59,158.89,157.82,158.73,2233,13,0
1681297200,158.73,159.30,158.51,158.87,1523,13,0
1681300800,158.87,159.43,158.64,159.42,1013,13,0
1681304400,159.42,159.45,159.05,159.32,862,13,0
1681308000,159.31,159.44,159.12,159.32,746,13,0
1681311600,159.31,160.51,159.18,159.56,2171,13,0
1681315200,159.55,159.60,159.12,159.29,1668,13,0
1681318800,159.30,159.63,158.81,158.95,2034,13,0
1681322400,158.95,159.04,158.69,158.87,669,13,0
1681380000,158.69,159.50,158.31,158.42,2260,13,0
1681383600,158.41,159.20,158.39,159.04,1560,13,0
1681387200,159.06,159.31,158.99,159.24,1027,13,0
1681390800,159.24,159.30,158.99,159.28,848,13,0
1681394400,159.28,159.28,158.85,158.86,961,13,0
1681398000,158.88,159.66,158.85,159.42,1332,13,0
1681401600,159.44,159.52,158.84,158.88,1714,13,0
1681405200,158.90,159.11,158.78,158.78,1332,13,0
1681408800,158.80,159.10,158.78,158.96,460,13,0
1681466400,159.37,159.57,159.08,159.40,1575,13,0
1681470000,159.39,159.46,159.11,159.20,1005,13,0
1681473600,159.21,159.29,158.71,159.02,1139,13,0
1681477200,159.03,159.23,158.68,158.92,926,13,0
1681480800,158.91,159.30,158.75,159.03,887,13,0
1681484400,159.03,159.14,158.06,158.13,1407,13,0
1681488000,158.12,158.94,158.12,158.43,1343,13,0
1681491600,158.42,158.44,157.88,158.34,1679,13,0
1681495200,158.34,158.39,158.14,158.27,717,13,0
1681725600,158.39,159.68,158.38,159.48,2286,13,0
1681729200,159.45,159.74,159.39,159.51,1703,13,0
1681732800,159.52,159.52,158.70,159.19,1694,13,0
1681736400,159.19,159.62,159.18,159.45,1059,13,0
1681740000,159.46,159.49,159.02,159.36,838,13,0
1681743600,159.36,159.76,159.34,159.43,1095,13,0
1681747200,159.44,160.22,159.44,160.18,1660,13,0
1681750800,160.16,160.38,159.86,159.89,1781,13,0
1681754400,159.89,160.11,159.86,160.09,650,13,0
1681812000,159.91,160.34,159.79,160.15,1381,13,0
1681815600,160.15,160.48,160.13,160.37,918,13,0
1681819200,160.38,160.60,160.02,160.49,1263,13,0
1681822800,160.48,160.92,160.29,160.89,1147,13,0
1681826400,160.88,161.30,160.79,160.92,976,13,0
1681830000,160.91,161.11,160.81,161.01,825,13,0
1681833600,161.01,161.01,160.57,160.65,1377,13,0
1681837200,160.63,160.68,160.03,160.22,1291,13,0
1681840800,160.24,160.52,160.22,160.51,458,13,0
1681898400,160.40,161.04,160.40,160.72,1435,13,0
1681902000,160.72,161.16,160.56,161.02,1405,13,0
1681905600,161.01,161.16,160.83,160.97,1073,13,0
1681909200,160.98,161.04,160.70,160.81,851,13,0
1681912800,160.82,161.02,160.67,160.69,745,13,0
1681916400,160.70,160.91,160.57,160.59,689,13,0
1681920000,160.61,161.21,160.59,161.12,1026,13,0
1681923600,161.14,161.52,161.10,161.49,847,13,0
1681927200,161.50,161.75,161.48,161.57,368,13,0
1681984800,161.34,161.48,160.95,161.19,2029,13,0
1681988400,161.19,161.21,160.83,161.16,1288,13,0
1681992000,161.16,161.29,161.02,161.08,799,13,0
1681995600,161.08,161.27,160.98,160.99,591,13,0
1681999200,160.99,161.12,160.82,160.99,680,13,0
1682002800,160.99,161.31,160.97,161.31,862,13,0
1682006400,161.31,161.81,161.27,161.54,1037,13,0
1682010000,161.53,161.85,161.38,161.83,890,13,0
1682013600,161.81,162.12,161.80,161.87,403,13,0
1682071200,161.72,162.55,161.72,162.07,2624,13,0
1682074800,162.08,162.42,161.69,162.36,1836,13,0
1682078400,162.34,162.52,161.89,162.32,1609,13,0
1682082000,162.34,162.37,161.91,161.97,1377,13,0
1682085600,161.96,162.13,161.78,161.95,929,13,0
1682089200,161.94,162.02,161.64,161.95,990,13,0
1682092800,161.97,162.53,161.89,162.22,1954,13,0
1682096400,162.23,162.57,162.17,162.23,1779,13,0
1682100000,162.24,162.51,162.22,162.46,424,13,0
1682330400,162.85,163.08,162.53,162.86,1650,13,0
1682334000,162.87,163.02,162.73,162.87,963,13,0
1682337600,162.86,163.36,162.84,163.21,891,13,0
1682341200,163.21,163.45,163.13,163.20,795,13,0
1682344800,163.19,163.43,163.18,163.31,607,13,0
1682348400,163.31,163.31,162.97,162.97,711,13,0
1682352000,162.95,163.27,162.89,163.23,1150,13,0
1682355600,163.21,163.41,163.03,163.23,1098,13,0
1682359200,163.23,163.41,163.13,163.16,417,13,0
1682416800,163.09,163.54,163.01,163.14,2509,13,0
1682420400,163.15,163.62,163.08,163.23,1536,13,0
1682424000,163.24,163.25,162.71,162.86,1229,13,0
1682427600,162.84,163.05,162.73,162.93,692,13,0
1682431200,162.91,163.31,162.89,163.09,614,13,0
1682434800,163.10,163.44,163.10,163.35,862,13,0
1682438400,163.38,163.47,163.00,163.09,1060,13,0
1682442000,163.10,163.39,162.99,163.36,923,13,0
1682445600,163.36,163.65,163.29,163.44,538,13,0
1682503200,162.57,163.30,160.97,161.06,4289,13,0
1682506800,161.07,161.52,160.51,161.26,2781,13,0
1682510400,161.28,161.66,160.98,161.15,1954,13,0
1682514000,161.17,161.30,160.91,160.96,1332,13,0
1682517600,160.96,161.03,160.75,160.77,1231,13,0
1682521200,160.78,160.90,160.30,160.70,1181,13,0
1682524800,160.70,160.83,160.36,160.64,1573,13,0
1682528400,160.64,161.21,160.52,161.10,1426,13,0
1682532000,161.09,161.12,160.82,160.89,555,13,0
1682589600,161.06,161.39,160.10,160.69,3591,13,0
1682593200,160.70,161.00,160.64,160.75,1732,13,0
1682596800,160.76,161.19,160.71,161.05,2146,13,0
1682600400,161.04,162.00,161.02,161.69,1772,13,0
1682604000,161.68,161.98,161.21,161.42,1223,13,0
1682607600,161.40,162.42,161.40,162.39,1559,13,0
1682611200,162.40,162.72,162.26,162.51,1971,13,0
1682614800,162.52,162.82,162.34,162.55,1863,13,0
1682618400,162.56,162.62,162.22,162.54,1097,13,0
1682676000,162.44,163.85,162.44,163.02,3045,13,0
1682679600,163.04,163.24,161.78,162.04,2886,13,0
1682683200,162.03,162.11,161.38,162.01,2147,13,0
1682686800,161.99,162.11,161.07,161.10,1556,13,0
1682690400,161.11,161.74,161.08,161.71,1465,13,0
1682694000,161.72,162.16,161.46,161.74,1632,13,0
1682697600,161.75,162.46,161.63,162.44,1350,13,0
1682701200,162.45,162.82,162.17,162.49,1436,13,0
1682704800,162.50,162.85,162.30,162.85,568,13,0
1683021600,162.64,164.49,162.64,163.60,3038,13,0
1683025200,163.59,163.85,163.09,163.19,1900,13,0
1683028800,163.19,163.50,163.12,163.32,951,13,0
1683032400,163.33,163.40,162.97,163.21,839,13,0
1683036000,163.23,163.37,163.15,163.37,771,13,0
1683039600,163.36,163.36,162.78,162.78,874,13,0
1683043200,162.78,162.91,162.43,162.47,1275,13,0
1683046800,162.48,162.59,161.93,162.02,2003,13,0
1683050400,162.02,162.02,161.74,161.82,985,13,0
1683108000,162.69,163.14,161.89,162.32,1718,13,0
1683111600,162.33,162.61,161.99,162.31,1829,13,0
1683115200,162.32,162.48,162.08,162.15,1125,13,0
1683118800,162.15,162.60,162.14,162.43,1084,13,0
1683122400,162.45,163.10,162.40,162.66,1288,13,0
1683126000,162.66,163.05,162.48,162.86,1419,13,0
1683129600,162.84,163.06,162.61,162.71,1632,13,0
1683133200,162.71,162.78,162.45,162.58,1665,13,0
1683136800,162.57,162.57,162.37,162.54,610,13,0
1683194400,162.61,163.27,161.62,163.14,5983,13,0
1683198000,163.14,163.26,162.42,162.52,3548,13,0
1683201600,162.52,162.58,161.97,162.00,3665,13,0
1683205200,162.00,162.19,161.75,161.77,2989,13,0
1683208800,161.77,161.95,161.45,161.47,2560,13,0
1683212400,161.47,162.20,161.39,162.03,4120,13,0
1683216000,162.03,162.15,161.39,161.83,4291,13,0
1683219600,161.83,162.40,161.66,162.27,5754,13,0
1683223200,162.27,162.65,162.20,162.50,1799,13,0
1683280800,163.38,163.52,162.62,162.63,2853,13,0
1683284400,162.62,162.88,162.23,162.72,2205,13,0
1683288000,162.72,162.88,162.37,162.81,3554,13,0
1683291600,162.81,163.51,162.72,162.77,3017,13,0
1683295200,162.77,163.36,162.73,163.24,1569,13,0
1683298800,163.24,163.29,162.77,162.82,2272,13,0
1683302400,162.82,163.34,162.79,163.16,2454,13,0
1683306000,163.16,163.48,162.96,163.33,2025,13,0
1683309600,163.33,163.39,163.27,163.38,382,13,0
1683540000,163.58,163.72,162.97,163.64,2408,13,0
1683543600,163.65,163.71,163.41,163.53,1387,13,0
1683547200,163.53,163.67,163.50,163.56,875,13,0
1683550800,163.56,163.73,163.50,163.73,774,13,0
1683554400,163.73,163.81,163.59,163.69,657,13,0
1683558000,163.69,163.83,163.51,163.63,693,13,0
1683561600,163.63,163.75,163.37,163.39,1093,13,0
1683565200,163.39,163.47,163.26,163.39,969,13,0
1683568800,163.39,163.43,163.31,163.38,351,13,0
1683626400,163.06,163.65,162.90,163.52,3396,13,0
1683630000,163.52,163.55,162.67,163.02,1992,13,0
1683633600,163.02,163.10,162.79,163.01,1900,13,0
1683637200,163.01,163.08,162.81,162.89,1054,13,0
1683640800,162.89,162.97,162.69,162.79,1146,13,0
1683644400,162.79,162.92,162.35,162.53,1397,13,0
1683648000,162.53,162.73,162.01,162.67,2184,13,0
1683651600,162.67,162.89,162.31,162.85,1699,13,0
1683655200,162.85,163.11,162.81,162.92,664,13,0
1683712800,163.22,163.42,162.40,162.50,5373,13,0
1683716400,162.50,162.66,162.08,162.11,4605,13,0
1683720000,162.11,162.19,161.69,161.84,2930,13,0
1683723600,161.84,162.15,161.77,162.12,1622,13,0
1683727200,162.12,162.48,162.09,162.36,1454,13,0
1683730800,162.36,162.92,162.20,162.66,3903,13,0
1683734400,162.66,162.77,161.83,162.26,4025,13,0
1683738000,162.27,162.33,161.43,161.57,3320,13,0
1683741600,161.57,161.87,161.53,161.80,748,13,0
1683799200,162.23,163.83,162.16,163.48,3173,13,0
1683802800,163.48,163.64,163.08,163.12,1571,13,0
1683806400,163.12,163.25,162.85,162.98,1279,13,0
1683810000,162.98,163.11,162.76,162.78,1061,13,0
1683813600,162.79,162.80,162.34,162.37,1758,13,0
1683817200,162.37,162.58,162.22,162.24,2537,13,0
1683820800,162.24,162.24,161.45,161.50,3082,13,0
1683824400,161.50,162.27,161.47,162.22,2545,13,0
1683828000,162.22,162.63,162.21,162.55,1271,13,0
1683885600,163.06,163.63,162.91,163.63,5495,13,0
1683889200,163.63,163.83,163.43,163.68,3130,13,0
1683892800,163.69,163.99,163.65,163.99,3299,13,0
1683896400,163.99,164.13,163.73,163.84,1798,13,0
1683900000,163.84,163.92,163.47,163.47,1392,13,0
1683903600,163.47,163.47,162.99,163.12,1502,13,0
1683907200,163.13,163.73,163.05,163.70,2762,13,0
1683910800,163.70,163.77,163.18,163.23,3595,13,0
1683914400,163.23,163.55,163.22,163.50,1287,13,0
1684144800,161.45,161.62,161.03,161.12,3550,13,0
1684148400,161.12,161.21,160.86,160.94,2069,13,0
1684152000,160.94,161.33,160.92,161.22,1640,13,0
1684155600,161.22,161.62,161.06,161.52,1406,13,0
1684159200,161.52,161.53,161.15,161.17,1215,13,0
1684162800,161.17,161.30,160.72,160.74,1608,13,0
1684166400,160.74,160.75,160.28,160.35,1994,13,0
1684170000,160.35,160.47,160.08,160.44,2137,13,0
1684173600,160.44,160.58,160.41,160.55,541,13,0
1684231200,159.90,160.56,159.68,160.44,3987,13,0
1684234800,160.44,160.67,160.28,160.44,1962,13,0
1684238400,160.44,160.58,160.12,160.14,1683,13,0
1684242000,160.14,160.36,160.08,160.24,1403,13,0
1684245600,160.24,160.50,160.16,160.22,1138,13,0
1684249200,160.22,160.37,159.98,160.02,1268,13,0
1684252800,160.01,160.04,159.43,159.61,1778,13,0
1684256400,159.61,159.61,159.15,159.19,1804,13,0
1684260000,159.19,159.48,159.19,159.47,608,13,0
1684317600,159.00,159.33,158.75,159.09,2837,13,0
1684321200,159.09,159.90,159.02,159.87,2877,13,0
1684324800,159.87,160.01,159.65,159.84,2232,13,0
1684328400,159.84,159.88,159.55,159.86,1613,13,0
1684332000,159.86,160.29,159.86,160.26,1584,13,0
1684335600,160.26,160.50,160.17,160.47,1411,13,0
1684339200,160.47,160.79,160.25,160.33,2311,13,0
1684342800,160.33,160.63,160.23,160.30,1796,13,0
1684346400,160.30,160.39,159.97,160.06,922,13,0
1684404000,160.37,161.03,160.34,160.99,2546,13,0
1684407600,161.00,161.55,161.00,161.50,2106,13,0
1684411200,161.50,161.77,161.34,161.77,1249,13,0
1684414800,161.77,161.93,161.60,161.92,1188,13,0
1684418400,161.92,161.99,161.52,161.53,854,13,0
1684422000,161.53,161.79,161.35,161.38,1081,13,0
1684425600,161.38,161.44,160.80,160.84,1768,13,0
1684429200,160.84,161.23,160.62,161.11,1658,13,0
1684432800,161.11,161.27,161.00,161.17,977,13,0
1684490400,161.66,162.15,161.47,161.88,2837,13,0
1684494000,161.88,162.78,161.78,162.71,2134,13,0
1684497600,162.71,162.78,162.25,162.49,2978,13,0
1684501200,162.49,162.79,162.35,162.77,2068,13,0
1684504800,162.77,162.99,162.72,162.87,1358,13,0
1684508400,162.87,163.03,162.73,162.90,1682,13,0
1684512000,162.90,163.29,162.66,163.22,2447,13,0
1684515600,163.22,163.55,163.13,163.38,1908,13,0
1684519200,163.38,163.45,162.96,162.99,1768,13,0
1684749600,162.76,163.67,162.56,163.44,4420,13,0
1684753200,163.44,163.46,162.95,163.00,3004,13,0
1684756800,163.00,163.23,162.76,162.78,2012,13,0
1684760400,162.78,162.94,162.41,162.58,1688,13,0
1684764000,162.57,162.71,162.38,162.68,1526,13,0
1684767600,162.68,162.86,162.55,162.64,1556,13,0
1684771200,162.65,162.97,162.46,162.64,2218,13,0
1684774800,162.64,162.64,162.18,162.32,2132,13,0
1684778400,162.32,162.43,162.19,162.33,676,13,0
1684836000,162.29,162.46,161.67,162.13,1656,13,0
1684839600,162.13,162.64,161.81,161.83,1923,13,0
1684843200,161.83,161.95,161.46,161.67,2721,13,0
1684846800,161.67,161.89,161.58,161.66,1266,13,0
1684850400,161.66,161.69,161.36,161.37,1183,13,0
1684854000,161.37,161.55,161.21,161.31,1515,13,0
1684857600,161.31,161.32,160.25,160.45,2910,13,0
1684861200,160.45,160.74,160.13,160.14,2449,13,0
1684864800,160.14,160.16,159.81,160.00,1061,13,0
1684922400,159.96,159.96,156.98,157.32,4256,13,0
1684926000,157.32,157.86,157.16,157.74,3420,13,0
1684929600,157.74,157.88,157.30,157.36,2489,13,0
1684933200,157.35,157.51,157.15,157.17,1380,13,0
1684936800,157.17,157.30,156.66,156.70,1322,13,0
1684940400,156.70,157.01,156.67,156.75,1370,13,0
1684944000,156.74,157.46,156.73,157.28,2204,13,0
1684947600,157.28,157.57,156.97,157.50,2434,13,0
1684951200,157.50,157.75,157.39,157.67,799,13,0
1685008800,157.77,158.14,157.10,157.60,5206,13,0
1685012400,157.60,159.00,157.51,158.95,4364,13,0
1685016000,158.95,159.00,157.72,157.95,3604,13,0
1685019600,157.95,157.98,157.64,157.65,1473,13,0
1685023200,157.65,157.90,157.41,157.57,1953,13,0
1685026800,157.57,158.04,157.55,157.78,2769,13,0
1685030400,157.78,157.87,157.34,157.68,2694,13,0
1685034000,157.68,157.82,157.36,157.57,2567,13,0
1685037600,157.57,157.73,157.49,157.56,1297,13,0
1685095200,157.54,158.76,157.54,157.96,4550,13,0
1685098800,157.96,158.15,157.63,157.65,2538,13,0
1685102400,157.65,157.68,157.06,157.31,2970,13,0
1685106000,157.31,157.88,157.10,157.77,2604,13,0
1685109600,157.77,158.21,157.69,158.05,1778,13,0
1685113200,158.05,158.07,157.48,157.65,3098,13,0
1685116800,157.65,158.13,157.63,158.05,3614,13,0
1685120400,158.05,158.77,158.05,158.73,2658,13,0
1685124000,158.73,159.00,158.51,158.92,2250,13,0
1685354400,158.92,159.53,158.92,159.23,2429,13,0
1685358000,159.23,159.34,158.77,158.96,1499,13,0
1685361600,158.96,159.06,158.78,158.89,1512,13,0
1685365200,158.89,159.19,158.86,159.14,1299,13,0
1685368800,159.14,159.32,159.11,159.19,898,13,0
1685372400,159.19,159.40,158.95,158.96,1092,13,0
1685376000,158.97,159.41,158.97,159.40,1321,13,0
1685379600,159.40,159.59,159.37,159.49,996,13,0
1685383200,159.49,159.59,159.41,159.48,450,13,0
1685440800,159.69,159.83,158.93,159.47,4244,13,0
1685444400,159.47,159.97,159.33,159.93,3217,13,0
1685448000,159.93,160.30,159.83,160.06,2557,13,0
1685451600,160.06,160.16,159.93,160.06,1907,13,0
1685455200,160.07,160.13,159.65,159.70,2217,13,0
1685458800,159.70,159.89,159.57,159.72,1979,13,0
1685462400,159.72,159.93,159.60,159.82,2351,13,0
1685466000,159.82,159.93,159.33,159.45,3377,13,0
1685469600,159.45,159.47,159.12,159.47,1639,13,0
1685527200,159.29,159.49,158.18,158.25,5012,13,0
1685530800,158.24,158.25,157.51,157.93,3462,13,0
1685534400,157.93,158.33,157.56,158.13,2889,13,0
1685538000,158.13,158.27,157.79,157.86,1612,13,0
1685541600,157.86,158.07,157.86,157.98,1434,13,0
1685545200,157.98,158.05,157.29,157.36,1585,13,0
1685548800,157.36,157.51,156.75,156.80,2636,13,0
1685552400,156.80,156.81,155.70,156.53,4459,13,0
1685556000,156.53,156.55,156.11,156.13,1504,13,0
1685613600,156.92,158.17,156.79,156.90,4026,13,0
1685617200,156.90,158.07,156.62,157.98,3038,13,0
1685620800,157.98,158.02,157.46,157.78,2226,13,0
1685624400,157.78,158.06,157.63,157.69,1805,13,0
1685628000,157.69,157.73,156.88,156.99,2068,13,0
1685631600,156.99,156.99,156.11,156.36,3167,13,0
1685635200,156.36,156.91,156.19,156.70,4116,13,0
1685638800,156.70,158.45,156.70,158.28,3927,13,0
1685642400,158.28,158.29,157.95,158.26,1529,13,0
1685700000,157.98,158.94,157.52,158.13,3511,13,0
1685703600,158.13,158.71,158.11,158.69,2267,13,0
1685707200,158.69,159.16,158.61,158.73,3114,13,0
1685710800,158.73,159.17,158.55,159.11,1769,13,0
1685714400,159.11,159.11,158.57,158.73,1387,13,0
1685718000,158.72,159.36,158.47,159.22,3652,13,0
1685721600,159.22,159.75,159.20,159.49,3094,13,0
1685725200,159.49,159.81,159.29,159.43,2054,13,0
1685728800,159.43,159.76,159.43,159.75,1322,13,0
1685959200,159.45,160.08,159.10,159.64,3873,13,0
1685962800,159.65,160.03,159.63,159.74,1485,13,0
1685966400,159.74,159.77,159.26,159.26,1250,13,0
1685970000,159.26,159.35,159.11,159.32,1317,13,0
1685973600,159.32,159.59,159.15,159.58,1151,13,0
1685977200,159.58,159.93,159.51,159.73,890,13,0
1685980800,159.73,159.75,158.70,158.70,1602,13,0
1685984400,158.70,158.99,158.03,158.03,3102,13,0
1685988000,158.03,158.13,157.75,157.86,1236,13,0
1686045600,158.24,158.87,158.10,158.38,3145,13,0
1686049200,158.38,158.55,158.04,158.13,1680,13,0
1686052800,158.13,158.19,157.61,158.04,1741,13,0
1686056400,158.04,158.22,157.95,158.11,897,13,0
1686060000,158.11,158.19,157.82,157.84,1176,13,0
1686063600,157.84,158.13,157.83,157.99,1266,13,0
1686067200,157.99,158.10,157.69,157.91,1930,13,0
1686070800,157.90,158.03,157.75,157.92,1540,13,0
1686074400,157.91,157.95,157.62,157.76,1010,13,0
1686132000,157.63,157.63,156.89,156.98,3162,13,0
1686135600,156.98,157.00,156.30,156.46,1737,13,0
1686139200,156.46,156.86,156.40,156.58,1766,13,0
1686142800,156.58,157.04,156.46,156.84,1545,13,0
1686146400,156.85,157.42,156.82,157.34,1083,13,0
1686150000,157.34,157.41,156.97,157.03,1180,13,0
1686153600,157.01,157.36,156.87,157.21,1734,13,0
1686157200,157.21,157.39,156.47,156.83,2775,13,0
1686160800,156.83,156.99,156.79,156.94,765,13,0
1686218400,156.67,157.14,156.10,156.74,3068,13,0
1686222000,156.74,157.18,156.65,156.92,1737,13,0
1686225600,156.92,156.98,156.60,156.64,1748,13,0
1686229200,156.64,157.42,156.61,157.19,1927,13,0
1686232800,157.19,157.37,156.92,157.08,1065,13,0
1686236400,157.08,157.30,156.74,156.92,1602,13,0
1686240000,156.92,156.96,156.35,156.51,2520,13,0
1686243600,156.52,156.83,156.39,156.81,2247,13,0
1686247200,156.81,156.88,156.59,156.84,931,13,0
1686304800,156.63,156.97,156.10,156.78,3189,13,0
1686308400,156.74,157.65,156.49,157.52,2043,13,0
1686312000,157.52,157.66,156.72,156.87,1712,13,0
1686315600,156.87,156.94,156.52,156.88,1468,13,0
1686319200,156.85,157.08,156.72,156.90,1099,13,0
1686322800,156.90,157.37,156.81,157.37,1235,13,0
1686326400,157.37,157.67,157.06,157.67,1656,13,0
1686330000,157.67,157.69,156.80,156.96,2110,13,0
1686333600,156.96,156.97,156.38,156.50,1175,13,0
1686564000,157.28,157.98,156.59,156.80,4401,13,0
1686567600,156.80,157.50,156.77,157.40,3369,13,0
1686571200,157.40,157.95,157.36,157.54,2595,13,0
1686574800,157.54,157.56,157.05,157.45,2300,13,0
1686578400,157.45,157.75,157.37,157.65,1413,13,0
1686582000,157.65,158.07,157.51,157.60,1794,13,0
1686585600,157.60,157.73,157.02,157.59,3064,13,0
1686589200,157.59,157.71,157.31,157.71,2061,13,0
1686592800,157.71,157.83,157.49,157.59,1029,13,0
1686650400,158.33,158.91,158.31,158.71,2870,13,0
1686654000,158.71,158.71,158.11,158.24,1999,13,0
1686657600,158.24,158.43,157.94,158.00,1639,13,0
1686661200,158.00,158.07,157.68,157.86,1635,13,0
1686664800,157.86,157.86,157.37,157.44,1538,13,0
1686668400,157.43,158.14,157.25,157.90,3339,13,0
1686672000,157.90,158.43,157.49,158.39,3340,13,0
1686675600,158.39,159.35,158.32,159.29,3171,13,0
1686679200,159.29,159.37,158.88,159.10,1294,13,0
1686736800,158.53,159.32,158.40,159.26,3114,13,0
1686740400,159.26,160.13,158.99,160.10,2569,13,0
1686744000,160.10,160.20,159.39,159.41,2439,13,0
1686747600,159.41,159.88,159.27,159.84,2326,13,0
1686751200,159.84,160.05,159.62,159.79,2191,13,0
1686754800,159.79,159.95,159.46,159.72,1784,13,0
1686758400,159.72,159.82,159.45,159.51,2481,13,0
1686762000,159.51,159.76,159.33,159.73,2040,13,0
1686765600,159.73,159.81,159.54,159.70,1065,13,0
1686823200,159.25,159.78,159.13,159.72,2198,13,0
1686826800,159.72,159.75,159.09,159.23,2150,13,0
1686830400,159.23,159.33,158.89,159.00,1530,13,0
1686834000,159.00,159.21,158.96,159.09,1182,13,0
1686837600,159.09,159.40,159.09,159.30,1056,13,0
1686841200,159.30,159.70,159.06,159.52,1902,13,0
1686844800,159.52,159.81,159.30,159.69,2003,13,0
1686848400,159.70,160.17,159.48,160.04,1910,13,0
1686852000,160.04,160.40,159.97,160.39,920,13,0
1686909600,160.59,161.78,160.36,161.56,4496,13,0
1686913200,161.56,161.78,161.37,161.67,2727,13,0
1686916800,161.67,162.13,161.47,161.58,3897,13,0
1686920400,161.58,161.71,161.32,161.70,2102,13,0
1686924000,161.65,162.58,161.62,162.40,2158,13,0
1686927600,162.40,163.15,162.27,162.97,1719,13,0
1686931200,162.97,163.23,162.68,163.08,3548,13,0
1686934800,163.09,163.93,162.87,163.91,2687,13,0
1686938400,163.91,164.01,163.63,163.78,1589,13,0
1687168800,163.91,164.06,161.95,162.36,4695,13,0
1687172400,162.35,163.03,162.22,163.03,2534,13,0
1687176000,163.02,163.26,162.57,162.88,2098,13,0
1687179600,162.88,162.89,162.23,162.24,1720,13,0
1687183200,162.24,162.67,162.11,162.13,1558,13,0
1687186800,162.12,162.21,161.66,161.94,1719,13,0
1687190400,161.94,162.13,161.63,161.77,1579,13,0
1687194000,161.77,162.01,161.10,161.17,1769,13,0
1687197600,161.17,161.42,160.97,161.30,942,13,0
1687255200,160.59,160.85,159.87,160.78,4753,13,0
1687258800,160.78,161.01,160.31,160.32,2992,13,0
1687262400,160.33,160.74,160.10,160.54,3125,13,0
1687266000,160.54,160.90,160.47,160.82,1991,13,0
1687269600,160.82,161.16,160.81,161.04,1695,13,0
1687273200,161.05,162.36,161.01,162.07,3677,13,0
1687276800,162.07,162.42,161.89,161.89,2584,13,0
1687280400,161.89,162.06,161.54,161.69,2333,13,0
1687284000,161.69,161.77,161.27,161.28,1024,13,0
1687341600,161.24,161.42,160.68,161.26,3185,13,0
1687345200,161.26,161.45,161.08,161.15,2089,13,0
1687348800,161.16,161.42,160.87,161.32,1773,13,0
1687352400,161.32,161.53,161.13,161.19,1242,13,0
1687356000,161.19,161.39,160.98,161.31,1287,13,0
1687359600,161.31,161.31,160.57,160.58,1545,13,0
1687363200,160.58,160.73,160.09,160.20,2090,13,0
1687366800,160.20,161.05,160.16,161.05,2182,13,0
1687370400,161.05,161.09,160.48,160.92,1026,13,0
1687428000,160.59,160.59,158.10,158.17,6575,13,0
1687431600,158.17,158.62,158.07,158.22,4589,13,0
1687435200,158.22,158.36,158.02,158.13,2918,13,0
1687438800,158.13,158.24,157.65,158.06,2681,13,0
1687442400,158.06,158.95,157.96,158.87,2599,13,0
1687446000,158.87,159.30,158.85,158.89,2084,13,0
1687449600,158.89,159.59,158.87,159.33,3018,13,0
1687453200,159.33,159.89,159.29,159.89,2542,13,0
1687456800,159.89,160.01,159.77,159.85,1260,13,0
1687514400,159.65,159.66,158.37,158.76,4429,13,0
1687518000,158.78,159.45,158.78,159.45,2138,13,0
1687521600,159.45,159.45,158.71,159.06,2320,13,0
1687525200,159.06,159.18,158.68,158.70,1271,13,0
1687528800,158.70,158.75,158.05,158.12,1436,13,0
1687532400,158.13,158.15,156.95,156.97,2244,13,0
1687536000,156.97,157.86,156.91,157.86,3663,13,0
1687539600,157.86,158.91,157.82,158.67,2771,13,0
1687543200,158.67,158.72,158.17,158.22,1237,13,0
1687773600,158.61,159.24,158.08,158.96,3414,13,0
1687777200,158.96,159.33,158.39,158.62,3380,13,0
1687780800,158.62,159.73,158.62,159.70,2816,13,0
1687784400,159.70,159.71,159.02,159.02,1870,13,0
1687788000,159.02,159.37,158.96,159.10,1588,13,0
1687791600,159.10,159.26,158.95,159.05,2390,13,0
1687795200,159.05,160.16,159.02,159.97,2950,13,0
1687798800,159.97,160.29,159.89,160.28,2386,13,0
1687802400,160.29,160.31,159.56,159.58,1452,13,0
1687860000,160.29,160.51,159.70,159.92,2728,13,0
1687863600,159.92,159.98,159.49,159.59,2140,13,0
1687867200,159.59,159.74,159.42,159.43,1240,13,0
1687870800,159.43,159.78,159.43,159.59,1034,13,0
1687874400,159.59,159.68,159.37,159.49,1238,13,0
1687878000,159.49,159.49,158.93,159.01,2202,13,0
1687881600,159.02,159.76,158.97,159.58,1889,13,0
1687885200,159.58,160.57,159.55,160.45,2328,13,0
1687888800,160.45,160.79,160.41,160.74,1160,13,0
1687946400,161.32,161.83,161.12,161.30,4336,13,0
1687950000,161.30,161.93,161.21,161.86,3404,13,0
1687953600,161.86,162.17,161.64,162.10,2844,13,0
1687957200,162.10,162.32,161.82,162.00,1608,13,0
1687960800,162.00,162.46,161.76,161.97,1911,13,0
1687964400,161.97,162.19,161.70,162.04,1961,13,0
1687968000,162.04,162.41,161.99,162.25,3425,13,0
1687971600,162.25,162.51,162.17,162.36,1744,13,0
1687975200,162.36,162.57,162.36,162.53,1051,13,0
1688032800,162.47,162.85,161.73,161.95,3643,13,0
1688036400,161.96,162.75,161.86,162.55,2892,13,0
1688040000,162.55,163.15,162.47,163.11,1913,13,0
1688043600,163.11,163.43,163.05,163.35,1453,13,0
1688047200,163.32,163.37,162.83,162.84,1407,13,0
1688050800,162.84,163.21,162.67,163.18,2040,13,0
1688054400,163.18,163.18,162.55,162.97,2630,13,0
1688058000,162.97,163.17,162.71,163.00,2106,13,0
1688061600,163.00,163.17,162.97,163.02,912,13,0
1688119200,163.61,164.36,163.26,164.14,3956,13,0
1688122800,164.14,164.53,164.08,164.44,2405,13,0
1688126400,164.44,164.93,164.36,164.87,2150,13,0
1688130000,164.87,165.17,163.90,164.17,2787,13,0
1688133600,164.17,164.96,164.17,164.96,2403,13,0
1688137200,164.96,164.96,164.30,164.66,2089,13,0
1688140800,164.65,165.33,164.61,164.99,2537,13,0
1688144400,164.98,165.09,164.34,164.75,2599,13,0
1688148000,164.75,164.90,164.42,164.44,1461,13,0
1688378400,164.04,164.18,163.08,164.05,3706,13,0
1688382000,164.05,164.45,163.69,164.11,2390,13,0
1688385600,164.12,164.64,164.06,164.59,2080,13,0
1688389200,164.59,164.59,164.15,164.18,1773,13,0
1688392800,164.18,164.53,164.06,164.34,1363,13,0
1688396400,164.34,164.49,164.21,164.38,1582,13,0
1688400000,164.38,164.62,163.96,164.53,2462,13,0
1688403600,164.53,164.71,164.28,164.56,2083,13,0
1688407200,164.56,164.61,164.25,164.34,913,13,0
1688464800,163.74,163.78,163.24,163.62,4237,13,0
1688468400,163.63,164.00,163.23,163.29,2922,13,0
1688472000,163.29,163.43,163.06,163.39,1958,13,0
1688475600,163.39,163.42,163.20,163.40,820,13,0
1688479200,163.40,163.47,163.30,163.33,775,13,0
1688482800,163.33,163.45,163.29,163.43,983,13,0
1688486400,163.43,163.45,162.96,163.11,2199,13,0
1688490000,163.11,163.33,162.88,163.13,2112,13,0
1688493600,163.13,163.23,163.09,163.14,637,13,0
1688551200,162.52,162.69,161.17,161.36,5802,13,0
1688554800,161.36,161.62,160.33,160.59,4787,13,0
1688558400,160.59,160.96,160.29,160.35,3408,13,0
1688562000,160.35,160.65,159.77,159.92,2945,13,0
1688565600,159.92,160.25,159.55,159.77,2950,13,0
1688569200,159.77,160.22,159.70,160.06,2547,13,0
1688572800,160.06,160.35,159.89,160.10,3409,13,0
1688576400,160.10,160.22,159.85,160.07,2557,13,0
1688580000,160.07,160.20,159.90,159.94,957,13,0
1688637600,157.84,158.21,156.45,156.84,7527,13,0
1688641200,156.84,156.95,156.25,156.79,4309,13,0
1688644800,156.79,157.07,156.37,156.72,3417,13,0
1688648400,156.72,156.99,156.21,156.22,3234,13,0
1688652000,156.21,156.61,156.17,156.29,2958,13,0
1688655600,156.29,156.35,155.79,156.04,3835,13,0
1688659200,156.04,156.51,155.95,156.17,4975,13,0
1688662800,156.17,156.28,154.37,154.47,5291,13,0
1688666400,154.47,154.86,154.38,154.76,2727,13,0
1688724000,155.07,155.14,153.64,153.92,6011,13,0
1688727600,153.92,154.47,153.66,154.47,3147,13,0
1688731200,154.47,154.77,154.07,154.44,4502,13,0
1688734800,154.44,154.97,154.31,154.85,2502,13,0
1688738400,154.85,155.29,154.85,155.08,1837,13,0
1688742000,155.08,155.88,154.88,155.05,3637,13,0
1688745600,155.06,155.12,154.39,154.40,4404,13,0
1688749200,154.40,154.43,153.95,154.02,3508,13,0
1688752800,154.02,154.28,153.79,154.26,1465,13,0
1688983200,154.53,155.16,154.10,154.99,3491,13,0
1688986800,154.99,155.73,154.95,155.54,2473,13,0
1688990400,155.54,156.06,155.53,155.79,1849,13,0
1688994000,155.79,156.36,155.73,156.34,1415,13,0
1688997600,156.34,156.85,156.29,156.83,1802,13,0
1689001200,156.83,157.11,156.56,156.60,2037,13,0
1689004800,156.60,156.79,156.39,156.74,2102,13,0
1689008400,156.74,156.76,156.01,156.38,2414,13,0
1689012000,156.38,156.44,155.80,155.90,1245,13,0
1689069600,155.94,157.03,155.77,156.87,4182,13,0
1689073200,156.87,156.87,155.99,156.08,2746,13,0
1689076800,156.08,156.65,155.95,156.43,2266,13,0
1689080400,156.43,156.72,156.24,156.39,2466,13,0
1689084000,156.39,156.72,156.35,156.61,1435,13,0
1689087600,156.61,157.12,156.49,157.07,2031,13,0
1689091200,157.07,157.15,156.81,157.07,2791,13,0
1689094800,157.07,157.12,156.01,156.07,2661,13,0
1689098400,156.07,156.19,155.97,156.02,951,13,0
1689156000,156.42,156.95,156.40,156.60,4040,13,0
1689159600,156.60,157.18,156.57,156.96,3520,13,0
1689163200,156.96,157.15,156.70,156.89,2625,13,0
1689166800,156.89,156.98,156.69,156.79,1350,13,0
1689170400,156.79,157.11,156.65,156.95,1329,13,0
1689174000,156.95,157.41,156.55,156.98,3940,13,0
1689177600,156.98,158.27,156.91,158.22,3676,13,0
1689181200,158.23,158.89,158.01,158.82,4612,13,0
1689184800,158.82,158.94,158.59,158.79,1175,13,0
1689242400,159.00,159.30,158.60,159.03,3107,13,0
1689246000,159.03,160.06,158.93,159.97,2658,13,0
1689249600,159.97,160.87,159.95,160.45,3518,13,0
1689253200,160.45,160.55,159.96,159.97,1767,13,0
1689256800,159.97,160.01,159.51,159.63,1399,13,0
1689260400,159.63,159.68,159.09,159.33,2539,13,0
1689264000,159.33,160.16,159.10,160.14,2651,13,0
1689267600,160.15,160.53,160.06,160.07,2096,13,0
1689271200,160.07,160.24,160.07,160.15,784,13,0
1689328800,159.56,160.97,159.53,160.69,3218,13,0
1689332400,160.69,161.05,160.64,160.70,2079,13,0
1689336000,160.70,160.89,160.52,160.60,2299,13,0
1689339600,160.60,160.97,160.60,160.78,1784,13,0
1689343200,160.78,160.83,160.48,160.83,1388,13,0
1689346800,160.83,161.05,160.48,161.01,1461,13,0
1689350400,161.01,161.17,160.65,160.96,1959,13,0
1689354000,160.96,161.11,160.78,160.94,2032,13,0
1689357600,160.93,161.04,160.83,160.88,768,13,0
1689588000,160.74,160.85,160.00,160.05,2863,13,0
1689591600,160.05,160.05,159.11,159.32,2381,13,0
1689595200,159.32,159.45,159.01,159.14,2516,13,0
1689598800,159.14,159.49,159.14,159.18,1846,13,0
1689602400,159.18,159.37,159.00,159.01,1803,13,0
1689606000,159.01,159.14,158.82,158.97,1546,13,0
1689609600,158.97,159.62,158.30,159.52,3266,13,0
1689613200,159.52,159.59,159.13,159.21,1831,13,0
1689616800,159.21,159.31,159.01,159.27,591,13,0
1689674400,160.08,160.08,158.27,158.72,3869,13,0
1689678000,158.73,159.28,158.62,158.73,3059,13,0
1689681600,158.71,159.29,158.60,159.01,2357,13,0
1689685200,159.01,159.07,158.68,158.83,1465,13,0
1689688800,158.83,158.97,158.65,158.79,1388,13,0
1689692400,158.79,159.33,158.75,159.19,2270,13,0
1689696000,159.19,159.54,158.94,159.53,2885,13,0
1689699600,159.53,159.53,159.21,159.46,1612,13,0
1689703200,159.46,159.73,159.43,159.67,670,13,0
1689760800,159.98,160.38,159.30,159.32,3602,13,0
1689764400,159.32,159.93,159.04,159.71,2804,13,0
1689768000,159.71,159.92,159.00,159.07,2581,13,0
1689771600,159.07,159.44,158.73,159.41,2170,13,0
1689775200,159.43,159.51,159.08,159.12,1776,13,0
1689778800,159.12,159.19,158.20,158.28,2465,13,0
1689782400,158.27,158.76,158.01,158.40,4825,13,0
1689786000,158.40,158.92,158.25,158.65,3630,13,0
1689789600,158.65,158.70,158.27,158.34,1371,13,0
1689847200,158.29,159.26,157.06,159.16,3756,13,0
1689850800,159.16,159.32,158.73,158.75,3567,13,0
1689854400,158.75,159.09,158.46,159.06,2904,13,0
1689858000,159.06,159.55,158.94,159.39,2399,13,0
1689861600,159.39,159.69,159.25,159.55,2449,13,0
1689865200,159.55,159.83,159.33,159.39,2345,13,0
1689868800,159.39,160.27,159.28,160.19,3301,13,0
1689872400,160.19,160.43,160.06,160.39,3021,13,0
1689876000,160.39,160.55,160.18,160.44,1584,13,0
1689933600,159.81,160.86,159.76,160.74,4632,13,0
1689937200,160.74,161.05,160.68,161.01,3386,13,0
1689940800,161.01,161.17,160.02,160.15,3307,13,0
1689944400,160.15,160.61,160.11,160.30,2532,13,0
1689948000,160.30,160.36,160.14,160.17,1630,13,0
1689951600,160.17,160.83,160.17,160.77,2481,13,0
1689955200,160.77,161.23,160.41,160.68,4059,13,0
1689958800,160.68,161.30,160.61,161.05,2860,13,0
1689962400,161.05,161.08,160.69,160.84,1071,13,0
1690192800,160.52,161.22,160.38,160.82,5009,13,0
1690196400,160.82,161.03,160.52,160.66,2710,13,0
1690200000,160.66,161.16,160.65,160.75,2597,13,0
1690203600,160.75,160.79,160.09,160.14,2073,13,0
1690207200,160.14,160.19,159.88,159.91,1776,13,0
1690210800,159.91,160.23,159.66,160.22,2199,13,0
1690214400,160.22,160.83,159.96,160.73,4126,13,0
1690218000,160.73,161.05,160.44,161.03,3641,13,0
1690221600,161.03,161.13,160.92,161.06,1543,13,0
1690279200,160.41,160.68,159.43,159.60,3535,13,0
1690282800,159.60,160.16,159.60,159.86,2479,13,0
1690286400,159.86,160.16,159.77,159.94,2048,13,0
1690290000,159.94,160.03,159.42,159.63,1937,13,0
1690293600,159.63,159.70,159.47,159.50,1577,13,0
1690297200,159.50,159.60,159.01,159.01,1884,13,0
1690300800,159.01,160.06,158.32,159.99,3851,13,0
1690304400,159.99,160.53,159.87,159.99,2367,13,0
1690308000,159.99,160.01,159.63,159.97,1265,13,0
1690365600,159.40,159.75,157.71,158.72,6316,13,0
1690369200,158.72,158.92,158.05,158.32,4282,13,0
1690372800,158.32,158.52,156.94,157.32,4821,13,0
1690376400,157.32,157.44,156.95,157.19,3789,13,0
1690380000,157.20,157.49,157.05,157.06,2751,13,0
1690383600,157.06,157.38,156.67,156.74,2706,13,0
1690387200,156.74,157.31,156.53,157.24,4863,13,0
1690390800,157.22,157.63,156.99,157.31,3508,13,0
1690394400,157.31,157.95,157.23,157.80,1455,13,0
1690452000,159.50,160.26,158.47,159.86,5929,13,0
1690455600,159.86,160.99,159.86,160.88,3669,13,0
1690459200,160.88,160.88,159.79,159.84,3526,13,0
1690462800,159.85,160.24,159.82,160.21,2936,13,0
1690466400,160.21,161.29,159.91,161.28,3080,13,0
1690470000,161.27,161.64,160.95,161.18,4593,13,0
1690473600,161.18,161.53,160.69,161.51,5373,13,0
1690477200,161.51,162.25,161.37,162.22,4185,13,0
1690480800,162.22,162.33,161.67,161.88,2607,13,0
1690538400,162.18,163.22,161.92,162.61,7246,13,0
1690542000,162.61,162.64,161.40,161.75,6758,13,0
1690545600,161.75,162.59,161.51,162.26,6304,13,0
1690549200,162.26,162.76,162.20,162.69,3600,13,0
1690552800,162.69,163.21,162.65,163.21,2630,13,0
1690556400,163.21,163.68,163.00,163.22,4671,13,0
1690560000,163.22,163.50,162.92,163.36,5517,13,0
1690563600,163.36,163.81,163.24,163.70,5486,13,0
1690567200,163.71,163.99,163.59,163.74,2183,13,0
1690797600,163.52,163.59,162.54,163.10,3819,13,0
1690801200,163.10,163.48,163.04,163.40,2711,13,0
1690804800,163.40,163.69,163.00,163.08,2891,13,0
1690808400,163.07,163.51,162.87,163.49,2562,13,0
1690812000,163.48,163.78,163.30,163.61,2603,13,0
1690815600,163.61,163.89,163.43,163.59,2563,13,0
1690819200,163.59,163.65,162.95,163.57,3434,13,0
1690822800,163.57,163.63,162.99,163.17,2953,13,0
1690826400,163.17,163.45,163.15,163.20,655,13,0
1690884000,162.70,163.43,162.28,162.60,4981,13,0
1690887600,162.60,162.80,161.86,162.57,3880,13,0
1690891200,162.57,162.62,161.84,162.03,3486,13,0
1690894800,162.03,162.19,161.88,162.12,2490,13,0
1690898400,162.13,162.17,161.53,161.55,2401,13,0
1690902000,161.55,161.90,161.34,161.71,2549,13,0
1690905600,161.71,162.43,161.55,162.40,3249,13,0
1690909200,162.40,162.50,161.95,162.01,3886,13,0
1690912800,162.01,162.07,161.69,161.83,1617,13,0
1690970400,160.74,160.76,159.59,159.59,5283,13,0
1690974000,159.59,159.76,158.87,159.42,4899,13,0
1690977600,159.42,160.29,159.18,159.59,3931,13,0
1690981200,159.59,160.38,159.55,160.37,2819,13,0
1690984800,160.35,160.86,160.15,160.70,2935,13,0
1690988400,160.70,161.01,160.21,160.23,3520,13,0
1690992000,160.23,160.95,160.05,160.73,4168,13,0
1690995600,160.73,160.75,159.19,159.27,5060,13,0
1690999200,159.27,159.72,159.21,159.42,1671,13,0
1691056800,158.88,159.24,157.29,157.62,8145,13,0
1691060400,157.62,158.34,156.92,156.96,8318,13,0
1691064000,156.96,157.84,156.91,157.82,5393,13,0
1691067600,157.82,158.24,157.71,158.10,3704,13,0
1691071200,158.11,158.40,157.88,157.92,4240,13,0
1691074800,157.92,158.37,157.85,158.27,4262,13,0
1691078400,158.27,158.38,157.55,158.06,5985,13,0
1691082000,158.06,158.20,156.98,157.01,6555,13,0
1691085600,157.01,157.75,156.97,157.64,2469,13,0
1691143200,158.66,158.68,157.27,158.02,4810,13,0
1691146800,158.02,158.54,157.58,157.78,3257,13,0
1691150400,157.78,158.15,157.56,158.01,2980,13,0
1691154000,158.01,158.15,157.21,157.23,2782,13,0
1691157600,157.23,157.25,156.51,156.75,2834,13,0
1691161200,156.75,157.40,156.39,156.83,5075,13,0
1691164800,156.83,158.18,156.75,158.02,5121,13,0
1691168400,158.02,159.03,157.66,158.97,4518,13,0
1691172000,158.97,159.10,158.85,159.06,1251,13,0
1691402400,158.94,159.77,158.48,159.76,3849,13,0
1691406000,159.76,159.91,158.30,158.40,4171,13,0
1691409600,158.40,159.01,158.22,158.81,2755,13,0
1691413200,158.81,158.94,158.27,158.59,2497,13,0
1691416800,158.59,159.38,158.59,159.18,2053,13,0
1691420400,159.18,159.42,158.90,159.31,2322,13,0
1691424000,159.31,159.33,158.71,158.73,3078,13,0
1691427600,158.73,159.53,158.45,159.33,3417,13,0
1691431200,159.33,159.57,159.27,159.56,1354,13,0
1691488800,159.04,160.24,158.82,160.22,4511,13,0
1691492400,160.22,160.28,159.46,159.72,3829,13,0
1691496000,159.72,159.80,158.68,159.06,5389,13,0
1691499600,159.06,159.29,158.62,158.76,5615,13,0
1691503200,158.76,158.90,158.15,158.81,3810,13,0
1691506800,158.81,159.01,158.15,158.79,3414,13,0
1691510400,158.79,159.23,158.52,158.84,3989,13,0
1691514000,158.84,159.33,158.65,159.20,3800,13,0
1691517600,159.20,159.23,158.93,159.20,1406,13,0
1691575200,160.73,161.48,160.55,161.39,5822,13,0
1691578800,161.39,161.61,161.13,161.55,3760,13,0
1691582400,161.55,161.57,161.04,161.27,2757,13,0
1691586000,161.27,161.33,160.92,160.97,2281,13,0
1691589600,160.97,161.00,160.57,160.77,2564,13,0
1691593200,160.77,160.93,160.05,160.07,2678,13,0
1691596800,160.07,160.37,159.81,160.35,4090,13,0
1691600400,160.35,160.69,160.23,160.49,3254,13,0
1691604000,160.49,160.72,160.25,160.37,1676,13,0
1691661600,161.62,163.28,161.54,162.88,5298,13,0
1691665200,162.88,163.00,162.66,162.70,3577,13,0
1691668800,162.70,162.97,162.25,162.43,3129,13,0
1691672400,162.43,162.53,162.14,162.49,1933,13,0
1691676000,162.49,162.80,162.32,162.35,2005,13,0
1691679600,162.35,163.04,162.26,162.75,5622,13,0
1691683200,162.75,163.43,162.61,163.30,6077,13,0
1691686800,163.30,163.91,162.89,162.98,5835,13,0
1691690400,162.98,163.11,162.82,163.01,2669,13,0
1691748000,161.90,162.82,161.90,162.20,3595,13,0
1691751600,162.20,162.37,161.71,162.14,4578,13,0
1691755200,162.14,162.77,162.14,162.32,2990,13,0
1691758800,162.27,162.89,162.24,162.73,2365,13,0
1691762400,162.73,162.86,162.48,162.53,2016,13,0
1691766000,162.53,162.63,161.45,161.54,4165,13,0
1691769600,161.53,162.23,161.42,161.70,5298,13,0
1691773200,161.70,162.10,161.52,161.69,4990,13,0
1691776800,161.69,161.93,161.63,161.75,1185,13,0
1692007200,161.68,162.92,161.49,162.86,7577,13,0
1692010800,162.86,163.01,162.06,162.46,5919,13,0
1692014400,162.46,162.76,162.03,162.11,4493,13,0
1692018000,162.11,162.53,162.08,162.17,2981,13,0
1692021600,162.17,162.29,161.88,162.07,2349,13,0
1692025200,162.07,162.18,161.55,161.99,4869,13,0
1692028800,161.99,162.07,161.37,161.75,5532,13,0
1692032400,161.75,162.48,161.64,162.34,4548,13,0
1692036000,162.34,162.47,162.21,162.44,1481,13,0
1692093600,162.82,162.84,161.39,161.69,4935,13,0
1692097200,161.69,161.80,161.13,161.61,4499,13,0
1692100800,161.61,161.67,161.09,161.27,3271,13,0
1692104400,161.27,161.30,160.15,160.45,4451,13,0
1692108000,160.44,160.92,160.08,160.65,3988,13,0
1692111600,160.65,161.34,160.65,161.08,4405,13,0
1692115200,161.08,161.83,161.06,161.35,4870,13,0
1692118800,161.35,161.40,160.45,160.68,3738,13,0
1692122400,160.68,161.23,160.68,161.22,1305,13,0
1692180000,161.23,162.36,161.02,162.06,5338,13,0
1692183600,162.06,162.53,162.06,162.36,4536,13,0
1692187200,162.36,162.45,161.65,162.08,3419,13,0
1692190800,162.08,162.19,161.48,161.49,4048,13,0
1692194400,161.49,162.03,161.41,161.83,3336,13,0
1692198000,161.83,162.06,161.42,161.52,3497,13,0
1692201600,161.52,162.03,161.24,161.48,5212,13,0
1692205200,161.48,161.75,161.21,161.54,4120,13,0
1692208800,161.54,161.65,161.16,161.27,1264,13,0
1692266400,160.71,161.50,160.62,161.36,5766,13,0
1692270000,161.36,162.42,161.22,162.13,4310,13,0
1692273600,162.13,162.28,161.69,162.04,3481,13,0
1692277200,162.04,162.32,162.00,162.25,2047,13,0
1692280800,162.25,162.43,162.15,162.26,1932,13,0
1692284400,162.25,162.35,161.70,161.90,3054,13,0
1692288000,161.90,161.96,160.92,161.05,4546,13,0
1692291600,161.05,161.47,160.80,161.19,5336,13,0
1692295200,161.19,161.21,160.61,160.70,1517,13,0
1692352800,160.54,160.68,158.71,159.10,6430,13,0
1692356400,159.10,159.97,159.08,159.95,5396,13,0
1692360000,159.95,160.37,159.34,160.06,4954,13,0
1692363600,160.07,160.38,159.77,159.90,3827,13,0
1692367200,159.90,159.91,159.43,159.68,3061,13,0
1692370800,159.68,159.74,158.98,159.51,3034,13,0
1692374400,159.51,159.94,159.21,159.21,6002,13,0
1692378000,159.21,160.53,159.17,160.52,4588,13,0
1692381600,160.52,160.88,160.49,160.70,2132,13,0
1692612000,160.78,161.78,160.57,161.73,3966,13,0
1692615600,161.73,161.85,161.50,161.80,2953,13,0
1692619200,161.80,162.09,161.60,161.98,1968,13,0
1692622800,161.97,162.06,161.46,161.54,2278,13,0
1692626400,161.54,161.65,161.37,161.37,1739,13,0
1692630000,161.37,161.45,160.86,160.89,1761,13,0
1692633600,160.89,160.98,160.28,160.35,2513,13,0
1692637200,160.35,160.48,159.83,160.03,2740,13,0
1692640800,160.03,160.11,159.73,159.84,1252,13,0
1692698400,160.43,161.76,160.26,161.60,5954,13,0
1692702000,161.60,161.88,161.20,161.84,5385,13,0
1692705600,161.84,162.19,161.61,161.92,3508,13,0
1692709200,161.92,162.17,161.85,161.93,2287,13,0
1692712800,161.93,161.99,161.72,161.89,1508,13,0
1692716400,161.89,162.13,161.20,161.47,2996,13,0
1692720000,161.47,161.56,160.65,160.78,4518,13,0
1692723600,160.78,160.99,160.57,160.83,3583,13,0
1692727200,160.83,160.90,160.59,160.80,1026,13,0
1692784800,160.98,161.89,160.78,161.46,4551,13,0
1692788400,161.46,162.12,161.43,161.74,3398,13,0
1692792000,161.74,162.23,161.54,161.92,2699,13,0
1692795600,161.92,162.20,161.30,161.49,2496,13,0
1692799200,161.49,161.86,161.18,161.85,2791,13,0
1692802800,161.85,162.15,161.72,161.93,2285,13,0
1692806400,161.93,162.21,161.54,161.65,3213,13,0
1692810000,161.66,161.89,161.28,161.71,3292,13,0
1692813600,161.70,161.85,161.60,161.80,792,13,0
1692871200,163.67,165.36,163.62,164.64,7940,13,0
1692874800,164.64,164.92,164.46,164.72,3713,13,0
1692878400,164.72,164.80,163.27,163.57,3637,13,0
1692882000,163.57,164.00,163.51,163.80,2329,13,0
1692885600,163.80,164.02,163.41,163.41,2324,13,0
1692889200,163.42,163.45,162.71,163.03,3615,13,0
1692892800,163.03,163.37,162.73,163.03,4285,13,0
1692896400,163.03,163.10,162.20,162.74,3641,13,0
1692900000,162.76,162.76,162.49,162.68,1499,13,0
1692957600,162.10,162.98,162.02,162.90,3220,13,0
1692961200,162.90,163.52,162.87,163.42,3246,13,0
1692964800,163.43,163.59,163.12,163.29,2634,13,0
1692968400,163.29,163.88,163.29,163.73,2491,13,0
1692972000,163.73,163.97,163.56,163.76,1914,13,0
1692975600,163.76,164.10,163.71,163.93,1966,13,0
1692979200,163.93,164.05,163.29,163.43,2938,13,0
1692982800,163.44,163.66,162.35,162.40,5770,13,0
1692986400,162.40,162.78,162.35,162.68,2170,13,0
1693216800,164.28,164.39,163.53,163.95,1850,21,0
1693220400,163.95,164.37,163.73,163.83,1207,21,0
1693224000,163.83,164.01,163.47,163.49,1178,21,0
1693227600,163.53,163.87,163.41,163.75,686,21,0
1693231200,163.75,164.25,163.69,164.17,730,21,0
1693234800,164.17,164.49,164.11,164.33,820,21,0
1693238400,164.33,165.37,164.31,165.11,1402,21,0
1693242000,165.11,165.45,164.87,165.15,1734,21,0
1693245600,165.15,165.41,165.13,165.29,697,21,0
1693303200,165.11,166.01,164.93,165.01,2717,21,0
1693306800,165.01,165.61,164.93,164.95,2513,21,0
1693310400,164.95,165.47,164.81,165.37,1810,21,0
1693314000,165.37,165.41,164.91,165.03,1529,21,0
1693317600,165.01,165.13,164.91,164.95,1253,21,0
1693321200,164.95,165.05,164.57,165.03,1747,21,0
1693324800,165.03,165.57,164.83,165.37,2447,21,0
1693328400,165.37,165.81,165.13,165.19,3244,21,0
1693332000,165.19,165.53,165.11,165.45,899,21,0
1693389600,165.75,166.79,165.57,166.71,2531,21,0
1693393200,166.71,167.05,165.71,165.75,2634,21,0
1693396800,165.75,165.89,165.27,165.53,1575,21,0
1693400400,165.53,165.93,165.51,165.67,1302,21,0
1693404000,165.67,166.41,165.57,166.25,1122,21,0
1693407600,166.25,166.69,166.21,166.39,1599,21,0
1693411200,166.39,166.85,166.05,166.75,1804,21,0
1693414800,166.75,166.77,165.89,166.19,1861,21,0
1693418400,166.19,166.33,166.01,166.19,552,21,0
1693476000,166.23,167.23,165.71,167.21,2660,21,0
1693479600,167.21,167.45,167.05,167.43,1780,21,0
1693483200,167.43,167.55,166.97,167.25,1899,21,0
1693486800,167.25,167.33,166.83,166.89,1332,21,0
1693490400,166.89,167.71,166.67,167.53,1505,21,0
1693494000,167.53,167.99,167.41,167.53,1644,21,0
1693497600,167.51,168.39,167.43,168.27,2621,21,0
1693501200,168.27,168.29,167.47,167.47,2210,21,0
1693504800,167.47,167.49,167.15,167.25,1141,21,0
1693562400,166.33,167.33,166.11,167.29,2882,21,0
1693566000,167.29,167.37,166.95,167.15,2008,21,0
1693569600,167.15,167.85,167.11,167.31,2226,21,0
1693573200,167.31,167.75,167.11,167.53,1390,21,0
1693576800,167.53,167.59,167.07,167.09,1577,21,0
1693580400,167.09,167.73,167.01,167.65,2623,21,0
1693584000,167.65,168.13,166.67,167.01,3217,21,0
1693587600,167.01,167.49,166.65,167.19,2556,21,0
1693591200,167.19,167.31,166.85,166.89,1040,21,0
1693821600,166.88,167.71,166.71,167.47,1753,21,0
1693825200,167.49,167.71,167.31,167.51,1473,21,0
1693828800,167.51,167.77,167.31,167.49,1241,21,0
1693832400,167.49,167.75,167.39,167.49,720,21,0
1693836000,167.49,167.65,167.31,167.43,675,21,0
1693839600,167.43,167.43,166.71,166.97,935,21,0
1693843200,166.97,167.01,166.61,166.77,935,21,0
1693846800,166.77,166.77,166.03,166.07,988,21,0
1693850400,166.07,166.19,165.93,165.97,493,21,0
1693908000,165.33,165.37,164.01,164.35,2512,21,0
1693911600,164.35,164.83,163.81,164.71,1780,21,0
1693915200,164.71,165.37,164.39,165.19,1518,21,0
1693918800,165.19,165.33,165.01,165.07,973,21,0
1693922400,165.07,165.09,164.77,164.97,832,21,0
1693926000,164.97,165.05,164.71,165.01,692,21,0
1693929600,165.01,165.01,164.03,164.15,1375,21,0
1693933200,164.15,164.27,163.49,163.69,1737,21,0
1693936800,163.69,163.83,163.31,163.39,816,21,0
1693994400,163.17,163.17,162.23,162.29,2655,21,0
1693998000,162.29,162.85,162.21,162.75,2576,21,0
1694001600,162.75,163.59,162.37,163.49,2222,21,0
1694005200,163.49,163.79,163.43,163.67,1064,21,0
1694008800,163.67,163.81,163.47,163.63,994,21,0
1694012400,163.63,164.39,163.47,164.29,1614,21,0
1694016000,164.29,165.03,164.17,164.89,1903,21,0
1694019600,164.89,165.37,164.55,164.63,3053,21,0
1694023200,164.63,164.71,164.39,164.55,998,21,0
1694080800,164.57,164.75,163.79,164.73,2707,21,0
1694084400,164.73,165.57,164.57,165.49,2074,21,0
1694088000,165.49,166.05,165.37,165.87,2260,21,0
1694091600,165.85,165.99,164.97,165.01,1727,21,0
1694095200,165.01,165.29,164.65,165.03,1421,21,0
1694098800,165.03,165.03,164.19,164.43,2040,21,0
1694102400,164.43,166.05,164.33,165.71,2588,21,0
1694106000,165.71,165.79,164.75,165.19,2538,21,0
1694109600,165.19,165.27,164.97,165.13,899,21,0
1694167200,166.23,166.37,165.55,166.05,1752,21,0
1694170800,166.05,166.31,164.33,164.39,3076,21,0
1694174400,164.39,164.47,163.55,163.55,3439,21,0
1694178000,163.55,164.95,163.33,164.81,2631,21,0
1694181600,164.81,164.91,164.13,164.67,1879,21,0
1694185200,164.67,165.39,164.65,165.37,1951,21,0
1694188800,165.37,165.67,165.11,165.41,2401,21,0
1694192400,165.41,165.55,165.11,165.23,2470,21,0
1694196000,165.23,165.55,165.23,165.47,680,21,0
1694426400,165.34,167.31,165.34,166.79,3126,21,0
1694430000,166.81,166.91,166.05,166.21,2765,21,0
1694433600,166.21,166.75,166.09,166.35,2090,21,0
1694437200,166.35,166.53,165.93,166.03,1556,21,0
1694440800,166.03,166.21,165.55,165.85,1841,21,0
1694444400,165.85,166.11,165.53,165.75,1643,21,0
1694448000,165.75,166.35,165.69,165.99,1693,21,0
1694451600,165.99,166.73,165.93,166.53,1595,21,0
1694455200,166.53,166.65,166.17,166.61,1088,21,0
1694512800,166.94,167.43,165.85,166.43,3598,21,0
1694516400,166.43,166.61,165.59,165.61,2116,21,0
1694520000,165.61,166.01,165.45,165.91,1956,21,0
1694523600,165.91,166.75,165.77,166.63,2199,21,0
1694527200,166.63,166.85,165.63,165.89,2496,21,0
1694530800,165.87,166.39,165.73,165.99,2072,21,0
1694534400,165.99,165.99,165.35,165.51,2460,21,0
1694538000,165.51,165.61,164.95,164.95,1926,21,0
1694541600,164.95,165.17,164.85,164.87,653,21,0
1694599200,163.71,164.37,163.45,163.71,3080,21,0
1694602800,163.71,163.81,162.85,162.87,2280,21,0
1694606400,162.87,163.01,162.29,162.39,2704,21,0
1694610000,162.39,162.63,161.75,162.57,2064,21,0
1694613600,162.57,163.31,162.31,163.23,1393,21,0
1694617200,163.23,163.99,162.93,163.75,5566,21,0
1694620800,163.75,164.83,163.47,164.39,4194,21,0
1694624400,164.39,164.53,163.53,164.13,2657,21,0
1694628000,164.13,164.55,164.05,164.53,958,21,0
1694685600,164.23,164.59,163.95,164.23,2171,21,0
1694689200,164.23,164.35,163.53,163.97,2703,21,0
1694692800,163.97,164.07,163.59,163.83,2016,21,0
1694696400,163.83,164.13,163.79,163.89,1709,21,0
1694700000,163.89,164.35,163.31,163.31,1566,21,0
1694703600,163.31,165.01,163.25,164.95,4602,21,0
1694707200,164.93,165.61,164.77,165.59,4714,21,0
1694710800,165.59,165.95,165.01,165.85,2680,21,0
1694714400,165.85,166.05,165.73,165.89,840,21,0
1694772000,165.48,168.07,165.48,167.97,3296,21,0
1694775600,167.97,168.37,167.63,167.75,1713,21,0
1694779200,167.75,168.17,167.59,167.91,1688,21,0
1694782800,167.91,168.33,167.79,168.13,1489,21,0
1694786400,168.13,168.29,167.59,167.91,1382,21,0
1694790000,167.91,168.15,167.17,167.27,1321,21,0
1694793600,167.27,167.93,167.21,167.77,2597,21,0
1694797200,167.77,168.21,167.53,167.57,2580,21,0
1694800800,167.57,167.89,167.51,167.85,731,21,0
1695031200,167.52,167.52,166.11,166.53,2199,21,0
1695034800,166.53,166.55,165.71,165.73,1538,21,0
1695038400,165.73,165.85,165.29,165.57,1377,21,0
1695042000,165.57,165.77,165.33,165.73,1412,21,0
1695045600,165.73,165.77,164.81,165.11,1633,21,0
1695049200,165.11,165.51,165.01,165.17,1775,21,0
1695052800,165.17,165.17,163.81,164.07,2861,21,0
1695056400,164.09,164.39,163.89,163.95,2487,21,0
1695060000,163.95,164.17,163.73,164.17,760,21,0
1695117600,163.83,164.59,163.83,164.55,2174,21,0
1695121200,164.55,164.89,164.33,164.39,1287,21,0
1695124800,164.39,164.87,164.31,164.81,1263,21,0
1695128400,164.81,165.05,164.63,164.77,949,21,0
1695132000,164.77,164.99,164.57,164.97,847,21,0
1695135600,164.97,164.97,164.47,164.57,1076,21,0
1695139200,164.57,165.19,164.33,164.79,1602,21,0
1695142800,164.79,164.81,164.37,164.47,1197,21,0
1695146400,164.47,164.57,164.11,164.47,635,21,0
1695204000,164.64,164.64,160.13,160.19,3782,21,0
1695207600,160.19,161.45,159.09,161.15,3483,21,0
1695211200,161.15,161.25,160.43,160.87,2055,21,0
1695214800,160.87,161.35,160.69,161.13,1641,21,0
1695218400,161.13,162.09,160.75,161.23,1869,21,0
1695222000,161.23,161.77,161.11,161.37,1539,21,0
1695225600,161.37,163.15,161.37,163.01,2623,21,0
1695229200,163.01,163.03,161.65,161.79,2021,21,0
1695232800,161.79,161.89,161.67,161.71,553,21,0
1695290400,160.81,161.09,160.25,160.81,2374,21,0
1695294000,160.81,160.99,160.27,160.59,1923,21,0
1695297600,160.59,160.83,159.95,160.05,1453,21,0
1695301200,160.05,160.19,159.59,159.99,1121,21,0
1695304800,159.99,160.25,159.55,160.13,1638,21,0
1695308400,160.13,160.35,159.77,160.33,1687,21,0
1695312000,160.35,160.63,160.09,160.21,2197,21,0
1695315600,160.21,160.93,160.13,160.53,1767,21,0
1695319200,160.53,160.59,160.29,160.39,515,21,0
1695376800,159.45,159.99,158.93,159.45,2984,21,0
1695380400,159.45,160.19,159.29,159.95,2609,21,0
1695384000,159.95,161.19,159.83,161.09,1656,21,0
1695387600,161.09,161.23,160.41,160.69,1393,21,0
1695391200,160.69,160.71,160.19,160.33,1322,21,0
1695394800,160.33,160.57,159.83,159.97,1503,21,0
1695398400,159.97,160.15,159.57,159.89,1945,21,0
1695402000,159.89,161.01,159.79,160.67,2052,21,0
1695405600,160.67,160.73,160.05,160.51,625,21,0
1695636000,160.25,160.81,159.63,160.61,1590,21,0
1695639600,160.61,160.85,159.27,159.45,2105,21,0
1695643200,159.45,159.71,159.27,159.57,2043,21,0
1695646800,159.57,159.63,159.11,159.55,1195,21,0
1695650400,159.55,159.75,159.01,159.05,1176,21,0
1695654000,159.05,159.45,158.71,159.35,1210,21,0
1695657600,159.35,159.79,158.71,159.39,2218,21,0
1695661200,159.39,159.59,158.67,159.57,2189,21,0
1695664800,159.57,160.05,159.43,159.95,891,21,0
1695722400,159.29,159.51,158.63,159.19,2562,21,0
1695726000,159.19,159.99,159.15,159.77,2139,21,0
1695729600,159.77,159.83,158.99,159.01,1789,21,0
1695733200,159.01,159.15,158.51,158.83,1981,21,0
1695736800,158.85,159.17,158.61,159.07,1229,21,0
1695740400,159.07,159.41,158.77,158.99,1005,21,0
1695744000,158.99,159.15,158.63,158.99,1934,21,0
1695747600,158.99,159.37,158.25,159.15,1940,21,0
1695751200,159.15,159.27,158.77,158.77,826,21,0
1695808800,159.21,159.71,158.35,159.71,2833,19,0
1695812400,159.71,159.87,159.13,159.27,1088,21,0
1695816000,159.27,159.41,158.75,159.19,1565,21,0
1695819600,159.19,159.19,158.35,158.63,1461,21,0
1695823200,158.63,159.07,158.59,158.95,1193,21,0
1695826800,158.95,158.99,158.57,158.91,1156,21,0
1695830400,158.91,159.39,158.51,158.99,1913,21,0
1695834000,158.99,159.09,158.03,158.03,2056,21,0
1695837600,158.03,158.37,158.01,158.19,715,21,0
1695895200,158.19,159.19,157.97,158.59,2280,21,0
1695898800,158.59,158.67,157.95,158.29,2066,21,0
1695902400,158.29,159.19,157.59,159.15,1941,21,0
1695906000,159.15,159.95,159.15,159.87,1768,21,0
1695909600,159.87,159.91,159.11,159.41,1706,21,0
1695913200,159.41,160.09,159.41,159.69,2885,21,0
1695916800,159.69,160.19,159.05,159.23,2710,21,0
1695920400,159.23,159.55,159.01,159.47,3350,21,0
1695924000,159.47,159.87,159.41,159.83,922,21,0
1695981600,159.98,160.83,159.71,159.99,2155,21,0
1695985200,159.99,160.67,159.81,160.21,1571,21,0
1695988800,160.21,160.89,160.15,160.79,1598,21,0
1695992400,160.79,161.25,160.53,160.93,1063,21,0
1695996000,160.93,161.51,160.83,160.91,971,21,0
1695999600,160.91,161.51,160.81,161.31,1396,21,0
1696003200,161.31,161.47,161.01,161.01,1481,21,0
1696006800,161.01,161.11,159.71,159.73,1738,21,0
1696010400,159.73,160.13,159.45,159.79,964,21,0
1696240800,160.05,160.41,159.53,159.71,1647,21,0
1696244400,159.71,159.93,159.07,159.11,1398,21,0
1696248000,159.11,159.13,158.01,158.09,1628,21,0
1696251600,158.09,158.55,157.97,157.97,1161,21,0
1696255200,157.97,158.31,157.65,157.71,890,21,0
1696258800,157.71,157.97,157.37,157.41,1149,21,0
1696262400,157.41,157.57,156.63,156.63,1662,21,0
1696266000,156.63,156.93,156.11,156.23,3172,21,0
1696269600,156.23,157.19,156.23,157.13,1071,21,0
1696327200,156.75,156.75,155.91,156.31,2352,21,0
1696330800,156.31,157.23,156.31,156.71,1407,21,0
1696334400,156.71,156.75,155.91,155.99,1247,21,0
1696338000,155.99,156.37,155.75,155.97,1044,21,0
1696341600,155.91,156.11,155.45,155.59,1171,21,0
1696345200,155.59,155.67,155.07,155.15,1172,21,0
1696348800,155.15,156.15,155.07,155.91,1691,21,0
1696352400,155.91,156.09,155.41,155.89,2752,21,0
1696356000,155.89,155.99,155.65,155.81,683,21,0
1696413600,155.23,156.53,155.07,156.05,3406,21,0
1696417200,156.05,156.91,155.77,156.51,2826,21,0
1696420800,156.53,157.25,156.47,157.17,2275,21,0
1696424400,157.17,157.51,156.99,157.23,1276,21,0
1696428000,157.23,157.41,156.91,157.11,1417,21,0
1696431600,157.11,157.37,156.83,156.99,2172,21,0
1696435200,156.99,157.07,156.41,156.51,1878,21,0
1696438800,156.49,156.59,155.75,155.87,2540,21,0
1696442400,155.87,156.45,155.75,156.27,1072,21,0
1696500000,156.39,157.45,155.73,157.33,2488,21,0
1696503600,157.33,157.69,156.61,156.63,1755,21,0
1696507200,156.63,156.89,156.41,156.81,1423,21,0
1696510800,156.81,157.47,156.75,157.31,1165,21,0
1696514400,157.27,157.69,157.13,157.47,1095,21,0
1696518000,157.47,157.69,157.21,157.53,1692,21,0
1696521600,157.53,158.09,157.43,158.09,1887,21,0
1696525200,158.09,158.09,156.81,156.85,1978,21,0
1696528800,156.85,156.89,156.35,156.73,811,21,0
1696586400,156.93,157.17,156.43,156.83,1818,21,0
1696590000,156.83,157.07,156.45,156.57,1914,21,0
1696593600,156.57,157.25,156.55,157.07,1750,21,0
1696597200,157.07,157.91,157.03,157.65,1746,21,0
1696600800,157.65,157.79,157.43,157.59,1343,21,0
1696604400,157.59,157.75,155.95,156.29,4390,21,0
1696608000,156.29,157.45,156.13,156.81,3957,21,0
1696611600,156.81,157.57,156.01,157.37,3222,21,0
1696615200,157.37,158.09,157.33,158.09,1320,21,0
1696845600,158.07,158.07,156.25,157.61,2761,21,0
1696849200,157.61,158.97,157.49,158.91,2226,21,0
1696852800,158.91,159.41,158.47,158.71,1752,21,0
1696856400,158.71,158.91,158.29,158.37,1223,21,0
1696860000,158.37,158.49,157.77,158.05,1573,21,0
1696863600,158.05,158.39,157.77,157.77,1642,21,0
1696867200,157.77,158.55,157.61,158.39,2488,21,0
1696870800,158.39,158.45,157.45,157.63,1944,21,0
1696874400,157.63,157.93,157.47,157.87,684,21,0
1696932000,160.25,161.73,159.99,160.77,3635,21,0
1696935600,160.77,161.07,159.61,160.87,3094,21,0
1696939200,160.87,161.29,160.39,161.01,2309,21,0
1696942800,161.01,161.47,160.91,161.07,1863,21,0
1696946400,161.09,161.33,160.71,160.81,1667,21,0
1696950000,160.81,161.13,160.59,160.79,2290,21,0
1696953600,160.79,161.27,160.71,161.07,2828,21,0
1696957200,161.07,162.05,161.01,161.65,2492,21,0
1696960800,161.65,161.87,161.47,161.57,995,21,0
1697018400,161.39,162.89,160.91,162.21,3806,21,0
1697022000,162.21,163.25,162.15,162.95,4245,21,0
1697025600,162.95,163.19,162.43,162.79,2434,21,0
1697029200,162.79,163.05,162.67,162.81,2004,21,0
1697032800,162.81,163.17,162.73,162.93,1612,21,0
1697036400,162.93,163.39,162.87,163.27,3160,21,0
1697040000,163.29,163.89,163.11,163.51,3798,21,0
1697043600,163.51,163.83,163.09,163.79,3381,21,0
1697047200,163.79,163.97,163.39,163.81,1490,21,0
1697104800,164.77,165.03,163.33,163.71,3366,21,0
1697108400,163.71,164.65,163.69,164.47,2199,21,0
1697112000,164.47,164.67,164.19,164.49,1481,21,0
1697115600,164.49,165.07,164.39,164.73,1737,21,0
1697119200,164.71,164.81,164.43,164.67,1252,21,0
1697122800,164.67,165.11,163.97,164.09,3485,21,0
1697126400,164.09,164.43,163.51,163.67,4247,21,0
1697130000,163.67,163.93,163.19,163.69,4225,21,0
1697133600,163.69,163.75,163.23,163.29,1485,21,0
1697191200,162.29,162.49,161.61,162.25,2738,21,0
1697194800,162.25,162.99,161.85,162.07,2529,21,0
1697198400,162.07,162.15,160.87,161.23,2929,21,0
1697202000,161.23,161.65,160.93,161.57,2531,21,0
1697205600,161.57,161.99,161.33,161.71,2343,21,0
1697209200,161.71,161.97,161.21,161.65,2772,21,0
1697212800,161.65,162.17,161.45,162.03,3827,21,0
1697216400,162.03,162.25,161.29,161.65,4028,21,0
1697220000,161.65,161.71,161.05,161.25,1440,21,0
1697450400,161.31,161.75,160.81,161.03,2163,21,0
1697454000,161.03,161.03,160.31,160.63,1755,21,0
1697457600,160.63,160.71,159.65,160.25,1513,21,0
1697461200,160.25,160.73,159.95,160.73,1134,21,0
1697464800,160.73,160.85,160.47,160.53,802,21,0
1697468400,160.53,160.71,160.25,160.69,1216,21,0
1697472000,160.69,160.89,160.27,160.55,1476,21,0
1697475600,160.55,161.33,160.45,161.11,1764,21,0
1697479200,161.11,161.17,160.35,160.49,709,21,0
1697536800,159.65,160.31,159.61,160.07,1409,21,0
1697540400,160.07,160.25,159.41,159.65,1396,21,0
1697544000,159.65,160.17,159.43,159.53,1193,21,0
1697547600,159.53,159.55,158.99,159.31,1197,21,0
1697551200,159.29,159.33,158.73,159.25,1235,21,0
1697554800,159.25,159.47,158.63,158.75,1387,21,0
1697558400,158.75,158.79,158.21,158.31,1588,19,0
1697562000,158.31,159.31,158.21,159.21,1717,21,0
1697565600,159.21,159.35,158.95,159.31,474,21,0
1697623200,159.09,159.23,158.53,158.79,1962,21,0
1697626800,158.79,159.23,158.61,158.91,1361,21,0
1697630400,158.91,158.95,158.13,158.45,1555,21,0
1697634000,158.45,158.57,157.83,158.03,1275,21,0
1697637600,158.03,158.31,157.95,158.31,986,21,0
1697641200,158.31,158.31,157.43,157.43,1280,21,0
1697644800,157.43,157.85,156.93,156.95,2221,21,0
1697648400,156.95,157.37,156.51,156.91,2363,21,0
1697652000,156.89,157.17,156.75,157.07,912,21,0
1697709600,156.41,156.67,155.71,156.23,2964,21,0
1697713200,156.23,156.83,155.97,156.45,1478,21,0
1697716800,156.45,156.95,156.37,156.93,1231,21,0
1697720400,156.93,156.99,156.43,156.61,1245,21,0
1697724000,156.61,156.85,156.47,156.63,1043,21,0
1697727600,156.63,156.93,156.49,156.85,1260,21,0
1697731200,156.85,157.07,156.53,157.05,1705,21,0
1697734800,157.05,157.05,156.45,156.63,1298,21,0
1697738400,156.63,156.79,156.51,156.77,724,21,0
1697796000,155.31,155.53,153.81,154.37,2504,21,0
1697799600,154.37,154.81,153.83,153.93,1633,21,0
1697803200,153.93,154.05,153.03,153.61,2296,21,0
1697806800,153.63,153.67,152.99,153.35,1553,21,0
1697810400,153.35,153.91,153.19,153.49,1345,21,0
1697814000,153.49,153.53,152.81,153.01,1050,21,0
1697817600,153.01,154.07,152.99,153.73,1896,19,0
1697821200,153.73,153.77,152.95,152.99,2015,21,0
1697824800,152.99,153.15,152.27,152.51,968,21,0
1698055200,152.79,153.09,152.21,152.31,2326,21,0
1698058800,152.31,152.71,152.15,152.31,1927,21,0
1698062400,152.31,152.45,151.25,151.41,1743,21,0
1698066000,151.41,152.19,151.37,152.13,1280,21,0
1698069600,152.13,152.59,151.93,152.31,1181,21,0
1698073200,152.31,152.55,151.93,151.95,1429,21,0
1698076800,151.95,152.83,151.95,152.81,2241,21,0
1698080400,152.81,153.19,152.33,152.59,2476,21,0
1698084000,152.59,152.87,152.49,152.77,741,21,0
1698141600,153.23,154.17,152.93,153.23,1843,21,0
1698145200,153.23,153.63,152.93,153.49,1603,21,0
1698148800,153.49,153.89,153.17,153.87,1041,19,0
1698152400,153.87,154.11,153.77,153.89,768,21,0
1698156000,153.89,153.95,153.35,153.35,724,21,0
1698159600,153.35,153.57,153.17,153.41,1042,21,0
1698163200,153.41,153.43,152.93,153.25,1706,21,0
1698166800,153.25,153.85,153.07,153.85,1404,21,0
1698170400,153.85,153.85,153.19,153.27,530,21,0
1698228000,153.33,154.09,152.45,154.09,2469,21,0
1698231600,154.09,154.39,153.35,154.31,1566,21,0
1698235200,154.31,154.93,153.79,154.53,1259,21,0
1698238800,154.53,155.11,154.27,155.03,889,19,0
1698242400,155.03,155.69,155.01,155.69,688,21,0
1698246000,155.69,156.43,155.63,155.95,1074,21,0
1698249600,155.95,156.03,155.03,155.21,1504,21,0
1698253200,155.21,156.25,154.93,156.13,1517,21,0
1698256800,156.13,156.97,156.13,156.53,1124,21,0
1698314400,155.52,157.59,155.33,157.49,2607,21,0
1698318000,157.49,157.61,156.71,157.39,2022,21,0
1698321600,157.39,157.95,157.17,157.63,1546,21,0
1698325200,157.63,158.07,157.03,157.05,1380,21,0
1698328800,157.05,157.33,156.93,157.29,1145,21,0
1698332400,157.29,158.41,157.15,158.37,2379,21,0
1698336000,158.37,158.77,158.05,158.13,3110,21,0
1698339600,158.13,158.67,157.81,158.53,2509,21,0
1698343200,158.53,158.61,158.11,158.23,1014,21,0
1698400800,159.45,160.57,158.91,160.35,3048,21,0
1698404400,160.35,161.51,160.17,161.45,1816,21,0
1698408000,161.45,161.69,161.23,161.53,1934,21,0
1698411600,161.53,161.83,160.97,160.99,1481,21,0
1698415200,160.97,161.05,160.33,160.35,1719,21,0
1698418800,160.35,161.35,160.27,161.11,1849,19,0
1698422400,161.11,161.49,160.13,160.59,3133,21,0
1698426000,160.59,160.79,160.01,160.05,3121,19,0
1698429600,160.05,160.43,159.81,160.11,897,21,0
1698660000,161.03,161.59,159.99,160.07,1926,21,0
1698663600,160.07,161.05,160.07,160.97,1337,21,0
1698667200,160.97,161.47,160.63,161.23,1259,21,0
1698670800,161.23,161.25,160.37,160.61,1093,19,0
1698674400,160.61,160.83,160.01,160.03,1404,21,0
1698678000,160.03,160.27,159.73,160.25,1899,21,0
1698681600,160.25,160.31,159.65,159.91,2232,21,0
1698685200,159.91,160.27,159.61,159.95,1730,21,0
1698688800,159.95,159.97,159.51,159.51,782,21,0
1698746400,160.01,161.03,159.61,160.95,1393,21,0
1698750000,160.95,161.69,160.67,161.63,1771,21,0
1698753600,161.61,161.89,161.45,161.47,1421,21,0
1698757200,161.49,161.79,161.41,161.67,1155,21,0
1698760800,161.67,161.97,161.33,161.33,1264,21,0
1698764400,161.33,161.45,160.81,161.03,1636,19,0
1698768000,161.03,161.65,160.75,161.29,2147,21,0
1698771600,161.29,161.61,161.29,161.51,1898,21,0
1698775200,161.51,161.55,161.17,161.25,740,21,0
1698832800,161.69,161.87,160.53,160.55,1813,21,0
1698836400,160.55,161.09,160.35,160.73,1398,21,0
1698840000,160.73,160.93,160.37,160.87,1074,21,0
1698843600,160.87,161.39,160.87,161.25,811,21,0
1698847200,161.25,161.99,161.15,161.91,1265,21,0
1698850800,161.91,162.95,161.71,162.65,2184,21,0
1698854400,162.81,163.07,162.55,162.89,2274,21,0
1698858000,162.89,163.01,162.19,162.87,1888,19,0
1698861600,162.87,162.97,162.53,162.63,582,21,0
1698919200,163.08,164.65,162.97,164.39,2571,21,0
1698922800,164.39,165.01,164.39,164.71,2158,21,0
1698926400,164.71,165.13,164.35,164.99,1542,21,0
1698930000,164.99,165.57,164.91,165.37,1513,21,0
1698933600,165.37,165.59,165.09,165.47,1816,21,0
1698937200,165.47,165.75,164.97,165.43,2054,21,0
1698940800,165.43,165.89,164.59,165.83,2261,21,0
1698944400,165.83,165.97,165.15,165.19,1658,21,0
1698948000,165.19,165.25,164.61,164.71,681,21,0
1699005600,165.29,165.43,164.47,164.61,1921,21,0
1699009200,164.61,164.65,163.31,163.37,1542,21,0
1699012800,163.37,163.45,162.89,163.13,1693,21,0
1699016400,163.13,163.17,162.53,162.89,1135,21,0
1699020000,162.89,163.83,162.59,163.49,1779,21,0
1699023600,163.51,164.09,163.31,163.81,1860,21,0
1699027200,163.81,163.93,163.33,163.67,2675,21,0
1699030800,163.67,163.75,163.23,163.35,1278,21,0
1699034400,163.35,163.43,163.17,163.27,424,21,0
1699264800,163.49,163.77,162.75,163.07,1552,21,0
1699268400,163.07,163.09,162.45,162.47,951,21,0
1699272000,162.47,162.71,162.29,162.41,924,21,0
1699275600,162.41,162.61,162.31,162.47,861,21,0
1699279200,162.45,162.75,162.23,162.53,678,21,0
1699282800,162.53,162.77,162.33,162.73,771,19,0
1699286400,162.73,162.97,162.35,162.43,1456,21,0
1699290000,162.43,163.59,162.27,163.57,1522,21,0
1699293600,163.57,163.61,163.39,163.39,633,21,0
1699351200,163.25,164.19,163.07,164.01,2040,21,0
1699354800,164.01,164.17,163.27,163.29,1709,21,0
1699358400,163.29,163.69,163.11,163.47,1389,21,0
1699362000,163.45,163.63,163.31,163.53,1102,21,0
1699365600,163.53,163.67,163.25,163.61,871,21,0
1699369200,163.61,163.89,163.39,163.81,844,21,0
1699372800,163.81,163.91,162.93,163.13,1401,21,0
1699376400,163.13,163.25,162.23,162.67,2015,19,0
1699380000,162.67,162.73,162.27,162.35,682,19,0
1699437600,161.71,162.03,161.03,161.25,2068,21,0
1699441200,161.25,161.37,160.49,160.61,1724,21,0
1699444800,160.61,160.85,160.47,160.57,1117,21,0
1699448400,160.57,160.79,160.43,160.63,775,21,0
1699452000,160.63,161.77,160.61,161.59,808,21,0
1699455600,161.59,162.47,161.45,162.41,1405,21,0
1699459200,162.41,163.59,162.39,163.49,1961,21,0
1699462800,163.49,163.67,162.97,162.99,1554,21,0
1699466400,162.99,163.35,162.99,163.19,623,19,0
1699524000,163.25,164.15,162.49,164.05,2277,21,0
1699527600,164.05,164.61,163.91,164.51,1991,21,0
1699531200,164.51,166.07,164.45,165.71,1777,21,0
1699534800,165.71,165.97,165.21,165.89,1119,21,0
1699538400,165.89,166.05,165.59,166.03,999,21,0
1699542000,166.03,166.35,166.01,166.13,1202,19,0
1699545600,166.13,166.33,165.53,165.97,1391,21,0
1699549200,165.97,166.19,165.35,166.17,1930,19,0
1699552800,166.17,166.45,166.09,166.17,810,21,0
1699610400,165.01,166.33,165.01,166.09,2388,21,0
1699614000,166.09,166.11,165.35,165.79,1561,21,0
1699617600,165.79,165.79,164.95,165.09,1617,21,0
1699621200,165.09,165.63,164.99,165.61,1184,21,0
1699624800,165.61,166.03,165.45,165.83,1158,21,0
1699628400,165.83,166.03,165.55,165.89,928,21,0
1699632000,165.89,166.19,165.69,165.75,1571,21,0
1699635600,165.75,165.75,164.91,165.55,2159,21,0
1699639200,165.55,166.33,165.51,166.17,878,21,0
1699869600,167.37,167.47,167.29,167.37,402,21,0
1699880400,167.37,167.37,167.37,167.37,4,21,0
1699884000,167.37,167.37,167.37,167.37,1,21,0
1699891200,167.37,167.45,167.21,167.39,439,21,0
1699894800,167.39,167.45,167.01,167.41,2150,21,0
1699898400,167.41,167.53,167.17,167.41,1075,21,0
1699956000,167.55,167.99,167.47,167.93,1817,21,0
1699959600,167.93,168.17,167.49,167.75,1702,21,0
1699963200,167.75,167.85,167.47,167.59,1197,21,0
1699966800,167.59,167.79,167.47,167.73,1232,21,0
1699970400,167.73,167.79,167.41,167.53,898,21,0
1699974000,167.53,169.55,167.43,168.97,2911,21,0
1699977600,168.97,169.27,168.69,169.17,3137,21,0
1699981200,169.17,169.83,168.93,169.15,2075,21,0
1699984800,169.15,169.41,169.09,169.23,1025,21,0
1700042400,168.45,168.81,168.29,168.53,3406,21,0
1700046000,168.53,168.55,167.47,167.55,1945,21,0
1700049600,167.55,168.59,167.49,168.47,1585,21,0
1700053200,168.47,168.73,168.17,168.71,1702,21,0
1700056800,168.71,168.73,168.13,168.55,1284,21,0
1700060400,168.55,168.71,167.83,167.87,1843,21,0
1700064000,167.87,167.93,167.43,167.79,2242,21,0
1700067600,167.79,168.23,167.71,167.83,2111,21,0
1700071200,167.83,167.97,167.69,167.69,846,21,0
1700128800,167.77,169.01,167.77,168.67,2653,21,0
1700132400,168.67,168.95,168.41,168.83,1727,21,0
1700136000,168.83,168.87,168.55,168.67,1420,21,0
1700139600,168.67,168.75,168.47,168.73,1210,21,0
1700143200,168.73,168.87,168.57,168.67,1306,21,0
1700146800,168.67,169.09,168.61,169.05,1699,21,0
1700150400,169.05,169.07,168.53,168.85,2837,21,0
1700154000,168.85,168.89,168.37,168.83,2187,21,0
1700157600,168.83,168.91,168.71,168.79,991,21,0
1700215200,169.49,169.59,168.99,169.37,2745,21,0
1700218800,169.37,169.71,169.31,169.53,1733,21,0
1700222400,169.55,170.17,169.53,169.83,1962,21,0
1700226000,169.83,169.83,169.35,169.73,1657,21,0
1700229600,169.73,169.97,169.65,169.83,840,21,0
1700233200,169.83,170.31,169.79,169.83,1253,21,0
1700236800,169.83,170.33,169.79,170.11,2361,21,0
1700240400,170.11,170.15,169.69,170.09,1688,21,0
1700244000,170.09,170.13,169.85,170.09,782,21,0
1700474400,170.03,170.15,169.51,169.93,1979,21,0
1700478000,169.93,170.17,169.91,170.03,929,21,0
1700481600,170.03,170.31,169.91,170.23,884,21,0
1700485200,170.23,170.31,169.83,170.03,880,21,0
1700488800,170.03,170.21,169.93,170.05,773,21,0
1700492400,170.05,170.17,169.93,169.99,678,21,0
1700496000,170.01,170.27,169.65,170.11,1061,21,0
1700499600,170.13,170.53,170.07,170.23,1220,21,0
1700503200,170.23,170.52,170.19,170.39,684,21,0
1700560800,170.25,171.11,170.23,170.93,1762,21,0
1700564400,170.91,170.97,170.47,170.61,1513,21,0
1700568000,170.61,171.15,170.53,171.01,1325,21,0
1700571600,171.01,171.01,170.57,170.81,939,21,0
1700575200,170.81,170.97,170.49,170.49,760,21,0
1700578800,170.49,170.65,170.35,170.63,1199,21,0
1700582400,170.65,171.67,170.59,171.49,1880,21,0
1700586000,171.49,171.69,171.31,171.33,1969,21,0
1700589600,171.33,171.45,171.19,171.39,581,21,0
1700647200,172.31,172.67,172.01,172.45,2567,21,0
1700650800,172.45,172.73,171.49,171.55,1836,21,0
1700654400,171.55,172.33,171.49,172.29,1550,21,0
1700658000,172.29,172.39,171.99,172.03,1131,21,0
1700661600,172.03,172.07,171.75,171.81,1027,21,0
1700665200,171.81,172.65,171.79,172.53,1621,21,0
1700668800,172.55,172.77,172.27,172.61,1996,21,0
1700672400,172.63,172.93,172.47,172.89,2376,21,0
1700676000,172.89,172.97,172.69,172.79,857,21,0
1700733600,172.67,173.13,172.21,172.99,1996,21,0
1700737200,172.99,173.17,172.73,173.05,1380,21,0
1700740800,173.05,173.09,172.75,172.89,1089,21,0
1700744400,172.89,173.11,172.71,172.73,925,21,0
1700748000,172.73,172.85,172.49,172.65,590,21,0
1700751600,172.65,172.97,172.61,172.81,706,21,0
1700755200,172.81,173.09,172.61,172.65,953,21,0
1700758800,172.67,172.85,172.51,172.79,779,21,0
1700762400,172.79,173.07,172.77,172.85,371,21,0
1700820000,172.65,173.25,172.43,173.07,1697,21,0
1700823600,173.07,173.43,172.95,173.25,1141,21,0
1700827200,173.25,173.59,173.11,173.47,1244,21,0
1700830800,173.47,173.49,173.01,173.19,793,21,0
1700834400,173.19,173.39,173.19,173.21,611,21,0
1700838000,173.21,173.29,172.77,172.89,663,21,0
1700841600,172.89,173.45,172.89,173.45,991,21,0
1700845200,173.45,173.73,173.45,173.59,845,21,0
1700848800,173.57,173.65,173.53,173.57,322,21,0
1701079200,173.59,174.09,173.13,173.43,1790,21,0
1701082800,173.43,173.59,173.25,173.37,1157,21,0
1701086400,173.37,174.17,173.27,174.15,1160,21,0
1701090000,174.15,174.29,174.01,174.11,1035,21,0
1701093600,174.11,174.43,174.07,174.37,853,21,0
1701097200,174.37,174.61,174.21,174.33,1024,21,0
1701100800,174.33,174.41,174.03,174.07,1361,21,0
1701104400,174.07,174.21,173.77,173.77,834,21,0
1701108000,173.77,173.81,173.53,173.75,670,21,0
1701165600,173.73,174.55,173.61,174.21,2305,21,0
1701169200,174.17,174.53,173.69,174.23,2349,21,0
1701172800,174.23,174.35,173.67,173.99,1518,21,0
1701176400,173.99,174.13,173.75,173.79,993,21,0
1701180000,173.79,174.01,173.69,173.77,1151,21,0
1701183600,173.77,174.31,173.63,173.89,1305,21,0
1701187200,173.91,174.31,173.79,174.31,1698,21,0
1701190800,174.33,174.61,174.07,174.57,1206,21,0
1701194400,174.57,174.65,174.31,174.41,799,21,0
1701252000,174.29,174.89,174.11,174.67,2671,21,0
1701255600,174.67,174.81,173.87,173.91,1718,21,0
1701259200,173.91,174.43,173.81,174.27,1702,21,0
1701262800,174.27,174.33,173.97,174.11,1173,21,0
1701266400,174.11,174.33,173.91,174.31,980,21,0
1701270000,174.31,174.31,173.71,173.79,1367,21,0
1701273600,173.79,173.89,173.41,173.67,1531,21,0
1701277200,173.67,173.95,173.35,173.87,1772,21,0
1701280800,173.87,173.95,173.69,173.73,789,21,0
1701338400,173.41,173.93,173.21,173.33,2095,21,0
1701342000,173.33,174.19,173.33,174.15,1601,21,0
1701345600,174.15,174.55,173.95,174.45,1449,21,0
1701349200,174.45,174.79,174.45,174.63,745,21,0
1701352800,174.65,174.99,174.63,174.77,629,21,0
1701356400,174.77,174.95,174.51,174.57,1172,21,0
1701360000,174.57,174.57,173.91,174.29,2058,21,0
1701363600,174.31,174.61,173.99,174.57,1972,21,0
1701367200,174.57,174.63,174.19,174.27,1427,21,0
1701424800,174.99,175.11,173.81,174.23,3176,21,0
1701428400,174.23,174.63,174.05,174.13,1873,21,0
1701432000,174.13,174.57,174.05,174.43,1970,21,0
1701435600,174.43,174.45,174.07,174.13,1731,21,0
1701439200,174.13,174.13,173.65,173.77,1089,21,0
1701442800,173.77,173.87,173.43,173.47,1036,21,0
1701446400,173.47,173.51,172.79,173.23,1538,21,0
1701450000,173.25,173.71,172.71,172.83,1919,21,0
1701453600,172.83,173.09,172.65,172.89,1371,21,0
1701684000,173.11,173.11,171.99,172.13,1336,21,0
1701687600,172.13,172.23,170.53,171.55,2489,21,0
1701691200,171.55,172.39,171.43,172.37,1195,21,0
1701694800,172.37,172.97,172.15,172.85,1000,21,0
1701698400,172.85,172.91,172.55,172.81,1013,21,0
1701702000,172.81,172.97,172.69,172.73,869,21,0
1701705600,172.73,173.17,172.39,172.73,993,21,0
1701709200,172.73,172.95,172.23,172.41,240,21,0
1701712800,172.41,172.51,172.33,172.39,119,21,0
1701770400,172.15,173.27,172.15,172.83,554,21,0
1701774000,172.87,173.61,172.83,173.33,378,21,0
1701777600,173.31,173.53,173.01,173.09,279,21,0
1701781200,173.07,173.51,173.01,173.31,188,21,0
1701784800,173.31,173.79,173.23,173.75,159,21,0
1701788400,173.71,173.85,173.49,173.49,211,21,0
1701792000,173.51,174.01,173.49,173.75,260,21,0
1701795600,173.77,174.21,173.67,174.21,328,21,0
1701799200,174.21,174.37,174.01,174.21,116,21,0
1701856800,174.43,174.69,173.31,173.33,410,21,0
1701860400,173.31,173.35,171.41,172.33,672,21,0
1701864000,172.35,172.81,172.09,172.73,409,21,0
1701867600,172.73,173.05,172.47,172.57,205,21,0
1701871200,172.57,172.91,172.53,172.83,164,21,0
1701874800,172.81,173.05,172.69,172.77,205,21,0
1701878400,172.77,173.37,172.69,173.17,1687,21,0
1701882000,173.19,173.35,172.97,173.19,1847,21,0
1701885600,173.17,173.54,173.17,173.43,907,21,0
1701943200,174.02,174.71,173.69,174.31,386,21,0
1701946800,174.31,174.45,174.01,174.23,241,20,0
1701950400,174.29,174.55,174.25,174.51,173,21,0
1701954000,174.51,174.71,174.31,174.53,177,21,0
1701957600,174.47,174.63,173.93,174.07,154,21,0
1701961200,174.15,174.39,173.81,173.99,262,21,0
1701964800,173.97,174.13,173.67,174.13,209,21,0
1701968400,174.13,174.19,173.85,173.93,192,21,0
1701972000,173.91,173.99,173.69,173.79,112,21,0
1702029600,173.72,174.01,173.56,173.80,1222,21,0
1702033200,173.78,174.01,173.57,173.70,1870,21,0
1702036800,173.69,174.08,173.65,173.89,1328,21,0
1702040400,173.91,174.33,173.63,173.71,1608,21,0
1702044000,173.73,173.88,173.43,173.87,833,21,0
1702047600,173.88,173.94,173.57,173.82,892,21,0
1702051200,173.82,174.63,173.35,174.59,1410,21,0
1702054800,174.63,175.39,174.41,175.35,250,21,0
1702058400,175.33,175.39,174.93,175.13,149,21,0
1702288800,175.41,175.87,174.95,175.77,1487,21,0
1702292400,175.79,176.31,175.64,175.95,1822,21,0
1702296000,175.95,176.05,175.59,175.87,1829,21,0
1702299600,175.86,176.10,175.52,176.06,1093,21,0
1702303200,176.04,176.64,176.04,176.54,480,20,0
1702306800,176.56,176.86,176.22,176.26,587,20,0
1702310400,176.26,176.62,176.07,176.33,1059,20,0
1702314000,176.50,176.66,175.96,176.54,2412,20,0
1702317600,176.54,176.70,176.19,176.70,768,20,0
1702375200,176.35,177.25,176.35,177.01,504,21,0
1702378800,177.03,177.97,176.97,177.83,229,21,0
1702382400,177.85,177.93,176.87,176.95,197,21,0
1702386000,176.91,177.21,176.81,176.85,857,21,0
1702389600,176.81,177.13,176.81,177.02,1046,21,0
1702393200,177.01,177.47,176.90,176.95,1940,21,0
1702396800,176.95,177.77,176.91,177.77,1812,21,0
1702400400,177.75,178.53,177.75,178.41,1786,21,0
1702404000,178.39,178.55,178.23,178.43,756,21,0
1702461600,178.13,179.01,177.90,178.93,1054,21,0
1702465200,178.91,179.25,178.59,179.09,258,21,0
1702468800,179.07,179.23,178.83,178.91,167,21,0
1702472400,178.97,179.23,178.75,179.21,137,21,0
1702476000,179.21,179.29,179.01,179.19,121,21,0
1702479600,179.21,179.43,179.03,179.33,178,21,0
1702483200,179.33,179.47,178.97,179.11,291,21,0
1702486800,179.09,179.29,178.69,178.75,225,21,0
1702490400,178.77,178.89,178.49,178.57,108,21,0
1702548000,179.75,180.11,176.63,176.65,940,21,0
1702551600,176.71,177.01,173.41,174.41,1519,21,0
1702555200,174.41,176.29,174.41,175.93,719,21,0
1702558800,175.93,176.17,175.37,175.43,428,21,0
1702562400,175.47,175.91,174.73,174.73,394,21,0
1702566000,174.71,175.49,174.15,175.33,635,21,0
1702569600,175.25,175.95,174.67,175.07,532,21,0
1702573200,175.03,175.37,174.63,175.23,451,21,0
1702576800,175.21,175.29,174.49,174.73,236,21,0
1702634400,175.07,175.93,174.51,175.21,958,21,0
1702638000,175.23,176.37,175.15,176.01,612,21,0
1702641600,175.99,177.01,175.79,176.87,909,21,0
1702645200,176.85,177.53,176.81,177.29,486,21,0
1702648800,177.27,177.63,177.15,177.29,288,21,0
1702652400,177.33,177.33,175.85,175.87,381,21,0
1702656000,175.89,176.75,175.81,176.59,685,21,0
1702659600,176.61,176.81,176.25,176.25,417,21,0
1702663200,176.29,176.51,176.19,176.51,158,21,0
1702893600,175.57,175.67,174.83,175.49,449,21,0
1702897200,175.51,175.77,175.31,175.67,223,21,0
1702900800,175.67,175.97,175.41,175.49,236,21,0
1702904400,175.51,176.19,175.49,175.91,275,21,0
1702908000,175.91,176.19,175.71,175.95,197,21,0
1702911600,175.97,176.17,175.63,175.85,226,21,0
1702915200,175.85,176.01,175.27,175.29,215,21,0
1702918800,175.29,175.91,175.05,175.85,344,21,0
1702922400,175.89,175.93,175.65,175.83,125,21,0
1702980000,175.79,177.03,175.63,176.75,400,21,0
1702983600,176.75,177.19,176.63,177.01,304,21,0
1702987200,176.99,177.31,176.91,177.05,198,21,0
1702990800,177.07,177.11,176.73,176.73,135,21,0
1702994400,176.73,177.37,176.59,177.25,141,21,0
1702998000,177.21,177.53,177.11,177.27,167,21,0
1703001600,177.29,177.31,176.65,177.01,253,21,0
1703005200,176.97,177.17,176.55,176.65,267,21,0
1703008800,176.67,176.85,176.57,176.71,116,21,0
1703066400,176.71,176.87,176.15,176.63,413,21,0
1703070000,176.59,176.73,176.13,176.65,350,21,0
1703073600,176.67,177.11,176.63,176.91,218,21,0
1703077200,176.87,177.75,176.85,177.65,223,21,0
1703080800,177.63,178.05,177.59,177.75,175,21,0
1703084400,177.79,177.85,177.23,177.23,174,21,0
1703088000,177.29,177.45,176.91,177.01,260,21,0
1703091600,177.05,177.53,177.05,177.23,209,21,0
1703095200,177.23,177.77,177.23,177.71,171,21,0
1703152800,177.37,178.19,176.97,177.89,587,21,0
1703156400,177.89,177.97,177.37,177.45,297,21,0
1703160000,177.43,177.67,177.25,177.37,238,21,0
1703163600,177.43,177.53,176.75,177.09,221,21,0
1703167200,176.99,177.37,176.97,177.37,108,21,0
1703170800,177.43,177.61,177.13,177.53,215,21,0
1703174400,177.53,177.71,176.25,176.85,425,21,0
1703178000,176.81,176.83,176.37,176.51,217,21,0
1703181600,176.55,176.55,176.27,176.53,172,21,0
1703239200,177.11,177.63,176.65,177.21,281,21,0
1703242800,177.19,177.81,177.19,177.53,189,21,0
1703246400,177.49,177.83,177.13,177.69,273,21,0
1703250000,177.65,177.91,177.51,177.51,160,21,0
1703253600,177.55,177.65,177.27,177.27,91,21,0
1703257200,177.29,177.61,177.27,177.33,144,21,0
1703260800,177.29,178.03,177.29,177.45,166,21,0
1703264400,177.45,177.79,177.27,177.27,140,21,0
1703268000,177.23,177.33,177.05,177.33,80,21,0
1703671200,177.41,177.77,177.01,177.45,345,21,0
1703674800,177.41,177.47,176.95,177.03,188,21,0
1703678400,177.01,177.11,176.85,176.87,131,21,0
1703682000,176.85,177.05,176.85,176.97,86,21,0
1703685600,177.03,177.31,176.93,177.27,91,21,0
1703689200,177.31,177.55,177.19,177.21,96,21,0
1703692800,177.21,177.23,176.61,176.67,156,21,0
1703696400,176.67,176.85,176.43,176.65,141,21,0
1703700000,176.57,176.73,176.43,176.73,71,21,0
1703757600,176.93,177.35,176.75,176.75,275,21,0
1703761200,176.77,176.87,176.51,176.57,203,21,0
1703764800,176.59,176.87,176.51,176.55,123,21,0
1703768400,176.55,176.77,176.35,176.61,119,21,0
1703772000,176.59,176.73,176.45,176.51,104,21,0
1703775600,176.57,176.61,176.39,176.47,90,21,0
1703779200,176.51,176.57,176.35,176.51,121,21,0
1703782800,176.47,176.47,176.07,176.09,107,21,0
1703786400,176.15,176.15,175.97,176.05,56,21,0
1703844000,176.51,176.95,176.45,176.59,266,21,0
1703847600,176.55,176.59,176.15,176.17,131,21,0
1703851200,176.13,176.23,175.95,176.11,174,21,0
1703854800,176.13,176.45,176.09,176.25,94,21,0
1703858400,176.25,176.51,176.23,176.49,83,21,0
1703862000,176.49,176.65,176.35,176.43,74,21,0
1703865600,176.51,176.63,176.47,176.61,93,21,0
1703869200,176.63,176.73,176.45,176.51,83,21,0
1703872800,176.53,176.53,175.93,175.97,131,21,0
1704189600,176.79,177.69,176.79,177.67,499,21,0
1704193200,177.63,177.71,175.97,176.05,259,21,0
1704196800,176.07,176.11,175.19,175.29,240,21,0
1704200400,175.23,175.27,173.81,173.93,345,21,0
1704204000,173.91,174.07,172.55,172.85,387,21,0
1704207600,172.87,173.59,172.81,173.49,290,19,0
1704211200,173.51,174.93,173.49,174.85,470,19,0
1704214800,174.81,174.89,174.27,174.65,338,21,0
1704218400,174.61,174.79,174.49,174.55,114,21,0
1704276000,174.33,174.63,173.75,173.77,644,21,0
1704279600,173.73,173.91,172.99,173.01,486,21,0
1704283200,172.93,173.15,172.69,172.73,273,21,0
1704286800,172.73,172.91,171.93,172.17,228,21,0
1704290400,172.17,172.19,171.35,171.85,227,21,0
1704294000,171.83,172.53,171.65,172.07,233,21,0
1704297600,172.05,172.07,171.45,171.85,412,21,0
1704301200,171.83,172.29,170.97,171.29,499,21,0
1704304800,171.27,171.61,171.13,171.47,157,21,0
1704362400,171.63,172.23,171.43,171.79,518,21,0
1704366000,171.81,172.01,171.41,172.01,266,21,0
1704369600,171.99,172.07,171.63,171.83,209,21,0
1704373200,171.81,171.81,171.35,171.73,150,21,0
1704376800,171.75,171.91,171.65,171.77,191,21,0
1704380400,171.75,171.79,171.17,171.35,207,21,0
1704384000,171.39,171.69,171.07,171.41,304,21,0
1704387600,171.43,171.95,171.39,171.75,181,21,0
1704391200,171.75,171.99,171.73,171.91,99,21,0
1704448800,170.33,170.87,169.69,170.17,441,21,0
1704452400,170.15,170.27,169.75,169.93,293,21,0
1704456000,169.93,170.23,169.43,169.89,272,21,0
1704459600,169.85,170.03,169.33,169.61,256,21,0
1704463200,169.59,169.77,169.35,169.59,144,21,0
1704466800,169.55,170.35,169.25,170.15,332,21,0
1704470400,170.17,170.91,169.87,170.73,294,21,0
1704474000,170.79,171.49,170.75,171.09,391,21,0
1704477600,171.11,171.13,170.73,170.79,100,21,0
1704708000,169.91,171.05,169.69,170.45,472,21,0
1704711600,170.39,170.45,169.73,170.13,383,21,0
1704715200,170.11,170.75,170.11,170.33,254,21,0
1704718800,170.25,170.31,169.97,170.05,159,21,0
1704722400,170.05,170.51,170.05,170.49,105,21,0
1704726000,170.51,170.81,170.41,170.41,107,21,0
1704729600,170.37,171.31,170.37,171.21,211,21,0
1704733200,171.21,171.27,170.87,170.87,134,21,0
1704736800,170.85,170.91,170.63,170.83,81,21,0
1704794400,171.11,171.11,170.31,170.73,548,21,0
1704798000,170.69,171.25,170.51,171.11,266,21,0
1704801600,171.11,171.23,170.85,170.91,291,21,0
1704805200,170.95,171.09,170.75,170.91,192,19,0
1704808800,170.95,171.19,170.81,170.95,148,21,0
1704812400,170.87,170.87,170.13,170.43,171,21,0
1704816000,170.47,170.69,170.25,170.45,262,21,0
1704819600,170.47,171.01,170.31,170.83,248,21,0
1704823200,170.85,170.95,170.73,170.73,89,21,0
1704880800,171.31,172.01,170.91,171.07,420,21,0
1704884400,171.05,171.29,170.59,170.91,302,21,0
1704888000,170.97,171.19,170.39,170.49,195,21,0
1704891600,170.49,170.57,170.35,170.41,163,21,0
1704895200,170.41,170.91,170.41,170.43,176,21,0
1704898800,170.41,170.97,170.31,170.71,173,21,0
1704902400,170.71,171.21,170.67,171.01,183,21,0
1704906000,171.07,171.17,170.75,171.17,137,21,0
1704909600,171.17,171.27,170.99,171.13,72,21,0
1704967200,172.59,174.01,172.31,173.79,452,21,0
1704970800,173.73,173.81,173.15,173.33,166,21,0
1704974400,173.35,173.53,172.67,172.91,186,21,0
1704978000,172.93,173.41,172.89,173.21,140,21,0
1704981600,173.23,173.61,173.13,173.45,136,21,0
1704985200,173.43,174.03,173.02,173.11,457,21,0
1704988800,173.15,174.27,173.09,173.83,370,21,0
1704992400,173.83,173.87,172.77,172.83,359,21,0
1704996000,172.79,172.87,172.51,172.61,160,21,0
1705053600,173.77,175.61,173.77,175.59,638,21,0
1705057200,175.57,176.19,175.15,175.23,437,21,0
1705060800,175.25,175.57,174.87,174.95,294,21,0
1705064400,174.97,175.17,174.29,174.49,209,21,0
1705068000,174.51,174.93,174.45,174.65,134,21,0
1705071600,174.69,174.89,174.33,174.83,268,21,0
1705075200,174.85,175.19,174.71,174.71,207,21,0
1705078800,174.71,175.33,174.61,175.01,269,21,0
1705082400,174.99,175.01,174.75,174.97,111,21,0
1705312800,176.03,176.19,175.33,175.57,469,21,0
1705316400,175.53,176.01,175.27,175.73,237,21,0
1705320000,175.77,175.83,175.41,175.63,196,21,0
1705323600,175.63,175.65,175.17,175.43,190,21,0
1705327200,175.45,175.49,175.03,175.07,130,21,0
1705330800,175.07,175.31,174.93,175.09,115,21,0
1705334400,175.07,175.21,174.81,175.13,126,21,0
1705338000,175.09,175.25,174.89,175.05,103,21,0
1705341600,175.01,175.25,175.01,175.21,49,21,0
1705399200,174.11,175.07,173.55,174.83,425,21,0
1705402800,174.87,175.07,174.47,174.79,216,21,0
1705406400,174.81,174.81,174.27,174.41,202,21,0
1705410000,174.39,174.65,174.19,174.65,186,21,0
1705413600,174.67,175.21,174.65,175.21,140,21,0
1705417200,175.23,175.25,174.55,174.59,181,21,0
1705420800,174.61,175.01,174.43,174.73,280,21,0
1705424400,174.73,175.63,174.69,175.53,205,21,0
1705428000,175.53,175.53,175.11,175.25,180,21,0
1705485600,174.21,174.29,173.21,173.77,716,21,0
1705489200,173.79,174.31,173.55,173.93,315,21,0
1705492800,173.91,174.09,173.81,173.95,226,21,0
1705496400,173.91,174.11,173.65,174.11,187,21,0
1705500000,174.09,174.09,173.85,173.89,135,21,0
1705503600,173.89,173.89,173.23,173.41,210,21,0
1705507200,173.41,173.55,172.71,172.71,280,21,0
1705510800,172.73,173.41,172.71,173.17,262,21,0
1705514400,173.17,173.79,173.17,173.69,108,21,0
1705572000,173.43,174.77,173.21,174.29,519,21,0
1705575600,174.27,174.71,174.17,174.47,335,21,0
1705579200,174.49,174.49,173.83,174.19,216,21,0
1705582800,174.23,175.15,174.23,175.09,186,21,0
1705586400,175.11,175.63,175.11,175.51,160,21,0
1705590000,175.47,175.89,175.19,175.21,180,21,0
1705593600,175.23,175.57,174.39,174.53,219,21,0
1705597200,174.49,175.15,174.35,174.93,248,21,0
1705600800,174.93,175.11,174.67,174.89,132,21,0
1705658400,175.86,176.63,175.67,176.19,467,21,0
1705662000,176.17,176.21,174.83,174.95,238,21,0
1705665600,174.99,175.19,174.53,174.57,185,21,0
1705669200,174.55,175.13,174.49,174.77,200,21,0
1705672800,174.71,174.81,174.49,174.63,126,21,0
1705676400,174.55,174.81,173.75,173.81,210,21,0
1705680000,173.79,173.89,172.55,172.77,408,21,0
1705683600,172.77,173.21,172.41,172.83,354,21,0
1705687200,172.83,172.93,172.61,172.69,141,21,0
1705917600,173.91,174.11,172.97,173.09,725,21,0
1705921200,173.05,173.23,170.77,171.17,506,21,0
1705924800,171.21,171.65,170.87,171.21,221,21,0
1705928400,171.23,171.65,170.87,170.87,249,21,0
1705932000,170.93,170.97,170.51,170.75,208,21,0
1705935600,170.81,172.43,170.81,172.43,256,21,0
1705939200,172.41,173.01,172.33,172.71,273,21,0
1705942800,172.71,173.01,172.49,172.99,221,21,0
1705946400,173.01,173.01,172.69,172.77,120,21,0
1706004000,172.61,172.77,170.53,170.61,427,21,0
1706007600,170.63,170.95,170.51,170.69,320,19,0
1706011200,170.69,171.21,170.57,170.77,186,21,0
1706014800,170.75,171.13,170.63,171.01,206,21,0
1706018400,170.91,171.01,170.71,170.91,122,21,0
1706022000,170.93,171.07,170.05,170.05,156,21,0
1706025600,170.05,170.35,169.47,169.99,379,21,0
1706029200,170.01,170.05,169.35,169.57,231,21,0
1706032800,169.57,169.97,169.57,169.71,119,21,0
1706090400,169.95,171.47,169.67,171.19,875,21,0
1706094000,171.03,171.51,170.77,171.45,274,21,0
1706097600,171.45,171.57,171.27,171.45,181,21,0
1706101200,171.49,172.25,171.43,172.09,174,21,0
1706104800,172.07,172.53,172.01,172.35,142,21,0
1706108400,172.35,172.71,172.29,172.31,154,21,0
1706112000,172.29,172.61,171.93,172.07,288,21,0
1706115600,172.09,172.37,171.69,172.15,219,21,0
1706119200,172.15,172.55,172.11,172.49,133,21,0
1706176800,172.60,173.41,172.23,173.01,496,21,0
1706180400,172.95,172.95,171.31,172.03,442,21,0
1706184000,172.03,172.03,171.01,171.05,290,21,0
1706187600,171.03,171.27,170.77,170.93,193,21,0
1706191200,170.97,170.99,170.21,170.23,153,21,0
1706194800,170.29,171.31,170.23,170.91,316,21,0
1706198400,170.91,172.05,170.89,171.91,499,21,0
1706202000,171.95,172.01,171.03,171.19,335,21,0
1706205600,171.19,171.67,171.07,171.65,102,21,0
1706263200,171.39,172.05,171.03,171.89,649,21,0
1706266800,171.91,172.65,171.71,172.59,250,21,0
1706270400,172.59,172.63,171.93,172.05,241,21,0
1706274000,172.07,172.23,171.81,172.03,239,21,0
1706277600,172.05,172.31,172.05,172.05,161,21,0
1706281200,172.03,172.21,171.85,172.05,178,21,0
1706284800,172.05,172.05,171.47,171.47,188,21,0
1706288400,171.47,171.65,171.05,171.53,168,21,0
1706292000,171.53,171.53,171.33,171.37,86,21,0
1706522400,171.25,172.09,170.95,171.91,319,21,0
1706526000,171.87,172.39,171.41,171.45,246,21,0
1706529600,171.47,171.61,171.23,171.23,155,21,0
1706533200,171.27,171.49,171.19,171.29,80,21,0
1706536800,171.33,171.65,171.29,171.49,105,21,0
1706540400,171.51,171.71,171.45,171.51,96,21,0
1706544000,171.49,171.77,171.47,171.63,109,21,0
1706547600,171.61,171.91,171.55,171.83,144,21,0
1706551200,171.89,172.39,171.89,172.31,89,21,0
1706608800,172.41,172.43,171.47,172.05,365,21,0
1706612400,172.03,172.31,171.99,172.09,174,21,0
1706616000,172.07,173.11,172.07,173.11,214,21,0
1706619600,173.13,173.33,172.51,172.71,179,21,0
1706623200,172.67,172.87,172.45,172.73,128,21,0
1706626800,172.73,172.85,172.45,172.83,110,21,0
1706630400,172.79,172.99,172.65,172.89,145,21,0
1706634000,172.83,172.85,172.47,172.49,142,21,0
1706637600,172.49,172.81,172.49,172.73,71,21,0
1706695200,173.19,173.85,173.11,173.27,298,21,0
1706698800,173.29,173.71,173.11,173.41,201,21,0
1706702400,173.45,173.69,173.23,173.41,213,21,0
1706706000,173.43,173.67,173.31,173.43,135,21,0
1706709600,173.43,173.75,173.43,173.75,97,21,0
1706713200,173.73,174.25,173.73,174.01,157,21,0
1706716800,173.99,174.43,173.75,174.13,298,21,0
1706720400,174.13,174.13,173.63,173.73,177,21,0
1706724000,173.73,173.95,173.41,173.49,104,21,0
1706781600,173.23,173.71,172.91,173.43,366,21,0
1706785200,173.35,173.37,172.63,172.89,261,21,0
1706788800,172.85,172.95,172.67,172.89,220,21,0
1706792400,172.91,172.97,172.73,172.89,127,21,0
1706796000,172.87,172.89,172.61,172.73,109,21,0
1706799600,172.73,172.87,172.57,172.81,143,21,0
1706803200,172.83,173.03,172.31,172.41,227,21,0
1706806800,172.35,172.89,172.21,172.87,276,21,0
1706810400,172.91,172.99,172.51,172.65,136,21,0
1706868000,173.99,174.09,173.19,173.67,290,21,0
1706871600,173.69,173.77,173.45,173.63,176,21,0
1706875200,173.59,173.73,172.81,172.81,233,21,0
1706878800,172.85,173.03,172.75,173.03,129,21,0
1706882400,173.05,173.29,172.91,172.97,95,21,0
1706886000,172.95,173.07,171.11,171.19,320,21,0
1706889600,171.17,171.91,170.87,171.29,336,21,0
1706893200,171.31,171.67,171.15,171.51,236,21,0
1706896800,171.53,171.55,171.07,171.53,123,21,0
1707127200,171.05,171.75,170.41,171.03,361,21,0
1707130800,171.05,171.15,170.79,171.01,147,21,0
1707134400,171.01,171.65,171.01,171.57,120,21,0
1707138000,171.17,171.19,165.54,168.21,1353,21,0
1707141600,168.11,168.83,168.11,168.47,315,21,0
1707145200,168.45,168.53,166.43,167.33,662,21,0
1707148800,167.37,168.27,167.11,167.15,322,21,0
1707152400,167.13,167.53,166.31,167.43,472,21,0
1707156000,167.43,167.67,167.33,167.51,128,21,0
1707213600,168.97,169.37,168.21,168.29,519,21,0
1707217200,168.25,168.53,167.93,167.99,218,21,0
1707220800,168.03,170.11,167.81,169.95,561,21,0
1707224400,169.89,170.49,169.37,170.45,324,21,0
1707228000,170.47,170.47,169.93,170.43,130,21,0
1707231600,170.47,170.73,170.31,170.31,165,21,0
1707235200,170.31,171.23,170.25,170.93,219,21,0
1707238800,170.91,171.83,170.65,170.69,322,21,0
1707242400,170.71,171.57,170.71,171.41,114,21,0
1707300000,171.13,171.91,170.61,171.17,419,21,0
1707303600,171.05,171.49,170.79,171.41,177,21,0
1707307200,171.37,171.59,171.13,171.13,147,21,0
1707310800,171.15,171.29,170.91,171.01,108,21,0
1707314400,171.03,171.31,170.79,171.21,105,21,0
1707318000,171.17,171.17,170.99,171.11,124,21,0
1707321600,171.11,171.37,170.79,170.95,186,21,0
1707325200,170.97,171.27,170.67,170.67,243,21,0
1707328800,170.67,170.75,170.51,170.53,111,21,0
1707386400,170.91,171.07,170.07,170.23,404,21,0
1707390000,170.23,170.95,170.15,170.87,164,21,0
1707393600,170.85,170.97,169.99,170.01,155,21,0
1707397200,170.03,170.09,169.47,169.97,159,21,0
1707400800,169.97,169.97,168.95,169.01,130,21,0
1707404400,168.97,169.33,168.37,168.83,266,21,0
1707408000,168.87,168.93,168.17,168.21,242,21,0
1707411600,168.15,168.25,167.85,167.89,171,21,0
1707415200,167.91,167.93,167.51,167.63,127,21,0
1707472800,167.41,168.57,167.35,168.05,447,21,0
1707476400,168.01,168.11,167.67,168.01,168,21,0
1707480000,167.99,168.11,167.69,167.73,174,21,0
1707483600,167.69,167.77,167.13,167.35,176,21,0
1707487200,167.37,167.67,167.31,167.53,118,21,0
1707490800,167.51,167.99,167.37,167.61,178,21,0
1707494400,167.59,167.99,166.99,167.09,195,21,0
1707498000,167.07,167.91,167.01,167.81,249,21,0
1707501600,167.85,167.95,167.37,167.39,106,21,0
1707732000,168.39,168.55,167.27,167.41,312,21,0
1707735600,167.35,167.77,167.31,167.71,230,21,0
1707739200,167.73,167.87,167.49,167.49,121,21,0
1707742800,167.53,167.55,167.23,167.31,107,21,0
1707746400,167.29,167.51,167.21,167.45,114,21,0
1707750000,167.45,167.63,167.43,167.55,108,21,0
1707753600,167.53,167.79,167.45,167.69,148,21,0
1707757200,167.69,168.27,167.67,168.15,179,21,0
1707760800,168.13,168.41,168.13,168.39,76,21,0
1707818400,168.55,168.55,168.03,168.03,388,21,0
1707822000,168.05,168.29,167.81,168.23,186,21,0
1707825600,168.25,168.31,167.67,167.99,146,21,0
1707829200,167.99,168.35,167.93,167.99,91,21,0
1707832800,168.03,168.21,167.91,167.97,94,21,0
1707836400,167.95,167.95,167.03,167.11,268,21,0
1707840000,167.07,167.81,167.03,167.17,329,21,0
1707843600,167.21,168.13,167.09,167.93,238,21,0
1707847200,167.97,168.25,167.95,168.09,131,21,0
1707904800,168.47,168.93,168.35,168.71,299,21,0
1707908400,168.69,169.33,168.65,169.27,153,21,0
1707912000,169.23,169.71,169.23,169.53,125,21,0
1707915600,169.49,169.65,169.27,169.65,102,21,0
1707919200,169.69,169.75,169.15,169.15,93,21,0
1707922800,169.13,169.23,168.85,169.01,103,21,0
1707926400,169.05,169.35,168.81,168.87,205,21,0
1707930000,168.87,169.63,168.81,169.59,244,21,0
1707933600,169.61,169.73,169.47,169.57,103,21,0
1707991200,169.83,170.31,168.95,169.23,376,21,0
1707994800,169.21,169.43,168.77,168.79,229,21,0
1707998400,168.85,169.15,168.15,168.33,197,21,0
1708002000,168.37,168.65,168.33,168.43,175,21,0
1708005600,168.45,168.91,168.45,168.87,110,21,0
1708009200,168.87,168.89,168.31,168.35,183,21,0
1708012800,168.33,169.03,168.13,169.03,229,21,0
1708016400,169.07,169.47,169.05,169.29,228,21,0
1708020000,169.29,169.55,169.15,169.35,99,21,0
1708077600,169.77,169.97,168.79,169.51,429,21,0
1708081200,169.49,169.87,169.33,169.55,187,21,0
1708084800,169.53,170.19,169.51,170.09,211,21,0
1708088400,170.07,170.13,169.79,169.89,113,21,0
1708092000,169.91,170.01,169.67,169.67,77,21,0
1708095600,169.71,169.91,169.45,169.87,141,19,0
1708099200,169.83,170.11,169.73,169.87,249,21,0
1708102800,169.87,170.97,169.81,170.97,249,21,0
1708106400,170.95,170.95,170.57,170.61,97,21,0
1708336800,171.15,172.07,170.15,170.25,513,21,0
1708340400,170.27,170.59,170.23,170.59,170,21,0
1708344000,170.55,170.65,170.33,170.41,126,21,0
1708347600,170.37,170.57,170.37,170.47,64,21,0
1708351200,170.49,170.53,170.31,170.39,84,21,0
1708354800,170.41,170.49,170.37,170.47,78,21,0
1708358400,170.49,170.51,170.37,170.43,55,21,0
1708362000,170.45,170.73,170.35,170.67,109,21,0
1708365600,170.69,171.45,170.67,171.25,132,21,0
1708423200,179.23,182.57,178.73,180.85,2472,21,0
1708426800,180.87,182.47,180.73,182.05,962,19,0
1708430400,182.03,182.31,181.23,181.51,615,21,0
1708434000,181.49,183.07,181.43,182.85,495,21,0
1708437600,182.85,183.75,182.45,183.17,1097,21,0
1708441200,183.11,184.67,182.53,184.37,927,21,0
1708444800,184.33,185.17,184.07,184.93,1087,19,0
1708448400,184.97,185.65,184.77,185.45,668,19,0
1708452000,185.51,185.93,185.23,185.85,237,21,0
1708509600,183.63,184.33,181.87,182.47,1531,21,0
1708513200,182.47,184.01,182.37,183.75,565,21,0
1708516800,183.75,184.97,183.51,184.91,466,21,0
1708520400,184.91,185.29,184.17,185.25,445,21,0
1708524000,185.23,185.37,184.51,184.65,208,21,0
1708527600,184.61,184.81,184.15,184.71,293,21,0
1708531200,184.71,185.45,184.39,185.09,346,21,0
1708534800,185.11,185.37,184.63,184.97,313,21,0
1708538400,184.99,185.31,184.95,185.21,133,21,0
1708596000,186.05,186.43,184.29,184.61,1039,21,0
1708599600,184.57,184.63,184.05,184.27,419,21,0
1708603200,184.23,184.35,183.75,184.35,243,21,0
1708606800,184.35,184.81,183.99,184.09,222,21,0
1708610400,184.13,184.55,183.99,184.01,132,21,0
1708614000,184.03,184.41,183.99,184.31,160,21,0
1708617600,184.33,185.31,184.21,185.11,304,21,0
1708621200,185.15,185.57,185.03,185.43,222,19,0
1708624800,185.41,185.79,185.33,185.69,102,21,0
1708682400,185.95,187.23,185.81,187.13,469,21,0
1708686000,187.13,188.51,187.01,188.51,363,21,0
1708689600,188.45,188.95,188.05,188.67,617,21,0
1708693200,188.71,190.05,188.63,189.51,357,21,0
1708696800,189.47,189.69,189.35,189.47,204,21,0
1708700400,189.53,189.61,188.95,188.97,231,21,0
1708704000,188.93,189.71,188.93,189.67,272,21,0
1708707600,189.65,189.85,189.57,189.61,244,21,0
1708711200,189.59,189.63,189.31,189.63,127,21,0
1708941600,189.37,189.83,189.09,189.79,430,21,0
1708945200,189.81,190.09,189.41,189.79,263,21,0
1708948800,189.75,189.85,189.49,189.57,196,21,0
1708952400,189.57,189.87,189.47,189.81,112,21,0
1708956000,189.83,189.99,189.41,189.49,129,21,0
1708959600,189.47,190.03,189.29,189.81,146,21,0
1708963200,189.85,189.85,189.33,189.51,260,21,0
1708966800,189.49,189.61,189.35,189.45,169,21,0
1708970400,189.45,189.53,189.15,189.47,96,21,0
1709028000,189.79,190.43,189.35,189.41,420,21,0
1709031600,189.47,189.77,189.31,189.41,233,21,0
1709035200,189.49,189.57,189.09,189.29,160,21,0
1709038800,189.33,189.33,188.89,189.11,116,21,0
1709042400,189.13,189.37,189.03,189.11,122,21,0
1709046000,189.13,189.43,188.93,189.41,174,21,0
1709049600,189.37,189.91,189.13,189.87,181,21,0
1709053200,189.85,189.97,189.45,189.55,257,21,0
1709056800,189.53,189.57,189.23,189.41,128,21,0
1709114400,188.79,189.05,187.83,188.11,448,21,0
1709118000,188.11,188.37,187.47,187.85,289,21,0
1709121600,187.77,188.97,187.77,188.61,291,21,0
1709125200,188.59,189.21,188.37,188.69,200,21,0
1709128800,188.67,188.67,188.19,188.35,154,21,0
1709132400,188.33,189.09,188.33,188.43,254,21,0
1709136000,188.45,188.55,187.81,187.89,206,21,0
1709139600,187.87,188.63,187.87,188.51,177,21,0
1709143200,188.47,188.49,188.11,188.37,98,21,0
1709200800,188.91,189.11,187.93,188.85,537,21,0
1709204400,188.83,188.85,188.35,188.75,308,21,0
1709208000,188.79,188.83,188.25,188.51,232,21,0
1709211600,188.47,188.91,188.47,188.71,247,21,0
1709215200,188.65,188.73,188.29,188.39,180,21,0
1709218800,188.33,188.69,188.01,188.43,293,21,0
1709222400,188.35,188.55,187.97,188.07,265,21,0
1709226000,188.15,188.17,187.59,187.83,253,21,0
1709229600,187.81,188.13,187.75,188.11,63,21,0
1709287200,187.89,187.95,186.11,186.35,407,21,0
1709290800,186.33,187.67,186.31,187.15,257,21,0
1709294400,187.17,187.31,186.65,187.03,280,21,0
1709298000,187.03,187.73,186.99,187.61,186,21,0
1709301600,187.59,187.61,186.99,187.27,183,21,0
1709305200,187.23,187.37,186.87,187.03,173,21,0
1709308800,187.03,187.79,186.85,186.97,332,21,0
1709312400,187.09,187.29,186.95,187.05,215,21,0
1709316000,187.05,187.15,186.85,186.99,67,21,0
1709546400,187.52,188.91,187.49,188.45,604,21,0
1709550000,188.49,188.59,188.05,188.43,342,21,0
1709553600,188.41,188.87,188.33,188.73,256,21,0
1709557200,188.71,188.91,188.47,188.83,170,21,0
1709560800,188.85,189.71,188.83,189.67,186,21,0
1709564400,189.63,190.15,189.01,189.07,303,21,0
1709568000,189.07,189.27,188.83,189.03,406,21,0
1709571600,188.99,189.43,188.75,189.33,274,21,0
1709575200,189.29,189.65,189.25,189.61,98,21,0
1709632800,190.27,191.33,190.01,191.05,530,21,0
1709636400,191.01,191.25,189.75,189.91,403,21,0
1709640000,189.91,189.97,189.11,189.15,242,21,0
1709643600,189.17,189.85,189.17,189.35,262,21,0
1709647200,189.33,189.57,189.17,189.23,203,21,0
1709650800,189.17,189.63,189.11,189.43,224,21,0
1709654400,189.39,189.55,189.01,189.37,258,21,0
1709658000,189.37,189.77,188.91,189.41,321,21,0
1709661600,189.39,189.57,189.33,189.39,126,21,0
1709719200,189.61,190.49,189.11,189.93,607,21,0
1709722800,189.91,190.47,189.79,190.45,326,21,0
1709726400,190.41,190.43,189.71,189.93,315,21,0
1709730000,189.91,190.57,189.87,190.47,235,21,0
1709733600,190.47,190.75,190.15,190.47,243,21,0
1709737200,190.43,190.43,190.03,190.27,303,21,0
1709740800,190.29,190.87,190.29,190.57,244,21,0
1709744400,190.53,190.77,190.11,190.51,326,21,0
1709748000,190.49,190.61,190.39,190.61,92,21,0
1709805600,189.77,191.75,189.73,191.63,514,21,0
1709809200,191.65,192.01,191.33,191.57,270,21,0
1709812800,191.57,192.65,191.51,192.59,370,21,0
1709816400,192.55,193.21,192.55,193.17,211,21,0
1709820000,193.11,193.35,192.81,192.91,224,21,0
1709823600,192.89,193.71,192.63,193.63,427,21,0
1709827200,193.67,194.01,192.77,193.99,655,21,0
1709830800,194.03,194.05,193.41,193.77,316,21,0
1709834400,193.81,193.81,193.31,193.65,166,21,0
1709892000,193.66,193.73,192.97,193.17,636,21,0
1709895600,193.19,193.31,192.83,193.19,323,19,0
1709899200,193.17,193.81,193.07,193.73,333,21,0
1709902800,193.73,193.79,193.05,193.05,249,21,0
1709906400,193.07,193.51,193.03,193.51,166,21,0
1709910000,193.47,193.71,193.16,193.45,386,21,0
1709913600,193.45,193.87,192.85,193.17,380,21,0
1709917200,193.11,193.53,193.03,193.43,224,21,0
1709920800,193.43,193.47,193.23,193.47,75,21,0
1710151200,192.53,193.03,192.17,192.51,490,21,0
1710154800,192.51,192.97,191.73,192.17,420,21,0
1710158400,192.19,192.53,191.91,191.97,206,21,0
1710162000,191.95,192.57,191.95,192.25,302,21,0
1710165600,192.23,192.39,191.97,192.15,207,21,0
1710169200,192.11,192.37,191.93,192.19,312,21,0
1710172800,192.21,192.33,191.17,191.89,409,21,0
1710176400,191.87,192.23,191.53,192.01,339,19,0
1710180000,192.05,192.59,192.03,192.57,108,21,0
1710237600,193.93,194.47,193.69,193.85,455,21,0
1710241200,193.87,194.01,193.47,193.71,211,21,0
1710244800,193.73,194.03,193.15,193.53,234,21,0
1710248400,193.55,193.59,193.23,193.39,206,21,0
1710252000,193.39,193.41,192.79,192.85,340,21,0
1710255600,192.81,193.61,192.77,193.61,255,21,0
1710259200,193.63,193.65,193.31,193.41,269,21,0
1710262800,193.37,194.35,193.37,194.33,354,21,0
1710266400,194.31,194.39,194.03,194.19,225,21,0
1710324000,194.53,194.77,194.01,194.19,425,21,0
1710327600,194.21,194.85,193.97,194.43,371,21,0
1710331200,194.45,194.85,194.41,194.73,256,21,0
1710334800,194.67,195.05,194.65,194.71,215,19,0
1710338400,194.71,194.71,194.27,194.67,144,21,0
1710342000,194.65,195.05,194.59,194.91,295,21,0
1710345600,194.95,195.25,194.63,194.63,325,21,0
1710349200,194.65,194.83,194.31,194.55,221,21,0
1710352800,194.51,194.79,194.49,194.75,85,21,0
1710410400,195.19,195.81,194.67,194.85,501,21,0
1710414000,194.91,195.11,194.57,194.93,267,21,0
1710417600,194.95,195.23,194.55,195.17,228,21,0
1710421200,195.15,195.35,195.03,195.29,142,21,0
1710424800,195.35,195.73,195.23,195.57,236,21,0
1710428400,195.55,195.87,195.33,195.79,270,21,0
1710432000,195.71,195.95,194.89,194.97,312,21,0
1710435600,194.95,195.47,194.63,194.83,351,21,0
1710439200,194.85,195.55,194.81,195.51,192,21,0
1710496800,195.69,196.01,195.05,195.87,625,19,0
1710500400,195.87,195.97,195.35,195.75,339,21,0
1710504000,195.73,196.99,195.51,196.25,904,21,0
1710507600,196.19,197.29,196.05,196.83,438,21,0
1710511200,196.85,196.85,196.49,196.63,338,21,0
1710514800,196.69,196.75,195.89,196.01,440,21,0
1710518400,196.03,196.51,195.79,196.43,424,21,0
1710522000,196.43,196.65,196.09,196.09,309,21,0
1710525600,196.13,196.43,195.43,195.47,184,21,0
1710756000,194.67,194.75,193.98,194.57,353,21,0
1710759600,194.59,194.75,194.29,194.71,204,21,0
1710763200,194.75,194.81,194.21,194.31,216,21,0
1710766800,194.29,194.81,194.13,194.57,230,21,0
1710770400,194.61,194.95,194.05,194.19,186,21,0
1710774000,194.17,194.29,193.73,193.77,202,21,0
1710777600,193.79,193.95,193.01,193.37,352,21,0
1710781200,193.41,194.19,193.25,194.17,294,21,0
1710784800,194.15,194.23,193.89,193.91,89,21,0
1710842400,193.11,194.23,192.81,193.93,389,21,0
1710846000,193.99,194.47,193.99,194.17,233,21,0
1710849600,194.15,194.83,193.87,194.51,352,21,0
1710853200,194.53,194.53,194.07,194.39,165,21,0
1710856800,194.41,194.91,194.29,194.85,217,21,0
1710860400,194.83,195.27,194.41,195.27,298,21,0
1710864000,195.23,195.25,194.73,195.11,303,21,0
1710867600,195.17,195.35,194.65,194.79,200,21,0
1710871200,194.75,194.99,194.51,194.89,147,21,0
1710928800,195.30,195.31,194.35,194.81,459,21,0
1710932400,194.87,195.15,194.43,195.07,299,21,0
1710936000,195.11,195.59,194.97,195.35,270,21,0
1710939600,195.31,195.41,195.03,195.23,172,21,0
1710943200,195.19,195.33,194.93,194.93,176,21,0
1710946800,194.89,195.33,194.75,195.07,192,21,0
1710950400,195.11,195.31,194.71,194.83,234,21,0
1710954000,194.81,194.99,194.53,194.71,173,21,0
1710957600,194.69,195.07,194.65,194.71,115,21,0
1711015200,195.14,195.65,194.11,194.67,632,21,0
1711018800,194.65,194.91,193.55,193.57,379,21,0
1711022400,193.61,193.77,193.07,193.23,290,21,0
1711026000,193.23,193.57,192.85,193.09,196,21,0
1711029600,193.11,193.49,192.83,192.85,181,21,0
1711033200,192.83,193.11,192.61,192.73,253,21,0
1711036800,192.69,192.95,192.37,192.89,387,21,0
1711040400,192.89,193.79,192.79,193.73,259,21,0
1711044000,193.73,193.73,193.35,193.63,218,21,0
1711101600,191.51,192.09,190.85,191.65,649,21,0
1711105200,191.61,191.93,190.01,190.63,667,19,0
1711108800,190.67,190.93,189.31,190.09,795,19,0
1711112400,190.11,190.23,189.15,189.17,396,21,0
1711116000,189.17,190.35,188.61,190.35,473,21,0
1711119600,190.35,190.47,189.61,189.61,355,21,0
1711123200,189.63,189.99,189.15,189.47,413,19,0
1711126800,189.49,190.31,189.39,189.81,273,19,0
1711130400,189.75,189.99,189.65,189.89,92,21,0
1711360800,191.13,191.79,190.91,190.97,423,21,0
1711364400,190.95,191.25,190.43,190.85,362,21,0
1711368000,190.79,190.81,190.17,190.61,381,21,0
1711371600,190.59,190.75,190.41,190.43,236,21,0
1711375200,190.39,190.81,190.37,190.63,143,21,0
1711378800,190.63,191.47,190.63,191.37,280,21,0
1711382400,191.39,191.73,191.39,191.57,302,21,0
1711386000,191.53,191.73,191.13,191.17,206,21,0
1711389600,191.19,191.41,191.05,191.11,97,21,0
1711447200,190.71,192.59,190.51,191.27,435,21,0
1711450800,191.29,192.09,191.09,191.93,303,21,0
1711454400,191.93,192.23,191.51,191.87,228,21,0
1711458000,191.85,192.05,191.55,191.79,165,21,0
1711461600,191.77,192.21,191.71,192.11,253,21,0
1711465200,192.05,192.19,191.77,192.09,248,21,0
1711468800,192.07,192.57,191.97,192.21,310,21,0
1711472400,192.23,192.33,191.75,192.17,218,21,0
1711476000,192.19,192.53,192.03,192.49,146,21,0
1711533600,192.71,192.85,191.85,191.85,294,21,0
1711537200,191.87,192.17,191.63,191.85,227,21,0
1711540800,191.85,192.43,191.71,192.33,278,21,0
1711544400,192.33,193.05,192.33,192.87,206,21,0
1711548000,192.87,193.27,192.73,192.97,193,21,0
1711551600,193.01,193.73,192.97,193.35,365,19,0
1711555200,193.41,193.87,193.21,193.61,405,21,0
1711558800,193.59,193.61,192.89,193.05,248,21,0
1711562400,193.03,193.03,192.67,192.79,121,21,0
1711620000,193.47,193.99,193.09,193.63,457,21,0
1711623600,193.61,194.03,193.43,193.75,236,21,0
1711627200,193.79,194.05,193.45,193.47,307,19,0
1711630800,193.45,193.75,192.47,192.77,252,21,0
1711634400,192.69,193.15,192.57,192.97,248,21,0
1711638000,193.01,193.57,192.87,193.15,289,21,0
1711641600,193.17,193.21,192.57,192.81,229,21,0
1711645200,192.79,193.09,192.43,192.63,218,21,0
1711648800,192.63,192.85,192.61,192.69,127,21,0
1712052000,192.79,194.15,192.65,193.35,628,21,0
1712055600,193.35,194.21,193.25,193.35,435,21,0
1712059200,193.31,193.91,193.29,193.59,341,21,0
1712062800,193.55,193.55,192.97,193.35,196,21,0
1712066400,193.29,193.37,193.01,193.21,162,21,0
1712070000,193.25,193.25,192.19,192.31,329,21,0
1712073600,192.29,192.31,191.17,191.29,518,21,0
1712077200,191.31,191.99,190.73,191.31,621,21,0
1712080800,191.27,191.67,190.93,191.55,231,21,0
1712138400,191.38,191.55,189.79,190.33,916,21,0
1712142000,190.37,190.71,190.07,190.47,440,21,0
1712145600,190.49,191.23,190.33,190.79,329,21,0
1712149200,190.79,191.17,190.51,190.79,299,21,0
1712152800,190.79,190.83,190.23,190.37,172,21,0
1712156400,190.35,190.71,190.29,190.45,231,21,0
1712160000,190.45,191.11,190.45,191.11,242,21,0
1712163600,191.11,191.67,190.77,191.07,328,21,0
1712167200,191.11,191.41,191.11,191.29,99,21,0
1712224800,191.31,191.43,190.63,190.77,591,21,0
1712228400,190.81,191.77,190.81,190.97,347,21,0
1712232000,190.99,191.05,190.25,190.25,271,21,0
1712235600,190.21,190.27,189.55,189.85,216,21,0
1712239200,189.85,189.95,189.67,189.93,197,21,0
1712242800,189.99,189.99,189.33,189.81,240,21,0
1712246400,189.75,190.37,189.65,190.29,315,21,0
1712250000,190.31,190.35,189.57,189.87,254,21,0
1712253600,189.89,189.91,189.55,189.75,92,21,0
1712311200,187.39,187.51,186.41,187.45,980,21,0
1712314800,187.47,187.53,186.91,187.01,331,21,0
1712318400,187.05,187.45,186.85,187.25,415,19,0
1712322000,187.29,187.41,187.05,187.17,251,21,0
1712325600,187.19,187.27,186.85,186.89,153,21,0
1712329200,186.95,187.03,186.55,186.81,355,21,0
1712332800,186.83,187.09,186.21,186.41,466,21,0
1712336400,186.39,187.05,186.25,187.05,437,21,0
1712340000,187.01,187.39,186.97,187.39,133,21,0
1712570400,187.25,189.31,187.21,188.79,582,21,0
1712574000,188.83,188.97,187.97,188.61,429,21,0
1712577600,188.59,188.73,188.39,188.61,275,19,0
1712581200,188.59,188.65,188.27,188.51,206,21,0
1712584800,188.55,188.67,188.13,188.13,166,21,0
1712588400,188.11,188.93,188.01,188.77,216,21,0
1712592000,188.81,188.93,188.37,188.43,329,21,0
1712595600,188.47,188.47,187.95,187.95,295,21,0
1712599200,187.95,188.15,187.85,188.15,83,21,0
1712656800,187.92,188.25,187.35,188.15,392,21,0
1712660400,188.15,188.51,188.03,188.37,276,21,0
1712664000,188.33,188.47,188.07,188.35,324,21,0
1712667600,188.31,188.37,187.61,187.87,268,21,0
1712671200,187.93,188.17,187.75,188.13,237,21,0
1712674800,188.03,188.57,187.85,188.05,245,21,0
1712678400,188.05,188.19,187.57,187.77,296,21,0
1712682000,187.79,187.83,187.03,187.35,380,21,0
1712685600,187.39,187.79,187.35,187.69,203,19,0
1712743200,188.17,188.39,187.67,187.85,447,21,0
1712746800,187.91,188.05,187.71,187.87,309,21,0
1712750400,187.87,188.31,187.47,187.57,301,21,0
1712754000,187.61,187.99,187.51,187.89,180,21,0
1712757600,187.87,188.11,187.81,187.85,130,21,0
1712761200,187.83,187.89,185.71,186.13,830,21,0
1712764800,186.21,186.59,185.63,186.25,1016,21,0
1712768400,186.25,187.17,186.09,186.77,625,21,0
1712772000,186.81,187.33,186.55,187.33,210,21,0
1712829600,187.17,188.43,187.07,188.11,912,21,0
1712833200,188.07,188.17,187.09,187.11,490,21,0
1712836800,187.09,187.63,187.05,187.41,427,21,0
1712840400,187.45,187.51,186.67,186.93,319,21,0
1712844000,186.99,187.29,186.57,187.09,477,21,0
1712847600,187.05,188.05,186.91,187.97,622,21,0
1712851200,187.99,188.83,187.91,188.05,772,21,0
1712854800,188.01,188.03,186.39,187.59,970,21,0
1712858400,187.61,188.13,187.51,188.05,226,21,0
1712916000,189.69,190.26,189.25,189.51,469,21,0
1712919600,189.51,190.21,189.45,189.57,386,21,0
1712923200,189.63,189.83,188.35,188.73,395,21,0
1712926800,188.73,188.77,188.19,188.33,300,21,0
1712930400,188.35,188.41,188.03,188.27,203,21,0
1712934000,188.27,188.51,186.99,186.99,653,21,0
1712937600,186.95,187.83,186.43,187.43,823,21,0
1712941200,187.37,187.43,186.49,186.51,829,21,0
1712944800,186.49,186.95,186.43,186.93,232,19,0
1713175200,187.21,187.29,186.21,186.93,907,21,0
1713178800,186.89,187.55,186.89,187.41,442,21,0
1713182400,187.43,187.99,187.25,187.87,321,21,0
1713186000,187.89,188.15,187.37,187.39,226,21,0
1713189600,187.41,188.15,187.39,188.09,290,21,0
1713193200,188.05,188.99,187.91,188.49,401,21,0
1713196800,188.55,189.21,188.49,189.05,465,19,0
1713200400,189.03,189.17,188.05,188.27,779,21,0
1713204000,188.25,188.25,187.91,188.17,227,21,0
1713261600,185.41,185.89,184.81,185.69,1098,21,0
1713265200,185.67,186.21,185.49,186.13,524,21,0
1713268800,186.09,186.27,185.35,185.73,427,21,0
1713272400,185.77,186.19,185.49,186.11,301,21,0
1713276000,186.07,187.01,185.99,186.93,345,21,0
1713279600,186.91,187.27,186.65,186.89,363,21,0
1713283200,186.93,187.05,185.15,185.45,725,21,0
1713286800,185.41,185.77,185.15,185.15,575,21,0
1713290400,185.17,185.75,185.15,185.49,164,21,0
1713348000,185.41,186.69,185.41,186.55,674,21,0
1713351600,186.47,187.47,186.31,187.23,414,21,0
1713355200,187.15,187.23,186.77,186.93,315,21,0
1713358800,186.91,187.31,186.77,186.81,275,21,0
1713362400,186.83,186.95,186.71,186.85,214,21,0
1713366000,186.85,187.13,186.69,187.01,295,21,0
1713369600,187.01,187.65,186.81,186.89,422,21,0
1713373200,186.85,187.19,186.55,186.69,552,21,0
1713376800,186.71,186.97,186.51,186.65,198,21,0
1713434400,186.57,187.03,186.43,186.69,650,21,0
1713438000,186.67,187.07,186.37,186.47,338,21,0
1713441600,186.45,186.63,185.85,186.13,306,21,0
1713445200,186.11,186.21,185.85,185.97,198,21,0
1713448800,185.95,186.03,185.53,185.95,230,21,0
1713452400,185.97,186.57,185.83,186.45,313,21,0
1713456000,186.47,186.95,185.95,186.33,614,19,0
1713459600,186.20,187.37,186.20,186.89,550,21,0
1713463200,186.87,186.89,186.63,186.69,101,21,0
1713520800,185.59,185.79,184.91,185.73,799,21,0
1713524400,185.73,186.07,185.29,185.47,637,21,0
1713528000,185.45,186.93,185.31,186.53,669,21,0
1713531600,186.57,187.17,186.37,187.15,405,21,0
1713535200,187.15,187.53,186.85,187.43,359,21,0
1713538800,187.47,187.51,186.97,187.45,375,21,0
1713542400,187.41,187.79,187.01,187.45,675,21,0
1713546000,187.43,187.71,187.15,187.23,628,21,0
1713549600,187.25,187.51,187.15,187.39,200,21,0
1713780000,187.91,188.99,187.71,188.21,702,21,0
1713783600,188.15,188.41,187.25,187.77,561,21,0
1713787200,187.73,188.19,187.73,187.91,388,21,0
1713790800,187.93,188.03,187.59,187.83,177,21,0
1713794400,187.87,188.05,187.61,187.77,266,21,0
1713798000,187.81,187.93,187.25,187.61,275,19,0
1713801600,187.59,187.79,187.23,187.55,385,21,0
1713805200,187.57,187.89,187.31,187.81,403,21,0
1713808800,187.77,187.89,187.59,187.83,134,21,0
1713866400,188.45,189.19,187.79,187.85,586,21,0
1713870000,187.89,188.21,187.73,188.17,336,21,0
1713873600,188.17,188.41,187.99,188.19,302,19,0
1713877200,188.15,189.31,188.13,189.29,240,21,0
1713880800,189.31,189.31,188.75,188.93,214,21,0
1713884400,188.95,189.29,188.73,189.29,260,21,0
1713888000,189.27,190.23,189.19,189.71,376,21,0
1713891600,189.71,191.15,189.63,191.11,472,19,0
1713895200,191.15,191.15,190.55,190.91,273,19,0
1713952800,189.09,190.93,186.89,188.37,1728,21,0
1713956400,188.49,188.67,187.39,187.55,659,21,0
1713960000,187.59,188.23,187.05,187.41,694,21,0
1713963600,187.49,187.79,187.17,187.33,289,21,0
1713967200,187.31,187.71,187.03,187.55,207,21,0
1713970800,187.59,188.67,187.07,187.77,515,21,0
1713974400,187.77,188.29,186.91,186.97,725,21,0
1713978000,186.95,187.03,185.71,186.37,731,21,0
1713981600,186.31,186.45,185.71,185.85,208,21,0
1714039200,185.71,185.89,183.71,183.95,756,21,0
1714042800,183.93,184.73,183.29,183.53,516,21,0
1714046400,183.57,183.77,183.17,183.49,275,21,0
1714050000,183.47,183.53,182.11,182.13,438,21,0
1714053600,182.09,182.51,181.81,182.45,370,21,0
1714057200,182.45,182.53,181.01,181.07,609,21,0
1714060800,181.09,181.35,179.99,180.15,992,21,0
1714064400,180.11,182.73,180.07,182.73,950,21,0
1714068000,182.75,183.41,182.37,183.01,377,21,0
1714125600,184.83,184.89,182.95,183.39,541,21,0
1714129200,183.43,183.71,182.97,183.01,326,21,0
1714132800,183.01,183.05,182.43,182.93,284,21,0
1714136400,182.95,183.35,182.57,183.31,221,21,0
1714140000,183.33,183.71,183.23,183.57,183,21,0
1714143600,183.53,184.13,183.35,183.77,351,21,0
1714147200,183.79,184.65,183.71,184.47,399,21,0
1714150800,184.49,185.15,184.49,184.55,380,21,0
1714154400,184.61,184.87,184.57,184.79,193,21,0
1714384800,186.38,187.71,186.29,186.51,625,21,0
1714388400,186.45,186.69,185.95,185.99,316,21,0
1714392000,186.01,186.25,185.77,185.81,279,21,0
1714395600,185.79,185.99,185.73,185.83,187,21,0
1714399200,185.81,185.85,185.43,185.79,206,21,0
1714402800,185.77,185.99,185.65,185.85,190,21,0
1714406400,185.83,185.83,185.23,185.23,355,21,0
1714410000,185.25,185.39,184.41,184.51,249,21,0
1714413600,184.53,184.69,184.29,184.31,130,21,0
1714471200,185.21,185.21,184.25,184.65,421,21,0
1714474800,184.63,184.81,184.05,184.25,262,21,0
1714478400,184.29,184.69,184.23,184.43,298,21,0
1714482000,184.41,184.83,184.01,184.79,328,21,0
1714485600,184.75,184.79,184.49,184.65,132,21,0
1714489200,184.59,184.75,184.31,184.55,290,21,0
1714492800,184.51,184.71,184.11,184.31,335,21,0
1714496400,184.31,184.77,184.17,184.47,442,21,0
1714500000,184.41,184.43,183.51,183.57,302,21,0
1714644000,183.51,183.71,182.41,182.63,749,21,0
1714647600,182.65,183.09,182.49,182.57,310,21,0
1714651200,182.59,182.93,181.57,181.57,314,21,0
1714654800,181.53,182.69,181.31,182.45,425,21,0
1714658400,182.51,183.11,182.41,182.91,164,21,0
1714662000,182.87,183.29,182.73,182.89,255,21,0
1714665600,182.91,183.37,182.29,182.55,436,21,0
1714669200,182.55,182.67,181.85,182.13,388,21,0
1714672800,182.15,182.19,181.61,181.63,184,21,0
1714730400,181.95,181.99,180.75,181.21,474,21,0
1714734000,181.19,181.47,181.01,181.23,270,21,0
1714737600,181.19,181.49,181.03,181.31,312,21,0
1714741200,181.29,181.41,181.09,181.37,165,21,0
1714744800,181.47,181.63,180.99,181.11,259,21,0
1714748400,181.13,182.63,181.05,182.47,782,21,0
1714752000,182.51,182.51,181.41,181.41,561,21,0
1714755600,181.53,181.63,180.61,180.73,630,19,0
1714759200,180.67,180.73,180.47,180.59,148,21,0
1714989600,181.37,182.53,181.05,181.83,480,21,0
1714993200,181.81,181.91,181.27,181.71,255,21,0
1714996800,181.75,182.37,181.67,182.29,284,21,0
1715000400,182.31,182.77,182.21,182.69,163,21,0
1715004000,182.71,182.73,182.45,182.55,140,21,0
1715007600,182.55,182.87,182.53,182.71,231,21,0
1715011200,182.77,182.77,181.83,182.01,265,21,0
1715014800,182.01,182.31,181.81,181.89,277,21,0
1715018400,181.87,182.09,181.81,181.97,71,21,0
1715076000,181.71,182.73,181.71,181.93,408,21,0
1715079600,181.97,182.03,181.47,181.67,251,21,0
1715083200,181.71,181.91,181.43,181.83,238,21,0
1715086800,181.81,181.91,181.59,181.79,136,21,0
1715090400,181.75,182.09,181.65,182.05,131,21,0
1715094000,182.05,182.25,182.01,182.25,120,21,0
1715097600,182.29,183.25,182.27,183.07,345,19,0
1715101200,183.07,183.67,183.07,183.43,259,21,0
1715104800,183.51,183.89,183.19,183.69,284,19,0
1715162400,184.73,185.83,184.59,185.73,633,21,0
1715166000,185.71,186.17,185.43,186.07,329,21,0
1715169600,186.03,186.77,185.91,186.05,339,21,0
1715173200,186.03,186.51,185.93,186.37,302,21,0
1715176800,186.39,186.45,186.09,186.29,199,21,0
1715180400,186.33,186.41,185.55,185.65,234,21,0
1715184000,185.61,186.51,185.61,186.15,330,21,0
1715187600,186.13,186.83,186.11,186.45,389,21,0
1715191200,186.47,186.67,185.97,186.29,134,21,0
1715248800,186.43,186.51,185.55,185.89,308,21,0
1715252400,185.85,185.97,185.47,185.61,186,21,0
1715256000,185.59,185.81,185.35,185.71,163,21,0
1715259600,185.73,186.13,185.73,185.89,101,21,0
1715263200,185.89,186.29,185.63,186.19,183,21,0
1715266800,186.19,186.56,186.03,186.03,198,21,0
1715270400,185.99,187.01,185.99,186.87,235,21,0
1715274000,186.87,187.59,186.85,187.43,245,19,0
1715277600,187.43,187.51,187.21,187.35,109,21,0
1715335200,187.77,187.85,186.93,187.83,352,21,0
1715338800,187.87,187.91,187.29,187.77,325,21,0
1715342400,187.77,187.99,187.37,187.57,282,21,0
1715346000,187.59,187.61,186.97,187.03,213,21,0
1715349600,187.01,187.01,186.49,186.63,170,21,0
1715353200,186.65,187.03,186.47,186.77,169,21,0
1715356800,186.75,186.75,186.13,186.55,281,21,0
1715360400,186.57,187.15,186.27,186.95,369,21,0
1715364000,186.99,186.99,186.47,186.73,160,21,0
1715594400,186.93,187.49,186.21,186.51,361,21,0
1715598000,186.55,186.61,185.95,186.03,224,21,0
1715601600,186.07,186.59,186.05,186.57,160,21,0
1715605200,186.55,186.55,186.17,186.21,113,21,0
1715608800,186.23,186.35,186.13,186.27,103,21,0
1715612400,186.27,186.27,186.01,186.01,119,21,0
1715616000,186.03,186.23,185.77,186.15,162,21,0
1715619600,186.19,186.23,185.85,186.01,203,21,0
1715623200,186.03,186.03,185.61,185.69,92,21,0
1715680800,185.47,185.75,184.53,185.51,502,21,0
1715684400,185.55,186.03,185.49,185.73,237,19,0
1715688000,185.69,186.13,185.55,185.99,217,19,0
1715691600,186.07,186.79,185.97,186.77,163,21,0
1715695200,186.75,187.19,186.65,186.93,193,21,0
1715698800,186.95,187.21,186.31,186.75,392,21,0
1715702400,186.71,187.21,186.45,187.05,270,21,0
1715706000,187.03,187.17,186.33,186.61,262,21,0
1715709600,186.59,186.99,186.55,186.87,71,21,0
1715767200,186.59,187.77,186.33,186.63,460,21,0
1715770800,186.63,186.85,186.21,186.43,212,21,0
1715774400,186.39,186.69,186.27,186.57,145,21,0
1715778000,186.55,186.95,186.53,186.71,138,21,0
1715781600,186.73,187.11,186.67,186.69,136,21,0
1715785200,186.65,188.41,186.51,187.93,531,21,0
1715788800,188.01,188.49,187.75,188.21,373,21,0
1715792400,188.17,188.35,186.95,187.45,290,21,0
1715796000,187.45,187.45,187.11,187.21,116,21,0
1715853600,187.01,187.01,186.17,186.55,428,21,0
1715857200,186.53,186.59,185.95,185.97,214,21,0
1715860800,185.99,186.07,185.51,186.05,202,21,0
1715864400,185.99,186.53,185.97,186.31,192,21,0
1715868000,186.35,186.39,185.83,186.05,125,21,0
1715871600,186.03,186.33,185.77,185.99,241,21,0
1715875200,185.99,186.25,185.75,185.91,251,21,0
1715878800,185.95,186.45,185.69,185.81,228,21,0
1715882400,185.85,185.85,185.21,185.29,92,21,0
1715940000,184.79,185.49,184.61,184.97,417,21,0
1715943600,184.93,185.05,184.35,184.81,245,21,0
1715947200,184.89,185.09,184.71,185.07,302,21,0
1715950800,185.09,185.19,184.81,184.99,177,21,0
1715954400,184.99,185.59,184.91,185.27,148,21,0
1715958000,185.29,185.29,185.03,185.09,150,21,0
1715961600,185.13,185.35,184.51,185.23,376,21,0
1715965200,185.21,185.45,185.13,185.41,251,21,0
1715968800,185.35,185.59,185.31,185.51,127,21,0
1716199200,183.73,185.11,183.51,184.97,383,21,0
1716202800,184.87,185.23,184.77,184.93,233,21,0
1716206400,184.91,185.43,184.85,185.25,178,21,0
1716210000,185.27,185.59,185.07,185.55,128,21,0
1716213600,185.57,185.93,185.49,185.81,166,19,0
1716217200,185.81,186.75,185.79,186.75,276,21,0
1716220800,186.81,186.91,186.17,186.31,245,21,0
1716224400,186.29,186.29,185.27,185.45,227,21,0
1716228000,185.47,185.65,185.39,185.59,88,21,0
1716285600,185.11,185.41,184.33,184.33,392,21,0
1716289200,184.29,184.41,183.79,184.11,216,21,0
1716292800,184.05,184.43,183.95,184.01,200,21,0
1716296400,184.03,184.39,183.97,183.99,161,21,0
1716300000,184.03,184.07,183.51,183.59,129,21,0
1716303600,183.63,184.01,183.33,183.85,215,21,0
1716307200,183.75,184.33,183.57,184.23,300,21,0
1716310800,184.29,184.65,183.83,183.93,211,19,0
1716314400,183.95,184.31,183.93,184.19,73,21,0
1716372000,184.57,184.75,183.17,183.39,468,21,0
1716375600,183.39,183.43,182.53,183.05,347,21,0
1716379200,183.03,183.37,182.63,183.31,322,21,0
1716382800,183.31,183.35,182.65,182.67,224,21,0
1716386400,182.69,182.85,182.51,182.75,223,21,0
1716390000,182.73,183.03,182.43,182.59,229,21,0
1716393600,182.57,182.57,182.05,182.15,218,21,0
1716397200,182.13,182.45,181.87,182.15,283,21,0
1716400800,182.17,182.91,182.15,182.77,153,21,0
1716458400,182.31,183.49,182.21,182.93,512,21,0
1716462000,182.89,182.99,181.69,181.79,377,21,0
1716465600,181.81,182.09,181.53,181.73,292,21,0
1716469200,181.73,181.87,181.47,181.79,261,21,0
1716472800,181.83,182.05,181.67,181.85,165,21,0
1716476400,181.81,182.37,181.81,181.95,245,21,0
1716480000,181.95,182.01,181.15,181.29,387,21,0
1716483600,181.31,181.79,181.27,181.35,320,21,0
1716487200,181.35,181.73,181.27,181.71,102,21,0
1716544800,180.99,181.81,180.99,181.47,377,21,0
1716548400,181.49,181.87,181.45,181.71,186,21,0
1716552000,181.73,181.93,181.43,181.83,245,21,0
1716555600,181.83,182.13,181.75,181.95,142,21,0
1716559200,181.95,182.09,181.87,181.91,113,21,0
1716562800,181.97,182.33,181.87,181.99,171,21,0
1716566400,181.99,182.33,181.97,182.07,191,21,0
1716570000,182.05,182.75,182.05,182.35,250,21,0
1716573600,182.25,182.53,182.25,182.43,92,21,0
1716804000,182.35,182.39,181.97,182.25,285,21,0
1716807600,182.31,182.71,182.05,182.13,184,21,0
1716811200,182.07,182.45,181.91,182.07,183,21,0
1716814800,182.01,182.17,181.95,182.01,136,21,0
1716818400,181.99,182.15,181.97,182.15,57,21,0
1716822000,182.17,182.67,182.17,182.55,159,21,0
1716825600,182.57,182.83,182.37,182.51,197,21,0
1716829200,182.57,183.29,182.51,183.23,145,21,0
1716832800,183.19,183.33,183.11,183.31,60,21,0
1716890400,183.65,184.81,183.63,184.19,620,21,0
1716894000,184.19,184.81,184.19,184.61,287,21,0
1716897600,184.67,184.71,183.91,184.11,229,21,0
1716901200,184.15,184.15,183.11,183.15,293,21,0
1716904800,183.13,183.33,182.97,183.17,179,21,0
1716908400,183.23,183.23,182.45,182.55,230,21,0
1716912000,182.55,182.85,181.33,181.45,335,21,0
1716915600,181.43,181.45,180.75,181.05,378,21,0
1716919200,180.99,181.33,180.89,181.33,93,21,0
1716976800,180.67,180.87,179.87,179.89,426,21,0
1716980400,179.93,180.67,179.91,180.29,398,21,0
1716984000,180.37,180.43,179.77,179.89,288,21,0
1716987600,179.87,179.97,179.65,179.69,226,21,0
1716991200,179.67,179.69,178.99,179.15,227,21,0
1716994800,179.13,179.19,178.47,179.03,443,21,0
1716998400,179.01,179.65,178.59,179.61,446,21,0
1717002000,179.61,179.77,178.93,179.05,369,21,0
1717005600,179.07,179.11,178.75,178.95,136,21,0
1717063200,179.35,180.07,179.11,179.67,403,21,0
1717066800,179.65,179.77,179.19,179.35,263,21,0
1717070400,179.31,179.75,179.11,179.53,295,21,0
1717074000,179.53,179.61,179.31,179.43,179,21,0
1717077600,179.41,179.47,179.07,179.19,148,21,0
1717081200,179.23,179.87,179.21,179.71,237,21,0
1717084800,179.77,180.13,179.71,180.07,298,21,0
1717088400,180.11,180.47,180.01,180.23,242,21,0
1717092000,180.21,180.59,180.21,180.51,102,21,0
1717149600,180.45,180.75,179.95,180.19,396,21,0
1717153200,180.19,180.99,180.09,180.69,343,21,0
1717156800,180.63,180.85,180.25,180.41,398,21,0
1717160400,180.41,180.51,180.15,180.49,186,21,0
1717164000,180.47,180.57,180.31,180.39,151,21,0
1717167600,180.39,181.09,180.31,180.77,325,21,0
1717171200,180.73,180.81,180.25,180.25,255,21,0
1717174800,180.23,180.45,179.75,180.19,269,21,0
1717178400,180.21,180.39,180.09,180.21,98,21,0
1717408800,183.09,183.45,180.97,180.97,507,21,0
1717412400,180.95,182.73,180.77,182.29,343,21,0
1717416000,182.31,182.37,181.43,181.73,281,21,0
1717419600,181.79,182.45,181.79,182.31,255,21,0
1717423200,182.31,182.57,182.09,182.47,204,21,0
1717426800,182.43,183.21,182.41,183.05,232,21,0
1717430400,183.09,183.39,182.65,183.25,368,21,0
1717434000,183.25,183.77,183.03,183.25,420,19,0
1717437600,183.23,183.27,182.89,182.89,147,21,0
1717495200,182.33,183.25,182.15,183.05,578,21,0
1717498800,182.99,183.39,182.01,182.45,446,21,0
1717502400,182.45,182.65,182.25,182.53,300,21,0
1717506000,182.53,182.73,182.37,182.53,211,21,0
1717509600,182.55,183.29,182.45,183.21,212,21,0
1717513200,183.17,183.67,183.09,183.33,263,21,0
1717516800,183.39,183.39,182.25,182.29,360,21,0
1717520400,182.23,182.83,182.21,182.63,357,21,0
1717524000,182.63,182.65,182.41,182.47,112,21,0
1717581600,183.06,183.97,183.01,183.47,390,21,0
1717585200,183.47,183.93,183.35,183.63,293,21,0
1717588800,183.65,183.97,183.53,183.63,237,21,0
1717592400,183.63,184.15,183.57,183.87,218,21,0
1717596000,183.85,184.43,183.77,184.31,170,21,0
1717599600,184.33,184.59,183.91,184.49,237,21,0
1717603200,184.51,184.87,183.77,183.91,291,21,0
1717606800,183.57,184.49,183.57,184.39,338,21,0
1717610400,184.41,184.57,184.37,184.39,100,21,0
1717668000,186.07,186.79,185.89,186.67,450,21,0
1717671600,186.67,187.41,186.15,186.37,432,21,0
1717675200,186.43,186.93,186.31,186.63,357,21,0
1717678800,186.59,186.63,186.31,186.43,213,21,0
1717682400,186.39,186.65,186.35,186.39,166,21,0
1717686000,186.37,186.49,185.05,185.85,450,21,0
1717689600,185.87,185.87,185.03,185.45,464,21,0
1717693200,185.47,185.87,185.23,185.33,359,21,0
1717696800,185.35,185.57,185.23,185.41,147,19,0
1717754400,186.20,186.75,185.61,185.63,519,21,0
1717758000,185.59,185.77,184.65,184.89,256,21,0
1717761600,184.89,185.55,184.77,185.35,404,21,0
1717765200,185.39,185.45,184.89,185.01,257,21,0
1717768800,185.03,185.07,184.31,184.97,266,21,0
1717772400,184.99,185.73,184.74,184.95,589,21,0
1717776000,184.93,186.07,184.73,186.05,439,21,0
1717779600,186.07,187.65,186.07,187.29,570,21,0
1717783200,187.27,187.61,187.15,187.27,199,21,0
1718013600,169.33,169.43,165.61,167.75,1513,21,0
1718017200,167.71,168.15,167.15,167.43,1000,21,0
1718020800,167.43,167.43,166.07,166.37,729,21,0
1718024400,166.39,167.53,166.03,167.07,595,19,0
1718028000,167.11,168.05,167.09,167.37,370,21,0
1718031600,167.41,168.53,167.39,168.21,456,21,0
1718035200,168.25,168.41,167.19,167.53,535,19,0
1718038800,167.61,167.61,167.01,167.17,397,21,0
1718042400,167.21,168.01,167.01,167.93,206,21,0
1718100000,168.59,169.93,168.45,168.73,1119,21,0
1718103600,168.69,168.77,167.69,167.85,639,21,0
1718107200,167.83,168.39,166.67,166.67,681,21,0
1718110800,166.63,166.77,166.11,166.31,598,21,0
1718114400,166.27,166.33,165.11,165.37,513,21,0
1718118000,165.33,165.71,165.07,165.35,449,21,0
1718121600,165.35,165.87,164.65,165.75,559,21,0
1718125200,165.71,166.49,165.49,166.03,495,21,0
1718128800,166.07,166.17,165.31,165.61,211,21,0
1718186400,166.77,167.55,166.57,167.47,491,21,0
1718190000,167.49,167.59,166.95,167.19,309,21,0
1718193600,167.15,167.47,167.01,167.25,239,21,0
1718197200,167.25,167.85,167.21,167.49,213,21,0
1718200800,167.51,168.07,167.51,167.97,183,21,0
1718204400,167.99,169.31,167.91,168.21,541,21,0
1718208000,168.17,169.13,167.95,168.89,449,21,0
1718211600,168.87,169.37,168.71,168.97,365,21,0
1718215200,168.95,169.39,168.75,169.39,98,21,0
1718272800,168.75,169.21,166.93,166.93,601,21,0
1718276400,166.85,166.93,166.05,166.09,426,21,0
1718280000,166.11,166.29,165.39,166.13,531,21,0
1718283600,166.15,166.15,165.43,165.67,295,21,0
1718287200,165.67,166.11,165.59,165.93,243,21,0
1718290800,165.89,166.40,165.63,165.65,497,21,0
1718294400,165.63,165.79,164.09,164.11,480,21,0
1718298000,164.13,164.43,163.91,163.97,521,21,0
1718301600,164.01,164.03,163.15,163.47,236,19,0
1718359200,162.51,162.61,161.05,161.09,997,21,0
1718362800,161.07,161.63,160.61,161.39,891,21,0
1718366400,161.45,161.69,160.23,160.43,881,19,0
1718370000,160.37,160.91,159.73,160.53,821,21,0
1718373600,160.51,161.45,160.09,160.47,911,21,0
1718377200,160.43,160.87,160.03,160.17,617,21,0
1718380800,160.13,160.67,159.25,159.61,613,21,0
1718384400,159.55,159.77,158.41,159.19,996,21,0
1718388000,159.15,159.57,158.49,159.47,278,21,0
1718618400,159.29,160.85,159.05,159.49,810,21,0
1718622000,159.45,160.15,159.41,159.59,476,21,0
1718625600,159.57,160.37,159.41,160.23,334,21,0
1718629200,160.27,160.27,159.43,160.11,393,21,0
1718632800,160.13,160.35,159.87,160.25,332,21,0
1718636400,160.25,160.45,159.67,159.95,272,19,0
1718640000,159.97,160.35,159.95,160.03,370,21,0
1718643600,160.09,160.81,159.71,160.65,425,21,0
1718647200,160.61,160.73,160.19,160.31,153,21,0
1718704800,161.17,161.17,160.03,160.13,633,21,0
1718708400,160.13,161.07,159.91,160.99,439,21,0
1718712000,161.03,162.35,160.83,162.23,608,21,0
1718715600,162.23,162.63,162.13,162.35,272,21,0
1718719200,162.39,162.39,161.73,161.99,216,21,0
1718722800,162.05,162.57,161.93,162.51,277,21,0
1718726400,162.47,162.47,161.65,161.81,379,21,0
1718730000,161.79,162.41,161.79,162.07,294,21,0
1718733600,162.03,162.35,161.93,162.17,98,21,0
1718791200,161.81,162.43,161.53,161.59,409,21,0
1718794800,161.59,162.13,161.03,161.09,426,21,0
1718798400,161.05,161.97,161.05,161.79,356,21,0
1718802000,161.81,161.87,160.95,161.41,311,21,0
1718805600,161.45,161.73,161.33,161.33,204,21,0
1718809200,161.33,161.43,161.01,161.05,267,21,0
1718812800,161.11,161.75,161.05,161.31,286,21,0
1718816400,161.35,161.69,161.19,161.25,240,21,0
1718820000,161.25,161.43,161.09,161.27,133,21,0
1718877600,161.29,162.45,161.29,162.33,357,21,0
1718881200,162.29,162.73,162.13,162.55,281,21,0
1718884800,162.59,164.19,162.55,164.07,362,21,0
1718888400,164.07,164.25,163.37,163.67,289,21,0
1718892000,163.57,163.81,163.31,163.39,286,21,0
1718895600,163.37,163.91,163.17,163.69,288,21,0
1718899200,163.73,164.45,163.49,164.31,365,21,0
1718902800,164.31,164.61,163.93,164.53,331,21,0
1718906400,164.53,164.63,164.17,164.43,127,21,0
1718964000,163.73,164.37,163.21,163.69,768,21,0
1718967600,163.69,163.85,163.23,163.37,400,21,0
1718971200,163.35,163.81,163.01,163.25,500,21,0
1718974800,163.23,163.35,162.67,163.11,384,21,0
1718978400,163.17,163.29,162.57,162.57,240,21,0
1718982000,162.57,163.05,162.35,162.93,214,21,0
1718985600,162.99,162.99,162.09,162.79,368,21,0
1718989200,162.77,163.81,162.77,163.61,352,21,0
1718992800,163.59,163.65,163.07,163.13,222,21,0
1719223200,162.62,163.95,162.41,163.65,497,21,0
1719226800,163.69,163.89,163.35,163.59,400,21,0
1719230400,163.67,164.13,163.15,163.33,365,21,0
1719234000,163.31,163.77,163.13,163.71,324,21,0
1719237600,163.69,164.11,163.67,163.85,251,21,0
1719241200,163.87,163.93,163.53,163.73,218,21,0
1719244800,163.73,164.99,163.67,164.87,346,21,0
1719248400,164.87,165.05,164.41,164.79,453,21,0
1719252000,164.81,164.83,164.53,164.77,109,21,0
1719309600,164.05,167.73,163.91,167.37,999,21,0
1719313200,167.45,168.13,167.05,167.63,495,21,0
1719316800,167.65,167.97,166.89,166.95,393,21,0
1719320400,166.99,167.57,166.99,167.45,294,21,0
1719324000,167.47,167.67,166.91,167.37,280,21,0
1719327600,167.39,167.83,166.79,167.05,327,19,0
1719331200,167.09,167.11,166.05,166.73,394,21,0
1719334800,166.73,167.03,166.29,166.41,363,21,0
1719338400,166.37,166.85,166.27,166.55,125,21,0
1719396000,167.19,167.53,166.37,167.05,485,21,0
1719399600,167.09,167.17,165.65,165.89,366,21,0
1719403200,165.89,165.89,164.77,164.91,393,21,0
1719406800,164.87,165.09,164.37,164.91,413,21,0
1719410400,164.97,165.17,164.47,164.59,388,21,0
1719414000,164.55,164.79,163.99,164.11,418,21,0
1719417600,164.11,165.11,164.05,164.91,472,21,0
1719421200,164.85,165.29,164.71,165.13,296,21,0
1719424800,165.19,165.25,164.55,164.73,160,21,0
1719482400,165.79,166.09,165.07,165.39,421,21,0
1719486000,165.35,165.37,164.37,164.69,254,21,0
1719489600,164.73,164.75,164.11,164.27,266,21,0
1719493200,164.23,164.55,164.01,164.25,200,21,0
1719496800,164.19,164.51,163.99,164.37,210,21,0
1719500400,164.33,164.61,164.01,164.33,275,21,0
1719504000,164.29,164.83,164.25,164.41,328,21,0
1719507600,164.37,164.59,163.49,163.49,292,21,0
1719511200,163.51,163.55,162.83,163.25,215,21,0
1719568800,163.41,163.49,161.37,161.37,484,21,0
1719572400,161.31,162.69,161.19,162.51,586,21,0
1719576000,162.53,162.53,161.79,162.05,535,21,0
1719579600,162.09,162.29,161.93,162.23,257,19,0
1719583200,162.17,162.17,161.21,161.63,280,21,0
1719586800,161.65,161.83,161.13,161.49,486,21,0
1719590400,161.55,161.75,160.83,161.01,548,21,0
1719594000,161.05,161.75,160.81,161.17,522,21,0
1719597600,161.15,161.15,160.51,161.03,223,21,0
1719828000,165.39,165.79,164.71,165.01,1075,21,0
1719831600,165.05,165.19,163.87,164.21,574,21,0
1719835200,164.09,164.39,163.55,163.97,367,21,0
1719838800,163.95,164.23,163.79,163.93,334,21,0
1719842400,163.91,164.13,163.49,163.69,206,21,0
1719846000,163.63,164.07,163.53,163.77,260,21,0
1719849600,163.77,164.71,163.67,163.97,377,21,0
1719853200,163.99,164.29,163.13,163.33,458,21,0
1719856800,163.25,163.51,162.93,163.11,126,21,0
1719914400,162.51,162.51,160.79,161.65,911,21,0
1719918000,161.67,162.07,161.35,161.75,433,21,0
1719921600,161.75,161.79,160.57,161.21,439,21,0
1719925200,161.23,161.53,161.11,161.23,240,21,0
1719928800,161.25,161.49,160.65,161.39,263,21,0
1719932400,161.39,161.55,161.25,161.55,197,21,0
1719936000,161.59,162.63,161.45,162.37,445,21,0
1719939600,162.37,162.69,162.29,162.59,314,21,0
1719943200,162.61,162.67,162.33,162.53,139,21,0
1720000800,163.59,163.73,162.27,162.57,455,21,0
1720004400,162.61,163.21,162.21,162.97,311,21,0
1720008000,163.01,164.21,162.79,163.99,386,21,0
1720011600,163.97,164.07,163.21,163.21,319,21,0
1720015200,163.23,163.77,163.23,163.73,173,21,0
1720018800,163.75,163.87,163.29,163.85,289,21,0
1720022400,163.87,164.07,163.07,163.59,378,21,0
1720026000,163.59,163.75,162.97,163.41,387,21,0
1720029600,163.37,163.73,163.27,163.67,122,21,0
1720087200,164.35,164.79,164.07,164.47,412,21,0
1720090800,164.47,165.01,164.31,164.81,238,21,0
1720094400,164.87,165.29,164.79,165.03,281,21,0
1720098000,165.03,165.07,164.61,164.81,171,21,0
1720101600,164.79,165.19,164.65,164.99,124,21,0
1720105200,164.95,165.15,164.83,165.15,116,21,0
1720108800,165.09,165.19,164.89,165.17,109,21,0
1720112400,165.15,165.29,164.77,165.07,122,21,0
1720116000,165.09,165.25,165.03,165.17,81,21,0
1720173600,164.95,165.05,163.89,164.55,443,21,0
1720177200,164.45,164.53,163.55,164.21,267,21,0
1720180800,164.11,164.39,163.91,164.31,258,21,0
1720184400,164.33,164.39,163.97,164.03,157,21,0
1720188000,164.09,164.29,163.87,164.11,135,21,0
1720191600,164.15,164.89,164.09,164.37,430,21,0
1720195200,164.41,164.43,163.35,163.37,358,21,0
1720198800,163.31,163.61,162.65,163.39,460,21,0
1720202400,163.39,163.51,163.05,163.09,167,21,0
1720432800,162.49,164.47,162.49,164.45,592,21,0
1720436400,164.51,165.57,164.45,165.05,390,21,0
1720440000,165.03,165.05,164.33,164.87,329,21,0
1720443600,164.83,164.85,164.01,164.05,230,21,0
1720447200,163.99,164.69,163.97,164.33,213,21,0
1720450800,164.29,164.93,164.05,164.79,191,21,0
1720454400,164.81,165.03,164.57,164.59,227,21,0
1720458000,164.57,164.63,163.41,163.63,311,21,0
1720461600,163.67,164.27,163.61,164.27,161,21,0
1720519200,162.91,163.15,161.53,163.11,686,21,0
1720522800,163.09,163.79,162.53,162.85,486,21,0
1720526400,162.87,162.95,162.45,162.67,270,21,0
1720530000,162.67,162.83,162.43,162.47,128,21,0
1720533600,162.49,162.49,162.03,162.07,157,21,0
1720537200,162.09,162.13,161.09,161.39,178,21,0
1720540800,161.41,161.89,161.19,161.33,283,21,0
1720544400,161.29,161.45,160.51,160.51,423,21,0
1720548000,160.51,160.59,160.27,160.33,185,21,0
1720605600,160.87,161.49,160.15,160.63,492,21,0
1720609200,160.63,161.25,160.53,160.99,321,21,0
1720612800,161.01,162.07,160.99,161.97,324,21,0
1720616400,162.01,162.09,161.63,161.79,189,21,0
1720620000,161.77,161.87,161.17,161.45,219,21,0
1720623600,161.45,161.53,161.11,161.31,154,21,0
1720627200,161.33,161.83,161.25,161.83,204,21,0
1720630800,161.85,161.91,161.13,161.65,364,21,0
1720634400,161.71,162.07,161.71,162.03,139,21,0
1720692000,162.55,162.65,161.95,162.43,566,21,0
1720695600,162.49,163.15,162.49,162.83,213,21,0
1720699200,162.83,163.05,162.51,162.57,211,21,0
1720702800,162.57,162.65,161.81,162.05,189,21,0
1720706400,162.01,162.35,161.75,162.35,154,21,0
1720710000,162.41,163.73,162.35,162.87,668,21,0
1720713600,162.89,163.63,162.85,163.49,454,21,0
1720717200,163.49,163.79,163.33,163.63,353,21,0
1720720800,163.61,163.89,163.47,163.73,163,21,0
1720778400,164.35,164.91,164.27,164.67,341,21,0
1720782000,164.59,165.31,164.57,164.67,313,21,0
1720785600,164.65,164.65,163.93,164.07,153,21,0
1720789200,164.11,164.71,163.99,164.61,151,21,0
1720792800,164.57,164.71,164.43,164.67,151,21,0
1720796400,164.69,164.83,164.21,164.67,259,21,0
1720800000,164.69,165.01,164.41,164.97,242,21,0
1720803600,164.97,165.97,164.97,165.89,349,21,0
1720807200,165.91,166.39,165.89,166.37,143,21,0
1721037600,165.63,165.63,164.05,164.99,619,21,0
1721041200,164.97,165.71,164.95,165.49,234,21,0
1721044800,165.49,165.81,165.31,165.43,189,21,0
1721048400,165.45,165.49,165.03,165.11,218,21,0
1721052000,165.11,165.19,164.55,164.81,243,21,0
1721055600,164.83,164.99,164.11,164.17,196,21,0
1721059200,164.13,164.17,163.51,164.07,297,21,0
1721062800,164.11,164.13,163.09,163.25,274,21,0
1721066400,163.25,163.53,163.05,163.09,131,21,0
1721124000,162.05,163.21,161.73,162.47,431,21,0
1721127600,162.45,162.95,162.43,162.83,287,21,0
1721131200,162.83,162.95,162.43,162.45,191,21,0
1721134800,162.57,162.67,162.23,162.37,166,21,0
1721138400,162.41,162.65,162.25,162.57,187,21,0
1721142000,162.57,163.05,162.57,162.77,265,21,0
1721145600,162.71,162.87,162.09,162.43,298,21,0
1721149200,162.45,163.21,162.45,163.09,278,21,0
1721152800,163.05,163.13,162.91,162.93,78,21,0
1721210400,162.27,163.67,162.19,163.33,649,21,0
1721214000,163.35,163.47,162.93,163.39,322,21,0
1721217600,163.39,163.53,163.01,163.51,251,21,0
1721221200,163.57,163.95,163.49,163.67,222,21,0
1721224800,163.67,163.73,162.99,163.53,332,21,0
1721228400,163.53,164.27,163.49,163.93,273,21,0
1721232000,163.95,165.05,163.63,164.95,376,21,0
1721235600,165.01,165.81,164.75,165.39,425,21,0
1721239200,165.29,165.37,164.95,165.17,131,21,0
1721296800,165.37,165.73,164.09,164.19,680,21,0
1721300400,164.19,165.27,164.09,165.21,445,21,0
1721304000,165.19,165.75,165.19,165.65,294,21,0
1721307600,165.67,166.15,165.41,166.05,334,21,0
1721311200,165.95,166.07,165.63,165.87,200,21,0
1721314800,165.83,166.09,165.51,165.89,290,21,0
1721318400,165.91,166.43,165.75,166.37,382,21,0
1721322000,166.33,166.51,165.27,165.41,418,21,0
1721325600,165.41,165.77,165.33,165.37,205,21,0
1721383200,164.35,164.51,162.95,163.23,1036,21,0
1721386800,163.23,163.47,162.79,163.41,542,21,0
1721390400,163.39,163.41,162.15,162.39,732,21,0
1721394000,162.45,163.51,162.37,163.13,423,21,0
1721397600,163.15,163.81,163.05,163.57,245,21,0
1721401200,163.55,164.19,163.37,163.99,231,21,0
1721404800,164.01,164.01,162.95,163.11,353,21,0
1721408400,163.09,163.51,163.09,163.25,216,21,0
1721412000,163.27,163.35,162.63,162.63,85,21,0
1721642400,163.67,163.89,163.11,163.21,430,21,0
1721646000,163.17,164.77,163.17,164.27,315,21,0
1721649600,164.23,165.21,164.13,165.17,288,21,0
1721653200,165.25,165.81,165.17,165.73,199,21,0
1721656800,165.73,165.83,165.35,165.73,173,21,0
1721660400,165.61,165.75,165.35,165.35,138,21,0
1721664000,165.37,165.71,164.77,164.79,199,19,0
1721667600,164.79,165.01,164.53,164.85,225,21,0
1721671200,164.89,165.03,164.73,164.77,86,21,0
1721728800,165.13,165.25,164.53,164.61,347,21,0
1721732400,164.67,165.73,164.55,165.37,238,21,0
1721736000,165.41,166.15,165.35,166.07,223,21,0
1721739600,166.11,167.15,166.11,167.07,211,21,0
1721743200,167.07,167.21,166.75,166.95,200,21,0
1721746800,166.87,166.95,165.91,166.23,210,21,0
1721750400,166.21,166.21,165.51,165.65,278,21,0
1721754000,165.61,165.85,165.03,165.59,233,21,0
1721757600,165.63,165.73,165.55,165.67,74,21,0
1721815200,164.33,165.29,163.83,164.53,933,21,0
1721818800,164.49,164.71,164.01,164.69,548,21,0
1721822400,164.71,164.85,163.77,164.65,332,21,0
1721826000,164.63,165.01,164.45,164.87,249,21,0
1721829600,164.89,165.25,164.67,164.77,235,21,0
1721833200,164.73,165.27,164.65,164.89,238,21,0
1721836800,164.91,165.87,164.89,165.47,388,21,0
1721840400,165.45,166.27,165.39,165.93,394,21,0
1721844000,165.95,165.99,165.41,165.67,111,21,0
1721901600,164.35,164.63,163.51,164.29,1031,21,0
1721905200,164.35,164.73,163.39,164.31,503,21,0
1721908800,164.35,164.47,163.47,164.21,342,21,0
1721912400,164.23,164.31,163.63,163.83,238,21,0
1721916000,163.85,164.35,163.59,163.63,168,21,0
1721919600,163.67,163.95,163.15,163.69,288,21,0
1721923200,163.69,164.43,163.37,164.09,311,21,0
1721926800,164.09,164.43,163.53,164.41,265,21,0
1721930400,164.45,164.57,164.13,164.53,137,19,0
1721988000,163.87,165.81,163.17,165.51,815,21,0
1721991600,165.57,165.81,164.99,165.75,415,21,0
1721995200,165.73,166.33,165.39,166.11,376,21,0
1721998800,166.09,166.55,165.93,166.23,276,21,0
1722002400,166.19,167.05,165.75,167.05,292,21,0
1722006000,166.99,167.33,166.37,166.85,365,21,0
1722009600,166.89,167.01,166.57,166.83,281,21,0
1722013200,166.79,167.75,166.79,167.63,327,21,0
1722016800,167.67,167.77,166.97,166.97,116,21,0
1722247200,167.83,168.01,166.95,167.57,574,21,0
1722250800,167.59,167.85,167.03,167.43,407,19,0
1722254400,167.39,167.75,166.95,167.61,221,21,0
1722258000,167.59,167.83,167.29,167.31,142,21,0
1722261600,167.35,167.71,167.07,167.51,202,21,0
1722265200,167.55,167.65,166.63,166.67,219,21,0
1722268800,166.63,166.63,165.75,166.03,479,21,0
1722272400,166.01,166.05,164.53,165.35,546,21,0
1722276000,165.35,165.97,165.21,165.85,140,21,0
1722333600,166.11,166.57,165.41,166.41,521,21,0
1722337200,166.41,166.67,165.83,166.51,330,21,0
1722340800,166.59,167.03,166.31,166.87,227,21,0
1722344400,166.89,167.25,166.89,166.97,146,21,0
1722348000,166.91,167.01,166.81,166.93,104,21,0
1722351600,166.95,167.13,166.77,167.13,124,21,0
1722355200,167.11,167.65,167.07,167.59,234,21,0
1722358800,167.57,167.91,167.31,167.53,291,21,0
1722362400,167.49,167.75,167.21,167.55,146,21,0
1722420000,167.93,168.61,167.37,168.35,681,21,0
1722423600,168.31,169.21,168.21,169.21,298,21,0
1722427200,169.21,169.53,168.81,169.33,314,21,0
1722430800,169.31,169.51,168.75,169.11,183,21,0
1722434400,169.03,169.03,168.53,168.69,158,21,0
1722438000,168.65,168.97,168.55,168.59,235,21,0
1722441600,168.63,168.69,167.41,167.49,401,21,0
1722445200,167.51,168.53,167.49,168.23,300,21,0
1722448800,168.25,168.43,167.97,168.27,172,21,0
1722506400,166.95,167.33,166.11,167.25,1378,21,0
1722510000,167.25,167.35,166.47,166.67,671,19,0
1722513600,166.63,166.89,166.29,166.89,378,21,0
1722517200,166.93,167.81,166.73,167.00,473,21,0
1722520800,166.99,167.27,166.53,166.57,355,21,0
1722524400,166.61,166.99,166.45,166.59,264,19,0
1722528000,166.59,167.71,166.55,167.41,530,21,0
1722531600,167.39,167.45,165.43,165.75,908,21,0
1722535200,165.71,165.97,165.49,165.81,299,21,0
1722592800,165.31,165.95,164.07,164.69,1290,21,0
1722596400,164.67,165.43,164.41,165.35,680,21,0
1722600000,165.37,165.41,164.35,164.47,598,21,0
1722603600,164.47,164.85,164.15,164.51,458,19,0
1722607200,164.51,164.79,164.03,164.13,267,21,0
1722610800,164.17,164.83,163.01,164.69,1026,21,0
1722614400,164.71,165.51,164.41,164.89,786,21,0
1722618000,164.93,165.43,163.95,163.99,1060,21,0
1722621600,163.99,164.03,162.81,163.17,548,19,0
1722852000,161.31,162.39,159.07,161.05,2508,21,0
1722855600,161.09,161.77,160.67,161.41,1262,21,0
1722859200,161.41,161.91,160.69,161.35,702,21,0
1722862800,161.33,161.71,160.95,161.63,555,21,0
1722866400,161.61,162.17,161.03,161.17,603,19,0
1722870000,161.17,161.49,160.59,161.21,1049,19,0
1722873600,161.15,162.97,161.03,162.25,1744,21,0
1722877200,162.29,163.35,161.57,161.99,2480,21,0
1722880800,162.01,162.77,161.63,162.07,677,21,0
1722938400,161.63,163.63,160.83,162.51,1719,21,0
1722942000,162.47,162.97,161.75,161.99,747,21,0
1722945600,161.93,161.95,160.93,161.51,629,21,0
1722949200,161.53,161.79,161.07,161.57,452,21,0
1722952800,161.57,161.95,161.09,161.29,361,21,0
1722956400,161.33,161.37,160.05,160.05,571,21,0
1722960000,160.09,161.55,160.03,161.55,977,21,0
1722963600,161.51,162.09,160.79,161.75,933,21,0
1722967200,161.81,162.13,160.95,160.95,356,21,0
1723024800,161.26,162.33,160.85,162.17,1080,21,0
1723028400,162.19,162.93,162.01,162.89,470,21,0
1723032000,162.91,163.35,162.35,162.95,566,21,0
1723035600,163.01,163.75,162.95,163.63,398,21,0
1723039200,163.63,163.93,163.13,163.35,399,21,0
1723042800,163.39,163.49,162.91,163.33,326,21,0
1723046400,163.35,163.95,163.21,163.89,477,21,0
1723050000,163.91,164.45,163.63,164.09,450,21,0
1723053600,164.09,164.09,163.67,163.87,185,21,0
1723111200,162.65,162.73,161.27,161.99,733,21,0
1723114800,161.93,162.05,161.17,161.89,344,21,0
1723118400,161.87,162.11,161.21,161.51,327,21,0
1723122000,161.53,162.01,161.41,161.45,259,21,0
1723125600,161.47,161.81,161.25,161.75,279,21,0
1723129200,161.69,162.39,161.57,162.03,610,21,0
1723132800,162.09,162.87,161.95,162.35,454,21,0
1723136400,162.35,162.77,162.31,162.69,368,21,0
1723140000,162.67,162.97,162.45,162.71,176,21,0
1723197600,163.07,163.21,162.47,163.15,439,21,0
1723201200,163.19,163.67,162.97,163.53,300,21,0
1723204800,163.53,163.93,163.05,163.89,326,21,0
1723208400,163.87,163.87,163.21,163.27,256,21,0
1723212000,163.29,163.35,162.91,163.19,211,21,0
1723215600,163.17,163.19,162.51,162.75,268,21,0
1723219200,162.69,162.79,162.01,162.39,330,21,0
1723222800,162.37,163.05,162.33,163.05,340,21,0
1723226400,163.05,163.25,162.93,162.95,80,21,0
1723456800,164.21,164.33,163.51,163.77,367,21,0
1723460400,163.75,163.85,162.75,162.81,242,21,0
1723464000,162.79,162.97,162.37,162.77,214,21,0
1723467600,162.75,162.93,162.49,162.93,185,21,0
1723471200,162.89,163.17,162.87,162.97,124,21,0
1723474800,162.99,163.09,162.69,162.77,135,21,0
1723478400,162.75,162.93,162.03,162.25,317,21,0
1723482000,162.27,162.77,162.25,162.73,296,21,0
1723485600,162.77,162.77,161.93,161.99,176,21,0
1723543200,162.21,163.65,162.21,163.01,377,21,0
1723546800,162.97,163.09,162.05,162.55,308,21,0
1723550400,162.45,162.55,162.13,162.13,217,21,0
1723554000,162.13,162.13,161.71,161.95,220,21,0
1723557600,161.97,162.25,161.93,162.15,170,21,0
1723561200,162.19,162.55,162.01,162.25,259,21,0
1723564800,162.27,162.47,161.99,162.19,326,21,0
1723568400,162.19,162.57,161.91,162.49,253,21,0
1723572000,162.51,162.61,162.45,162.47,148,21,0
1723629600,163.53,163.71,163.07,163.07,303,21,0
1723633200,163.11,163.73,162.99,163.67,183,21,0
1723636800,163.71,163.71,162.97,163.01,175,21,0
1723640400,162.93,162.95,162.39,162.49,166,21,0
1723644000,162.51,162.81,162.33,162.79,144,21,0
1723647600,162.75,163.17,162.63,162.99,378,21,0
1723651200,162.97,163.11,162.59,162.71,237,21,0
1723654800,162.73,162.93,162.47,162.91,256,21,0
1723658400,162.95,163.19,162.91,163.07,71,21,0
1723716000,163.99,164.11,163.55,163.85,226,21,0
1723719600,163.87,163.91,163.13,163.17,211,21,0
1723723200,163.13,163.37,163.09,163.21,103,21,0
1723726800,163.19,163.19,162.75,162.79,131,21,0
1723730400,162.83,163.21,162.79,163.09,114,21,0
1723734000,163.07,164.43,162.87,164.19,386,21,0
1723737600,164.19,165.05,163.85,164.97,408,19,0
1723741200,164.97,165.09,164.51,164.79,387,21,0
1723744800,164.85,165.03,164.77,164.93,99,21,0
1723802400,165.23,165.29,164.79,165.23,294,21,0
1723806000,165.17,165.77,165.03,165.05,338,21,0
1723809600,165.07,165.69,164.99,165.65,284,21,0
1723813200,165.67,165.67,165.11,165.23,167,21,0
1723816800,165.15,165.25,164.93,164.99,137,21,0
1723820400,164.97,165.01,164.55,164.91,153,21,0
1723824000,164.85,165.11,164.61,164.75,411,21,0
1723827600,164.81,165.35,164.77,165.31,199,21,0
1723831200,165.29,165.59,165.25,165.55,90,21,0
1724061600,165.87,166.29,165.31,165.39,258,21,0
1724065200,165.41,165.91,165.31,165.55,178,21,0
1724068800,165.51,165.83,165.31,165.77,146,21,0
1724072400,165.77,165.89,165.45,165.63,142,21,0
1724076000,165.67,165.73,165.51,165.59,103,21,0
1724079600,165.63,165.69,165.45,165.47,93,21,0
1724083200,165.47,166.21,165.41,166.11,167,21,0
1724086800,166.13,166.43,165.99,165.99,158,21,0
1724090400,165.99,166.01,165.61,165.61,84,21,0
1724148000,166.05,166.17,165.67,166.09,254,21,0
1724151600,166.15,166.15,165.45,165.61,202,21,0
1724155200,165.57,165.75,165.37,165.43,145,21,0
1724158800,165.41,165.59,165.13,165.49,125,21,0
1724162400,165.51,165.53,165.23,165.31,93,21,0
1724166000,165.33,165.33,164.75,164.99,147,21,0
1724169600,165.03,165.11,164.77,165.05,182,21,0
1724173200,164.99,165.07,164.71,165.01,178,21,0
1724176800,164.97,164.97,164.57,164.57,71,21,0
1724234400,165.41,165.63,165.11,165.43,256,21,0
1724238000,165.47,166.09,165.47,166.07,167,21,0
1724241600,166.13,166.41,165.89,165.89,196,21,0
1724245200,165.89,165.93,165.73,165.89,112,21,0
1724248800,165.87,165.93,165.73,165.73,110,21,0
1724252400,165.73,165.87,165.45,165.73,133,21,0
1724256000,165.75,165.75,165.13,165.43,186,21,0
1724259600,165.45,165.71,164.91,165.31,303,21,0
1724263200,165.33,165.57,165.29,165.43,118,21,0
1724320800,165.59,166.07,165.33,165.83,343,21,0
1724324400,165.85,166.05,165.63,165.77,176,21,0
1724328000,165.81,166.27,165.57,165.59,173,21,0
1724331600,165.57,165.69,165.35,165.39,131,21,0
1724335200,165.41,165.41,164.93,165.07,127,21,0
1724338800,165.09,165.17,164.89,165.09,125,21,0
1724342400,165.11,165.49,165.03,165.09,182,21,0
1724346000,165.11,165.19,164.85,164.89,180,21,0
1724349600,164.93,164.95,164.53,164.53,76,21,0
1724407200,165.29,165.67,164.89,165.33,278,19,0
1724410800,165.29,165.85,165.15,165.83,167,21,0
1724414400,165.87,166.13,165.73,165.99,275,19,0
1724418000,166.01,166.25,165.95,166.19,107,21,0
1724421600,166.17,166.19,165.89,165.91,91,21,0
1724425200,165.91,165.97,165.75,165.83,96,21,0
1724428800,165.81,165.81,165.25,165.39,199,21,0
1724432400,165.43,166.29,165.41,165.87,455,21,0
1724436000,165.83,165.91,165.61,165.85,136,21,0
1724666400,165.49,165.71,165.05,165.07,171,19,0
1724670000,165.03,165.51,165.01,165.43,138,21,0
1724673600,165.47,165.51,165.23,165.25,105,21,0
1724677200,165.27,165.53,165.27,165.47,106,21,0
1724680800,165.49,165.61,165.35,165.53,96,21,0
1724684400,165.53,165.85,165.47,165.85,86,21,0
1724688000,165.91,166.25,165.59,166.25,137,21,0
1724691600,166.29,166.41,165.91,166.01,160,21,0
1724695200,165.99,166.17,165.99,166.01,54,21,0
1724752800,166.03,166.67,166.03,166.47,234,21,0
1724756400,166.47,166.69,166.41,166.69,205,21,0
1724760000,166.67,166.67,166.11,166.15,129,21,0
1724763600,166.19,166.19,165.81,165.89,138,21,0
1724767200,165.89,166.15,165.77,166.03,163,21,0
1724770800,165.97,166.01,165.47,165.59,134,21,0
1724774400,165.59,166.13,165.53,165.69,280,21,0
1724778000,165.71,165.99,165.55,165.75,173,21,0
1724781600,165.77,165.87,165.63,165.63,77,21,0
1724839200,166.21,166.45,165.97,166.13,212,21,0
1724842800,166.13,166.51,166.03,166.31,160,21,0
1724846400,166.29,166.77,166.19,166.67,116,21,0
1724850000,166.69,167.37,166.67,167.35,132,21,0
1724853600,167.37,167.51,167.21,167.47,119,21,0
1724857200,167.45,167.51,167.13,167.17,94,21,0
1724860800,167.17,167.83,167.09,167.67,207,21,0
1724864400,167.59,167.65,167.25,167.47,172,21,0
1724868000,167.43,167.47,167.11,167.17,93,21,0
1724925600,167.45,168.37,167.35,167.83,293,21,0
1724929200,167.79,168.31,167.75,168.11,250,21,0
1724932800,168.11,168.49,168.11,168.25,169,21,0
1724936400,168.21,168.65,168.21,168.45,158,21,0
1724940000,168.49,168.77,168.33,168.63,124,21,0
1724943600,168.65,168.77,168.35,168.65,209,21,0
1724947200,168.69,168.73,168.01,168.23,231,21,0
1724950800,168.25,168.75,168.13,168.61,244,21,0
1724954400,168.65,168.91,168.65,168.87,67,21,0
1725012000,169.21,169.61,168.85,169.57,264,21,0
1725015600,169.61,169.73,169.31,169.41,133,21,0
1725019200,169.37,169.79,169.31,169.45,182,21,0
1725022800,169.47,169.61,169.35,169.45,103,21,0
1725026400,169.47,169.53,169.11,169.21,99,21,0
1725030000,169.15,169.45,168.79,168.89,141,21,0
1725033600,168.93,169.31,168.85,169.03,179,21,0
1725037200,169.05,169.39,168.65,168.65,193,21,0
1725040800,168.65,168.73,168.43,168.43,62,21,0
1725271200,168.31,168.43,167.53,168.13,421,21,0
1725274800,168.13,168.35,167.85,167.85,177,21,0
1725278400,167.87,168.17,167.81,168.13,117,21,0
1725282000,168.13,168.15,167.93,168.07,107,21,0
1725285600,168.05,168.67,168.05,168.65,83,21,0
1725289200,168.63,168.97,168.53,168.93,104,21,0
1725292800,168.95,168.97,168.39,168.65,174,21,0
1725296400,168.65,168.95,168.53,168.77,136,21,0
1725300000,168.77,168.79,168.69,168.73,73,21,0
1725357600,169.51,169.61,169.01,169.19,211,21,0
1725361200,169.21,169.41,169.01,169.11,177,21,0
1725364800,169.09,169.17,168.81,168.93,155,21,0
1725368400,168.85,169.11,168.71,169.03,138,21,0
1725372000,169.05,169.19,168.93,169.15,101,21,0
1725375600,169.15,169.23,168.95,168.95,136,21,0
1725379200,168.99,169.45,168.93,169.41,253,21,0
1725382800,169.11,169.39,168.57,168.75,411,21,0
1725386400,168.73,169.31,168.73,169.09,154,21,0
1725444000,168.95,171.17,168.63,171.13,790,21,0
1725447600,171.13,171.17,169.83,170.27,383,21,0
1725451200,170.25,170.43,170.09,170.21,282,21,0
1725454800,170.23,170.31,169.27,169.27,201,21,0
1725458400,169.31,169.65,169.07,169.09,182,21,0
1725462000,169.07,169.63,169.05,169.57,245,21,0
1725465600,169.53,169.57,168.01,169.27,564,19,0
1725469200,169.25,169.61,168.65,168.99,484,19,0
1725472800,169.03,169.25,168.15,168.17,164,21,0
1725530400,163.77,165.47,163.27,165.33,895,19,0
1725534000,165.29,165.81,165.11,165.17,405,21,0
1725537600,165.17,165.29,164.31,164.37,331,19,0
1725541200,164.37,164.81,164.13,164.25,246,21,0
1725544800,164.25,164.59,163.85,163.97,275,21,0
1725548400,164.01,164.69,163.85,164.45,347,21,0
1725552000,164.39,164.61,163.93,164.21,312,21,0
1725555600,164.23,164.87,163.99,164.53,406,21,0
1725559200,164.55,164.61,163.43,163.47,167,21,0
1725616800,163.33,163.33,162.01,162.81,550,21,0
1725620400,162.85,162.93,161.99,162.11,263,21,0
1725624000,162.11,163.13,162.07,163.11,285,21,0
1725627600,163.09,163.13,162.71,162.77,189,21,0
1725631200,162.83,163.49,162.79,163.49,162,21,0
1725634800,163.47,163.99,162.97,163.73,517,21,0
1725638400,163.77,164.89,163.59,163.91,451,21,0
1725642000,163.89,163.99,162.01,162.05,463,21,0
1725645600,162.09,162.75,161.77,161.77,361,21,0
1725876000,163.05,163.65,162.67,163.49,440,19,0
1725879600,163.43,164.01,163.15,163.97,220,21,0
1725883200,163.99,164.75,163.93,164.57,195,21,0
1725886800,164.59,164.61,164.01,164.03,153,21,0
1725890400,164.15,164.67,164.11,164.33,160,21,0
1725894000,164.35,164.97,164.25,164.89,166,21,0
1725897600,164.93,165.33,164.71,165.27,238,21,0
1725901200,165.31,166.03,165.25,165.93,342,21,0
1725904800,165.91,166.21,165.77,165.95,132,21,0
1725962400,165.41,168.07,165.29,168.07,561,21,0
1725966000,168.09,168.89,168.05,168.79,346,21,0
1725969600,168.75,169.39,168.23,169.19,276,21,0
1725973200,169.21,169.25,168.59,168.71,259,21,0
1725976800,168.73,169.01,168.31,168.93,296,21,0
1725980400,168.91,169.75,168.85,169.05,204,21,0
1725984000,169.03,169.05,168.07,168.73,408,19,0
1725987600,168.73,169.03,168.45,168.57,438,21,0
1725991200,168.59,169.31,168.53,169.11,156,21,0
1726048800,169.01,169.43,168.39,169.23,466,21,0
1726052400,169.27,169.31,168.85,169.15,223,21,0
1726056000,169.15,169.43,169.13,169.31,157,21,0
1726059600,169.33,169.63,169.27,169.57,139,21,0
1726063200,169.59,169.77,169.27,169.67,131,21,0
1726066800,169.61,170.11,169.21,170.01,420,21,0
1726070400,170.11,170.81,170.07,170.19,415,21,0
1726074000,170.19,170.27,168.43,168.83,653,21,0
1726077600,168.81,169.77,168.65,169.71,253,21,0
1726135200,169.99,170.19,169.05,169.57,469,21,0
1726138800,169.53,169.67,168.57,168.95,297,21,0
1726142400,168.91,170.13,168.85,169.21,297,21,0
1726146000,169.21,169.87,169.11,169.85,231,21,0
1726149600,169.83,169.87,169.49,169.85,211,21,0
1726153200,169.91,170.33,169.53,169.65,347,21,0
1726156800,169.67,169.77,168.27,168.59,553,21,0
1726160400,168.61,169.71,168.29,169.31,398,21,0
1726164000,169.29,169.73,169.27,169.61,217,21,0
1726221600,170.05,171.11,169.83,170.53,343,21,0
1726225200,170.51,170.57,170.09,170.09,241,21,0
1726228800,170.13,170.25,169.93,169.97,241,21,0
1726232400,169.97,170.11,169.65,169.73,136,21,0
1726236000,169.65,169.81,169.49,169.59,166,21,0
1726239600,169.57,169.87,169.53,169.55,149,21,0
1726243200,169.57,169.97,169.37,169.95,231,21,0
1726246800,169.99,170.73,169.65,170.23,396,21,0
1726250400,170.27,170.47,170.13,170.35,104,21,0
1726480800,169.19,170.27,169.19,170.11,362,21,0
1726484400,170.19,170.45,169.91,170.09,248,21,0
1726488000,170.07,170.07,169.45,169.53,192,21,0
1726491600,169.49,169.81,169.43,169.69,209,21,0
1726495200,169.69,169.85,169.61,169.69,109,21,0
1726498800,169.71,169.79,168.83,169.03,238,21,0
1726502400,168.99,169.45,168.79,169.27,309,21,0
1726506000,169.27,169.93,168.99,169.47,427,21,0
1726509600,169.41,169.51,169.07,169.21,139,21,0
1726567200,170.09,170.57,169.83,170.01,265,19,0
1726570800,169.97,170.31,169.87,169.99,210,21,0
1726574400,170.03,170.63,169.91,170.49,218,21,0
1726578000,170.47,170.75,170.19,170.19,135,21,0
1726581600,170.21,170.33,169.83,170.31,124,21,0
1726585200,170.27,170.75,170.23,170.73,187,21,0
1726588800,170.79,170.85,170.03,170.03,322,21,0
1726592400,170.03,170.31,169.91,169.99,235,21,0
1726596000,170.03,170.29,170.01,170.17,96,21,0
1726653600,170.11,170.31,169.21,169.23,312,21,0
1726657200,169.23,169.31,168.99,169.13,249,21,0
1726660800,169.05,169.07,168.65,168.77,156,21,0
1726664400,168.75,168.85,168.17,168.23,138,21,0
1726668000,168.19,168.77,168.17,168.69,191,21,0
1726671600,168.71,168.75,168.23,168.61,122,21,0
1726675200,168.61,168.65,167.75,167.85,225,21,0
1726678800,167.87,168.31,167.83,168.15,254,21,0
1726682400,168.13,168.37,167.89,168.17,98,21,0
1726740000,170.35,170.55,168.45,168.89,550,21,0
1726743600,168.85,169.69,168.63,169.53,330,21,0
1726747200,169.57,169.81,169.43,169.57,344,21,0
1726750800,169.55,169.89,169.41,169.41,197,21,0
1726754400,169.55,169.89,169.29,169.77,150,21,0
1726758000,169.75,169.87,169.23,169.41,208,21,0
1726761600,169.41,170.43,169.31,170.15,368,21,0
1726765200,170.15,170.53,169.95,170.07,375,21,0
1726768800,170.09,170.57,170.07,170.45,173,19,0
1726826400,171.07,171.45,170.07,170.27,362,21,0
1726830000,170.31,170.31,168.99,169.45,366,21,0
1726833600,169.39,170.21,169.19,169.79,482,21,0
1726837200,169.75,170.05,169.39,169.85,196,21,0
1726840800,169.89,169.95,169.37,169.43,133,21,0
1726844400,169.41,169.55,168.97,169.13,211,21,0
1726848000,169.13,169.25,167.99,168.05,365,21,0
1726851600,168.01,168.33,167.51,167.73,419,21,0
1726855200,167.73,167.91,167.55,167.87,149,21,0
1727085600,167.49,169.53,167.03,169.49,614,19,0
1727089200,169.53,169.81,168.83,169.55,430,21,0
1727092800,169.57,169.79,169.15,169.55,303,21,0
1727096400,169.69,169.95,169.53,169.67,196,21,0
1727100000,169.67,169.95,169.47,169.75,175,21,0
1727103600,169.71,170.03,169.21,169.37,237,21,0
1727107200,169.41,170.09,169.29,169.95,333,21,0
1727110800,170.01,170.13,169.45,169.75,337,19,0
1727114400,169.77,170.19,169.41,170.11,161,21,0
1727172000,172.29,172.75,171.83,172.47,413,21,0
1727175600,172.49,173.27,172.49,173.23,392,21,0
1727179200,173.23,173.69,172.89,173.69,264,21,0
1727182800,173.69,173.75,173.29,173.45,240,21,0
1727186400,173.47,173.47,172.19,172.21,183,21,0
1727190000,172.13,172.73,172.11,172.65,247,21,0
1727193600,172.63,172.95,172.27,172.49,366,21,0
1727197200,172.51,172.65,171.99,172.45,420,21,0
1727200800,172.45,172.87,172.41,172.79,126,21,0
1727258400,172.37,172.53,171.79,172.49,474,21,0
1727262000,172.49,172.49,171.49,171.93,297,21,0
1727265600,171.89,172.03,171.27,171.57,198,21,0
1727269200,171.51,171.79,171.31,171.51,129,21,0
1727272800,171.55,171.75,171.33,171.71,109,21,0
1727276400,171.75,172.19,171.65,172.01,135,21,0
1727280000,172.05,172.09,170.95,171.13,272,21,0
1727283600,171.13,171.65,170.95,171.41,266,21,0
1727287200,171.43,171.71,171.29,171.55,137,21,0
1727344800,173.93,174.09,172.97,173.47,554,21,0
1727348400,173.45,173.87,172.57,172.67,457,21,0
1727352000,172.69,172.69,172.05,172.27,256,21,0
1727355600,172.33,172.45,171.93,172.31,121,21,0
1727359200,172.31,172.85,172.31,172.43,169,21,0
1727362800,172.37,172.99,172.09,172.97,238,21,0
1727366400,172.95,173.85,172.95,173.45,453,21,0
1727370000,173.49,173.97,173.25,173.73,411,21,0
1727373600,173.67,173.97,173.63,173.77,158,21,0
1727431200,174.17,174.71,173.95,174.57,400,21,0
1727434800,174.57,174.97,174.41,174.67,229,21,0
1727438400,174.67,175.75,174.67,175.43,328,21,0
1727442000,175.43,176.17,175.33,176.11,203,21,0
1727445600,176.05,176.35,175.95,176.19,146,21,0
1727449200,176.11,176.31,175.81,176.15,160,21,0
1727452800,176.13,176.31,175.71,176.29,235,21,0
1727456400,176.23,176.89,176.15,176.71,347,21,0
1727460000,176.67,176.67,175.99,176.09,150,21,0
1727690400,175.33,175.53,174.81,174.99,338,21,0
1727694000,174.95,175.05,174.27,174.61,334,21,0
1727697600,174.57,174.57,174.03,174.39,278,21,0
1727701200,174.43,174.83,174.25,174.71,186,21,0
1727704800,174.65,174.75,174.19,174.21,154,21,0
1727708400,174.25,174.53,173.97,174.17,177,21,0
1727712000,174.17,174.55,173.61,173.85,358,21,0
1727715600,173.83,173.93,173.45,173.63,251,21,0
1727719200,173.61,173.73,173.21,173.23,162,21,0
1727776800,173.21,173.55,171.91,173.07,543,21,0
1727780400,173.09,173.43,172.59,173.39,347,19,0
1727784000,173.37,173.43,172.99,173.11,241,21,0
1727787600,173.07,173.11,172.43,172.61,138,21,0
1727791200,172.59,172.95,172.59,172.95,141,21,0
1727794800,172.95,173.07,172.57,172.61,134,21,0
1727798400,172.59,172.59,170.77,170.87,715,21,0
1727802000,170.71,171.21,169.73,170.33,806,21,0
1727805600,170.31,170.71,170.11,170.67,185,21,0
1727863200,171.15,171.33,170.17,170.77,550,21,0
1727866800,170.67,170.89,170.15,170.39,254,21,0
1727870400,170.41,170.73,170.19,170.39,211,21,0
1727874000,170.37,170.69,170.15,170.39,203,21,0
1727877600,170.51,170.51,169.91,170.03,251,21,0
1727881200,170.03,170.65,169.87,170.55,231,21,0
1727884800,170.59,170.61,169.77,169.81,426,21,0
1727888400,169.77,170.53,169.61,170.39,415,21,0
1727892000,170.33,170.73,170.19,170.73,126,21,0
1727949600,170.59,170.63,169.07,169.15,462,21,0
1727953200,169.13,169.93,169.03,169.89,348,21,0
1727956800,169.91,170.37,169.77,170.03,198,21,0
1727960400,170.05,170.21,169.91,170.05,105,21,0
1727964000,170.07,170.49,170.05,170.25,95,21,0
1727967600,170.29,170.29,169.37,169.69,179,21,0
1727971200,169.67,169.81,168.91,168.97,272,21,0
1727974800,169.01,169.23,167.01,167.03,685,21,0
1727978400,167.01,167.05,166.53,166.65,248,21,0
1728036000,166.73,167.99,166.55,167.91,568,21,0
1728039600,167.93,167.93,166.95,166.95,312,21,0
1728043200,166.91,167.53,166.91,167.41,285,21,0
1728046800,167.45,167.53,167.17,167.27,178,21,0
1728050400,167.29,167.45,167.17,167.25,104,21,0
1728054000,167.29,168.73,167.29,168.41,452,21,0
1728057600,168.43,168.43,167.29,167.51,334,20,0
1728061200,167.53,168.01,166.77,167.47,365,20,0
1728064800,167.49,167.67,167.19,167.21,180,21,0
1728295200,167.31,167.45,165.71,165.99,615,21,0
1728298800,165.99,166.87,165.87,166.49,293,21,0
1728302400,166.47,167.15,165.97,167.07,255,21,0
1728306000,167.05,167.27,166.87,167.01,207,21,0
1728309600,167.05,167.77,166.91,167.71,136,21,0
1728313200,167.73,168.21,167.21,167.21,214,21,0
1728316800,167.27,168.11,167.11,167.31,464,21,0
1728320400,167.33,168.25,167.25,168.15,454,21,0
1728324000,168.13,168.17,167.79,167.83,151,21,0
1728381600,167.43,167.91,166.37,167.69,600,21,0
1728385200,167.67,168.29,167.61,167.85,303,21,0
1728388800,167.85,168.05,167.69,167.81,182,21,0
1728392400,167.77,168.05,167.59,167.95,137,21,0
1728396000,167.89,168.15,167.81,168.15,110,21,0
1728399600,168.17,168.31,167.85,168.31,157,21,0
1728403200,168.39,168.83,168.13,168.77,219,21,0
1728406800,168.79,168.89,168.23,168.53,245,21,0
1728410400,168.57,168.95,168.57,168.83,114,21,0
1728468000,168.23,169.37,167.67,169.31,471,21,0
1728471600,169.31,169.35,168.59,168.71,191,21,0
1728475200,168.73,169.29,168.71,168.79,134,21,0
1728478800,168.81,169.21,168.75,168.99,114,21,0
1728482400,169.03,169.15,168.95,168.97,79,21,0
1728486000,169.03,169.09,168.41,168.65,107,21,0
1728489600,168.69,169.27,168.51,169.13,161,21,0
1728493200,169.13,169.37,169.03,169.33,197,21,0
1728496800,169.33,169.51,169.29,169.35,80,21,0
1728554400,168.61,169.45,168.49,169.11,363,21,0
1728558000,169.11,169.23,168.81,169.07,150,21,0
1728561600,169.05,169.53,168.77,169.47,128,21,0
1728565200,169.45,169.69,169.33,169.35,109,21,0
1728568800,169.37,169.73,169.29,169.59,88,21,0
1728572400,169.63,169.81,169.25,169.39,277,21,0
1728576000,169.37,169.79,168.91,168.99,319,21,0
1728579600,169.01,169.51,168.99,169.31,205,21,0
1728583200,169.33,169.89,169.27,169.77,84,21,0
1728640800,169.61,170.11,169.03,169.95,366,21,0
1728644400,169.99,170.15,169.61,169.91,271,21,0
1728648000,169.95,170.31,169.61,169.81,171,21,0
1728651600,169.83,170.03,169.73,169.97,92,21,0
1728655200,169.99,170.29,169.79,170.25,84,21,0
1728658800,170.27,170.27,169.89,170.07,150,21,0
1728662400,170.11,170.61,170.01,170.25,199,21,0
1728666000,170.21,170.77,170.17,170.43,210,21,0
1728669600,170.43,170.79,170.37,170.67,107,21,0
1728900000,170.95,171.67,170.95,171.67,369,21,0
1728903600,171.65,171.77,170.81,170.89,241,21,0
1728907200,170.93,171.21,170.73,170.97,206,21,0
1728910800,170.91,171.17,170.81,170.99,155,21,0
1728914400,171.03,171.39,170.97,171.27,77,21,0
1728918000,171.29,171.81,171.23,171.75,95,21,0
1728921600,171.73,172.07,171.43,171.81,357,21,0
1728925200,171.85,172.09,171.35,171.59,250,21,0
1728928800,171.61,172.07,171.51,172.05,114,21,0
1728986400,172.37,173.21,172.37,172.95,516,21,0
1728990000,172.97,173.07,172.25,172.31,273,21,0
1728993600,172.35,172.75,172.15,172.57,187,21,0
1728997200,172.53,172.75,172.39,172.53,115,21,0
1729000800,172.51,172.51,172.01,172.03,105,21,0
1729004400,171.97,172.51,171.97,172.17,160,21,0
1729008000,172.21,172.67,171.97,172.19,271,21,0
1729011600,172.23,173.37,172.11,172.35,1056,21,0
1729015200,172.31,172.69,172.07,172.15,353,19,0
1729072800,172.25,172.81,171.29,172.61,917,19,0
1729076400,172.61,172.81,172.17,172.23,400,21,0
1729080000,172.17,172.57,172.09,172.25,306,21,0
1729083600,172.27,172.49,172.17,172.23,169,21,0
1729087200,172.29,172.29,171.69,171.75,120,21,0
1729090800,171.79,172.03,171.09,171.13,144,21,0
1729094400,171.17,172.27,171.17,172.25,269,21,0
1729098000,172.21,172.41,171.89,172.27,254,21,0
1729101600,172.23,172.37,171.91,172.19,127,21,0
1729159200,172.59,172.87,172.31,172.77,543,21,0
1729162800,172.81,173.35,172.59,173.25,294,21,0
1729166400,173.23,173.35,172.99,173.31,172,21,0
1729170000,173.23,173.51,173.09,173.51,118,21,0
1729173600,173.51,173.51,172.89,172.97,145,21,0
1729177200,172.95,173.07,172.61,172.99,262,21,0
1729180800,172.99,173.97,172.99,173.21,474,21,0
1729184400,173.21,173.41,172.81,172.91,307,21,0
1729188000,172.89,172.91,172.51,172.69,167,21,0
1729245600,171.59,172.59,171.43,172.49,382,21,0
1729249200,172.47,172.47,171.85,171.99,267,21,0
1729252800,172.03,172.53,171.93,172.37,210,21,0
1729256400,172.39,172.59,172.21,172.45,169,21,0
1729260000,172.47,172.85,172.43,172.77,110,21,0
1729263600,172.79,172.99,172.75,172.81,148,21,0
1729267200,172.81,173.21,172.59,172.89,191,21,0
1729270800,172.91,173.13,172.53,173.05,227,21,0
1729274400,173.07,173.19,172.97,173.15,109,21,0
1729504800,172.49,172.77,172.01,172.51,350,21,0
1729508400,172.47,172.63,172.31,172.55,145,21,0
1729512000,172.55,172.89,172.51,172.61,205,21,0
1729515600,172.63,172.67,171.85,171.95,205,21,0
1729519200,171.85,171.95,171.61,171.73,160,21,0
1729522800,171.73,172.17,171.71,172.17,111,21,0
1729526400,172.17,172.89,172.17,172.69,229,21,0
1729530000,172.73,172.75,171.81,171.89,201,21,0
1729533600,171.91,171.97,171.47,171.55,114,21,0
1729591200,171.13,171.13,170.45,170.51,328,21,0
1729594800,170.59,171.01,170.59,170.59,175,21,0
1729598400,170.57,170.59,169.51,169.61,313,21,0
1729602000,169.63,169.63,169.05,169.37,350,21,0
1729605600,169.39,170.13,169.39,169.55,190,21,0
1729609200,169.61,170.15,169.61,170.09,166,21,0
1729612800,170.07,170.99,170.07,170.77,256,21,0
1729616400,170.77,171.13,170.57,170.85,219,19,0
1729620000,170.81,170.83,170.51,170.67,75,21,0
1729677600,170.05,170.59,169.19,169.21,458,21,0
1729681200,169.21,169.51,168.15,168.23,388,21,0
1729684800,168.25,169.03,168.25,168.95,295,21,0
1729688400,168.97,168.97,168.29,168.65,247,21,0
1729692000,168.69,169.45,168.63,169.25,243,21,0
1729695600,169.23,169.53,168.99,169.53,222,21,0
1729699200,169.51,170.33,169.31,169.87,284,21,0
1729702800,169.93,170.13,169.77,169.87,214,21,0
1729706400,169.93,169.93,168.93,168.93,164,21,0
1729764000,169.61,169.81,168.73,169.79,494,21,0
1729767600,169.89,170.43,169.71,169.81,329,21,0
1729771200,169.75,170.11,169.57,169.93,150,21,0
1729774800,169.99,170.15,169.57,169.61,200,21,0
1729778400,169.57,170.17,169.57,169.95,131,21,0
1729782000,169.91,169.97,169.57,169.97,191,21,0
1729785600,170.03,170.21,169.69,169.95,257,21,0
1729789200,169.99,170.05,168.07,168.19,306,21,0
1729792800,168.23,168.31,167.95,167.97,114,21,0
1729850400,167.63,167.67,166.37,167.03,466,21,0
1729854000,167.03,167.45,166.65,167.37,300,21,0
1729857600,167.35,168.17,167.31,167.91,260,21,0
1729861200,167.87,168.07,167.15,167.17,186,21,0
1729864800,167.13,167.33,167.01,167.25,146,21,0
1729868400,167.21,167.49,167.09,167.33,142,21,0
1729872000,167.41,167.63,167.19,167.31,235,21,0
1729875600,167.37,167.97,167.23,167.73,287,21,0
1729879200,167.75,167.99,167.41,167.45,133,21,0
1730109600,168.77,169.77,168.17,169.55,577,21,0
1730113200,169.57,169.75,169.23,169.43,317,21,0
1730116800,169.41,169.69,168.97,169.09,288,21,0
1730120400,169.05,169.31,168.93,169.09,210,19,0
1730124000,169.09,169.71,168.93,169.63,100,21,0
1730127600,169.69,169.87,169.57,169.57,180,21,0
1730131200,169.61,170.51,169.25,170.45,276,21,0
1730134800,170.51,170.57,170.03,170.07,249,21,0
1730138400,170.07,170.41,169.95,170.29,130,21,0
1730196000,170.69,171.33,170.63,170.93,601,19,0
1730199600,170.95,171.05,170.51,170.81,324,21,0
1730203200,170.81,170.81,169.79,170.11,293,21,0
1730206800,170.07,170.35,169.75,169.81,171,21,0
1730210400,169.77,170.07,169.63,169.71,169,21,0
1730214000,169.73,169.93,168.91,169.53,251,21,0
1730217600,169.47,169.55,168.63,168.81,301,21,0
1730221200,168.83,168.87,168.29,168.59,263,21,0
1730224800,168.63,168.81,168.19,168.19,79,21,0
1730282400,167.23,167.25,165.83,166.11,808,21,0
1730286000,166.09,166.37,165.77,165.95,449,21,0
1730289600,165.91,166.23,165.53,165.73,291,21,0
1730293200,165.77,165.97,165.07,165.25,239,21,0
1730296800,165.25,165.79,165.01,165.59,314,21,0
1730300400,165.61,166.49,165.45,166.43,396,21,0
1730304000,166.39,166.71,166.21,166.41,343,21,0
1730307600,166.41,166.69,166.27,166.29,255,21,0
1730311200,166.23,166.37,165.91,165.97,133,21,0
1730368800,165.19,166.27,165.03,165.95,692,21,0
1730372400,165.93,166.03,163.83,164.05,498,21,0
1730376000,164.11,165.07,164.11,164.73,573,21,0
1730379600,164.69,164.95,164.47,164.61,186,21,0
1730383200,164.57,164.77,164.41,164.55,207,21,0
1730386800,164.51,164.93,164.25,164.41,312,21,0
1730390400,164.39,164.51,163.85,163.95,354,21,0
1730394000,163.97,164.23,163.77,163.95,279,21,0
1730397600,163.91,164.33,163.85,164.25,119,21,0
1730455200,164.84,164.95,164.13,164.45,499,21,0
1730458800,164.47,164.77,164.35,164.61,235,21,0
1730462400,164.63,165.43,164.61,165.33,240,21,0
1730466000,165.31,165.81,165.31,165.59,111,21,0
1730469600,165.61,165.91,165.17,165.91,220,21,0
1730473200,165.91,165.99,165.47,165.63,214,21,0
1730476800,165.65,166.19,165.63,166.17,196,21,0
1730480400,166.21,166.65,166.15,166.23,145,21,0
1730484000,166.29,166.53,165.83,165.93,119,21,0
1730714400,165.75,166.13,165.63,165.85,365,21,0
1730718000,165.91,166.55,165.69,166.49,228,21,0
1730721600,166.45,166.45,165.97,166.23,233,21,0
1730725200,166.21,166.31,165.85,166.03,159,21,0
1730728800,166.03,166.25,165.97,166.23,132,21,0
1730732400,166.27,166.27,165.59,165.77,154,21,0
1730736000,165.75,165.91,165.45,165.79,292,21,0
1730739600,165.81,166.01,165.75,165.91,206,21,0
1730743200,165.95,165.99,165.09,165.11,127,21,0
1730800800,165.27,165.73,164.53,165.73,598,21,0
1730804400,165.67,165.77,165.33,165.37,404,21,0
1730808000,165.33,165.33,164.71,165.21,252,21,0
1730811600,165.21,165.39,165.09,165.17,131,19,0
1730815200,165.15,165.39,165.11,165.21,127,21,0
1730818800,165.27,165.43,165.21,165.31,116,21,0
1730822400,165.29,165.43,165.07,165.27,192,21,0
1730826000,165.29,166.15,165.15,166.13,292,21,0
1730829600,166.13,166.31,165.99,165.99,147,21,0
1730887200,166.01,168.61,165.91,168.15,1405,21,0
1730890800,168.15,168.29,166.31,167.07,1108,21,0
1730894400,167.03,167.99,166.97,167.27,593,21,0
1730898000,167.31,167.41,166.25,166.47,486,21,0
1730901600,166.49,167.07,166.41,166.79,492,21,0
1730905200,166.77,166.83,164.55,164.85,638,21,0
1730908800,164.77,164.77,162.27,162.97,1205,21,0
1730912400,162.99,163.53,162.47,162.83,1152,21,0
1730916000,162.79,163.15,162.27,163.13,424,21,0
1730973600,163.41,163.87,162.97,163.39,869,21,0
1730977200,163.41,163.61,162.73,162.87,540,21,0
1730980800,162.83,163.31,162.47,162.69,334,21,0
1730984400,162.73,162.77,161.93,162.55,484,21,0
1730988000,162.42,163.11,162.42,162.57,271,21,0
1730991600,162.57,162.93,162.45,162.69,196,21,0
1730995200,162.75,163.71,162.57,163.39,489,21,0
1730998800,163.37,163.67,163.11,163.39,339,21,0
1731002400,163.45,163.47,162.93,163.03,144,21,0
1731060000,163.61,163.65,162.75,163.37,546,21,0
1731063600,163.37,163.41,162.49,162.57,361,21,0
1731067200,162.49,162.55,161.61,162.29,382,21,0
1731070800,162.29,162.91,162.07,162.83,326,21,0
1731074400,162.91,163.07,162.79,162.85,192,21,0
1731078000,162.81,162.95,162.17,162.49,275,21,0
1731081600,162.51,162.77,162.07,162.33,292,21,0
1731085200,162.29,162.35,161.85,162.07,324,21,0
1731088800,162.01,162.01,161.59,161.63,137,21,0
1731319200,162.45,163.67,162.31,163.45,564,21,0
1731322800,163.43,163.61,162.99,163.49,367,21,0
1731326400,163.45,163.71,163.25,163.25,232,21,0
1731330000,163.27,163.49,163.05,163.33,155,21,0
1731333600,163.35,163.85,163.21,163.81,149,19,0
1731337200,163.79,164.23,163.65,164.01,172,21,0
1731340800,163.95,164.03,163.33,163.63,297,21,0
1731344400,163.61,163.69,163.15,163.43,237,21,0
1731348000,163.47,163.57,163.21,163.47,122,21,0
1731405600,162.13,163.13,161.79,162.87,643,21,0
1731409200,162.91,163.01,162.57,162.63,366,21,0
1731412800,162.65,162.71,162.11,162.23,247,21,0
1731416400,162.27,162.65,162.23,162.39,148,21,0
1731420000,162.41,162.57,162.11,162.19,172,21,0
1731423600,162.23,162.39,162.05,162.31,130,21,0
1731427200,162.29,162.41,161.51,161.59,192,21,0
1731430800,161.57,161.57,159.87,160.37,595,21,0
1731434400,160.37,160.41,159.51,159.73,291,21,0
1731492000,161.51,163.29,161.12,163.25,948,21,0
1731495600,163.21,163.21,162.37,162.55,319,21,0
1731499200,162.47,162.59,162.01,162.53,222,21,0
1731502800,162.53,162.67,161.45,161.45,195,21,0
1731506400,161.47,161.73,160.97,160.99,308,21,0
1731510000,160.99,161.65,160.85,161.41,444,21,0
1731513600,161.45,161.55,159.95,160.15,655,21,0
1731517200,160.17,160.35,159.63,160.33,579,21,0
1731520800,160.35,160.81,160.09,160.69,164,21,0
1731578400,160.81,160.97,159.99,160.25,545,21,0
1731582000,160.23,160.99,160.21,160.89,519,21,0
1731585600,160.87,161.15,160.73,160.87,283,21,0
1731589200,160.89,161.43,160.87,161.35,206,21,0
1731592800,161.35,161.53,161.25,161.25,152,21,0
1731596400,161.23,161.91,161.11,161.85,295,21,0
1731600000,161.83,162.25,161.63,162.03,381,21,0
1731603600,162.05,162.53,161.75,161.77,317,21,0
1731607200,161.83,162.23,161.65,162.01,187,21,0
1731664800,161.09,161.17,160.07,161.11,455,21,0
1731668400,161.13,161.71,160.91,161.67,267,21,0
1731672000,161.65,161.99,161.47,161.69,348,19,0
1731675600,161.67,161.79,161.09,161.15,173,21,0
1731679200,161.19,161.57,161.11,161.21,188,21,0
1731682800,161.21,161.21,160.61,161.05,190,21,0
1731686400,161.09,161.39,161.03,161.13,235,21,0
1731690000,161.13,161.39,160.83,161.09,327,21,0
1731693600,161.07,161.09,160.35,160.93,196,21,0
1731924000,160.55,160.93,159.51,159.69,409,21,0
1731927600,159.65,160.05,159.49,159.73,344,21,0
1731931200,159.73,160.09,159.61,160.03,207,21,0
1731934800,160.05,160.09,159.41,159.55,196,21,0
1731938400,159.55,159.75,159.27,159.27,122,21,0
1731942000,159.25,159.47,158.95,159.43,189,21,0
1731945600,159.41,160.03,159.39,159.89,238,21,0
1731949200,159.91,160.45,159.79,160.29,242,21,0
1731952800,160.27,160.39,160.19,160.21,110,21,0
1732010400,159.79,160.71,159.79,159.91,641,21,0
1732014000,159.93,160.05,158.67,159.19,892,21,0
1732017600,159.15,159.37,158.49,158.73,412,21,0
1732021200,158.69,158.85,158.45,158.83,159,21,0
1732024800,158.83,159.11,158.73,159.03,130,21,0
1732028400,158.97,159.01,157.49,157.49,271,21,0
1732032000,157.47,157.97,157.15,157.27,792,21,0
1732035600,157.37,158.61,157.31,158.55,434,21,0
1732039200,158.61,159.09,158.41,159.05,182,21,0
1732096800,159.77,159.87,159.01,159.45,491,21,0
1732100400,159.33,159.57,158.75,158.97,277,21,0
1732104000,159.03,159.47,158.87,158.93,251,21,0
1732107600,158.95,159.13,158.69,158.83,221,21,0
1732111200,158.77,159.27,158.53,159.21,168,21,0
1732114800,159.21,159.37,158.93,158.97,161,21,0
1732118400,158.93,159.05,157.89,157.89,456,21,0
1732122000,157.89,158.37,157.85,158.31,378,20,0
1732125600,158.31,158.31,157.65,157.65,214,19,0
1732183200,157.93,158.33,157.61,157.97,654,19,0
1732186800,157.91,158.07,157.01,158.07,491,21,0
1732190400,158.07,158.21,157.19,157.87,328,21,0
1732194000,157.91,158.35,157.81,158.01,340,21,0
1732197600,157.93,158.27,157.71,157.71,213,21,0
1732201200,157.77,158.65,157.69,158.03,319,21,0
1732204800,158.03,158.79,157.81,158.67,489,19,0
1732208400,158.65,159.23,158.21,159.17,473,21,0
1732212000,159.21,159.25,158.71,158.91,107,21,0
1732269600,159.55,159.81,158.95,159.03,426,21,0
1732273200,159.01,159.03,157.95,158.59,729,19,0
1732276800,158.57,159.21,158.43,158.97,441,21,0
1732280400,158.91,159.07,158.47,158.93,198,21,0
1732284000,158.93,159.41,158.83,159.35,120,21,0
1732287600,159.29,159.59,159.23,159.31,163,21,0
1732291200,159.33,160.27,159.23,160.17,249,21,0
1732294800,160.19,160.41,159.47,159.73,306,21,0
1732298400,159.75,159.81,159.53,159.75,113,21,0
1732528800,161.31,161.42,160.23,160.23,479,21,0
1732532400,160.27,160.55,159.99,160.15,325,19,0
1732536000,160.09,160.27,159.51,159.51,281,21,0
1732539600,159.49,159.51,158.87,158.87,182,21,0
1732543200,158.89,159.47,158.63,159.47,158,21,0
1732546800,159.47,159.71,159.03,159.31,193,21,0
1732550400,159.29,159.77,159.07,159.57,255,21,0
1732554000,159.61,159.67,158.93,159.11,231,19,0
1732557600,159.07,159.15,158.73,158.87,121,21,0
1732615200,157.89,158.19,157.45,157.73,618,21,0
1732618800,157.65,157.95,157.47,157.55,273,21,0
1732622400,157.57,157.71,157.29,157.55,157,21,0
1732626000,157.51,157.95,157.43,157.89,159,21,0
1732629600,157.87,158.11,157.79,158.07,169,21,0
1732633200,158.05,158.53,157.83,157.85,258,21,0
1732636800,157.89,158.01,157.27,157.31,190,21,0
1732640400,157.33,157.41,156.57,156.83,318,21,0
1732644000,156.83,157.05,156.61,156.63,138,21,0
1732701600,155.73,156.51,155.45,155.89,671,21,0
1732705200,155.89,156.13,155.49,156.01,387,21,0
1732708800,155.91,155.97,155.51,155.73,252,21,0
1732712400,155.71,155.77,155.31,155.67,199,21,0
1732716000,155.67,155.69,155.31,155.33,170,21,0
1732719600,155.37,155.79,155.29,155.41,178,21,0
1732723200,155.41,155.95,155.15,155.81,215,21,0
1732726800,155.79,155.93,155.47,155.55,322,21,0
1732730400,155.55,155.69,155.37,155.69,138,21,0
1732788000,156.71,156.73,156.01,156.13,428,21,0
1732791600,156.13,156.51,156.01,156.23,216,21,0
1732795200,156.27,156.33,155.79,155.81,205,21,0
1732798800,155.85,155.85,155.43,155.77,163,21,0
1732802400,155.73,155.77,155.19,155.27,111,21,0
1732806000,155.29,155.47,155.09,155.37,180,21,0
1732809600,155.43,156.17,155.39,156.03,199,21,0
1732813200,156.01,156.37,155.97,156.09,223,21,0
1732816800,156.11,156.25,156.09,156.19,75,21,0
1732874400,155.57,156.19,155.41,155.65,332,21,0
1732878000,155.57,156.09,155.47,155.97,254,21,0
1732881600,155.97,156.23,155.73,155.95,163,21,0
1732885200,155.91,156.41,155.71,156.27,99,21,0
1732888800,156.25,156.47,156.01,156.19,110,21,0
1732892400,156.21,156.25,155.37,155.47,137,21,0
1732896000,155.49,155.89,155.43,155.61,188,21,0
1732899600,155.61,156.55,155.55,156.35,269,21,0
1732903200,156.43,157.11,156.41,157.11,214,21,0
1733133600,156.25,157.63,156.23,157.17,751,21,0
1733137200,157.19,157.33,157.01,157.15,236,21,0
1733140800,157.11,158.19,157.11,158.05,284,21,0
1733144400,158.11,158.67,158.11,158.63,189,21,0
1733148000,158.67,159.49,158.63,159.29,350,21,0
1733151600,159.33,159.89,159.17,159.49,301,21,0
1733155200,159.53,159.63,158.29,158.35,425,21,0
1733158800,158.39,158.75,157.73,158.55,512,19,0
1733162400,158.57,159.17,158.57,159.03,149,21,0
1733220000,159.25,160.85,159.25,160.73,512,21,0
1733223600,160.73,160.77,159.79,160.37,349,21,0
1733227200,160.41,160.61,159.81,159.89,237,21,0
1733230800,159.93,160.17,159.61,160.11,192,21,0
1733234400,160.13,160.17,159.93,160.09,125,21,0
1733238000,160.09,160.47,160.03,160.21,179,21,0
1733241600,160.23,160.51,159.65,159.77,278,21,0
1733245200,159.77,159.93,159.17,159.65,241,21,0
1733248800,159.71,159.93,159.63,159.93,126,21,0
1733306400,159.63,160.35,159.51,160.15,403,21,0
1733310000,160.19,160.27,159.83,160.05,289,21,0
1733313600,160.05,160.37,159.87,160.17,186,21,0
1733317200,160.15,160.21,159.59,160.09,183,21,0
1733320800,160.05,160.43,159.97,160.05,164,21,0
1733324400,160.03,160.77,159.97,160.71,134,21,0
1733328000,160.73,161.37,160.47,160.55,346,21,0
1733331600,160.49,161.33,160.27,161.05,363,21,0
1733335200,161.09,161.15,160.91,161.09,135,21,0
1733392800,161.07,162.15,160.79,161.95,614,21,0
1733396400,161.99,162.01,161.37,161.49,293,21,0
1733400000,161.51,162.09,161.51,161.59,205,21,0
1733403600,161.59,161.85,161.53,161.63,151,21,0
1733407200,161.67,161.79,161.27,161.31,144,21,0
1733410800,161.29,161.47,161.01,161.33,191,21,0
1733414400,161.35,161.43,160.69,161.17,354,21,0
1733418000,161.17,161.67,161.03,161.57,350,21,0
1733421600,161.55,161.81,161.47,161.81,134,21,0
1733479200,161.27,161.73,160.35,161.67,533,21,0
1733482800,161.67,161.71,161.17,161.33,330,21,0
1733486400,161.33,161.93,161.31,161.55,362,21,0
1733490000,161.59,161.83,161.49,161.77,187,21,0
1733493600,161.71,162.17,161.69,162.05,162,21,0
1733497200,162.07,162.25,161.93,162.03,182,21,0
1733500800,162.05,162.13,161.57,161.69,265,21,0
1733504400,161.73,162.23,161.65,161.73,313,21,0
1733508000,161.75,162.01,161.73,161.93,138,21,0
1733738400,162.33,162.77,162.07,162.25,502,21,0
1733742000,162.27,162.35,161.57,161.63,225,19,0
1733745600,161.67,161.73,161.35,161.57,148,21,0
1733749200,161.63,161.75,161.41,161.67,156,19,0
1733752800,161.73,161.95,161.55,161.69,113,21,0
1733756400,161.59,162.09,161.47,161.95,116,21,0
1733760000,161.99,162.13,161.57,162.11,227,21,0
1733763600,162.13,162.37,161.77,162.07,295,21,0
1733767200,162.09,162.11,161.49,161.93,173,21,0
1733824800,161.53,161.63,160.85,161.19,484,21,0
1733828400,161.23,161.67,161.21,161.37,182,21,0
1733832000,161.33,161.47,160.65,160.77,172,21,0
1733835600,160.85,161.35,160.85,161.25,128,21,0
1733839200,161.29,161.43,161.15,161.23,100,21,0
1733842800,161.27,161.33,160.77,161.09,165,21,0
1733846400,161.09,161.09,160.05,160.33,232,21,0
1733850000,160.35,160.41,160.11,160.23,207,21,0
1733853600,160.25,160.31,159.63,160.05,139,21,0
1733911200,159.33,159.89,159.11,159.55,505,21,0
1733914800,159.51,159.57,159.29,159.51,247,21,0
1733918400,159.51,159.61,159.29,159.51,152,21,0
1733922000,159.53,159.59,159.31,159.47,139,21,0
1733925600,159.45,159.67,159.31,159.35,124,21,0
1733929200,159.37,159.89,159.37,159.77,193,21,0
1733932800,159.79,160.25,159.45,159.87,327,21,0
1733936400,159.79,159.87,159.39,159.77,264,21,0
1733940000,159.79,160.07,159.65,160.07,124,19,0
1733997600,159.59,159.91,159.33,159.33,355,21,0
1734001200,159.27,159.61,159.03,159.47,139,21,0
1734004800,159.43,159.87,159.39,159.67,158,21,0
1734008400,159.73,159.83,159.53,159.59,150,21,0
1734012000,159.63,159.69,159.47,159.49,94,21,0
1734015600,159.49,160.11,159.47,160.07,125,21,0
1734019200,160.11,160.21,159.77,160.21,188,21,0
1734022800,160.23,160.31,159.75,159.81,266,21,0
1734026400,159.77,159.99,159.39,159.93,125,21,0
1734084000,159.43,160.25,159.29,160.19,315,21,0
1734087600,160.25,160.25,159.75,159.87,161,21,0
1734091200,159.87,160.55,159.85,160.35,191,21,0
1734094800,160.27,160.43,160.07,160.07,115,21,0
1734098400,160.07,160.07,159.69,159.71,97,21,0
1734102000,159.69,160.25,159.55,160.15,139,21,0
1734105600,160.17,160.55,159.85,159.87,204,19,0
1734109200,159.89,159.91,159.15,159.39,207,21,0
1734112800,159.37,159.57,159.21,159.55,117,21,0
1734343200,159.25,159.47,158.63,158.77,474,19,0
1734346800,158.75,159.07,158.63,158.91,265,21,0
1734350400,158.93,159.09,158.65,158.97,172,21,0
1734354000,158.95,159.07,158.69,158.93,126,21,0
1734357600,158.89,159.11,158.81,158.87,111,21,0
1734361200,158.83,159.11,158.73,159.05,124,21,0
1734364800,159.03,159.57,158.91,159.37,214,21,0
1734368400,159.41,159.51,159.11,159.29,191,21,0
1734372000,159.31,159.31,159.03,159.27,160,21,0
1734429600,158.27,158.45,157.59,158.27,444,21,0
1734433200,158.31,158.77,158.31,158.43,205,21,0
1734436800,158.45,158.81,158.45,158.63,195,21,0
1734440400,158.61,158.95,158.43,158.55,137,21,0
1734444000,158.49,158.51,158.13,158.17,144,21,0
1734447600,158.19,158.71,157.97,158.71,172,21,0
1734451200,158.69,158.93,158.53,158.79,247,21,0
1734454800,158.73,159.49,158.73,159.01,238,21,0
1734458400,159.01,159.07,158.69,158.81,126,21,0
1734516000,158.29,158.83,158.17,158.35,378,21,0
1734519600,158.31,158.59,158.05,158.39,261,21,0
1734523200,158.41,158.53,158.27,158.53,148,21,0
1734526800,158.57,159.01,158.49,158.51,148,21,0
1734530400,158.55,158.81,158.47,158.53,97,21,0
1734534000,158.51,158.53,158.17,158.37,134,21,0
1734537600,158.35,158.57,158.17,158.33,229,21,0
1734541200,158.33,158.55,158.19,158.39,263,21,0
1734544800,158.33,158.37,157.99,158.19,112,21,0
1734602400,158.36,158.36,155.67,156.05,617,21,0
1734606000,156.05,156.07,155.27,155.47,368,21,0
1734609600,155.49,155.61,154.83,155.01,232,21,0
1734613200,155.03,155.37,154.91,155.33,147,21,0
1734616800,155.37,155.71,155.27,155.49,168,21,0
1734620400,155.47,155.91,155.45,155.61,173,21,0
1734624000,155.59,155.59,154.83,155.31,275,21,0
1734627600,155.35,155.57,154.97,155.45,361,21,0
1734631200,155.45,155.51,155.21,155.29,180,21,0
1734688800,154.39,154.39,153.45,153.85,809,21,0
1734692400,153.85,154.05,153.51,153.83,367,21,0
1734696000,153.81,154.53,153.71,154.03,667,21,0
1734699600,154.01,154.47,153.69,153.73,372,21,0
1734703200,153.75,154.19,153.57,154.03,178,21,0
1734706800,153.99,154.21,153.83,153.95,229,21,0
1734710400,153.93,154.27,153.77,153.83,224,21,0
1734714000,153.85,154.85,153.79,154.83,256,19,0
1734717600,154.81,155.27,154.77,155.23,179,21,0
1734948000,155.19,155.19,154.09,154.85,453,21,0
1734951600,154.87,155.49,154.83,155.03,330,21,0
1734955200,155.01,155.39,154.99,154.99,184,21,0
1734958800,155.01,155.13,154.93,154.95,85,21,0
1734962400,154.99,155.41,154.99,155.21,82,21,0
1734966000,155.19,155.21,154.59,154.77,144,21,0
1734969600,154.79,155.07,154.55,154.79,194,21,0
1734973200,154.75,154.93,153.99,153.99,254,21,0
1734976800,153.97,154.17,153.97,154.05,88,21,0
1735034400,154.67,155.01,154.51,154.71,165,21,0
1735038000,154.67,154.85,154.63,154.69,93,21,0
1735041600,154.69,154.91,154.69,154.81,70,21,0
1735045200,154.83,154.91,154.69,154.69,59,21,0
1735048800,154.63,154.65,154.63,154.63,3,21,0
1735293600,153.95,154.31,153.31,154.27,442,21,0
1735297200,154.25,154.69,154.25,154.49,181,21,0
1735300800,154.51,154.73,154.31,154.67,167,21,0
1735304400,154.65,154.69,154.37,154.67,161,21,0
1735308000,154.71,155.11,154.69,155.11,80,21,0
1735311600,155.13,155.13,154.43,154.43,101,21,0
1735315200,154.43,155.23,154.43,155.15,156,21,0
1735318800,155.17,155.51,154.71,155.39,233,21,0
1735322400,155.43,155.43,155.17,155.37,100,21,0
1735552800,154.91,155.51,154.91,155.43,270,21,0
1735556400,155.47,155.75,155.41,155.47,221,21,0
1735560000,155.41,155.67,155.31,155.45,99,21,0
1735563600,155.45,155.67,155.45,155.63,97,21,0
1735567200,155.63,155.69,154.81,155.01,167,21,0
1735570800,154.97,155.03,154.51,154.59,153,21,0
1735574400,154.61,154.81,154.31,154.35,171,21,0
1735578000,154.31,154.49,154.15,154.23,225,21,0
1735581600,154.21,154.63,154.19,154.47,90,21,0
1735639200,154.54,154.75,154.31,154.75,128,21,0
1735642800,154.73,155.23,154.73,155.09,81,21,0
1735646400,155.07,155.33,155.07,155.27,95,21,0
1735650000,155.31,155.63,155.31,155.63,69,21,0
1735653600,155.65,155.69,155.61,155.63,9,21,0
1735812000,156.23,156.65,155.07,155.23,680,21,0
1735815600,155.19,155.31,154.53,154.73,368,21,0
1735819200,154.75,154.79,154.33,154.49,268,21,0
1735822800,154.43,154.89,154.09,154.85,221,21,0
1735826400,154.89,155.25,154.85,155.15,169,21,0
1735830000,155.17,155.67,155.15,155.47,159,21,0
1735833600,155.49,155.89,155.31,155.63,295,21,0
1735837200,155.63,156.15,155.47,156.11,308,21,0
1735840800,156.17,156.17,155.75,155.93,99,21,0
1735898400,155.71,155.73,154.57,154.81,656,21,0
1735902000,154.77,155.33,154.75,155.21,194,21,0
1735905600,155.17,155.17,154.77,154.87,180,21,0
1735909200,154.91,155.17,154.79,155.07,167,21,0
1735912800,155.03,155.21,154.99,155.15,171,21,0
1735916400,155.15,155.25,154.49,154.67,247,21,0
1735920000,154.67,154.97,154.19,154.43,307,21,0
1735923600,154.45,154.65,154.21,154.47,310,21,0
1735927200,154.49,154.49,154.19,154.43,146,21,0
1736157600,154.83,155.77,154.79,155.77,531,21,0
1736161200,155.79,156.03,155.33,155.33,243,21,0
1736164800,155.29,155.29,154.21,154.91,293,21,0
1736168400,154.97,156.73,154.79,156.67,547,21,0
1736172000,156.67,157.17,156.53,156.65,278,21,0
1736175600,156.61,156.83,155.99,156.71,230,21,0
1736179200,156.71,156.85,155.61,156.79,657,21,0
1736182800,156.81,158.03,156.63,157.93,287,21,0
1736186400,157.95,158.07,157.69,158.07,174,21,0
1736244000,157.77,158.07,156.71,157.77,502,21,0
1736247600,157.83,158.01,157.35,157.51,237,21,0
1736251200,157.51,158.25,157.43,158.01,261,21,0
1736254800,157.97,158.43,157.95,158.05,230,21,0
1736258400,158.07,158.87,158.05,158.71,210,21,0
1736262000,158.73,158.87,158.61,158.87,167,21,0
1736265600,158.85,159.19,158.81,158.93,296,21,0
1736269200,158.97,159.15,158.67,159.01,372,21,0
1736272800,158.99,159.31,158.97,159.31,148,21,0
1736330400,158.99,159.27,157.97,158.01,410,21,0
1736334000,158.01,158.33,157.95,158.05,164,21,0
1736337600,158.09,158.55,158.09,158.37,184,21,0
1736341200,158.31,158.51,156.91,157.51,543,19,0
1736344800,157.49,157.53,156.75,156.77,372,21,0
1736348400,156.79,157.03,156.33,156.71,343,21,0
1736352000,156.77,157.07,155.91,156.17,433,21,0
1736355600,156.17,157.55,156.11,157.53,353,21,0
1736359200,157.51,157.57,157.19,157.53,137,21,0
1736416800,157.46,157.75,156.55,157.51,386,21,0
1736420400,157.49,157.81,157.23,157.57,150,21,0
1736424000,157.57,158.25,157.57,158.21,113,21,0
1736427600,158.15,158.37,158.07,158.25,118,21,0
1736431200,158.25,158.37,157.97,158.21,122,21,0
1736434800,158.19,158.53,158.03,158.09,146,21,0
1736438400,158.07,158.71,158.07,158.49,137,21,0
1736442000,158.47,158.59,158.17,158.33,173,21,0
1736445600,158.35,158.41,158.17,158.25,97,21,0
1736503200,158.03,158.53,157.55,158.33,515,19,0
1736506800,158.37,158.45,157.67,157.97,195,21,0
1736510400,157.99,158.05,157.61,157.75,157,21,0
1736514000,157.81,158.31,157.81,158.23,186,21,0
1736517600,158.19,158.25,157.95,158.15,157,21,0
1736521200,158.11,158.15,156.77,156.95,569,21,0
1736524800,156.95,157.69,156.81,156.85,409,19,0
1736528400,156.81,156.85,156.03,156.13,455,21,0
1736532000,156.11,156.11,155.73,155.99,195,21,0
1736762400,155.67,155.85,155.15,155.37,604,21,0
1736766000,155.41,155.85,155.07,155.49,281,21,0
1736769600,155.53,155.83,155.37,155.57,177,21,0
1736773200,155.57,155.69,155.31,155.67,148,21,0
1736776800,155.71,156.29,155.47,155.99,141,21,0
1736780400,155.95,156.39,155.81,155.89,188,21,0
1736784000,155.93,156.67,155.75,156.59,348,21,0
1736787600,156.61,156.93,156.39,156.65,313,21,0
1736791200,156.57,156.63,156.35,156.35,151,21,0
1736848800,158.21,158.33,157.39,157.51,426,21,0
1736852400,157.47,157.53,156.97,157.09,220,21,0
1736856000,157.09,157.57,156.81,157.57,199,21,0
1736859600,157.61,157.69,156.83,156.83,145,21,0
1736863200,156.77,156.83,156.37,156.69,119,21,0
1736866800,156.67,156.93,156.09,156.21,220,21,0
1736870400,156.17,156.23,155.39,155.43,224,21,0
1736874000,155.43,156.17,155.43,155.91,244,21,0
1736877600,155.95,155.95,155.67,155.83,127,21,0
1736935200,156.23,156.85,155.71,155.77,411,21,0
1736938800,155.71,156.09,155.71,155.99,170,21,0
1736942400,155.99,156.73,155.93,156.69,204,21,0
1736946000,156.71,157.15,156.55,157.09,210,21,0
1736949600,157.09,157.29,156.91,156.93,173,21,0
1736953200,156.91,158.13,156.85,157.89,500,21,0
1736956800,157.91,157.95,157.03,157.09,302,21,0
1736960400,157.09,157.09,156.51,156.51,309,21,0
1736964000,156.55,156.63,156.35,156.45,151,21,0
1737021600,157.07,157.09,156.03,156.19,564,21,0
1737025200,156.19,157.25,156.11,156.87,377,21,0
1737028800,156.87,157.47,156.87,157.09,267,21,0
1737032400,157.03,157.55,156.81,157.45,173,21,0
1737036000,157.45,157.87,157.21,157.87,156,21,0
1737039600,157.83,158.21,157.67,157.87,242,21,0
1737043200,157.91,158.49,157.59,157.65,332,21,0
1737046800,157.61,157.91,157.49,157.89,249,21,0
1737050400,157.87,158.17,157.87,158.17,107,21,0
1737108000,159.31,159.57,158.85,159.45,393,21,0
1737111600,159.51,160.11,159.49,159.71,223,21,0
1737115200,159.67,160.07,159.35,159.75,358,21,0
1737118800,159.79,160.47,159.75,160.41,201,21,0
1737122400,160.37,160.73,160.19,160.73,212,21,0
1737126000,160.75,161.13,160.55,160.69,204,21,0
1737129600,160.69,161.31,160.49,161.21,323,21,0
1737133200,161.17,161.37,160.99,161.17,326,21,0
1737136800,161.15,161.45,161.09,161.41,106,21,0
1737367200,161.95,162.27,161.61,161.97,409,21,0
1737370800,161.99,162.17,161.55,161.55,184,21,0
1737374400,161.57,161.69,161.37,161.43,102,21,0
1737378000,161.45,161.51,161.15,161.21,82,21,0
1737381600,161.17,161.47,161.17,161.41,79,21,0
1737385200,161.35,162.19,161.21,162.11,438,21,0
1737388800,162.15,162.35,161.85,162.01,239,21,0
1737392400,161.95,161.99,161.65,161.71,135,21,0
1737396000,161.71,161.79,161.51,161.77,109,21,0
1737453600,161.51,161.65,161.15,161.15,360,21,0
1737457200,161.17,161.29,160.83,161.29,158,21,0
1737460800,161.31,161.39,160.67,160.71,155,21,0
1737464400,160.65,160.93,160.45,160.49,112,21,0
1737468000,160.45,160.79,160.45,160.69,88,21,0
1737471600,160.65,160.87,160.41,160.79,132,21,0
1737475200,160.75,161.15,160.71,161.13,160,20,0
1737478800,161.15,161.27,160.71,160.83,190,21,0
1737482400,160.87,161.13,160.81,161.13,70,21,0
1737540000,160.49,161.87,160.15,161.83,585,21,0
1737543600,161.85,161.89,161.37,161.49,191,21,0
1737547200,161.43,161.55,161.11,161.21,145,21,0
1737550800,161.31,161.65,161.29,161.61,126,21,0
1737554400,161.61,162.29,161.57,161.67,200,21,0
1737558000,161.61,161.93,161.55,161.77,155,21,0
1737561600,161.79,161.83,161.41,161.53,209,21,0
1737565200,161.49,161.79,161.19,161.63,293,21,0
1737568800,161.63,162.23,161.59,162.17,149,21,0
1737626400,162.13,162.49,161.73,161.81,435,21,0
1737630000,161.79,162.31,161.79,162.21,184,21,0
1737633600,162.23,162.31,162.05,162.21,113,21,0
1737637200,162.17,162.47,162.07,162.07,104,21,0
1737640800,162.11,162.35,162.03,162.23,76,21,0
1737644400,162.25,162.41,162.09,162.23,123,21,0
1737648000,162.25,162.25,161.75,161.83,157,21,0
1737651600,161.85,162.11,161.79,161.85,168,21,0
1737655200,161.89,162.07,161.47,161.93,179,21,0
1737712800,162.99,164.45,162.95,163.83,549,21,0
1737716400,163.87,163.91,163.07,163.63,225,21,0
1737720000,163.67,163.85,163.07,163.57,279,21,0
1737723600,163.61,163.79,163.43,163.63,160,21,0
1737727200,163.57,164.05,163.55,163.93,127,21,0
1737730800,163.91,164.05,163.89,163.93,128,21,0
1737734400,163.87,163.91,163.43,163.43,201,21,0
1737738000,163.45,163.77,163.39,163.69,226,21,0
1737741600,163.67,163.77,163.55,163.65,136,21,0
1737972000,162.95,164.47,162.85,164.27,944,21,0
1737975600,164.31,164.75,164.07,164.71,382,21,0
1737979200,164.71,164.93,164.57,164.79,206,21,0
1737982800,164.77,165.65,164.67,165.61,292,21,0
1737986400,165.61,165.95,165.31,165.43,178,21,0
1737990000,165.43,165.83,165.35,165.77,202,21,0
1737993600,165.75,166.33,165.61,166.07,272,21,0
1737997200,166.11,166.51,165.81,166.15,270,21,0
1738000800,166.13,166.43,166.13,166.25,119,21,0
1738058400,165.89,166.71,165.11,166.67,681,19,0
1738062000,166.69,167.37,166.61,167.29,215,21,0
1738065600,167.25,167.43,166.81,166.81,184,21,0
1738069200,166.85,166.91,166.17,166.17,175,21,0
1738072800,166.23,166.37,165.91,166.27,146,21,0
1738076400,166.29,166.85,166.11,166.79,215,21,0
1738080000,166.81,166.89,166.45,166.77,291,21,0
1738083600,166.77,167.03,166.57,167.01,219,21,0
1738087200,167.05,167.05,166.73,166.75,142,21,0
1738144800,166.62,166.62,165.17,165.71,486,21,0
1738148400,165.63,166.45,165.63,166.39,247,21,0
1738152000,166.39,166.81,166.33,166.81,173,21,0
1738155600,166.85,166.91,166.59,166.89,126,21,0
1738159200,166.85,166.89,166.69,166.85,111,21,0
1738162800,166.87,166.95,166.41,166.65,129,21,0
1738166400,166.67,166.87,166.49,166.83,158,21,0
1738170000,166.81,167.47,166.75,167.35,195,21,0
1738173600,167.31,167.31,166.95,167.09,101,21,0
1738231200,167.61,167.63,166.97,167.17,418,19,0
1738234800,167.21,167.83,167.03,167.61,203,21,0
1738238400,167.57,168.31,167.43,168.27,148,21,0
1738242000,168.31,168.31,167.91,168.19,130,21,0
1738245600,168.17,168.65,167.99,168.55,199,21,0
1738249200,168.53,168.65,168.33,168.53,222,21,0
1738252800,168.51,168.55,168.07,168.25,207,21,0
1738256400,168.21,169.35,168.11,169.33,242,21,0
1738260000,169.37,169.49,169.15,169.31,124,21,0
1738317600,169.11,169.71,169.11,169.45,283,21,0
1738321200,169.51,169.93,169.03,169.07,259,21,0
1738324800,169.11,169.33,168.99,169.09,205,21,0
1738328400,169.13,169.31,168.85,168.85,93,21,0
1738332000,168.83,168.91,168.55,168.65,115,19,0
1738335600,168.59,169.25,168.57,169.15,115,21,0
1738339200,169.15,169.39,168.85,169.21,215,21,0
1738342800,169.17,169.41,168.75,168.81,206,21,0
1738346400,168.77,168.77,168.11,168.27,144,21,0
1738576800,168.44,168.44,164.77,166.27,1251,21,0
1738580400,166.27,166.33,165.41,165.75,395,21,0
1738584000,165.77,166.15,165.63,165.91,256,21,0
1738587600,165.97,166.35,165.95,166.25,147,21,0
1738591200,166.29,166.39,165.87,165.95,162,21,0
1738594800,166.01,166.69,165.99,166.53,220,21,0
1738598400,166.49,166.51,165.85,165.89,380,21,0
1738602000,165.89,167.79,165.85,167.53,985,21,0
1738605600,167.49,167.79,167.13,167.49,327,21,0
1738663200,167.24,167.43,166.19,166.37,917,21,0
1738666800,166.41,167.11,166.41,166.93,340,21,0
1738670400,166.97,167.27,166.79,167.13,230,21,0
1738674000,167.17,167.33,166.79,166.89,192,21,0
1738677600,166.91,167.27,166.77,167.17,160,21,0
1738681200,167.09,167.55,166.97,167.25,130,21,0
1738684800,167.23,168.17,167.23,168.15,229,21,0
1738688400,168.21,168.31,167.83,167.91,338,21,0
1738692000,167.95,168.37,167.95,168.33,93,21,0
1738749600,167.87,167.97,167.43,167.49,386,21,0
1738753200,167.51,167.67,167.21,167.37,205,21,0
1738756800,167.39,167.73,167.37,167.69,118,21,0
1738760400,167.71,167.99,167.63,167.91,98,21,0
1738764000,167.89,168.03,167.81,167.93,73,21,0
1738767600,167.89,168.05,167.81,168.05,88,21,0
1738771200,168.03,168.07,167.45,167.45,122,21,0
1738774800,167.47,167.67,166.43,167.11,289,21,0
1738778400,167.07,167.17,166.87,167.09,160,21,0
1738836000,168.25,168.61,167.67,168.53,560,21,0
1738839600,168.57,168.77,168.23,168.45,178,21,0
1738843200,168.41,168.97,165.89,168.03,1140,21,0
1738846800,167.99,168.09,167.13,167.95,669,19,0
1738850400,167.91,168.57,167.91,168.55,158,21,0
1738854000,168.51,168.65,168.39,168.65,134,21,0
1738857600,168.69,169.35,168.67,169.29,304,21,0
1738861200,169.27,169.71,169.21,169.53,283,21,0
1738864800,169.57,170.33,169.45,170.25,221,21,0
1738922400,169.81,171.35,169.81,170.45,776,21,0
1738926000,170.53,170.55,169.81,170.09,237,21,0
1738929600,170.15,170.23,169.75,169.95,271,21,0
1738933200,169.97,170.31,169.85,170.17,150,21,0
1738936800,170.15,170.19,169.91,170.03,89,21,0
1738940400,170.03,170.29,169.81,170.11,210,21,0
1738944000,170.15,170.25,169.37,169.69,214,21,0
1738947600,169.63,169.77,168.71,169.15,500,21,0
1738951200,169.11,169.39,168.77,168.79,235,21,0
1739181600,169.05,169.45,168.44,168.65,464,21,0
1739185200,168.67,169.07,168.59,168.75,156,21,0
1739188800,168.67,169.05,168.47,168.51,188,21,0
1739192400,168.47,168.83,168.43,168.53,169,21,0
1739196000,168.53,168.69,168.27,168.33,180,21,0
1739199600,168.31,168.61,167.99,168.55,198,21,0
1739203200,168.53,168.89,168.25,168.89,237,21,0
1739206800,168.93,169.23,168.77,169.15,177,21,0
1739210400,169.19,169.85,169.19,169.77,163,21,0
1739268000,169.26,170.29,169.26,169.99,356,21,0
1739271600,169.89,170.29,169.81,170.01,136,21,0
1739275200,169.99,170.15,169.89,169.91,107,21,0
1739278800,169.95,170.21,169.89,170.19,116,21,0
1739282400,170.23,170.47,170.05,170.45,128,21,0
1739286000,170.51,171.11,170.49,170.75,171,21,0
1739289600,170.73,170.77,170.19,170.23,180,21,0
1739293200,170.31,170.65,170.11,170.57,194,21,0
1739296800,170.63,170.73,170.33,170.33,103,21,0
1739354400,170.33,170.97,170.31,170.71,440,21,0
1739358000,170.71,170.71,170.11,170.31,225,21,0
1739361600,170.33,170.51,169.95,170.09,199,21,0
1739365200,170.11,170.13,169.75,169.89,137,21,0
1739368800,169.91,170.21,169.85,170.13,112,21,0
1739372400,170.15,170.15,169.11,170.07,511,21,0
1739376000,170.07,170.09,169.51,170.03,293,21,0
1739379600,169.99,170.73,169.83,170.67,316,21,0
1739383200,170.65,170.79,170.45,170.77,95,21,0
1739440800,171.17,171.55,170.71,170.75,758,21,0
1739444400,170.77,172.21,170.73,172.01,273,21,0
1739448000,171.99,172.51,171.95,172.39,196,21,0
1739451600,172.37,172.91,171.97,172.53,316,21,0
1739455200,172.53,172.71,172.31,172.71,179,21,0
1739458800,172.71,172.91,172.53,172.77,202,21,0
1739462400,172.81,173.71,172.71,173.63,272,21,0
1739466000,173.63,173.81,172.53,172.77,365,21,0
1739469600,172.77,173.45,172.77,173.13,204,19,0
1739527200,171.83,173.59,171.33,173.53,658,21,0
1739530800,173.57,174.17,173.41,173.63,303,21,0
1739534400,173.61,173.99,173.37,173.63,454,21,0
1739538000,173.67,174.35,173.63,174.35,194,21,0
1739541600,174.33,174.49,174.07,174.27,196,21,0
1739545200,174.29,174.45,174.11,174.11,207,21,0
1739548800,174.11,174.57,173.87,174.57,266,21,0
1739552400,174.57,174.73,173.93,174.09,314,21,0
1739556000,174.11,174.35,173.81,173.89,168,19,0
1739786400,173.65,173.85,173.07,173.83,428,21,0
1739790000,173.87,174.25,173.75,173.83,161,21,0
1739793600,173.87,173.95,173.51,173.61,102,21,0
1739797200,173.63,173.69,173.45,173.63,100,21,0
1739800800,173.67,173.77,173.57,173.63,79,21,0
1739804400,173.67,173.69,173.39,173.45,88,21,0
1739808000,173.43,173.69,173.35,173.67,85,21,0
1739811600,173.69,174.09,173.65,174.07,123,21,0
1739815200,174.07,174.17,173.95,174.13,82,21,0
1739872800,173.03,174.03,172.45,173.23,787,21,0
1739876400,173.25,173.95,173.23,173.93,362,21,0
1739880000,173.95,174.25,173.43,173.57,221,21,0
1739883600,173.55,173.77,173.45,173.63,139,21,0
1739887200,173.65,174.37,173.61,174.33,196,21,0
1739890800,174.31,174.65,174.25,174.51,168,21,0
1739894400,174.49,174.53,173.79,174.03,271,21,0
1739898000,174.07,174.51,174.07,174.51,263,21,0
1739901600,174.47,174.55,174.21,174.51,128,21,0
1739959200,174.24,174.33,173.83,173.91,421,21,0
1739962800,173.97,174.17,173.41,173.69,200,21,0
1739966400,173.73,173.83,172.39,172.83,270,21,0
1739970000,172.87,173.03,172.19,172.59,287,21,0
1739973600,172.55,172.91,172.43,172.49,154,21,0
1739977200,172.49,172.69,172.21,172.23,118,21,0
1739980800,172.21,172.37,171.61,171.85,286,21,0
1739984400,171.83,172.63,171.81,172.03,323,21,0
1739988000,172.01,172.27,171.99,172.17,126,21,0
1740045600,172.03,172.75,171.81,172.47,711,21,0
1740049200,172.49,173.19,172.41,173.03,268,21,0
1740052800,173.05,173.25,172.73,172.81,202,21,0
1740056400,172.77,173.21,172.49,172.65,189,21,0
1740060000,172.67,172.91,172.59,172.75,113,21,0
1740063600,172.77,172.77,172.31,172.35,193,21,0
1740067200,172.33,172.63,172.23,172.47,265,21,0
1740070800,172.49,172.79,172.05,172.07,505,21,0
1740074400,172.05,172.53,171.83,172.41,218,21,0
1740132000,177.13,179.19,177.09,178.61,1227,21,0
1740135600,178.65,178.67,177.23,177.51,725,21,0
1740139200,177.47,178.93,176.95,178.77,1089,21,0
1740142800,178.77,179.69,178.47,179.13,608,21,0
1740146400,179.15,179.27,178.51,178.57,249,21,0
1740150000,178.63,179.21,178.57,178.89,207,21,0
1740153600,178.89,179.65,178.53,178.89,510,21,0
1740157200,178.87,179.05,177.81,178.45,559,21,0
1740160800,178.43,178.55,178.19,178.53,191,21,0
1740391200,179.21,179.27,176.43,177.03,812,21,0
1740394800,177.03,177.67,176.71,176.91,400,21,0
1740398400,176.89,177.33,175.23,175.27,348,21,0
1740402000,175.23,176.09,175.15,175.71,251,21,0
1740405600,175.73,175.73,175.07,175.47,208,21,0
1740409200,175.43,175.61,175.13,175.33,180,21,0
1740412800,175.27,175.31,174.21,174.31,361,21,0
1740416400,174.31,175.11,174.21,174.93,428,21,0
1740420000,174.95,174.97,174.69,174.81,157,21,0
1740477600,173.84,174.55,173.49,173.69,546,21,0
1740481200,173.71,174.49,173.63,174.11,352,21,0
1740484800,174.13,174.83,174.01,174.27,221,21,0
1740488400,174.31,174.79,174.21,174.57,182,21,0
1740492000,174.55,174.95,174.51,174.87,165,21,0
1740495600,174.83,175.53,174.55,175.49,197,21,0
1740499200,175.43,175.55,175.05,175.41,301,19,0
1740502800,175.43,175.61,174.99,175.45,383,21,0
1740506400,175.39,175.51,175.21,175.35,150,21,0
1740564000,175.41,176.25,175.05,175.35,599,21,0
1740567600,175.35,175.89,175.27,175.57,274,21,0
1740571200,175.59,176.11,175.59,175.95,169,21,0
1740574800,175.91,176.37,175.75,175.89,171,21,0
1740578400,175.91,176.39,175.89,176.25,149,21,0
1740582000,176.33,176.51,175.73,175.79,211,21,0
1740585600,175.81,175.83,175.39,175.63,398,21,0
1740589200,175.63,175.91,175.57,175.83,212,21,0
1740592800,175.85,175.99,175.37,175.85,119,21,0
1740650400,175.88,175.88,174.61,175.17,757,21,0
1740654000,175.13,175.67,175.01,175.67,285,21,0
1740657600,175.69,175.77,174.95,175.05,205,21,0
1740661200,175.05,175.51,174.87,175.15,161,21,0
1740664800,175.21,175.39,174.81,174.81,141,21,0
1740668400,174.79,175.13,174.03,174.25,350,21,0
1740672000,174.21,174.45,173.67,174.03,345,21,0
1740675600,174.05,174.45,173.73,174.29,367,21,0
1740679200,174.25,174.55,174.17,174.17,150,21,0
1740736800,173.98,174.77,173.71,174.57,513,21,0
1740740400,174.57,175.31,174.47,175.13,247,21,0
1740744000,175.15,175.65,175.03,175.25,270,21,0
1740747600,175.23,175.55,175.23,175.49,151,21,0
1740751200,175.47,175.49,175.09,175.29,135,21,0
1740754800,175.27,175.65,175.21,175.61,182,21,0
1740758400,175.61,176.37,175.25,176.35,318,21,0
1740762000,176.31,176.55,175.63,176.53,291,21,0
1740765600,176.55,176.77,176.37,176.37,149,21,0
1740996000,175.99,176.29,174.79,175.97,755,21,0
1740999600,175.93,176.91,175.83,176.81,297,21,0
1741003200,176.83,177.09,176.33,177.03,209,21,0
1741006800,177.05,177.65,176.77,177.65,180,21,0
1741010400,177.59,178.95,177.57,178.95,384,21,0
1741014000,178.93,179.07,178.43,179.07,220,21,0
1741017600,179.11,179.89,179.01,179.77,316,21,0
1741021200,179.83,180.49,179.45,180.33,439,21,0
1741024800,180.35,180.45,179.75,179.91,198,21,0
1741082400,177.65,179.05,177.13,178.61,1083,21,0
1741086000,178.57,178.83,177.93,178.15,528,21,0
1741089600,178.13,178.27,177.83,178.05,365,21,0
1741093200,178.03,178.59,177.85,178.03,259,21,0
1741096800,178.01,178.05,177.45,177.79,237,21,0
1741100400,177.81,177.97,176.71,176.77,368,21,0
1741104000,176.73,177.55,176.61,177.29,600,21,0
1741107600,177.27,178.39,176.91,178.01,714,21,0
1741111200,177.97,178.13,177.49,177.53,290,21,0
1741168800,178.83,179.99,178.05,179.85,959,21,0
1741172400,179.83,181.29,179.75,181.29,568,21,0
1741176000,181.31,181.43,180.29,180.37,398,21,0
1741179600,180.41,180.59,179.75,179.85,357,21,0
1741183200,179.85,180.85,179.71,180.55,368,21,0
1741186800,180.59,181.21,180.45,180.49,516,21,0
1741190400,180.49,180.67,179.99,180.33,489,21,0
1741194000,180.17,181.29,180.17,181.09,514,21,0
1741197600,181.09,181.13,180.81,181.11,234,21,0
1741255200,181.31,181.53,180.27,180.47,689,21,0
1741258800,180.53,180.97,179.19,179.41,603,21,0
1741262400,179.31,179.49,178.51,178.57,381,21,0
1741266000,178.55,178.87,178.21,178.43,344,21,0
1741269600,178.49,178.69,178.27,178.45,228,21,0
1741273200,178.49,178.75,177.87,178.33,419,21,0
1741276800,178.33,179.21,177.83,178.99,582,21,0
1741280400,178.95,179.59,178.75,179.43,475,21,0
1741284000,179.45,180.75,179.45,180.75,291,21,0
1741341600,179.93,180.11,178.49,179.45,953,21,0
1741345200,179.45,180.25,179.15,179.95,542,21,0
1741348800,179.97,179.99,179.03,179.17,466,21,0
1741352400,179.19,179.75,179.07,179.25,291,21,0
1741356000,179.19,179.49,178.59,178.89,254,21,0
1741359600,178.87,179.69,178.51,178.67,610,21,0
1741363200,178.63,179.65,178.35,179.61,644,21,0
1741366800,179.57,180.33,179.11,179.95,729,21,0
1741370400,179.91,180.07,179.41,179.57,331,21,0
1741600800,181.51,181.95,180.21,180.65,1353,21,0
1741604400,180.61,181.77,180.33,181.25,952,21,0
1741608000,181.27,181.49,180.67,181.31,479,21,0
1741611600,181.35,182.73,180.85,182.71,641,21,0
1741615200,182.75,182.95,181.95,182.93,439,21,0
1741618800,182.91,183.81,182.37,183.47,645,21,0
1741622400,183.41,183.91,182.91,183.87,805,21,0
1741626000,183.89,184.69,183.03,183.79,943,19,0
1741629600,183.75,183.87,183.07,183.57,308,21,0
1741687200,183.89,185.33,183.81,185.23,1382,21,0
1741690800,185.29,185.69,184.51,184.67,498,21,0
1741694400,184.65,184.65,183.39,183.85,424,21,0
1741698000,183.81,183.83,182.41,182.55,378,21,0
1741701600,182.53,182.55,180.93,180.97,425,21,0
1741705200,180.99,181.37,179.63,179.75,502,21,0
1741708800,179.73,179.97,177.75,178.59,1470,21,0
1741712400,178.57,178.83,178.15,178.23,990,21,0
1741716000,178.21,178.39,177.93,178.01,519,21,0
1741773600,179.09,179.77,178.59,179.73,960,21,0
1741777200,179.75,180.59,179.53,180.59,473,21,0
1741780800,180.61,181.05,180.47,180.89,277,21,0
1741784400,180.93,181.59,180.69,180.73,262,21,0
1741788000,180.67,181.47,180.39,180.81,406,21,0
1741791600,180.83,180.95,179.73,180.11,487,21,0
1741795200,180.07,180.35,178.87,178.93,559,21,0
1741798800,178.97,179.73,178.53,179.55,478,21,0
1741802400,179.59,179.75,179.17,179.55,178,21,0
1741860000,179.01,179.53,178.35,179.23,1157,21,0
1741863600,179.27,180.57,179.03,180.49,483,21,0
1741867200,180.53,180.81,180.03,180.23,343,19,0
1741870800,180.25,180.33,179.21,179.57,395,21,0
1741874400,179.55,179.93,178.77,179.11,577,21,0
1741878000,179.11,179.57,178.63,178.75,488,21,0
1741881600,178.71,179.15,178.65,179.05,484,21,0
1741885200,179.15,179.57,178.57,179.03,607,21,0
1741888800,179.01,179.39,178.91,178.99,264,21,0
1741946400,179.15,180.35,178.69,180.35,913,19,0
1741950000,180.41,180.67,180.07,180.19,418,21,0
1741953600,180.23,181.33,180.15,181.07,558,21,0
1741957200,181.11,181.43,180.65,180.91,528,21,0
1741960800,180.95,181.25,180.59,180.97,256,21,0
1741964400,180.93,180.93,180.27,180.35,334,21,0
1741968000,180.29,180.63,179.73,179.99,438,21,0
1741971600,180.01,180.19,179.83,179.99,302,21,0
1741975200,180.03,180.07,179.77,179.85,245,21,0
1742205600,180.73,180.89,179.21,180.37,786,21,0
1742209200,180.35,181.07,179.87,180.99,389,21,0
1742212800,180.97,181.47,180.87,181.19,206,21,0
1742216400,181.15,181.17,180.51,180.63,159,21,0
1742220000,180.67,180.77,179.87,180.03,256,21,0
1742223600,179.93,180.67,179.93,180.59,203,21,0
1742227200,180.59,180.69,179.81,180.13,278,21,0
1742230800,180.11,180.37,179.99,180.23,214,21,0
1742234400,180.29,180.49,180.19,180.41,158,21,0
1742292000,180.55,181.05,180.35,180.45,558,21,0
1742295600,180.43,181.03,180.11,180.61,313,21,0
1742299200,180.57,180.61,179.43,179.73,374,21,0
1742302800,179.73,180.09,179.51,179.99,235,19,0
1742306400,180.03,180.43,179.83,180.33,173,21,0
1742310000,180.25,180.31,179.81,179.95,250,21,0
1742313600,179.93,180.47,179.87,180.39,256,21,0
1742317200,180.37,180.45,179.47,179.57,262,21,0
1742320800,179.57,180.23,179.53,180.11,149,21,0
1742378400,179.23,179.51,179.03,179.51,333,21,0
1742382000,179.51,179.85,179.17,179.81,227,21,0
1742385600,179.87,180.49,179.79,180.29,169,21,0
1742389200,180.29,180.65,179.41,179.69,256,21,0
1742392800,179.71,180.11,179.33,180.11,174,21,0
1742396400,180.15,180.19,179.51,179.77,209,21,0
1742400000,179.79,180.51,179.79,180.39,160,21,0
1742403600,180.43,180.69,180.25,180.53,236,21,0
1742407200,180.51,180.51,180.07,180.31,141,21,0
1742464800,180.05,180.29,179.31,179.35,619,21,0
1742468400,179.37,179.71,178.39,178.67,505,21,0
1742472000,178.63,178.65,177.63,178.05,437,21,0
1742475600,178.07,178.27,177.61,178.11,241,21,0
1742479200,178.05,178.17,177.57,177.79,243,21,0
1742482800,177.79,178.17,177.63,178.07,293,21,0
1742486400,178.03,178.69,177.97,178.47,341,21,0
1742490000,178.47,178.53,177.37,178.15,373,21,0
1742493600,178.11,178.19,177.95,177.99,175,21,0
1742551200,177.73,178.23,177.29,177.83,1242,21,0
1742554800,177.91,177.91,177.35,177.63,291,21,0
1742558400,177.63,178.37,177.41,178.19,599,21,0
1742562000,178.17,178.31,177.37,177.61,271,21,0
1742565600,177.63,177.81,177.25,177.41,281,21,0
1742569200,177.39,177.73,177.17,177.45,282,21,0
1742572800,177.49,177.53,176.75,177.35,404,21,0
1742576400,177.35,177.61,177.21,177.43,322,21,0
1742580000,177.39,177.77,177.29,177.67,148,21,0
1742810400,179.03,179.67,178.65,179.45,592,21,0
1742814000,179.43,179.75,178.99,178.99,350,21,0
1742817600,178.93,179.55,178.67,179.47,264,21,0
1742821200,179.49,179.53,178.77,178.83,256,21,0
1742824800,178.75,178.83,178.13,178.17,304,21,0
1742828400,178.21,178.37,177.67,177.93,421,21,0
1742832000,177.97,178.31,177.43,177.49,548,21,0
1742835600,177.51,177.67,177.01,177.39,474,21,0
1742839200,177.37,177.61,177.19,177.27,231,21,0
1742896800,177.69,179.31,177.69,178.95,777,21,0
1742900400,178.97,178.99,178.41,178.81,320,21,0
1742904000,178.79,179.19,178.39,178.93,291,21,0
1742907600,178.95,179.59,178.95,179.55,351,21,0
1742911200,179.61,179.61,178.93,179.23,220,21,0
1742914800,179.19,179.19,178.39,178.39,203,21,0
1742918400,178.37,178.59,178.01,178.37,192,21,0
1742922000,178.37,178.45,177.89,178.09,175,21,0
1742925600,178.07,178.73,178.07,178.69,133,21,0
1742983200,178.69,178.77,176.59,176.61,719,21,0
1742986800,176.55,176.61,175.95,176.11,417,21,0
1742990400,176.07,177.03,176.05,177.03,223,21,0
1742994000,177.07,177.47,176.73,176.97,212,21,0
1742997600,176.99,177.37,176.81,177.11,147,21,0
1743001200,177.17,177.23,176.33,176.73,327,21,0
1743004800,176.65,177.85,176.63,177.81,346,21,0
1743008400,177.87,177.95,176.81,176.93,296,21,0
1743012000,176.95,176.97,176.45,176.61,248,21,0
1743069600,176.25,176.41,175.17,176.35,1056,21,0
1743073200,176.37,176.43,175.87,176.35,273,21,0
1743076800,176.37,176.95,176.35,176.81,193,21,0
1743080400,176.89,176.99,176.33,176.33,172,21,0
1743084000,176.29,176.45,176.05,176.15,176,21,0
1743087600,176.15,176.53,175.93,176.37,213,21,0
1743091200,176.31,176.83,176.15,176.61,225,21,0
1743094800,176.67,176.87,175.99,176.01,275,21,0
1743098400,176.03,176.23,175.83,175.91,175,21,0
1743156000,176.11,177.17,176.09,177.03,523,21,0
1743159600,177.05,177.23,175.93,176.05,243,21,0
1743163200,176.05,176.67,175.91,176.15,207,21,0
1743166800,176.19,176.41,176.01,176.41,179,21,0
1743170400,176.39,176.55,175.95,175.97,150,21,0
1743174000,175.99,176.83,175.67,176.19,413,21,0
1743177600,176.15,176.33,175.53,175.81,335,21,0
1743181200,175.77,176.93,175.59,176.57,314,21,0
1743184800,176.61,176.89,176.39,176.49,158,21,0
1743415200,175.19,175.55,174.13,175.41,1293,21,0
1743418800,175.47,175.61,174.77,175.45,518,21,0
1743422400,175.43,175.53,174.77,174.93,296,21,0
1743426000,174.91,175.11,174.31,174.37,336,21,0
1743429600,174.39,174.63,174.11,174.51,231,21,0
1743433200,174.51,174.93,174.27,174.87,201,21,0
1743436800,174.91,175.55,174.83,175.51,296,21,0
1743440400,175.53,176.03,175.31,175.71,402,21,0
1743444000,175.73,175.99,175.53,175.57,224,21,0
1743501600,175.87,176.69,175.19,175.25,808,21,0
1743505200,175.27,176.95,175.07,176.83,450,21,0
1743508800,176.85,177.31,176.85,177.23,255,21,0
1743512400,177.23,177.25,176.43,176.89,335,21,0
1743516000,176.87,176.89,176.21,176.69,202,21,0
1743519600,176.67,176.97,176.47,176.67,290,21,0
1743523200,176.71,177.11,176.39,176.81,353,21,0
1743526800,176.79,177.17,175.97,177.15,488,21,0
1743530400,177.13,177.45,177.09,177.23,244,21,0
1743588000,177.11,177.31,175.85,177.05,832,21,0
1743591600,176.99,177.55,176.37,177.05,359,21,0
1743595200,177.07,177.65,176.95,177.23,168,21,0
1743598800,177.23,177.31,176.85,177.23,243,21,0
1743602400,177.27,177.63,177.15,177.47,202,21,0
1743606000,177.51,177.51,176.83,177.51,221,21,0
1743609600,177.53,177.75,177.21,177.29,335,21,0
1743613200,177.27,178.11,177.23,177.97,283,21,0
1743616800,177.89,177.89,177.23,177.45,177,21,0
1743674400,175.29,176.73,175.07,176.43,2405,19,0
1743678000,176.45,177.23,176.17,176.85,876,21,0
1743681600,176.87,176.87,175.07,175.33,844,21,0
1743685200,175.35,175.85,174.81,174.89,544,21,0
1743688800,174.93,174.93,172.99,173.53,678,21,0
1743692400,173.57,174.71,173.47,173.67,579,21,0
1743696000,173.65,174.11,173.47,173.75,744,21,0
1743699600,173.75,173.99,173.05,173.47,822,21,0
1743703200,173.45,174.29,173.29,173.83,372,21,0
1743760800,173.93,176.29,173.22,176.01,1847,21,0
1743764400,176.03,177.55,175.89,176.95,1476,21,0
1743768000,177.01,178.03,176.83,177.15,1391,21,0
1743771600,177.19,177.31,173.59,173.73,3745,21,0
1743775200,173.75,176.61,173.47,176.43,3267,21,0
1743778800,176.37,177.05,175.17,176.31,2480,19,0
1743782400,176.41,177.35,174.35,174.37,2277,21,0
1743786000,174.35,175.43,173.77,175.19,1749,21,0
1743789600,175.15,176.49,173.93,174.01,1792,21,0
1744020000,164.43,165.75,161.53,162.29,6558,19,0
1744023600,162.25,163.89,161.43,161.57,3838,21,0
1744027200,161.55,162.89,160.11,161.89,2749,21,0
1744030800,161.93,165.13,161.91,163.37,2823,21,0
1744034400,163.39,165.07,160.95,161.57,2649,21,0
1744038000,161.61,164.57,161.23,164.19,2822,19,0
1744041600,164.21,164.39,160.69,161.85,3656,21,0
1744045200,161.83,169.15,161.65,163.05,6443,21,0
1744048800,163.05,164.09,160.15,160.15,3136,21,0
1744106400,162.85,164.25,162.37,162.85,3595,21,0
1744110000,162.83,164.33,161.61,164.25,2425,21,0
1744113600,164.21,164.67,162.71,162.89,1577,21,0
1744117200,162.89,164.21,162.45,164.07,1053,21,0
1744120800,164.09,165.57,164.03,165.47,1454,21,0
1744124400,165.49,165.95,164.51,165.93,1368,21,0
1744128000,165.89,167.11,165.63,166.97,1965,21,0
1744131600,166.99,167.13,165.77,165.89,1756,19,0
1744135200,165.91,166.41,165.13,165.15,599,21,0
1744192800,162.58,164.07,161.93,162.71,3776,21,0
1744196400,162.71,162.79,160.55,162.09,1888,19,0
1744200000,162.11,162.27,160.59,160.59,1485,21,0
1744203600,160.59,161.55,160.33,160.61,1251,21,0
1744207200,160.63,160.69,159.35,159.77,3093,19,0
1744210800,159.71,160.31,158.97,160.07,1540,21,0
1744214400,160.05,160.97,159.53,160.63,2212,21,0
1744218000,160.63,162.03,160.55,161.21,1947,21,0
1744221600,161.15,161.49,161.01,161.01,712,21,0
1744279200,161.64,171.19,161.64,168.19,3711,21,0
1744282800,168.21,168.87,167.61,168.29,2897,21,0
1744286400,168.31,169.37,167.77,169.07,1732,21,0
1744290000,169.11,170.25,168.57,170.05,1210,21,0
1744293600,170.07,170.41,168.95,169.27,947,21,0
1744297200,169.29,169.45,167.77,168.37,1562,21,0
1744300800,168.37,169.91,168.21,169.05,2412,21,0
1744304400,169.05,169.53,168.13,168.13,1728,21,0
1744308000,168.11,168.79,167.43,167.45,493,21,0
1744365600,168.43,168.57,166.91,167.03,1791,21,0
1744369200,167.03,167.51,165.41,165.85,2233,21,0
1744372800,165.83,167.59,164.57,167.41,1823,21,0
1744376400,167.47,167.49,166.53,167.03,1184,21,0
1744380000,167.05,167.05,165.91,166.63,953,21,0
1744383600,166.69,167.75,166.61,167.11,1026,21,0
1744387200,167.09,168.37,166.43,168.09,1937,19,0
1744390800,168.17,169.21,167.63,168.11,2102,21,0
1744394400,168.11,168.69,167.79,168.15,619,21,0
1744624800,171.02,171.27,170.15,170.79,986,21,0
1744628400,170.73,171.15,170.49,170.77,536,21,0
1744632000,170.77,171.27,169.83,170.15,406,21,0
1744635600,170.13,170.69,169.93,170.47,274,21,0
1744639200,170.51,170.53,170.15,170.43,263,21,0
1744642800,170.49,171.15,170.23,170.77,311,21,0
1744646400,170.73,170.83,169.53,170.05,694,21,0
1744650000,170.09,171.35,170.01,171.01,686,21,0
1744653600,171.05,171.09,170.37,170.37,234,21,0
1744711200,170.81,171.83,170.57,171.81,1007,21,0
1744714800,171.79,172.89,171.23,172.67,922,21,0
1744718400,172.63,173.11,172.53,172.81,430,21,0
1744722000,172.79,173.11,172.55,172.85,319,21,0
1744725600,172.87,172.93,172.47,172.53,219,21,0
1744729200,172.57,173.19,172.49,172.91,248,21,0
1744732800,172.97,173.69,172.91,173.43,515,21,0
1744736400,173.47,174.37,173.33,174.17,898,21,0
1744740000,174.21,174.59,174.11,174.47,216,21,0
1744797600,173.91,174.01,173.27,173.73,652,21,0
1744801200,173.69,174.51,173.39,173.53,830,21,0
1744804800,173.57,174.05,173.35,173.87,424,21,0
1744808400,173.83,174.39,173.81,174.27,297,21,0
1744812000,174.25,174.55,174.09,174.53,195,21,0
1744815600,174.55,174.89,174.17,174.49,303,21,0
1744819200,174.51,174.51,173.83,174.15,434,21,0
1744822800,174.13,174.45,173.89,174.21,495,21,0
1744826400,174.25,174.85,174.13,174.79,182,21,0
1744884000,174.81,175.13,173.91,173.91,725,20,0
1744887600,173.87,174.39,173.77,173.83,440,21,0
1744891200,173.77,173.83,173.19,173.71,529,21,0
1744894800,173.65,173.79,172.91,173.01,378,21,0
1744898400,173.01,173.07,172.67,173.01,238,21,0
1744902000,173.07,173.87,172.89,173.69,551,21,0
1744905600,173.63,174.25,173.57,173.85,629,21,0
1744909200,173.83,174.19,173.41,173.75,473,21,0
1744912800,173.79,174.01,173.25,173.25,155,21,0
1745316000,174.07,174.25,173.27,173.33,1038,21,0
1745319600,173.35,173.87,172.97,173.83,583,21,0
1745323200,173.83,174.49,173.71,174.39,365,21,0
1745326800,174.35,174.41,173.55,173.67,321,21,0
1745330400,173.57,173.99,173.35,173.79,226,21,0
1745334000,173.77,174.13,173.35,173.41,246,21,0
1745337600,173.41,174.19,173.41,173.63,392,21,0
1745341200,173.65,174.67,173.63,174.63,469,19,0
1745344800,174.69,175.23,174.67,174.77,160,21,0
1745402400,174.23,176.41,174.23,175.99,992,21,0
1745406000,176.05,176.35,175.71,175.77,516,21,0
1745409600,175.79,176.17,175.19,175.29,481,21,0
1745413200,175.31,175.35,174.43,174.75,374,21,0
1745416800,174.79,174.79,173.93,173.99,214,21,0
1745420400,174.05,174.07,173.71,173.71,227,21,0
1745424000,173.67,175.23,173.05,173.79,1170,21,0
1745427600,173.79,174.95,173.67,174.73,1194,19,0
1745431200,174.77,174.91,174.11,174.43,579,21,0
1745488800,174.65,177.69,174.09,176.87,1152,21,0
1745492400,176.87,177.31,176.35,177.13,623,21,0
1745496000,177.19,178.39,176.97,178.33,453,21,0
1745499600,178.37,179.25,178.35,178.69,360,21,0
1745503200,178.69,179.33,178.37,179.03,391,21,0
1745506800,179.01,179.39,178.59,179.01,299,21,0
1745510400,178.97,179.15,178.15,178.47,506,21,0
1745514000,178.45,178.83,177.93,178.67,417,21,0
1745517600,178.69,178.89,178.41,178.41,118,21,0
1745575200,178.73,179.57,178.13,178.79,885,21,0
1745578800,178.75,179.29,178.73,179.07,403,21,0
1745582400,179.09,179.61,178.73,179.29,378,21,0
1745586000,179.27,179.59,178.59,178.63,573,21,0
1745589600,178.63,178.95,178.45,178.89,230,21,0
1745593200,178.87,179.43,178.63,179.19,285,21,0
1745596800,179.21,179.55,178.75,178.87,468,21,0
1745600400,178.83,179.01,177.91,177.91,549,21,0
1745604000,177.95,178.41,177.91,178.37,153,21,0
1745834400,178.58,179.11,178.23,178.89,602,21,0
1745838000,178.87,179.25,178.69,178.71,243,21,0
1745841600,178.73,179.05,178.51,178.71,205,21,0
1745845200,178.75,179.57,178.67,179.15,242,21,0
1745848800,179.11,179.19,178.73,179.01,252,21,0
1745852400,179.01,179.19,178.87,179.13,235,21,0
1745856000,179.21,179.59,179.15,179.19,344,21,0
1745859600,179.17,179.17,177.85,178.27,441,21,0
1745863200,178.31,178.49,177.87,177.87,170,21,0
1745920800,177.37,177.68,176.45,176.77,946,21,0
1745924400,176.73,178.11,176.69,178.09,361,21,0
1745928000,178.07,178.71,178.03,178.45,364,21,0
1745931600,178.45,178.67,178.25,178.59,236,21,0
1745935200,178.57,179.03,178.25,178.99,215,21,0
1745938800,178.95,179.13,178.43,178.45,277,21,0
1745942400,178.47,178.99,178.01,178.47,390,21,0
1745946000,178.47,178.91,178.35,178.79,296,21,0
1745949600,178.81,179.17,178.81,178.95,112,21,0
1746007200,178.95,180.85,178.95,180.51,688,21,0
1746010800,180.45,180.75,180.13,180.51,462,21,0
1746014400,180.51,180.81,180.11,180.17,359,21,0
1746018000,180.21,180.35,179.97,180.27,167,21,0
1746021600,180.25,180.53,180.05,180.43,131,21,0
1746025200,180.41,180.41,178.99,179.17,556,21,0
1746028800,179.17,179.61,178.61,178.69,709,21,0
1746032400,178.71,180.03,178.65,179.93,551,21,0
1746036000,179.95,180.71,179.93,180.47,153,21,0
1746180000,185.59,185.81,183.07,183.09,1488,21,0
1746183600,183.07,184.41,182.87,184.11,521,21,0
1746187200,184.09,184.27,183.39,183.73,621,21,0
1746190800,183.77,183.81,183.27,183.63,364,21,0
1746194400,183.67,183.69,183.17,183.49,199,21,0
1746198000,183.45,184.45,183.45,184.27,386,21,0
1746201600,184.29,184.43,183.91,184.07,452,21,0
1746205200,184.07,185.03,183.95,184.95,400,21,0
1746208800,184.97,184.97,184.63,184.71,127,21,0
1746439200,184.49,185.55,184.49,185.03,417,21,0
1746442800,185.03,185.37,184.79,184.87,224,21,0
1746446400,184.87,184.89,183.75,183.89,246,21,0
1746450000,183.89,184.03,183.65,183.83,133,21,0
1746453600,183.83,183.87,183.29,183.45,170,21,0
1746457200,183.45,183.45,182.91,182.95,143,21,0
1746460800,182.93,183.23,182.75,182.89,243,21,0
1746464400,182.91,183.57,182.71,183.23,269,21,0
1746468000,183.27,183.55,183.09,183.47,134,21,0
1746525600,183.87,184.47,183.49,184.39,520,21,0
1746529200,184.35,184.77,184.09,184.35,462,21,0
1746532800,184.35,184.35,183.71,183.81,326,21,0
1746536400,183.77,184.41,183.45,184.37,211,21,0
1746540000,184.39,184.81,184.29,184.57,216,21,0
1746543600,184.59,184.67,184.23,184.59,165,21,0
1746547200,184.61,184.65,183.51,183.59,221,21,0
1746550800,183.55,183.79,182.85,183.51,308,21,0
1746554400,183.49,183.89,183.41,183.51,137,21,0
1746612000,182.27,183.05,181.31,181.41,750,21,0
1746615600,181.47,181.93,180.93,181.93,408,21,0
1746619200,181.91,182.01,181.23,181.55,320,21,0
1746622800,181.59,182.07,181.33,181.95,251,21,0
1746626400,181.95,182.27,181.87,182.25,224,21,0
1746630000,182.25,182.43,181.93,182.21,176,21,0
1746633600,182.19,182.31,181.89,182.23,360,21,0
1746637200,182.25,182.65,182.01,182.25,297,21,0
1746640800,182.21,182.49,182.15,182.33,92,21,0
1746698400,182.55,183.09,181.49,182.41,640,21,0
1746702000,182.43,182.81,182.15,182.15,371,21,0
1746705600,182.17,182.89,181.85,182.73,271,21,0
1746709200,182.77,182.89,182.33,182.71,246,21,0
1746712800,182.77,183.01,182.57,182.89,279,21,0
1746716400,182.93,182.99,182.23,182.47,399,21,0
1746720000,182.45,182.99,182.43,182.77,326,21,0
1746723600,182.77,183.01,182.31,182.37,353,21,0
1746727200,182.37,182.77,181.95,182.59,226,21,0
1746784800,183.41,183.95,183.11,183.53,425,21,0
1746788400,183.49,183.83,183.43,183.53,250,21,0
1746792000,183.55,183.89,183.51,183.75,228,21,0
1746795600,183.73,183.81,183.49,183.75,113,21,0
1746799200,183.67,183.97,183.45,183.79,216,21,0
1746802800,183.75,184.23,183.75,184.03,114,21,0
1746806400,184.07,184.41,183.97,184.33,198,21,0
1746810000,184.31,184.35,183.87,183.87,214,21,0
1746813600,183.91,183.95,183.63,183.79,95,21,0
1747044000,185.11,185.97,183.17,183.31,1463,21,0
1747047600,183.37,183.69,182.73,183.41,778,21,0
1747051200,183.49,184.15,183.29,183.61,418,21,0
1747054800,183.63,183.65,182.61,182.77,365,21,0
1747058400,182.71,182.79,181.71,182.25,409,21,0
1747062000,182.27,182.37,181.73,182.29,404,21,0
1747065600,182.31,182.33,181.49,181.87,582,21,0
1747069200,181.87,182.09,180.77,181.27,691,21,0
1747072800,181.29,181.53,180.71,180.81,234,21,0
1747130400,180.87,182.51,180.73,182.39,619,21,0
1747134000,182.37,182.49,181.57,181.81,322,21,0
1747137600,181.85,182.33,181.77,181.97,222,21,0
1747141200,181.99,182.13,181.89,181.93,99,21,0
1747144800,181.99,182.37,181.93,181.99,115,21,0
1747148400,181.97,182.21,181.83,181.85,195,21,0
1747152000,181.89,182.21,181.51,181.69,281,21,0
1747155600,181.69,181.73,181.19,181.65,246,21,0
1747159200,181.59,182.13,181.49,182.01,109,21,0
1747216800,181.25,181.49,180.71,181.43,716,21,0
1747220400,181.47,181.47,180.65,180.65,275,21,0
1747224000,180.71,181.33,180.61,181.27,241,21,0
1747227600,181.29,181.69,181.27,181.59,160,21,0
1747231200,181.61,182.01,181.53,181.93,128,21,0
1747234800,181.93,182.65,181.91,182.03,208,21,0
1747238400,182.05,182.25,181.63,182.09,315,21,0
1747242000,182.13,182.17,181.85,182.01,238,21,0
1747245600,182.01,182.39,181.79,182.23,178,21,0
1747303200,182.71,183.61,182.71,183.37,531,21,0
1747306800,183.39,184.27,183.37,184.21,322,21,0
1747310400,184.25,184.29,183.99,184.27,227,21,0
1747314000,184.19,184.27,183.93,184.11,140,21,0
1747317600,184.09,184.29,183.79,183.85,112,21,0
1747321200,183.89,184.47,183.87,184.07,157,21,0
1747324800,184.03,185.23,184.03,185.21,226,21,0
1747328400,185.25,185.27,184.31,184.75,242,21,0
1747332000,184.79,185.55,184.71,185.51,125,21,0
1747389600,186.13,186.65,185.83,186.53,553,21,0
1747393200,186.47,186.49,185.73,185.75,279,21,0
1747396800,185.77,186.83,185.65,186.57,319,21,0
1747400400,186.55,187.03,186.41,186.59,193,21,0
1747404000,186.61,186.81,186.53,186.67,151,21,0
1747407600,186.65,186.71,185.85,185.85,199,21,0
1747411200,185.81,186.27,185.73,185.99,451,21,0
1747414800,186.01,186.59,185.83,186.29,304,21,0
1747418400,186.25,186.55,186.23,186.53,131,21,0
1747648800,183.47,183.89,183.31,183.61,701,21,0
1747652400,183.65,183.95,183.21,183.27,305,21,0
1747656000,183.23,183.49,183.01,183.21,299,21,0
1747659600,183.25,183.65,183.07,183.51,210,21,0
1747663200,183.55,183.85,183.47,183.81,112,21,0
1747666800,183.79,183.99,183.43,183.43,183,21,0
1747670400,183.43,184.53,183.43,184.51,273,21,0
1747674000,184.57,184.99,184.41,184.57,191,19,0
1747677600,184.53,184.69,184.45,184.51,84,21,0
1747735200,184.44,184.95,184.31,184.79,506,21,0
1747738800,184.81,184.81,184.53,184.55,165,21,0
1747742400,184.59,185.19,184.53,185.13,137,21,0
1747746000,185.15,185.35,185.05,185.33,137,21,0
1747749600,185.37,185.39,185.13,185.27,151,21,0
1747753200,185.31,185.87,185.25,185.87,115,21,0
1747756800,185.85,186.03,185.65,185.85,223,21,0
1747760400,185.83,186.09,185.63,185.73,158,21,0
1747764000,185.73,185.89,185.39,185.79,100,21,0
1747821600,185.38,185.83,184.91,185.07,403,21,0
1747825200,185.11,185.35,184.91,185.11,203,21,0
1747828800,185.07,185.09,184.55,184.55,129,21,0
1747832400,184.57,184.73,184.23,184.65,146,21,0
1747836000,184.69,184.89,184.55,184.55,138,21,0
1747839600,184.55,184.93,184.31,184.91,193,21,0
1747843200,184.95,185.53,184.91,185.45,243,21,0
1747846800,185.49,186.01,185.47,185.67,282,21,0
1747850400,185.69,185.71,185.41,185.67,139,21,0
1747908000,185.01,185.53,184.81,185.11,389,21,0
1747911600,185.07,185.11,184.59,184.63,230,21,0
1747915200,184.67,184.77,184.35,184.71,162,21,0
1747918800,184.73,184.89,184.57,184.83,123,21,0
1747922400,184.83,184.91,184.43,184.45,150,21,0
1747926000,184.47,184.87,184.23,184.79,152,21,0
1747929600,184.77,184.91,184.07,184.09,308,21,0
1747933200,184.07,185.03,184.07,185.03,303,21,0
1747936800,185.03,185.41,184.97,185.25,117,21,0
1747994400,185.31,185.55,184.51,184.59,353,21,0
1747998000,184.61,184.99,184.53,184.61,193,21,0
1748001600,184.63,185.19,184.57,185.13,247,21,0
1748005200,185.11,185.15,184.79,184.99,141,21,0
1748008800,184.95,184.97,182.77,182.91,1367,21,0
1748012400,182.93,184.01,182.51,182.75,1998,21,0
1748016000,182.75,182.93,181.53,182.75,1157,21,0
1748019600,182.81,183.71,182.75,183.71,550,21,0
1748023200,183.73,183.77,183.31,183.43,171,21,0
1748253600,185.63,185.95,184.61,184.81,410,21,0
1748257200,184.83,185.21,184.77,184.97,271,21,0
1748260800,184.95,185.25,184.83,185.21,167,21,0
1748264400,185.19,185.31,185.05,185.05,100,21,0
1748268000,185.03,185.51,184.95,185.39,89,21,0
1748271600,185.37,185.49,185.09,185.31,145,21,0
1748275200,185.37,185.83,185.25,185.65,204,21,0
1748278800,185.67,185.81,185.43,185.73,138,21,0
1748282400,185.69,185.69,185.41,185.57,89,21,0
1748340000,185.32,186.05,185.11,185.97,421,21,0
1748343600,185.97,186.01,185.33,185.63,226,21,0
1748347200,185.67,185.85,185.55,185.63,157,21,0
1748350800,185.69,185.69,185.37,185.37,86,21,0
1748354400,185.39,185.55,185.29,185.31,92,21,0
1748358000,185.27,185.51,185.01,185.39,164,21,0
1748361600,185.37,185.89,185.37,185.55,238,21,0
1748365200,185.57,186.11,185.55,185.73,230,21,0
1748368800,185.75,185.79,185.55,185.67,98,21,0
1748426400,185.19,185.27,184.87,185.15,397,21,0
1748430000,185.17,185.37,184.91,184.91,309,21,0
1748433600,184.87,184.93,184.25,184.77,360,21,0
1748437200,184.79,185.03,184.65,184.97,241,21,0
1748440800,185.03,185.21,184.77,185.19,145,21,0
1748444400,185.15,185.19,184.33,184.39,191,21,0
1748448000,184.37,184.73,183.75,183.83,335,21,0
1748451600,183.83,183.93,182.45,182.71,409,21,0
1748455200,182.71,182.71,182.23,182.33,123,21,0
1748512800,183.69,184.45,182.63,183.27,566,21,0
1748516400,183.27,183.31,182.31,182.39,308,21,0
1748520000,182.35,182.89,182.29,182.59,206,21,0
1748523600,182.61,182.69,182.43,182.67,203,21,0
1748527200,182.71,182.71,182.23,182.35,178,21,0
1748530800,182.33,182.63,182.05,182.17,235,21,0
1748534400,182.13,182.19,181.65,181.81,253,21,0
1748538000,181.83,182.07,181.57,181.97,287,21,0
1748541600,181.97,182.27,181.75,182.25,126,21,0
1748599200,181.99,183.07,181.73,182.99,416,21,0
1748602800,183.01,183.49,182.51,182.55,273,21,0
1748606400,182.49,183.17,182.49,182.81,238,21,0
1748610000,182.81,182.87,182.57,182.67,135,21,0
1748613600,182.63,183.01,182.61,183.01,95,21,0
1748617200,183.01,183.29,182.57,182.87,459,19,0
1748620800,182.83,183.21,182.69,182.99,293,21,0
1748624400,183.01,183.19,181.79,181.83,346,21,0
1748628000,181.83,182.27,181.83,182.01,154,21,0
1748858400,181.89,182.15,180.99,181.25,655,21,0
1748862000,181.27,182.61,181.25,182.47,401,21,0
1748865600,182.43,182.79,182.17,182.41,348,21,0
1748869200,182.37,182.61,182.11,182.57,201,21,0
1748872800,182.63,183.19,182.51,182.99,202,21,0
1748876400,183.03,183.05,182.37,182.53,129,21,0
1748880000,182.51,182.83,182.21,182.67,319,21,0
1748883600,182.61,183.31,182.41,183.17,342,21,0
1748887200,183.17,183.55,183.17,183.33,99,21,0
1748944800,183.23,183.79,183.23,183.43,497,21,0
1748948400,183.43,183.57,182.89,183.03,392,21,0
1748952000,183.05,183.31,182.83,182.85,203,21,0
1748955600,182.87,183.03,182.45,182.51,173,21,0
1748959200,182.53,182.53,182.07,182.25,156,21,0
1748962800,182.29,182.51,182.11,182.27,164,21,0
1748966400,182.33,182.47,181.87,182.15,252,21,0
1748970000,182.13,182.17,181.51,181.69,262,21,0
1748973600,181.69,182.03,181.61,181.75,123,21,0
1749031200,182.85,182.97,181.93,182.15,419,21,0
1749034800,182.17,182.87,182.09,182.63,376,21,0
1749038400,182.67,183.73,182.61,183.51,364,21,0
1749042000,183.49,183.63,183.13,183.25,276,21,0
1749045600,183.27,183.67,183.07,183.53,277,21,0
1749049200,183.49,183.63,183.27,183.59,245,21,0
1749052800,183.55,183.77,183.05,183.63,366,21,0
1749056400,183.61,184.75,183.30,184.43,464,21,0
1749060000,184.39,184.69,184.31,184.35,138,21,0
1749117600,184.37,184.89,184.09,184.73,385,21,0
1749121200,184.75,185.09,184.59,184.67,229,21,0
1749124800,184.71,184.95,184.55,184.87,134,21,0
1749128400,184.91,184.95,184.57,184.59,102,21,0
1749132000,184.59,184.63,184.35,184.57,115,21,0
1749135600,184.55,185.05,184.49,184.55,341,21,0
1749139200,184.57,184.71,183.21,183.51,609,21,0
1749142800,183.49,183.99,183.37,183.73,381,21,0
1749146400,183.73,183.95,183.53,183.81,102,21,0
1749204000,184.41,184.41,183.53,183.65,449,21,0
1749207600,183.67,183.73,183.03,183.19,292,21,0
1749211200,183.21,183.81,183.17,183.71,277,21,0
1749214800,183.73,183.75,183.35,183.47,153,21,0
1749218400,183.51,183.65,183.41,183.57,143,21,0
1749222000,183.57,184.07,183.55,183.75,307,21,0
1749225600,183.73,184.09,183.25,183.27,334,21,0
1749229200,183.23,183.31,182.95,182.95,229,21,0
1749232800,182.95,183.09,182.73,182.85,129,21,0
1749463200,183.29,183.77,183.07,183.71,373,21,0
1749466800,183.73,183.77,183.47,183.67,163,21,0
1749470400,183.69,183.71,183.39,183.41,163,21,0
1749474000,183.43,183.57,182.91,182.99,136,21,0
1749477600,182.95,183.11,182.57,182.57,197,21,0
1749481200,182.59,182.59,182.21,182.39,199,21,0
1749484800,182.43,182.73,182.29,182.39,293,21,0
1749488400,182.39,182.51,182.09,182.17,238,21,0
1749492000,182.21,182.39,182.01,182.39,89,21,0
1749549600,183.15,183.41,182.49,183.35,607,21,0
1749553200,183.33,183.43,182.11,182.31,323,21,0
1749556800,182.25,182.65,182.07,182.55,178,21,0
1749560400,182.59,182.69,182.17,182.39,144,21,0
1749564000,182.43,182.91,182.31,182.91,151,21,0
1749567600,182.89,183.27,182.83,183.23,188,21,0
1749571200,183.25,183.39,182.95,183.05,341,21,0
1749574800,183.03,183.49,182.75,183.43,395,19,0
1749578400,183.47,183.53,183.17,183.31,132,21,0
1749636000,184.01,184.63,183.69,184.55,474,21,0
1749639600,184.53,184.75,184.43,184.71,140,21,0
1749643200,184.73,184.75,184.31,184.41,125,21,0
1749646800,184.43,184.83,184.25,184.61,141,21,0
1749650400,184.63,184.99,184.53,184.99,135,21,0
1749654000,185.01,185.19,184.61,184.83,464,21,0
1749657600,184.89,184.93,184.33,184.77,260,21,0
1749661200,184.73,184.99,184.35,184.37,176,21,0
1749664800,184.41,184.49,184.15,184.27,149,21,0
1749722400,183.23,183.79,182.95,183.13,585,21,0
1749726000,183.07,183.33,182.87,183.21,280,21,0
1749729600,183.21,183.21,183.21,183.21,4,21,0
1749740400,183.09,183.51,183.05,183.51,39,21,0
1749744000,183.57,183.99,183.23,183.91,238,21,0
1749747600,183.89,184.35,183.83,184.23,273,21,0
1749751200,184.19,184.51,183.69,183.79,182,21,0
1749808800,181.45,183.13,181.01,182.99,1030,21,0
1749812400,183.01,183.69,182.29,182.63,558,21,0
1749816000,182.67,182.93,182.25,182.61,645,21,0
1749819600,182.63,182.63,181.97,182.09,377,21,0
1749823200,182.09,183.15,182.03,183.03,321,21,0
1749826800,182.97,183.19,182.63,182.77,347,21,0
1749830400,182.73,183.01,182.49,182.67,429,21,0
1749834000,182.67,182.87,182.09,182.45,508,21,0
1749837600,182.51,182.77,182.11,182.33,203,21,0
1750068000,182.34,182.83,182.15,182.69,510,21,0
1750071600,182.71,183.35,182.63,183.35,235,21,0
1750075200,183.31,183.37,182.87,183.19,176,21,0
1750078800,183.21,183.65,183.09,183.59,98,21,0
1750082400,183.65,183.65,182.99,183.45,108,21,0
1750086000,183.39,183.77,183.37,183.65,112,21,0
1750089600,183.61,184.09,183.09,183.99,307,21,0
1750093200,184.05,184.21,183.57,183.75,276,21,0
1750096800,183.77,183.77,183.19,183.19,109,21,0
1750154400,183.54,183.54,180.71,181.55,588,21,0
1750158000,181.59,181.99,181.49,181.83,374,21,0
1750161600,181.91,182.03,181.41,181.67,293,21,0
1750165200,181.71,181.93,181.55,181.91,95,21,0
1750168800,181.91,182.65,181.79,182.63,120,21,0
1750172400,182.61,182.81,182.37,182.77,133,21,0
1750176000,182.75,182.79,181.69,182.01,271,21,0
1750179600,182.01,182.25,181.79,182.19,219,21,0
1750183200,182.19,182.45,182.13,182.21,102,21,0
1750240800,182.24,182.43,181.85,182.35,470,21,0
1750244400,182.39,182.43,181.19,181.67,228,21,0
1750248000,181.69,182.01,181.55,181.87,188,21,0
1750251600,181.87,181.87,180.63,180.67,192,21,0
1750255200,180.65,181.39,180.59,181.27,162,21,0
1750258800,181.25,181.49,181.15,181.33,176,21,0
1750262400,181.35,181.37,180.67,180.71,269,21,0
1750266000,180.73,181.65,180.67,181.33,295,21,0
1750269600,181.35,181.35,180.73,181.03,129,21,0
1750327200,180.29,180.53,179.47,179.67,450,21,0
1750330800,179.65,180.17,179.57,179.99,260,21,0
1750334400,179.97,180.47,179.85,180.33,212,21,0
1750338000,180.33,180.45,180.05,180.29,135,21,0
1750341600,180.31,180.37,179.71,179.87,189,21,0
1750345200,179.85,179.99,179.53,179.65,140,21,0
1750348800,179.65,179.85,178.93,179.07,256,21,0
1750352400,179.11,179.25,178.93,179.05,261,21,0
1750356000,179.03,179.07,178.31,178.35,143,21,0
1750413600,179.93,180.03,179.19,179.41,386,21,0
1750417200,179.35,179.61,178.43,178.45,260,21,0
1750420800,178.45,179.23,178.43,178.97,617,19,0
1750424400,179.01,179.45,178.75,179.33,198,21,0
1750428000,179.31,180.35,179.31,179.99,288,21,0
1750431600,180.01,180.01,179.59,179.59,191,21,0
1750435200,179.61,179.69,178.67,178.87,253,21,0
1750438800,178.83,178.91,178.47,178.79,257,21,0
1750442400,178.77,178.89,178.49,178.51,109,21,0
1750672800,178.52,178.52,174.41,174.99,1171,21,0
1750676400,174.97,176.09,174.97,175.43,692,21,0
1750680000,175.39,175.41,174.63,174.81,374,21,0
1750683600,174.85,174.97,174.53,174.61,215,21,0
1750687200,174.59,175.35,174.59,175.05,240,21,0
1750690800,175.09,175.69,175.07,175.43,216,21,0
1750694400,175.39,175.45,174.65,174.81,354,21,0
1750698000,174.77,174.83,173.83,174.61,431,21,0
1750701600,174.63,174.73,174.13,174.13,220,21,0
1750759200,174.40,177.47,174.40,176.35,1007,21,0
1750762800,176.41,176.99,175.87,176.95,473,21,0
1750766400,176.99,177.07,176.55,176.81,283,21,0
1750770000,176.79,176.87,176.09,176.43,192,21,0
1750773600,176.43,176.43,175.93,176.07,138,21,0
1750777200,176.09,176.21,175.83,175.97,173,21,0
1750780800,175.95,176.31,175.73,175.87,255,21,0
1750784400,175.79,176.49,175.55,176.01,276,21,0
1750788000,176.03,176.27,176.01,176.17,137,21,0
1750845600,176.12,177.15,176.01,176.45,414,21,0
1750849200,176.45,176.73,176.29,176.29,173,21,0
1750852800,176.35,176.35,175.85,176.17,196,21,0
1750856400,176.19,176.21,175.53,175.53,146,21,0
1750860000,175.55,175.59,174.87,175.51,192,21,0
1750863600,175.55,175.67,174.91,175.03,154,21,0
1750867200,175.01,175.17,174.51,175.05,368,21,0
1750870800,175.07,175.59,174.69,174.69,342,21,0
1750874400,174.69,174.79,174.27,174.51,162,21,0
1750932000,174.50,175.23,174.33,174.51,368,21,0
1750935600,174.53,174.63,174.25,174.39,164,21,0
1750939200,174.39,174.41,173.95,174.21,134,21,0
1750942800,174.17,174.27,173.95,174.09,132,21,0
1750946400,174.07,174.83,174.07,174.57,144,21,0
1750950000,174.61,174.61,174.05,174.31,190,21,0
1750953600,174.29,174.65,174.05,174.31,310,21,0
1750957200,174.33,174.55,173.99,173.99,230,21,0
1750960800,174.01,174.17,173.95,174.11,113,21,0
1751018400,174.04,176.05,174.04,175.97,390,21,0
1751022000,175.99,175.99,175.29,175.73,188,21,0
1751025600,175.75,175.89,175.43,175.69,119,21,0
1751029200,175.73,175.73,174.97,175.33,157,21,0
1751032800,175.35,175.89,175.35,175.85,107,21,0
1751036400,175.85,176.13,175.65,175.85,116,21,0
1751040000,175.85,176.13,175.69,176.11,211,21,0
1751043600,176.13,176.27,175.59,175.81,379,19,0
1751047200,175.85,176.25,175.85,176.19,77,21,0
1751277600,177.07,177.15,176.07,176.43,359,21,0
1751281200,176.45,176.83,176.23,176.27,255,21,0
1751284800,176.29,176.75,176.17,176.27,262,21,0
1751288400,176.23,176.77,176.17,176.71,157,21,0
1751292000,176.73,176.73,176.31,176.43,123,19,0
1751295600,176.45,176.47,175.33,175.51,239,21,0
1751299200,175.49,175.77,175.05,175.07,241,21,0
1751302800,175.09,175.63,174.85,175.25,253,21,0
1751306400,175.29,175.37,174.89,175.25,116,21,0
1751364000,175.39,176.03,175.37,175.43,352,21,0
1751367600,175.49,175.49,174.61,174.73,192,21,0
1751371200,174.75,175.09,174.57,174.67,205,21,0
1751374800,174.73,174.89,174.53,174.81,137,21,0
1751378400,174.89,174.95,174.35,174.43,134,21,0
1751382000,174.47,174.77,174.05,174.37,166,21,0
1751385600,174.37,174.81,174.29,174.47,262,19,0
1751389200,174.39,175.43,174.21,175.39,290,21,0
1751392800,175.37,175.77,175.35,175.71,119,21,0
1751450400,175.33,176.37,175.17,175.57,412,21,0
1751454000,175.61,176.15,175.45,176.11,258,21,0
1751457600,176.09,176.17,175.79,175.99,183,21,0
1751461200,175.97,176.31,175.73,176.27,115,21,0
1751464800,176.25,176.71,176.05,176.29,147,21,0
1751468400,176.27,176.29,174.91,175.17,356,21,0
1751472000,175.19,175.67,175.07,175.61,301,21,0
1751475600,175.65,176.13,175.65,175.69,380,21,0
1751479200,175.67,175.85,175.41,175.77,111,21,0
1751536800,175.69,176.89,175.69,176.53,441,21,0
1751540400,176.53,176.63,176.13,176.17,177,21,0
1751544000,176.15,176.27,175.23,175.25,236,21,0
1751547600,175.23,175.55,175.13,175.13,214,21,0
1751551200,175.15,175.71,175.15,175.61,136,21,0
1751554800,175.57,175.83,175.45,175.73,260,21,0
1751558400,175.71,175.95,175.59,175.67,205,21,0
1751562000,175.69,175.85,175.57,175.69,247,21,0
1751565600,175.69,175.91,175.69,175.87,72,21,0
1751623200,176.24,176.24,174.61,174.97,445,21,0
1751626800,174.95,174.97,173.99,174.15,383,21,0
1751630400,174.17,174.69,174.05,174.57,280,21,0
1751634000,174.55,174.67,174.29,174.47,147,21,0
1751637600,174.49,174.73,174.33,174.55,199,21,0
1751641200,174.51,174.83,174.29,174.73,156,21,0
1751644800,174.77,175.29,174.71,175.11,227,21,0
1751648400,175.11,175.29,174.97,175.01,158,21,0
1751652000,174.99,175.13,174.69,174.83,104,21,0
1751882400,175.09,175.33,174.51,175.07,242,21,0
1751886000,175.03,175.09,174.69,174.81,119,21,0
1751889600,174.85,175.37,174.65,175.37,130,21,0
1751893200,175.35,175.51,175.11,175.31,90,21,0
1751896800,175.33,175.57,175.21,175.33,94,21,0
1751900400,175.31,175.33,174.95,175.03,72,21,0
1751904000,175.05,175.07,174.79,174.99,123,21,0
1751907600,175.01,175.07,174.71,174.81,126,21,0
1751911200,174.85,175.19,174.85,175.17,77,21,0
1751968800,175.26,175.43,174.55,174.79,337,21,0
1751972400,174.75,174.75,174.01,174.05,235,21,0
1751976000,174.07,174.55,174.05,174.21,122,21,0
1751979600,174.21,174.41,174.07,174.09,101,21,0
1751983200,174.11,174.25,173.75,174.13,121,21,0
1751986800,174.11,174.23,173.91,174.17,124,21,0
1751990400,174.23,175.39,174.23,175.27,148,21,0
1751994000,175.23,175.33,174.97,175.17,221,21,0
1751997600,175.13,175.19,174.91,174.93,98,21,0
1752055200,174.88,175.59,174.83,175.35,448,21,0
1752058800,175.33,175.79,175.19,175.67,249,19,0
1752062400,175.67,176.71,175.67,176.67,236,21,0
1752066000,176.61,177.05,176.49,176.85,169,21,0
1752069600,176.87,177.19,176.65,177.07,119,21,0
1752073200,177.05,177.09,176.69,176.85,168,21,0
1752076800,176.85,177.27,176.85,176.99,239,21,0
1752080400,176.97,177.13,176.73,176.83,224,21,0
1752084000,176.81,176.93,176.63,176.81,111,21,0
1752141600,176.71,177.95,176.71,176.89,358,19,0
1752145200,176.87,177.21,176.75,176.97,240,21,0
1752148800,176.99,177.15,176.69,176.77,152,21,0
1752152400,176.79,176.81,176.37,176.43,93,21,0
1752156000,176.41,176.61,176.21,176.35,90,21,0
1752159600,176.29,176.33,176.09,176.17,104,21,0
1752163200,176.17,176.33,176.01,176.15,146,21,0
1752166800,176.17,176.59,176.03,176.27,195,21,0
1752170400,176.29,176.47,176.15,176.35,95,21,0
1752228000,176.32,176.43,175.75,176.03,321,21,0
1752231600,176.05,176.11,175.17,175.17,194,21,0
1752235200,175.19,175.59,174.87,175.39,245,21,0
1752238800,175.37,175.63,175.19,175.19,145,21,0
1752242400,175.21,175.47,175.13,175.21,140,21,0
1752246000,175.17,175.29,174.91,175.23,134,21,0
1752249600,175.23,175.45,175.05,175.13,159,21,0
1752253200,175.17,175.17,174.55,174.85,211,21,0
1752256800,174.83,174.95,174.71,174.95,78,21,0
1752487200,174.61,175.11,173.93,174.87,283,21,0
1752490800,174.81,174.83,174.43,174.57,133,21,0
1752494400,174.57,174.79,174.45,174.51,98,21,0
1752498000,174.53,174.85,174.49,174.69,82,21,0
1752501600,174.75,174.91,174.53,174.81,104,21,0
1752505200,174.79,174.97,174.51,174.51,78,21,0
1752508800,174.51,174.57,174.25,174.37,117,21,0
1752512400,174.37,174.49,174.11,174.21,132,21,0
1752516000,174.19,174.61,174.19,174.59,65,21,0
1752573600,174.99,175.01,174.37,174.95,242,21,0
1752577200,174.95,174.99,174.57,174.57,118,21,0
1752580800,174.55,174.83,174.43,174.81,149,21,0
1752584400,174.79,174.91,174.59,174.75,97,21,0
1752588000,174.77,174.77,174.55,174.65,95,21,0
1752591600,174.63,174.87,174.41,174.45,119,21,0
1752595200,174.49,174.75,174.13,174.19,201,19,0
1752598800,174.17,174.41,173.43,173.43,208,21,0
1752602400,173.45,173.71,173.37,173.67,99,21,0
1752660000,173.89,173.89,173.31,173.65,327,21,0
1752663600,173.71,173.77,173.45,173.53,118,21,0
1752667200,173.57,173.71,173.33,173.53,128,21,0
1752670800,173.51,173.73,173.35,173.59,142,21,0
1752674400,173.63,173.71,173.59,173.67,62,21,0
1752678000,173.65,173.85,173.61,173.65,85,21,0
1752681600,173.63,173.87,173.55,173.71,184,21,0
1752685200,173.71,173.75,173.21,173.49,213,21,0
1752688800,173.47,173.83,172.77,173.21,238,21,0
1752746400,174.31,174.55,173.93,174.09,236,21,0
1752750000,174.09,174.15,173.87,174.05,152,21,0
1752753600,174.03,174.27,173.95,174.21,77,19,0
1752757200,174.23,174.27,173.77,173.99,87,21,0
1752760800,174.01,174.13,173.87,173.87,60,21,0
1752764400,173.85,173.93,173.75,173.79,78,21,0
1752768000,173.81,174.15,173.81,174.03,106,21,0
1752771600,174.05,174.09,173.51,173.71,132,21,0
1752775200,173.75,173.89,173.57,173.89,82,21,0
1752832800,174.09,175.01,174.09,174.35,273,21,0
1752836400,174.31,174.35,173.73,173.91,150,21,0
1752840000,173.91,174.09,173.81,173.85,129,21,0
1752843600,173.77,173.81,172.51,172.51,156,21,0
1752847200,172.49,172.71,172.41,172.67,137,21,0
1752850800,172.71,172.75,172.37,172.37,143,21,0
1752854400,172.31,172.63,172.05,172.39,292,21,0
1752858000,172.43,172.79,172.15,172.21,195,21,0
1752861600,172.17,172.27,171.81,171.95,84,21,0
1753092000,172.29,172.55,171.83,172.11,257,21,0
1753095600,172.09,172.77,172.09,172.63,180,21,0
1753099200,172.63,172.81,172.39,172.41,108,21,0
1753102800,172.37,172.47,171.97,172.07,114,21,0
1753106400,172.05,172.37,171.87,171.95,104,21,0
1753110000,171.89,172.01,171.35,171.41,119,21,0
1753113600,171.39,171.73,171.17,171.63,186,21,0
1753117200,171.61,171.87,171.47,171.71,171,21,0
1753120800,171.71,171.85,171.63,171.75,71,21,0
1753178400,171.31,171.35,170.73,171.07,282,19,0
1753182000,171.05,171.43,170.91,171.31,148,21,0
1753185600,171.29,171.29,170.91,171.11,103,21,0
1753189200,171.17,171.25,170.77,170.91,84,21,0
1753192800,170.91,171.15,170.73,171.05,106,21,0
1753196400,171.01,171.11,170.83,171.03,70,21,0
1753200000,171.05,171.69,171.05,171.39,222,21,0
1753203600,171.31,171.49,171.07,171.21,139,21,0
1753207200,171.27,171.27,171.07,171.21,45,21,0
1753264800,173.43,173.55,172.39,172.67,609,21,0
1753268400,172.63,173.15,172.55,173.03,330,21,0
1753272000,173.05,173.09,172.33,172.37,143,21,0
1753275600,172.37,172.53,172.03,172.03,104,21,0
1753279200,172.07,172.07,171.75,172.05,106,21,0
1753282800,172.03,172.05,171.75,171.93,105,21,0
1753286400,171.91,172.15,171.35,171.85,247,21,0
1753290000,171.89,172.59,171.69,172.37,266,21,0
1753293600,172.33,172.33,171.97,172.29,116,21,0
1753351200,173.49,173.49,172.65,173.15,722,21,0
1753354800,173.11,173.43,172.75,172.95,287,21,0
1753358400,172.95,173.07,172.53,172.65,177,21,0
1753362000,172.67,172.69,171.93,171.95,148,21,0
1753365600,171.95,172.65,171.87,172.55,138,21,0
1753369200,172.55,172.81,172.35,172.63,156,21,0
1753372800,172.61,172.61,171.73,172.05,326,21,0
1753376400,172.07,172.53,171.95,172.23,271,21,0
1753380000,172.19,172.69,172.15,172.45,92,21,0
1753437600,172.44,172.49,171.65,171.95,540,21,0
1753441200,172.01,172.21,171.65,172.15,308,21,0
1753444800,172.11,172.43,171.93,172.27,205,21,0
1753448400,172.17,172.25,171.67,171.77,170,21,0
1753452000,171.77,171.89,171.65,171.79,112,21,0
1753455600,171.83,172.15,171.83,171.97,116,21,0
1753459200,171.97,172.09,171.65,171.67,247,21,0
1753462800,171.73,172.41,171.69,172.13,242,21,0
1753466400,172.15,172.29,171.93,172.03,107,21,0
1753696800,172.95,173.77,172.67,173.77,624,21,0
1753700400,173.79,173.89,173.33,173.43,216,21,0
1753704000,173.45,173.51,173.09,173.11,168,21,0
1753707600,173.15,173.39,172.85,172.87,154,21,0
1753711200,172.83,172.91,172.35,172.41,129,21,0
1753714800,172.45,172.51,171.91,172.09,204,21,0
1753718400,172.13,172.17,170.87,171.01,323,21,0
1753722000,170.99,171.33,170.93,171.27,265,21,0
1753725600,171.29,171.71,171.29,171.61,107,21,0
1753783200,171.79,176.81,171.71,176.19,1596,21,0
1753786800,176.19,177.23,175.73,175.77,760,19,0
1753790400,175.77,176.89,175.77,176.67,543,21,0
1753794000,176.77,177.75,176.39,177.69,508,21,0
1753797600,177.61,177.83,176.43,176.65,470,21,0
1753801200,176.61,176.93,175.87,176.73,434,21,0
1753804800,176.77,176.77,175.85,175.95,460,21,0
1753808400,175.93,176.15,175.13,175.19,388,21,0
1753812000,175.21,175.49,175.09,175.29,134,21,0
1753869600,174.65,175.51,173.45,174.05,643,21,0
1753873200,174.09,174.51,173.59,174.51,281,21,0
1753876800,174.53,174.79,174.15,174.65,260,19,0
1753880400,174.67,174.67,174.01,174.39,173,21,0
1753884000,174.41,174.77,174.23,174.77,222,21,0
1753887600,174.73,175.23,174.65,174.93,243,21,0
1753891200,174.93,175.21,174.65,174.85,293,21,0
1753894800,174.87,175.11,174.27,174.47,281,21,0
1753898400,174.45,174.79,174.41,174.67,104,21,0
1753956000,174.29,175.43,173.65,175.27,582,21,0
1753959600,175.29,175.93,175.11,175.65,349,21,0
1753963200,175.61,175.75,175.09,175.27,312,21,0
1753966800,175.29,175.61,174.67,174.71,314,21,0
1753970400,174.71,174.77,174.43,174.69,241,21,0
1753974000,174.75,174.87,174.27,174.29,314,21,0
1753977600,174.27,174.45,173.61,173.67,422,21,0
1753981200,173.69,173.73,172.87,172.89,465,21,0
1753984800,172.93,173.21,172.55,172.71,149,21,0
1754042400,173.97,173.97,170.33,170.77,701,21,0
1754046000,170.77,171.57,170.57,171.31,551,21,0
1754049600,171.35,171.47,171.03,171.35,359,21,0
1754053200,171.31,171.45,170.73,170.85,221,21,0
1754056800,170.91,171.15,170.81,171.01,201,21,0
1754060400,171.03,171.75,170.79,171.41,416,21,0
1754064000,171.41,171.51,170.03,170.25,558,21,0
1754067600,170.21,170.71,169.67,169.93,665,21,0
1754071200,169.91,170.35,169.87,170.09,246,21,0
1754301600,171.41,172.53,170.81,172.39,567,21,0
1754305200,172.41,172.73,172.17,172.51,285,21,0
1754308800,172.47,172.59,171.85,171.85,216,21,0
1754312400,171.81,172.05,171.67,172.01,138,21,0
1754316000,172.03,172.03,171.41,171.77,153,21,0
1754319600,171.75,172.01,171.75,171.99,125,21,0
1754323200,172.03,172.13,171.55,172.03,205,21,0
1754326800,172.05,172.33,171.91,172.23,206,21,0
1754330400,172.25,172.29,172.05,172.13,52,21,0
1754388000,172.91,172.93,172.15,172.25,321,21,0
1754391600,172.23,172.53,171.99,172.45,204,21,0
1754395200,172.49,172.59,172.27,172.59,141,20,0
1754398800,172.63,172.65,172.27,172.39,104,20,0
1754402400,172.47,172.77,172.41,172.73,124,20,0
1754406000,172.67,172.97,172.41,172.93,205,21,0
1754409600,172.83,173.09,172.67,172.95,155,21,0
1754413200,172.91,173.09,172.51,172.77,229,21,0
1754416800,172.71,172.89,172.59,172.89,68,20,0
1754474400,172.64,173.91,172.61,173.81,304,21,0
1754478000,173.85,173.85,173.01,173.05,189,21,0
1754481600,173.03,173.15,172.61,172.71,135,21,0
1754485200,172.67,172.85,172.17,172.27,133,21,0
1754488800,172.25,172.39,172.15,172.29,119,20,0
1754492400,172.31,172.55,172.17,172.25,110,21,0
1754496000,172.27,172.27,171.43,171.45,159,21,0
1754499600,171.47,171.65,171.05,171.49,212,21,0
1754503200,171.47,171.79,171.33,171.75,57,21,0
1754560800,171.95,172.29,171.71,172.21,350,21,0
1754564400,172.17,173.05,172.17,172.83,377,21,0
1754568000,172.87,173.73,172.83,173.61,342,21,0
1754571600,173.57,173.65,173.19,173.31,233,21,0
1754575200,173.31,174.01,173.25,173.79,173,21,0
1754578800,173.81,174.37,173.67,174.23,237,21,0
1754582400,174.17,174.37,173.87,174.15,227,21,0
1754586000,174.09,174.09,173.41,173.47,273,21,0
1754589600,173.51,173.59,173.19,173.33,135,21,0
1754647200,173.91,174.17,173.11,173.11,330,21,0
1754650800,173.17,173.49,173.01,173.09,214,21,0
1754654400,173.01,173.15,172.83,173.13,192,21,0
1754658000,173.13,173.35,173.03,173.09,102,21,0
1754661600,173.07,173.23,173.01,173.09,94,20,0
1754665200,173.05,173.17,172.77,173.15,142,21,0
1754668800,173.21,173.25,172.79,172.91,211,20,0
1754672400,172.95,174.33,172.89,173.45,601,21,0
1754676000,173.43,173.63,173.41,173.53,122,21,0
1754906400,173.84,174.45,173.77,173.93,286,21,0
1754910000,173.91,173.97,173.47,173.61,176,20,0
1754913600,173.55,173.61,173.05,173.17,144,21,0
1754917200,173.19,173.19,172.41,172.53,105,21,0
1754920800,172.53,172.79,172.45,172.77,74,21,0
1754924400,172.81,172.91,172.53,172.61,103,21,0
1754928000,172.63,172.97,172.31,172.55,189,21,0
1754931600,172.59,172.63,172.07,172.15,135,20,0
1754935200,172.13,172.29,172.01,172.23,88,21,0
1754992800,172.36,173.79,172.36,173.61,351,21,0
1754996400,173.63,173.65,173.25,173.37,196,21,0
1755000000,173.41,173.43,172.99,173.15,184,21,0
1755003600,173.17,173.33,172.81,172.89,171,21,0
1755007200,172.85,173.13,172.69,173.11,109,20,0
1755010800,173.15,174.29,173.15,174.29,309,21,0
1755014400,174.21,174.33,173.11,173.51,312,21,0
1755018000,173.47,173.99,173.39,173.75,245,20,0
1755021600,173.77,174.07,173.77,173.97,99,20,0
1755079200,174.10,175.17,174.10,175.05,267,21,0
1755082800,175.03,175.05,174.69,174.77,189,21,0
1755086400,174.81,175.07,174.65,175.07,145,21,0
1755090000,175.11,175.57,175.05,175.29,135,20,0
1755093600,175.27,175.55,175.25,175.33,103,20,0
1755097200,175.29,175.69,175.23,175.57,115,21,0
1755100800,175.57,176.11,175.51,175.97,224,21,0
1755104400,175.93,176.09,175.27,175.27,240,21,0
1755108000,175.31,175.71,175.31,175.71,75,21,0
1755165600,176.25,177.03,176.03,176.97,265,21,0
1755169200,176.95,177.11,176.69,177.03,188,21,0
1755172800,177.05,177.25,177.03,177.15,137,20,0
1755176400,177.11,177.29,177.03,177.21,65,20,0
1755180000,177.23,178.37,177.23,178.31,117,20,0
1755183600,178.33,178.35,177.79,177.81,208,21,0
1755187200,177.81,178.25,177.77,178.15,205,21,0
1755190800,178.19,178.33,177.91,177.97,207,20,0
1755194400,177.93,178.29,177.89,178.19,89,21,0
1755252000,180.47,180.61,179.37,180.01,450,21,0
1755255600,179.97,180.61,179.97,180.25,242,21,0
1755259200,180.29,180.61,180.07,180.09,366,21,0
1755262800,180.01,180.19,179.71,180.01,170,21,0
1755266400,180.03,180.05,179.51,179.53,120,21,0
1755270000,179.57,179.77,179.45,179.57,171,21,0
1755273600,179.57,180.11,179.51,179.77,374,21,0
1755277200,179.81,180.17,179.57,180.11,197,21,0
1755280800,180.13,180.33,180.05,180.17,79,21,0
1755511200,180.07,180.19,179.21,179.35,328,21,0
1755514800,179.35,179.75,179.01,179.69,170,19,0
1755518400,179.71,179.81,179.09,179.23,117,21,0
1755522000,179.25,179.31,179.05,179.09,85,21,0
1755525600,179.11,179.63,179.05,179.61,80,21,0
1755529200,179.61,179.97,179.51,179.97,93,21,0
1755532800,179.97,180.39,179.93,179.97,164,20,0
1755536400,179.97,180.05,179.67,179.73,132,20,0
1755540000,179.73,180.07,179.67,180.05,94,21,0
1755597600,180.05,181.17,179.95,181.13,245,21,0
1755601200,181.17,182.35,181.17,182.31,223,21,0
1755604800,182.31,182.63,182.19,182.29,218,21,0
1755608400,182.23,182.47,182.07,182.13,182,21,0
1755612000,182.13,182.75,182.11,182.65,126,21,0
1755615600,182.65,182.83,182.53,182.57,133,21,0
1755619200,182.59,183.05,182.45,182.63,196,21,0
1755622800,182.67,183.43,182.65,183.29,196,21,0
1755626400,183.27,183.33,182.95,183.25,120,21,0
1755684000,182.93,183.73,182.69,183.71,329,21,0
1755687600,183.71,184.01,183.45,183.89,199,21,0
1755691200,183.93,184.33,183.65,183.79,203,21,0
1755694800,183.75,184.35,183.71,184.33,157,21,0
1755698400,184.35,184.35,184.13,184.31,90,21,0
1755702000,184.33,184.69,184.15,184.21,114,20,0
1755705600,184.19,184.87,183.95,184.63,262,21,0
1755709200,184.65,184.91,184.29,184.71,279,21,0
1755712800,184.73,185.03,184.55,185.03,165,20,0
1755770400,184.63,184.63,183.57,183.73,296,21,0
1755774000,183.65,183.93,183.29,183.29,172,21,0
1755777600,183.27,183.61,183.13,183.49,141,21,0
1755781200,183.45,183.73,183.29,183.55,166,21,0
1755784800,183.57,183.73,182.97,183.51,195,20,0
1755788400,183.55,183.75,183.21,183.27,122,21,0
1755792000,183.29,183.51,182.85,183.13,186,21,0
1755795600,183.09,183.47,183.01,183.15,189,20,0
1755799200,183.17,183.37,182.99,183.31,84,21,0
1755856800,183.17,183.81,182.55,183.75,292,21,0
1755860400,183.77,183.77,183.43,183.55,158,21,0
1755864000,183.55,183.55,182.97,183.01,165,21,0
1755867600,183.01,183.23,182.95,183.05,96,20,0
1755871200,183.11,183.19,182.89,182.95,107,21,0
1755874800,182.95,183.01,182.63,182.87,112,21,0
1755878400,182.85,183.57,182.79,183.51,128,20,0
1755882000,183.53,183.95,182.65,182.73,451,21,0
1755885600,182.71,183.07,182.65,183.07,83,21,0
1756116000,182.51,182.67,181.87,182.17,251,21,0
1756119600,182.19,182.21,181.53,181.95,159,21,0
1756123200,181.89,181.97,181.71,181.75,118,21,0
1756126800,181.69,181.73,181.45,181.55,110,21,0
1756130400,181.53,181.57,181.11,181.25,98,21,0
1756134000,181.23,181.57,181.11,181.49,91,20,0
1756137600,181.45,182.43,181.43,182.27,148,21,0
1756141200,182.25,182.41,180.81,181.01,239,20,0
1756144800,181.05,181.25,180.69,180.73,214,21,0
1756202400,180.63,180.63,177.21,177.21,151,21,0
1756206000,177.09,177.23,175.57,177.05,900,21,0
1756209600,177.09,178.03,176.91,177.83,405,21,0
1756213200,177.85,178.03,177.13,177.97,299,21,0
1756216800,178.03,178.21,177.81,177.89,172,21,0
1756220400,177.91,178.39,177.87,178.09,187,21,0
1756224000,178.11,178.29,177.75,178.11,328,21,0
1756227600,178.07,178.43,177.77,177.87,351,21,0
1756231200,177.85,178.07,177.39,177.45,151,21,0
1756288800,176.59,177.89,176.47,177.51,570,21,0
1756292400,177.53,177.83,176.87,177.37,384,21,0
1756296000,177.39,177.79,177.23,177.65,251,21,0
1756299600,177.69,178.21,177.67,177.89,222,21,0
1756303200,177.89,178.37,177.83,178.33,155,19,0
1756306800,178.31,178.55,177.85,177.97,198,21,0
1756310400,178.01,178.47,177.85,178.41,326,21,0
1756314000,178.43,178.53,177.59,178.21,300,21,0
1756317600,178.19,178.53,178.09,178.11,108,21,0
1756375200,178.24,179.11,178.23,178.65,383,20,0
1756378800,178.69,178.77,177.85,178.05,238,21,0
1756382400,178.11,178.17,177.35,177.49,246,21,0
1756386000,177.39,177.41,176.61,176.65,210,21,0
1756389600,176.67,177.25,176.43,177.25,223,21,0
1756393200,177.29,177.57,177.17,177.31,154,21,0
1756396800,177.37,177.57,176.79,177.11,267,21,0
1756400400,177.09,177.45,177.05,177.13,152,21,0
1756404000,177.15,177.31,176.97,177.29,73,21,0
1756461600,177.09,177.43,176.29,176.41,361,21,0
1756465200,176.39,176.51,175.93,176.15,269,21,0
1756468800,176.13,176.81,176.13,176.75,208,21,0
1756472400,176.77,176.81,176.19,176.55,119,21,0
1756476000,176.59,176.95,176.51,176.89,86,21,0
1756479600,176.89,177.05,176.45,176.81,125,21,0
1756483200,176.85,177.07,176.65,176.91,158,20,0
1756486800,176.93,177.09,176.47,176.47,209,21,0
1756490400,176.45,176.55,176.31,176.39,89,21,0
1756720800,176.63,176.73,176.07,176.19,324,20,0
1756724400,176.15,176.75,176.07,176.53,274,21,0
1756728000,176.43,176.49,175.97,176.37,186,21,0
1756731600,176.39,176.45,175.71,175.83,140,21,0
1756735200,175.87,176.05,175.69,175.69,158,21,0
1756738800,175.73,175.91,175.33,175.85,149,21,0
1756742400,175.85,176.15,175.69,176.09,142,21,0
1756746000,176.11,176.11,175.73,175.77,116,20,0
1756749600,175.79,175.97,175.79,175.95,30,20,0
1756807200,175.41,175.65,174.63,175.01,576,21,0
1756810800,175.01,175.89,174.95,175.73,278,21,0
1756814400,175.75,175.87,175.21,175.59,251,20,0
1756818000,175.59,175.67,175.33,175.47,185,21,0
1756821600,175.53,175.59,175.13,175.39,175,20,0
1756825200,175.41,175.53,174.85,175.19,295,21,0
1756828800,175.19,175.55,175.07,175.33,307,21,0
1756832400,175.33,175.91,175.03,175.11,267,21,0
1756836000,175.07,175.15,174.79,174.81,125,21,0
1756893600,175.57,176.39,174.51,174.83,410,21,0
1756897200,174.83,175.89,174.81,175.73,236,20,0
1756900800,175.71,176.19,175.39,176.17,224,21,0
1756904400,176.15,176.29,175.81,175.85,116,20,0
1756908000,175.85,175.97,175.39,175.49,122,20,0
1756911600,175.51,175.65,175.09,175.09,167,21,0
1756915200,175.11,175.33,174.77,174.83,223,21,0
1756918800,174.83,175.83,174.81,175.55,208,21,0
1756922400,175.57,176.09,175.57,175.95,83,21,0
1756980000,175.43,176.21,175.33,176.11,616,21,0
1756983600,176.15,176.15,175.47,175.79,345,21,0
1756987200,175.81,176.41,175.81,176.01,236,21,0
1756990800,176.01,176.71,175.91,176.53,284,19,0
1756994400,176.61,177.27,176.57,176.85,189,21,0
1756998000,176.85,176.97,176.43,176.63,180,21,0
1757001600,176.61,177.03,176.55,177.01,239,21,0
1757005200,176.99,177.09,176.27,176.33,224,21,0
1757008800,176.33,176.43,176.11,176.39,71,20,0
1757066400,176.51,176.69,175.49,176.41,443,21,0
1757070000,176.37,176.41,175.77,175.95,288,21,0
1757073600,175.95,175.97,175.41,175.87,226,21,0
1757077200,175.85,176.03,175.51,175.61,158,21,0
1757080800,175.59,176.41,175.55,176.27,134,21,0
1757084400,176.25,176.29,175.49,176.03,345,20,0
1757088000,176.03,176.47,175.71,176.31,382,21,0
1757091600,176.35,176.47,174.65,174.85,581,21,0
1757095200,174.81,175.05,174.69,174.93,179,21,0
1757325600,175.71,175.77,174.83,175.25,392,21,0
1757329200,175.29,175.41,174.95,175.25,215,21,0
1757332800,175.33,175.59,175.07,175.57,188,21,0
1757336400,175.59,175.65,175.33,175.43,165,21,0
1757340000,175.47,175.65,175.25,175.55,142,21,0
1757343600,175.55,176.07,175.27,175.67,170,21,0
1757347200,175.67,176.31,175.65,176.19,325,20,0
1757350800,176.19,176.37,176.01,176.11,224,21,0
1757354400,176.15,177.09,176.11,176.97,161,21,0
1757412000,177.43,178.33,177.27,178.11,432,21,0
1757415600,178.13,178.17,177.11,177.19,295,21,0
1757419200,177.23,177.87,177.17,177.87,293,20,0
1757422800,177.87,178.43,177.83,178.41,178,21,0
1757426400,178.41,178.47,177.89,178.01,140,21,0
1757430000,178.03,178.29,177.49,177.51,168,21,0
1757433600,177.55,177.69,176.97,177.11,405,21,0
1757437200,177.13,177.35,176.75,176.87,350,21,0
1757440800,176.89,176.95,176.75,176.87,79,20,0
1757498400,176.82,177.35,176.15,177.25,610,21,0
1757502000,177.25,177.25,175.65,175.69,614,21,0
1757505600,175.65,175.93,175.47,175.89,345,21,0
1757509200,175.87,175.95,175.45,175.71,169,21,0
1757512800,175.75,175.77,175.11,175.47,205,21,0
1757516400,175.45,175.61,174.15,174.25,420,21,0
1757520000,174.29,174.61,173.91,174.13,569,21,0
1757523600,174.13,174.67,173.95,174.31,519,21,0
1757527200,174.31,174.33,173.71,173.87,153,21,0
1757584800,175.28,175.69,174.39,175.63,503,21,0
1757588400,175.61,175.95,175.35,175.65,288,21,0
1757592000,175.65,176.15,175.59,175.91,199,20,0
1757595600,175.95,176.45,175.91,176.35,153,21,0
1757599200,176.35,176.51,176.21,176.21,139,20,0
1757602800,176.17,176.75,176.09,176.63,358,21,0
1757606400,176.65,176.81,175.93,176.81,380,21,0
1757610000,176.77,176.79,175.95,176.41,396,21,0
1757613600,176.35,176.73,176.29,176.69,114,20,0
1757671200,176.75,177.29,176.71,176.83,439,21,0
1757674800,176.81,176.95,175.75,176.03,414,21,0
1757678400,176.05,176.63,176.05,176.47,273,21,0
1757682000,176.49,176.53,176.21,176.51,197,21,0
1757685600,176.39,176.61,176.13,176.45,166,21,0
1757689200,176.41,176.69,176.23,176.61,199,21,0
1757692800,176.61,177.37,176.51,177.05,279,21,0
1757696400,177.03,177.31,176.67,176.69,230,21,0
1757700000,176.67,176.79,176.61,176.67,61,20,0
1757930400,177.61,178.39,177.31,178.37,458,21,0
1757934000,178.37,179.03,177.93,177.99,414,21,0
1757937600,177.93,178.05,177.53,177.57,226,21,0
1757941200,177.59,177.85,177.59,177.79,147,21,0
1757944800,177.75,178.23,177.61,178.09,169,21,0
1757948400,178.11,178.13,177.63,177.63,212,21,0
1757952000,177.59,177.59,176.85,176.97,281,21,0
1757955600,176.99,177.33,176.63,177.01,217,20,0
1757959200,176.95,177.13,176.69,177.11,107,21,0
1758016800,176.67,176.67,175.91,175.97,509,21,0
1758020400,176.01,176.55,175.93,176.37,236,20,0
1758024000,176.35,176.51,175.67,175.85,254,21,0
1758027600,175.83,176.37,175.67,176.23,216,21,0
1758031200,176.23,176.65,176.23,176.49,173,21,0
1758034800,176.47,176.65,175.95,176.09,180,21,0
1758038400,176.11,176.27,175.39,175.63,243,20,0
1758042000,175.61,175.63,174.79,174.79,297,21,0
1758045600,174.83,174.91,174.57,174.65,157,21,0
1758103200,174.57,174.59,174.03,174.15,318,21,0
1758106800,174.09,174.23,173.83,174.13,233,21,0
1758110400,174.11,174.31,173.93,174.23,208,21,0
1758114000,174.23,174.25,173.67,173.99,171,21,0
1758117600,174.01,174.37,173.89,174.35,141,21,0
1758121200,174.33,174.69,174.19,174.63,194,20,0
1758124800,174.63,174.75,174.17,174.27,282,21,0
1758128400,174.25,174.25,173.85,174.09,213,20,0
1758132000,174.09,174.13,173.75,173.75,96,20,0
1758189600,174.55,175.53,174.45,175.39,541,21,0
1758193200,175.33,175.67,174.99,175.55,364,21,0
1758196800,175.61,175.77,175.23,175.61,246,21,0
1758200400,175.61,175.75,175.15,175.21,145,21,0
1758204000,175.23,175.39,174.95,175.37,227,20,0
1758207600,175.37,175.37,174.59,174.87,172,20,0
1758211200,174.83,174.87,173.95,174.23,351,21,0
1758214800,174.21,175.23,174.11,174.65,314,21,0
1758218400,174.65,174.73,174.47,174.55,110,21,0
1758276000,174.61,176.23,174.61,176.11,405,21,0
1758279600,176.15,176.93,176.05,176.31,341,21,0
1758283200,176.27,176.31,175.27,175.41,598,21,0
1758286800,175.41,175.63,175.17,175.41,254,21,0
1758290400,175.43,175.61,175.15,175.53,230,21,0
1758294000,175.51,175.87,175.25,175.59,153,21,0
1758297600,175.69,176.03,175.55,176.03,379,21,0
1758301200,176.01,176.43,175.73,175.99,462,20,0
1758304800,175.97,175.97,175.57,175.79,136,21,0
1758535200,175.45,175.45,174.09,174.99,496,20,0
1758538800,174.95,175.29,174.81,175.09,250,20,0
1758542400,175.13,175.17,174.41,174.53,308,21,0
1758546000,174.49,175.09,174.41,174.89,190,21,0
1758549600,174.89,175.41,174.81,175.11,170,20,0
1758553200,175.09,175.21,174.55,174.61,168,21,0
1758556800,174.59,174.99,174.19,174.37,204,20,0
1758560400,174.35,174.61,173.95,174.53,188,21,0
1758564000,174.51,174.71,174.41,174.61,94,21,0
1758621600,174.85,176.01,174.81,175.93,490,21,0
1758625200,175.93,176.49,175.79,176.37,391,21,0
1758628800,176.41,176.41,175.75,176.03,237,21,0
1758632400,175.99,176.01,175.13,175.39,143,21,0
1758636000,175.37,175.81,175.27,175.81,106,20,0
1758639600,175.81,175.97,175.69,175.83,106,20,0
1758643200,175.79,175.79,175.29,175.55,234,20,0
1758646800,175.55,175.85,175.29,175.75,299,20,0
1758650400,175.71,175.71,175.37,175.41,112,21,0
1758708000,175.39,175.39,174.07,174.79,373,21,0
1758711600,174.79,174.93,174.65,174.69,192,21,0
1758715200,174.65,174.65,174.11,174.29,139,21,0
1758718800,174.25,174.53,174.07,174.33,108,21,0
1758722400,174.27,174.29,173.57,173.83,130,21,0
1758726000,173.81,173.87,173.27,173.29,138,20,0
1758729600,173.27,173.91,173.11,173.53,223,21,0
1758733200,173.51,174.25,173.51,174.13,167,21,0
1758736800,174.15,174.15,173.49,173.51,90,20,0
1758794400,172.83,173.57,172.49,172.75,408,21,0
1758798000,172.71,172.81,172.11,172.15,216,21,0
1758801600,172.13,172.73,172.13,172.45,239,20,0
1758805200,172.49,173.01,172.37,172.83,170,21,0
1758808800,172.81,173.33,172.55,173.07,211,20,0
1758812400,173.03,173.47,172.95,173.43,180,21,0
1758816000,173.47,173.81,173.39,173.41,251,21,0
1758819600,173.41,173.89,173.13,173.85,256,20,0
1758823200,173.85,173.85,173.43,173.55,77,20,0
1758880800,174.45,175.69,174.29,175.25,443,21,0
1758884400,175.21,175.41,174.49,174.51,242,21,0
1758888000,174.49,175.23,174.49,175.01,210,21,0
1758891600,174.99,175.21,174.97,175.11,102,21,0
1758895200,175.11,175.41,175.05,175.33,88,21,0
1758898800,175.33,175.63,175.09,175.45,197,21,0
1758902400,175.45,175.79,174.95,175.79,199,20,0
1758906000,175.81,175.81,174.93,175.19,235,20,0
1758909600,175.25,175.25,174.93,175.15,101,20,0
1759140000,176.09,176.09,175.27,175.65,428,20,0
1759143600,175.59,175.63,175.29,175.39,216,21,0
1759147200,175.49,176.01,175.45,175.65,187,21,0
1759150800,175.63,175.77,175.25,175.33,126,21,0
1759154400,175.35,175.65,175.17,175.49,104,21,0
1759158000,175.45,175.55,175.15,175.53,136,20,0
1759161600,175.51,175.93,175.49,175.91,179,20,0
1759165200,175.91,176.51,175.87,176.51,164,20,0
1759168800,176.49,176.63,176.37,176.61,91,20,0
1759226400,175.57,175.83,174.69,175.09,443,21,0
1759230000,175.07,175.27,174.71,175.05,303,21,0
1759233600,175.05,175.27,174.85,175.05,239,20,0
1759237200,175.05,175.23,174.71,174.87,192,21,0
1759240800,174.85,175.29,174.75,175.27,143,20,0
1759244400,175.31,175.67,175.21,175.55,142,21,0
1759248000,175.57,175.93,175.33,175.61,256,21,0
1759251600,175.63,176.15,175.41,176.15,246,20,0
1759255200,176.19,176.53,176.17,176.27,101,21,0
1759327200,176.47,176.47,176.47,176.47,2,32,0
1759334400,176.31,176.87,176.27,176.77,1426,19,0
1759338000,176.77,176.87,175.81,175.83,2518,19,0
1759341600,175.83,176.39,175.65,176.25,1099,19,0
1759399200,176.32,176.61,175.47,175.57,2907,19,0
1759402800,175.57,176.25,175.51,175.93,1722,19,0
1759406400,175.93,176.09,175.53,175.77,1351,19,0
1759410000,175.77,176.65,175.65,176.57,929,19,0
1759413600,176.57,177.31,176.35,177.15,1110,19,0
1759417200,177.15,177.51,176.83,177.09,987,19,0
1759420800,177.09,177.45,177.03,177.31,1441,19,0
1759424400,177.31,177.39,176.53,176.65,1857,19,0
1759428000,176.65,176.69,176.03,176.55,1051,19,0
1759485600,176.45,176.61,175.19,175.37,2289,19,0
1759489200,175.37,175.53,172.57,172.75,3178,19,0
1759492800,172.75,173.47,172.59,173.37,2237,19,0
1759496400,173.37,173.73,173.19,173.57,1379,19,0
1759500000,173.57,173.59,172.07,172.13,1488,19,0
1759503600,172.13,172.69,171.55,171.81,1753,19,0
1759507200,171.81,172.33,171.59,172.29,2064,19,0
1759510800,172.29,172.55,171.71,171.75,2202,19,0
1759514400,171.75,172.07,171.57,172.03,660,19,0
1759744800,171.75,172.23,170.03,170.05,5126,19,0
1759748400,170.05,170.85,169.69,170.65,3014,19,0
1759752000,170.65,170.81,169.63,169.67,1557,19,0
1759755600,169.67,169.91,169.19,169.65,1291,19,0
1759759200,169.65,170.29,169.51,170.25,1232,19,0
1759762800,170.25,170.45,169.63,169.95,1132,19,0
1759766400,169.95,169.97,169.39,169.47,1505,19,0
1759770000,169.49,169.95,169.23,169.59,1695,19,0
1759773600,169.59,169.97,169.55,169.81,796,19,0
1759831200,169.87,170.09,169.19,169.27,1599,19,0
1759834800,169.27,169.57,169.01,169.39,1410,19,0
1759838400,169.39,169.71,169.25,169.67,1214,19,0
1759842000,169.67,169.97,169.51,169.81,1026,19,0
1759845600,169.81,169.99,169.33,169.43,959,19,0
1759849200,169.43,169.79,169.29,169.69,1200,19,0
1759852800,169.69,169.89,169.17,169.23,1106,19,0
1759856400,169.23,169.61,169.17,169.27,1443,19,0
1759860000,169.27,169.67,169.25,169.49,604,19,0
1759917600,168.87,169.77,168.61,169.71,2822,19,0
1759921200,169.71,170.19,169.49,169.71,1369,19,0
1759924800,169.71,170.35,169.69,170.21,1337,19,0
1759928400,170.21,170.41,169.71,170.35,898,19,0
1759932000,170.35,170.49,170.09,170.15,833,19,0
1759935600,170.15,170.35,169.89,170.31,1030,19,0
1759939200,170.31,170.41,169.73,169.97,1299,19,0
1759942800,169.97,170.19,169.73,169.83,1193,19,0
1759946400,169.83,169.97,169.63,169.63,692,19,0
1760004000,169.51,170.21,169.51,169.93,2175,19,0
1760007600,169.93,170.39,169.83,170.15,1044,19,0
1760011200,170.15,170.95,170.01,170.63,1445,19,0
1760014800,170.63,171.71,170.57,171.63,1116,19,0
1760018400,171.63,172.03,171.55,171.65,878,19,0
1760022000,171.65,171.69,171.27,171.63,1331,19,0
1760025600,171.63,171.97,170.65,170.89,1995,19,0
1760029200,170.85,171.35,170.63,171.21,1762,19,0
1760032800,171.21,171.41,170.91,171.23,578,19,0
1760090400,171.65,172.75,171.61,172.37,2806,19,0
1760094000,172.37,172.53,171.81,171.91,1911,19,0
1760097600,171.91,171.97,171.05,171.09,1781,19,0
1760101200,171.09,171.37,170.87,171.33,1064,19,0
1760104800,171.31,171.49,170.91,170.91,1062,19,0
1760108400,170.91,171.09,170.41,170.79,1057,19,0
1760112000,170.79,170.93,170.61,170.81,1381,19,0
1760115600,170.81,171.13,170.05,170.29,2389,19,0
1760119200,170.29,170.41,168.79,168.93,3901,19,0
1760349600,170.73,170.74,169.97,170.23,2907,19,0
1760353200,170.23,170.39,169.53,169.69,1287,19,0
1760356800,169.69,169.97,169.45,169.91,1010,19,0
1760360400,169.91,170.09,169.71,169.99,748,19,0
1760364000,169.99,170.15,169.61,169.71,1076,19,0
1760367600,169.71,169.97,169.47,169.69,678,19,0
1760371200,169.69,169.81,169.43,169.67,1149,19,0
1760374800,169.67,169.97,169.47,169.79,1795,19,0
1760378400,169.79,170.39,169.77,170.31,800,19,0
1760436000,169.74,170.31,169.45,170.07,3009,19,0
1760439600,170.07,171.39,169.99,171.29,1758,19,0
1760443200,171.31,171.87,171.13,171.27,1309,19,0
1760446800,171.27,171.57,170.53,170.83,1405,19,0
1760450400,170.83,171.69,170.67,171.35,1313,19,0
1760454000,171.35,171.35,170.75,170.95,849,19,0
1760457600,170.95,171.93,170.95,171.67,1725,19,0
1760461200,171.67,171.77,171.35,171.49,1808,19,0
1760464800,171.49,171.67,171.33,171.43,524,19,0
1760522400,171.96,172.47,171.15,171.73,3282,19,0
1760526000,171.73,172.59,171.43,171.69,1754,19,0
1760529600,171.69,172.33,171.61,172.07,984,19,0
1760533200,172.07,172.27,171.45,171.57,846,19,0
1760536800,171.57,171.79,171.25,171.47,683,19,0
1760540400,171.47,171.75,171.37,171.49,749,19,0
1760544000,171.49,171.83,171.01,171.63,2420,19,0
1760547600,171.63,172.03,170.95,171.13,2163,19,0
1760551200,171.13,171.61,171.13,171.55,815,19,0
1760608800,171.25,171.31,170.33,170.97,2287,19,0
1760612400,170.95,171.55,170.67,171.43,931,19,0
1760616000,171.43,172.75,171.39,172.57,1329,19,0
1760619600,172.57,172.73,172.47,172.49,851,19,0
1760623200,172.49,172.83,172.25,172.55,804,19,0
1760626800,172.57,173.01,172.37,172.77,908,19,0
1760630400,172.77,173.07,172.23,172.93,1698,19,0
1760634000,172.93,173.21,172.51,173.19,1856,19,0
1760637600,173.19,173.59,173.03,173.49,931,19,0
1760695200,172.27,172.29,171.23,171.81,7297,19,0
1760698800,171.81,172.83,171.81,172.37,2815,19,0
1760702400,172.37,172.91,172.25,172.65,2058,19,0
1760706000,172.65,172.65,171.61,172.19,1955,19,0
1760709600,172.19,172.71,172.15,172.55,3653,19,0
1760713200,172.55,172.69,172.25,172.53,2227,19,0
1760716800,172.53,172.85,172.31,172.57,2576,19,0
1760720400,172.57,172.75,172.17,172.27,3593,19,0
1760724000,172.27,172.63,172.17,172.59,907,19,0
1760954400,172.60,173.15,171.55,172.85,1927,19,0
1760958000,172.85,172.89,171.71,171.81,926,19,0
1760961600,171.81,172.49,171.63,172.49,860,19,0
1760965200,172.49,172.65,172.13,172.13,604,19,0
1760968800,172.13,172.29,171.97,172.17,595,21,0
1760972400,172.17,172.31,171.87,172.05,607,19,0
1760976000,172.05,172.87,172.05,172.83,906,19,0
1760979600,172.83,173.25,172.77,173.13,1131,19,0
1760983200,173.13,173.33,173.03,173.25,539,19,0
1761040800,173.75,173.75,172.73,172.93,2190,19,0
1761044400,172.93,172.95,172.43,172.73,2110,19,0
1761048000,172.73,172.89,172.67,172.67,1167,19,0
1761051600,172.67,172.87,172.35,172.49,1185,19,0
1761055200,172.49,172.97,172.45,172.93,873,19,0
1761058800,172.93,172.99,172.43,172.57,880,19,0
1761062400,172.57,173.09,172.51,172.91,1745,19,0
1761066000,172.91,173.63,172.67,173.39,1468,19,0
1761069600,173.39,173.77,173.21,173.29,991,19,0
1761127200,172.99,172.99,172.27,172.33,2577,19,0
1761130800,172.33,172.33,171.47,171.75,1283,19,0
1761134400,171.75,172.15,171.67,171.93,1138,19,0
1761138000,171.93,172.23,171.91,172.09,738,19,0
1761141600,172.09,172.15,171.87,171.91,600,19,0
1761145200,171.91,171.93,171.63,171.79,419,21,0
1761148800,171.79,171.79,170.73,170.89,1191,19,0
1761152400,170.89,171.91,170.81,171.77,1851,19,0
1761156000,171.77,171.81,171.21,171.47,895,19,0
1761213600,171.89,172.15,171.21,171.99,2381,19,0
1761217200,171.99,172.49,171.63,172.37,898,19,0
1761220800,172.37,172.89,172.33,172.79,1061,21,0
1761224400,172.79,173.29,172.65,173.25,1223,19,0
1761228000,173.25,173.85,173.09,173.43,1412,19,0
1761231600,173.43,173.47,172.95,173.35,1192,19,0
1761235200,173.35,173.41,172.85,173.17,1616,19,0
1761238800,173.17,173.33,172.47,172.63,1151,19,0
1761242400,172.63,172.85,172.51,172.65,462,19,0
1761300000,173.55,173.63,172.35,172.73,1619,19,0
1761303600,172.73,172.77,171.73,171.81,1090,19,0
1761307200,171.81,172.35,171.65,172.17,929,19,0
1761310800,172.17,172.17,171.61,171.73,663,19,0
1761314400,171.73,172.15,171.61,171.95,634,21,0
1761318000,171.95,172.41,171.81,172.05,1225,19,0
1761321600,172.05,172.39,171.81,171.85,1238,19,0
1761325200,171.85,172.13,171.33,172.01,1700,19,0
1761328800,172.01,172.13,171.81,171.93,698,19,0
1761559200,171.77,172.33,171.01,172.15,1580,19,0
1761562800,172.17,172.27,171.67,171.75,933,19,0
1761566400,171.75,171.97,171.51,171.93,855,19,0
1761570000,171.93,171.99,171.63,171.71,585,21,0
1761573600,171.71,171.81,171.63,171.73,654,21,0
1761577200,171.73,171.91,171.61,171.83,885,19,0
1761580800,171.83,172.61,171.83,172.57,1307,19,0
1761584400,172.57,172.59,172.01,172.03,1185,19,0
1761588000,172.03,172.33,171.99,172.25,421,19,0
1761645600,172.91,175.67,172.21,173.73,6071,19,0
1761649200,173.73,175.45,173.69,175.43,2436,19,0
1761652800,175.43,175.59,174.81,175.09,2188,19,0
1761656400,175.09,175.49,174.79,175.21,1777,19,0
1761660000,175.23,175.39,174.81,175.05,1229,19,0
1761663600,175.03,175.29,174.55,174.57,2154,19,0
1761667200,174.57,175.41,174.51,175.21,1813,19,0
1761670800,175.23,175.31,174.01,174.31,2558,19,0
1761674400,174.31,174.43,173.93,174.13,783,19,0
1761732000,173.71,173.71,172.83,173.43,1223,19,0
1761735600,173.43,173.43,172.53,172.55,1213,19,0
1761739200,172.55,172.93,172.43,172.69,1009,19,0
1761742800,172.67,172.95,172.17,172.59,960,19,0
1761746400,172.59,172.87,171.71,171.79,1145,19,0
1761750000,171.77,171.79,170.61,171.13,1817,19,0
1761753600,171.13,171.41,170.41,170.47,1931,19,0
1761757200,170.47,170.61,169.81,169.85,1693,19,0
1761760800,169.85,170.17,169.51,169.63,686,19,0
1761818400,169.24,169.97,169.17,169.69,2448,19,0
1761822000,169.69,169.73,169.01,169.21,1651,19,0
1761825600,169.21,169.65,169.21,169.35,1386,19,0
1761829200,169.35,169.55,169.17,169.33,1395,19,0
1761832800,169.33,169.73,169.31,169.55,1552,19,0
1761836400,169.55,170.07,169.53,169.63,1952,19,0
1761840000,169.63,170.53,169.41,170.49,2646,19,0
1761843600,170.47,170.71,170.39,170.47,1934,19,0
1761847200,170.47,170.51,170.13,170.33,787,19,0
1761904800,170.91,171.03,170.01,170.21,1601,21,0
1761908400,170.21,170.25,169.13,169.17,1119,19,0
1761912000,169.17,169.57,169.11,169.29,1188,19,0
1761915600,169.29,169.65,169.05,169.49,977,19,0
1761919200,169.49,169.51,168.57,168.65,766,19,0
1761922800,168.65,168.71,167.17,167.29,2014,19,0
1761926400,167.29,167.87,167.17,167.47,1628,19,0
1761930000,167.47,167.49,166.91,167.37,1702,19,0
1761933600,167.37,167.93,167.27,167.91,679,19,0
1762164000,167.37,168.53,166.91,168.23,1916,19,0
1762167600,168.23,168.83,168.11,168.39,835,19,0
1762171200,168.39,168.51,168.11,168.31,735,19,0
1762174800,168.31,168.39,168.05,168.11,713,19,0
1762178400,168.11,168.39,167.91,167.93,582,19,0
1762182000,167.93,167.93,167.55,167.69,968,19,0
1762185600,167.69,167.73,167.19,167.39,1103,19,0
1762189200,167.39,167.67,167.11,167.15,1587,19,0
1762192800,167.15,167.45,167.03,167.39,907,19,0
1762250400,167.11,167.31,165.95,166.65,2177,19,0
1762254000,166.65,166.83,166.13,166.21,1404,19,0
1762257600,166.21,167.07,166.05,167.07,1649,19,0
1762261200,167.07,167.71,166.91,167.65,1441,19,0
1762264800,167.65,167.81,167.47,167.77,1149,19,0
1762268400,167.77,168.09,167.55,167.85,1330,19,0
1762272000,167.85,168.29,167.73,168.03,2370,19,0
1762275600,168.01,168.77,167.91,168.77,2175,19,0
1762279200,168.77,168.85,168.45,168.57,778,19,0
1762336800,168.29,169.13,167.85,169.01,2456,19,0
1762340400,169.01,169.09,168.71,168.79,1014,19,0
1762344000,168.79,169.07,168.24,168.85,1046,19,0
1762347600,168.85,169.19,168.67,169.01,1163,19,0
1762351200,169.01,169.37,168.97,169.15,1129,19,0
1762354800,169.15,169.49,168.97,169.13,1108,19,0
1762358400,169.13,169.29,168.93,169.11,1294,19,0
1762362000,169.11,169.77,168.77,169.31,2344,19,0
1762365600,169.31,169.41,169.13,169.27,841,19,0
1762423200,168.55,169.01,168.15,168.77,3805,21,0
1762426800,168.79,168.95,168.29,168.33,1647,21,0
1762430400,168.33,168.71,168.25,168.43,912,21,0
1762434000,168.43,168.83,168.33,168.33,721,19,0
1762437600,168.33,168.61,168.17,168.59,678,19,0
1762441200,168.59,168.73,168.03,168.09,1017,19,0
1762444800,168.09,168.55,167.67,168.05,1517,19,0
1762448400,168.05,168.59,167.80,168.47,1725,19,0
1762452000,168.47,168.49,167.99,168.25,743,19,0
1762509600,168.17,168.59,167.45,167.57,2068,19,0
1762513200,167.59,167.79,167.31,167.67,1357,19,0
1762516800,167.67,167.67,166.91,167.03,1429,19,0
1762520400,167.03,167.05,166.43,166.93,1499,19,0
1762524000,166.93,167.19,166.85,167.01,923,19,0
1762527600,167.01,167.27,166.87,167.13,1435,19,0
1762531200,167.11,168.15,166.99,167.89,1689,19,0
1762534800,167.89,168.91,167.79,168.69,3066,19,0
1762538400,168.69,169.15,168.69,168.91,847,19,0
1762768800,169.87,169.87,169.01,169.59,2647,19,0
1762772400,169.59,170.09,168.83,169.47,1796,19,0
1762776000,169.47,170.07,169.37,170.05,1091,19,0
1762779600,170.05,170.11,169.35,169.89,642,19,0
1762783200,169.89,169.95,168.87,169.11,734,19,0
1762786800,169.11,169.49,169.07,169.37,561,21,0
1762790400,169.37,169.77,169.07,169.35,1172,19,0
1762794000,169.35,170.09,169.29,169.97,1323,19,0
1762797600,169.97,170.21,169.87,170.07,628,19,0
1762855200,170.25,170.25,168.95,169.47,1843,19,0
1762858800,169.47,170.33,169.45,170.01,886,19,0
1762862400,170.01,170.43,169.91,170.19,831,19,0
1762866000,170.19,170.45,170.15,170.21,492,19,0
1762869600,170.21,170.99,170.13,170.89,539,19,0
1762873200,170.89,171.21,170.61,171.17,590,19,0
1762876800,171.17,171.81,171.15,171.67,1498,19,0
1762880400,171.67,172.51,171.53,171.59,1947,19,0
1762884000,171.59,172.03,171.59,171.83,844,19,0
1762941600,172.03,172.67,171.55,171.79,2946,19,0
1762945200,171.79,172.07,171.03,171.95,1966,19,0
1762948800,171.95,172.33,171.65,172.31,1061,19,0
1762952400,172.31,172.63,172.03,172.19,1163,19,0
1762956000,172.21,172.67,172.09,172.45,1286,19,0
1762959600,172.45,172.99,172.35,172.63,847,21,0
1762963200,172.63,173.37,172.55,173.35,2334,19,0
1762966800,173.35,173.35,172.47,172.69,2493,19,0
1762970400,172.69,172.99,172.43,172.45,849,19,0
1763028000,173.09,173.95,172.75,173.89,3098,19,0
1763031600,173.89,174.19,173.27,173.35,1941,19,0
1763035200,173.35,173.39,173.05,173.25,1157,19,0
1763038800,173.25,173.33,172.83,172.95,1252,19,0
1763042400,172.95,173.21,172.71,173.09,958,19,0
1763046000,173.09,173.49,172.99,173.31,1123,19,0
1763049600,173.31,173.75,173.15,173.47,2226,19,0
1763053200,173.47,173.83,173.33,173.55,2306,19,0
1763056800,173.55,173.73,173.39,173.57,1396,19,0
1763114400,172.53,173.25,172.23,173.05,4359,19,0
1763118000,173.05,173.17,172.13,172.53,1201,19,0
1763121600,172.53,172.53,171.55,171.67,1473,19,0
1763125200,171.67,171.71,171.11,171.21,1517,19,0
1763128800,171.21,171.75,170.75,171.55,1533,19,0
1763132400,171.55,171.61,171.05,171.41,1368,19,0
1763136000,171.41,171.43,170.85,171.39,1721,19,0
1763139600,171.39,171.55,170.51,170.55,2510,19,0
1763143200,170.55,170.99,170.37,170.89,581,21,0
1763373600,170.82,170.82,169.55,169.83,2016,19,0
1763377200,169.83,169.93,169.37,169.81,1162,19,0
1763380800,169.81,170.15,169.75,170.15,1074,19,0
1763384400,170.15,170.53,170.01,170.09,999,19,0
1763388000,170.09,170.11,169.85,169.93,732,19,0
1763391600,169.93,170.05,169.77,169.97,620,19,0
1763395200,169.97,170.17,169.75,170.13,1117,19,0
1763398800,170.11,170.33,169.87,169.93,1302,19,0
1763402400,169.93,169.97,169.51,169.65,557,19,0
1763460000,168.40,168.47,167.23,168.07,2810,19,0
1763463600,168.07,168.13,167.31,167.99,1474,19,0
1763467200,167.99,168.01,167.51,167.69,1485,19,0
1763470800,167.69,167.85,167.35,167.61,896,19,0
1763474400,167.61,167.65,167.27,167.33,1002,19,0
1763478000,167.33,167.49,167.13,167.27,1067,19,0
1763481600,167.27,167.31,166.11,166.19,1966,19,0
1763485200,166.19,166.21,165.65,165.87,5153,19,0
1763488800,165.87,166.11,165.67,165.85,1201,19,0
1763546400,166.58,166.58,165.01,165.17,2254,19,0
1763550000,165.17,165.85,165.07,165.83,1211,19,0
1763553600,165.83,165.87,165.31,165.51,660,19,0
1763557200,165.51,166.03,165.37,165.57,1164,19,0
1763560800,165.57,165.77,165.31,165.59,778,19,0
1763564400,165.59,166.07,165.57,165.99,834,19,0
1763568000,165.99,166.19,165.63,165.97,860,19,0
1763571600,165.97,166.11,165.65,165.71,863,19,0
1763575200,165.71,165.85,165.43,165.61,453,19,0
1763632800,166.13,166.47,166.03,166.13,1372,19,0
1763636400,166.13,166.15,165.54,165.65,1248,19,0
1763640000,165.65,166.05,165.61,165.79,1041,19,0
1763643600,165.79,165.85,165.03,165.13,950,19,0
1763647200,165.13,165.83,165.01,165.77,783,19,0
1763650800,165.77,166.19,165.43,166.13,1109,19,0
1763654400,166.15,166.27,165.67,166.23,1617,19,0
1763658000,166.23,166.25,165.85,165.93,1044,19,0
1763661600,165.93,165.95,165.53,165.59,579,19,0
1763719200,165.91,166.77,165.13,166.77,4091,19,0
1763722800,166.77,166.85,165.73,166.11,1931,19,0
1763726400,166.09,166.19,165.57,165.99,2612,19,0
1763730000,166.01,166.81,165.95,166.05,3247,19,0
1763733600,166.05,166.25,165.45,166.25,4333,19,0
1763737200,166.23,166.63,166.05,166.39,2434,19,0
1763740800,166.39,166.67,166.15,166.35,3651,19,0
1763744400,166.35,166.51,165.91,165.91,5471,19,0
1763748000,165.91,166.07,165.77,165.93,1493,19,0
1763978400,165.83,166.43,164.35,165.69,4687,19,0
1763982000,165.69,165.81,165.19,165.47,3008,19,0
1763985600,165.47,165.47,163.51,163.67,2407,19,0
1763989200,163.67,163.69,162.07,162.09,3860,19,0
1763992800,162.09,162.73,161.71,162.41,3076,21,0
1763996400,162.41,162.77,162.01,162.01,1696,19,0
1764000000,162.01,163.65,161.91,163.61,4431,19,0
1764003600,163.61,164.77,163.49,164.13,4245,19,0
1764007200,164.13,164.91,163.71,163.79,2810,19,0
1764064800,164.48,164.48,162.91,163.35,3410,21,0
1764068400,163.35,163.85,162.93,163.07,2530,21,0
1764072000,163.07,163.37,162.73,163.25,2265,19,0
1764075600,163.25,163.59,163.11,163.25,1276,21,0
1764079200,163.25,165.19,163.11,163.71,4472,19,0
1764082800,163.73,164.23,163.63,163.93,2494,19,0
1764086400,163.93,164.79,163.91,164.71,4188,19,0
1764090000,164.73,165.31,164.47,164.99,5415,19,0
1764093600,165.01,165.29,164.61,164.61,1534,19,0
1764151200,165.01,165.03,163.75,163.85,1921,19,0
1764154800,163.85,164.15,163.39,163.99,1160,19,0
1764158400,163.99,164.69,163.99,164.63,844,19,0
1764162000,164.63,164.93,164.39,164.57,1377,19,0
1764165600,164.57,164.75,164.23,164.47,1552,19,0
1764169200,164.47,164.61,164.31,164.49,1182,19,0
1764172800,164.49,164.55,164.13,164.19,1761,19,0
1764176400,164.19,165.01,164.05,164.93,1535,19,0
1764180000,164.93,165.15,164.81,164.81,554,19,0
1764237600,165.01,165.49,164.67,164.81,1660,19,0
1764241200,164.81,164.85,164.35,164.47,1174,19,0
1764244800,164.47,164.73,164.33,164.65,672,19,0
1764248400,164.65,164.75,164.55,164.71,458,21,0
1764252000,164.71,165.21,164.69,165.15,565,19,0
1764255600,165.17,165.23,164.75,164.83,781,21,0
1764259200,164.83,164.91,164.37,164.43,895,19,0
1764262800,164.43,164.51,164.23,164.23,760,19,0
1764266400,164.23,164.43,164.21,164.27,263,19,0
1764324000,164.74,164.76,163.81,164.35,1046,21,0
1764327600,164.35,164.47,164.13,164.47,617,19,0
1764331200,164.49,164.97,164.43,164.59,896,19,0
1764334800,164.59,164.95,164.57,164.89,613,19,0
1764338400,164.89,165.13,164.71,164.77,917,19,0
1764342000,164.77,164.99,164.63,164.93,926,19,0
1764345600,164.93,165.07,164.69,164.97,1203,19,0
1764349200,164.97,165.05,164.39,164.45,1337,19,0
1764352800,164.45,164.67,164.43,164.43,584,19,0
1764583200,165.12,165.99,164.51,165.75,2821,19,0
1764586800,165.75,166.29,165.25,165.37,1517,19,0
1764590400,165.37,165.89,165.33,165.77,966,19,0
1764594000,165.77,166.17,165.67,166.05,1643,19,0
1764597600,166.05,166.17,165.17,165.25,1077,19,0
1764601200,165.27,165.53,165.23,165.29,961,19,0
1764604800,165.29,165.55,165.13,165.49,1580,19,0
1764608400,165.49,165.49,164.83,165.23,2508,19,0
1764612000,165.23,165.79,165.19,165.75,711,19,0
1764669600,165.31,165.57,164.81,165.37,2291,19,0
1764673200,165.37,165.49,164.81,165.21,1881,19,0
1764676800,165.21,165.45,164.47,165.43,1494,19,0
1764680400,165.43,165.73,165.21,165.61,1229,19,0
1764684000,165.61,165.69,165.21,165.67,1451,19,0
1764687600,165.65,165.67,165.11,165.35,899,19,0
1764691200,165.35,165.47,164.35,164.55,1977,19,0
1764694800,164.55,164.71,164.25,164.53,2284,19,0
1764698400,164.53,164.75,164.23,164.23,839,19,0
1764756000,164.59,164.59,163.55,163.91,1692,19,0
1764759600,163.91,164.31,163.63,163.99,1143,19,0
1764763200,163.99,164.07,163.53,163.53,1101,19,0
1764766800,163.53,163.91,163.31,163.53,874,19,0
1764770400,163.53,163.95,163.51,163.79,458,19,0
1764774000,163.79,163.97,163.57,163.67,534,19,0
1764777600,163.67,163.85,163.43,163.77,1610,19,0
1764781200,163.77,164.09,163.55,163.67,1710,19,0
1764784800,163.67,163.67,163.25,163.27,307,19,0
1764842400,163.91,163.99,163.43,163.85,851,19,0
1764846000,163.85,164.27,163.61,164.07,761,19,0
1764849600,164.07,164.21,163.63,163.63,678,19,0
1764853200,163.63,163.85,163.61,163.73,517,21,0
1764856800,163.73,164.01,163.71,163.91,621,19,0
1764860400,163.91,164.03,163.71,163.75,611,19,0
1764864000,163.77,163.91,163.63,163.67,923,19,0
1764867600,163.67,163.71,163.09,163.33,973,19,0
1764871200,163.31,163.51,163.17,163.19,476,19,0
1764928800,163.49,163.65,162.99,163.21,1636,19,0
1764932400,163.21,163.73,163.13,163.45,1155,19,0
1764936000,163.45,163.45,162.71,163.05,1156,19,0
1764939600,163.05,163.11,162.75,162.81,563,19,0
1764943200,162.81,162.85,162.43,162.47,638,19,0
1764946800,162.49,162.75,162.43,162.47,597,19,0
1764950400,162.47,163.13,162.21,163.05,1225,19,0
1764954000,163.05,163.35,162.71,163.33,1935,19,0
1764957600,163.31,163.37,162.41,162.45,693,19,0
1765188000,162.87,162.87,161.77,162.13,940,19,0
1765191600,162.13,162.71,162.09,162.41,824,19,0
1765195200,162.41,162.57,162.13,162.15,660,19,0
1765198800,162.15,162.39,162.09,162.11,545,19,0
1765202400,162.13,162.23,162.05,162.19,395,19,0
1765206000,162.19,162.19,161.61,161.65,451,19,0
1765209600,161.65,161.87,161.41,161.73,980,19,0
1765213200,161.73,161.81,161.07,161.31,1297,19,0
1765216800,161.31,161.49,161.09,161.21,585,19,0
1765274400,160.64,160.99,159.81,160.03,1659,19,0
1765278000,160.03,160.21,159.41,159.47,900,19,0
1765281600,159.47,159.77,159.33,159.59,1145,19,0
1765285200,159.59,159.75,159.31,159.31,612,19,0
1765288800,159.31,159.31,159.05,159.13,675,19,0
1765292400,159.13,159.27,159.01,159.19,630,19,0
1765296000,159.19,159.41,159.15,159.27,976,19,0
1765299600,159.27,159.35,158.81,158.87,1021,19,0
1765303200,158.87,159.05,158.43,158.43,384,19,0
1765360800,159.01,159.01,157.97,158.77,2248,19,0
1765364400,158.77,158.83,158.29,158.43,1385,19,0
1765368000,158.43,158.57,157.91,158.03,1147,19,0
1765371600,158.03,158.13,157.31,157.41,1041,19,0
1765375200,157.41,157.73,157.23,157.73,766,19,0
1765378800,157.73,157.75,157.23,157.51,857,19,0
1765382400,157.51,158.41,157.47,158.33,1629,19,0
1765386000,158.33,158.65,158.21,158.29,1460,19,0
1765389600,158.29,158.61,157.95,157.97,526,19,0
1765447200,159.11,159.12,158.01,158.59,2386,19,0
1765450800,158.59,158.71,157.93,157.95,1848,19,0
1765454400,157.95,158.29,157.33,157.93,2013,19,0
1765458000,157.93,158.19,157.67,157.85,1630,19,0
1765461600,157.85,157.97,157.51,157.71,1006,19,0
1765465200,157.71,158.01,157.57,157.69,1348,19,0
1765468800,157.71,158.41,157.57,157.91,2383,19,0
1765472400,157.91,158.73,157.89,158.29,2189,19,0
1765476000,158.29,158.45,157.77,157.85,731,19,0
1765533600,158.93,159.57,158.43,159.27,2775,19,0
1765537200,159.27,159.39,158.93,159.03,1615,19,0
1765540800,159.03,159.21,158.73,158.89,1188,19,0
1765544400,158.89,158.91,158.51,158.55,530,19,0
1765548000,158.55,158.57,158.23,158.27,458,19,0
1765551600,158.27,158.35,158.03,158.15,607,19,0
1765555200,158.15,158.89,158.15,158.43,1295,19,0
1765558800,158.41,159.17,158.39,158.81,1012,19,0
1765562400,158.83,158.85,158.57,158.63,522,19,0
1765792800,159.51,160.41,159.19,160.19,2266,19,0
1765796400,160.19,160.51,160.05,160.21,575,19,0
1765800000,160.21,160.39,160.07,160.27,634,19,0
1765803600,160.27,160.69,160.15,160.63,709,19,0
1765807200,160.63,160.73,160.15,160.41,814,19,0
1765810800,160.41,160.47,160.11,160.11,664,19,0
1765814400,160.11,160.23,159.71,159.91,956,19,0
1765818000,159.91,159.95,159.31,159.31,897,19,0
1765821600,159.31,159.75,159.31,159.67,462,19,0
1765879200,159.34,159.65,158.71,159.45,2065,19,0
1765882800,159.45,159.87,159.21,159.21,1086,19,0
1765886400,159.21,159.49,159.15,159.33,685,19,0
1765890000,159.33,159.43,159.17,159.37,464,19,0
1765893600,159.37,159.57,159.27,159.47,581,19,0
1765897200,159.47,159.63,159.37,159.57,750,19,0
1765900800,159.57,159.71,159.01,159.03,999,19,0
1765904400,159.03,159.09,158.61,158.81,995,19,0
1765908000,158.81,159.43,158.63,159.37,389,19,0
1765965600,160.01,160.51,159.59,159.81,2757,19,0
1765969200,159.81,159.87,159.45,159.77,932,19,0
1765972800,159.77,159.81,159.41,159.59,1162,19,0
1765976400,159.59,159.67,158.63,158.65,762,19,0
1765980000,158.65,158.77,158.17,158.21,664,19,0
1765983600,158.21,158.55,158.17,158.23,855,19,0
1765987200,158.23,159.37,158.05,159.37,1538,19,0
1765990800,159.37,159.43,159.03,159.35,1309,19,0
1765994400,159.37,159.41,159.13,159.25,701,19,0
1766052000,159.65,159.73,159.05,159.39,1799,19,0
1766055600,159.39,159.59,159.25,159.35,944,19,0
1766059200,159.35,159.63,159.29,159.37,833,19,0
1766062800,159.37,159.45,158.79,158.89,983,19,0
1766066400,158.91,159.21,158.81,158.97,954,19,0
1766070000,158.97,159.35,158.91,158.95,1431,19,0
1766073600,158.95,159.43,158.95,159.35,988,19,0
1766077200,159.35,160.01,159.35,159.83,1191,19,0
1766080800,159.83,159.85,159.51,159.69,493,19,0
1766138400,159.23,159.69,158.95,159.53,1496,19,0
1766142000,159.53,159.85,159.45,159.77,1242,19,0
1766145600,159.77,159.89,159.15,159.21,1335,19,0
1766149200,159.21,159.63,158.99,159.59,657,19,0
1766152800,159.59,159.63,159.39,159.43,1050,19,0
1766156400,159.43,159.59,159.19,159.27,848,19,0
1766160000,159.27,159.53,159.19,159.37,1599,19,0
1766163600,159.37,159.69,159.29,159.47,1402,19,0
1766167200,159.47,160.03,159.41,160.01,475,19,0
1766397600,159.74,159.74,158.93,159.57,1445,19,0
1766401200,159.57,159.85,159.23,159.27,677,19,0
1766404800,159.27,159.47,159.01,159.29,537,19,0
1766408400,159.29,159.43,159.15,159.31,439,19,0
1766412000,159.31,159.51,159.25,159.33,555,19,0
1766415600,159.33,159.43,158.95,159.19,523,19,0
1766419200,159.19,159.75,159.17,159.45,758,19,0
1766422800,159.45,160.17,159.45,160.03,959,19,0
1766426400,160.03,160.15,159.93,159.95,368,19,0
1766484000,160.19,160.31,159.45,160.01,1223,19,0
1766487600,160.01,160.09,159.73,159.89,669,19,0
1766491200,159.89,160.23,159.89,160.05,552,21,0
1766494800,160.01,160.13,159.93,160.03,305,20,0
1766498400,160.03,160.03,159.81,159.99,440,21,0
1766502000,160.01,160.09,159.51,159.61,513,21,0
1766505600,159.61,160.09,159.59,159.75,863,19,0
1766509200,159.75,159.85,159.51,159.71,686,21,0
1766512800,159.71,159.81,159.57,159.57,401,19,0
1766570400,160.21,160.79,160.07,160.55,875,19,0
1766574000,160.57,160.57,160.17,160.39,287,19,0
1766577600,160.39,160.49,160.25,160.43,408,19,0
1766581200,160.43,160.47,160.31,160.33,158,19,0
1766584800,160.33,160.33,160.11,160.19,253,19,0
1767002400,160.10,160.10,159.31,159.65,1499,19,0
1767006000,159.65,159.91,159.51,159.67,708,19,0
1767009600,159.67,160.19,159.51,160.07,1126,19,0
1767013200,160.09,160.21,160.01,160.09,1449,19,0
1767016800,160.09,160.39,160.01,160.11,1384,19,0
1767020400,160.11,160.45,159.93,160.41,1345,19,0
1767024000,160.41,160.69,160.33,160.37,1768,19,0
1767027600,160.37,160.73,160.29,160.69,1240,19,0
1767031200,160.69,160.71,160.25,160.31,362,21,0
1767088800,160.47,160.47,159.71,159.81,1036,19,0
1767092400,159.81,160.35,159.81,160.31,777,19,0
1767096000,160.31,160.51,160.23,160.27,886,19,0
1767099600,160.27,160.47,159.97,160.41,433,19,0
1767103200,160.43,160.67,160.41,160.47,582,19,0
1767106800,160.49,160.53,160.23,160.25,387,21,0
1767110400,160.25,160.67,160.17,160.63,509,19,0
1767114000,160.63,160.87,160.49,160.67,604,19,0
1767117600,160.67,160.79,160.59,160.67,323,19,0
1767175200,160.81,160.81,159.89,159.97,534,19,0
1767178800,159.97,160.09,159.77,159.83,449,19,0
1767182400,159.85,159.91,159.63,159.71,544,19,0
1767186000,159.69,159.79,159.53,159.59,256,19,0
1767189600,159.61,159.91,159.49,159.89,238,19,0
1767348000,159.85,160.21,159.03,160.07,2194,19,0
1767351600,160.07,160.29,159.17,159.17,2154,19,0
1767355200,159.17,159.19,158.33,158.53,1098,19,0
1767358800,158.53,158.81,158.45,158.51,590,19,0
1767362400,158.51,158.55,158.07,158.33,682,19,0
1767366000,158.33,158.81,158.21,158.73,953,19,0
1767369600,158.73,159.13,158.35,158.39,1643,19,0
1767373200,158.39,158.43,157.87,158.27,2114,19,0
1767376800,158.27,158.47,158.01,158.39,700,19,0
1767607200,159.23,159.71,158.87,159.59,3485,19,0
1767610800,159.59,159.77,159.01,159.05,1802,19,0
1767614400,159.05,159.07,158.47,158.55,966,19,0
1767618000,158.55,158.83,158.35,158.77,934,19,0
1767621600,158.77,159.05,158.69,158.89,779,19,0
1767625200,158.89,158.99,158.47,158.79,705,19,0
1767628800,158.79,158.91,158.09,158.23,1584,19,0
1767632400,158.25,158.33,157.45,157.55,1723,19,0
1767636000,157.55,157.63,157.23,157.33,753,19,0
1767693600,156.38,156.38,154.75,155.29,2486,19,0
1767697200,155.27,155.43,154.87,155.17,1266,19,0
1767700800,155.15,155.57,154.97,155.51,950,19,0
1767704400,155.51,156.41,155.51,156.01,659,19,0
1767708000,156.01,156.23,155.61,156.21,837,19,0
1767711600,156.21,156.65,156.03,156.61,1041,19,0
1767715200,156.61,157.29,156.39,157.01,1356,19,0
1767718800,157.01,157.73,156.65,157.27,2465,19,0
1767722400,157.27,157.79,157.11,157.79,439,19,0
1767780000,157.44,157.44,156.01,156.53,3461,19,0
1767783600,156.55,157.07,156.43,157.03,1772,21,0
1767787200,157.03,157.19,156.47,156.49,1509,19,0
1767790800,156.49,156.59,156.11,156.51,1206,19,0
1767794400,156.51,156.59,156.15,156.23,901,19,0
1767798000,156.23,156.45,156.13,156.17,558,19,0
1767801600,156.15,156.19,155.03,155.43,1219,19,0
1767805200,155.43,155.55,154.87,155.31,1587,19,0
1767808800,155.31,155.99,155.21,155.87,799,19,0
1767866400,156.37,156.67,155.79,156.03,2516,19,0
1767870000,156.03,156.11,155.57,155.61,1951,19,0
1767873600,155.61,156.03,155.51,155.59,983,19,0
1767877200,155.59,155.83,155.49,155.77,924,19,0
1767880800,155.77,155.93,155.53,155.73,1083,19,0
1767884400,155.73,155.73,155.41,155.45,914,19,0
1767888000,155.45,156.11,155.25,155.89,1295,19,0
1767891600,155.89,156.23,155.83,156.05,1335,19,0
1767895200,156.05,156.07,155.71,155.83,522,19,0
1767952800,155.87,155.93,155.05,155.25,2313,19,0
1767956400,155.25,155.57,155.07,155.55,1013,19,0
1767960000,155.55,156.11,155.55,156.09,961,19,0
1767963600,156.09,156.69,155.99,156.57,589,19,0
1767967200,156.57,156.95,156.55,156.75,555,19,0
1767970800,156.75,157.15,156.59,156.73,653,19,0
1767974400,156.73,157.77,156.45,157.61,1413,19,0
1767978000,157.61,159.11,157.59,158.63,1402,19,0
1767981600,158.63,158.75,158.47,158.57,519,19,0
1768212000,159.15,159.41,158.31,158.49,1536,19,0
1768215600,158.49,158.59,158.11,158.15,938,19,0
1768219200,158.15,158.49,157.95,158.05,880,19,0
1768222800,158.05,158.25,157.87,158.21,973,19,0
1768226400,158.21,158.59,158.21,158.49,730,19,0
1768230000,158.49,158.59,158.09,158.43,546,21,0
1768233600,158.43,158.83,158.23,158.31,1609,19,0
1768237200,158.31,158.35,157.71,158.17,1043,19,0
1768240800,158.17,158.41,157.99,158.01,488,19,0
1768298400,158.99,158.99,157.95,158.59,1810,19,0
1768302000,158.59,158.73,157.77,157.83,940,19,0
1768305600,157.83,158.29,157.55,157.67,1026,19,0
1768309200,157.67,157.81,157.43,157.57,752,21,0
1768312800,157.57,157.83,157.51,157.71,625,19,0
1768316400,157.71,157.81,157.13,157.19,1005,21,0
1768320000,157.19,158.09,157.17,157.77,2113,19,0
1768323600,157.77,158.11,157.51,157.91,1652,19,0
1768327200,157.91,157.93,157.35,157.47,709,19,0
1768384800,157.94,159.47,157.94,159.39,2278,19,0
1768388400,159.39,159.49,159.11,159.21,1240,19,0
1768392000,159.21,159.49,159.07,159.15,1428,19,0
1768395600,159.15,159.55,158.95,159.07,1120,19,0
1768399200,159.09,159.43,158.95,159.15,1073,19,0
1768402800,159.15,159.39,158.89,158.99,1609,19,0
1768406400,158.99,160.21,158.83,159.89,1925,19,0
1768410000,159.89,160.37,159.41,160.33,2527,19,0
1768413600,160.33,160.81,160.31,160.79,878,19,0
1768471200,160.56,160.99,159.77,160.77,4449,19,0
1768474800,160.77,160.93,160.53,160.63,1718,19,0
1768478400,160.63,161.13,160.41,161.09,1292,19,0
1768482000,161.09,161.15,160.55,160.65,1087,19,0
1768485600,160.65,161.19,160.57,160.93,915,19,0
1768489200,160.91,161.53,160.91,161.27,1101,19,0
1768492800,161.27,161.53,160.69,160.85,1634,19,0
1768496400,160.87,161.07,159.99,160.57,1671,19,0
1768500000,160.57,160.99,160.55,160.97,525,21,0
1768557600,160.38,160.40,158.91,158.97,1502,19,0
1768561200,158.97,159.05,158.33,158.49,1225,19,0
1768564800,158.49,158.75,158.13,158.15,2084,19,0
1768568400,158.17,158.61,158.11,158.43,1452,19,0
1768572000,158.43,158.75,158.23,158.63,1217,19,0
1768575600,158.63,159.15,158.59,159.11,1001,19,0
1768579200,159.13,159.33,158.61,158.87,1384,19,0
1768582800,158.85,159.95,158.73,159.51,1785,19,0
1768586400,159.51,159.53,159.21,159.27,596,19,0
1768816800,158.84,158.84,157.71,158.27,2570,21,0
1768820400,158.27,158.39,157.71,157.75,999,19,0
1768824000,157.75,158.01,157.43,157.43,825,19,0
1768827600,157.43,157.71,157.39,157.51,1254,19,0
1768831200,157.51,157.69,157.41,157.63,853,21,0
1768834800,157.63,157.87,157.51,157.55,1162,19,0
1768838400,157.53,157.55,157.01,157.01,1060,19,0
1768842000,157.01,157.03,156.43,156.61,1482,19,0
1768845600,156.61,157.19,156.43,156.55,672,19,0
1768903200,156.44,156.44,155.71,156.17,2147,19,0
1768906800,156.17,156.21,155.73,155.89,2134,19,0
1768910400,155.87,156.21,155.51,156.01,2006,19,0
1768914000,156.01,156.09,155.53,155.79,1303,19,0
1768917600,155.79,156.31,155.75,156.29,1059,19,0
1768921200,156.29,156.35,155.85,155.99,1779,19,0
1768924800,155.99,156.27,155.71,155.89,2530,19,0
1768928400,155.89,156.07,155.41,155.69,1680,19,0
1768932000,155.69,155.85,155.51,155.57,795,21,0
1768989600,156.04,156.31,155.47,155.53,2642,19,0
1768993200,155.51,155.63,155.15,155.39,1182,19,0
1768996800,155.39,155.71,155.19,155.31,1184,19,0
1769000400,155.29,155.47,155.21,155.23,983,19,0
1769004000,155.23,155.69,155.21,155.43,1104,19,0
1769007600,155.43,155.53,155.03,155.39,1200,19,0
1769011200,155.39,156.63,155.33,156.31,4749,19,0
1769014800,156.33,156.39,155.13,155.37,2183,19,0
1769018400,155.37,155.77,155.17,155.65,674,19,0
1769076000,157.41,157.97,156.73,157.03,2654,19,0
1769079600,157.03,157.47,156.67,157.43,1565,19,0
1769083200,157.43,157.59,156.67,156.81,1010,19,0
1769086800,156.81,157.17,156.69,156.91,931,19,0
1769090400,156.91,157.47,156.83,157.29,643,19,0
1769094000,157.29,157.35,156.91,157.11,550,19,0
1769097600,157.11,158.31,156.97,157.65,1660,19,0
1769101200,157.65,157.67,157.27,157.35,1672,19,0
1769104800,157.35,157.45,157.07,157.11,506,19,0
1769162400,156.99,156.99,156.01,156.77,2211,19,0
1769166000,156.77,157.33,156.41,156.43,930,19,0
1769169600,156.43,156.43,155.93,156.37,1097,19,0
1769173200,156.37,156.61,156.17,156.45,875,19,0
1769176800,156.45,156.65,156.33,156.45,495,19,0
1769180400,156.45,156.65,156.21,156.63,608,19,0
1769184000,156.63,156.85,156.23,156.67,864,19,0
1769187600,156.67,157.31,156.35,157.21,811,19,0
1769191200,157.21,157.41,157.15,157.27,327,19,0
1769421600,157.87,157.91,156.91,157.29,2048,19,0
1769425200,157.29,157.45,156.71,156.81,1203,19,0
1769428800,156.81,157.29,156.75,157.01,1570,19,0
1769432400,157.01,157.11,156.89,156.97,1082,19,0
1769436000,156.95,157.29,156.91,156.99,958,19,0
1769439600,156.99,157.55,156.99,157.47,691,19,0
1769443200,157.47,158.29,157.47,158.19,1808,19,0
1769446800,158.19,158.53,157.69,157.73,2342,19,0
1769450400,157.73,157.83,157.31,157.31,612,19,0
1769508000,157.47,157.47,156.47,156.57,1180,19,0
1769511600,156.57,156.89,156.55,156.81,644,19,0
1769515200,156.81,157.11,156.73,157.01,419,19,0
1769518800,157.01,157.29,156.91,157.13,435,21,0
1769522400,157.13,157.91,157.13,157.81,527,19,0
1769526000,157.81,158.21,157.79,158.05,1165,19,0
1769529600,158.05,158.31,157.11,157.37,2156,19,0
1769533200,157.35,157.55,156.93,157.25,1790,19,0
1769536800,157.25,157.29,156.97,156.99,843,19,0
1769594400,157.03,157.03,155.61,156.43,4622,19,0
1769598000,156.43,156.59,156.01,156.07,709,19,0
1769601600,156.07,156.25,155.87,155.91,1246,19,0
1769605200,155.91,156.03,155.41,155.75,616,19,0
1769608800,155.75,155.79,155.37,155.43,955,19,0
1769612400,155.43,155.53,155.13,155.29,753,19,0
1769616000,155.29,155.69,155.11,155.39,1570,19,0
1769619600,155.39,156.55,155.35,156.41,2534,19,0
1769623200,156.41,156.67,156.15,156.65,1124,19,0
1769680800,157.69,157.85,156.93,157.49,1530,21,0
1769684400,157.49,157.91,156.97,156.97,795,19,0
1769688000,156.97,158.23,156.91,158.09,1365,19,0
1769691600,158.09,158.11,157.45,157.67,915,19,0
1769695200,157.67,157.75,157.35,157.53,879,19,0
1769698800,157.53,158.21,157.45,158.21,1031,19,0
1769702400,158.21,158.37,157.49,157.51,1629,19,0
1769706000,157.53,158.65,157.15,158.49,2721,19,0
1769709600,158.49,158.79,158.01,158.03,1308,19,0
1769767200,158.26,158.26,157.17,157.27,2320,19,0
1769770800,157.27,157.61,157.07,157.17,1735,19,0
1769774400,157.19,157.55,157.17,157.27,2219,19,0
1769778000,157.27,157.89,157.23,157.87,1869,19,0
1769781600,157.87,158.31,157.83,158.23,2326,21,0
1769785200,158.23,158.35,157.91,157.95,1860,21,0
1769788800,157.95,158.35,157.77,158.17,1874,19,0
1769792400,158.17,158.57,157.73,157.79,1829,19,0
1769796000,157.79,158.21,157.79,157.91,514,19,0
1770026400,158.08,159.13,157.89,159.07,1734,19,0
1770030000,159.07,159.35,158.97,159.31,1282,19,0
1770033600,159.31,159.79,159.15,159.45,1060,19,0
1770037200,159.45,159.99,159.41,159.87,952,19,0
1770040800,159.87,160.07,159.65,159.99,799,21,0
1770044400,159.99,160.65,159.95,160.51,1171,19,0
1770048000,160.51,160.75,159.79,159.99,2045,19,0
1770051600,159.99,160.09,159.17,159.41,1554,19,0
1770055200,159.41,159.63,159.15,159.15,637,19,0
1770112800,159.84,159.95,158.91,159.65,2457,19,0
1770116400,159.65,159.71,158.73,159.01,1009,19,0
1770120000,159.01,159.33,158.71,158.81,789,19,0
1770123600,158.81,158.87,158.21,158.69,801,19,0
1770127200,158.61,158.99,158.47,158.53,1090,19,0
1770130800,158.55,158.67,158.17,158.21,539,21,0
1770134400,158.21,159.21,157.63,159.11,1535,19,0
1770138000,159.13,159.39,158.81,158.93,2058,19,0
1770141600,158.93,159.43,158.91,159.43,641,19,0
1770199200,159.93,162.03,159.93,161.81,3701,19,0
1770202800,161.83,162.75,161.47,162.37,2976,19,0
1770206400,162.37,164.57,162.31,164.15,3399,19,0
1770210000,164.17,165.55,163.83,165.09,3584,19,0
1770213600,165.09,165.31,164.47,164.57,2232,19,0
1770217200,164.57,165.83,164.57,165.57,1932,19,0
1770220800,165.57,167.43,165.49,167.05,5633,19,0
1770224400,167.05,168.23,166.61,168.05,5338,19,0
1770228000,168.05,168.37,167.67,168.09,1488,19,0
1770285600,168.13,169.29,167.19,167.61,4942,19,0
1770289200,167.61,167.79,166.55,167.11,2118,19,0
1770292800,167.11,167.51,166.13,166.31,1744,19,0
1770296400,166.31,166.63,166.11,166.47,1682,19,0
1770300000,166.45,166.87,166.39,166.47,1493,19,0
1770303600,166.47,167.35,166.45,167.31,1265,19,0
1770307200,167.31,167.77,166.51,166.97,3746,19,0
1770310800,166.95,168.03,166.91,167.77,2561,19,0
1770314400,167.77,167.87,167.53,167.71,757,19,0
1770372000,167.81,167.89,166.07,166.25,1947,19,0
1770375600,166.25,166.69,166.15,166.29,1371,19,0
1770379200,166.29,167.17,166.29,167.13,902,19,0
1770382800,167.13,167.49,167.01,167.41,681,19,0
1770386400,167.41,167.71,167.31,167.45,706,19,0
1770390000,167.45,167.75,167.43,167.51,748,19,0
1770393600,167.51,168.01,167.15,167.67,1707,19,0
1770397200,167.69,167.91,167.53,167.83,1738,19,0
1770400800,167.83,167.99,167.57,167.77,822,19,0
1770631200,167.11,167.47,166.17,166.19,2304,19,0
1770634800,166.19,166.53,166.13,166.37,934,19,0
1770638400,166.37,166.43,165.73,166.13,1112,19,0
1770642000,166.13,166.33,166.03,166.29,1183,21,0
1770645600,166.29,166.63,166.25,166.55,751,21,0
1770649200,166.55,166.83,166.37,166.67,954,19,0
1770652800,166.67,167.07,166.39,166.61,2889,19,0
1770656400,166.59,167.11,166.49,167.05,1806,19,0
1770660000,167.05,167.35,167.03,167.09,632,19,0
1770717600,167.51,169.21,166.71,167.93,4701,19,0
1770721200,167.93,168.51,167.89,168.49,1926,19,0
1770724800,168.49,169.13,167.75,167.85,2041,19,0
1770728400,167.85,168.43,167.63,168.21,1773,19,0
1770732000,168.21,168.59,167.97,168.35,1629,19,0
1770735600,168.35,168.59,168.11,168.51,1048,19,0
1770739200,168.49,169.55,168.35,169.49,2200,19,0
1770742800,169.49,169.57,168.45,168.49,2658,19,0
1770746400,168.49,169.13,168.43,168.95,502,19,0
1770804000,169.41,169.45,168.17,168.31,2012,19,0
1770807600,168.31,168.47,167.31,167.49,1619,19,0
1770811200,167.49,167.49,166.73,166.79,1753,19,0
1770814800,166.79,167.23,166.59,167.09,1048,19,0
1770818400,167.09,167.13,166.55,166.73,867,19,0
1770822000,166.73,167.55,166.71,166.99,1872,19,0
1770825600,166.99,167.31,166.31,167.19,2236,19,0
1770829200,167.19,168.41,167.07,167.97,3468,19,0
1770832800,167.97,168.43,167.77,167.89,1668,19,0
1770890400,168.75,168.75,167.03,167.97,5555,19,0
1770894000,167.97,168.41,167.67,167.75,2995,21,0
1770897600,167.75,167.87,167.11,167.15,2036,19,0
1770901200,167.15,167.19,166.83,166.99,1779,19,0
1770904800,166.99,167.43,166.85,167.23,1448,19,0
1770908400,167.23,167.51,167.11,167.29,1479,21,0
1770912000,167.29,168.29,167.11,168.23,2745,19,0
1770915600,168.23,168.47,167.27,168.45,2298,19,0
1770919200,168.45,168.45,167.87,168.23,999,19,0
1770976800,168.27,168.51,167.03,167.83,1494,19,0
1770980400,167.83,167.97,167.47,167.91,1176,19,0
1770984000,167.91,168.07,167.41,167.49,1458,19,0
1770987600,167.49,168.25,167.31,168.15,1835,19,0
1770991200,168.15,168.45,167.93,168.35,1259,19,0
1770994800,168.35,168.61,167.99,168.35,2457,19,0
1770998400,168.35,169.13,167.97,168.21,3766,19,0
1771002000,168.21,169.33,168.03,169.19,4619,19,0
1771005600,169.19,169.65,169.13,169.37,972,19,0
1771236000,169.20,169.29,168.21,169.23,1786,19,0
1771239600,169.25,169.73,168.97,168.99,829,19,0
1771243200,168.99,169.45,168.95,169.29,782,19,0
1771246800,169.29,169.77,169.23,169.75,495,19,0
1771250400,169.75,170.37,169.61,170.21,729,19,0
1771254000,170.21,170.67,170.05,170.31,796,19,0
1771257600,170.31,170.39,169.69,169.91,1715,19,0
1771261200,169.91,169.99,169.55,169.65,950,19,0
1771264800,169.65,169.75,169.51,169.59,598,19,0
1771322400,169.27,170.79,168.95,170.67,2761,19,0
1771326000,170.67,170.97,170.43,170.95,1129,21,0
1771329600,170.95,171.09,170.51,170.59,1111,19,0
1771333200,170.59,170.71,170.15,170.39,1021,19,0
1771336800,170.39,170.53,169.82,169.95,718,19,0
1771340400,169.95,170.55,169.79,170.49,973,19,0
1771344000,170.49,170.71,169.91,170.07,3289,19,0
1771347600,170.07,170.23,169.61,169.79,2076,19,0
1771351200,169.79,170.49,169.61,170.43,1822,19,0
1771408800,170.27,170.27,168.15,168.23,3327,19,0
1771412400,168.23,168.65,167.81,168.57,1281,19,0
1771416000,168.57,168.65,168.31,168.49,545,19,0
1771419600,168.49,168.53,167.83,168.03,757,21,0
1771423200,168.03,168.17,167.11,167.37,1071,19,0
1771426800,167.37,167.45,165.05,165.71,1439,19,0
1771430400,165.71,167.35,165.65,166.83,3624,19,0
1771434000,166.83,167.55,166.59,167.53,3299,19,0
1771437600,167.53,167.75,167.31,167.43,888,19,0
1771495200,167.23,167.95,166.31,166.53,3068,19,0
1771498800,166.53,167.35,166.53,166.73,1128,19,0
1771502400,166.73,166.77,165.93,166.01,931,19,0
1771506000,166.01,166.21,165.73,165.83,1019,19,0
1771509600,165.83,166.01,165.55,165.71,759,21,0
1771513200,165.73,166.61,165.71,166.59,1379,19,0
1771516800,166.59,167.37,166.51,167.17,2094,19,0
1771520400,167.15,167.71,166.73,167.07,1708,19,0
1771524000,167.07,167.43,166.91,167.39,610,19,0
1771581600,170.27,173.45,169.74,173.19,7887,19,0
1771585200,173.19,173.95,172.41,173.71,2846,19,0
1771588800,173.69,174.29,173.33,173.41,4705,19,0
1771592400,173.41,174.19,173.13,173.93,2136,19,0
1771596000,173.93,174.55,173.71,174.13,2295,19,0
1771599600,174.13,174.37,173.69,174.35,1606,19,0
1771603200,174.35,174.43,173.67,173.99,3327,19,0
1771606800,173.99,174.83,173.99,174.63,7722,19,0
1771610400,174.63,175.27,174.39,175.11,1204,19,0
1771840800,174.83,176.13,174.02,174.57,4407,21,0
1771844400,174.57,174.75,173.51,173.75,1359,19,0
1771848000,173.75,174.39,173.33,173.83,1875,19,0
1771851600,173.85,174.03,173.59,173.65,1261,19,0
1771855200,173.65,173.67,173.15,173.37,822,19,0
1771858800,173.37,173.93,173.15,173.85,956,19,0
1771862400,173.85,174.71,173.51,174.69,1998,19,0
1771866000,174.69,175.05,174.41,174.97,1665,19,0
1771869600,174.97,175.17,174.17,174.17,720,19,0
1771927200,174.91,175.75,174.69,175.59,3050,19,0
1771930800,175.59,176.63,175.43,176.63,1283,19,0
1771934400,176.63,177.23,176.53,177.07,2401,19,0
1771938000,177.09,177.35,176.91,177.09,1309,19,0
1771941600,177.09,177.15,176.43,176.59,876,19,0
1771945200,176.59,177.33,176.53,177.27,915,19,0
1771948800,177.27,177.61,176.61,177.05,2899,19,0
1771952400,177.05,177.49,176.65,176.81,1979,19,0
1771956000,176.81,176.81,176.43,176.63,1167,21,0
1772013600,177.24,178.37,176.77,177.97,3794,19,0
1772017200,177.99,178.05,177.35,177.49,1223,19,0
1772020800,177.49,177.77,177.43,177.77,2153,19,0
1772024400,177.77,178.23,177.65,178.15,1617,19,0
1772028000,178.13,178.65,178.13,178.55,1032,19,0
1772031600,178.55,178.89,178.51,178.89,722,19,0
1772035200,178.89,178.93,177.99,178.33,2538,19,0
1772038800,178.33,178.37,177.89,178.31,3249,19,0
1772042400,178.31,178.65,178.23,178.31,772,19,0
1772100000,178.17,178.69,177.81,178.59,4220,19,0
1772103600,178.59,179.59,178.59,179.29,1257,19,0
1772107200,179.29,179.73,179.29,179.47,1696,19,0
1772110800,179.47,179.61,179.15,179.57,1325,19,0
1772114400,179.57,179.69,179.21,179.41,1477,19,0
1772118000,179.41,179.51,178.93,179.03,2641,19,0
1772121600,179.01,179.45,178.65,179.19,4962,19,0
1772125200,179.19,179.31,178.73,179.01,3690,19,0
1772128800,179.01,179.05,178.79,178.93,945,19,0
1772186400,179.77,180.47,178.43,178.75,5324,19,0
1772190000,178.75,179.37,178.51,178.77,1695,19,0
1772193600,178.77,178.87,177.69,177.83,2086,19,0
1772197200,177.83,178.09,177.71,177.79,1538,19,0
1772200800,177.79,178.07,177.53,177.91,2046,19,0
1772204400,177.91,178.11,177.11,178.03,1935,19,0
1772208000,178.01,178.41,177.53,177.93,4997,19,0
1772211600,177.93,178.37,177.61,178.25,2052,19,0
1772215200,178.25,178.69,178.25,178.47,702,19,0
1772445600,174.31,176.21,173.20,175.93,5991,19,0
1772449200,175.93,177.17,175.43,177.03,1826,19,0
1772452800,177.05,177.25,176.41,176.69,1519,19,0
1772456400,176.69,177.19,176.59,176.79,975,19,0
1772460000,176.79,176.91,176.05,176.19,1516,19,0
1772463600,176.19,176.49,175.95,176.29,1128,19,0
1772467200,176.29,176.45,175.09,175.57,3463,19,0
1772470800,175.57,176.33,175.45,175.55,3036,19,0
1772474400,175.55,176.29,175.51,175.71,1357,19,0
1772532000,173.87,174.05,172.91,172.97,5443,19,0
1772535600,172.97,173.73,172.96,173.19,2576,19,0
1772539200,173.19,173.35,171.97,172.67,4078,19,0
1772542800,172.69,172.85,171.81,172.63,2674,19,0
1772546400,172.63,173.59,172.55,173.33,1486,19,0
1772550000,173.33,173.45,172.47,172.81,1660,19,0
1772553600,172.81,172.93,172.27,172.67,3010,19,0
1772557200,172.67,173.69,172.67,173.49,3119,19,0
1772560800,173.49,173.87,172.83,172.85,1625,19,0
1772618400,174.02,174.16,172.67,172.89,7366,19,0
1772622000,172.89,173.33,172.65,173.05,2348,19,0
1772625600,173.05,173.65,172.73,172.91,2952,19,0
1772629200,172.91,173.29,172.81,172.91,1393,19,0
1772632800,172.91,173.01,172.09,172.53,2321,19,0
1772636400,172.53,173.17,172.21,172.59,2542,19,0
1772640000,172.59,172.81,171.91,172.61,2794,19,0
1772643600,172.61,172.93,172.47,172.49,1912,19,0
1772647200,172.49,172.65,172.01,172.01,978,19,0
1772704800,170.97,171.77,170.45,171.75,7396,19,0
1772708400,171.75,172.81,171.59,172.47,3056,19,0
1772712000,172.47,172.69,172.25,172.45,1494,19,0
1772715600,172.45,172.63,172.09,172.13,1170,19,0
1772719200,172.13,172.33,171.71,171.79,1282,19,0
1772722800,171.79,171.97,171.05,171.15,1420,19,0
1772726400,171.15,171.45,170.89,171.39,3282,19,0
1772730000,171.41,171.63,170.73,171.19,3610,19,0
1772733600,171.19,171.33,169.93,170.03,3671,19,0
1772791200,170.84,170.84,169.43,170.01,4411,19,0
1772794800,170.01,170.03,168.39,168.79,2373,19,0
1772798400,168.79,169.17,168.17,168.17,2899,19,0
1772802000,168.17,168.23,166.61,166.73,2897,19,0
1772805600,166.73,167.19,166.51,166.93,1999,19,0
1772809200,166.93,167.43,166.03,166.15,2968,19,0
1772812800,166.15,166.39,165.41,165.73,4192,19,0
1772816400,165.73,167.35,165.73,166.75,2967,19,0
1772820000,166.75,167.03,166.39,166.57,1081,21,0
1773050400,165.02,165.02,162.61,163.21,6753,19,0
1773054000,163.19,164.57,162.53,164.23,2925,19,0
1773057600,164.23,164.37,163.79,164.21,2177,19,0
1773061200,164.19,164.49,163.83,164.35,1509,19,0
1773064800,164.35,164.79,163.97,164.19,1703,19,0
1773068400,164.19,165.35,164.19,164.93,2795,19,0
1773072000,164.95,165.17,163.91,164.91,3780,19,0
1773075600,164.91,165.49,164.85,165.15,1812,19,0
1773079200,165.15,165.35,164.73,164.99,1385,19,0
1773136800,166.26,167.27,165.73,165.79,4783,19,0
1773140400,165.79,167.15,165.65,166.27,1762,19,0
1773144000,166.27,167.07,166.07,166.63,1744,19,0
1773147600,166.63,167.33,166.27,166.37,1574,19,0
1773151200,166.37,166.69,165.91,166.57,1384,19,0
1773154800,166.57,166.97,166.23,166.45,1729,19,0
1773158400,166.45,168.01,166.25,167.81,1935,19,0
1773162000,167.81,168.07,167.35,167.45,2483,19,0
1773165600,167.45,167.53,166.87,166.91,1652,19,0
1773223200,166.89,166.89,165.07,165.13,4210,19,0
1773226800,165.13,165.35,164.51,164.83,2245,19,0
1773230400,164.83,166.33,164.79,166.31,2324,19,0
1773234000,166.31,166.57,165.63,165.91,1923,19,0
1773237600,165.91,166.27,165.41,165.85,2064,19,0
1773241200,165.85,166.29,165.67,165.99,1423,19,0
1773244800,165.99,166.97,165.79,166.83,3135,19,0
1773248400,166.83,166.83,166.07,166.39,1550,19,0
1773252000,166.39,166.55,166.11,166.25,961,19,0
1773309600,166.64,167.15,166.01,167.07,3112,19,0
1773313200,167.07,167.51,166.67,167.43,1433,19,0
1773316800,167.43,168.05,167.27,167.83,1429,19,0
1773320400,167.83,168.81,167.53,168.15,1237,19,0
1773324000,168.15,168.27,167.67,168.25,1526,19,0
1773327600,168.25,168.97,167.69,168.83,2460,19,0
1773331200,168.83,169.37,168.25,169.01,4593,19,0
1773334800,169.01,169.51,168.55,169.45,7257,19,0
1773338400,169.45,170.39,169.29,170.23,4479,19,0
1773396000,169.97,170.33,168.91,169.97,5169,19,0
1773399600,169.97,170.09,169.41,169.97,4343,19,0
1773403200,169.97,170.79,169.91,170.79,3361,19,0
1773406800,170.79,171.47,170.71,171.43,2091,19,0
1773410400,171.43,171.61,170.83,171.21,1115,19,0
1773414000,171.21,171.65,171.09,171.09,1506,19,0
1773417600,171.09,171.55,170.89,171.01,2338,19,0
1773421200,171.01,171.35,170.73,170.79,2103,19,0
1773424800,170.79,171.07,170.73,170.97,1279,19,0
1773655200,171.24,172.47,170.57,170.59,3163,19,0
1773658800,170.59,170.97,170.37,170.61,2738,19,0
1773662400,170.61,171.81,170.47,171.75,2110,19,0
1773666000,171.75,172.47,171.61,172.47,1399,19,0
1773669600,172.47,172.93,172.33,172.39,1578,19,0
1773673200,172.39,172.73,172.11,172.65,1305,19,0
1773676800,172.65,172.91,171.81,172.29,1891,19,0
1773680400,172.29,172.53,171.97,172.15,1082,19,0
1773684000,172.15,172.65,171.89,172.05,1255,19,0
1773741600,171.95,172.57,170.69,172.17,6440,19,0
1773745200,172.17,172.79,172.15,172.71,2874,19,0
1773748800,172.71,172.71,171.97,172.09,1855,19,0
1773752400,172.09,172.25,171.73,171.95,1545,19,0
1773756000,171.95,172.43,171.93,172.15,665,19,0
1773759600,172.15,172.57,171.89,171.97,1044,19,0
1773763200,171.97,172.75,171.81,172.75,1268,19,0
1773766800,172.75,172.79,172.15,172.45,1264,19,0
1773770400,172.45,172.49,172.03,172.05,922,19,0
1773828000,172.49,172.69,171.51,172.09,2653,19,0
1773831600,172.09,172.59,172.05,172.49,946,19,0
1773835200,172.49,172.77,171.85,171.97,936,19,0
1773838800,171.97,171.97,171.43,171.47,2184,19,0
1773842400,171.47,171.51,170.05,170.53,5702,19,0
1773846000,170.53,170.67,169.27,169.79,5323,19,0
1773849600,169.79,170.15,169.23,169.57,1710,19,0
1773853200,169.57,170.01,169.27,169.53,1566,19,0
1773856800,169.53,170.43,169.47,170.13,784,19,0
1773914400,169.38,169.38,167.94,168.19,9371,19,0
1773918000,168.19,169.05,167.95,169.03,10465,19,0
1773921600,169.01,169.03,167.93,168.07,2851,19,0
1773925200,168.07,168.93,168.05,168.61,1407,19,0
1773928800,168.61,168.63,167.55,167.79,1585,19,0
1773932400,167.79,168.21,167.07,167.69,4496,19,0
1773936000,167.69,168.15,167.45,167.73,6132,19,0
1773939600,167.73,168.87,167.73,168.65,3659,19,0
1773943200,168.65,168.81,167.83,168.07,1799,19,0
1774000800,168.61,169.41,168.23,168.93,6178,19,0
1774004400,168.91,169.13,168.06,168.93,11371,19,0
1774008000,168.93,169.21,167.89,168.21,10058,19,0
1774011600,168.31,169.65,168.03,169.49,2662,19,0
1774015200,169.49,169.91,169.29,169.75,2408,19,0
1774018800,169.75,170.07,169.37,169.69,3008,19,0
1774022400,169.69,169.71,167.95,168.19,4668,19,0
1774026000,168.19,168.71,167.65,167.85,3907,19,0
1774029600,167.85,168.19,166.69,166.79,1498,19,0
1774260000,166.84,166.84,163.73,164.35,14521,19,0
1774263600,164.35,164.81,163.63,164.05,6745,19,0
1774267200,164.05,164.45,163.43,163.93,3854,19,0
1774270800,163.93,170.67,163.91,167.61,34087,19,0
1774274400,167.61,169.27,166.97,168.97,15011,19,0
1774278000,168.97,169.45,167.63,168.53,19064,19,0
1774281600,168.55,168.93,167.47,168.07,12690,19,0
1774285200,168.07,168.89,165.73,165.89,6488,19,0
1774288800,165.89,166.29,165.25,165.25,4803,19,0
1774346400,167.44,167.44,166.13,166.57,5554,19,0
1774350000,166.57,167.73,166.45,167.63,2683,19,0
1774353600,167.63,168.01,167.21,167.89,1707,19,0
1774357200,167.89,168.29,167.65,168.27,2081,19,0
1774360800,168.27,168.31,167.41,167.51,1970,19,0
1774364400,167.51,167.57,166.85,167.55,8173,19,0
1774368000,167.55,168.67,167.51,168.23,8248,19,0
1774371600,168.34,169.23,168.21,168.59,4201,19,0
1774375200,168.59,169.15,168.45,168.93,2400,19,0
1774432800,171.01,171.83,170.19,171.55,4415,19,0
1774436400,171.55,171.99,171.37,171.91,2212,19,0
1774440000,171.91,172.37,171.75,172.23,1734,19,0
1774443600,172.23,172.49,171.91,172.29,2013,19,0
1774447200,172.29,172.39,171.11,171.89,2484,19,0
1774450800,171.89,172.05,170.97,171.17,3049,19,0
1774454400,171.17,172.05,171.07,171.65,3216,19,0
1774458000,171.65,171.75,171.01,171.23,2630,19,0
1774461600,171.23,171.27,170.39,170.71,1578,19,0
1774519200,170.27,171.29,170.17,171.09,3363,19,0
1774522800,171.09,171.13,170.43,170.77,1628,19,0
1774526400,170.77,171.33,170.61,171.17,1370,19,0
1774530000,171.17,171.49,171.11,171.29,958,19,0
1774533600,171.29,171.87,171.23,171.69,1017,19,0
1774537200,171.69,172.45,171.39,172.37,2353,19,0
1774540800,172.37,172.59,171.93,172.23,3000,19,0
1774544400,172.23,172.25,171.37,171.63,1975,19,0
1774548000,171.63,171.83,170.89,171.09,2067,19,0
1774605600,172.73,172.73,171.53,171.75,4564,19,0
1774609200,171.75,172.31,171.47,171.85,4316,19,0
1774612800,171.87,172.57,171.75,171.93,4570,19,0
1774616400,171.93,173.01,171.73,172.79,3195,19,0
1774620000,172.79,173.19,172.65,172.97,2383,19,0
1774623600,172.97,173.39,172.55,173.09,3426,19,0
1774627200,173.09,173.61,172.85,173.41,3836,19,0
1774630800,173.41,173.97,173.01,173.05,2771,19,0
1774634400,173.05,173.11,172.63,172.99,1266,19,0
1774864800,173.13,173.45,172.67,173.45,4063,19,0
1774868400,173.45,174.35,173.33,174.25,2265,19,0
1774872000,174.23,174.29,173.17,173.47,1257,19,0
1774875600,173.45,173.81,173.37,173.77,1349,19,0
1774879200,173.77,175.07,173.77,174.21,3385,19,0
1774882800,174.21,174.69,174.09,174.57,1189,19,0
1774886400,174.57,175.31,174.39,175.03,1944,19,0
1774890000,175.03,175.83,174.91,175.75,3173,19,0
1774893600,175.75,176.27,175.73,175.97,1008,19,0
1774951200,177.69,178.39,176.83,178.17,6058,19,0
1774954800,178.15,178.33,177.77,177.91,3643,19,0
1774958400,177.91,178.31,177.77,178.29,1765,19,0
1774962000,178.29,178.51,177.77,178.45,3043,19,0
1774965600,178.45,179.17,178.23,178.57,2962,19,0
1774969200,178.57,178.75,178.21,178.39,2056,19,0
1774972800,178.39,178.99,178.17,178.61,3311,19,0
1774976400,178.61,178.79,178.25,178.71,2364,19,0
1774980000,178.71,179.01,178.21,178.21,1291,19,0
1775037600,178.35,178.73,177.45,178.49,5025,19,0
1775041200,178.49,179.19,178.39,178.89,4046,19,0
1775044800,178.89,179.15,178.67,178.87,3994,19,0
1775048400,178.87,179.83,178.81,179.61,3050,19,0
1775052000,179.61,179.95,179.09,179.87,2372,19,0
1775055600,179.87,179.97,179.31,179.41,4359,19,0
1775059200,179.41,179.71,178.93,179.21,3200,19,0
1775062800,179.21,179.73,178.65,179.43,3938,19,0
1775066400,179.43,179.69,179.31,179.37,1629,19,0
1775124000,178.91,179.81,177.61,179.81,7258,19,0
1775127600,179.81,180.19,179.53,180.05,3732,19,0
1775131200,180.05,180.13,179.27,179.45,1214,19,0
1775134800,179.45,179.47,178.45,178.81,1391,19,0
1775138400,178.81,179.03,178.63,178.79,1230,19,0
1775142000,178.79,178.89,178.35,178.75,1738,19,0
1775145600,178.77,179.85,178.43,179.77,3956,19,0
1775149200,179.77,181.19,179.45,180.83,5996,19,0
1775152800,180.83,180.89,180.41,180.45,2596,19,0
1775556000,180.81,181.99,180.61,181.75,5185,19,0
1775559600,181.75,182.89,181.75,182.59,6678,19,0
1775563200,182.57,182.97,182.43,182.89,5438,19,0
1775566800,182.89,182.95,181.95,181.99,10407,19,0
1775570400,181.99,182.19,181.71,181.95,5590,19,0
1775574000,181.93,182.39,181.53,181.79,6014,19,0
1775577600,181.79,182.03,181.49,181.67,7327,19,0
1775581200,181.67,182.55,181.41,181.41,5358,19,0
1775584800,181.43,181.67,180.77,181.25,1784,19,0
1775642400,184.35,184.35,181.97,182.37,13588,19,0
1775646000,182.37,182.45,180.77,181.13,8442,19,0
1775649600,181.13,182.21,181.11,181.67,5856,19,0
1775653200,181.67,182.43,181.33,182.17,4278,19,0
1775656800,182.17,182.41,181.89,182.25,4538,19,0
1775660400,182.25,182.49,181.55,181.93,3799,19,0
1775664000,181.95,183.27,181.71,183.23,8294,19,0
1775667600,183.23,183.87,182.75,183.31,5237,19,0
1775671200,183.31,183.71,183.05,183.35,1788,19,0
1775728800,184.25,185.63,183.76,185.29,4686,19,0
1775732400,185.29,185.87,185.13,185.71,1311,19,0
1775736000,185.71,186.43,185.59,186.23,1113,19,0
1775739600,186.23,186.29,185.19,185.23,1289,19,0
1775743200,185.23,185.63,185.17,185.51,1451,19,0
1775746800,185.51,186.21,185.47,186.13,1919,19,0
1775750400,186.13,186.97,185.63,186.85,2632,19,0
1775754000,186.83,186.85,185.81,185.99,1680,19,0
1775757600,185.99,186.39,185.93,186.35,1025,19,0
1775815200,186.83,187.61,186.45,187.27,3130,19,0
1775818800,187.27,187.63,187.03,187.31,2357,19,0
1775822400,187.31,188.13,187.31,187.99,3259,19,0
1775826000,187.99,188.73,187.87,188.65,1569,19,0
1775829600,188.65,188.75,188.51,188.55,1569,19,0
1775833200,188.55,188.65,187.73,187.97,2188,19,0
1775836800,187.97,188.43,187.93,188.23,2175,19,0
1775840400,188.23,188.59,187.89,188.05,1671,19,0
1775844000,188.05,188.41,187.87,188.15,633,19,0
1776074400,187.84,187.84,186.15,187.51,3325,19,0
1776078000,187.51,187.87,187.39,187.81,2295,19,0
1776081600,187.81,188.05,187.75,187.81,1879,19,0
1776085200,187.81,187.83,187.33,187.57,1772,19,0
1776088800,187.57,187.69,187.03,187.17,2400,19,0
1776092400,187.17,187.43,186.95,187.41,1711,19,0
1776096000,187.41,187.99,187.27,187.93,3328,19,0
1776099600,187.93,188.27,187.57,187.59,3503,19,0
1776103200,187.59,187.93,187.37,187.61,1990,19,0
1776160800,187.61,188.03,186.83,187.87,5005,19,0
1776164400,187.87,188.35,187.63,188.25,2643,19,0
1776168000,188.25,188.37,188.05,188.27,2177,19,0
1776171600,188.27,188.27,187.69,188.01,949,19,0
1776175200,188.01,188.21,187.61,187.79,1526,19,0
1776178800,187.79,188.25,187.55,187.83,1920,19,0
1776182400,187.83,188.27,187.31,188.27,4424,19,0
1776186000,188.27,188.31,186.99,187.29,3214,19,0
1776189600,187.29,187.65,187.23,187.43,1054,19,0
1776247200,187.24,187.47,186.47,187.39,3517,19,0
1776250800,187.39,187.67,187.01,187.65,1506,19,0
1776254400,187.65,187.79,187.19,187.27,1300,19,0
1776258000,187.27,187.81,187.27,187.57,1663,19,0
1776261600,187.57,188.35,187.53,188.17,939,19,0
1776265200,188.17,188.27,187.47,187.73,1173,19,0
1776268800,187.73,187.95,187.39,187.55,2083,19,0
1776272400,187.53,187.65,187.05,187.53,1592,19,0
1776276000,187.53,187.63,187.27,187.37,1103,19,0
1776333600,187.68,188.29,187.29,187.65,4290,19,0
1776337200,187.65,187.69,187.19,187.63,2538,19,0
1776340800,187.63,187.77,187.29,187.49,1597,19,0
1776344400,187.49,187.87,187.43,187.81,1369,19,0
1776348000,187.81,187.81,187.29,187.29,1034,19,0
1776351600,187.29,187.37,185.97,186.45,1717,19,0
1776355200,186.45,187.43,186.07,187.43,3395,19,0
1776358800,187.43,187.53,186.77,187.05,3569,19,0
1776362400,187.05,187.23,186.59,186.61,1469,19,0
1776420000,186.15,187.07,186.15,186.69,2124,19,0
1776423600,186.69,186.85,186.35,186.47,1444,19,0
1776427200,186.47,186.69,186.19,186.59,1639,19,0
1776430800,186.59,186.73,186.29,186.61,723,19,0
1776434400,186.61,186.69,186.31,186.49,683,19,0
1776438000,186.49,187.39,186.33,186.97,5307,19,0
1776441600,186.97,187.57,185.81,186.41,8440,19,0
1776445200,186.41,187.01,186.13,186.73,5182,19,0
1776448800,186.73,186.81,185.69,185.73,2809,19,0
1776679200,186.30,186.30,184.91,186.03,2722,19,0
1776682800,186.03,186.21,185.71,185.79,983,19,0
1776686400,185.79,186.19,185.61,186.13,713,19,0
1776690000,186.13,186.29,185.85,186.17,684,19,0
1776693600,186.17,186.33,185.75,185.97,655,19,0
1776697200,185.97,186.09,185.53,185.63,772,19,0
1776700800,185.63,186.51,185.45,186.37,1253,19,0
1776704400,186.35,186.41,185.65,186.23,1717,19,0
1776708000,186.23,186.69,186.17,186.45,734,19,0
1776765600,186.53,187.35,186.33,186.99,2132,19,0
1776769200,186.99,187.35,186.73,187.01,1567,19,0
1776772800,187.01,187.39,186.83,187.15,1481,19,0
1776776400,187.15,187.19,186.41,186.55,941,21,0
1776780000,186.55,186.71,186.39,186.53,654,19,0
1776783600,186.53,186.73,186.45,186.63,654,19,0
1776787200,186.63,186.79,186.27,186.39,2007,19,0
1776790800,186.39,186.53,186.11,186.45,1721,19,0
1776794400,186.45,186.59,186.13,186.25,1655,19,0
1776852000,186.26,187.47,185.64,187.19,1976,19,0
1776855600,187.19,187.29,186.63,186.73,1047,19,0
1776859200,186.73,186.87,186.29,186.43,866,19,0
1776862800,186.43,186.47,185.79,186.17,846,19,0
1776866400,186.17,186.27,185.75,185.93,751,19,0
1776870000,185.93,186.29,185.85,186.09,822,19,0
1776873600,186.09,186.63,186.03,186.47,1641,19,0
1776877200,186.47,186.97,186.21,186.25,2628,19,0
1776880800,186.25,186.47,186.13,186.43,2357,19,0
1776938400,185.58,186.77,185.41,186.73,2462,19,0
1776942000,186.73,187.11,186.13,186.15,1613,19,0
1776945600,186.15,186.41,185.73,185.99,1229,19,0
1776949200,185.99,186.41,185.67,186.33,826,19,0
1776952800,186.33,186.57,186.17,186.45,859,19,0
1776956400,186.45,186.77,185.89,186.43,1374,19,0
1776960000,186.43,187.37,186.31,187.35,2055,19,0
1776963600,187.35,187.89,187.19,187.73,1026,19,0
1776967200,187.73,187.89,187.49,187.75,664,21,0
1777024800,187.61,189.09,187.09,188.91,2305,19,0
1777028400,188.91,189.11,188.43,188.69,3068,19,0
1777032000,188.69,189.05,188.45,188.67,2010,19,0
1777035600,188.67,189.23,188.59,189.17,940,19,0
1777039200,189.17,189.47,188.75,188.79,1995,19,0
1777042800,188.79,188.89,187.95,188.11,973,19,0
1777046400,188.11,188.69,187.95,188.59,1610,19,0
1777050000,188.59,189.01,188.35,188.57,2241,19,0
1777053600,188.57,188.71,188.23,188.27,748,19,0
1777284000,187.89,187.89,186.92,187.45,1238,19,0
1777287600,187.45,187.93,187.17,187.59,1663,19,0
1777291200,187.59,189.01,187.59,188.85,837,19,0
1777294800,188.85,189.39,188.61,189.31,945,19,0
1777298400,189.31,189.59,189.21,189.55,672,19,0
1777302000,189.55,189.69,188.95,189.15,1074,19,0
1777305600,189.15,189.29,188.51,188.83,1965,19,0
1777309200,188.83,188.89,188.21,188.27,2048,19,0
1777312800,188.27,188.37,187.67,187.97,1195,19,0
1777370400,187.51,187.51,180.31,182.19,12065,19,0
1777374000,182.19,182.77,177.77,178.39,10287,19,0
1777377600,178.39,180.63,178.21,179.05,6876,19,0
1777381200,179.05,180.75,178.77,180.59,3034,19,0
1777384800,180.59,180.91,179.79,180.45,3768,19,0
1777388400,180.45,180.79,179.27,179.73,5204,19,0
1777392000,179.73,180.39,179.25,180.05,7093,19,0
1777395600,180.05,180.75,179.45,180.69,5373,19,0
1777399200,180.69,181.47,180.61,181.15,2201,19,0
1777456800,181.55,181.62,179.93,180.03,2946,19,0
1777460400,180.03,181.03,180.03,180.61,2000,19,0
1777464000,180.61,181.07,180.53,180.99,1179,19,0
1777467600,180.99,181.47,180.91,180.99,918,19,0
1777471200,180.99,181.63,180.93,181.51,970,19,0
1777474800,181.51,181.59,180.45,180.85,1243,19,0
1777478400,180.85,181.23,180.31,180.49,2265,19,0
1777482000,180.49,181.05,180.37,180.55,2640,19,0
1777485600,180.55,180.73,180.11,180.47,934,19,0
1777543200,180.41,180.79,179.89,180.73,2327,19,0
1777546800,180.73,180.89,180.33,180.47,1031,19,0
1777550400,180.47,181.27,180.39,181.11,1736,19,0
1777554000,181.11,181.91,181.03,181.83,1139,19,0
1777557600,181.83,182.49,181.83,182.23,1187,19,0
1777561200,182.23,182.59,181.83,181.89,1015,19,0
1777564800,181.89,182.13,181.63,181.99,2005,19,0
1777568400,181.99,182.85,181.29,182.57,4286,19,0
1777572000,182.55,182.63,182.31,182.41,1858,19,0
1777888800,182.88,182.88,180.47,180.61,1913,21,0
1777892400,180.63,181.47,180.41,180.47,1491,19,0
1777896000,180.47,181.39,180.45,181.19,941,19,0
1777899600,181.19,181.33,179.75,180.27,3399,19,0
1777903200,180.27,180.67,180.11,180.53,1377,19,0
1777906800,180.53,180.65,180.11,180.51,1659,19,0
1777910400,180.51,180.51,178.97,179.01,2535,19,0
1777914000,179.01,179.09,178.53,178.77,2791,19,0
1777917600,178.77,178.79,176.63,177.01,2573,19,0
1777975200,178.52,178.59,177.23,178.23,3461,19,0
1777978800,178.23,178.45,177.91,178.31,1637,19,0
1777982400,178.31,178.55,177.91,178.39,1257,19,0
1777986000,178.39,178.53,178.03,178.33,828,19,0
1777989600,178.33,178.43,177.43,177.61,1251,19,0
1777993200,177.61,177.75,177.13,177.27,1682,19,0
1777996800,177.27,178.45,177.21,178.39,1665,19,0
1778000400,178.39,179.53,178.31,179.37,2754,19,0
1778004000,179.37,179.87,179.31,179.79,1094,19,0
1778061600,179.81,181.47,179.79,181.43,3370,19,0
1778065200,181.43,181.97,180.69,181.35,5523,19,0
1778068800,181.35,181.63,180.97,181.05,2683,19,0
1778072400,181.05,181.51,180.83,181.03,2175,19,0
1778076000,181.03,181.11,180.03,180.69,2653,19,0
1778079600,180.69,181.09,180.30,180.65,2884,19,0
1778083200,180.65,181.17,180.25,180.99,3284,19,0
1778086800,181.01,181.53,180.97,181.19,2636,19,0
1778090400,181.19,181.33,180.91,180.93,1221,19,0
1778148000,181.09,181.09,177.73,178.07,3218,19,0
1778151600,178.07,178.21,177.47,177.59,1299,19,0
1778155200,177.59,177.91,177.45,177.75,921,19,0
1778158800,177.75,177.81,177.43,177.47,706,19,0
1778162400,177.47,177.59,177.19,177.23,589,19,0
1778166000,177.23,177.49,177.11,177.33,1185,19,0
1778169600,177.33,177.55,176.77,176.83,1490,19,0
1778173200,176.83,176.85,175.77,175.91,1606,19,0
1778176800,175.93,176.39,175.67,175.79,1246,19,0
1778234400,175.41,175.79,174.95,175.69,3177,19,0
1778238000,175.69,175.73,174.99,175.09,997,19,0
1778241600,175.11,176.01,174.95,175.23,1408,19,0
1778245200,175.23,175.71,175.17,175.53,716,19,0
1778248800,175.53,175.77,175.23,175.73,788,19,0
1778252400,175.73,175.81,175.19,175.33,1083,19,0
1778256000,175.33,176.13,175.15,176.09,1021,19,0
1778259600,176.09,176.09,175.11,175.23,1325,19,0
1778263200,175.23,175.31,174.91,175.03,794,19,0
1778493600,175.80,175.80,174.43,174.85,2405,19,0
1778497200,174.85,175.31,174.57,174.87,1156,19,0
1778500800,174.87,175.35,174.73,175.09,741,19,0
1778504400,175.07,175.13,174.19,174.25,870,19,0
1778508000,174.25,174.69,174.19,174.69,829,19,0
1778511600,174.69,175.55,174.57,175.39,1108,19,0
1778515200,175.39,175.85,175.31,175.71,1530,19,0
1778518800,175.71,176.13,175.45,175.57,1530,19,0
1778522400,175.57,175.87,175.43,175.69,703,19,0
1778580000,175.48,176.55,175.11,175.83,2381,19,0
1778583600,175.83,176.03,175.53,175.71,1442,19,0
1778587200,175.71,175.95,175.51,175.79,1223,19,0
1778590800,175.79,176.01,175.69,175.89,714,19,0
1778594400,175.89,176.83,175.79,176.51,1126,19,0
1778598000,176.51,176.75,176.35,176.45,1490,19,0
1778601600,176.45,176.55,175.41,175.75,1735,19,0
1778605200,175.75,175.79,175.29,175.57,1255,19,0
1778608800,175.57,175.63,175.15,175.61,738,19,0
1778666400,177.17,177.51,176.55,176.75,3677,19,0
1778670000,176.75,176.93,176.43,176.55,1099,19,0
1778673600,176.55,176.81,176.05,176.17,1046,19,0
1778677200,176.17,176.21,175.75,175.85,700,19,0
1778680800,175.85,176.07,175.57,176.01,567,19,0
1778684400,176.01,176.33,175.93,176.33,995,19,0
1778688000,176.33,177.39,176.09,177.19,1528,19,0
1778691600,177.19,177.43,176.75,177.17,1312,19,0
1778695200,177.17,177.37,176.83,176.93,745,19,0
1778752800,178.35,178.50,177.31,177.41,1789,19,0
1778756400,177.41,177.91,177.37,177.59,958,19,0
1778760000,177.59,178.19,177.53,178.19,669,19,0
1778763600,178.19,178.61,178.07,178.43,751,19,0
1778767200,178.43,179.27,178.43,179.17,577,21,0
1778770800,179.17,179.75,178.03,178.43,1173,19,0
1778774400,178.43,178.45,177.71,177.87,855,19,0
1778778000,177.77,178.31,177.71,178.09,1082,19,0
1778781600,178.09,178.29,177.87,178.01,506,19,0
1778839200,178.20,178.75,177.62,178.19,2675,19,0
1778842800,178.19,178.29,177.41,177.45,1567,19,0
1778846400,177.45,177.75,177.35,177.59,1439,19,0
1778850000,177.59,177.71,177.07,177.53,1676,19,0
1778853600,177.53,177.65,177.13,177.29,1093,19,0
1778857200,177.29,177.63,177.05,177.57,1091,19,0
1778860800,177.57,177.79,177.15,177.27,1872,19,0
1778864400,177.27,177.35,176.69,176.83,1505,19,0
1778868000,176.83,176.97,176.13,176.29,1029,19,0
1779098400,178.09,178.09,170.93,171.11,2922,19,0
1779102000,171.11,172.19,171.07,172.13,1135,19,0
1779105600,172.13,172.63,171.89,172.27,918,19,0
1779109200,172.27,172.41,171.83,171.87,844,19,0
1779112800,171.87,172.75,171.71,172.45,2041,19,0
1779116400,172.45,173.59,172.37,173.59,1484,19,0
1779120000,173.59,174.41,173.45,174.33,2583,19,0
1779123600,174.33,175.01,173.57,174.89,2680,19,0
1779127200,174.89,174.91,173.95,174.39,2444,19,0
1779184800,174.51,174.97,174.07,174.69,2920,19,0
1779188400,174.69,174.85,174.23,174.61,1638,19,0
1779192000,174.59,174.73,173.95,174.29,1540,19,0
1779195600,174.29,174.67,174.17,174.17,1656,19,0
1779199200,174.17,174.33,174.03,174.13,563,19,0
1779202800,174.13,174.83,174.03,174.61,881,19,0
1779206400,174.61,174.65,173.23,173.43,2234,19,0
1779210000,173.43,173.99,173.11,173.45,2331,19,0
1779213600,173.45,174.09,173.39,173.83,1300,19,0
1779271200,173.66,174.37,173.20,173.49,2116,19,0
1779274800,173.49,174.77,173.39,174.55,1752,19,0
1779278400,174.55,175.19,174.53,175.13,1018,19,0
1779282000,175.13,176.41,175.07,175.81,1596,19,0
1779285600,175.81,176.49,175.75,176.05,936,19,0
1779289200,176.05,176.81,175.99,176.43,994,19,0
1779292800,176.43,177.17,176.13,177.13,2179,19,0
1779296400,177.13,177.41,176.53,176.87,4638,19,0
1779300000,176.87,177.73,176.71,176.77,2130,19,0
1779357600,177.13,178.39,176.73,177.77,3252,19,0
1779361200,177.77,178.59,177.77,177.97,1647,19,0
1779364800,177.97,179.03,177.79,178.81,1576,19,0
1779368400,178.81,179.69,178.35,178.65,2686,19,0
1779372000,178.67,178.85,178.31,178.39,1460,19,0
1779375600,178.39,179.01,178.15,178.67,2125,19,0
1779379200,178.67,179.17,178.07,179.11,2643,19,0
1779382800,179.11,180.09,179.11,180.03,2833,19,0
1779386400,180.03,180.23,179.83,180.05,1268,19,0
1779444000,180.07,181.03,179.51,180.87,3392,19,0
1779447600,180.87,180.89,180.01,180.05,1558,19,0
1779451200,180.05,180.71,179.91,180.41,1155,19,0
1779454800,180.41,180.81,180.37,180.63,656,21,0
1779458400,180.63,181.31,180.59,181.17,1082,19,0
1779462000,181.17,181.65,181.11,181.61,1571,19,0
1779465600,181.61,182.43,181.23,182.09,1883,19,0
1779469200,182.09,182.11,180.73,180.73,1593,19,0
1779472800,180.73,181.27,180.55,181.09,905,19,0
1779703200,181.67,182.17,181.11,181.85,1744,19,0
1779706800,181.87,182.89,181.77,182.81,936,19,0
1779710400,182.81,183.27,182.69,183.17,1247,19,0
1779714000,183.17,183.49,183.09,183.39,1367,19,0
1779717600,183.39,183.67,183.15,183.55,1167,19,0
1779721200,183.55,183.89,183.45,183.77,1493,19,0
1779724800,183.77,184.05,183.57,183.85,1463,19,0
1779728400,183.83,184.17,183.71,183.95,1872,19,0
1779732000,183.95,184.09,183.57,183.63,1532,19,0
1779789600,184.13,184.17,183.45,183.87,2620,19,0
1779793200,183.87,183.91,182.77,182.79,1244,19,0
1779796800,182.79,183.35,182.61,182.61,977,19,0
1779800400,182.61,183.19,182.53,182.65,1137,19,0
1779804000,182.65,182.67,182.21,182.59,932,19,0
1779807600,182.59,183.07,182.57,182.91,1281,19,0
1779811200,182.91,183.37,182.89,182.97,2116,19,0
1779814800,182.97,183.17,181.53,181.79,1743,19,0
1779818400,181.79,182.23,181.43,182.07,1059,19,0
1779876000,183.02,184.09,182.95,182.97,3909,19,0
1779879600,182.97,183.49,182.87,183.37,1336,19,0
1779883200,183.37,184.75,183.33,184.41,1847,19,0
1779886800,184.41,184.81,184.35,184.59,1504,19,0
1779890400,184.59,184.65,184.13,184.41,1600,19,0
1779894000,184.41,184.43,183.63,183.83,2411,19,0
1779897600,183.83,184.53,183.61,183.85,5337,19,0
1779901200,183.85,183.97,183.29,183.69,3917,19,0
1779904800,183.69,183.71,183.05,183.23,1957,19,0
1779962400,183.06,183.06,181.97,182.57,2286,19,0
1779966000,182.57,183.27,182.47,183.13,1154,19,0
1779969600,183.13,183.83,183.13,183.59,1177,19,0
1779973200,183.59,183.95,183.37,183.43,1499,19,0
1779976800,183.43,183.69,183.25,183.29,658,19,0
1779980400,183.29,183.29,182.61,182.91,853,19,0
1779984000,182.91,182.99,182.35,182.39,1734,19,0
1779987600,182.39,182.69,181.29,181.45,2968,19,0
1779991200,181.45,182.19,181.45,182.09,909,19,0
1780048800,182.61,182.69,181.57,182.19,2012,19,0
1780052400,182.19,182.63,181.77,181.91,1226,19,0
1780056000,181.93,182.17,181.61,181.69,1456,19,0
1780059600,181.69,181.75,181.21,181.43,992,19,0
1780063200,181.43,181.57,180.73,180.95,969,19,0
1780066800,180.95,181.35,180.63,181.33,1034,19,0
1780070400,181.33,181.65,179.73,179.81,1639,19,0
1780074000,179.81,179.99,179.37,179.41,2303,19,0
1780077600,179.41,179.47,178.25,178.25,1353,19,0
1780308000,177.57,177.97,176.55,177.71,2429,19,0
1780311600,177.71,177.79,177.35,177.73,1215,19,0
1780315200,177.73,177.87,177.03,177.17,960,19,0
1780318800,177.17,177.39,177.03,177.19,815,19,0
1780322400,177.19,177.81,177.13,177.53,717,19,0
1780326000,177.53,178.09,177.51,177.87,901,19,0
1780329600,177.87,177.89,176.45,176.79,3875,19,0
1780333200,176.79,177.11,176.29,176.43,2616,19,0
1780336800,176.43,177.01,176.31,176.89,1114,19,0
1780394400,177.80,177.99,176.81,177.83,2832,19,0
1780398000,177.83,178.03,177.53,177.63,1180,19,0
1780401600,177.63,177.77,177.19,177.69,747,19,0
1780405200,177.69,177.87,177.43,177.61,636,19,0
1780408800,177.61,177.95,177.47,177.77,812,19,0
1780412400,177.77,178.31,177.65,178.17,888,19,0
1780416000,178.17,178.21,176.25,176.61,2465,19,0
1780419600,176.61,177.33,176.55,176.71,1834,19,0
1780423200,176.71,176.85,176.43,176.45,999,19,0
1780480800,175.41,180.01,175.41,178.69,4728,19,0
1780484400,178.69,179.07,178.07,178.79,1812,19,0
1780488000,178.79,181.93,178.45,180.51,3790,19,0
1780491600,180.51,180.75,179.99,180.45,1370,19,0
1780495200,180.45,180.47,179.79,180.07,1465,19,0
1780498800,180.07,180.15,179.51,179.63,1301,19,0
1780502400,179.63,180.13,178.33,179.73,3507,19,0
1780506000,179.73,180.17,179.21,179.29,2635,19,0
1780509600,179.29,180.27,179.27,180.23,1122,19,0
1780567200,180.09,180.85,179.05,180.53,3617,19,0
1780570800,180.53,181.03,180.41,181.01,1082,19,0
1780574400,181.01,181.29,180.69,181.13,1035,19,0
1780578000,181.13,181.15,180.37,180.87,908,19,0
1780581600,180.87,181.81,180.87,181.49,1238,19,0
1780585200,181.49,181.83,181.35,181.61,978,19,0
1780588800,181.61,182.25,181.47,182.01,2068,19,0
1780592400,182.01,182.05,180.83,180.95,2223,19,0
1780596000,180.93,181.49,180.73,181.03,1285,19,0
1780653600,181.91,182.93,181.91,182.47,2759,19,0
1780657200,182.47,182.91,182.39,182.73,1284,19,0
1780660800,182.73,183.05,182.41,182.91,1742,19,0
1780664400,182.89,183.61,182.75,183.51,797,19,0
1780668000,183.51,183.57,183.07,183.49,1289,19,0
1780671600,183.51,183.97,183.41,183.89,1368,19,0
1780675200,183.89,184.09,183.35,183.83,2444,19,0
1780678800,183.83,183.89,183.03,183.51,1826,19,0
1780682400,183.51,183.61,182.83,183.11,1294,19,0
1780912800,166.40,167.91,164.71,164.95,8441,19,0
1780916400,164.95,166.45,164.93,166.39,3101,19,0
1780920000,166.39,166.61,164.81,165.01,1805,19,0
1780923600,165.01,165.49,164.57,164.61,1549,19,0
1780927200,164.61,165.27,164.47,164.69,1653,19,0
1780930800,164.69,165.09,164.45,164.83,1272,19,0
1780934400,164.83,166.01,164.51,165.95,1882,19,0
1780938000,165.95,166.03,165.05,165.71,2422,19,0
1780941600,165.71,165.77,165.47,165.49,693,19,0
1780999200,165.29,166.13,164.41,165.85,3836,19,0
1781002800,165.85,166.69,165.63,166.23,2505,19,0
1781006400,166.23,166.59,166.05,166.35,2340,19,0
1781010000,166.33,166.53,165.83,165.93,1866,19,0
1781013600,165.93,166.99,165.91,166.93,2113,19,0
1781017200,166.93,167.19,166.59,167.03,1596,19,0
1781020800,167.01,167.79,166.95,167.79,4758,19,0
1781024400,167.79,168.21,167.57,167.97,5605,19,0
1781028000,167.97,168.19,167.65,167.71,2410,19,0
1781085600,168.07,170.11,167.63,169.99,2918,19,0
1781089200,169.97,170.03,168.25,168.37,2476,19,0
1781092800,168.37,168.83,168.27,168.79,1629,19,0
1781096400,168.79,168.89,168.03,168.05,1752,19,0
1781100000,168.05,168.05,167.13,167.83,3481,19,0
1781103600,167.83,168.47,167.47,168.35,2522,19,0
1781107200,168.33,168.55,167.79,168.31,2915,19,0
1781110800,168.31,168.85,168.23,168.37,3729,19,0
1781114400,168.37,168.65,168.17,168.19,1309,19,0
1781172000,168.25,168.27,166.11,166.13,3391,19,0
1781175600,166.13,166.69,165.95,166.21,2578,19,0
1781179200,166.21,167.09,166.15,167.09,1767,21,0
1781182800,167.09,167.33,166.69,166.69,2285,19,0
1781186400,166.69,167.15,166.65,167.05,2147,19,0
1781190000,167.05,167.11,166.49,166.63,3983,19,0
1781193600,166.63,166.73,166.17,166.39,4032,19,0
1781197200,166.39,166.61,164.93,165.13,4639,19,0
1781200800,165.13,165.39,164.87,164.91,2025,19,0
1781258400,166.74,166.74,164.68,166.07,3799,19,0
1781262000,166.09,167.17,165.91,166.99,1784,19,0
1781265600,166.99,167.75,166.97,167.33,1322,19,0
1781269200,167.33,167.41,166.27,166.71,1182,19,0
1781272800,166.71,166.95,166.45,166.81,950,21,0
1781276400,166.81,166.85,166.35,166.53,2216,19,0
1781280000,166.53,167.73,166.53,167.51,3632,19,0
1781283600,167.51,168.27,167.45,168.07,3030,19,0
1781287200,168.07,168.17,167.75,167.81,1265,19,0
1781517600,168.29,169.51,167.09,167.13,5099,19,0
1781521200,167.11,167.23,165.27,166.13,4292,19,0
1781524800,166.13,167.07,166.03,166.83,2135,21,0
1781528400,166.83,167.59,166.77,167.09,1711,19,0
1781532000,167.11,167.13,166.67,166.87,1362,19,0
1781535600,166.87,167.13,166.01,166.71,1953,21,0
1781539200,166.71,166.87,165.41,165.73,4015,19,0
1781542800,165.73,166.29,165.21,165.95,2643,19,0
1781546400,165.95,166.01,165.79,165.89,976,19,0
1781604000,166.61,166.65,165.71,166.63,2732,19,0
1781607600,166.63,167.45,166.61,167.11,1581,19,0
1781611200,167.11,167.21,166.61,166.91,1323,19,0
1781614800,166.93,167.19,166.51,166.91,1428,19,0
1781618400,166.91,166.95,166.53,166.59,1414,19,0
1781622000,166.59,167.03,166.55,166.95,1289,19,0
1781625600,166.95,167.01,166.41,166.91,2265,19,0
1781629200,166.91,167.29,166.55,166.73,2199,19,0
1781632800,166.73,167.59,166.55,167.13,2338,19,0
1781690400,167.31,168.03,166.97,167.89,2767,19,0
1781694000,167.89,168.07,167.25,167.25,1607,19,0
1781697600,167.25,167.71,167.19,167.69,1354,19,0
1781701200,167.69,167.75,167.43,167.51,1296,19,0
1781704800,167.51,167.93,167.43,167.61,1678,19,0
1781708400,167.61,167.65,167.11,167.45,1611,19,0
1781712000,167.45,167.67,166.91,167.09,2806,19,0
1781715600,167.09,167.29,166.51,166.59,3634,19,0
1781719200,166.59,167.07,166.41,166.99,1233,19,0
1781776800,166.56,166.63,165.33,166.19,3029,19,0
1781780400,166.19,166.23,165.41,165.49,2636,19,0
1781784000,165.49,166.53,165.43,166.37,1472,19,0
1781787600,166.37,166.37,165.63,165.87,1305,19,0
1781791200,165.85,166.11,165.59,166.05,1577,21,0
1781794800,166.05,167.05,166.03,166.97,1026,19,0
1781798400,166.97,167.89,166.79,167.33,2065,19,0
1781802000,167.33,168.23,167.25,168.17,1801,19,0
1781805600,168.17,168.21,167.55,167.87,1415,19,0
1781863200,167.57,167.99,167.23,167.99,1536,19,0
1781866800,167.99,168.09,167.51,167.53,1101,19,0
1781870400,167.53,167.87,166.97,167.47,1971,19,0
1781874000,167.47,167.53,166.73,166.91,1702,19,0
1781877600,166.91,167.13,166.49,166.61,1616,19,0
1781881200,166.61,166.91,166.33,166.75,2631,19,0
1781884800,166.75,166.89,166.21,166.65,3367,19,0
1781888400,166.65,166.69,165.93,166.01,1759,19,0
1781892000,166.01,166.07,165.19,165.25,1123,19,0
1782122400,165.33,165.33,164.17,164.85,2756,19,0
1782126000,164.83,164.95,164.61,164.61,1311,19,0
1782129600,164.61,164.75,164.15,164.25,864,19,0
1782133200,164.25,164.93,164.25,164.77,1417,19,0
1782136800,164.77,165.03,164.71,164.81,1311,21,0
1782140400,164.81,165.13,164.29,164.65,1517,21,0
1782144000,164.65,165.99,164.63,165.89,2738,19,0
1782147600,165.89,167.35,165.85,167.05,2395,19,0
1782151200,167.05,167.13,166.15,166.27,1435,19,0
1782208800,165.47,165.75,164.65,165.03,3890,19,0
1782212400,165.01,165.77,164.83,165.63,2539,19,0
1782216000,165.63,165.97,165.17,165.85,1709,19,0
1782219600,165.85,166.17,165.47,165.47,1241,19,0
1782223200,165.47,166.01,165.41,165.81,1146,19,0
1782226800,165.81,166.15,165.65,165.93,952,19,0
1782230400,165.93,166.03,165.57,165.91,1771,19,0
1782234000,165.91,166.41,165.73,166.29,1573,19,0
1782237600,166.29,166.53,166.17,166.45,792,19,0
1782295200,166.68,168.25,166.64,168.09,2185,19,0
1782298800,168.09,168.71,168.09,168.45,2206,19,0
1782302400,168.45,169.29,168.41,169.07,1400,19,0
1782306000,169.07,169.65,168.95,169.43,937,19,0
1782309600,169.45,169.95,169.31,169.91,926,19,0
1782313200,169.91,170.47,169.77,169.93,873,19,0
1782316800,169.93,170.49,169.75,170.25,2958,19,0
1782320400,170.23,170.47,168.87,169.49,3658,19,0
1782324000,169.49,169.49,168.87,169.35,1372,19,0
1782381600,169.23,169.57,168.47,169.39,2609,19,0
1782385200,169.39,169.85,169.25,169.55,804,19,0
1782388800,169.57,170.23,169.43,169.89,1105,19,0
1782392400,169.89,169.89,169.41,169.65,617,19,0
1782396000,169.65,170.11,169.61,170.01,536,19,0
1782399600,170.01,170.23,169.79,169.81,871,19,0
1782403200,169.81,170.37,169.35,170.29,1430,21,0
1782406800,170.29,170.65,169.95,170.59,2382,19,0
1782410400,170.59,170.63,170.23,170.45,760,19,0
1782468000,170.91,171.95,170.91,171.81,3388,19,0
1782471600,171.81,171.89,171.17,171.45,1972,19,0
1782475200,171.45,171.73,171.13,171.37,3170,19,0
1782478800,171.37,171.65,171.15,171.35,1258,19,0
1782482400,171.35,171.49,171.01,171.29,1150,19,0
1782486000,171.29,171.43,171.07,171.31,1135,19,0
1782489600,171.31,171.79,171.21,171.75,1958,19,0
1782493200,171.75,171.97,171.11,171.27,2992,19,0
1782496800,171.27,171.91,171.09,171.89,1395,19,0
1782727200,172.44,172.44,171.01,171.99,2622,19,0
1782730800,171.99,172.19,171.59,171.63,1661,19,0
1782734400,171.63,171.81,171.31,171.47,1040,19,0
1782738000,171.47,171.87,171.23,171.75,1191,19,0
1782741600,171.75,172.45,171.69,172.45,1083,19,0
1782745200,172.43,172.71,172.33,172.51,1018,19,0
1782748800,172.51,173.31,172.37,173.31,2150,19,0
1782752400,173.31,173.97,172.61,172.71,3799,19,0
1782756000,172.71,172.93,172.49,172.81,1091,19,0
1782813600,172.46,173.59,171.89,172.57,2555,19,0
1782817200,172.57,172.91,172.13,172.67,1359,19,0
1782820800,172.67,173.31,172.53,173.17,2353,19,0
1782824400,173.21,173.53,173.05,173.49,1000,19,0
1782828000,173.49,173.57,172.99,173.25,1218,19,0
1782831600,173.25,173.29,172.47,172.55,1530,19,0
1782835200,172.55,172.67,172.03,172.13,2520,19,0
1782838800,172.13,172.93,171.97,172.91,2239,19,0
1782842400,172.91,173.89,172.77,173.77,1325,19,0
1782900000,176.53,177.61,175.91,176.57,6092,19,0
1782903600,176.57,176.73,175.71,175.87,2477,21,0
1782907200,175.87,176.65,175.63,176.35,2332,19,0
1782910800,176.35,176.43,175.79,175.91,1747,19,0
1782914400,175.91,176.23,175.33,175.57,2013,19,0
1782918000,175.57,176.89,175.51,176.39,2854,19,0
1782921600,176.39,176.57,175.53,176.15,3098,19,0
1782925200,176.15,177.05,175.87,176.65,2826,19,0
1782928800,176.65,176.83,176.23,176.63,1299,19,0
1782986400,176.65,177.91,176.41,177.83,3726,19,0
1782990000,177.83,178.79,177.65,178.37,2275,19,0
1782993600,178.37,178.77,178.31,178.77,1424,19,0
1782997200,178.77,178.89,178.37,178.45,1168,19,0
1783000800,178.45,178.59,178.07,178.45,920,19,0
1783004400,178.45,178.89,178.27,178.39,2094,19,0
1783008000,178.39,179.43,178.39,179.15,2944,19,0
1783011600,179.13,179.77,178.57,179.69,3986,19,0
1783015200,179.69,179.87,179.37,179.37,2136,19,0
1783072800,179.47,179.69,178.91,178.97,2551,19,0
1783076400,178.97,179.49,178.77,179.45,1064,19,0
1783080000,179.45,179.75,179.39,179.69,1061,19,0
1783083600,179.69,179.75,179.41,179.55,599,19,0
1783087200,179.55,179.89,179.43,179.85,564,19,0
1783090800,179.85,180.45,179.83,180.37,927,19,0
1783094400,180.37,180.63,180.21,180.41,1127,19,0
1783098000,180.41,180.45,179.61,180.37,1431,19,0
1783101600,180.37,180.43,180.15,180.37,565,21,0
1783332000,180.91,181.73,180.53,181.71,2934,19,0
1783335600,181.71,182.13,181.23,181.31,1774,19,0
1783339200,181.31,181.61,181.03,181.23,1539,19,0
1783342800,181.23,181.25,180.43,180.47,806,19,0
1783346400,180.47,180.53,180.17,180.29,1095,19,0
1783350000,180.29,180.37,179.31,179.35,1065,19,0
1783353600,179.35,179.51,177.69,178.11,3407,19,0
1783357200,178.13,178.21,176.91,177.07,2926,19,0
1783360800,177.07,177.47,176.71,177.43,1115,19,0
1783418400,177.91,178.77,177.21,178.51,3963,19,0
1783422000,178.51,179.23,178.51,179.03,1118,19,0
1783425600,179.03,179.17,178.75,178.83,710,19,0
1783429200,178.83,178.95,178.57,178.93,861,19,0
1783432800,178.93,179.23,178.47,178.85,1101,19,0
1783436400,178.83,179.57,178.79,179.51,1009,19,0
1783440000,179.51,179.73,178.69,178.73,2681,19,0
1783443600,178.73,179.37,178.59,178.89,2710,19,0
1783447200,178.89,178.99,178.59,178.89,673,19,0
1783504800,177.61,177.70,176.25,176.57,3847,19,0
1783508400,176.57,176.71,174.97,175.05,4497,19,0
1783512000,175.05,175.49,174.93,175.41,1692,19,0
1783515600,175.41,175.79,175.05,175.73,1363,19,0
1783519200,175.73,176.09,175.27,175.73,1151,19,0
1783522800,175.73,175.95,175.15,175.67,1097,19,0
1783526400,175.67,176.27,174.73,174.83,2255,19,0
1783530000,174.83,174.91,173.71,173.75,3123,19,0
1783533600,173.75,173.77,173.21,173.57,1563,19,0
1783591200,175.18,175.18,173.01,173.27,2973,19,0
1783594800,173.27,173.61,172.95,173.23,1578,19,0
1783598400,173.23,173.51,172.57,173.31,1441,19,0
1783602000,173.25,173.35,172.51,172.83,1727,19,0
1783605600,172.83,173.03,172.51,172.83,1191,19,0
1783609200,172.83,173.05,172.65,172.69,1111,19,0
1783612800,172.69,173.17,172.19,172.51,2358,19,0
1783616400,172.51,173.35,172.49,173.15,988,19,0
1783620000,173.15,173.33,172.93,173.27,658,19,0
1783677600,173.23,173.47,172.59,172.63,2512,21,0
1783681200,172.63,173.03,172.43,172.59,1376,19,0
1783684800,172.59,173.81,172.57,172.95,2538,19,0
1783688400,172.95,173.41,172.81,172.87,1448,21,0
1783692000,172.87,172.97,172.71,172.81,824,19,0
1783695600,172.81,173.13,172.75,172.85,1334,19,0
1783699200,172.85,173.05,172.43,172.93,2103,19,0
1783702800,172.93,173.75,172.91,173.63,3544,19,0
1783706400,173.63,173.95,173.45,173.93,909,19,0
1783936800,174.05,175.09,173.87,174.35,2737,19,0
1783940400,174.35,174.85,174.35,174.85,1092,19,0
1783944000,174.85,174.85,174.51,174.79,497,19,0
1783947600,174.79,174.93,174.51,174.93,504,19,0
1783951200,174.93,175.23,174.85,174.93,547,19,0
1783954800,174.93,175.71,174.75,175.63,740,19,0
1783958400,175.63,176.51,175.41,176.33,1937,19,0
1783962000,176.33,176.35,175.35,175.81,2437,19,0
1783965600,175.81,176.13,175.67,176.09,1338,19,0
1784023200,176.23,176.89,175.83,176.61,2508,19,0
1784026800,176.61,176.79,175.91,176.05,881,19,0
1784030400,176.05,176.71,175.99,176.61,1256,19,0
1784034000,176.61,176.81,176.35,176.55,860,19,0
1784037600,176.55,177.41,176.55,177.39,756,19,0
1784041200,177.39,177.57,176.91,176.95,1951,19,0
1784044800,176.95,178.53,176.91,178.43,1584,19,0
1784048400,178.43,178.43,177.65,177.75,1783,19,0
1784052000,177.75,177.97,177.61,177.79,862,19,0
1784109600,176.88,177.13,175.49,175.91,4364,19,0
1784113200,175.89,176.75,175.83,176.07,1771,19,0
1784116800,176.07,176.75,175.95,176.11,1376,19,0
1784120400,176.11,176.35,175.77,175.85,970,19,0
1784124000,175.85,175.97,175.31,175.59,1049,19,0
1784127600,175.59,176.09,175.45,175.97,1216,19,0
1784131200,175.97,176.21,175.41,175.49,1841,19,0
1784134800,175.49,175.97,174.51,175.47,3066,19,0
1784138400,175.49,175.61,175.37,175.49,1066,19,0
1784196000,175.49,175.97,174.77,175.09,2973,19,0
1784199600,175.09,175.31,174.73,174.73,1069,19,0
1784203200,174.73,174.99,174.55,174.85,744,19,0
1784206800,174.85,175.55,174.85,175.41,672,19,0
1784210400,175.41,175.65,175.05,175.55,1054,19,0
1784214000,175.55,175.69,174.67,175.23,1093,19,0
1784217600,175.23,176.39,175.13,175.83,1581,19,0
1784221200,175.83,175.91,175.11,175.73,1379,19,0
1784224800,175.73,176.51,175.69,176.43,693,19,0
1784282400,176.77,176.93,175.41,176.51,3317,19,0
1784286000,176.51,176.71,176.07,176.57,1858,19,0
1784289600,176.57,176.59,175.43,175.65,2057,19,0
1784293200,175.65,176.77,175.55,176.33,1882,19,0
1784296800,176.33,176.41,175.91,176.33,932,19,0
1784300400,176.33,176.93,176.17,176.69,1097,19,0
1784304000,176.69,177.31,176.03,176.99,3021,19,0
1784307600,176.99,177.09,175.97,176.33,2412,19,0
1784311200,176.33,176.47,176.09,176.41,992,19,0
1784541600,176.53,177.53,176.23,176.77,5246,19,0
1784545200,176.77,177.37,176.57,177.03,1784,19,0
1784548800,177.03,177.41,176.73,176.97,1308,19,0
1784552400,176.97,177.05,176.47,176.79,1227,21,0
1784556000,176.79,177.47,176.75,176.99,2717,19,0
1784559600,176.99,177.71,176.51,177.19,2113,19,0
1784563200,177.19,177.21,176.23,176.69,3417,19,0
1784566800,176.69,177.65,176.51,177.37,2264,19,0
1784570400,177.37,177.77,177.21,177.71,839,19,0
1784628000,177.37,177.61,176.39,176.41,5504,19,0
1784631600,176.41,176.61,175.81,175.85,1429,19,0
1784635200,175.85,176.68,175.65,176.13,1875,19,0
1784638800,176.13,176.39,175.85,176.01,1009,19,0
1784642400,176.01,176.11,175.59,175.83,1153,19,0
1784646000,175.83,176.13,175.65,176.01,1850,19,0
1784649600,176.01,176.21,174.97,175.21,3288,19,0
1784653200,175.21,176.49,175.13,176.49,2676,19,0
1784656800,176.49,176.73,176.23,176.27,811,19,0
1784714400,175.85,176.37,175.51,176.19,4159,19,0
1784718000,176.19,177.09,176.17,176.67,2697,19,0
1784721600,176.67,177.01,176.23,176.39,2814,19,0
1784725200,176.39,177.55,176.37,177.35,2541,19,0
1784728800,177.35,177.65,176.99,177.17,2386,19,0
1784732400,177.17,177.53,177.10,177.35,1627,19,0
1784736000,177.35,177.69,176.61,177.35,3470,19,0
1784739600,177.35,177.67,177.15,177.27,2546,19,0
1784743200,177.27,177.27,176.47,176.63,1591,19,0
1784800800,176.27,176.27,175.21,176.03,7908,19,0
1784804400,176.03,176.23,175.41,175.75,2014,19,0
1784808000,175.75,175.89,175.29,175.33,1983,19,0
1784811600,175.33,175.39,174.83,175.09,1495,19,0
1784815200,175.09,175.21,174.71,175.03,1425,19,0
1784818800,175.03,175.37,174.77,174.95,1611,19,0
1784822400,174.95,175.01,174.23,174.31,3229,19,0
1784826000,174.31,174.93,174.15,174.87,3727,19,0
1784829600,174.87,175.29,174.81,175.03,1451,19,0
1784887200,175.53,175.99,175.05,175.45,2671,19,0
1784890800,175.45,176.21,175.39,176.13,1521,19,0
1784894400,176.13,176.59,176.05,176.47,1322,19,0
1784898000,176.47,176.61,176.31,176.45,1411,19,0
1784901600,176.45,176.53,175.85,176.29,1445,19,0
1784905200,176.29,176.45,175.75,175.83,2510,19,0
1784908800,175.83,176.35,175.75,176.15,2466,19,0
1784912400,176.15,176.39,175.85,175.97,3537,19,0
1784916000,175.97,176.87,175.93,176.87,1558,19,0
1785146400,177.79,177.79,176.41,176.59,5882,19,0
1785150000,176.57,176.69,175.93,176.13,3034,19,0
1785153600,176.13,176.83,175.91,176.71,2968,19,0
1785157200,176.69,177.49,176.57,177.27,1782,19,0
1785160800,177.27,177.51,177.05,177.21,1493,19,0
1785164400,177.21,177.23,176.77,176.89,1188,21,0
1785168000,176.89,177.53,176.67,177.17,4555,19,0
1785171600,177.17,178.03,177.07,177.97,5148,19,0
1785175200,177.97,178.01,177.43,177.69,2744,19,0
1785232800,173.24,173.85,171.28,172.71,11131,19,0
1785236400,172.71,173.71,171.19,171.99,6729,19,0
1785240000,171.99,173.75,170.97,173.51,5472,19,0
1785243600,173.51,173.79,172.45,172.67,2839,19,0
1785247200,172.67,172.67,171.17,171.39,2504,19,0
1785250800,171.41,172.93,171.41,172.17,3157,19,0
1785254400,172.17,173.49,171.35,173.49,4848,19,0
1785258000,173.49,173.67,172.15,172.97,6755,19,0
1785261600,172.97,173.21,172.47,172.83,3368,19,0
1785319200,172.94,173.08,170.31,170.61,6939,19,0
1785322800,170.61,171.33,170.49,171.13,2703,19,0
1785326400,171.13,171.21,170.01,170.47,1417,19,0
1785330000,170.47,170.97,170.17,170.71,1312,19,0
1785333600,170.71,171.41,170.67,171.25,938,19,0
1785337200,171.25,171.33,170.37,170.49,1466,19,0
1785340800,170.49,171.59,170.33,171.59,1931,19,0
1785344400,171.59,171.59,170.55,170.61,2031,19,0
1785348000,170.61,171.61,170.59,171.43,1449,19,0
1785405600,172.27,172.93,171.53,171.85,6142,19,0
1785409200,171.87,171.95,170.97,171.37,2170,19,0
1785412800,171.37,171.89,171.17,171.57,1870,19,0
1785416400,171.57,172.29,171.43,171.97,1801,19,0
1785420000,171.99,172.81,171.65,172.75,1676,19,0
1785423600,172.75,172.97,172.47,172.83,1581,19,0
1785427200,172.83,173.23,172.57,172.67,3143,19,0
1785430800,172.67,173.29,171.25,171.49,3018,19,0
1785434400,171.49,171.91,171.19,171.53,1548,19,0
1785492000,171.80,172.87,170.21,172.65,5209,19,0
1785495600,172.65,173.05,172.47,172.71,1916,19,0
1785499200,172.71,172.79,171.95,172.13,1417,19,0
1785502800,172.15,172.61,171.59,172.61,1316,19,0
1785506400,172.59,172.89,171.85,172.07,1291,19,0
1785510000,172.07,172.71,171.97,172.31,1258,19,0
1785513600,172.31,172.45,170.85,171.05,2913,19,0
1785517200,171.07,171.47,170.37,171.41,3199,19,0
1785520800,171.41,171.59,170.97,171.03,1313,19,0
1785751200,171.85,171.85,169.11,169.53,5059,19,0
1785754800,169.53,170.09,169.47,169.77,3263,19,0
1785758400,169.77,170.01,169.39,169.43,1489,19,0
1785762000,169.43,170.07,169.37,169.77,1946,19,0
1785765600,169.77,170.15,169.71,170.05,1115,19,0
1785769200,170.05,170.31,169.81,170.21,2220,19,0
1785772800,170.21,170.73,169.61,170.35,5033,19,0
1785776400,170.35,171.21,170.29,171.03,3300,19,0
1785780000,171.03,171.47,170.81,171.27,2242,19,0
1785837600,170.73,171.83,170.53,171.51,3916,19,0
1785841200,171.51,171.57,170.77,170.87,1277,19,0
1785844800,170.87,170.95,170.31,170.45,959,19,0
1785848400,170.45,170.91,170.37,170.61,822,19,0
1785852000,170.61,171.87,170.57,171.61,1263,19,0
1785855600,171.61,171.79,171.17,171.27,987,19,0
1785859200,171.27,171.73,171.11,171.51,3512,19,0
1785862800,171.51,171.67,170.97,171.57,3189,19,0
1785866400,171.57,171.89,171.41,171.71,1188,19,0
1785924000,172.59,174.13,172.26,173.61,3505,19,0
1785927600,173.61,173.77,173.15,173.19,1871,19,0
1785931200,173.19,173.39,173.02,173.25,1084,19,0
1785934800,173.25,173.35,172.91,173.19,956,19,0
1785938400,173.19,173.19,172.87,173.09,624,19,0
1785942000,173.09,173.61,173.05,173.51,1239,19,0
1785945600,173.51,173.67,172.85,173.35,2835,19,0
1785949200,173.37,173.81,173.27,173.57,2590,19,0
1785952800,173.57,173.73,173.37,173.49,1144,19,0
1786010400,174.54,174.93,173.75,174.05,4508,19,0
1786014000,174.05,174.05,172.93,172.93,2732,19,0
1786017600,172.93,173.17,171.95,172.05,2237,19,0
1786021200,172.05,172.93,172.01,172.79,1798,19,0
1786024800,172.79,172.85,172.39,172.51,990,19,0
1786028400,172.51,173.03,172.49,173.03,1282,19,0
1786032000,173.03,173.99,173.03,173.51,4071,19,0
1786035600,173.51,173.77,173.25,173.53,2551,19,0
1786039200,173.53,173.67,173.19,173.21,1008,19,0
1786096800,173.64,173.77,173.13,173.41,3065,19,0
1786100400,173.41,173.59,173.17,173.43,2028,19,0
1786104000,173.43,173.77,173.33,173.65,2088,19,0
1786107600,173.65,174.03,173.63,174.03,964,19,0
1786111200,174.03,174.11,173.75,173.89,961,19,0
1786114800,173.89,173.95,173.11,173.31,2304,19,0
1786118400,173.31,173.75,173.15,173.51,2331,19,0
1786122000,173.51,173.83,173.31,173.31,2521,19,0
1786125600,173.31,173.41,172.47,172.53,1113,19,0
1786356000,172.69,172.81,170.95,171.09,2303,19,0
1786359600,171.09,171.83,171.01,171.57,817,19,0
1786363200,171.57,171.81,171.33,171.81,503,19,0
1786366800,171.81,172.25,171.79,172.01,795,19,0
1786370400,172.01,172.67,171.97,172.53,495,19,0
1786374000,172.53,172.63,172.25,172.27,753,19,0
1786377600,172.27,172.27,171.45,171.55,3044,19,0
1786381200,171.55,171.73,171.31,171.71,1579,19,0
1786384800,171.71,171.81,171.31,171.45,729,19,0
1786442400,171.11,171.44,170.73,171.35,2216,19,0
1786446000,171.35,171.63,170.71,170.83,1146,21,0
1786449600,170.81,171.07,170.71,170.71,985,19,0
1786453200,170.71,170.93,170.53,170.55,779,19,0
1786456800,170.55,170.75,170.39,170.41,1385,19,0
1786460400,170.41,170.49,170.05,170.27,843,19,0
1786464000,170.27,171.87,170.21,171.49,2730,19,0
1786467600,171.49,172.13,171.35,171.51,2426,19,0
1786471200,171.51,171.81,171.35,171.61,722,19,0
1786528800,171.23,171.39,170.51,170.61,1301,19,0
1786532400,170.61,170.75,170.45,170.65,723,19,0
1786536000,170.65,171.41,170.55,171.09,1124,19,0
1786539600,171.09,171.27,171.03,171.11,709,19,0
1786543200,171.11,171.33,171.01,171.23,516,19,0
1786546800,171.23,171.57,171.03,171.13,1178,19,0
1786550400,171.13,171.29,170.75,170.89,1788,19,0
1786554000,170.89,170.95,170.05,170.29,1674,19,0
1786557600,170.29,170.29,170.01,170.05,571,19,0
1786615200,170.33,170.33,168.85,168.85,1855,19,0
1786618800,168.85,169.41,168.85,169.09,901,19,0
1786622400,169.09,169.37,168.81,169.31,728,19,0
1786626000,169.31,169.31,168.97,169.03,520,19,0
1786629600,169.01,169.31,168.91,169.17,583,19,0
1786633200,169.17,169.61,169.15,169.25,811,19,0
1786636800,169.25,169.95,169.19,169.73,1883,19,0
1786640400,169.73,169.97,169.31,169.51,1353,19,0
1786644000,169.51,169.65,169.35,169.59,672,19,0
1786701600,168.91,169.07,167.51,167.65,1924,19,0
1786705200,167.65,168.19,167.49,168.17,824,19,0
1786708800,168.17,168.79,168.13,168.27,1072,19,0
1786712400,168.27,168.45,167.99,168.05,462,19,0
1786716000,168.05,168.11,167.87,167.97,525,19,0
1786719600,167.97,168.41,167.93,168.17,605,19,0
1786723200,168.17,168.59,168.11,168.37,1118,19,0
1786726800,168.37,168.59,168.09,168.53,1157,19,0
1786730400,168.53,168.67,168.31,168.55,500,19,0
1786960800,167.71,169.13,167.29,169.03,1946,19,0
1786964400,169.03,169.11,168.81,168.81,842,19,0
1786968000,168.81,169.01,168.61,168.73,539,19,0
1786971600,168.73,168.81,168.55,168.57,961,19,0
1786975200,168.57,168.71,168.51,168.63,590,19,0
1786978800,168.63,168.69,167.71,167.75,1083,19,0
1786982400,167.75,167.77,167.33,167.45,1278,19,0
1786986000,167.45,167.59,166.67,166.85,1449,19,0
1786989600,166.85,167.15,166.41,167.13,824,19,0
1787047200,167.17,167.17,166.31,166.85,2113,19,0
1787050800,166.85,167.27,166.55,166.83,1641,19,0
1787054400,166.83,167.05,166.71,166.93,820,19,0
1787058000,166.93,167.03,166.51,166.61,753,19,0
1787061600,166.61,166.83,166.57,166.75,632,19,0
1787065200,166.75,167.29,166.71,167.03,923,19,0
1787068800,167.03,167.35,166.77,167.13,2151,19,0
1787072400,167.13,167.35,166.81,167.11,1604,19,0
1787076000,167.11,167.27,166.91,166.91,728,19,0
1787133600,167.31,168.17,167.11,167.75,2222,19,0
1787137200,167.75,167.83,167.47,167.53,1145,19,0
1787140800,167.53,167.89,166.67,166.95,1125,19,0
1787144400,166.95,167.21,166.93,167.05,906,19,0
1787148000,167.05,167.49,166.89,167.47,733,19,0
1787151600,167.47,167.63,166.73,166.73,1309,19,0
1787155200,166.73,167.19,166.33,166.61,2598,19,0
1787158800,166.61,167.35,166.45,167.31,2071,19,0
1787162400,167.31,167.39,166.71,166.83,1408,19,0
1787220000,166.51,166.53,165.35,165.87,2205,19,0
1787223600,165.87,166.07,165.53,165.61,1921,19,0
1787227200,165.61,165.81,165.43,165.47,1227,19,0
1787230800,165.47,165.67,165.27,165.55,996,19,0
1787234400,165.55,165.97,165.53,165.93,631,19,0
1787238000,165.93,166.19,165.43,166.17,1038,19,0
1787241600,166.17,167.29,165.87,166.91,2021,19,0
1787245200,166.91,167.51,166.67,167.47,1688,19,0
1787248800,167.47,168.01,167.37,167.59,1260,19,0
1787306400,167.55,167.55,166.53,166.95,1768,19,0
1787310000,166.95,167.31,166.69,166.85,1132,19,0
1787313600,166.85,167.03,166.57,166.69,964,19,0
1787317200,166.69,166.91,166.41,166.41,465,19,0
1787320800,166.41,166.43,165.95,166.27,584,19,0
1787324400,166.27,166.43,166.03,166.41,801,19,0
1787328000,166.41,167.23,165.95,167.13,3075,19,0
1787331600,167.13,167.93,167.01,167.33,1718,19,0
1787335200,167.33,167.43,166.83,166.95,832,19,0
1787565600,166.81,167.93,166.51,167.57,1589,19,0
1787569200,167.57,168.17,167.47,168.11,768,19,0
1787572800,168.11,168.65,167.81,168.63,868,19,0
1787576400,168.63,168.89,168.27,168.37,1027,19,0
1787580000,168.37,168.61,168.09,168.09,791,19,0
1787583600,168.09,168.15,167.67,167.89,797,19,0
1787587200,167.89,168.23,167.53,168.05,2051,19,0
1787590800,168.05,168.27,167.85,168.17,1478,19,0
1787594400,168.17,168.45,167.97,168.33,768,19,0
1787652000,168.34,168.43,167.71,168.35,1720,19,0
1787655600,168.35,168.95,168.17,168.69,1048,19,0
1787659200,168.69,168.85,168.53,168.55,863,19,0
1787662800,168.55,169.15,168.33,168.37,556,19,0
1787666400,168.37,168.47,168.27,168.39,485,19,0
1787670000,168.39,168.65,168.31,168.43,548,19,0
1787673600,168.43,168.67,167.95,168.19,1527,19,0
1787677200,168.19,168.61,167.81,167.83,1612,19,0
1787680800,167.85,168.19,167.81,167.95,573,19,0
1787738400,168.40,168.65,167.81,168.23,1392,19,0
1787742000,168.23,168.31,167.89,168.15,716,19,0
1787745600,168.15,168.63,168.15,168.35,691,19,0
1787749200,168.35,168.65,168.21,168.41,513,19,0
1787752800,168.41,168.93,168.39,168.77,452,19,0
1787756400,168.77,169.09,168.55,168.91,731,19,0
1787760000,168.93,169.37,168.43,169.15,1524,19,0
1787763600,169.15,169.45,168.89,168.99,938,19,0
1787767200,168.99,169.09,168.61,168.69,588,19,0
1787824800,168.91,168.91,167.87,168.07,1786,19,0
1787828400,168.07,168.29,167.65,167.83,975,19,0
1787832000,167.83,168.07,167.77,168.05,705,19,0
1787835600,168.05,168.09,167.81,167.99,653,19,0
1787839200,167.97,168.13,167.87,168.05,442,19,0
1787842800,168.05,168.07,167.21,167.39,1223,19,0
1787846400,167.39,167.39,166.49,166.51,1566,19,0
1787850000,166.51,166.93,165.99,166.87,1812,19,0
1787853600,166.87,167.13,166.79,167.03,1071,19,0
1787911200,167.91,168.75,167.66,168.35,2523,19,0
1787914800,168.35,169.09,168.27,169.05,1045,19,0
1787918400,169.05,169.29,168.93,169.21,795,19,0
1787922000,169.21,169.45,168.85,168.89,556,19,0
1787925600,168.89,169.13,168.89,169.05,575,19,0
1787929200,169.05,169.79,169.01,169.75,746,19,0
1787932800,169.75,170.25,169.67,170.11,1989,19,0
1787936400,170.11,170.53,169.91,170.47,2519,19,0
1787940000,170.47,170.57,170.13,170.33,1169,19,0
1788170400,170.41,171.21,170.23,170.39,1489,19,0
1788174000,170.39,170.85,170.39,170.61,525,19,0
1788177600,170.61,170.61,170.05,170.07,519,19,0
1788181200,170.07,170.27,169.97,170.17,469,19,0
1788184800,170.17,170.63,170.17,170.57,452,19,0
1788188400,170.57,171.29,170.45,170.97,790,19,0
1788192000,170.97,171.39,170.69,171.27,1207,19,0
1788195600,171.27,171.27,170.27,170.29,1148,19,0
1788199200,170.29,170.43,169.79,169.79,639,19,0
1788256800,173.91,176.53,173.91,175.57,7150,19,0
1788260400,175.57,175.65,173.67,174.25,3582,19,0
1788264000,174.25,174.33,173.73,173.97,2301,19,0
1788267600,173.97,174.87,173.83,174.19,2082,19,0
1788271200,174.19,174.77,173.45,174.03,2448,19,0
1788274800,174.03,174.71,173.69,173.89,1781,19,0
1788278400,173.89,173.89,172.79,172.97,3075,19,0
1788282000,172.97,173.33,172.61,172.63,2389,19,0
1788285600,172.63,172.81,172.41,172.63,925,19,0
1788343200,173.51,174.49,172.99,173.63,3215,19,0
1788346800,173.63,174.01,172.85,173.17,1196,19,0
1788350400,173.17,173.53,172.71,172.83,1015,19,0
1788354000,172.83,172.93,172.53,172.75,856,19,0
1788357600,172.75,173.29,172.67,173.25,1185,19,0
1788361200,173.25,173.49,172.97,173.07,1000,19,0
1788364800,173.07,173.17,172.41,172.91,1698,19,0
1788368400,172.91,173.01,172.21,172.31,1409,19,0
1788372000,172.31,172.45,171.61,171.99,627,19,0
1788429600,172.41,173.45,172.41,172.89,1934,19,0
1788433200,172.89,173.37,172.85,172.89,1407,19,0
1788436800,172.89,173.13,172.65,172.69,785,19,0
1788440400,172.69,172.85,172.21,172.45,713,19,0
1788444000,172.45,172.69,172.19,172.31,749,19,0
1788447600,172.31,172.65,172.17,172.61,927,19,0
1788451200,172.61,173.49,171.97,172.45,2623,19,0
1788454800,172.45,173.21,172.19,173.15,2495,19,0
1788458400,173.15,173.51,173.05,173.17,756,19,0
1788516000,172.30,172.30,170.11,170.51,2122,19,0
1788519600,170.51,171.39,170.43,171.15,873,19,0
1788523200,171.15,171.25,170.41,170.79,1015,19,0
1788526800,170.79,170.87,170.11,170.43,760,19,0
1788530400,170.43,170.57,169.77,169.87,701,19,0
1788534000,169.89,170.23,169.51,169.65,1273,19,0
1788537600,169.65,170.15,169.11,170.07,2131,19,0
1788541200,170.07,170.57,169.91,170.29,1488,19,0
1788544800,170.29,170.63,170.17,170.51,791,19,0
1788775200,170.13,170.13,168.71,169.61,2312,19,0
1788778800,169.61,170.03,169.59,169.93,1052,21,0
1788782400,169.93,170.51,169.75,170.45,618,19,0
1788786000,170.45,170.49,169.99,170.05,505,19,0
1788789600,170.05,170.25,169.71,170.07,553,21,0
1788793200,170.07,170.43,170.01,170.19,508,21,0
1788796800,170.19,170.65,170.17,170.39,761,19,0
1788800400,170.39,170.63,170.13,170.43,698,19,0
1788804000,170.43,170.55,170.19,170.33,610,19,0
1788861600,170.24,171.35,169.55,171.23,2290,19,0
1788865200,171.23,172.41,170.93,171.85,1743,19,0
1788868800,171.85,172.75,171.75,172.23,1109,19,0
1788872400,172.23,172.93,171.79,172.25,1361,19,0
1788876000,172.25,173.03,172.25,172.91,621,21,0
1788879600,172.91,173.31,172.53,172.65,776,19,0
1788883200,172.65,173.27,172.21,172.95,1902,19,0
1788886800,172.95,174.01,172.79,173.81,986,19,0
1788890400,173.81,174.13,172.95,172.95,965,19,0
1788948000,172.84,172.84,171.01,171.27,2523,19,0
1788951600,171.27,171.67,171.11,171.35,1023,19,0
1788955200,171.35,171.57,171.11,171.21,777,19,0
1788958800,171.21,171.31,170.67,170.71,1049,19,0
1788962400,170.71,170.83,170.31,170.43,989,19,0
1788966000,170.43,171.25,170.27,171.23,924,19,0
1788969600,171.23,171.43,170.23,170.35,2187,19,0
1788973200,170.33,170.79,169.11,169.19,1863,19,0
1788976800,169.19,169.31,168.69,169.21,1549,19,0
1789034400,170.18,170.18,168.33,168.57,1669,19,0
1789038000,168.57,168.83,168.51,168.61,778,19,0
1789041600,168.61,168.87,168.45,168.75,638,19,0
1789045200,168.75,168.79,168.53,168.57,562,19,0
1789048800,168.57,169.03,168.43,168.53,755,19,0
1789052400,168.53,168.95,167.83,168.37,1429,19,0
1789056000,168.37,168.83,167.91,167.97,1530,19,0
1789059600,167.97,168.25,166.95,167.07,1831,19,0
1789063200,167.07,167.19,166.79,166.91,953,19,0
1789120800,167.15,168.01,167.11,167.63,1950,19,0
1789124400,167.63,168.07,167.37,167.97,1184,19,0
1789128000,167.97,168.09,167.55,167.79,768,19,0
1789131600,167.79,168.07,167.61,167.91,784,19,0
1789135200,167.91,168.23,167.85,167.91,531,19,0
1789138800,167.91,168.33,167.59,168.31,1148,19,0
1789142400,168.31,168.41,167.55,167.85,1976,19,0
1789146000,167.85,167.85,166.61,166.63,1569,19,0
1789149600,166.63,166.75,166.49,166.69,629,19,0
1789380000,166.25,166.29,165.67,166.25,1722,19,0
1789383600,166.25,166.99,166.19,166.83,1113,19,0
1789387200,166.83,167.27,166.49,167.27,940,19,0
1789390800,167.27,167.71,167.17,167.33,766,19,0
1789394400,167.35,167.69,167.29,167.51,659,19,0
1789398000,167.51,167.57,167.01,167.41,1060,19,0
1789401600,167.41,167.79,167.13,167.23,1829,19,0
1789405200,167.23,167.27,166.57,166.93,1607,19,0
1789408800,166.93,167.51,166.81,166.95,1197,19,0
1789466400,167.09,167.09,165.01,165.17,2334,19,0
1789470000,165.17,165.43,164.95,165.23,1173,19,0
1789473600,165.23,165.61,164.97,165.53,1165,19,0
1789477200,165.53,166.41,165.47,166.29,1022,19,0
1789480800,166.29,166.45,166.03,166.25,988,19,0
1789484400,166.23,166.37,165.91,166.21,1046,19,0
1789488000,166.21,166.25,165.61,165.77,1998,19,0
1789491600,165.77,165.93,165.59,165.75,1867,19,0
1789495200,165.75,165.83,165.33,165.69,826,19,0
1789552800,166.09,166.85,165.73,166.35,1326,19,0
1789556400,166.35,166.37,165.91,166.29,879,19,0
1789560000,166.29,166.45,165.97,166.43,684,19,0
1789563600,166.43,166.77,166.29,166.75,497,19,0
1789567200,166.75,166.87,166.35,166.45,689,19,0
1789570800,166.45,166.51,166.13,166.25,663,19,0
1789574400,166.25,166.45,165.91,166.11,1073,19,0
1789578000,166.11,166.61,166.03,166.39,1031,19,0
1789581600,166.39,166.69,166.33,166.53,950,19,0
1789639200,166.51,166.79,165.35,165.39,1554,19,0
1789642800,165.39,165.51,165.17,165.41,582,19,0
1789646400,165.43,165.65,165.09,165.11,662,19,0
1789650000,165.11,165.23,164.81,165.21,529,19,0
1789653600,165.21,165.51,164.97,165.05,764,19,0
1789657200,165.05,165.83,164.87,165.69,927,19,0
1789660800,165.69,166.03,165.51,165.61,1237,19,0
1789664400,165.61,165.93,165.01,165.07,1227,19,0
1789668000,165.07,165.39,165.03,165.29,608,19,0
1789725600,164.92,164.92,163.93,164.69,1832,19,0
1789729200,164.69,164.81,164.41,164.61,931,19,0
1789732800,164.61,164.79,164.17,164.31,2494,19,0
1789736400,164.29,164.37,164.01,164.01,754,21,0
1789740000,164.01,164.21,163.43,163.49,1005,19,0
1789743600,163.49,163.51,162.83,162.95,754,19,0
1789747200,162.95,163.23,162.51,162.57,2549,19,0
1789750800,162.43,163.09,162.35,162.93,1773,19,0
1789754400,162.93,163.13,162.83,163.05,981,19,0
1789984800,163.21,163.59,162.81,162.91,1014,21,0
1789988400,162.91,163.71,162.91,163.45,664,19,0
1789992000,163.45,164.51,163.43,164.47,810,19,0
1789995600,164.47,164.67,164.41,164.47,340,19,0
1789999200,164.47,164.81,164.47,164.71,439,19,0
1790002800,164.71,165.09,164.63,164.77,662,19,0
1790006400,164.77,165.15,164.41,164.53,1285,19,0
1790010000,164.53,165.39,164.35,165.31,1187,19,0
1790013600,165.31,165.83,165.29,165.35,674,19,0
1790071200,165.60,167.03,165.59,166.05,2529,19,0
1790074800,166.05,166.25,165.65,166.01,1669,19,0
1790078400,166.01,166.15,165.63,165.93,1631,19,0
1790082000,165.93,166.23,165.73,166.09,853,19,0
1790085600,166.09,166.47,165.87,166.27,808,19,0
1790089200,166.27,166.73,166.19,166.53,678,19,0
1790092800,166.55,166.71,166.05,166.59,1347,19,0
1790096400,166.59,167.19,166.37,167.09,1591,19,0
1790100000,167.09,167.27,166.99,167.05,692,19,0
