time,open,high,low,close,tick_volume,spread,real_volume
1519696800,75.77,81.70,73.59,81.22,26913,0,0
1519783200,81.23,83.47,81.03,81.68,11071,0,0
1519869600,82.00,82.20,79.91,81.01,8958,0,0
1519956000,81.24,81.49,79.82,81.22,8299,0,0
1520215200,81.86,83.07,80.58,82.74,10199,0,0
1520301600,82.25,83.82,82.23,82.74,6726,0,0
1520388000,83.74,85.10,82.46,84.82,10528,0,0
1520474400,85.20,86.75,85.00,86.04,6675,0,0
1520560800,86.56,87.19,86.20,86.70,4607,0,0
1520647200,86.69,86.70,86.69,86.70,36,0,0
1520820000,87.00,88.72,86.48,88.30,7966,0,0
1520906400,89.12,89.19,85.70,86.30,10414,0,0
1520992800,86.96,88.08,86.48,87.76,6007,0,0
1521079200,88.02,88.44,86.82,88.27,7487,0,0
1521165600,87.10,88.24,86.26,87.04,9778,0,0
1521424800,86.70,86.88,84.97,86.07,7963,0,0
1521511200,86.23,86.64,84.62,85.81,9074,0,0
1521597600,85.87,86.64,84.85,86.04,8522,0,0
1521684000,86.12,86.18,83.65,83.66,6505,0,0
1521770400,83.90,85.48,82.23,82.99,13948,0,0
1522033200,84.41,85.73,83.16,85.57,9924,0,0
1522119600,85.82,85.82,82.32,82.86,10093,0,0
1522206000,82.23,83.25,80.93,82.31,11427,0,0
1522292400,81.79,83.75,81.67,83.40,6345,0,0
1522638000,82.71,83.10,80.42,81.19,9591,0,0
1522724400,81.27,83.17,81.27,82.72,5900,0,0
1522810800,80.92,83.28,80.56,83.02,8332,0,0
1522897200,83.82,84.11,82.35,82.45,5381,0,0
1522983600,82.80,83.85,80.93,80.99,10077,0,0
1523242800,82.74,83.51,81.23,82.40,10541,0,0
1523329200,83.38,83.49,82.31,83.35,5837,0,0
1523415600,83.22,84.15,82.76,83.82,5452,0,0
1523502000,83.28,84.09,83.02,83.10,4893,0,0
1523588400,83.32,84.43,83.02,83.39,6932,0,0
1523847600,83.62,84.70,83.31,84.06,5855,0,0
1523934000,84.43,87.73,84.29,86.28,12589,0,0
1524020400,87.78,88.12,86.26,88.12,8416,0,0
1524106800,87.11,87.54,85.76,85.98,6105,0,0
1524193200,86.37,87.46,84.47,84.52,10280,0,0
1524452400,86.32,86.32,84.48,84.70,5150,0,0
1524538800,86.74,86.74,82.18,82.67,12636,0,0
1524625200,82.40,83.92,81.36,83.92,8979,0,0
1524711600,83.98,85.88,83.30,85.56,8973,0,0
1524798000,86.68,86.82,84.94,85.71,7000,0,0
1525057200,85.52,87.71,85.34,86.48,9480,0,0
1525143600,86.89,87.79,86.43,86.65,6185,0,0
1525230000,87.20,87.45,85.88,85.88,4573,0,0
1525316400,86.44,86.53,84.60,86.34,9431,0,0
1525402800,85.25,87.21,84.75,87.05,7781,0,0
1525662000,87.52,88.05,86.91,87.94,4648,0,0
1525748400,88.30,88.42,85.74,86.94,10001,0,0
1525834800,88.08,88.70,80.34,81.40,25065,0,0
1525921200,82.20,83.89,81.37,83.18,10118,0,0
1526007600,83.46,84.10,82.42,82.42,5819,0,0
1526266800,83.16,83.16,82.18,82.60,3479,0,0
1526353200,82.28,82.95,81.47,82.00,6713,0,0
1526439600,82.40,83.70,82.27,82.59,6665,0,0
1526526000,83.42,83.93,82.58,83.16,6049,0,0
1526612400,84.08,84.08,81.59,82.71,9002,0,0
1526871600,82.87,83.13,82.41,82.94,3456,0,0
1526958000,82.80,83.24,82.61,82.84,3095,0,0
1527044400,82.61,83.45,82.10,83.36,4925,0,0
1527130800,83.12,83.80,83.00,83.75,2461,0,0
1527217200,83.31,84.80,83.31,84.43,4633,0,0
1527562800,84.21,84.28,82.16,83.03,7661,0,0
1527649200,82.79,84.62,82.70,83.76,7176,0,0
1527735600,84.68,84.97,83.74,84.10,4687,0,0
1527822000,84.88,85.42,84.63,85.11,3362,0,0
1528081200,85.58,85.95,85.00,85.05,3452,0,0
1528167600,85.46,85.92,85.12,85.82,3067,0,0
1528254000,85.41,86.44,85.14,86.11,4778,0,0
1528340400,86.10,86.33,84.89,85.36,5330,0,0
1528426800,85.20,85.76,84.82,85.74,3369,0,0
1528686000,85.81,85.83,84.84,85.03,3031,0,0
1528772400,85.87,85.87,84.92,85.49,3814,0,0
1528858800,85.44,85.76,84.12,84.37,5526,0,0
1528945200,84.44,85.15,84.02,84.98,4291,0,0
1529031600,85.00,85.73,84.42,85.53,5202,0,0
1529290800,84.90,86.14,84.76,85.54,5283,0,0
1529377200,85.44,86.05,84.69,85.35,6564,0,0
1529463600,85.96,86.61,85.49,85.96,5609,0,0
1529550000,86.03,86.40,84.71,84.73,5188,0,0
1529636400,84.40,85.27,83.76,84.13,6852,0,0
1529895600,83.86,84.31,81.00,81.21,9877,0,0
1529982000,81.59,82.52,80.86,80.86,6452,0,0
1530068400,81.28,82.52,78.70,79.90,15590,0,0
1530154800,79.55,81.39,79.25,81.09,6864,0,0
1530241200,81.20,82.26,79.99,82.26,8687,0,0
1530500400,80.58,82.41,79.74,82.02,9761,0,0
1530586800,82.26,82.92,81.60,81.60,4970,0,0
1530759600,82.30,83.12,81.99,82.81,4358,0,0
1530846000,82.22,83.94,82.20,83.56,5344,0,0
1531105200,84.09,84.09,82.97,82.98,2824,0,0
1531191600,83.00,83.51,81.97,81.97,5128,0,0
1531278000,82.40,82.60,81.10,82.27,7154,0,0
1531364400,82.58,82.81,81.66,82.42,5368,0,0
1531450800,82.51,82.51,80.62,81.36,6616,0,0
1531710000,80.98,81.37,79.72,79.72,5112,0,0
1531796400,80.01,81.87,79.92,81.03,7247,0,0
1531882800,80.59,81.39,80.37,80.96,4220,0,0
1531969200,80.82,81.01,79.75,80.56,5670,0,0
1532055600,80.19,81.11,79.92,80.19,5975,0,0
1532314800,80.30,80.56,79.05,80.14,7133,0,0
1532401200,80.40,81.98,80.01,81.96,5945,0,0
1532487600,80.81,83.26,80.80,81.94,9501,0,0
1532574000,82.08,85.37,81.86,84.74,10951,0,0
1532660400,84.88,85.34,82.42,82.84,9491,0,0
1532919600,84.20,84.20,81.05,81.30,8475,0,0
1533006000,82.60,82.60,80.32,81.12,7679,0,0
1533092400,81.58,81.97,80.44,80.68,5398,0,0
1533178800,79.96,81.51,79.81,81.39,4905,0,0
1533265200,82.60,82.60,80.85,81.11,5004,0,0
1533524400,80.56,84.13,80.56,83.21,11187,0,0
1533610800,82.72,84.36,82.72,83.37,6599,0,0
1533697200,83.96,83.96,79.30,80.62,14951,0,0
1533783600,82.81,82.81,74.09,77.50,30279,0,0
1533870000,76.54,76.72,75.40,75.81,4765,0,0
1534129200,76.34,76.56,74.07,74.23,7153,0,0
1534215600,74.59,74.83,72.86,73.30,6601,0,0
1534302000,73.09,74.87,72.58,74.42,8101,0,0
1534388400,74.80,75.39,72.52,72.89,9590,0,0
1534474800,72.87,73.80,72.62,73.56,4211,0,0
1534734000,72.62,75.14,72.62,74.96,6752,0,0
1534820400,74.56,76.37,74.47,74.88,8686,0,0
1534906800,76.13,77.04,75.69,76.59,5637,0,0
1534993200,77.06,77.21,75.50,76.00,5925,0,0
1535079600,76.28,76.76,76.05,76.15,3261,0,0
1535338800,76.04,77.79,76.01,77.56,5085,0,0
1535425200,77.49,78.40,77.03,77.43,6682,0,0
1535511600,77.57,78.22,77.11,78.20,3989,0,0
1535598000,77.18,78.45,77.09,78.20,4252,0,0
1535684400,78.20,79.03,77.50,78.15,7568,0,0
1536030000,78.01,78.09,76.68,76.69,3750,0,0
1536116400,77.18,77.18,75.57,76.53,6396,0,0
1536202800,75.94,77.18,74.84,76.36,10644,0,0
1536289200,77.00,77.00,74.96,76.20,8193,0,0
1536548400,76.64,76.79,74.48,74.48,6167,0,0
1536634800,74.66,75.52,73.87,75.10,7115,0,0
1536721200,75.04,75.51,74.08,74.08,4801,0,0
1536807600,74.09,76.29,74.07,75.30,8072,0,0
1536894000,74.08,77.00,74.08,77.00,7317,0,0
1537153200,76.81,77.40,74.54,75.31,10571,0,0
1537239600,77.12,77.27,75.56,77.20,8383,0,0
1537326000,76.59,77.53,75.61,77.36,7711,0,0
1537412400,77.20,78.53,77.18,78.33,3925,0,0
1537498800,78.26,78.53,77.54,78.10,4509,0,0
1537758000,77.87,78.93,77.01,78.34,8420,0,0
1537844400,77.64,79.04,77.64,78.88,3900,0,0
1537930800,78.12,79.46,77.47,78.38,9293,0,0
1538017200,78.58,79.65,78.38,78.64,6196,0,0
1538103600,78.49,79.70,78.49,79.36,3844,0,0
1538362800,80.51,80.71,79.47,79.56,3795,0,0
1538449200,79.42,80.14,79.02,79.92,4315,0,0
1538535600,79.98,79.98,78.70,79.25,4583,0,0
1538622000,78.30,78.77,77.17,77.36,5639,0,0
1538708400,77.71,77.77,76.00,76.00,4580,0,0
1538967600,75.46,76.65,75.23,75.66,6608,0,0
1539054000,75.72,76.63,73.93,73.93,9056,0,0
1539140400,74.10,74.77,70.68,70.68,11914,0,0
1539226800,70.23,72.35,70.23,71.03,8613,0,0
1539313200,72.73,73.42,71.69,73.42,6963,0,0
1539572400,71.70,73.06,71.56,72.22,6202,0,0
1539658800,73.01,73.45,72.14,72.14,4369,0,0
1539745200,73.34,74.43,72.91,74.43,4887,0,0
1539831600,74.12,74.30,72.34,73.27,7735,0,0
1539918000,72.88,73.38,71.41,71.41,6173,0,0
1540177200,72.84,74.06,72.23,73.00,8735,0,0
1540263600,72.31,73.68,71.48,72.29,10930,0,0
1540350000,72.51,73.85,69.91,71.08,16116,0,0
1540436400,70.94,72.93,70.45,71.06,12089,0,0
1540522800,71.09,72.05,70.05,71.05,9908,0,0
1540778400,71.00,73.61,70.37,70.94,16068,0,0
1540864800,71.58,73.98,70.91,73.50,10538,0,0
1540951200,73.84,75.93,73.50,74.02,11743,0,0
1541037600,75.40,76.31,74.78,75.67,6955,0,0
1541124000,77.29,77.42,74.04,74.90,10909,0,0
1541383200,74.20,80.92,73.55,79.68,23154,0,0
1541469600,79.66,80.32,76.97,77.65,11710,0,0
1541556000,78.00,80.61,77.65,80.18,9325,0,0
1541642400,80.30,80.73,77.98,79.87,12733,0,0
1541728800,78.85,78.95,76.81,76.86,5695,0,0
1541988000,77.28,77.59,75.65,76.99,9006,0,0
1542074400,77.03,77.24,76.00,77.12,5995,0,0
1542160800,77.14,77.39,75.38,75.45,5851,0,0
1542247200,76.20,76.20,73.69,74.69,8781,0,0
1542333600,74.66,75.48,73.28,73.41,7855,0,0
1542592800,74.48,75.02,70.83,70.97,12175,0,0
1542679200,71.94,71.94,69.08,69.70,8714,0,0
1542765600,69.68,71.56,69.48,71.12,6833,0,0
1542852000,70.51,70.51,70.51,70.51,1,0,0
1542938400,69.48,71.09,69.47,70.55,5414,0,0
1543197600,70.68,72.72,70.68,71.30,8665,0,0
1543284000,70.99,73.36,70.73,73.36,7196,0,0
1543370400,73.17,75.00,72.72,74.44,8261,0,0
1543456800,74.89,75.34,74.09,74.90,6259,0,0
1543543200,74.84,76.04,73.99,75.63,8294,0,0
1543802400,77.40,78.23,76.66,76.68,6045,0,0
1543888800,76.54,77.38,74.07,74.27,10901,0,0
1544061600,73.59,75.65,73.00,75.09,9482,0,0
1544148000,75.28,75.38,72.33,73.37,10500,0,0
1544234400,73.22,73.38,73.22,73.30,601,0,0
1544407200,73.15,74.13,72.47,73.31,7891,0,0
1544493600,74.17,75.01,73.46,74.09,7539,0,0
1544580000,74.34,75.88,73.68,74.39,10898,0,0
1544666400,74.39,75.28,72.84,73.31,9509,0,0
1544752800,72.73,73.35,71.90,72.65,7072,0,0
1545012000,71.96,72.19,68.19,70.23,15673,0,0
1545098400,70.23,71.95,69.25,70.18,13381,0,0
1545184800,70.59,72.28,68.16,69.97,19041,0,0
1545271200,69.61,69.99,67.31,68.50,10619,0,0
1545357600,68.41,68.60,64.89,65.70,11714,0,0
1545616800,66.90,66.90,64.27,64.70,7656,0,0
1545789600,65.16,69.27,64.61,67.87,16519,0,0
1545876000,67.87,69.08,66.60,68.49,10829,0,0
1545962400,68.49,69.39,68.09,68.40,6256,0,0
1546221600,68.54,69.79,68.47,68.93,5655,0,0
1546394400,67.51,69.49,67.21,68.85,8009,0,0
1546480800,68.54,68.54,66.31,67.07,7478,0,0
1546567200,66.97,69.47,66.77,68.60,9422,0,0
1546653600,68.64,68.65,68.60,68.60,149,0,0
1546826400,68.89,69.22,68.17,68.48,4229,0,0
1546912800,69.57,70.17,67.33,67.47,8960,0,0
1546999200,65.96,67.29,65.49,65.89,8819,0,0
1547085600,65.89,67.41,65.37,66.54,8615,0,0
1547172000,66.73,67.20,66.26,66.80,4543,0,0
1547431200,66.50,68.35,65.87,67.79,9162,0,0
1547517600,68.38,68.64,67.24,67.51,4836,0,0
1547604000,67.81,68.10,66.81,67.12,4673,0,0
1547690400,67.01,69.61,66.81,68.85,9365,0,0
1547776800,68.88,71.04,68.85,69.65,9046,0,0
1547863200,69.73,69.73,69.73,69.73,1,0,0
1548122400,69.77,70.90,67.64,69.18,14836,0,0
1548208800,69.18,69.86,68.63,69.62,5029,0,0
1548295200,69.30,72.21,69.30,71.79,8325,0,0
1548381600,71.83,73.46,71.73,72.19,7725,0,0
1548640800,71.88,73.36,71.25,71.51,9649,0,0
1548727200,71.51,73.01,71.50,72.82,4320,0,0
1548813600,72.82,73.57,72.20,72.50,6074,0,0
1548900000,72.70,74.09,72.70,73.13,5874,0,0
1548986400,73.81,74.48,72.76,73.43,7650,0,0
1549072800,72.83,72.83,72.83,72.83,1,0,0
1549245600,73.04,75.45,73.04,74.10,9438,0,0
1549332000,75.56,77.17,75.15,76.13,8648,0,0
1549418400,76.12,76.59,75.00,76.06,7818,0,0
1549504800,75.28,76.43,74.49,75.87,8198,0,0
1549591200,76.00,76.34,74.50,74.83,6271,0,0
1549850400,74.39,75.82,74.05,74.05,8028,0,0
1549936800,75.43,76.90,74.49,76.90,8372,0,0
1550023200,76.49,77.89,75.80,77.22,8607,0,0
1550109600,76.95,76.95,74.29,74.29,6641,0,0
1550196000,74.14,77.37,74.14,76.08,11323,0,0
1550541600,76.55,78.90,76.40,77.30,10620,0,0
1550628000,77.39,78.00,76.45,76.91,6530,0,0
1550714400,77.14,78.00,76.02,76.09,7279,0,0
1550800800,76.50,77.18,74.84,76.48,11630,0,0
1550887200,76.48,76.48,76.48,76.48,2,0,0
1551060000,76.70,77.92,75.01,75.62,11833,0,0
1551146400,75.39,76.78,74.95,76.41,6589,0,0
1551232800,76.36,78.07,67.94,69.20,32769,0,0
1551319200,69.30,70.50,67.68,67.77,10268,0,0
1551405600,67.79,69.04,67.75,68.62,4367,0,0
1551664800,68.99,69.59,67.62,67.93,7243,0,0
1551751200,67.64,70.19,67.64,70.15,6475,0,0
1551837600,70.12,70.63,69.22,70.09,6978,0,0
1551924000,70.01,70.34,68.09,69.08,8904,0,0
1552010400,68.73,68.73,68.73,68.73,1,0,0
1552096800,68.79,68.79,68.79,68.79,1,0,0
1552269600,68.95,69.21,67.74,69.21,6703,0,0
1552356000,68.58,69.72,67.57,69.28,8998,0,0
1552442400,69.32,70.79,69.01,70.51,5886,0,0
1552528800,70.39,71.31,69.49,69.79,7629,0,0
1552615200,69.87,70.78,69.44,70.06,6254,0,0
1552874400,70.13,70.90,69.72,70.40,5214,0,0
1552960800,70.74,71.52,69.44,70.38,9489,0,0
1553047200,70.43,71.23,70.03,71.20,4107,0,0
1553133600,70.79,71.39,70.20,70.69,5689,0,0
1553220000,70.94,70.94,68.44,68.73,7004,0,0
1553479200,69.63,70.64,68.30,70.64,9201,0,0
1553565600,69.38,71.34,69.38,70.42,7219,0,0
1553652000,70.42,71.45,69.56,69.56,7326,0,0
1553738400,70.26,70.66,68.87,69.28,6477,0,0
1553824800,70.58,70.58,69.32,70.50,6087,0,0
1554087600,70.90,71.10,69.68,71.10,6587,0,0
1554174000,70.45,71.10,69.75,70.48,6646,0,0
1554260400,71.27,71.84,70.59,70.62,4619,0,0
1554346800,70.59,71.64,70.13,71.26,5899,0,0
1554433200,70.65,71.64,70.06,70.81,7471,0,0
1554692400,70.22,71.75,70.22,71.56,4338,0,0
1554778800,70.22,71.88,70.22,71.72,4589,0,0
1554865200,71.45,72.45,70.91,72.39,5370,0,0
1554951600,72.00,72.92,71.90,72.62,3575,0,0
1555038000,72.56,74.37,72.30,73.57,7854,0,0
1555297200,74.00,75.12,73.05,73.81,9883,0,0
1555383600,73.89,74.55,72.08,73.63,11700,0,0
1555470000,73.72,74.26,73.31,73.40,3933,0,0
1555556400,74.00,75.50,73.01,73.41,10965,0,0
1555902000,75.70,75.70,73.36,73.76,6822,0,0
1555988400,73.59,75.80,73.59,75.59,6022,0,0
1556074800,76.56,76.56,73.59,75.34,11793,0,0
1556161200,76.50,76.50,73.52,73.62,7669,0,0
1556247600,74.75,75.30,73.98,75.22,5426,0,0
1556506800,75.60,75.60,73.75,74.86,7403,0,0
1556593200,74.83,75.57,74.00,74.33,6592,0,0
1556679600,74.68,75.12,72.81,72.86,7017,0,0
1556766000,71.76,73.76,71.20,72.42,11174,0,0
1556852400,71.87,74.09,71.87,74.09,5550,0,0
1557111600,70.73,73.47,70.46,71.69,12649,0,0
1557198000,72.03,72.35,70.36,70.36,5780,0,0
1557284400,69.59,71.43,68.94,69.28,11681,0,0
1557370800,68.35,73.02,67.25,72.20,19241,0,0
1557457200,73.43,73.94,70.63,73.31,16266,0,0
1557716400,71.83,73.89,69.38,70.69,19732,0,0
1557802800,70.84,73.08,70.39,71.90,10801,0,0
1557889200,71.55,72.05,69.43,71.56,13070,0,0
1557975600,71.55,72.69,70.08,72.18,11531,0,0
1558062000,70.81,72.86,70.75,72.53,6222,0,0
1558321200,70.47,71.54,69.78,70.26,8274,0,0
1558407600,71.02,71.41,68.90,71.30,11862,0,0
1558494000,70.00,71.09,69.34,69.58,7687,0,0
1558580400,69.80,70.73,68.20,68.73,10020,0,0
1558666800,69.26,69.84,66.57,66.76,10115,0,0
1559012400,67.73,69.22,67.41,67.41,8236,0,0
1559098800,66.24,68.78,66.14,67.45,10162,0,0
1559185200,67.50,68.05,66.43,66.43,5384,0,0
1559271600,66.04,66.97,65.49,66.20,6984,0,0
1559530800,65.08,67.61,65.08,66.33,9514,0,0
1559617200,65.31,71.46,65.31,71.46,15364,0,0
1559703600,70.07,71.76,69.22,69.22,10564,0,0
1559790000,71.40,71.51,69.14,69.26,6527,0,0
1559876400,71.40,72.43,69.54,72.09,12703,0,0
1560135600,71.48,72.59,69.79,71.35,13666,0,0
1560222000,70.00,72.50,70.00,72.10,7240,0,0
1560308400,73.62,73.62,70.21,72.35,13885,0,0
1560394800,72.40,73.54,72.00,72.53,7403,0,0
1560481200,71.37,72.39,69.45,71.07,13983,0,0
1560740400,71.37,71.49,70.63,71.42,4144,0,0
1560826800,69.78,72.80,69.78,72.62,7999,0,0
1560913200,72.17,74.08,72.17,74.06,4794,0,0
1560999600,74.80,74.89,73.77,74.45,4727,0,0
1561086000,73.84,75.55,73.59,75.12,6614,0,0
1561345200,75.52,75.62,74.75,75.17,3430,0,0
1561431600,74.40,75.34,73.59,73.78,7203,0,0
1561518000,74.04,74.74,71.39,73.20,14661,0,0
1561604400,73.94,74.41,73.32,73.90,5319,0,0
1561690800,74.00,76.09,73.78,75.20,8600,0,0
1561950000,77.58,77.58,75.26,75.26,5790,0,0
1562036400,76.14,76.96,75.54,76.46,6271,0,0
1562122800,77.41,77.41,76.20,76.81,4554,0,0
1562295600,77.00,77.14,76.01,76.76,5079,0,0
1562554800,77.69,77.69,75.01,75.58,8140,0,0
1562641200,74.68,75.56,74.07,74.47,6945,0,0
1562727600,75.79,75.79,73.73,74.72,7624,0,0
1562814000,73.54,75.14,73.54,75.08,4186,0,0
1562900400,75.59,75.59,74.15,75.23,6307,0,0
1563159600,75.23,75.61,74.90,75.36,3258,0,0
1563246000,75.59,75.92,74.68,75.42,5753,0,0
1563332400,75.50,76.01,72.87,74.51,13277,0,0
1563418800,75.52,76.21,73.74,75.64,12077,0,0
1563505200,75.57,76.17,75.12,75.16,4231,0,0
1563764400,76.15,76.68,75.14,76.67,6416,0,0
1563850800,76.12,76.46,75.52,76.46,3846,0,0
1563937200,76.51,77.08,75.73,76.84,5939,0,0
1564023600,76.51,77.84,76.21,77.14,6553,0,0
1564110000,76.51,78.84,76.51,78.65,6263,0,0
1564369200,78.85,78.85,76.20,76.65,7754,0,0
1564455600,77.00,77.59,75.96,76.95,8091,0,0
1564542000,77.80,77.81,73.93,73.93,9736,0,0
1564628400,77.09,77.09,74.56,74.56,6351,0,0
1564714800,75.09,75.30,71.87,74.02,14441,0,0
1564974000,71.59,73.10,69.39,69.45,13242,0,0
1565060400,72.20,73.67,69.68,69.68,13677,0,0
1565146800,69.84,77.20,69.65,76.62,20776,0,0
1565233200,76.45,78.36,75.90,76.72,11664,0,0
1565319600,76.90,77.30,75.41,76.62,8805,0,0
1565578800,74.63,77.05,74.19,76.70,9097,0,0
1565665200,76.80,78.53,76.23,77.90,8750,0,0
1565751600,77.23,78.00,73.81,76.36,18701,0,0
1565838000,76.60,76.78,74.93,76.49,8968,0,0
1565924400,77.70,77.89,76.04,76.87,7168,0,0
1566183600,78.07,78.36,76.47,77.64,8360,0,0
1566270000,77.20,78.12,76.50,77.54,7269,0,0
1566356400,77.80,78.78,76.59,78.78,8459,0,0
1566442800,78.09,78.67,76.75,77.20,7313,0,0
1566529200,77.20,78.37,75.57,75.78,10453,0,0
1566788400,76.18,77.94,76.04,77.59,5985,0,0
1566874800,77.93,77.93,76.42,77.78,7192,0,0
1566961200,77.64,78.43,76.26,77.51,10555,0,0
1567047600,77.64,79.05,77.51,77.87,7103,0,0
1567134000,78.36,78.90,76.76,78.84,9479,0,0
1567479600,77.61,78.74,77.26,77.98,6473,0,0
1567566000,77.01,78.70,77.01,78.18,5501,0,0
1567652400,77.40,80.44,76.90,79.72,11895,0,0
1567738800,81.29,81.29,77.17,78.81,14397,0,0
1567998000,79.70,80.05,76.85,79.78,15827,0,0
1568084400,77.54,81.32,77.54,80.81,10721,0,0
1568170800,81.03,82.67,80.02,82.67,9142,0,0
1568257200,82.31,82.66,81.47,81.70,4400,0,0
1568343600,81.74,82.86,81.15,82.56,6468,0,0
1568602800,83.42,83.45,81.39,83.45,10201,0,0
1568689200,83.20,83.82,82.28,83.04,7283,0,0
1568775600,81.95,83.74,81.48,83.07,8473,0,0
1568862000,83.02,83.02,81.81,82.32,4253,0,0
1568948400,83.02,83.38,81.12,81.14,6593,0,0
1569207600,80.62,81.14,80.28,80.84,3746,0,0
1569294000,81.53,81.53,79.26,80.81,9536,0,0
1569380400,79.93,80.80,78.50,80.61,9766,0,0
1569466800,79.93,80.77,78.06,78.08,8903,0,0
1569553200,78.87,80.20,77.49,77.79,10857,0,0
1569812400,77.59,80.25,76.04,80.25,14425,0,0
1569898800,79.71,80.26,77.79,79.35,11441,0,0
1569985200,78.07,78.82,75.72,75.80,9815,0,0
1570071600,76.96,79.18,76.60,78.04,10213,0,0
1570158000,77.95,79.63,77.66,79.40,6220,0,0
1570417200,77.95,79.51,77.09,78.04,11860,0,0
1570503600,77.95,78.70,76.89,77.57,8090,0,0
1570590000,77.95,79.01,76.53,76.81,9579,0,0
1570676400,78.28,79.29,77.12,79.24,8468,0,0
1570762800,79.30,80.14,78.87,78.94,5445,0,0
1571022000,78.40,80.69,78.40,80.69,5739,0,0
1571108400,79.81,81.18,79.60,81.18,4500,0,0
1571194800,81.01,81.50,80.58,81.30,3885,0,0
1571281200,80.99,81.76,80.83,81.46,3483,0,0
1571367600,81.09,81.34,80.25,81.22,5162,0,0
1571626800,81.14,81.41,80.54,81.29,3953,0,0
1571713200,81.14,81.33,80.46,80.60,3004,0,0
1571799600,80.91,81.54,80.65,81.54,2872,0,0
1571886000,82.10,82.10,80.67,81.27,5085,0,0
1571972400,81.28,83.06,80.72,82.91,7607,0,0
1572228000,81.95,83.42,81.60,82.12,8672,0,0
1572314400,82.50,83.19,81.50,82.10,7396,0,0
1572400800,81.97,82.57,81.08,82.38,6418,0,0
1572487200,81.70,82.49,81.42,81.94,4761,0,0
1572573600,80.69,81.69,80.30,81.20,5702,0,0
1572832800,81.53,82.26,79.80,81.35,11878,0,0
1572919200,81.35,81.91,80.26,81.91,6874,0,0
1573005600,81.53,82.42,77.90,79.00,16265,0,0
1573092000,79.09,79.09,72.54,77.69,29272,0,0
1573178400,75.11,75.11,75.11,75.11,1,0,0
1573264800,75.05,75.48,75.05,75.47,1103,0,0
1573437600,75.05,76.00,74.11,75.50,8309,0,0
1573524000,74.20,76.21,73.59,74.90,11323,0,0
1573610400,73.59,74.86,73.51,74.50,4510,0,0
1573696800,74.60,74.90,73.90,74.58,4943,0,0
1573783200,74.80,75.40,73.73,73.94,6191,0,0
1574042400,72.70,74.26,72.70,73.55,5646,0,0
1574128800,73.45,74.14,72.81,73.52,6475,0,0
1574215200,73.52,75.28,73.48,73.83,8226,0,0
1574301600,73.83,75.03,73.73,74.92,3772,0,0
1574388000,74.92,76.14,74.77,75.34,5775,0,0
1574647200,76.40,76.42,75.08,76.10,5976,0,0
1574733600,76.28,76.75,74.84,75.50,7592,0,0
1574820000,76.15,76.67,74.97,75.19,6116,0,0
1574906400,75.20,75.47,75.20,75.20,1367,0,0
1574992800,74.81,76.41,74.69,76.13,5326,0,0
1575252000,75.08,76.05,74.73,75.12,6541,0,0
1575338400,75.44,76.22,74.16,75.00,9203,0,0
1575424800,74.79,77.40,74.79,77.00,7515,0,0
1575511200,76.99,77.32,75.21,77.00,10537,0,0
1575597600,77.00,77.98,75.45,77.21,12077,0,0
1575684000,77.21,77.21,77.21,77.21,2,0,0
1575856800,76.05,77.16,75.15,75.15,7813,0,0
1575943200,75.15,77.08,75.05,76.05,7905,0,0
1576029600,76.05,77.51,75.84,76.05,8349,0,0
1576116000,76.00,78.32,76.00,78.29,5908,0,0
1576202400,78.29,79.67,76.29,78.98,15140,0,0
1576288800,79.31,79.40,79.20,79.31,1003,0,0
1576461600,78.20,81.37,77.65,78.17,18494,0,0
1576548000,78.17,81.57,78.15,79.55,13630,0,0
1576634400,80.20,81.11,78.11,79.65,13633,0,0
1576720800,79.88,81.53,78.48,81.53,11135,0,0
1576807200,81.53,82.52,78.58,81.88,18804,0,0
1576893600,81.83,81.88,81.83,81.88,125,0,0
1577066400,82.42,82.42,80.61,81.30,6250,0,0
1577152800,83.12,83.12,81.12,81.72,6479,0,0
1577325600,82.08,82.87,81.77,82.82,3659,0,0
1577412000,82.82,83.71,82.16,83.41,6236,0,0
1577671200,83.40,83.80,82.03,82.16,5716,0,0
1577930400,83.58,83.84,82.13,82.40,5585,0,0
1578016800,83.13,83.31,80.67,80.89,7604,0,0
1578276000,81.73,83.00,81.47,81.54,7144,0,0
1578362400,82.30,83.00,81.53,82.02,6613,0,0
1578448800,81.92,83.80,78.62,82.86,23548,0,0
1578535200,82.66,84.20,82.30,84.20,5656,0,0
1578621600,84.20,84.60,82.83,84.32,8507,0,0
1578880800,84.43,84.97,82.91,83.30,7456,0,0
1578967200,83.34,84.13,82.30,83.80,7971,0,0
1579053600,82.60,84.00,82.45,83.80,4745,0,0
1579140000,83.94,83.94,81.62,82.40,7737,0,0
1579226400,82.33,83.76,81.87,82.15,8989,0,0
1579572000,81.50,82.42,78.62,79.71,14476,0,0
1579658400,79.71,80.57,79.35,79.35,5181,0,0
1579744800,79.35,81.20,78.99,79.79,9915,0,0
1579831200,81.17,81.51,76.23,76.25,14059,0,0
1579917600,76.09,78.25,76.09,78.25,5399,0,0
1580090400,76.72,76.74,74.70,76.63,9963,0,0
1580176800,75.45,77.68,75.45,76.40,8771,0,0
1580263200,74.95,77.32,74.42,76.38,10948,0,0
1580349600,75.87,76.48,74.17,75.31,10129,0,0
1580436000,75.06,75.47,72.85,73.32,8762,0,0
1580695200,73.39,74.23,72.50,73.63,8084,0,0
1580781600,74.45,75.80,73.18,74.61,12721,0,0
1580868000,76.54,78.34,74.88,77.34,15268,0,0
1580954400,77.57,78.92,77.50,78.40,5039,0,0
1581040800,78.09,79.48,74.77,76.40,19277,0,0
1581300000,76.34,77.42,75.33,75.42,8089,0,0
1581386400,76.54,76.76,75.39,76.15,5903,0,0
1581472800,78.20,78.81,76.50,78.70,10340,0,0
1581559200,78.26,79.97,77.16,79.22,11655,0,0
1581645600,79.40,80.87,79.01,79.01,8349,0,0
1581991200,79.77,81.40,77.92,77.92,12791,0,0
1582077600,81.33,81.33,78.52,78.91,7993,0,0
1582164000,79.11,79.48,77.90,78.35,6006,0,0
1582250400,78.34,78.71,76.88,77.76,7732,0,0
1582509600,73.05,75.59,71.13,71.44,18292,0,0
1582596000,72.50,72.50,68.45,69.53,12826,0,0
1582682400,69.33,70.75,63.15,66.58,31088,0,0
1582768800,66.56,69.09,63.62,65.82,25541,0,0
1582855200,65.34,68.72,63.85,68.20,17212,0,0
1582941600,68.20,68.20,68.20,68.20,1,0,0
1583114400,69.91,70.30,66.09,68.59,17732,0,0
1583200800,69.07,70.05,65.89,67.72,17413,0,0
1583287200,67.72,69.43,66.87,68.56,10696,0,0
1583373600,68.95,68.96,65.32,66.08,10991,0,0
1583460000,66.28,67.33,63.26,64.00,14645,0,0
1583546400,63.84,64.48,63.30,63.30,4556,0,0
1583719200,61.88,63.47,58.88,62.60,21163,0,0
1583805600,62.80,64.09,59.96,61.09,16406,0,0
1583892000,59.86,61.96,56.89,57.52,19500,0,0
1583978400,55.00,55.00,49.79,49.79,13002,0,0
1584064800,53.32,58.07,50.83,56.33,28705,0,0
1584324000,53.13,56.44,50.12,52.86,30957,0,0
1584410400,53.84,55.46,50.12,53.40,25581,0,0
1584496800,51.06,53.01,46.62,50.90,31550,0,0
1584583200,49.20,49.45,46.06,47.45,12588,0,0
1584669600,50.22,51.80,46.29,46.84,19124,0,0
1584928800,46.01,48.97,44.29,46.08,23248,0,0
1585015200,49.42,50.95,47.37,50.20,15944,0,0
1585101600,50.20,57.91,49.54,56.48,26189,0,0
1585188000,53.40,57.17,53.11,55.70,14560,0,0
1585274400,54.88,55.92,49.53,49.58,18679,0,0
1585537200,50.70,52.84,48.64,52.18,17324,0,0
1585623600,53.89,55.64,51.90,53.20,16964,0,0
1585710000,52.36,53.08,49.94,51.23,12837,0,0
1585796400,51.91,53.36,49.71,50.20,13974,0,0
1585882800,49.17,51.72,48.16,48.93,17258,0,0
1586142000,53.29,54.46,50.90,54.12,15728,0,0
1586228400,64.00,64.00,54.65,55.13,24568,0,0
1586314800,63.26,63.26,53.90,54.99,26150,0,0
1586401200,55.30,58.50,53.92,58.03,16052,0,0
1586746800,54.65,62.90,54.56,57.04,35751,0,0
1586833200,69.00,69.00,56.08,56.17,32526,0,0
1586919600,57.51,58.05,55.54,56.79,10799,0,0
1587006000,58.39,59.60,55.72,59.40,16880,0,0
1587092400,58.58,59.64,58.03,58.92,7216,0,0
1587351600,58.09,59.02,56.38,56.74,9819,0,0
1587438000,56.01,56.42,52.62,53.96,13860,0,0
1587524400,55.47,55.86,53.09,53.44,8718,0,0
1587610800,53.59,55.56,53.11,53.99,11202,0,0
1587697200,55.15,55.76,53.34,54.49,10448,0,0
1587956400,55.89,56.44,54.90,55.06,5634,0,0
1588042800,56.40,58.45,55.97,58.10,8106,0,0
1588129200,58.06,62.56,57.60,62.48,13763,0,0
1588215600,61.55,62.56,57.12,58.58,19784,0,0
1588302000,58.19,58.54,56.72,57.77,8026,0,0
1588561200,56.34,57.78,55.53,56.70,10373,0,0
1588647600,57.25,58.33,54.68,56.02,15179,0,0
1588734000,55.65,56.80,54.31,54.55,9649,0,0
1588820400,55.93,57.93,55.10,57.37,10556,0,0
1588906800,58.90,58.90,54.76,57.38,16906,0,0
1589166000,57.51,58.03,56.08,56.13,6344,0,0
1589252400,56.78,56.96,54.93,54.95,5562,0,0
1589338800,56.17,56.17,53.46,54.58,9587,0,0
1589425200,54.36,57.56,52.12,55.46,24410,0,0
1589511600,55.25,56.36,54.45,55.34,9370,0,0
1589770800,56.52,63.24,56.18,62.44,20473,0,0
1589857200,64.00,64.00,61.67,62.15,6985,0,0
1589943600,63.68,65.71,62.39,64.26,15127,0,0
1590030000,64.23,64.93,63.03,63.78,8367,0,0
1590116400,62.66,65.96,61.58,65.28,15345,0,0
1590462000,67.92,70.56,67.74,69.96,8969,0,0
1590548400,71.25,73.06,67.73,68.19,18995,0,0
1590634800,68.29,68.62,65.79,66.12,8705,0,0
1590721200,66.43,66.93,64.70,65.76,9451,0,0
1590980400,66.01,67.34,65.37,66.72,8109,0,0
1591066800,67.64,68.04,65.28,66.70,11454,0,0
1591153200,67.17,70.00,65.84,70.00,13750,0,0
1591239600,68.71,69.96,68.32,69.18,7005,0,0
1591326000,70.32,74.15,70.30,72.84,12946,0,0
1591585200,71.99,75.50,71.99,73.79,13008,0,0
1591671600,71.50,73.04,70.55,70.80,10681,0,0
1591758000,71.49,71.70,68.50,68.50,8505,0,0
1591844400,67.19,67.72,63.06,64.76,17208,0,0
1591930800,65.08,66.83,62.93,64.68,18461,0,0
1592190000,61.74,67.50,61.74,66.46,16989,0,0
1592276400,68.18,70.00,65.66,66.36,17117,0,0
1592362800,66.70,68.15,64.89,65.25,12705,0,0
1592449200,65.38,66.56,63.71,65.36,14240,0,0
1592535600,65.51,66.85,64.08,64.13,10413,0,0
1592794800,64.90,66.62,63.80,66.42,10302,0,0
1592881200,66.12,67.18,65.53,66.87,6341,0,0
1592967600,66.47,66.73,63.33,64.99,13315,0,0
1593054000,64.22,65.03,62.57,64.38,11897,0,0
1593140400,64.11,65.04,61.30,63.23,16502,0,0
1593399600,61.42,63.91,61.39,63.90,6434,0,0
1593486000,63.61,64.15,62.62,63.53,7401,0,0
1593572400,64.23,66.73,62.81,66.46,14033,0,0
1593658800,68.01,68.49,66.33,67.00,8255,0,0
1594004400,68.55,69.25,66.12,68.14,14668,0,0
1594090800,67.06,68.79,66.20,66.75,12144,0,0
1594177200,65.94,67.26,65.32,67.20,6527,0,0
1594263600,66.16,67.38,65.09,67.38,8402,0,0
1594350000,66.56,68.90,65.48,68.90,11255,0,0
1594609200,68.41,69.41,66.71,68.53,13153,0,0
1594695600,67.58,71.72,65.56,70.36,23815,0,0
1594782000,70.15,72.24,69.73,71.96,8054,0,0
1594868400,70.00,71.36,68.95,68.97,9447,0,0
1594954800,69.80,71.06,68.75,70.76,9146,0,0
1595214000,68.05,70.96,68.02,69.40,11334,0,0
1595300400,69.84,70.52,68.08,69.23,10638,0,0
1595386800,69.05,69.11,67.27,68.80,8516,0,0
1595473200,69.10,69.33,67.00,68.80,10880,0,0
1595559600,65.71,69.72,65.71,67.78,14861,0,0
1595818800,68.48,68.88,66.88,68.62,9638,0,0
1595905200,68.00,69.23,67.09,69.23,7629,0,0
1595991600,67.59,69.00,67.07,68.01,8596,0,0
1596078000,66.90,68.38,66.25,67.96,8017,0,0
1596164400,67.27,68.20,65.05,66.76,14465,0,0
1596423600,65.67,67.76,65.44,66.20,10283,0,0
1596510000,66.47,67.29,64.96,66.92,10579,0,0
1596596400,67.20,69.54,66.67,68.07,12178,0,0
1596682800,68.26,73.82,66.88,72.84,23241,0,0
1596769200,72.09,73.23,69.67,70.24,13202,0,0
1597028400,71.19,71.98,69.25,70.57,12050,0,0
1597114800,72.40,73.91,71.02,72.31,14234,0,0
1597201200,74.51,74.51,72.15,72.59,6984,0,0
1597287600,71.68,72.99,71.59,72.50,4926,0,0
1597374000,71.41,72.43,70.71,71.14,7911,0,0
1597633200,71.73,72.66,69.82,71.06,12515,0,0
1597719600,70.81,71.65,69.14,71.47,10927,0,0
1597806000,70.84,72.28,70.05,70.34,9893,0,0
1597892400,70.90,71.50,69.74,71.37,7583,0,0
1597978800,70.50,72.50,69.87,71.33,11054,0,0
1598238000,71.86,73.48,71.80,73.48,4386,0,0
1598324400,75.35,75.35,72.44,74.56,12555,0,0
1598410800,73.34,75.34,73.04,73.50,11101,0,0
1598497200,74.36,77.90,73.85,76.40,15151,0,0
1598583600,75.79,78.40,75.44,77.50,10528,0,0
1598842800,78.61,78.61,75.76,76.92,10039,0,0
1598929200,76.55,77.91,75.68,77.91,7765,0,0
1599015600,77.72,78.73,75.85,77.11,12877,0,0
1599102000,77.21,78.81,76.29,76.59,11057,0,0
1599188400,78.18,78.89,75.91,77.36,12883,0,0
1599534000,75.80,77.36,74.76,74.81,10559,0,0
1599620400,76.59,77.81,72.94,74.89,20120,0,0
1599706800,73.96,76.04,71.86,74.58,19361,0,0
1599793200,73.41,74.34,70.75,71.17,12332,0,0
1600052400,72.80,73.26,70.92,73.26,10505,0,0
1600138800,72.29,73.30,71.34,72.20,9557,0,0
1600225200,71.91,73.69,71.48,73.69,6601,0,0
1600311600,71.70,73.16,70.28,71.97,13698,0,0
1600398000,71.72,71.84,68.66,71.08,14311,0,0
1600657200,67.84,68.33,65.28,67.37,14095,0,0
1600743600,65.71,67.30,65.01,66.03,10629,0,0
1600830000,67.41,67.86,65.23,66.05,9728,0,0
1600916400,65.64,67.91,64.15,67.91,13134,0,0
1601002800,66.32,66.55,64.59,65.98,8974,0,0
1601262000,67.14,69.54,67.14,68.42,8818,0,0
1601348400,68.13,68.53,66.82,67.87,7896,0,0
1601434800,66.60,69.42,66.40,69.42,8055,0,0
1601521200,69.04,70.06,68.28,69.98,6530,0,0
1601607600,68.46,69.37,67.11,67.83,9746,0,0
1601866800,68.52,69.42,66.33,66.90,11370,0,0
1601953200,67.94,70.32,67.00,67.16,14645,0,0
1602039600,68.98,71.07,68.96,71.06,5369,0,0
1602126000,70.74,73.50,70.11,72.60,12281,0,0
1602212400,71.72,74.14,71.07,74.11,9327,0,0
1602471600,72.99,75.46,72.50,75.44,8699,0,0
1602558000,73.37,74.47,70.73,73.01,17841,0,0
1602644400,71.57,72.02,67.36,70.44,20467,0,0
1602730800,68.39,69.08,67.20,68.36,9321,0,0
1602817200,67.13,69.12,66.29,67.09,14058,0,0
1603076400,66.96,67.45,65.80,66.90,8142,0,0
1603162800,66.32,67.60,66.20,67.23,4745,0,0
1603249200,66.29,69.20,65.81,68.98,10183,0,0
1603335600,67.60,71.96,67.60,71.96,10890,0,0
1603422000,71.62,74.27,70.40,74.27,12701,0,0
1603677600,71.07,71.87,68.43,71.21,16815,0,0
1603764000,70.10,71.61,66.93,66.93,15479,0,0
1603850400,66.46,67.42,64.10,64.40,11426,0,0
1603936800,65.18,65.97,63.48,64.40,10483,0,0
1604023200,63.98,66.50,63.54,65.45,11148,0,0
1604282400,65.17,66.30,63.00,65.08,16287,0,0
1604368800,65.08,67.76,63.68,67.03,15513,0,0
1604455200,67.33,70.36,66.60,67.86,17456,0,0
1604541600,70.14,71.63,67.80,69.61,17843,0,0
1604628000,69.59,72.10,68.37,72.10,12339,0,0
1604714400,72.10,72.12,72.10,72.12,51,0,0
1604887200,73.84,85.11,73.84,84.19,30463,0,0
1604973600,84.02,85.33,78.14,80.00,25891,0,0
1605060000,80.54,80.80,78.17,80.80,12492,0,0
1605146400,78.26,80.05,77.40,79.76,9544,0,0
1605232800,78.18,82.77,78.15,82.20,13042,0,0
1605319200,82.19,82.19,82.19,82.19,1,0,0
1605492000,82.88,85.69,82.46,84.00,13328,0,0
1605578400,83.90,84.24,82.20,83.36,8831,0,0
1605664800,82.64,84.34,79.79,81.09,18883,0,0
1605751200,80.99,83.01,79.84,80.03,13473,0,0
1605837600,79.81,81.60,79.38,79.61,10578,0,0
1606096800,80.52,82.70,79.51,82.35,11356,0,0
1606183200,82.35,84.66,80.49,84.46,15575,0,0
1606269600,84.49,84.74,81.70,82.78,10936,0,0
1606356000,83.80,83.80,83.80,83.80,1,0,0
1606442400,82.57,84.04,81.93,82.19,9646,0,0
1606701600,82.18,83.04,79.79,81.50,14541,0,0
1606788000,81.52,83.33,80.89,81.42,11929,0,0
1606874400,82.66,84.53,80.92,83.36,16286,0,0
1606960800,82.80,84.86,82.11,84.40,9718,0,0
1607047200,84.53,85.55,83.30,84.72,10769,0,0
1607306400,85.37,86.04,83.40,84.57,11241,0,0
1607392800,84.57,85.00,82.12,84.23,13546,0,0
1607479200,84.24,86.76,81.75,85.60,21697,0,0
1607565600,85.64,86.06,81.81,85.95,20459,0,0
1607652000,85.95,86.02,81.79,81.92,11053,0,0
1607911200,83.35,85.61,82.66,83.32,14671,0,0
1607997600,82.92,84.88,82.23,83.40,12019,0,0
1608084000,83.38,85.44,83.04,83.40,11951,0,0
1608170400,83.24,85.19,82.49,83.00,12954,0,0
1608256800,83.00,86.43,82.93,86.37,9101,0,0
1608516000,82.34,84.67,79.84,84.67,18335,0,0
1608602400,83.84,83.98,81.26,81.79,8453,0,0
1608688800,82.22,84.55,82.01,84.02,8201,0,0
1608775200,83.54,86.07,83.28,85.30,9554,0,0
1609120800,83.91,86.25,83.71,86.25,6842,0,0
1609207200,86.33,88.81,85.36,88.40,12084,0,0
1609293600,87.70,89.72,87.01,89.72,8492,0,0
1609380000,89.72,90.04,87.43,90.04,12261,0,0
1609466400,90.04,90.04,90.04,90.04,1,0,0
1609725600,89.77,90.40,85.03,86.52,18690,0,0
1609812000,87.08,89.12,86.00,87.70,14087,0,0
1609898400,87.50,91.92,85.95,90.59,22138,0,0
1609984800,90.60,92.24,88.75,90.76,17049,0,0
1610071200,90.94,92.64,88.82,91.35,18081,0,0
1610157600,91.35,91.65,90.90,90.90,2597,0,0
1610330400,91.02,91.50,87.95,88.95,12549,0,0
1610416800,88.95,89.79,87.46,89.22,11019,0,0
1610503200,87.90,89.36,86.82,88.00,12421,0,0
1610589600,88.00,88.66,86.96,87.82,8059,0,0
1610676000,87.81,87.98,84.62,84.73,9128,0,0
1610762400,84.67,86.28,84.67,86.28,4026,0,0
1611021600,85.47,87.16,84.58,87.16,8681,0,0
1611108000,87.16,87.16,84.95,86.18,8612,0,0
1611194400,86.78,87.56,83.70,84.48,13557,0,0
1611280800,84.48,85.00,81.58,82.06,11036,0,0
1611367200,82.07,82.44,82.07,82.44,935,0,0
1611540000,83.49,83.49,77.91,82.20,24657,0,0
1611626400,80.65,82.19,79.05,79.80,13579,0,0
1611712800,79.80,80.17,74.65,74.94,15447,0,0
1611799200,74.94,82.56,74.50,80.87,25468,0,0
1611885600,80.97,82.58,77.45,77.59,17231,0,0
1611972000,77.59,78.62,77.59,78.62,2571,0,0
1612144800,78.84,80.34,78.44,80.34,5756,0,0
1612231200,80.34,84.50,79.55,83.31,17360,0,0
1612317600,83.21,83.78,81.00,81.66,9996,0,0
1612404000,81.66,83.34,80.21,83.27,11608,0,0
1612490400,83.43,85.14,81.98,83.92,14564,0,0
1612749600,84.32,85.16,82.09,84.41,15148,0,0
1612836000,84.44,85.50,82.15,83.64,14727,0,0
1612922400,83.57,86.57,83.57,85.14,11087,0,0
1613008800,85.13,87.29,84.43,86.25,11486,0,0
1613095200,86.00,87.21,84.67,87.19,9714,0,0
1613181600,87.17,87.17,86.53,87.01,2781,0,0
1613440800,86.73,87.91,85.40,87.25,11270,0,0
1613527200,87.19,89.62,86.07,89.42,12183,0,0
1613613600,89.43,90.98,87.63,90.12,15063,0,0
1613700000,90.43,92.91,89.72,91.76,12646,0,0
1613786400,91.66,92.04,91.66,92.04,953,0,0
1613959200,91.16,95.66,90.10,94.74,18905,0,0
1614045600,94.74,95.07,91.96,93.51,12472,0,0
1614132000,93.45,100.90,93.00,98.47,26903,0,0
1614218400,98.67,99.07,90.29,91.20,25246,0,0
1614304800,91.00,93.74,89.50,93.11,15925,0,0
1614564000,97.02,97.30,92.06,93.76,18047,0,0
1614650400,92.92,93.68,91.02,91.64,10116,0,0
1614736800,91.64,93.32,90.71,90.71,10717,0,0
1614823200,90.71,93.22,86.37,86.37,23419,0,0
1614909600,86.38,92.56,86.30,92.36,16407,0,0
1614996000,92.34,92.42,92.32,92.42,306,0,0
1615168800,90.99,96.43,90.66,95.18,18359,0,0
1615255200,95.30,97.80,93.71,95.71,19398,0,0
1615341600,96.93,96.93,94.62,95.36,7633,0,0
1615428000,94.96,97.84,92.26,95.22,27241,0,0
1615514400,95.47,96.51,93.45,95.30,14882,0,0
1615600800,96.12,96.12,96.08,96.08,101,0,0
1615773600,98.04,98.04,94.92,97.42,14031,0,0
1615860000,99.40,99.40,95.02,95.02,10948,0,0
1615946400,94.97,100.37,94.82,99.13,17322,0,0
1616032800,97.86,98.92,93.71,95.61,20418,0,0
1616119200,95.94,95.94,90.70,93.30,19589,0,0
1616378400,93.78,93.80,88.38,89.12,15463,0,0
1616464800,90.58,90.58,87.39,88.12,9791,0,0
1616551200,86.92,91.12,86.92,88.10,18035,0,0
1616637600,88.24,91.77,85.86,91.60,21193,0,0
1616724000,91.95,94.60,90.00,92.74,20994,0,0
1616986800,90.49,95.02,90.47,95.00,11504,0,0
1617073200,95.26,95.26,92.66,93.41,8376,0,0
1617159600,92.28,94.54,92.18,93.84,7904,0,0
1617246000,94.70,96.32,93.59,96.32,9554,0,0
1617591600,96.90,97.49,94.15,96.11,14745,0,0
1617678000,95.68,97.88,95.68,97.48,6502,0,0
1617764400,96.98,97.58,95.40,96.91,10742,0,0
1617850800,94.83,97.51,94.83,97.40,6962,0,0
1617937200,97.68,98.21,95.00,97.88,15592,0,0
1618196400,97.14,97.94,95.83,96.30,8466,0,0
1618282800,97.07,97.48,94.77,95.66,10020,0,0
1618369200,95.71,99.29,95.71,98.46,11025,0,0
1618455600,98.96,100.34,97.04,97.26,12244,0,0
1618542000,95.96,99.51,95.96,99.14,9831,0,0
1618801200,97.73,99.45,97.33,97.33,9604,0,0
1618887600,96.52,98.20,92.64,93.58,20431,0,0
1618974000,93.40,94.98,92.49,94.18,10483,0,0
1619060400,94.91,95.79,93.71,95.04,10058,0,0
1619146800,94.62,96.72,94.08,95.90,9963,0,0
1619406000,96.92,98.68,95.80,98.68,10032,0,0
1619492400,99.88,99.88,96.20,96.20,9222,0,0
1619578800,96.56,101.76,96.56,99.77,17965,0,0
1619665200,101.57,102.63,97.92,97.92,14397,0,0
1619751600,97.92,100.33,97.39,98.72,12729,0,0
1620010800,99.75,100.17,96.78,96.79,9556,0,0
1620097200,97.60,97.60,94.04,95.53,12630,0,0
1620183600,96.05,96.90,91.20,93.66,22516,0,0
1620270000,93.50,93.50,90.21,91.62,11750,0,0
1620356400,92.54,94.48,90.69,92.58,18876,0,0
1620615600,92.56,93.36,88.46,88.46,14270,0,0
1620702000,88.36,90.63,88.17,89.91,8413,0,0
1620788400,87.58,89.76,85.47,87.14,20388,0,0
1620874800,87.51,90.94,86.45,90.94,13900,0,0
1620961200,90.94,92.47,89.00,92.47,13541,0,0
1621220400,90.64,92.07,88.33,88.44,13173,0,0
1621306800,90.18,90.46,87.21,87.81,10344,0,0
1621393200,86.03,91.70,85.96,90.40,17748,0,0
1621479600,91.65,92.50,90.47,92.50,8019,0,0
1621566000,91.65,93.45,90.79,92.80,10404,0,0
1621825200,91.85,94.76,91.84,94.50,7968,0,0
1621911600,92.13,94.82,91.72,94.46,9693,0,0
1621998000,94.42,94.77,92.35,94.37,11965,0,0
1622084400,92.35,94.48,91.53,93.72,11338,0,0
1622170800,92.18,94.75,92.18,94.32,7485,0,0
1622516400,95.46,95.64,92.12,92.74,10772,0,0
1622602800,94.10,94.10,91.57,92.74,9265,0,0
1622689200,94.06,94.06,89.52,91.77,16992,0,0
1622775600,92.89,93.12,89.80,92.61,15936,0,0
1623034800,92.58,93.59,91.06,93.04,11465,0,0
1623121200,92.86,92.86,91.52,92.31,5340,0,0
1623207600,90.36,94.26,89.63,94.26,13410,0,0
1623294000,93.39,93.65,91.36,93.62,10868,0,0
1623380400,93.20,93.60,91.70,91.93,6310,0,0
1623639600,93.72,93.72,91.55,92.18,7020,0,0
1623726000,91.23,93.22,91.23,92.04,7970,0,0
1623812400,92.68,92.74,90.95,90.95,4585,0,0
1623898800,91.76,92.72,90.98,92.24,7510,0,0
1623985200,90.18,92.07,89.00,89.55,13747,0,0
1624244400,90.50,91.62,89.28,90.72,11155,0,0
1624330800,90.00,91.01,89.62,90.41,5926,0,0
1624417200,89.96,90.54,89.30,90.46,4944,0,0
1624503600,90.56,90.73,89.11,90.22,7257,0,0
1624590000,90.77,91.93,89.79,90.13,9139,0,0
1624849200,91.60,92.30,86.84,88.16,18709,0,0
1624935600,87.80,88.95,86.73,87.02,9179,0,0
1625022000,86.54,88.84,86.24,87.58,10415,0,0
1625108400,88.18,88.90,87.48,88.90,5301,0,0
1625194800,89.40,90.30,88.12,89.72,10118,0,0
1625540400,89.02,89.79,88.26,89.79,5728,0,0
1625626800,89.34,89.44,86.18,86.62,9490,0,0
1625713200,84.50,87.25,84.50,86.70,8261,0,0
1625799600,86.96,88.25,86.12,88.07,7893,0,0
1626058800,86.74,88.66,85.96,86.56,13011,0,0
1626145200,89.81,90.10,87.38,87.57,7976,0,0
1626231600,89.41,89.41,87.03,87.21,6388,0,0
1626318000,86.44,87.88,85.17,86.38,13346,0,0
1626404400,87.69,87.69,85.28,85.65,6934,0,0
1626663600,84.38,85.12,81.56,83.16,14734,0,0
1626750000,84.10,85.65,82.13,85.60,13855,0,0
1626836400,84.06,88.28,83.49,87.13,16215,0,0
1626922800,87.29,88.26,86.43,87.89,7631,0,0
1627009200,88.40,89.18,87.25,88.00,8616,0,0
1627268400,88.99,89.60,87.28,89.20,11100,0,0
1627354800,88.60,90.40,88.19,88.87,10395,0,0
1627441200,88.30,90.69,88.17,89.28,10167,0,0
1627527600,87.26,89.98,87.26,87.45,13166,0,0
1627614000,86.72,90.42,86.72,87.16,17376,0,0
1627873200,87.50,89.34,86.45,87.03,13235,0,0
1627959600,87.98,88.62,84.57,84.77,12205,0,0
1628046000,83.98,86.36,82.17,86.30,15195,0,0
1628132400,84.97,89.07,84.62,88.07,14534,0,0
1628218800,89.00,89.06,86.20,87.30,10018,0,0
1628478000,87.00,87.06,85.15,85.40,5577,0,0
1628564400,85.98,88.40,85.58,88.00,9051,0,0
1628650800,88.19,88.41,86.40,87.94,9411,0,0
1628737200,86.50,88.56,86.19,87.48,9394,0,0
1628823600,85.99,88.73,85.44,88.09,11164,0,0
1629082800,86.02,88.10,83.77,85.26,19705,0,0
1629169200,87.49,87.49,82.94,84.42,15057,0,0
1629255600,84.73,85.76,82.86,84.94,13938,0,0
1629342000,81.70,84.96,81.02,84.96,11544,0,0
1629428400,82.56,84.86,82.30,84.86,7011,0,0
1629687600,84.51,85.91,82.74,85.91,12383,0,0
1629774000,85.48,89.92,84.58,89.92,15602,0,0
1629860400,88.60,91.13,88.43,90.43,8896,0,0
1629946800,89.56,91.64,89.44,90.81,7916,0,0
1630033200,91.95,93.08,91.00,92.38,9298,0,0
1630292400,92.55,92.55,90.60,91.68,7576,0,0
1630378800,92.76,92.76,91.00,92.28,7609,0,0
1630465200,90.94,93.19,90.94,92.20,8148,0,0
1630551600,91.10,93.02,91.10,92.06,7246,0,0
1630638000,92.90,93.30,91.07,91.88,8620,0,0
1630983600,90.50,94.23,90.30,94.23,10337,0,0
1631070000,93.45,94.31,90.07,91.01,15070,0,0
1631156400,92.96,93.82,92.27,93.03,7567,0,0
1631242800,93.11,94.00,92.09,92.09,6973,0,0
1631502000,91.35,93.70,89.66,93.04,16006,0,0
1631588400,90.75,93.77,90.75,93.35,8594,0,0
1631674800,95.30,97.20,92.70,94.98,21723,0,0
1631761200,96.05,96.36,91.59,91.59,12717,0,0
1631847600,92.89,94.56,92.42,93.04,10327,0,0
1632106800,90.53,93.86,90.35,93.01,11362,0,0
1632193200,92.80,95.17,92.80,92.89,11652,0,0
1632279600,95.47,97.36,93.12,96.36,18972,0,0
1632366000,97.36,99.71,95.66,98.90,16388,0,0
1632452400,98.45,100.11,98.00,99.52,7878,0,0
1632711600,99.40,101.50,98.63,99.21,13897,0,0
1632798000,100.10,100.93,95.90,97.72,19242,0,0
1632884400,97.37,97.94,94.96,95.53,10322,0,0
1632970800,95.21,97.23,94.12,97.06,10914,0,0
1633057200,95.37,99.06,95.31,98.52,10896,0,0
1633143600,98.52,98.52,98.52,98.52,1,0,0
1633316400,96.25,99.61,96.18,98.54,11477,0,0
1633402800,96.70,99.41,95.64,95.64,16210,0,0
1633489200,95.10,99.50,95.00,99.50,11503,0,0
1633575600,98.82,99.83,97.08,99.37,12406,0,0
1633662000,96.78,99.98,96.78,99.00,10479,0,0
1633921200,97.86,100.24,97.14,97.14,13699,0,0
1634007600,98.30,99.72,97.09,97.09,10123,0,0
1634094000,101.51,101.51,97.49,99.23,14439,0,0
1634180400,99.75,100.72,99.00,100.72,6196,0,0
1634266800,100.92,101.60,99.00,101.56,11379,0,0
1634526000,100.00,101.42,97.98,100.00,17225,0,0
1634612400,98.80,100.84,98.25,98.93,12589,0,0
1634698800,97.95,98.80,95.07,95.15,11621,0,0
1634785200,95.60,98.17,94.22,94.35,16649,0,0
1634871600,97.34,97.40,94.92,94.93,6369,0,0
1635130800,97.42,97.42,94.35,96.55,13190,0,0
1635217200,97.90,99.66,96.76,99.66,10075,0,0
1635303600,97.42,98.41,96.34,97.93,9081,0,0
1635390000,97.10,98.31,95.81,96.79,11698,0,0
1635476400,95.21,97.70,95.19,96.90,8326,0,0
1635732000,99.22,99.68,96.86,99.25,14060,0,0
1635818400,99.20,99.70,95.72,95.72,11225,0,0
1635904800,99.88,104.94,96.32,101.38,39351,0,0
1635991200,101.53,102.49,96.80,98.32,20463,0,0
1636077600,98.68,105.18,98.30,104.82,19074,0,0
1636336800,105.80,107.49,103.79,105.49,17726,0,0
1636423200,105.37,107.04,103.96,105.36,15375,0,0
1636509600,106.40,108.96,102.38,104.28,27621,0,0
1636596000,104.38,104.38,99.04,99.30,14001,0,0
1636682400,99.30,101.58,97.11,97.39,17571,0,0
1636941600,98.26,99.40,96.06,96.29,11758,0,0
1637028000,96.24,97.30,94.66,95.34,10900,0,0
1637114400,95.51,96.66,94.26,94.80,10228,0,0
1637200800,95.28,95.60,93.50,95.38,10260,0,0
1637287200,95.52,95.52,91.15,93.23,16091,0,0
1637373600,92.98,93.07,92.86,92.95,988,0,0
1637546400,95.44,95.44,90.96,92.00,13797,0,0
1637632800,91.76,93.95,91.76,91.90,10623,0,0
1637719200,92.32,94.02,91.13,93.86,10610,0,0
1637892000,89.60,89.62,83.92,86.26,20137,0,0
1637978400,86.69,86.69,86.69,86.69,1,0,0
1638151200,87.38,89.56,85.50,87.64,19617,0,0
1638237600,87.64,87.68,83.09,85.24,16936,0,0
1638324000,84.34,87.65,82.28,83.24,24068,0,0
1638410400,83.25,87.84,81.62,86.55,22844,0,0
1638496800,87.53,88.10,83.49,86.37,20115,0,0
1638756000,86.80,91.75,85.00,88.92,28495,0,0
1638842400,89.16,92.78,88.85,90.50,16253,0,0
1638928800,88.86,92.98,88.64,91.10,16105,0,0
1639015200,91.08,92.10,89.67,91.36,11483,0,0
1639101600,90.96,91.73,88.95,89.09,9270,0,0
1639188000,88.89,88.90,88.89,88.90,25,0,0
1639360800,89.25,91.00,83.98,84.26,22614,0,0
1639447200,84.28,86.75,83.66,83.84,14353,0,0
1639533600,86.25,87.32,83.39,85.04,16581,0,0
1639620000,85.59,88.72,84.00,88.70,15826,0,0
1639706400,84.17,90.21,84.04,88.66,19653,0,0
1639792800,88.61,90.21,88.61,90.21,4002,0,0
1639965600,86.35,89.86,84.49,89.86,18043,0,0
1640052000,89.88,96.54,88.53,96.20,24255,0,0
1640138400,94.30,96.28,93.05,94.50,15640,0,0
1640224800,95.55,97.14,94.68,95.86,11529,0,0
1640311200,96.06,96.06,96.05,96.05,6,0,0
1640397600,96.05,96.05,96.05,96.05,1,0,0
1640570400,97.24,97.24,94.75,96.38,10269,0,0
1640656800,97.20,97.76,95.12,97.47,12474,0,0
1640743200,97.47,97.73,94.69,94.69,8272,0,0
1640829600,94.68,97.20,94.67,97.20,6303,0,0
1640916000,95.11,96.88,94.04,95.52,13158,0,0
1641002400,95.52,95.52,95.52,95.52,5,0,0
1641175200,97.30,100.59,95.82,98.30,21388,0,0
1641261600,99.63,100.60,97.13,98.05,13355,0,0
1641348000,98.05,99.28,94.47,94.47,15131,0,0
1641434400,98.91,98.91,95.38,97.57,14300,0,0
1641520800,97.55,98.69,95.04,97.38,17845,0,0
1641780000,97.46,98.60,94.46,97.03,19615,0,0
1641866400,97.26,99.46,95.82,96.66,16678,0,0
1641952800,97.16,100.54,96.87,98.30,15520,0,0
1642039200,96.09,99.85,94.72,98.80,18899,0,0
1642125600,98.00,99.46,96.00,98.91,14971,0,0
1642471200,95.82,98.05,94.59,97.62,12815,0,0
1642557600,97.69,97.69,94.22,95.47,11817,0,0
1642644000,95.77,99.32,95.05,95.10,19633,0,0
1642730400,95.07,98.80,93.64,96.16,23055,0,0
1642989600,93.10,94.25,88.58,91.87,25310,0,0
1643076000,91.86,95.94,89.47,94.22,26457,0,0
1643162400,94.10,97.06,91.70,95.97,22173,0,0
1643248800,95.97,97.42,93.42,97.22,16906,0,0
1643335200,97.22,97.85,91.43,97.73,30815,0,0
1643421600,98.01,98.01,98.01,98.01,1,0,0
1643594400,98.08,99.32,95.04,97.87,20860,0,0
1643680800,97.92,99.90,95.74,98.80,18589,0,0
1643767200,98.78,100.24,94.75,96.75,22387,0,0
1643853600,96.84,99.41,96.00,98.15,13776,0,0
1643940000,98.11,99.74,94.91,97.25,22023,0,0
1644199200,98.42,100.09,96.20,99.68,16335,0,0
1644285600,99.68,104.17,98.58,104.03,17063,0,0
1644372000,103.41,105.60,101.67,105.10,15399,0,0
1644458400,104.86,108.50,103.23,106.60,21997,0,0
1644544800,106.61,108.82,98.75,98.75,30667,0,0
1644631200,98.74,98.80,98.74,98.80,151,0,0
1644804000,98.78,103.18,98.32,102.81,14244,0,0
1644890400,102.81,107.88,101.59,105.88,23732,0,0
1644976800,106.02,108.57,104.26,107.78,17128,0,0
1645063200,107.63,110.28,102.55,102.70,26278,0,0
1645149600,105.07,106.46,102.70,103.98,16055,0,0
1645495200,102.30,106.10,98.95,101.98,34983,0,0
1645581600,101.83,104.10,89.46,93.80,53136,0,0
1645668000,93.90,94.20,85.58,91.44,36913,0,0
1645754400,91.40,93.86,89.90,91.69,19082,0,0
1645840800,91.67,91.67,91.60,91.60,195,0,0
1646013600,87.57,90.09,86.12,87.06,18614,0,0
1646100000,87.44,88.06,82.48,83.16,17148,0,0
1646186400,83.18,87.72,82.61,86.10,18251,0,0
1646272800,86.11,88.46,83.58,84.26,19759,0,0
1646359200,84.26,85.31,77.65,78.70,24406,0,0
1646445600,78.85,78.85,78.69,78.83,746,0,0
1646618400,77.70,80.05,71.34,72.49,30536,0,0
1646704800,72.43,79.14,71.41,74.06,34547,0,0
1646791200,77.09,83.19,76.38,80.86,24595,0,0
1646877600,80.51,82.76,78.72,82.72,14653,0,0
1646964000,81.53,83.56,79.85,79.85,14360,0,0
1647050400,80.42,80.78,80.42,80.78,901,0,0
1647223200,82.10,82.60,79.40,80.73,12585,0,0
1647309600,77.62,85.16,77.62,81.77,27328,0,0
1647396000,86.20,89.54,84.04,88.44,21931,0,0
1647482400,88.24,88.93,84.88,85.34,12981,0,0
1647568800,85.19,88.29,85.19,87.46,9831,0,0
1647828000,89.39,89.39,85.68,86.23,10659,0,0
1647914400,86.75,88.68,85.98,86.93,13082,0,0
1648000800,86.52,88.45,86.07,86.29,11339,0,0
1648087200,85.60,91.80,85.00,90.78,21049,0,0
1648173600,90.27,91.95,89.04,89.68,13078,0,0
1648436400,90.65,91.73,88.90,91.21,12762,0,0
1648522800,91.94,96.80,91.20,95.38,19405,0,0
1648609200,95.40,95.40,92.56,93.74,10053,0,0
1648695600,94.37,95.58,93.21,94.98,10328,0,0
1648782000,93.58,96.61,93.02,94.89,14719,0,0
1649041200,95.79,95.79,93.15,95.71,12990,0,0
1649127600,96.28,96.28,91.52,92.30,13832,0,0
1649214000,91.93,92.86,87.79,89.33,18848,0,0
1649300400,89.51,90.36,86.86,89.14,16524,0,0
1649386800,88.00,89.07,86.35,86.37,9542,0,0
1649646000,86.69,88.57,85.41,87.00,14998,0,0
1649732400,86.39,89.34,84.67,88.33,18521,0,0
1649818800,88.70,90.93,87.20,90.86,13271,0,0
1649905200,92.26,92.29,88.42,88.56,10113,0,0
1650250800,88.50,89.57,86.17,88.55,16841,0,0
1650337200,87.62,90.17,86.44,89.15,14842,0,0
1650423600,90.79,91.57,88.62,89.28,10984,0,0
1650510000,89.61,93.43,88.68,88.72,21568,0,0
1650596400,88.97,90.80,88.20,88.30,11315,0,0
1650855600,87.82,90.65,86.99,90.16,12501,0,0
1650942000,89.02,89.98,85.73,86.48,14887,0,0
1651028400,87.75,92.36,86.32,92.34,18737,0,0
1651114800,92.62,94.40,90.02,91.68,19545,0,0
1651201200,91.79,92.83,88.24,88.36,14399,0,0
1651460400,89.06,90.59,84.61,87.31,25506,0,0
1651546800,89.51,89.51,82.49,85.33,24625,0,0
1651633200,86.41,97.36,79.88,93.32,70140,0,0
1651719600,92.85,93.20,85.40,86.80,23849,0,0
1651806000,87.82,89.52,83.12,85.51,26238,0,0
1652065200,84.98,85.67,80.83,81.18,14698,0,0
1652151600,82.24,83.99,80.54,82.61,16323,0,0
1652238000,82.38,85.43,80.30,84.52,20342,0,0
1652324400,81.51,84.59,80.18,82.99,18311,0,0
1652410800,84.13,84.81,82.87,84.62,8520,0,0
1652670000,84.08,84.50,81.33,82.63,12263,0,0
1652756400,83.01,86.65,83.00,83.96,15940,0,0
1652842800,84.42,85.92,81.69,81.82,14625,0,0
1652929200,81.35,85.66,80.45,85.54,15554,0,0
1653015600,85.40,85.89,82.12,85.18,18294,0,0
1653274800,82.41,86.21,82.41,82.82,18006,0,0
1653361200,84.06,84.30,80.77,82.70,14233,0,0
1653447600,81.73,87.56,81.17,87.41,17738,0,0
1653534000,87.56,90.92,86.48,90.92,13796,0,0
1653620400,91.16,93.48,87.84,93.48,22401,0,0
1653966000,89.30,91.54,87.37,91.54,15257,0,0
1654052400,90.39,91.46,87.97,89.20,14472,0,0
1654138800,91.42,95.86,90.08,95.82,17882,0,0
1654225200,92.70,95.19,92.42,94.68,8864,0,0
1654311600,94.68,94.68,94.68,94.68,1,0,0
1654484400,95.58,95.92,91.62,91.62,11597,0,0
1654570800,92.66,93.87,90.41,92.73,17145,0,0
1654657200,93.29,94.58,91.83,94.08,11781,0,0
1654743600,92.76,93.83,88.89,91.09,20521,0,0
1654830000,92.04,92.04,83.83,84.34,21769,0,0
1655089200,81.85,81.86,76.48,79.17,20199,0,0
1655175600,81.09,81.75,76.03,80.03,25954,0,0
1655262000,79.93,80.62,77.05,80.36,16833,0,0
1655348400,76.73,78.00,73.19,74.00,17173,0,0
1655434800,74.31,78.57,73.89,75.20,21203,0,0
1655780400,76.59,79.47,76.59,76.88,13705,0,0
1655866800,75.42,77.88,75.07,75.07,13203,0,0
1655953200,75.96,76.01,71.80,73.10,13919,0,0
1656039600,74.59,78.46,73.70,76.09,20033,0,0
1656298800,78.90,78.90,74.18,76.01,16388,0,0
1656385200,78.20,78.30,72.84,73.78,16224,0,0
1656471600,73.19,73.70,70.44,71.63,12435,0,0
1656558000,70.00,72.01,68.12,70.33,18612,0,0
1656644400,69.92,71.57,68.74,71.57,10060,0,0
1656730800,71.57,71.57,71.57,71.57,1,0,0
1656990000,71.61,73.44,67.62,70.73,26906,0,0
1657076400,70.94,72.29,69.22,69.51,11781,0,0
1657162800,69.95,71.96,69.95,71.25,6781,0,0
1657249200,69.64,71.41,69.06,70.06,10706,0,0
1657508400,69.05,70.42,68.55,69.14,9108,0,0
1657594800,69.76,70.45,68.47,69.27,8664,0,0
1657681200,69.76,70.28,67.20,68.25,11648,0,0
1657767600,69.17,69.17,66.64,67.18,7642,0,0
1657854000,67.76,68.89,66.51,68.07,11130,0,0
1658113200,70.20,71.64,68.80,71.30,11478,0,0
1658199600,71.83,73.72,70.74,73.60,10448,0,0
1658286000,73.01,74.89,72.20,72.89,13185,0,0
1658372400,71.24,74.75,71.24,71.95,15798,0,0
1658458800,74.24,74.28,71.21,72.15,10142,0,0
1658718000,72.00,73.78,70.75,73.20,12139,0,0
1658804400,71.79,74.23,71.79,72.52,10423,0,0
1658890800,74.42,76.13,73.38,74.90,12586,0,0
1658977200,75.68,76.84,73.30,76.78,14955,0,0
1659063600,78.25,78.25,76.05,76.61,6904,0,0
1659322800,76.86,78.31,74.55,75.86,16289,0,0
1659409200,74.91,78.94,73.98,77.16,19215,0,0
1659495600,75.93,83.50,74.86,76.15,42611,0,0
1659582000,75.84,78.28,75.11,77.94,10668,0,0
1659668400,77.02,78.80,76.22,76.82,12354,0,0
1659927600,76.01,79.54,76.01,78.41,11649,0,0
1660014000,78.00,79.80,76.77,78.15,14759,0,0
1660100400,78.00,81.09,77.95,80.95,8351,0,0
1660186800,80.75,83.91,80.50,82.88,11753,0,0
1660273200,83.32,86.41,82.81,86.24,10641,0,0
1660532400,86.00,86.31,83.48,85.25,12245,0,0
1660618800,86.90,87.10,84.67,86.17,10294,0,0
1660705200,86.60,86.60,84.10,84.96,8405,0,0
1660791600,86.40,86.40,84.33,85.06,7003,0,0
1660878000,82.37,85.24,81.25,81.73,18315,0,0
1661137200,81.27,81.84,76.76,79.06,19873,0,0
1661223600,77.84,81.11,77.83,79.04,13365,0,0
1661310000,81.15,81.15,77.82,79.56,12659,0,0
1661396400,78.36,81.43,78.36,80.06,11105,0,0
1661482800,78.17,81.50,74.36,76.35,31174,0,0
1661778000,75.50,75.50,75.50,75.50,1,0,0
1661781600,75.40,75.70,75.10,75.30,256,0,0
1661785200,75.34,75.54,75.30,75.31,1226,0,0
1661788800,75.51,76.41,75.45,75.98,22530,0,0
1661792400,75.98,76.82,75.49,75.55,23452,0,0
1661796000,75.51,76.19,75.44,76.15,17058,0,0
1661799600,76.15,76.56,76.14,76.38,9204,0,0
1661803200,76.35,76.69,76.22,76.59,11634,0,0
1661806800,76.59,76.65,76.30,76.58,10083,0,0
1661810400,76.58,76.86,75.96,75.99,14976,0,0
1661814000,75.99,77.00,75.52,75.68,5992,0,0
1661817600,75.70,76.08,75.58,75.58,484,0,0
1661821200,75.58,76.05,75.58,76.05,2,0,0
1661824800,75.58,76.12,75.58,76.12,4,0,0
1661868000,77.76,77.80,77.50,77.60,4,0,0
1661871600,77.20,77.20,76.50,76.50,1270,0,0
1661875200,76.50,76.91,76.10,76.11,16572,0,0
1661878800,76.12,76.30,74.76,75.21,26522,0,0
1661882400,75.21,75.43,74.82,75.07,39706,0,0
1661886000,75.05,75.75,75.03,75.07,24099,0,0
1661889600,75.07,75.23,74.83,75.14,18100,0,0
1661893200,75.13,75.28,75.01,75.25,18949,0,0
1661896800,75.22,75.68,75.05,75.26,28483,0,0
1661900400,75.23,75.43,74.65,75.30,5211,0,0
1661904000,75.30,75.51,74.73,75.33,5032,0,0
1661907600,75.12,75.49,74.65,75.49,2998,0,0
1661911200,74.90,75.39,74.72,74.94,813,0,0
1661950800,75.09,75.09,75.09,75.09,1,0,0
1661954400,75.47,75.47,75.09,75.09,951,0,0
1661958000,77.10,77.10,75.42,75.72,1910,0,0
1661961600,75.56,76.70,75.10,76.17,22272,0,0
1661965200,76.17,76.33,75.62,75.68,34468,0,0
1661968800,75.68,75.99,75.27,75.88,21828,0,0
1661972400,75.88,76.00,75.53,75.67,15126,0,0
1661976000,75.67,75.91,75.42,75.60,14687,0,0
1661979600,75.60,75.82,75.23,75.31,13186,0,0
1661983200,75.31,75.66,74.93,75.01,17233,0,0
1661986800,75.01,75.65,73.95,75.47,9626,0,0
1661994000,75.13,75.13,73.51,74.92,2594,0,0
1661997600,74.90,74.90,73.49,74.09,4867,0,0
1662040800,74.80,75.30,74.03,74.75,11821,0,0
1662044400,74.68,74.79,74.39,74.79,988,0,0
1662048000,74.48,74.96,74.02,74.16,23336,0,0
1662051600,74.10,74.20,72.86,73.08,30931,0,0
1662055200,73.09,73.15,72.06,72.19,19106,0,0
1662058800,72.19,72.86,72.19,72.44,10890,0,0
1662062400,72.44,73.36,72.42,73.06,10914,0,0
1662066000,73.07,73.60,72.87,73.40,11359,0,0
1662069600,73.36,74.14,73.36,74.09,12905,0,0
1662073200,74.09,74.78,73.53,74.01,6832,0,0
1662076800,74.08,74.40,74.01,74.25,963,0,0
1662080400,74.25,74.25,73.93,73.93,355,0,0
1662084000,73.61,73.68,73.61,73.68,2,0,0
1662123600,73.05,73.57,72.97,73.05,3023,0,0
1662127200,73.05,73.57,72.19,73.49,5503,0,0
1662130800,73.53,74.86,73.16,73.60,11109,0,0
1662134400,73.75,75.01,73.33,73.70,22088,0,0
1662138000,73.61,74.86,73.55,74.65,17887,0,0
1662141600,74.65,74.95,74.52,74.94,12476,0,0
1662145200,74.95,74.95,73.39,73.40,13678,0,0
1662148800,73.40,73.40,72.65,72.83,17001,0,0
1662152400,72.86,73.61,72.85,73.35,15295,0,0
1662156000,73.34,73.66,72.88,73.48,17521,0,0
1662159600,73.48,75.15,73.39,74.37,11465,0,0
1662163200,73.99,73.99,73.96,73.96,2,0,0
1662166800,73.39,74.15,73.37,73.37,5,0,0
1662170400,72.80,72.80,72.80,72.80,3,0,0
1662462000,75.24,75.24,74.06,74.26,3443,0,0
1662472800,75.09,75.19,73.70,75.19,7212,0,0
1662476400,75.09,75.09,75.09,75.09,1,0,0
1662480000,74.65,74.65,72.17,72.30,21652,0,0
1662483600,72.30,72.46,71.25,72.31,29619,0,0
1662487200,72.26,73.07,72.09,72.81,17442,0,0
1662490800,72.81,72.93,72.06,72.68,12069,0,0
1662494400,72.64,72.70,71.89,72.16,16180,0,0
1662498000,72.16,72.67,72.15,72.53,13415,0,0
1662501600,72.56,72.81,72.32,72.60,16417,0,0
1662505200,72.60,73.00,71.77,72.82,9749,0,0
1662508800,73.90,74.56,72.61,72.63,3319,0,0
1662512400,74.02,74.02,71.37,73.82,12868,0,0
1662516000,73.17,73.17,71.31,71.31,633,0,0
1662548400,72.17,72.17,72.17,72.17,1,0,0
1662555600,73.31,73.71,73.30,73.71,122,0,0
1662559200,74.13,74.79,71.36,71.36,14148,0,0
1662562800,73.03,73.05,71.91,72.25,1722,0,0
1662566400,72.71,73.48,71.87,73.17,13144,0,0
1662570000,73.12,73.14,72.56,72.98,24081,0,0
1662573600,73.00,73.65,72.91,73.46,12329,0,0
1662577200,73.46,73.85,73.24,73.75,11677,0,0
1662580800,73.75,74.32,73.73,74.09,11489,0,0
1662584400,74.09,74.75,74.03,74.70,14230,0,0
1662588000,74.70,75.23,74.65,74.86,15017,0,0
1662591600,74.87,74.96,73.92,74.92,4891,0,0
1662595200,74.76,74.88,73.63,74.80,3763,0,0
1662598800,74.72,75.32,74.72,75.20,1054,0,0
1662602400,75.20,75.20,75.20,75.20,1,0,0
1662645600,74.45,74.70,74.07,74.70,2776,0,0
1662649200,74.73,75.00,74.15,74.15,3824,0,0
1662652800,74.18,75.71,73.20,75.49,33586,0,0
1662656400,75.49,76.46,75.06,76.34,31334,0,0
1662660000,76.34,76.44,75.76,75.94,16184,0,0
1662663600,75.92,75.95,74.90,75.93,22942,0,0
1662667200,75.93,76.30,75.67,76.08,13933,0,0
1662670800,76.08,76.40,75.97,76.25,14558,0,0
1662674400,76.26,76.41,75.79,76.22,13806,0,0
1662678000,76.22,76.42,74.28,76.32,8012,0,0
1662685200,74.38,75.96,74.38,75.96,1809,0,0
1662688800,76.00,76.29,75.97,76.29,207,0,0
1662728400,77.29,77.29,77.29,77.29,1,0,0
1662732000,78.11,78.25,75.50,76.96,7611,0,0
1662735600,76.95,76.96,76.95,76.95,3,0,0
1662739200,76.90,78.51,76.63,77.94,19859,0,0
1662742800,78.24,78.72,78.03,78.70,19216,0,0
1662746400,78.70,79.07,78.25,78.88,12759,0,0
1662750000,78.88,78.95,78.30,78.76,12832,0,0
1662753600,78.76,79.04,78.62,78.97,7673,0,0
1662757200,78.97,79.09,78.69,78.91,10060,0,0
1662760800,78.92,79.38,78.85,79.29,9680,0,0
1662764400,79.27,79.52,77.64,79.26,7658,0,0
1662768000,79.47,79.47,78.96,78.96,8,0,0
1662980400,79.79,79.79,79.79,79.79,1,0,0
1662991200,79.78,81.81,79.78,80.13,6,0,0
1662994800,80.07,80.07,79.72,79.86,657,0,0
1662998400,79.88,81.21,79.88,80.86,25596,0,0
1663002000,80.90,81.24,80.72,80.75,19644,0,0
1663005600,80.74,81.13,80.45,80.64,14788,0,0
1663009200,80.64,80.85,80.25,80.83,9352,0,0
1663012800,80.80,80.80,80.42,80.71,8306,0,0
1663016400,80.72,80.80,80.31,80.56,10475,0,0
1663020000,80.56,80.77,80.41,80.54,13009,0,0
1663023600,80.55,80.74,80.34,80.72,6216,0,0
1663027200,80.68,80.72,80.68,80.72,2,0,0
1663030800,80.68,80.77,80.68,80.77,3,0,0
1663034400,80.73,80.73,80.67,80.68,5,0,0
1663066800,80.88,81.45,80.09,80.99,4358,0,0
1663077600,80.86,83.54,80.28,81.22,9868,0,0
1663081200,81.18,81.18,78.36,78.42,15050,0,0
1663084800,78.44,78.82,77.27,78.43,31313,0,0
1663088400,78.38,78.46,77.38,77.57,25939,0,0
1663092000,77.62,77.78,77.39,77.58,19420,0,0
1663095600,77.57,78.05,77.51,77.82,14395,0,0
1663099200,77.80,78.13,77.73,77.79,13327,0,0
1663102800,77.79,77.93,77.08,77.16,13636,0,0
1663106400,77.16,77.23,76.48,76.81,17734,0,0
1663110000,76.81,77.01,74.90,76.70,8186,0,0
1663113600,76.54,76.84,76.54,76.80,2539,0,0
1663117200,76.73,76.88,76.73,76.88,2,0,0
1663164000,77.44,77.44,75.80,76.24,25,0,0
1663167600,77.40,77.40,75.94,76.59,5101,0,0
1663171200,76.80,77.58,75.85,77.01,24037,0,0
1663174800,77.01,77.71,76.28,77.65,23777,0,0
1663178400,77.65,78.27,77.39,78.18,15000,0,0
1663182000,78.18,78.42,77.73,78.35,8073,0,0
1663185600,78.35,78.66,77.77,78.06,9383,0,0
1663189200,78.06,78.52,77.92,78.38,9239,0,0
1663192800,78.37,78.85,77.83,78.73,12764,0,0
1663196400,78.73,80.49,78.71,79.74,4523,0,0
1663200000,79.70,79.75,78.93,79.75,121,0,0
1663203600,79.75,79.75,78.87,78.87,2,0,0
1663239600,77.92,77.92,77.80,77.80,305,0,0
1663243200,78.20,78.88,78.20,78.88,1692,0,0
1663250400,77.44,78.32,77.44,78.32,2207,0,0
1663254000,80.24,80.24,80.24,80.24,1,0,0
1663257600,78.97,80.38,78.26,80.12,27816,0,0
1663261200,80.15,80.57,78.34,78.56,27640,0,0
1663264800,78.56,78.97,78.30,78.41,18123,0,0
1663268400,78.41,78.59,78.20,78.45,13955,0,0
1663272000,78.42,79.03,78.42,78.77,14575,0,0
1663275600,78.75,78.89,78.34,78.46,16650,0,0
1663279200,78.43,78.52,77.89,78.27,14778,0,0
1663282800,78.26,78.61,77.97,77.97,3849,0,0
1663286400,77.98,77.98,77.87,77.87,3,0,0
1663290000,77.81,77.87,77.81,77.86,4,0,0
1663293600,77.84,77.87,75.88,77.80,2811,0,0
1663326000,77.86,78.06,77.78,77.84,932,0,0
1663333200,76.87,76.87,76.87,76.87,6,0,0
1663336800,76.85,77.54,76.36,76.40,4880,0,0
1663340400,76.40,77.40,76.40,76.70,305,0,0
1663344000,76.20,77.41,75.35,75.84,26194,0,0
1663347600,75.71,76.71,75.66,75.93,21615,0,0
1663351200,75.95,76.07,75.29,75.60,15474,0,0
1663354800,75.60,75.60,74.66,74.90,11055,0,0
1663358400,74.90,75.03,74.31,74.49,9950,0,0
1663362000,74.49,74.56,74.15,74.44,10679,0,0
1663365600,74.44,75.39,74.35,75.04,19571,0,0
1663369200,75.04,75.61,74.55,75.61,1303,0,0
1663372800,76.15,76.15,74.80,75.32,1986,0,0
1663376400,75.18,75.32,75.18,75.30,3,0,0
1663592400,73.89,73.89,73.34,73.44,1624,0,0
1663596000,74.96,75.30,73.30,74.95,10016,0,0
1663599600,73.31,73.73,73.31,73.73,711,0,0
1663603200,73.58,75.86,73.58,75.74,23400,0,0
1663606800,75.74,76.14,75.20,75.71,18323,0,0
1663610400,75.75,76.06,75.42,75.66,8091,0,0
1663614000,75.67,75.85,75.45,75.76,4273,0,0
1663617600,75.76,75.78,75.42,75.42,8073,0,0
1663621200,75.43,75.62,75.18,75.55,4055,0,0
1663624800,75.55,76.34,75.55,76.10,11963,0,0
1663628400,76.09,76.28,75.59,76.18,2118,0,0
1663632000,76.18,76.24,76.18,76.24,3,0,0
1663635600,76.18,76.24,76.18,76.24,152,0,0
1663639200,76.26,76.28,76.26,76.28,3,0,0
1663671600,75.60,75.60,75.60,75.60,1,0,0
1663682400,75.64,76.20,75.64,76.20,2564,0,0
1663686000,75.70,76.00,75.65,75.70,204,0,0
1663689600,75.46,76.52,75.26,76.45,18810,0,0
1663693200,76.45,77.04,76.09,76.71,25815,0,0
1663696800,76.72,76.98,76.44,76.83,18481,0,0
1663700400,76.84,76.92,76.16,76.19,10882,0,0
1663704000,76.23,76.25,75.54,75.55,9470,0,0
1663707600,75.57,76.08,75.53,75.90,10491,0,0
1663711200,75.90,76.41,75.81,75.88,14456,0,0
1663714800,75.88,76.30,75.40,76.30,5089,0,0
1663718400,75.94,75.98,75.17,75.98,4208,0,0
1663722000,76.00,76.30,75.25,75.90,710,0,0
1663725600,75.94,76.29,75.50,75.97,4296,0,0
1663758000,75.65,75.71,75.65,75.71,152,0,0
1663765200,76.05,76.05,76.05,76.05,1,0,0
1663768800,76.05,76.44,74.01,76.44,15,0,0
1663772400,76.38,76.45,75.04,75.04,5,0,0
1663776000,76.06,76.09,73.72,73.75,21648,0,0
1663779600,73.73,74.05,72.82,73.93,30923,0,0
1663783200,73.88,74.00,73.68,73.97,12458,0,0
1663786800,73.97,74.18,73.90,74.05,5175,0,0
1663790400,74.05,74.52,73.85,74.52,9470,0,0
1663794000,74.34,75.19,72.70,74.55,46402,0,0
1663797600,74.59,74.84,72.22,72.25,33571,0,0
1663801200,72.25,73.50,70.71,71.72,11618,0,0
1663804800,71.72,71.76,71.63,71.72,807,0,0
1663808400,71.65,71.92,71.50,71.86,1964,0,0
1663812000,71.84,71.87,71.68,71.76,1008,0,0
1663844400,70.76,71.09,70.76,71.09,801,0,0
1663855200,73.56,73.78,71.19,72.59,8220,0,0
1663858800,72.47,72.67,72.11,72.29,1760,0,0
1663862400,72.17,72.55,70.19,70.50,27310,0,0
1663866000,70.49,70.68,69.38,69.71,27974,0,0
1663869600,69.70,69.93,69.25,69.31,13553,0,0
1663873200,69.27,69.60,69.02,69.07,11753,0,0
1663876800,69.05,69.26,68.75,69.19,9929,0,0
1663880400,69.14,69.20,68.70,69.00,9889,0,0
1663884000,69.00,69.28,68.72,68.78,14282,0,0
1663887600,68.75,69.52,68.74,68.87,1471,0,0
1663891200,70.00,70.00,68.37,68.41,1693,0,0
1663894800,68.37,68.95,68.23,68.54,762,0,0
1663898400,68.46,70.65,68.46,70.65,609,0,0
1663930800,68.69,68.69,68.69,68.69,1,0,0
1663934400,66.81,66.81,66.81,66.81,1,0,0
1663938000,67.02,67.02,65.97,67.01,5247,0,0
1663941600,67.01,67.52,65.93,66.90,11642,0,0
1663945200,66.92,67.59,66.92,67.40,1436,0,0
1663948800,67.42,68.09,66.62,66.68,27161,0,0
1663952400,66.65,67.23,66.49,66.67,18819,0,0
1663956000,66.66,67.15,66.48,66.59,11798,0,0
1663959600,66.59,66.84,66.26,66.84,8224,0,0
1663963200,66.84,66.84,66.36,66.70,9128,0,0
1663966800,66.70,66.70,65.84,65.93,10681,0,0
1663970400,65.93,66.97,65.93,66.83,16462,0,0
1663974000,66.83,67.47,65.71,66.98,7873,0,0
1663977600,67.00,67.00,66.77,66.77,556,0,0
1663981200,66.76,66.80,66.28,66.77,210,0,0
1663984800,66.27,66.79,66.27,66.78,129,0,0
1664197200,66.30,66.30,64.59,64.59,4264,0,0
1664200800,66.36,66.41,65.81,65.81,1604,0,0
1664204400,65.80,66.38,65.44,65.58,629,0,0
1664208000,66.09,68.40,66.09,68.34,22945,0,0
1664211600,68.33,68.55,67.50,67.81,33351,0,0
1664215200,67.81,67.98,67.18,67.62,26790,0,0
1664218800,67.68,67.70,66.88,67.43,17379,0,0
1664222400,67.43,67.43,66.74,66.74,20269,0,0
1664226000,66.74,67.47,66.73,67.27,19253,0,0
1664229600,67.27,67.43,66.73,66.78,23643,0,0
1664233200,66.78,67.51,65.18,66.56,9183,0,0
1664236800,66.61,66.64,66.61,66.61,90,0,0
1664240400,66.60,67.16,66.60,67.16,204,0,0
1664244000,67.17,67.66,67.16,67.66,479,0,0
1664276400,69.15,69.22,68.32,68.94,27927,0,0
1664280000,68.40,68.90,68.35,68.35,1706,0,0
1664283600,67.52,67.52,67.50,67.50,61,0,0
1664287200,67.50,67.98,67.36,67.98,1921,0,0
1664290800,67.98,67.98,67.97,67.98,7,0,0
1664294400,68.50,68.64,67.72,67.99,19728,0,0
1664298000,67.99,68.25,67.57,67.79,28469,0,0
1664301600,67.79,67.93,66.77,66.77,16752,0,0
1664305200,66.74,66.85,66.30,66.48,14079,0,0
1664308800,66.49,66.51,66.18,66.39,12869,0,0
1664312400,66.39,66.88,66.28,66.77,13914,0,0
1664316000,66.77,66.93,66.53,66.78,18363,0,0
1664319600,66.78,67.45,65.24,67.30,18022,0,0
1664323200,67.36,67.36,66.84,66.86,1303,0,0
1664326800,67.51,68.08,66.98,67.44,4134,0,0
1664330400,67.52,67.57,67.43,67.51,81,0,0
1664370000,64.90,65.89,64.90,65.89,2494,0,0
1664373600,65.89,66.09,64.79,64.90,2881,0,0
1664377200,64.90,68.59,64.90,68.36,16622,0,0
1664380800,68.01,68.01,65.95,67.75,45221,0,0
1664384400,67.79,68.59,67.18,68.09,28499,0,0
1664388000,68.03,68.64,67.94,68.51,13799,0,0
1664391600,68.54,68.73,68.24,68.61,9436,0,0
1664395200,68.62,69.02,68.51,68.75,9903,0,0
1664398800,68.75,69.20,68.75,69.15,8287,0,0
1664402400,69.17,69.42,69.04,69.05,9609,0,0
1664406000,69.04,69.48,67.87,68.62,7036,0,0
1664409600,69.12,69.44,68.92,69.44,503,0,0
1664413200,69.48,69.64,67.57,67.60,492,0,0
1664416800,68.45,68.53,68.45,68.53,201,0,0
1664467200,68.30,68.30,66.54,66.80,409,20,0
1664470800,66.80,67.25,66.54,67.25,1046,20,0
1664474400,67.24,67.76,67.05,67.43,591,20,0
1664478000,67.43,67.66,66.76,66.76,396,20,0
1664481600,66.76,66.97,66.34,66.42,578,20,0
1664485200,66.42,66.58,66.18,66.34,589,20,0
1664488800,66.34,67.24,66.34,67.07,1099,20,0
1664553600,66.29,67.43,65.90,67.14,475,20,0
1664557200,67.14,67.77,66.66,67.70,1472,20,0
1664560800,67.70,67.91,67.02,67.19,1311,20,0
1664564400,67.19,67.28,66.64,67.09,696,20,0
1664568000,67.09,67.10,66.44,66.62,570,20,0
1664571600,66.62,66.80,65.96,66.11,834,20,0
1664575200,66.11,66.29,65.54,65.64,1792,20,0
1664812800,66.64,66.78,64.82,65.76,285,20,0
1664816400,65.76,67.14,65.76,66.66,990,20,0
1664820000,66.45,67.06,66.45,66.80,426,20,0
1664823600,66.80,67.19,66.67,66.85,226,20,0
1664827200,66.85,67.21,66.83,67.04,467,20,0
1664830800,67.05,67.60,66.99,67.52,315,20,0
1664834400,67.52,67.56,66.95,67.02,589,20,0
1664899200,69.10,70.01,68.78,69.60,468,20,0
1664902800,69.54,70.45,69.50,70.41,887,20,0
1664906400,70.41,70.49,70.11,70.27,433,20,0
1664910000,70.27,70.46,69.74,69.92,456,20,0
1664913600,69.95,70.11,69.48,69.99,350,20,0
1664917200,69.98,70.26,69.83,70.15,568,20,0
1664920800,70.15,70.28,69.87,70.24,1001,20,0
1664985600,69.01,69.70,68.85,69.34,519,20,0
1664989200,69.39,69.39,68.23,68.29,1210,20,0
1664992800,68.29,68.68,68.28,68.64,1207,20,0
1664996400,68.64,69.29,68.42,69.22,714,20,0
1665000000,69.22,69.45,68.86,68.96,823,20,0
1665003600,68.96,69.01,68.72,68.99,816,20,0
1665007200,68.99,69.45,68.76,68.90,1199,20,0
1665072000,68.60,69.08,68.35,68.42,459,20,0
1665075600,68.42,68.55,67.58,68.42,878,20,0
1665079200,68.40,68.77,67.85,67.85,748,20,0
1665082800,67.85,68.22,67.55,67.97,855,20,0
1665086400,67.98,68.29,67.94,68.20,909,20,0
1665090000,68.20,68.21,67.80,67.98,638,20,0
1665093600,67.98,68.47,67.94,68.26,1201,20,0
1665158400,67.17,67.76,66.56,66.58,447,20,0
1665162000,66.58,67.80,66.56,67.52,518,20,0
1665165600,67.52,67.68,66.98,67.26,349,20,0
1665169200,67.26,67.30,66.76,66.99,274,20,0
1665172800,66.99,67.01,66.64,66.75,207,20,0
1665176400,66.75,67.06,66.69,66.95,245,20,0
1665180000,66.95,67.43,66.90,67.34,617,20,0
1665417600,67.76,67.91,66.83,67.19,371,20,0
1665421200,67.19,67.74,66.93,67.09,523,20,0
1665424800,67.09,67.26,66.78,67.05,475,20,0
1665428400,67.05,67.12,66.39,66.45,541,20,0
1665432000,66.42,67.24,66.15,67.18,925,20,0
1665435600,67.18,67.35,66.89,67.17,744,20,0
1665439200,67.17,67.34,66.74,66.76,776,20,0
1665504000,66.89,66.89,65.19,65.33,445,20,0
1665507600,65.33,65.66,64.97,65.36,682,20,0
1665511200,65.36,66.57,65.29,66.40,763,20,0
1665514800,66.39,66.55,65.79,66.31,623,20,0
1665518400,66.31,66.34,65.75,65.89,990,20,0
1665522000,65.89,66.11,65.06,65.06,653,20,0
1665525600,65.06,65.33,64.67,65.29,1198,20,0
1665590400,65.69,66.38,64.97,65.84,381,20,0
1665594000,65.84,66.29,65.40,65.93,356,20,0
1665597600,65.93,66.50,65.91,66.41,403,20,0
1665601200,66.41,66.60,66.12,66.51,260,20,0
1665604800,66.51,66.62,66.19,66.53,255,20,0
1665608400,66.49,66.99,66.42,66.79,300,20,0
1665612000,66.79,67.17,66.59,66.89,395,20,0
1665676800,64.64,66.41,64.46,66.14,568,20,0
1665680400,66.14,66.62,65.55,65.81,928,20,0
1665684000,65.82,68.06,65.60,67.47,1148,20,0
1665687600,67.46,67.55,66.72,67.15,530,20,0
1665691200,67.15,68.28,67.15,67.87,719,20,0
1665694800,67.87,67.99,67.32,67.76,671,20,0
1665698400,67.76,68.09,67.35,67.58,1050,20,0
1665763200,68.79,69.33,68.27,69.22,311,20,0
1665766800,69.22,69.22,67.63,68.24,585,20,0
1665770400,68.24,68.56,67.21,67.28,791,20,0
1665774000,67.28,67.80,66.94,67.34,724,20,0
1665777600,67.34,67.51,66.94,67.31,811,20,0
1665781200,67.31,67.31,66.58,67.06,438,20,0
1665784800,67.06,67.15,66.60,66.74,742,20,0
1666022400,68.07,69.08,67.76,68.82,1174,20,0
1666026000,68.83,69.50,68.74,68.78,1569,20,0
1666029600,68.74,69.72,68.74,69.55,656,20,0
1666033200,69.55,69.93,69.42,69.57,375,20,0
1666036800,69.57,69.79,69.41,69.60,328,20,0
1666040400,69.62,69.80,69.41,69.62,472,20,0
1666044000,69.62,69.95,69.42,69.80,1520,20,0
1666108800,71.82,72.48,71.62,71.93,364,20,0
1666112400,72.03,72.15,70.64,70.82,675,20,0
1666116000,70.82,70.90,69.87,70.50,340,20,0
1666119600,70.50,70.87,70.22,70.44,487,20,0
1666123200,70.44,70.82,70.08,70.66,975,20,0
1666126800,70.69,70.82,70.04,70.31,377,20,0
1666130400,70.31,70.81,70.03,70.81,609,20,0
1666195200,70.15,71.25,70.02,70.42,319,20,0
1666198800,70.42,71.78,70.42,70.95,317,20,0
1666202400,70.95,71.20,70.63,71.12,179,20,0
1666206000,71.12,71.12,70.44,70.70,339,20,0
1666209600,70.70,70.73,70.28,70.51,431,20,0
1666213200,70.51,70.94,70.42,70.65,403,20,0
1666216800,70.59,70.86,70.42,70.78,729,20,0
1666281600,70.45,72.20,70.34,72.02,439,25,0
1666285200,72.03,72.98,72.01,72.56,971,20,0
1666288800,72.56,72.78,72.23,72.50,907,20,0
1666292400,72.50,72.50,71.24,71.29,686,20,0
1666296000,71.29,71.43,71.06,71.14,659,20,0
1666299600,71.14,71.16,70.52,70.81,1109,20,0
1666303200,70.81,71.01,70.48,70.87,1386,20,0
1666368000,70.25,71.25,69.99,71.25,552,22,0
1666371600,71.25,72.11,70.88,70.96,1985,20,0
1666375200,70.96,72.08,70.87,71.89,1718,20,0
1666378800,71.89,72.38,71.82,72.07,1128,20,0
1666382400,72.07,72.44,71.79,72.37,1231,20,0
1666386000,72.37,72.48,72.22,72.47,1807,20,0
1666389600,72.47,73.06,72.34,72.82,2044,20,0
1666627200,72.54,72.90,71.76,71.98,429,21,0
1666630800,72.06,72.06,70.29,71.19,1280,20,0
1666634400,71.19,71.87,70.86,71.87,1056,20,0
1666638000,71.86,71.98,71.49,71.73,747,20,0
1666641600,71.77,71.87,71.45,71.55,813,20,0
1666645200,71.55,72.14,71.50,72.13,753,20,0
1666648800,72.14,72.47,71.88,72.24,1641,20,0
1666713600,71.79,73.75,71.78,73.59,447,20,0
1666717200,73.59,73.83,73.16,73.62,956,20,0
1666720800,73.64,74.24,73.50,74.12,628,20,0
1666724400,74.12,74.42,74.02,74.02,516,20,0
1666728000,74.02,74.26,73.87,74.23,985,20,0
1666731600,74.22,74.75,74.22,74.67,580,20,0
1666735200,74.64,75.06,74.60,74.92,1117,20,0
1666800000,74.63,76.07,74.36,74.92,387,24,0
1666803600,74.92,76.28,74.92,75.74,1382,20,0
1666807200,75.74,76.59,75.74,76.10,1048,20,0
1666810800,76.10,76.18,74.95,74.99,741,20,0
1666814400,74.99,75.06,74.30,74.74,809,20,0
1666818000,74.74,74.91,74.34,74.43,766,20,0
1666821600,74.43,74.43,73.82,73.95,1229,20,0
1666886400,74.60,74.82,73.68,74.08,538,20,0
1666890000,74.08,74.84,73.54,73.54,2117,20,0
1666893600,73.54,73.99,73.19,73.24,1910,20,0
1666897200,73.24,73.46,72.74,73.13,1266,20,0
1666900800,72.99,73.51,72.77,72.91,1116,20,0
1666904400,72.91,73.34,72.84,73.11,1406,20,0
1666908000,73.11,73.35,73.00,73.28,1694,20,0
1666972800,73.26,74.50,73.18,73.40,241,20,0
1666976400,73.44,73.71,72.42,73.34,445,20,0
1666980000,73.46,73.80,73.14,73.55,230,20,0
1666983600,73.55,74.01,73.45,73.76,244,20,0
1666987200,73.76,74.22,73.74,74.16,402,20,0
1666990800,74.16,74.53,74.02,74.52,545,20,0
1666994400,74.52,74.85,74.34,74.74,831,20,0
1667228400,74.59,74.75,73.14,73.58,466,20,0
1667232000,73.58,74.40,73.54,74.15,2310,20,0
1667235600,74.15,75.26,73.99,74.91,1458,20,0
1667239200,74.92,75.04,74.25,74.43,1140,20,0
1667242800,74.43,74.97,74.39,74.75,904,20,0
1667246400,74.74,74.96,74.54,74.71,1109,20,0
1667250000,74.71,74.94,74.40,74.66,1313,20,0
1667314800,75.65,76.94,75.41,76.37,673,20,0
1667318400,76.37,76.51,75.46,75.66,1479,20,0
1667322000,75.68,75.86,75.34,75.70,1045,20,0
1667325600,75.70,76.15,75.36,75.84,863,20,0
1667329200,75.84,75.87,75.27,75.62,503,20,0
1667332800,75.62,75.65,75.33,75.58,579,20,0
1667336400,75.54,75.70,75.40,75.44,996,20,0
1667401200,74.62,75.11,73.87,74.57,420,22,0
1667404800,74.57,75.21,74.14,74.34,767,20,0
1667408400,74.34,74.43,73.50,73.62,445,20,0
1667412000,73.62,73.75,72.83,73.32,496,20,0
1667415600,73.32,73.51,72.85,73.02,717,20,0
1667419200,73.02,74.31,72.03,72.43,1442,20,0
1667422800,72.43,72.80,70.74,70.86,1198,20,0
1667487600,73.01,76.00,72.89,74.34,556,20,0
1667491200,74.56,74.94,73.45,74.59,768,20,0
1667494800,74.59,74.59,73.57,74.01,537,20,0
1667498400,74.01,74.78,73.95,74.30,501,20,0
1667502000,74.30,74.57,74.12,74.23,587,20,0
1667505600,74.23,74.39,73.66,73.78,464,20,0
1667509200,73.80,73.90,72.80,72.97,843,20,0
1667574000,74.79,75.62,74.43,75.61,643,20,0
1667577600,75.61,76.55,74.82,75.99,810,20,0
1667581200,75.99,76.21,74.43,74.43,509,20,0
1667584800,74.43,74.73,74.18,74.22,728,20,0
1667588400,74.22,74.38,74.01,74.11,663,20,0
1667592000,74.12,74.78,74.01,74.72,780,20,0
1667595600,74.73,75.05,74.46,74.86,1363,20,0
1667836800,74.87,75.35,71.94,72.18,653,20,0
1667840400,72.18,72.86,71.67,72.46,741,20,0
1667844000,72.47,73.01,72.23,72.66,514,20,0
1667847600,72.66,73.22,72.47,72.76,323,20,0
1667851200,72.76,73.57,72.71,73.57,822,20,0
1667854800,73.58,73.88,73.41,73.47,817,20,0
1667858400,73.48,73.71,73.22,73.25,740,20,0
1667923200,73.25,73.78,73.15,73.54,368,20,0
1667926800,73.54,74.18,73.20,73.80,1159,20,0
1667930400,73.80,75.36,73.70,75.36,966,20,0
1667934000,75.36,75.59,74.98,75.16,911,20,0
1667937600,75.16,75.40,73.94,73.94,771,20,0
1667941200,73.94,74.12,73.01,73.64,954,20,0
1667944800,73.64,74.69,73.62,74.23,968,20,0
1668009600,73.53,73.74,73.02,73.24,356,20,0
1668013200,73.19,74.54,73.09,74.02,1207,20,0
1668016800,74.02,75.08,73.81,74.68,1055,20,0
1668020400,74.68,75.09,74.42,75.06,643,20,0
1668024000,75.06,75.15,74.32,74.94,758,20,0
1668027600,74.94,75.18,74.53,74.70,700,20,0
1668031200,74.56,75.04,74.31,74.55,1037,20,0
1668096000,77.72,77.86,76.56,77.42,653,23,0
1668099600,77.42,77.64,76.31,77.26,1195,22,0
1668103200,77.26,77.77,77.07,77.66,627,20,0
1668106800,77.66,78.00,77.00,77.20,704,20,0
1668110400,77.20,77.60,77.07,77.52,668,20,0
1668114000,77.52,77.70,77.41,77.62,820,20,0
1668117600,77.62,77.84,77.38,77.72,1281,20,0
1668182400,77.97,79.50,77.47,78.99,1203,20,0
1668186000,78.97,79.80,78.23,79.65,2712,20,0
1668189600,79.65,79.69,78.82,79.53,1464,20,0
1668193200,79.45,79.74,79.29,79.62,650,20,0
1668196800,79.62,80.87,79.62,80.83,1431,20,0
1668200400,80.72,81.23,80.60,81.02,1577,20,0
1668204000,81.02,81.05,80.21,80.46,2488,20,0
1668441600,79.19,79.62,79.09,79.35,207,20,0
1668445200,79.35,80.61,79.35,79.98,1152,20,0
1668448800,79.98,80.03,79.34,79.88,524,20,0
1668452400,79.88,80.12,79.77,79.94,415,20,0
1668456000,79.94,80.64,79.93,80.29,601,20,0
1668459600,80.29,80.45,79.79,79.79,340,20,0
1668463200,79.83,80.10,78.79,79.01,488,20,0
1668528000,80.90,81.65,80.79,81.45,467,20,0
1668531600,81.54,82.00,81.40,81.66,698,20,0
1668535200,81.62,82.16,81.50,81.97,524,20,0
1668538800,81.96,82.33,81.54,81.72,427,20,0
1668542400,81.72,81.90,79.14,79.14,851,20,0
1668546000,79.14,80.60,78.90,80.28,666,20,0
1668549600,80.38,80.55,79.64,79.95,1021,20,0
1668614400,79.44,80.67,79.29,80.54,246,20,0
1668618000,80.54,81.01,79.58,79.74,461,20,0
1668621600,79.74,80.32,79.59,80.04,323,20,0
1668625200,80.04,80.47,79.83,80.19,216,20,0
1668628800,80.22,80.36,79.90,79.98,156,20,0
1668632400,79.98,80.66,79.98,80.62,379,20,0
1668636000,80.62,80.62,80.17,80.43,378,20,0
1668700800,78.64,78.64,76.20,76.21,597,20,0
1668704400,76.21,76.70,75.94,76.32,1202,20,0
1668708000,76.32,76.87,76.25,76.87,622,20,0
1668711600,76.87,77.35,76.63,77.29,457,20,0
1668715200,77.29,77.41,77.15,77.31,454,20,0
1668718800,77.31,77.53,77.03,77.30,513,20,0
1668722400,77.30,77.42,76.69,77.06,653,20,0
1668787200,78.15,78.70,77.94,78.00,341,20,0
1668790800,77.94,77.98,77.22,77.40,568,20,0
1668794400,77.42,77.98,77.35,77.86,401,20,0
1668798000,77.85,77.99,77.14,77.22,349,20,0
1668801600,77.22,77.33,76.84,76.97,363,20,0
1668805200,77.03,77.47,77.03,77.39,491,20,0
1668808800,77.39,77.78,77.20,77.43,881,20,0
1669046400,76.83,77.73,76.64,77.25,359,20,0
1669050000,77.25,77.40,76.26,76.57,619,20,0
1669053600,76.58,76.81,75.94,76.04,557,20,0
1669057200,75.94,76.30,75.94,75.98,418,20,0
1669060800,75.98,76.41,75.94,76.14,497,20,0
1669064400,76.14,76.45,75.96,76.43,664,20,0
1669068000,76.38,76.77,76.14,76.70,1055,20,0
1669132800,76.75,76.86,75.76,76.34,364,20,0
1669136400,76.34,76.88,76.28,76.62,796,20,0
1669140000,76.64,77.05,76.38,76.56,930,20,0
1669143600,76.55,76.89,76.55,76.78,480,20,0
1669147200,76.78,77.57,76.76,77.55,473,20,0
1669150800,77.55,77.55,77.20,77.30,573,20,0
1669154400,77.30,77.90,77.23,77.80,813,20,0
1669219200,77.97,79.08,77.87,78.92,362,20,0
1669222800,78.92,79.97,78.92,79.81,820,20,0
1669226400,79.81,79.94,78.81,78.85,531,20,0
1669230000,78.85,79.05,78.60,78.64,447,20,0
1669233600,78.64,79.15,78.64,79.11,563,20,0
1669237200,79.11,79.50,78.74,78.91,802,20,0
1669240800,78.91,79.05,78.58,78.72,875,20,0
1669392000,77.99,79.04,77.99,79.02,228,20,0
1669395600,78.98,79.62,78.83,79.39,683,20,0
1669399200,79.39,79.78,79.33,79.65,997,20,0
1669402800,79.65,79.70,79.51,79.52,344,20,0
1669651200,79.06,79.98,78.99,79.59,330,20,0
1669654800,79.59,79.84,79.14,79.35,754,20,0
1669658400,79.35,79.83,79.32,79.75,475,20,0
1669662000,79.76,79.85,79.42,79.66,350,20,0
1669665600,79.66,79.78,79.43,79.43,306,20,0
1669669200,79.43,79.71,79.38,79.45,555,20,0
1669672800,79.45,79.71,79.04,79.37,806,20,0
1669737600,79.09,80.26,79.09,80.24,252,20,0
1669741200,80.24,80.97,80.10,80.75,1080,20,0
1669744800,80.75,80.83,80.10,80.50,705,20,0
1669748400,80.50,80.85,80.43,80.67,559,20,0
1669752000,80.67,80.77,80.23,80.52,500,20,0
1669755600,80.52,80.72,80.51,80.72,490,20,0
1669759200,80.72,80.96,80.14,80.63,1315,20,0
1669824000,81.03,81.64,80.61,80.69,349,21,0
1669827600,80.69,80.79,80.39,80.55,622,20,0
1669831200,80.55,80.95,80.41,80.81,603,20,0
1669834800,80.81,80.96,80.40,80.47,573,20,0
1669838400,80.47,81.46,80.30,81.46,940,20,0
1669842000,81.45,82.24,81.45,81.97,996,20,0
1669845600,81.97,83.26,81.83,83.04,1264,20,0
1669996800,80.54,81.92,80.54,81.66,224,20,0
1670000400,81.66,82.83,81.57,82.53,468,20,0
1670004000,82.53,82.92,81.90,82.76,245,20,0
1670007600,82.76,82.96,82.62,82.62,169,20,0
1670011200,82.62,82.75,82.42,82.72,182,20,0
1670014800,82.72,83.25,82.52,83.25,288,20,0
1670018400,83.25,83.64,82.96,83.31,949,20,0
1670256000,83.09,83.30,82.74,82.77,75,22,0
1670259600,82.74,83.14,82.33,82.98,623,20,0
1670263200,82.98,83.23,82.49,82.54,568,20,0
1670266800,82.54,82.78,82.17,82.24,505,20,0
1670270400,82.24,82.43,81.93,81.93,521,20,0
1670274000,81.93,82.03,81.77,81.96,636,20,0
1670277600,81.96,82.34,81.93,82.21,1141,20,0
1670342400,82.01,82.68,81.77,81.87,340,20,0
1670346000,81.87,81.94,81.21,81.21,600,20,0
1670349600,81.21,81.37,80.94,81.20,965,20,0
1670353200,81.20,81.45,81.04,81.22,794,20,0
1670356800,81.22,81.37,80.79,81.13,587,20,0
1670360400,81.13,81.19,80.74,81.05,704,20,0
1670364000,81.05,81.81,80.92,81.60,1156,20,0
1670428800,79.59,79.59,78.24,78.24,508,20,0
1670432400,78.24,78.39,77.54,77.98,1136,20,0
1670436000,77.98,78.55,77.89,78.10,667,20,0
1670439600,78.10,78.26,77.73,78.19,516,20,0
1670443200,78.19,78.80,78.19,78.54,558,20,0
1670446800,78.54,78.70,78.35,78.49,662,20,0
1670450400,78.51,78.72,77.99,78.10,811,20,0
1670518800,79.34,79.69,79.34,79.55,424,20,0
1670522400,79.55,80.01,79.37,79.84,421,20,0
1670526000,79.83,79.99,79.60,79.86,769,20,0
1670529600,79.86,80.66,79.86,80.15,929,20,0
1670533200,80.15,80.19,79.82,80.06,610,20,0
1670536800,80.06,80.38,79.86,80.33,1103,20,0
1670601600,79.76,80.63,79.60,80.20,291,21,0
1670605200,80.49,80.96,80.23,80.96,682,20,0
1670608800,80.96,81.08,80.69,80.86,548,20,0
1670612400,80.86,81.00,80.55,80.73,787,20,0
1670616000,80.73,80.76,80.46,80.70,693,20,0
1670619600,80.70,80.84,80.55,80.79,710,20,0
1670623200,80.79,80.87,80.50,80.67,1122,20,0
1670860800,80.71,81.57,80.43,81.37,309,20,0
1670864400,81.37,81.78,81.07,81.78,656,20,0
1670868000,81.78,82.20,81.69,82.00,680,20,0
1670871600,82.00,82.28,81.90,82.24,587,20,0
1670875200,82.23,82.35,81.94,82.08,591,20,0
1670878800,82.08,82.53,81.90,82.52,602,20,0
1670882400,82.52,83.17,82.49,83.12,1274,20,0
1670947200,85.83,85.88,84.52,84.73,675,20,0
1670950800,84.73,84.98,82.60,82.84,998,20,0
1670954400,82.84,83.02,81.81,82.03,921,20,0
1670958000,82.03,82.14,81.32,81.67,1409,20,0
1670961600,81.67,82.25,81.59,81.84,1085,20,0
1670965200,81.84,81.99,81.38,81.60,1055,20,0
1670968800,81.60,82.11,81.34,81.80,1223,20,0
1671033600,81.86,82.73,81.54,81.54,308,20,0
1671037200,81.54,81.63,80.74,80.90,458,20,0
1671040800,80.90,81.25,80.82,81.08,678,20,0
1671044400,81.08,81.25,80.94,80.98,915,20,0
1671048000,80.98,81.61,80.98,81.25,437,20,0
1671051600,81.25,81.25,79.34,80.03,1301,20,0
1671055200,80.03,81.18,79.79,80.18,2173,20,0
1671120000,78.69,78.98,78.02,78.38,459,20,0
1671123600,78.38,78.84,77.94,78.30,826,20,0
1671127200,78.30,78.76,78.16,78.22,806,20,0
1671130800,78.20,78.75,78.20,78.34,1211,20,0
1671134400,78.34,78.43,77.99,78.17,779,20,0
1671138000,78.17,78.59,77.94,78.59,918,20,0
1671141600,78.59,78.81,78.37,78.56,1359,20,0
1671206400,77.37,78.74,77.37,78.38,460,20,0
1671210000,78.38,78.39,77.54,77.60,967,20,0
1671213600,77.60,77.75,77.34,77.38,1177,20,0
1671217200,77.38,78.08,77.36,77.75,687,20,0
1671220800,77.76,77.76,77.31,77.34,664,20,0
1671224400,77.33,77.46,76.99,77.37,864,20,0
1671228000,77.37,77.90,77.18,77.39,2295,20,0
1671465600,77.91,78.07,77.21,77.67,482,20,0
1671469200,77.69,78.09,77.49,77.51,1700,20,0
1671472800,77.51,77.72,77.14,77.36,1851,20,0
1671476400,77.36,77.81,77.31,77.68,759,20,0
1671480000,77.68,77.84,77.47,77.55,461,20,0
1671483600,77.58,77.58,77.10,77.16,1278,20,0
1671487200,77.15,77.40,76.68,77.19,1940,20,0
1671552000,76.85,78.29,76.79,77.59,415,20,0
1671555600,77.48,78.14,77.15,77.59,1767,20,0
1671559200,77.59,77.80,76.92,77.11,1518,20,0
1671562800,77.11,77.40,76.99,77.23,1302,20,0
1671566400,77.23,77.70,77.18,77.42,974,20,0
1671570000,77.37,77.69,77.37,77.53,1180,20,0
1671573600,77.53,78.37,77.49,78.23,1172,20,0
1671638400,78.45,79.59,78.45,78.81,274,20,0
1671642000,78.83,79.84,78.69,79.46,760,20,0
1671645600,79.46,79.67,79.12,79.28,441,20,0
1671649200,79.19,79.27,78.68,78.93,264,20,0
1671652800,78.93,79.19,78.75,79.11,201,20,0
1671656400,79.11,79.39,79.03,79.10,205,20,0
1671660000,79.10,79.24,78.71,78.76,858,20,0
1671724800,77.61,77.84,77.22,77.32,191,20,0
1671728400,77.32,77.34,76.37,76.59,352,20,0
1671732000,76.54,76.63,76.17,76.59,429,20,0
1671735600,76.59,76.70,76.35,76.57,370,20,0
1671739200,76.57,76.57,76.15,76.30,366,20,0
1671742800,76.30,77.02,76.27,77.02,396,20,0
1671746400,77.02,77.44,76.87,77.23,434,20,0
1671811200,76.84,77.51,76.57,77.05,445,20,0
1671814800,77.15,78.67,77.15,77.88,1694,20,0
1671818400,77.88,78.20,77.64,78.13,445,20,0
1671822000,78.13,78.60,78.12,78.31,435,20,0
1671825600,78.31,78.78,78.31,78.43,402,20,0
1671829200,78.43,78.66,78.42,78.65,369,20,0
1671832800,78.65,78.84,78.47,78.73,716,20,0
1672156800,79.06,79.23,78.41,78.72,269,20,0
1672160400,78.72,79.74,78.24,79.49,327,20,0
1672164000,79.49,80.18,79.49,79.94,243,20,0
1672167600,79.94,80.32,79.69,79.94,146,20,0
1672171200,79.94,79.99,79.56,79.56,147,20,0
1672174800,79.56,79.87,79.56,79.87,277,20,0
1672178400,79.87,80.02,79.74,79.80,452,20,0
1672182000,79.80,79.80,77.93,77.98,18,20,0
1672243200,79.95,81.03,79.82,80.70,257,21,0
1672246800,80.70,80.96,79.73,79.73,1163,20,0
1672250400,79.73,79.82,79.42,79.48,512,20,0
1672254000,79.48,79.80,79.17,79.80,1506,20,0
1672257600,79.80,79.98,79.29,79.46,2075,20,0
1672261200,79.46,79.52,79.05,79.16,2034,20,0
1672264800,79.16,79.19,78.10,78.29,1658,20,0
1672329600,78.82,79.73,78.66,79.48,344,20,0
1672333200,79.48,80.07,79.42,79.59,1588,20,0
1672336800,79.59,80.40,79.35,80.13,1346,20,0
1672340400,80.13,80.36,79.89,80.02,1847,20,0
1672344000,80.02,80.14,79.75,80.02,1861,20,0
1672347600,80.02,80.35,79.94,80.20,2214,20,0
1672351200,80.20,80.32,79.93,80.05,889,20,0
1672416000,78.99,79.80,78.94,79.72,314,23,0
1672419600,79.89,80.29,79.62,79.89,650,20,0
1672423200,79.89,80.10,79.66,79.86,482,20,0
1672426800,79.86,80.20,79.85,80.20,442,20,0
1672430400,80.20,80.20,79.62,79.84,479,20,0
1672434000,79.84,80.10,79.80,79.89,504,20,0
1672437600,79.89,80.57,79.89,80.50,1050,20,0
1672761600,81.05,81.85,80.80,80.88,376,20,0
1672765200,80.88,81.19,80.30,80.88,719,20,0
1672768800,80.88,80.94,80.09,80.21,655,20,0
1672772400,80.21,80.41,79.94,80.34,570,20,0
1672776000,80.34,81.03,80.34,80.98,909,20,0
1672779600,80.98,81.37,80.81,81.16,830,20,0
1672783200,81.16,81.45,81.08,81.19,1136,20,0
1672786800,81.19,81.19,81.04,81.04,7,20,0
1672848000,82.46,83.03,82.02,82.87,429,20,0
1672851600,82.87,83.50,82.39,83.43,920,20,0
1672855200,83.44,84.17,83.32,84.09,818,20,0
1672858800,84.09,84.23,83.91,83.96,435,20,0
1672862400,83.96,84.20,83.81,83.83,490,20,0
1672866000,83.84,84.10,83.16,83.88,715,20,0
1672869600,83.91,84.37,83.47,84.33,1352,20,0
1672934400,83.44,84.58,83.37,84.51,423,20,0
1672938000,84.51,85.31,84.36,84.62,751,20,0
1672941600,84.62,85.21,84.49,85.06,590,20,0
1672945200,85.06,85.34,84.62,84.69,528,20,0
1672948800,84.69,85.86,84.69,85.40,915,20,0
1672952400,85.40,85.90,85.39,85.82,679,20,0
1672956000,85.82,86.00,85.61,85.73,1109,20,0
1673020800,86.69,86.91,85.88,86.44,246,20,0
1673024400,86.44,86.97,86.34,86.92,310,20,0
1673028000,86.92,86.97,86.16,86.36,226,20,0
1673031600,86.36,86.53,85.94,86.27,262,20,0
1673035200,86.27,86.86,86.27,86.74,170,20,0
1673038800,86.74,87.16,86.74,87.16,205,20,0
1673042400,87.16,87.53,87.03,87.09,392,20,0
1673280000,87.33,88.47,87.23,88.41,460,20,0
1673283600,88.47,88.75,88.29,88.51,437,20,0
1673287200,88.51,88.81,88.32,88.49,234,20,0
1673290800,88.49,88.51,88.20,88.27,236,20,0
1673294400,88.27,88.29,87.89,88.00,359,20,0
1673298000,88.00,88.46,87.96,88.19,318,20,0
1673301600,88.09,88.39,88.03,88.26,538,20,0
1673366400,87.92,88.66,87.71,88.38,805,20,0
1673370000,88.31,88.50,87.09,87.86,1432,20,0
1673373600,87.86,88.13,87.72,88.03,624,20,0
1673377200,88.03,88.32,87.90,88.10,408,20,0
1673380800,88.10,88.40,88.07,88.28,430,20,0
1673384400,88.28,88.62,88.28,88.41,582,20,0
1673388000,88.41,88.70,88.16,88.70,1202,20,0
1673452800,89.40,89.40,88.61,89.16,454,20,0
1673456400,89.16,89.42,88.83,89.12,619,20,0
1673460000,89.12,89.64,89.12,89.41,435,20,0
1673463600,89.40,89.54,89.27,89.48,359,20,0
1673467200,89.46,89.70,88.88,88.93,457,20,0
1673470800,88.93,88.94,88.58,88.73,538,20,0
1673474400,88.73,89.06,88.69,88.80,908,20,0
1673539200,88.72,89.18,88.38,88.96,181,25,0
1673542800,89.01,89.99,89.01,89.42,491,20,0
1673546400,89.42,89.53,88.84,89.26,462,20,0
1673550000,89.26,89.79,89.26,89.67,297,20,0
1673553600,89.68,90.38,89.33,90.38,362,20,0
1673557200,90.38,90.54,90.13,90.30,486,20,0
1673560800,90.30,90.41,90.05,90.20,306,20,0
1673625600,89.16,89.46,88.72,89.45,393,20,0
1673629200,89.30,91.02,89.21,90.70,775,20,0
1673632800,90.70,90.97,90.37,90.97,777,20,0
1673636400,90.97,91.22,90.90,91.08,618,20,0
1673640000,91.08,91.69,90.85,91.69,664,20,0
1673643600,91.69,91.78,91.30,91.43,780,20,0
1673647200,91.43,91.95,91.37,91.94,1060,20,0
1673971200,91.88,92.58,91.62,92.58,341,20,0
1673974800,92.51,93.11,92.34,92.73,536,20,0
1673978400,92.73,93.04,92.54,93.04,409,20,0
1673982000,93.04,93.16,92.85,92.91,248,20,0
1673985600,92.91,93.05,92.73,93.00,345,20,0
1673989200,93.00,93.09,92.76,92.91,303,20,0
1673992800,92.91,93.31,92.89,93.28,573,20,0
1674057600,93.78,94.68,93.77,94.53,432,20,0
1674061200,94.53,94.70,92.85,93.08,960,20,0
1674064800,93.08,93.32,92.47,92.61,719,20,0
1674068400,92.61,92.65,91.81,91.84,588,20,0
1674072000,91.84,92.38,91.75,92.20,615,20,0
1674075600,92.20,92.67,92.11,92.48,278,20,0
1674079200,92.48,92.54,91.65,91.74,752,20,0
1674144000,90.96,91.27,90.68,90.94,339,25,0
1674147600,90.94,91.17,90.82,91.09,284,20,0
1674151200,91.35,91.36,91.35,91.36,15,22,0
1674154800,91.36,91.59,91.18,91.33,436,20,0
1674158400,91.34,92.14,91.29,92.14,575,20,0
1674162000,92.14,92.71,92.03,92.61,498,20,0
1674165600,92.61,92.70,92.39,92.62,570,20,0
1674230400,93.35,93.41,92.39,93.35,477,20,0
1674234000,93.35,93.38,92.94,93.27,756,20,0
1674237600,93.27,93.88,93.25,93.73,310,20,0
1674241200,93.73,93.77,93.12,93.26,177,20,0
1674244800,93.17,93.58,92.96,93.47,324,20,0
1674248400,93.48,93.56,93.21,93.25,380,20,0
1674252000,93.25,93.72,93.25,93.63,656,20,0
1674489600,93.64,94.02,93.09,93.93,363,20,0
1674493200,93.98,94.66,93.85,94.54,775,20,0
1674496800,94.54,95.03,94.54,94.99,614,20,0
1674500400,95.05,95.13,94.74,94.98,435,20,0
1674504000,94.98,95.60,94.96,95.58,531,20,0
1674507600,95.58,95.65,95.17,95.38,532,20,0
1674511200,95.38,96.02,95.38,95.99,865,20,0
1674576000,95.89,97.05,95.72,96.88,399,20,0
1674579600,96.88,96.95,96.18,96.20,793,20,0
1674583200,96.20,96.25,95.87,96.01,618,20,0
1674586800,96.02,96.46,96.02,96.37,479,20,0
1674590400,96.37,96.37,96.06,96.22,388,20,0
1674594000,96.22,96.35,96.08,96.08,387,20,0
1674597600,96.08,96.16,95.64,95.98,873,20,0
1674662400,92.22,94.90,91.93,94.25,472,20,0
1674666000,94.25,95.29,94.18,95.29,610,20,0
1674669600,95.29,95.46,94.58,94.83,552,20,0
1674673200,94.83,95.13,94.49,94.84,404,20,0
1674676800,94.84,95.25,94.84,95.10,419,20,0
1674680400,95.10,95.20,94.94,95.04,507,20,0
1674684000,95.04,95.59,94.95,95.52,769,20,0
1674748800,95.96,96.20,95.69,95.90,426,20,0
1674752400,95.90,96.70,95.72,95.91,890,20,0
1674756000,95.91,96.40,95.72,96.18,846,20,0
1674759600,96.18,96.46,96.08,96.17,511,20,0
1674763200,96.17,96.55,96.00,96.47,426,20,0
1674766800,96.47,96.81,96.47,96.78,405,20,0
1674770400,96.78,97.22,96.78,97.11,883,20,0
1674835200,96.58,97.72,96.58,97.46,370,21,0
1674838800,97.46,98.34,97.12,97.53,729,20,0
1674842400,97.53,97.98,97.53,97.77,540,20,0
1674846000,97.77,97.86,97.52,97.85,423,20,0
1674849600,97.85,97.98,97.74,97.98,452,20,0
1674853200,97.98,98.08,97.86,98.04,518,20,0
1674856800,98.04,98.87,98.04,98.45,1233,20,0
1675094400,97.28,97.99,97.28,97.62,392,20,0
1675098000,97.62,97.85,96.38,96.81,932,20,0
1675101600,96.81,97.74,96.81,97.52,781,20,0
1675105200,97.52,97.52,97.04,97.22,550,20,0
1675108800,97.22,97.70,97.22,97.70,409,20,0
1675112400,97.70,97.91,97.56,97.65,418,20,0
1675116000,97.66,97.82,97.31,97.34,978,20,0
1675180800,97.10,97.35,96.35,96.42,465,24,0
1675184400,96.42,97.14,96.19,96.99,810,20,0
1675188000,96.99,97.01,96.42,96.42,584,20,0
1675191600,96.42,96.42,96.05,96.18,532,20,0
1675195200,96.18,96.57,96.17,96.40,490,20,0
1675198800,96.40,96.45,96.24,96.28,484,20,0
1675202400,96.28,97.26,96.28,97.26,1078,20,0
1675267200,96.67,97.38,96.43,97.11,381,20,0
1675270800,97.11,97.22,96.14,96.15,1146,20,0
1675274400,96.15,96.56,95.90,95.95,554,20,0
1675278000,95.95,96.03,95.55,95.58,431,20,0
1675281600,95.58,96.10,95.52,95.76,867,20,0
1675285200,95.76,97.30,95.50,97.12,938,20,0
1675288800,97.10,98.33,96.94,97.71,1177,20,0
1675353600,98.12,98.66,97.62,98.24,485,20,0
1675357200,98.24,99.14,98.01,98.95,918,20,0
1675360800,98.95,99.01,98.32,98.65,636,20,0
1675364400,98.65,99.04,98.45,98.86,250,20,0
1675368000,98.86,99.12,98.74,99.05,783,20,0
1675371600,99.05,99.12,97.55,97.64,514,20,0
1675375200,97.64,98.08,97.37,98.08,930,20,0
1675440000,96.69,97.04,96.07,96.45,488,22,0
1675443600,96.45,97.98,96.39,97.65,718,24,0
1675447200,97.65,97.97,97.52,97.77,400,22,0
1675450800,97.77,98.49,97.77,98.09,330,20,0
1675454400,98.09,98.23,97.87,98.17,441,20,0
1675458000,98.17,98.23,97.51,97.67,421,20,0
1675461600,97.67,98.23,97.64,98.14,803,20,0
1675699200,97.23,98.27,96.92,97.94,383,30,0
1675702800,97.94,98.34,97.35,97.98,1989,20,0
1675706400,97.98,98.38,97.74,97.95,669,20,0
1675710000,97.95,98.68,97.94,98.54,328,20,0
1675713600,98.54,98.57,98.26,98.36,233,20,0
1675717200,98.36,98.78,98.36,98.46,269,21,0
1675720800,98.45,98.86,98.38,98.77,506,20,0
1675785600,99.22,99.24,98.36,98.36,132,27,0
1675789200,98.36,98.52,96.96,97.10,772,20,0
1675792800,97.10,97.91,97.09,97.34,528,20,0
1675796400,97.34,97.97,97.15,97.73,548,20,0
1675800000,97.76,98.00,96.40,96.79,838,20,0
1675803600,96.86,97.76,96.86,97.48,487,20,0
1675807200,97.48,99.43,97.37,99.42,995,20,0
1675872000,98.48,99.08,98.05,98.58,377,24,0
1675875600,98.58,98.62,97.74,97.95,700,21,0
1675879200,97.95,98.03,96.92,97.36,411,20,0
1675882800,97.36,97.60,96.98,97.30,1330,20,0
1675886400,97.30,97.56,96.83,97.06,587,20,0
1675890000,97.06,97.22,96.83,97.16,614,20,0
1675893600,97.16,97.21,96.74,96.92,593,20,0
1675958400,97.86,99.40,97.86,98.81,244,25,0
1675962000,98.81,99.55,98.78,99.24,2048,20,0
1675965600,99.24,99.28,98.23,98.26,1954,20,0
1675969200,98.33,99.13,98.14,98.55,1801,20,0
1675972800,98.55,99.02,98.54,98.71,1503,20,0
1675976400,98.71,98.80,98.33,98.43,2131,20,0
1675980000,98.43,98.43,97.33,97.37,1438,20,0
1676044800,95.31,96.18,94.00,94.48,312,20,0
1676048400,94.51,94.74,93.70,93.90,2443,20,0
1676052000,93.90,94.23,93.58,93.72,996,20,0
1676055600,93.72,93.81,93.54,93.79,1037,20,0
1676059200,93.79,94.18,93.66,94.18,1047,20,0
1676062800,94.18,94.18,93.14,93.45,1641,20,0
1676066400,93.45,93.80,93.12,93.78,2050,20,0
1676304000,94.48,95.50,94.39,95.50,377,20,0
1676307600,95.51,96.50,95.36,96.49,842,20,0
1676311200,96.49,97.04,96.42,96.87,869,20,0
1676314800,96.87,97.06,96.61,96.79,699,20,0
1676318400,96.79,97.10,96.79,97.03,618,20,0
1676322000,97.03,97.07,96.64,96.65,571,20,0
1676325600,96.65,96.97,96.65,96.84,1045,20,0
1676390400,96.45,98.41,96.33,98.35,365,26,0
1676394000,98.35,98.75,96.94,97.11,749,20,0
1676397600,97.14,97.72,96.98,97.14,425,22,0
1676401200,97.14,98.09,97.14,98.09,280,20,0
1676404800,98.09,98.81,98.09,98.40,314,22,0
1676408400,98.40,98.73,98.06,98.62,235,20,0
1676412000,98.62,99.08,98.42,98.77,563,20,0
1676476800,99.31,100.36,99.16,99.26,449,20,0
1676480400,99.26,99.82,99.14,99.27,490,21,0
1676484000,99.27,99.77,99.27,99.71,277,20,0
1676487600,99.71,99.71,99.22,99.52,187,20,0
1676491200,99.52,100.12,99.42,100.07,235,20,0
1676494800,100.07,100.50,99.99,100.26,314,20,0
1676498400,100.26,100.64,100.26,100.56,946,20,0
1676563200,98.96,99.57,98.54,99.39,433,26,0
1676566800,99.39,100.75,99.31,100.71,322,20,0
1676570400,100.71,100.98,100.50,100.98,165,20,0
1676574000,100.98,101.10,100.42,100.82,197,20,0
1676577600,100.82,101.30,100.61,100.91,167,20,0
1676581200,100.91,101.18,100.66,100.91,151,20,0
1676584800,101.00,101.06,99.54,99.61,290,20,0
1676649600,98.56,99.06,97.59,97.89,390,20,0
1676653200,97.89,98.44,97.80,97.94,992,21,0
1676656800,97.93,98.16,97.58,97.63,1116,20,0
1676660400,97.63,98.19,97.62,97.75,1049,20,0
1676664000,97.75,98.10,97.61,98.08,1731,20,0
1676667600,97.95,98.75,97.90,98.58,2396,20,0
1676671200,98.58,98.89,98.30,98.38,2873,20,0
1676995200,96.64,97.77,96.64,97.14,310,20,0
1676998800,97.14,97.75,96.96,97.40,2217,20,0
1677002400,97.40,97.61,97.00,97.00,1024,20,0
1677006000,96.99,97.22,96.85,97.22,1575,22,0
1677009600,97.22,97.22,96.82,96.88,1239,20,0
1677013200,96.88,97.20,96.74,97.14,1498,20,0
1677016800,97.14,97.48,96.82,96.96,2277,20,0
1677081600,96.74,97.86,96.57,97.05,360,24,0
1677085200,97.05,97.21,96.51,97.17,437,20,0
1677088800,97.17,97.39,96.74,96.96,375,20,0
1677092400,96.96,97.41,96.89,97.20,342,20,0
1677096000,97.20,97.50,97.16,97.37,278,20,0
1677099600,97.17,97.54,96.61,96.64,543,24,0
1677103200,96.64,97.06,96.62,96.97,678,20,0
1677168000,97.61,97.61,96.48,97.01,147,24,0
1677171600,97.01,97.03,95.96,96.04,196,22,0
1677175200,96.04,96.14,95.17,95.20,1399,20,0
1677178800,95.20,95.78,95.10,95.69,2268,20,0
1677182400,95.69,96.66,95.53,96.53,3363,20,0
1677186000,96.53,97.54,96.35,97.54,2507,20,0
1677189600,97.54,97.98,96.97,97.00,1217,20,0
1677254400,96.96,99.33,96.34,98.72,736,23,0
1677258000,98.72,98.72,97.56,97.72,3405,21,0
1677261600,97.72,97.88,97.04,97.20,3213,20,0
1677265200,97.20,97.39,96.94,96.94,1817,20,0
1677268800,96.94,97.62,96.10,97.57,2158,20,0
1677272400,97.57,97.93,97.21,97.93,3122,20,0
1677276000,97.93,98.06,97.52,98.05,1983,20,0
1677513600,98.95,100.03,98.84,100.00,515,20,0
1677517200,100.03,101.02,99.92,100.19,675,20,0
1677520800,100.19,100.26,99.87,100.18,323,20,0
1677524400,100.18,100.78,100.12,100.64,434,20,0
1677528000,100.64,100.97,100.43,100.66,303,20,0
1677531600,100.66,100.82,100.48,100.52,386,20,0
1677535200,100.52,101.06,100.44,100.71,712,20,0
1677600000,100.26,101.72,100.14,101.45,350,20,0
1677603600,101.45,101.68,101.14,101.32,669,20,0
1677607200,101.32,101.75,101.32,101.47,831,20,0
1677610800,101.47,101.81,101.34,101.57,518,20,0
1677614400,101.57,101.72,101.17,101.31,515,20,0
1677618000,101.31,101.42,100.81,100.90,569,20,0
1677621600,100.90,101.30,100.72,100.82,947,20,0
1677686400,100.87,101.91,100.87,101.69,329,22,0
1677690000,101.64,101.79,101.02,101.62,632,20,0
1677693600,101.62,101.66,100.82,101.54,592,20,0
1677697200,101.54,102.02,101.53,101.74,405,20,0
1677700800,101.74,101.86,101.54,101.76,332,20,0
1677704400,101.76,101.76,101.24,101.39,355,20,0
1677708000,101.39,102.03,101.39,101.94,1013,20,0
1677772800,101.67,101.79,101.06,101.14,229,20,0
1677776400,101.14,101.64,100.94,101.61,321,20,0
1677780000,101.61,102.16,101.61,102.12,268,20,0
1677783600,102.12,102.48,102.03,102.48,193,20,0
1677787200,102.48,103.07,102.34,103.07,190,20,0
1677790800,103.06,103.12,102.42,102.63,267,20,0
1677794400,102.63,103.22,102.57,102.93,745,20,0
1677859200,103.54,104.38,103.44,104.24,507,20,0
1677862800,104.24,104.78,103.88,104.22,749,20,0
1677866400,104.22,104.78,104.17,104.64,829,20,0
1677870000,104.64,104.82,104.43,104.77,759,20,0
1677873600,104.77,104.83,104.45,104.58,1168,20,0
1677877200,104.58,104.81,104.45,104.73,1191,20,0
1677880800,104.73,105.01,104.64,104.69,1383,20,0
1678118400,103.26,104.20,103.08,103.98,385,24,0
1678122000,103.98,104.77,103.83,104.47,751,20,0
1678125600,104.47,104.84,104.41,104.74,449,20,0
1678129200,104.74,104.95,103.95,104.37,367,20,0
1678132800,104.37,104.37,103.94,103.94,366,20,0
1678136400,103.94,104.13,103.72,103.96,435,20,0
1678140000,103.96,104.44,103.67,104.40,785,20,0
1678204800,103.61,105.08,103.50,104.70,430,20,0
1678208400,104.70,104.70,103.54,103.54,970,22,0
1678212000,103.54,104.04,103.28,103.61,735,21,0
1678215600,103.61,104.22,103.54,103.74,603,20,0
1678219200,103.74,103.78,102.88,103.10,727,20,0
1678222800,103.10,103.33,102.82,102.87,615,20,0
1678226400,102.87,103.29,102.74,103.00,1223,20,0
1678291200,103.19,103.52,102.98,103.34,267,20,0
1678294800,103.18,103.88,102.77,103.23,606,20,0
1678298400,103.23,103.44,102.74,103.31,425,20,0
1678302000,103.31,103.32,102.57,102.81,410,20,0
1678305600,102.81,102.87,102.41,102.65,375,20,0
1678309200,102.65,103.01,102.54,102.68,439,20,0
1678312800,102.68,103.30,102.63,103.22,906,20,0
1678377600,103.14,103.30,102.44,103.04,337,20,0
1678381200,102.88,103.37,102.50,103.03,578,20,0
1678384800,103.03,103.10,102.46,102.46,517,20,0
1678388400,102.46,102.60,101.74,101.80,651,20,0
1678392000,101.79,101.90,100.80,100.91,536,20,0
1678395600,100.91,101.22,100.62,100.70,613,20,0
1678399200,100.70,100.78,99.99,100.14,1069,20,0
1678464000,100.78,100.78,98.29,98.75,328,20,0
1678467600,98.75,100.48,98.75,100.48,543,20,0
1678471200,100.46,100.82,99.69,99.73,477,20,0
1678474800,99.71,100.24,99.38,99.50,266,21,0
1678478400,99.50,99.69,99.14,99.20,282,20,0
1678482000,99.20,99.99,99.20,99.79,299,20,0
1678485600,99.79,99.98,98.75,99.16,700,20,0
1678719600,98.31,98.57,97.16,98.20,486,20,0
1678723200,98.20,98.40,97.34,97.91,836,20,0
1678726800,97.91,98.38,97.65,98.10,1477,21,0
1678730400,98.08,98.48,97.76,97.76,2078,20,0
1678734000,97.82,98.27,97.63,97.99,3399,20,0
1678737600,97.99,98.62,97.98,98.18,3678,20,0
1678741200,98.17,98.31,97.24,97.43,2320,20,0
1678806000,99.23,100.11,98.89,99.92,468,20,0
1678809600,99.92,100.43,99.34,99.63,762,20,0
1678813200,99.63,100.15,99.51,99.75,731,20,0
1678816800,99.75,99.79,98.94,99.20,645,20,0
1678820400,99.20,99.24,98.45,98.45,619,20,0
1678824000,98.45,98.85,98.34,98.67,773,20,0
1678827600,98.67,98.95,98.33,98.89,1039,20,0
1678892400,96.82,97.21,95.35,95.71,592,20,0
1678896000,95.67,95.94,95.14,95.74,1031,20,0
1678899600,95.74,95.96,95.52,95.53,740,20,0
1678903200,95.48,95.87,95.33,95.65,730,20,0
1678906800,95.65,95.95,95.37,95.58,725,20,0
1678910400,95.58,96.49,95.39,96.29,886,20,0
1678914000,96.29,96.46,95.80,96.46,1441,20,0
1678978800,95.99,97.06,95.98,96.97,348,20,0
1678982400,96.97,97.27,96.14,97.23,728,20,0
1678986000,97.23,98.00,97.06,97.87,702,20,0
1678989600,97.87,97.97,97.14,97.63,710,20,0
1678993200,97.63,97.91,97.31,97.52,651,20,0
1678996800,97.51,97.85,97.24,97.70,816,20,0
1679000400,97.70,97.99,97.47,97.52,1208,20,0
1679065200,97.37,97.44,96.28,96.97,339,20,0
1679068800,97.07,97.51,95.66,96.00,922,20,0
1679072400,96.00,96.22,95.64,95.99,635,20,0
1679076000,95.99,96.21,95.82,96.21,669,20,0
1679079600,96.21,97.03,96.21,97.03,735,20,0
1679083200,97.03,97.29,96.41,96.77,790,20,0
1679086800,96.77,97.68,96.50,97.48,1126,20,0
1679324400,97.69,98.45,97.16,98.22,331,24,0
1679328000,98.22,99.94,98.22,99.79,325,20,0
1679331600,99.79,100.01,99.49,99.50,319,20,0
1679335200,99.50,99.63,98.75,99.59,293,20,0
1679338800,99.59,99.81,99.09,99.50,227,20,0
1679342400,99.39,99.47,98.85,99.37,247,20,0
1679346000,99.37,99.94,99.17,99.65,373,20,0
1679410800,100.28,101.98,100.15,101.96,392,20,0
1679414400,101.96,102.39,101.82,101.97,911,20,0
1679418000,101.97,102.40,101.88,102.08,603,20,0
1679421600,102.14,102.55,102.03,102.48,777,20,0
1679425200,102.48,102.82,102.31,102.38,639,20,0
1679428800,102.38,102.63,102.26,102.53,549,20,0
1679432400,102.53,103.15,102.53,102.80,952,20,0
1679497200,102.70,103.03,102.30,102.92,287,20,0
1679500800,102.92,103.02,102.38,102.74,522,20,0
1679504400,102.74,102.97,102.58,102.76,459,20,0
1679508000,102.76,102.88,102.56,102.67,432,20,0
1679511600,102.67,103.17,102.60,103.05,624,20,0
1679515200,103.16,104.34,103.03,103.32,1133,20,0
1679518800,103.30,103.89,102.18,102.20,1426,20,0
1679583600,103.02,103.41,102.75,102.95,190,20,0
1679587200,102.93,104.46,102.82,104.34,430,20,0
1679590800,104.34,104.54,103.76,103.91,213,20,0
1679594400,103.91,104.12,102.94,102.97,289,20,0
1679598000,102.97,103.23,102.09,102.53,254,20,0
1679601600,102.53,102.67,100.79,101.29,318,20,0
1679605200,101.29,101.83,100.73,101.38,646,20,0
1679670000,100.70,100.70,98.91,99.93,438,23,0
1679673600,99.94,100.17,98.56,98.88,847,20,0
1679677200,98.88,99.41,98.54,99.30,714,20,0
1679680800,99.30,99.63,98.98,99.50,1578,20,0
1679684400,99.50,99.67,98.84,99.07,2511,20,0
1679688000,99.07,99.97,99.07,99.87,1345,20,0
1679691600,99.87,100.34,99.68,99.89,1292,20,0
1679932800,100.70,101.49,100.36,101.21,638,20,0
1679936400,101.21,101.61,100.26,100.26,3780,20,0
1679940000,100.26,100.73,100.00,100.10,1913,20,0
1679943600,100.10,100.52,100.00,100.34,1511,20,0
1679947200,100.33,100.77,100.17,100.53,2120,20,0
1679950800,100.53,100.70,100.44,100.58,1986,20,0
1679954400,100.58,100.72,100.14,100.22,1241,20,0
1680019200,100.40,100.72,100.27,100.29,212,20,0
1680022800,100.29,100.86,100.07,100.53,369,20,0
1680026400,100.53,101.18,100.53,101.16,185,20,0
1680030000,101.11,101.26,100.79,100.98,162,20,0
1680033600,100.98,101.12,100.62,100.69,171,20,0
1680037200,100.74,101.31,100.74,101.26,156,20,0
1680040800,101.26,102.06,101.26,101.74,491,20,0
1680105600,102.59,103.17,102.38,102.45,328,20,0
1680109200,102.50,102.74,101.87,102.00,396,20,0
1680112800,102.00,102.67,102.00,102.65,297,20,0
1680116400,102.65,102.88,102.29,102.29,246,20,0
1680120000,102.29,102.72,102.19,102.64,319,21,0
1680123600,102.64,103.02,102.54,102.78,320,20,0
1680127200,102.79,103.20,102.61,102.74,464,20,0
1680192000,103.23,103.63,102.94,103.62,344,20,0
1680195600,103.67,104.24,103.53,103.74,3443,20,0
1680199200,103.74,104.47,103.74,104.47,964,20,0
1680202800,104.47,104.47,104.09,104.39,389,20,0
1680206400,104.34,104.48,103.94,104.17,344,20,0
1680210000,104.18,104.51,104.11,104.37,391,20,0
1680213600,104.37,104.79,104.25,104.29,731,20,0
1680278400,104.93,105.65,104.65,105.24,268,20,0
1680282000,105.24,105.94,105.20,105.70,570,20,0
1680285600,105.70,106.31,105.52,105.74,444,20,0
1680289200,105.74,105.87,105.55,105.75,456,20,0
1680292800,105.57,105.85,105.55,105.78,209,20,0
1680296400,105.78,105.89,105.62,105.86,585,20,0
1680300000,105.86,106.08,105.69,105.99,553,20,0
1680537600,105.66,106.01,105.00,105.13,386,20,0
1680541200,105.13,105.96,105.03,105.26,3102,20,0
1680544800,105.27,106.11,105.27,106.05,606,20,0
1680548400,106.05,106.50,105.94,106.19,3631,20,0
1680552000,106.19,106.60,106.10,106.39,3187,20,0
1680555600,106.38,106.64,106.17,106.63,2497,20,0
1680559200,106.63,106.98,106.39,106.50,1537,20,0
1680624000,106.46,106.68,105.82,106.27,155,20,0
1680627600,106.20,106.41,105.62,105.73,1089,20,0
1680631200,105.66,105.80,105.14,105.14,706,20,0
1680634800,105.14,105.32,104.88,105.14,1283,20,0
1680638400,105.14,105.53,105.11,105.27,546,20,0
1680642000,105.22,105.65,105.14,105.53,1596,20,0
1680645600,105.36,105.67,105.26,105.35,1573,20,0
1680710400,105.13,105.13,104.23,104.27,333,20,0
1680714000,104.26,104.37,103.54,103.55,1168,20,0
1680717600,103.54,103.89,103.54,103.75,839,20,0
1680721200,103.75,104.08,103.61,104.08,862,20,0
1680724800,104.08,104.26,103.94,104.25,738,20,0
1680728400,104.25,104.42,104.05,104.32,1603,20,0
1680732000,104.32,104.72,103.96,104.45,1912,20,0
1680796800,104.24,104.24,102.04,102.31,445,20,0
1680800400,102.31,102.91,102.26,102.42,639,20,0
1680804000,102.42,103.30,102.34,103.00,1095,20,0
1680807600,103.00,103.61,103.00,103.51,866,20,0
1680811200,103.50,103.62,103.18,103.19,453,20,0
1680814800,103.20,103.57,103.20,103.33,485,20,0
1680818400,103.33,103.63,103.18,103.22,937,20,0
1681142400,102.68,103.38,102.36,102.98,328,20,0
1681146000,102.98,103.14,102.42,102.47,505,20,0
1681149600,102.47,102.79,102.14,102.14,467,20,0
1681153200,102.14,102.73,102.02,102.59,248,20,0
1681156800,102.60,102.81,102.46,102.50,277,20,0
1681160400,102.50,102.98,102.47,102.93,174,20,0
1681164000,102.93,103.10,102.45,102.69,1128,20,0
1681228800,103.34,103.48,102.61,102.76,202,20,0
1681232400,102.77,103.16,102.65,102.75,424,20,0
1681236000,102.79,103.13,102.77,102.93,380,20,0
1681239600,102.93,103.14,102.72,102.75,381,20,0
1681243200,102.75,102.81,102.41,102.51,659,20,0
1681246800,102.51,102.62,102.38,102.42,245,20,0
1681250400,102.42,102.86,102.37,102.49,610,20,0
1681315200,102.95,103.41,102.00,102.30,402,22,0
1681318800,102.30,102.87,101.56,101.64,618,20,0
1681322400,101.64,102.06,101.30,102.06,451,20,0
1681326000,102.06,102.51,101.99,102.51,270,20,0
1681329600,102.51,102.80,102.38,102.66,355,20,0
1681333200,102.66,102.96,101.97,102.32,417,20,0
1681336800,102.32,102.47,101.64,101.71,598,20,0
1681401600,102.51,103.71,102.33,103.55,404,20,0
1681405200,103.56,104.92,103.40,104.68,880,20,0
1681408800,104.65,104.88,104.35,104.62,601,20,0
1681412400,104.62,104.94,104.56,104.62,389,20,0
1681416000,104.62,104.97,104.44,104.62,500,20,0
1681419600,104.62,104.77,104.57,104.73,512,20,0
1681423200,104.65,105.12,104.61,105.12,849,20,0
1681488000,105.19,106.00,104.92,105.85,197,20,0
1681491600,105.77,106.14,104.82,104.95,694,20,0
1681495200,104.96,104.99,104.54,104.82,538,20,0
1681498800,104.82,104.97,104.54,104.78,206,20,0
1681502400,104.78,105.26,104.69,105.24,239,20,0
1681506000,105.24,105.85,105.18,105.61,1016,20,0
1681509600,105.61,106.17,105.56,105.93,572,20,0
1681747200,105.34,106.07,105.30,105.83,353,20,0
1681750800,105.83,106.42,105.57,106.41,490,20,0
1681754400,106.41,106.41,105.94,106.15,430,20,0
1681758000,106.26,106.41,106.21,106.26,482,20,0
1681761600,106.26,106.38,106.06,106.07,252,20,0
1681765200,106.07,106.23,106.04,106.12,233,20,0
1681768800,106.12,106.94,106.12,106.93,795,20,0
1681833600,107.34,108.71,107.30,108.30,496,20,0
1681837200,108.30,108.35,107.44,108.05,701,20,0
1681840800,108.10,108.30,107.84,108.15,1957,20,0
1681844400,108.15,108.20,107.94,107.94,693,20,0
1681848000,107.94,108.18,107.93,107.93,325,20,0
1681851600,107.93,108.01,107.74,107.74,409,20,0
1681855200,107.74,107.90,107.63,107.79,1070,20,0
1681920000,107.40,107.68,106.78,106.78,351,20,0
1681923600,106.78,107.55,106.75,107.49,900,20,0
1681927200,107.52,107.53,107.26,107.36,420,20,0
1681930800,107.36,107.61,107.29,107.46,640,20,0
1681934400,107.46,107.61,107.31,107.44,625,20,0
1681938000,107.44,107.50,107.11,107.21,334,20,0
1681941600,107.21,107.28,106.74,106.94,614,20,0
1682006400,106.53,107.28,106.38,106.91,403,20,0
1682010000,106.88,107.81,106.88,107.51,797,20,0
1682013600,107.51,107.56,106.81,106.86,969,20,0
1682017200,106.86,107.37,106.71,107.37,555,20,0
1682020800,107.37,107.80,107.37,107.65,450,20,0
1682024400,107.55,107.67,106.83,107.04,764,20,0
1682028000,107.04,107.08,106.10,106.37,1034,20,0
1682092800,106.60,106.77,105.29,105.30,426,20,0
1682096400,105.30,106.34,105.06,106.03,1239,20,0
1682100000,106.06,106.79,106.06,106.78,682,20,0
1682103600,106.78,106.88,106.45,106.65,1925,20,0
1682107200,106.65,106.99,106.36,106.88,2982,20,0
1682110800,106.88,107.06,106.75,107.01,2351,20,0
1682114400,107.01,107.45,106.78,107.41,1265,20,0
1682352000,107.56,108.07,107.13,107.72,220,24,0
1682355600,107.72,107.89,107.08,107.23,1133,20,0
1682359200,107.23,107.56,106.64,106.84,785,20,0
1682362800,106.84,107.18,106.74,106.88,265,20,0
1682366400,106.88,107.00,106.64,106.76,831,20,0
1682370000,106.76,107.11,106.70,106.96,285,20,0
1682373600,106.96,107.30,106.67,107.13,383,20,0
1682438400,106.73,106.87,105.94,106.05,390,20,0
1682442000,106.05,106.64,106.05,106.49,1091,20,0
1682445600,106.49,106.66,106.28,106.42,341,20,0
1682449200,106.42,106.57,106.22,106.26,427,20,0
1682452800,106.26,106.52,105.94,105.94,442,20,0
1682456400,105.94,106.39,105.92,106.08,624,20,0
1682460000,106.08,106.32,105.54,105.72,961,20,0
1682524800,105.80,106.14,105.34,105.95,175,24,0
1682528400,105.94,105.96,104.93,104.93,893,20,0
1682532000,104.93,105.48,104.93,104.96,419,20,0
1682535600,104.96,105.45,104.74,104.86,352,20,0
1682539200,104.86,105.03,103.99,104.06,266,20,0
1682542800,104.06,104.10,103.49,103.86,272,20,0
1682546400,103.86,104.05,103.34,103.76,379,20,0
1682611200,104.84,104.84,104.01,104.26,423,20,0
1682614800,104.26,104.26,102.96,103.04,1466,20,0
1682618400,103.04,104.17,103.00,104.09,973,20,0
1682622000,104.09,104.26,103.94,104.03,1969,20,0
1682625600,104.03,104.84,104.03,104.73,903,20,0
1682629200,104.74,105.17,104.71,105.08,307,20,0
1682632800,105.14,105.54,105.06,105.42,735,20,0
1682697600,104.78,105.66,104.57,105.23,439,20,0
1682701200,105.30,106.65,105.24,106.23,792,20,0
1682704800,106.21,106.37,105.94,106.08,712,20,0
1682708400,106.08,106.47,105.60,106.44,396,20,0
1682712000,106.44,106.78,106.25,106.74,526,20,0
1682715600,106.74,107.05,106.44,107.04,700,20,0
1682719200,107.04,107.54,107.03,107.36,1026,20,0
1682956800,107.08,108.37,106.93,108.10,258,22,0
1682960400,107.98,108.63,107.94,108.07,661,21,0
1682964000,108.07,108.26,107.80,108.02,518,20,0
1682967600,108.02,108.53,108.01,108.45,377,20,0
1682971200,108.45,108.52,108.05,108.15,633,20,0
1682974800,108.15,108.30,107.24,107.42,973,20,0
1682978400,107.48,107.75,107.20,107.57,1768,20,0
1683043200,107.58,109.06,107.36,108.11,474,20,0
1683046800,108.29,108.47,107.34,107.39,1861,21,0
1683050400,107.39,108.18,107.34,107.97,1525,20,0
1683054000,107.97,108.11,107.58,108.09,2039,25,0
1683057600,108.10,108.49,107.91,108.25,2317,20,0
1683061200,108.25,108.25,107.73,107.98,822,20,0
1683064800,107.98,108.72,107.91,108.53,1616,20,0
1683129600,108.75,108.75,107.79,108.40,409,20,0
1683133200,108.40,108.64,107.70,107.91,749,20,0
1683136800,107.91,107.91,107.54,107.56,464,20,0
1683140400,107.56,107.56,106.32,106.48,559,20,0
1683144000,106.48,106.48,105.68,105.75,631,20,0
1683147600,105.46,106.82,105.40,106.56,936,20,0
1683151200,106.56,106.76,105.28,105.70,697,20,0
1683216000,105.35,105.35,104.06,104.97,604,26,0
1683219600,104.72,105.14,104.21,104.22,922,20,0
1683223200,104.22,104.66,104.14,104.19,436,20,0
1683226800,104.19,104.92,104.08,104.89,1447,20,0
1683230400,104.89,104.95,104.44,104.44,1381,20,0
1683234000,104.44,104.46,103.98,104.31,757,20,0
1683237600,104.32,104.61,103.94,103.97,2118,20,0
1683302400,104.83,105.77,100.79,101.85,521,20,0
1683306000,101.85,103.97,101.54,103.66,459,20,0
1683309600,103.66,103.87,102.39,102.39,390,20,0
1683313200,102.39,102.54,101.72,102.08,618,20,0
1683316800,102.22,102.78,101.88,102.74,460,20,0
1683320400,102.74,102.81,102.02,102.14,951,20,0
1683324000,102.14,102.86,101.98,102.64,1168,20,0
1683561600,103.21,105.70,103.01,104.68,613,20,0
1683565200,104.68,104.88,103.46,103.67,780,20,0
1683568800,103.67,104.75,103.46,104.41,951,20,0
1683572400,104.41,105.07,104.41,104.82,975,20,0
1683576000,104.87,104.97,103.95,104.06,1033,20,0
1683579600,104.06,104.71,103.65,104.52,803,20,0
1683583200,104.59,105.44,104.43,105.40,1274,20,0
1683648000,104.97,105.89,104.54,105.06,355,20,0
1683651600,105.16,106.25,105.06,106.21,745,20,0
1683655200,106.21,106.51,106.06,106.11,505,20,0
1683658800,106.11,106.17,105.19,105.34,443,20,0
1683662400,105.34,105.48,104.84,104.91,519,20,0
1683666000,104.91,105.02,104.24,104.79,601,20,0
1683669600,104.79,105.51,104.76,105.25,789,20,0
1683734400,105.02,106.31,104.77,105.88,253,20,0
1683738000,105.92,106.38,104.87,105.06,452,20,0
1683741600,105.06,105.70,104.97,105.41,739,20,0
1683745200,105.41,105.41,104.51,104.61,577,20,0
1683748800,104.61,104.65,103.72,104.24,250,20,0
1683752400,104.24,105.42,104.24,105.37,319,20,0
1683756000,105.37,105.94,105.21,105.73,375,20,0
1683820800,105.02,106.62,105.02,106.43,787,20,0
1683824400,106.43,106.61,105.78,105.89,1034,20,0
1683828000,105.89,105.92,105.06,105.86,496,20,0
1683831600,105.90,106.23,105.61,106.15,293,20,0
1683835200,106.15,106.22,105.66,105.78,348,20,0
1683838800,105.86,106.37,105.77,106.16,398,20,0
1683842400,106.16,106.45,105.96,106.12,889,20,0
1683907200,106.59,106.82,106.08,106.29,433,20,0
1683910800,106.16,106.38,105.34,105.35,547,20,0
1683914400,105.36,105.70,104.85,105.36,411,20,0
1683918000,105.36,105.58,104.77,105.03,285,20,0
1683921600,105.03,105.46,104.88,104.92,704,20,0
1683925200,104.92,105.30,104.89,104.95,436,20,0
1683928800,104.95,105.30,104.94,105.12,822,20,0
1684166400,105.05,105.24,104.58,105.24,530,20,0
1684170000,105.28,106.00,105.02,105.84,973,20,0
1684173600,105.84,106.05,105.50,105.68,437,20,0
1684177200,105.68,105.75,105.40,105.74,926,20,0
1684180800,105.74,105.98,105.34,105.58,242,20,0
1684184400,105.58,105.68,105.39,105.68,189,20,0
1684188000,105.68,105.78,105.39,105.72,460,20,0
1684252800,105.77,106.54,105.77,106.50,354,20,0
1684256400,106.50,106.83,106.18,106.70,694,20,0
1684260000,106.70,107.60,106.70,107.18,860,20,0
1684263600,107.18,107.47,107.00,107.00,468,20,0
1684267200,107.00,107.00,106.52,106.59,398,20,0
1684270800,106.59,106.59,106.01,106.29,417,20,0
1684274400,106.29,106.48,105.76,105.77,828,20,0
1684339200,106.59,106.59,105.54,105.62,361,20,0
1684342800,105.62,106.57,105.54,106.40,823,20,0
1684346400,106.44,106.76,106.14,106.51,725,20,0
1684350000,106.51,106.96,106.42,106.87,1632,20,0
1684353600,106.87,107.60,106.77,107.60,2035,20,0
1684357200,107.60,107.60,106.92,107.27,2548,20,0
1684360800,107.27,107.87,107.23,107.75,1903,20,0
1684425600,107.45,108.38,107.45,108.13,409,21,0
1684429200,108.15,110.14,107.89,109.86,771,20,0
1684432800,109.86,110.91,109.74,110.60,686,20,0
1684436400,110.60,110.63,109.94,109.96,634,20,0
1684440000,109.96,110.14,109.80,109.82,448,20,0
1684443600,109.82,110.77,109.82,110.77,499,20,0
1684447200,110.77,111.36,110.73,111.11,957,20,0
1684512000,110.79,110.89,110.14,110.42,395,20,0
1684515600,110.46,111.07,110.34,110.75,745,20,0
1684519200,110.75,110.98,110.19,110.53,583,20,0
1684522800,110.53,110.82,110.02,110.52,392,20,0
1684526400,110.52,110.79,110.30,110.33,385,20,0
1684530000,110.33,110.44,109.89,110.44,621,20,0
1684533600,110.43,110.76,110.30,110.42,1252,20,0
1684771200,110.34,111.31,110.21,111.07,297,20,0
1684774800,111.07,111.23,110.16,110.43,852,20,0
1684778400,110.46,110.68,109.12,109.12,491,20,0
1684782000,109.12,109.19,108.74,108.79,413,20,0
1684785600,108.79,109.05,108.52,108.52,557,20,0
1684789200,108.52,108.89,108.48,108.61,441,20,0
1684792800,108.61,108.64,107.56,107.68,861,20,0
1684857600,107.04,107.04,106.33,106.52,361,20,0
1684861200,106.53,106.77,105.94,106.30,774,20,0
1684864800,106.30,106.34,105.58,105.69,521,20,0
1684868400,105.72,105.78,104.94,105.06,763,20,0
1684872000,105.05,105.28,104.72,105.11,1122,20,0
1684875600,105.11,105.47,105.03,105.39,512,20,0
1684879200,105.39,105.58,105.25,105.46,1875,20,0
1684944000,104.79,104.94,104.12,104.19,186,20,0
1684947600,104.19,104.37,103.74,103.99,1748,20,0
1684951200,104.01,104.55,103.96,104.49,790,20,0
1684954800,104.49,104.96,104.28,104.87,856,20,0
1684958400,104.86,105.09,104.61,104.99,1935,20,0
1684962000,104.99,105.02,104.61,104.91,1753,20,0
1684965600,104.91,105.57,104.69,104.94,2079,20,0
1685030400,104.91,105.36,103.94,104.04,246,20,0
1685034000,104.04,104.20,102.69,103.77,665,20,0
1685037600,103.77,103.98,103.39,103.78,1282,20,0
1685041200,103.78,104.10,103.69,103.72,1037,20,0
1685044800,103.87,104.19,103.59,103.87,265,20,0
1685048400,103.87,104.12,103.57,103.57,480,20,0
1685052000,103.64,104.35,103.64,103.75,382,20,0
1685116800,104.09,104.96,104.00,104.91,145,20,0
1685120400,104.91,106.22,104.68,106.16,361,20,0
1685124000,106.22,106.42,105.82,106.30,366,20,0
1685127600,106.32,106.43,105.62,105.62,438,20,0
1685131200,105.62,105.77,104.60,104.64,444,20,0
1685134800,104.64,104.66,103.99,104.14,179,20,0
1685138400,104.14,104.54,103.45,103.49,444,20,0
1685462400,103.58,104.08,103.40,103.50,359,20,0
1685466000,103.50,103.63,101.62,101.63,746,20,0
1685469600,101.63,101.69,101.08,101.38,576,20,0
1685473200,101.38,101.91,101.14,101.81,582,20,0
1685476800,101.81,101.81,100.83,100.86,470,20,0
1685480400,100.86,101.42,100.72,101.21,724,20,0
1685484000,101.21,101.37,100.93,100.96,843,20,0
1685548800,100.58,100.67,98.75,98.78,339,20,0
1685552400,98.78,99.02,98.18,98.76,671,20,0
1685556000,98.76,99.23,98.53,98.96,563,20,0
1685559600,98.96,99.62,98.89,99.62,406,20,0
1685563200,99.62,100.11,99.62,99.81,356,20,0
1685566800,99.81,99.96,99.46,99.75,756,20,0
1685570400,99.75,100.41,99.58,100.12,1065,20,0
1685635200,100.17,101.18,99.78,100.70,319,21,0
1685638800,100.70,101.79,100.67,101.71,673,20,0
1685642400,101.71,102.37,101.61,102.37,505,20,0
1685646000,102.37,102.59,102.09,102.59,364,20,0
1685649600,102.59,102.59,102.01,102.36,390,20,0
1685653200,102.36,102.42,101.99,102.21,603,20,0
1685656800,102.21,102.41,101.68,101.86,1216,20,0
1685721600,102.39,103.79,102.39,102.78,508,20,0
1685725200,102.87,103.99,102.75,103.80,731,20,0
1685728800,103.79,104.22,103.76,104.21,512,20,0
1685732400,104.21,104.73,104.21,104.73,510,20,0
1685736000,104.73,104.93,104.51,104.67,470,20,0
1685739600,104.67,104.89,104.42,104.89,358,20,0
1685743200,104.89,105.27,104.76,104.88,929,20,0
1685980800,104.51,105.14,104.51,104.79,181,20,0
1685984400,104.79,105.82,104.79,105.63,664,20,0
1685988000,105.64,106.10,105.52,106.04,476,20,0
1685991600,106.09,106.39,105.76,106.38,378,20,0
1685995200,106.38,106.60,105.94,106.25,328,20,0
1685998800,106.25,106.32,105.90,106.32,369,20,0
1686002400,106.32,106.83,106.07,106.71,618,20,0
1686067200,107.38,109.08,106.89,108.58,667,20,0
1686070800,108.56,108.83,108.14,108.20,677,20,0
1686074400,108.20,108.21,107.21,107.43,510,20,0
1686078000,107.43,108.04,107.43,107.62,423,20,0
1686081600,107.62,108.22,107.53,107.53,369,20,0
1686085200,107.53,107.99,107.36,107.98,406,20,0
1686088800,107.98,108.24,107.40,108.22,732,20,0
1686153600,108.31,108.94,107.97,108.16,366,20,0
1686157200,108.16,108.19,105.99,106.39,1596,20,0
1686160800,106.39,106.65,105.42,105.42,719,20,0
1686164400,105.43,106.21,105.24,106.20,522,20,0
1686168000,106.21,106.38,105.65,106.32,537,20,0
1686171600,106.32,106.58,105.73,105.74,439,20,0
1686175200,105.74,105.92,105.37,105.65,576,20,0
1686240000,104.59,105.20,104.44,104.77,171,21,0
1686243600,104.86,106.02,104.71,105.97,786,20,0
1686247200,105.97,106.96,105.94,106.69,279,20,0
1686250800,106.69,106.69,106.16,106.27,1031,20,0
1686254400,106.27,106.28,105.78,106.07,1251,20,0
1686258000,106.07,106.17,105.73,105.91,999,20,0
1686261600,105.91,106.01,105.46,105.80,819,20,0
1686326400,105.83,106.44,105.63,106.17,346,20,0
1686330000,106.15,106.77,104.74,104.76,639,20,0
1686333600,104.76,105.34,104.14,104.18,619,20,0
1686337200,104.19,104.50,104.01,104.19,489,20,0
1686340800,104.19,104.45,104.10,104.42,432,20,0
1686344400,104.42,104.55,104.09,104.32,448,20,0
1686348000,104.32,104.56,104.06,104.10,874,20,0
1686585600,104.63,104.88,103.52,103.70,340,20,0
1686589200,103.70,103.71,103.14,103.32,674,20,0
1686592800,103.33,103.81,103.33,103.71,423,20,0
1686596400,103.76,103.93,103.44,103.85,447,20,0
1686600000,103.73,103.91,103.71,103.74,416,20,0
1686603600,103.74,104.27,103.74,104.15,634,20,0
1686607200,104.15,104.35,103.90,104.11,879,20,0
1686672000,104.70,104.98,103.54,103.74,217,20,0
1686675600,103.74,104.22,103.15,104.00,518,20,0
1686679200,104.00,104.37,103.70,103.71,263,20,0
1686682800,103.71,103.94,103.46,103.76,230,20,0
1686686400,103.76,104.01,103.62,103.89,432,20,0
1686690000,103.89,104.13,103.70,104.00,244,20,0
1686693600,104.10,104.49,103.88,104.43,697,20,0
1686758400,104.29,104.76,103.90,104.05,398,25,0
1686762000,104.02,104.41,103.74,104.28,820,20,0
1686765600,104.28,104.67,104.23,104.28,1060,20,0
1686769200,104.28,104.39,103.93,104.01,724,20,0
1686772800,104.06,104.12,103.76,103.90,453,20,0
1686776400,103.87,103.90,102.98,103.73,684,20,0
1686780000,103.73,104.19,103.22,104.19,988,20,0
1686844800,103.57,104.14,103.22,104.13,263,22,0
1686848400,104.13,105.07,103.97,104.98,404,20,0
1686852000,104.98,105.53,104.90,105.16,310,20,0
1686855600,105.18,105.54,104.96,105.41,316,20,0
1686859200,105.41,105.79,104.95,105.69,417,20,0
1686862800,105.69,106.61,105.55,106.61,320,20,0
1686866400,106.61,107.03,106.33,106.84,466,20,0
1686931200,107.43,107.60,106.61,107.01,253,20,0
1686934800,107.06,107.56,107.02,107.22,327,20,0
1686938400,107.22,107.29,106.06,106.33,283,20,0
1686942000,106.31,106.51,106.07,106.26,197,20,0
1686945600,106.26,106.76,106.16,106.71,293,20,0
1686949200,106.71,106.71,105.98,106.02,143,20,0
1686952800,106.02,106.02,105.14,105.59,420,20,0
1687276800,104.95,106.64,104.91,105.81,438,23,0
1687280400,105.82,105.90,104.26,104.84,825,20,0
1687284000,104.84,105.05,104.50,104.97,802,20,0
1687287600,104.97,105.99,104.86,105.88,715,20,0
1687291200,105.88,105.89,105.07,105.22,1005,20,0
1687294800,105.22,105.26,104.74,104.98,1483,20,0
1687298400,104.98,105.51,104.77,105.37,2835,20,0
1687363200,105.06,105.57,104.81,105.09,169,20,0
1687366800,104.89,105.19,104.52,104.82,877,20,0
1687370400,104.82,106.19,104.71,106.07,526,20,0
1687374000,106.07,106.35,105.89,106.16,496,20,0
1687377600,106.18,106.48,106.09,106.33,1448,20,0
1687381200,106.33,106.34,105.94,106.05,1620,20,0
1687384800,106.05,106.06,105.18,105.63,2311,20,0
1687449600,105.42,106.16,105.42,105.94,394,20,0
1687453200,105.94,107.09,105.89,106.64,699,20,0
1687456800,106.64,106.96,106.37,106.43,320,20,0
1687460400,106.43,106.54,106.14,106.28,283,20,0
1687464000,106.28,106.75,106.07,106.68,249,20,0
1687467600,106.67,107.05,106.67,107.01,237,20,0
1687471200,107.06,107.06,106.42,107.00,464,20,0
1687536000,105.69,105.93,104.50,104.78,809,20,0
1687539600,104.78,105.34,104.63,104.87,1870,20,0
1687543200,104.87,105.78,104.85,105.54,852,20,0
1687546800,105.54,106.26,105.54,105.89,519,20,0
1687550400,105.89,106.19,105.61,105.73,677,20,0
1687554000,105.73,105.88,104.79,104.79,881,20,0
1687557600,104.79,105.09,104.61,104.81,913,20,0
1687795200,104.42,105.77,103.94,105.71,449,20,0
1687798800,105.71,105.92,105.21,105.66,788,20,0
1687802400,105.65,105.73,105.14,105.39,1117,20,0
1687806000,105.39,105.41,104.60,105.12,450,20,0
1687809600,105.12,105.44,104.87,104.97,414,20,0
1687813200,104.99,105.42,104.85,105.29,341,21,0
1687816800,105.29,105.58,104.43,104.56,653,20,0
1687881600,105.92,107.17,105.52,107.12,1015,20,0
1687885200,107.12,107.14,106.31,107.05,1475,20,0
1687888800,107.05,107.87,107.01,107.71,1720,20,0
1687892400,107.71,108.77,107.71,108.44,1531,20,0
1687896000,108.44,108.52,107.98,108.48,1789,20,0
1687899600,108.48,108.50,108.24,108.37,1184,20,0
1687903200,108.37,108.56,107.68,107.89,1318,20,0
1687968000,107.50,108.34,107.41,108.30,391,20,0
1687971600,108.30,108.58,107.66,108.06,1172,20,0
1687975200,108.06,108.24,107.66,107.82,748,20,0
1687978800,107.82,108.11,107.08,107.28,994,20,0
1687982400,107.24,107.37,106.96,106.98,1859,20,0
1687986000,107.03,107.41,106.99,107.41,1368,20,0
1687989600,107.41,107.44,106.37,106.50,845,20,0
1688054400,106.82,106.98,105.11,105.42,649,20,0
1688058000,105.42,105.80,105.13,105.58,1231,20,0
1688061600,105.58,105.98,105.33,105.85,547,20,0
1688065200,105.85,106.42,105.72,106.18,467,20,0
1688068800,106.18,106.49,106.05,106.16,330,20,0
1688072400,106.07,106.52,105.85,106.20,449,20,0
1688076000,106.20,106.64,106.09,106.11,634,20,0
1688140800,106.82,108.21,106.74,108.09,412,20,0
1688144400,108.09,108.46,107.48,107.95,1032,20,0
1688148000,107.95,108.20,107.62,107.98,408,20,0
1688151600,107.98,108.61,107.98,108.30,1134,20,0
1688155200,108.30,108.30,107.67,107.96,1776,20,0
1688158800,107.96,108.16,107.91,108.07,867,20,0
1688162400,108.07,108.66,107.78,107.92,922,20,0
1688400000,107.71,108.08,107.18,107.83,343,20,0
1688403600,107.83,108.83,107.81,108.65,754,20,0
1688407200,108.65,109.40,108.46,109.32,705,20,0
1688410800,109.32,109.62,108.56,108.75,432,20,0
1688572800,108.33,108.61,107.04,107.04,340,20,0
1688576400,106.94,107.77,106.75,107.41,1284,20,0
1688580000,107.41,107.75,106.93,106.94,562,20,0
1688583600,106.94,107.04,106.54,106.94,421,20,0
1688587200,106.96,107.18,106.72,107.09,371,22,0
1688590800,107.09,107.26,106.74,106.95,421,20,0
1688594400,106.95,107.12,106.60,106.85,762,20,0
1688659200,105.73,106.10,104.78,105.27,366,20,0
1688662800,105.27,105.42,104.78,104.98,537,20,0
1688666400,104.98,105.60,104.98,105.60,483,21,0
1688670000,105.60,106.17,105.60,106.01,252,22,0
1688673600,106.01,106.26,105.56,105.86,195,20,0
1688677200,105.86,105.96,105.54,105.85,152,20,0
1688680800,105.85,105.87,104.98,105.20,502,20,0
1688745600,105.20,106.09,105.13,105.75,350,20,0
1688749200,105.75,106.13,105.19,105.51,718,20,0
1688752800,105.52,106.15,105.47,105.96,674,20,0
1688756400,105.96,106.11,105.73,105.97,1094,20,0
1688760000,105.97,106.35,105.93,106.04,1580,20,0
1688763600,106.04,106.34,105.92,106.02,396,20,0
1688767200,106.02,106.09,105.11,105.29,732,20,0
1689004800,105.75,108.73,105.39,108.59,746,20,0
1689008400,108.59,109.21,108.23,108.26,1106,20,0
1689012000,108.26,108.42,107.71,107.92,656,20,0
1689015600,107.92,108.19,107.61,108.07,498,20,0
1689019200,108.07,108.22,107.79,108.13,564,20,0
1689022800,108.13,108.31,107.91,108.31,321,20,0
1689026400,108.31,108.90,108.31,108.90,1042,20,0
1689091200,109.21,110.27,109.16,109.68,226,20,0
1689094800,109.74,110.41,109.73,110.15,667,20,0
1689098400,110.22,110.71,110.05,110.62,298,20,0
1689102000,110.62,111.06,110.49,111.02,338,20,0
1689105600,111.02,111.15,110.26,110.40,196,20,0
1689109200,110.38,110.74,110.26,110.69,152,20,0
1689112800,110.69,111.45,110.59,111.25,606,20,0
1689177600,112.07,112.49,111.65,112.06,367,28,0
1689181200,112.07,112.56,111.97,111.98,452,20,0
1689184800,111.98,112.37,111.00,111.39,342,20,0
1689188400,111.39,111.86,111.20,111.66,311,20,0
1689192000,111.66,112.08,111.51,111.68,226,20,0
1689195600,111.68,111.92,111.29,111.61,330,20,0
1689199200,111.37,111.87,111.22,111.45,270,20,0
1689264000,112.27,114.09,112.27,113.52,713,20,0
1689267600,113.67,113.94,112.88,113.80,2420,20,0
1689271200,113.80,113.93,113.43,113.62,1946,20,0
1689274800,113.62,113.86,113.06,113.70,1528,20,0
1689278400,113.70,113.77,113.23,113.27,1697,20,0
1689282000,113.27,113.87,113.21,113.81,1113,20,0
1689285600,113.81,114.01,113.14,113.22,2154,20,0
1689350400,113.18,113.77,112.75,113.14,491,20,0
1689354000,113.16,113.75,112.99,113.64,940,20,0
1689357600,113.66,113.98,113.52,113.72,799,20,0
1689361200,113.72,113.96,113.59,113.79,466,20,0
1689364800,113.79,114.07,113.74,113.95,748,20,0
1689368400,113.95,114.17,113.82,114.16,648,20,0
1689372000,114.16,114.51,113.92,114.46,574,20,0
1689609600,114.02,115.89,114.02,115.89,488,20,0
1689613200,115.90,117.36,115.71,116.87,1379,20,0
1689616800,116.87,117.45,116.74,117.16,847,20,0
1689620400,117.16,117.16,116.45,116.61,803,20,0
1689624000,116.61,117.10,116.61,117.09,508,20,0
1689627600,117.09,117.76,117.01,117.69,466,20,0
1689631200,117.69,118.07,117.58,117.89,1115,20,0
1689696000,117.45,118.05,116.74,117.00,337,20,0
1689699600,117.00,117.70,116.55,117.69,1542,20,0
1689703200,117.69,118.05,117.48,117.86,471,20,0
1689706800,117.86,117.90,117.50,117.89,2114,20,0
1689710400,117.89,118.35,117.69,118.33,703,20,0
1689714000,118.34,118.65,118.19,118.64,776,20,0
1689717600,118.64,119.26,118.47,119.14,1232,20,0
1689782400,119.14,119.25,117.38,117.74,603,20,0
1689786000,117.74,118.37,117.46,117.78,1620,20,0
1689789600,117.78,117.97,117.63,117.83,618,20,0
1689793200,117.83,117.91,117.47,117.78,897,20,0
1689796800,117.78,117.94,117.55,117.79,1040,20,0
1689800400,117.79,117.80,117.23,117.55,823,20,0
1689804000,117.56,117.83,116.97,117.05,836,20,0
1689868800,116.83,117.47,116.54,117.47,418,20,0
1689872400,117.47,117.70,117.12,117.45,930,20,0
1689876000,117.45,118.22,117.37,117.98,482,20,0
1689879600,117.98,118.72,117.98,118.64,483,20,0
1689883200,118.64,118.75,118.01,118.05,398,20,0
1689886800,118.05,118.21,117.54,117.55,778,20,0
1689890400,117.55,117.65,116.53,116.64,1103,20,0
1689955200,117.15,118.23,117.02,117.96,388,26,0
1689958800,117.96,118.74,117.90,118.33,779,20,0
1689962400,118.33,118.79,118.18,118.78,429,20,0
1689966000,118.78,118.78,118.31,118.51,449,20,0
1689969600,118.51,118.62,118.15,118.18,424,20,0
1689973200,118.18,118.18,116.74,116.88,669,20,0
1689976800,116.88,117.82,116.75,116.87,879,20,0
1690214400,116.53,116.53,115.03,115.18,353,21,0
1690218000,115.18,116.61,115.10,116.06,934,20,0
1690221600,116.06,116.22,115.43,115.55,405,20,0
1690225200,115.55,115.67,115.14,115.24,422,20,0
1690228800,115.24,115.24,114.86,114.94,396,20,0
1690232400,114.94,115.13,114.68,115.01,456,20,0
1690236000,115.02,115.74,115.02,115.69,639,20,0
1690300800,115.62,116.36,115.31,115.92,323,20,0
1690304400,116.02,116.36,115.53,116.34,907,20,0
1690308000,116.34,116.48,116.02,116.45,590,20,0
1690311600,116.44,117.68,116.44,117.68,592,20,0
1690315200,117.68,118.10,117.45,117.58,667,21,0
1690318800,117.59,118.14,117.58,117.65,1045,20,0
1690322400,117.65,118.19,117.55,117.55,1040,20,0
1690387200,117.67,117.87,117.05,117.19,487,27,0
1690390800,117.25,117.40,116.68,117.06,828,20,0
1690394400,117.06,117.46,116.91,117.05,581,25,0
1690398000,117.05,117.55,117.04,117.36,309,20,0
1690401600,117.36,117.79,117.32,117.43,287,21,0
1690405200,117.43,118.44,117.36,118.18,378,21,0
1690408800,118.18,118.36,117.57,118.18,721,20,0
1690473600,119.09,119.11,118.34,118.75,352,20,0
1690477200,118.74,119.22,118.38,118.76,485,20,0
1690480800,118.76,119.55,118.74,119.00,526,20,0
1690484400,119.00,119.41,118.79,119.18,420,20,0
1690488000,119.18,119.21,118.74,118.86,394,21,0
1690491600,118.86,118.97,118.03,118.03,494,20,0
1690495200,118.03,118.83,117.69,118.10,771,20,0
1690560000,119.04,119.68,118.95,119.27,401,20,0
1690563600,119.27,119.94,119.10,119.74,1719,20,0
1690567200,119.74,120.01,119.59,119.82,274,20,0
1690570800,119.82,120.14,119.72,120.06,311,20,0
1690574400,120.06,120.08,119.63,119.94,278,20,0
1690578000,119.94,119.98,119.63,119.88,254,20,0
1690581600,119.88,120.41,119.75,120.29,507,20,0
1690819200,120.02,120.22,118.89,119.28,476,24,0
1690822800,119.21,120.42,119.00,120.06,1166,23,0
1690826400,119.89,120.43,119.83,119.94,253,23,0
1690830000,119.94,120.11,119.60,119.66,956,20,0
1690833600,119.66,120.01,119.54,119.80,757,20,0
1690837200,119.76,119.94,118.61,119.06,644,20,0
1690840800,119.06,119.40,118.44,118.72,740,20,0
1690905600,117.84,117.84,116.74,116.89,324,20,0
1690909200,116.86,117.52,116.62,116.62,440,20,0
1690912800,116.62,117.11,116.37,116.58,251,20,0
1690916400,116.58,117.14,116.58,116.97,222,20,0
1690920000,117.03,117.18,116.80,116.90,152,20,0
1690923600,116.90,117.15,116.83,117.10,658,20,0
1690927200,117.10,117.52,116.49,116.51,1088,20,0
1690992000,115.25,115.81,114.96,115.65,289,21,0
1690995600,115.65,116.27,114.94,114.94,497,20,0
1690999200,114.94,115.57,114.94,115.16,208,22,0
1691002800,115.16,115.53,114.74,115.36,219,20,0
1691006400,115.36,115.88,115.36,115.50,118,20,0
1691010000,115.50,115.86,115.42,115.76,185,20,0
1691013600,115.76,115.86,115.29,115.34,453,20,0
1691078400,112.39,113.62,111.73,113.19,466,21,0
1691082000,113.19,113.19,111.65,112.06,543,20,0
1691085600,112.06,112.93,111.74,112.83,375,20,0
1691089200,112.83,112.90,112.01,112.69,381,20,0
1691092800,112.69,112.90,112.30,112.38,753,20,0
1691096400,112.38,113.25,112.38,113.00,940,20,0
1691100000,113.00,113.67,112.86,113.41,1130,20,0
1691164800,126.19,126.19,118.50,121.04,716,20,0
1691168400,121.15,124.66,121.15,124.58,4568,20,0
1691172000,124.58,125.00,123.97,124.76,2257,20,0
1691175600,124.76,124.89,123.63,124.11,3214,20,0
1691179200,124.11,124.27,123.37,124.06,2671,20,0
1691182800,124.06,124.09,122.34,122.70,3715,20,0
1691186400,122.70,123.03,121.54,122.35,3463,20,0
1691424000,122.94,125.68,122.94,125.53,1082,22,0
1691427600,125.53,126.00,124.74,124.98,1335,20,0
1691431200,125.02,126.84,124.43,126.76,641,20,0
1691434800,126.76,128.02,126.76,127.93,318,20,0
1691438400,127.93,129.34,127.93,129.01,248,20,0
1691442000,129.01,129.20,128.31,128.88,204,20,0
1691445600,128.87,129.76,128.78,129.66,474,20,0
1691510400,128.01,128.50,127.00,127.21,183,28,0
1691514000,127.17,127.51,126.78,126.84,1220,20,0
1691517600,126.84,127.79,126.84,127.37,417,20,0
1691521200,127.37,128.63,127.37,128.51,884,20,0
1691524800,128.52,129.06,128.51,128.82,701,20,0
1691528400,128.70,129.17,128.59,129.17,743,20,0
1691532000,129.17,129.46,128.75,128.92,398,20,0
1691596800,129.84,129.84,128.74,128.81,368,24,0
1691600400,128.81,129.48,128.47,128.68,1031,20,0
1691604000,128.67,128.94,127.38,127.54,690,22,0
1691607600,127.54,128.19,127.49,128.10,408,20,0
1691611200,128.10,128.63,128.10,128.34,318,20,0
1691614800,128.34,128.97,128.11,128.78,362,20,0
1691618400,128.78,128.78,127.95,128.10,944,20,0
1691683200,128.43,129.60,128.43,129.21,366,32,0
1691686800,129.21,129.66,128.90,129.58,588,23,0
1691690400,129.58,129.99,129.22,129.22,502,20,0
1691694000,129.22,129.43,128.75,128.89,330,24,0
1691697600,128.89,129.20,127.96,128.13,388,26,0
1691701200,128.14,128.76,127.99,128.76,507,21,0
1691704800,128.76,129.24,128.46,128.86,647,20,0
1691769600,127.59,127.72,127.02,127.22,173,20,0
1691773200,127.22,127.47,126.66,126.80,639,20,0
1691776800,126.80,127.08,126.59,126.87,173,20,0
1691780400,126.87,127.49,126.61,127.35,274,20,0
1691784000,127.35,127.63,127.15,127.63,120,20,0
1691787600,127.63,128.44,127.63,128.43,191,20,0
1691791200,128.24,128.53,127.80,128.14,292,20,0
1692028800,127.59,128.01,126.93,127.73,301,21,0
1692032400,127.74,128.78,127.40,128.77,634,20,0
1692036000,128.77,129.03,128.34,128.46,423,20,0
1692039600,128.46,128.98,128.00,128.98,414,20,0
1692043200,128.98,129.31,128.81,129.08,424,20,0
1692046800,129.08,129.33,128.57,128.66,382,20,0
1692050400,128.66,129.34,128.52,129.29,1231,20,0
1692115200,128.99,129.04,128.18,128.52,253,27,0
1692118800,128.45,128.60,127.77,127.95,953,23,0
1692122400,127.95,128.48,127.95,128.12,445,21,0
1692126000,128.12,128.26,127.74,127.75,233,22,0
1692129600,127.75,128.08,127.57,127.78,252,20,0
1692133200,127.78,128.39,127.66,128.07,329,20,0
1692136800,128.07,128.28,127.73,128.06,485,20,0
1692201600,127.55,128.21,127.39,127.89,239,20,0
1692205200,127.89,128.50,127.83,128.12,889,20,0
1692208800,128.11,128.45,127.81,128.03,247,22,0
1692212400,128.03,128.15,127.57,127.87,305,20,0
1692216000,127.88,128.33,127.57,128.33,314,22,0
1692219600,128.40,128.77,127.88,128.40,663,24,0
1692223200,128.38,128.49,127.66,127.77,515,20,0
1692288000,127.98,128.02,126.34,126.63,456,28,0
1692291600,126.63,126.82,125.94,126.19,1018,20,0
1692295200,126.19,126.30,125.42,125.54,410,20,0
1692298800,125.54,126.09,125.34,125.77,333,20,0
1692302400,125.86,126.13,125.17,125.48,580,20,0
1692306000,125.48,125.57,124.53,124.64,673,32,0
1692309600,124.61,124.67,124.08,124.48,767,20,0
1692374400,122.18,123.14,121.77,122.10,373,20,0
1692378000,122.10,122.16,121.16,121.80,818,20,0
1692381600,121.80,122.12,121.18,121.94,712,20,0
1692385200,121.94,122.50,121.67,122.31,409,20,0
1692388800,122.31,122.31,121.49,121.97,170,22,0
1692392400,121.97,122.36,121.76,122.04,190,20,0
1692396000,122.00,122.32,121.88,122.26,634,20,0
1692633600,123.00,123.00,121.82,122.37,347,24,0
1692637200,122.37,122.55,121.62,121.69,925,20,0
1692640800,121.69,121.69,120.56,120.73,595,20,0
1692644400,120.73,121.71,120.58,121.46,365,20,0
1692648000,121.51,121.74,121.27,121.52,292,22,0
1692651600,121.52,122.01,121.43,121.84,275,20,0
1692655200,121.84,122.11,121.64,122.03,780,20,0
1692720000,122.19,122.65,121.38,121.38,240,25,0
1692723600,121.38,123.16,121.17,123.02,1744,22,0
1692727200,123.09,123.28,122.51,122.75,330,21,0
1692730800,122.75,123.20,122.44,123.05,346,22,0
1692734400,123.04,123.06,122.63,122.78,376,20,0
1692738000,122.78,123.25,122.78,123.03,311,20,0
1692741600,123.03,123.30,122.62,122.87,977,20,0
1692806400,122.98,123.27,122.51,122.91,250,27,0
1692810000,122.91,124.29,122.82,124.13,729,20,0
1692813600,124.13,124.57,124.11,124.38,379,20,0
1692817200,124.38,124.64,124.25,124.34,292,20,0
1692820800,124.34,125.09,124.34,124.94,477,20,0
1692824400,124.94,125.04,124.39,124.46,385,20,0
1692828000,124.46,124.62,123.56,123.75,1013,20,0
1692892800,123.56,124.13,123.21,123.83,430,40,0
1692896400,123.83,124.27,122.93,123.25,1084,23,0
1692900000,123.25,123.25,122.41,122.44,706,20,0
1692903600,122.44,123.22,122.38,122.78,361,20,0
1692907200,122.78,123.03,122.43,122.63,1259,23,0
1692910800,122.66,122.87,122.12,122.39,2525,20,0
1692914400,122.33,122.33,120.71,120.96,1330,20,0
1692979200,120.99,121.38,120.25,121.08,418,32,0
1692982800,120.95,121.74,120.20,120.23,1133,22,0
1692986400,120.23,121.20,120.08,120.26,590,20,0
1692990000,120.26,121.06,120.26,120.96,790,20,0
1692993600,120.96,121.03,120.29,120.68,1123,24,0
1692997200,120.68,121.70,120.68,121.51,563,20,0
1693000800,121.65,122.00,121.42,121.60,712,20,0
1693238400,122.04,122.44,121.89,122.24,191,31,0
1693242000,122.24,122.66,121.92,122.43,2042,22,0
1693245600,122.46,122.52,122.02,122.32,186,21,0
1693249200,122.32,122.90,122.17,122.84,441,22,0
1693252800,122.84,123.14,122.35,122.35,932,20,0
1693256400,122.35,122.45,122.02,122.27,1389,21,0
1693260000,122.27,122.78,122.25,122.65,669,20,0
1693324800,122.39,123.26,122.16,123.26,461,20,0
1693328400,123.26,123.86,122.91,123.72,834,20,0
1693332000,123.72,124.52,123.53,124.22,533,20,0
1693335600,124.24,124.60,123.64,123.95,828,20,0
1693339200,123.95,124.26,123.58,123.74,476,23,0
1693342800,123.74,124.44,123.58,124.32,514,20,0
1693346400,124.32,124.57,124.22,124.31,824,20,0
1693411200,123.68,125.21,123.68,125.14,319,26,0
1693414800,124.89,125.56,124.23,124.90,704,22,0
1693418400,124.90,125.08,124.63,124.86,480,23,0
1693422000,124.86,125.25,124.77,125.12,822,21,0
1693425600,125.13,125.19,124.52,124.57,759,20,0
1693429200,124.54,125.02,124.37,124.97,599,22,0
1693432800,124.97,125.25,124.77,125.06,732,20,0
1693497600,124.90,125.03,123.60,123.95,303,29,0
1693501200,124.03,125.22,124.03,124.89,480,23,0
1693504800,124.89,124.89,124.37,124.80,446,24,0
1693508400,124.80,125.05,124.58,124.84,444,20,0
1693512000,124.84,125.39,124.78,124.91,273,26,0
1693515600,124.91,124.98,124.46,124.65,203,24,0
1693519200,124.65,124.86,123.80,124.02,483,20,0
1693584000,125.03,125.17,123.59,123.83,288,34,0
1693587600,123.83,124.32,123.64,123.77,664,22,0
1693591200,123.77,124.19,123.63,123.81,518,20,0
1693594800,123.81,124.49,123.80,124.43,485,20,0
1693598400,124.43,124.47,123.83,123.87,638,20,0
1693602000,123.87,124.12,123.44,123.82,338,20,0
1693605600,123.82,124.51,123.71,124.42,904,20,0
1693929600,123.50,124.60,123.45,124.34,172,33,0
1693933200,124.39,125.02,124.23,124.74,533,20,0
1693936800,124.74,125.30,124.58,124.72,214,20,0
1693940400,124.72,125.94,124.55,125.41,215,20,0
1693944000,125.41,125.90,125.16,125.89,172,20,0
1693947600,125.90,125.96,125.38,125.85,214,20,0
1693951200,125.85,126.25,125.57,125.67,400,20,0
1694016000,124.74,126.22,124.66,125.97,264,31,0
1694019600,125.97,125.99,124.95,125.08,801,20,0
1694023200,125.08,125.27,124.51,124.94,452,20,0
1694026800,124.94,125.20,124.65,124.96,400,23,0
1694030400,124.78,125.33,124.73,125.20,381,20,0
1694034000,125.20,125.31,124.73,125.00,339,20,0
1694037600,125.00,126.01,124.96,125.52,717,20,0
1694102400,124.98,124.98,122.50,122.58,478,20,0
1694106000,122.57,123.82,122.50,123.27,863,20,0
1694109600,123.26,123.95,122.98,123.80,1140,21,0
1694113200,123.81,124.44,123.81,124.18,388,22,0
1694116800,124.18,124.64,124.18,124.54,396,20,0
1694120400,124.54,124.76,124.18,124.68,565,20,0
1694124000,124.68,124.74,123.97,124.03,833,20,0
1694188800,124.18,125.06,123.86,124.85,302,22,0
1694192400,124.85,125.66,124.69,124.98,688,23,0
1694196000,124.94,125.75,124.92,125.55,330,23,0
1694199600,125.55,125.55,124.86,125.14,298,20,0
1694203200,125.14,125.47,125.10,125.28,398,20,0
1694206800,125.28,125.52,125.09,125.16,380,20,0
1694210400,125.15,125.82,125.15,125.62,821,20,0
1694448000,126.13,127.09,125.82,125.82,409,26,0
1694451600,125.89,126.05,125.37,125.81,605,20,0
1694455200,125.81,126.29,125.61,125.96,322,21,0
1694458800,125.96,126.47,125.96,126.47,310,20,0
1694462400,126.47,126.98,126.47,126.77,465,20,0
1694466000,126.79,127.02,126.65,126.69,316,20,0
1694469600,126.69,127.25,126.69,127.18,618,20,0
1694534400,126.16,127.54,126.16,127.21,271,20,0
1694538000,127.21,127.53,126.67,127.08,448,20,0
1694541600,127.08,127.42,126.66,127.18,348,20,0
1694545200,127.18,127.44,127.11,127.24,435,20,0
1694548800,127.24,127.93,127.18,127.41,485,20,0
1694552400,127.31,127.50,126.33,126.63,341,20,0
1694556000,126.63,126.91,126.41,126.86,584,20,0
1694620800,126.25,126.97,125.48,125.88,235,27,0
1694624400,125.86,125.92,124.84,125.23,424,20,0
1694628000,125.23,125.64,124.79,125.03,427,20,0
1694631600,125.03,125.22,124.78,125.00,245,20,0
1694635200,125.00,125.55,125.00,125.40,250,20,0
1694638800,125.40,125.40,124.40,124.53,399,20,0
1694642400,124.53,124.87,124.26,124.52,607,20,0
1694707200,126.52,126.52,124.79,125.46,263,22,0
1694710800,125.43,127.20,125.04,127.02,2992,20,0
1694714400,127.02,127.87,126.92,127.85,1927,20,0
1694718000,127.85,128.77,127.63,128.45,1688,20,0
1694721600,128.46,128.84,128.09,128.09,295,20,0
1694725200,128.09,128.24,127.56,127.66,186,20,0
1694728800,127.66,127.87,127.30,127.84,226,20,0
1694793600,127.78,128.20,127.34,127.93,250,23,0
1694797200,127.93,128.51,127.20,127.25,483,20,0
1694800800,127.25,127.35,126.80,126.94,189,20,0
1694804400,126.97,127.47,126.87,127.25,579,20,0
1694808000,127.25,127.32,126.22,126.49,265,22,0
1694811600,126.49,126.49,126.08,126.18,221,20,0
1694815200,126.18,126.40,125.69,126.33,255,20,0
1695052800,125.85,127.84,125.55,127.41,388,21,0
1695056400,127.48,127.86,127.20,127.69,2480,21,0
1695060000,127.69,127.78,127.37,127.51,2191,23,0
1695063600,127.51,127.66,126.76,126.94,1523,24,0
1695067200,126.92,127.05,126.37,126.61,1011,20,0
1695070800,126.61,126.83,126.34,126.39,1075,21,0
1695074400,126.39,126.39,125.74,126.20,1930,20,0
1695139200,125.57,125.57,123.65,123.78,225,20,0
1695142800,123.83,124.46,123.52,123.62,766,20,0
1695146400,123.62,124.34,123.54,124.32,209,20,0
1695150000,124.32,124.41,123.94,124.12,252,20,0
1695153600,124.12,124.24,123.73,123.77,279,21,0
1695157200,123.77,124.06,123.73,123.74,384,21,0
1695160800,123.58,124.39,123.54,124.38,497,20,0
1695225600,125.01,125.21,124.51,124.70,309,27,0
1695229200,124.70,124.89,124.23,124.42,1160,22,0
1695232800,124.42,124.66,124.09,124.33,858,20,0
1695236400,124.33,124.51,124.21,124.45,1151,20,0
1695240000,124.45,124.45,124.12,124.12,1227,20,0
1695243600,123.86,124.37,123.53,123.72,2407,20,0
1695247200,123.72,123.79,122.61,122.66,690,20,0
1695312000,121.37,121.82,120.59,120.62,365,23,0
1695315600,120.61,121.23,120.34,120.83,715,20,0
1695319200,120.83,121.09,120.55,120.89,443,20,0
1695322800,120.89,121.14,120.75,120.78,434,20,0
1695326400,120.77,121.39,120.72,121.25,521,20,0
1695330000,121.25,121.57,121.18,121.32,442,20,0
1695333600,121.33,121.44,120.92,121.30,900,20,0
1695398400,121.66,122.88,121.29,122.47,192,26,0
1695402000,122.47,123.59,122.10,123.18,498,20,0
1695405600,123.20,123.23,122.70,122.93,254,20,0
1695409200,122.94,123.53,122.73,123.39,196,20,0
1695412800,123.39,123.39,122.10,122.19,331,20,0
1695416400,122.19,122.60,121.87,122.54,238,20,0
1695420000,122.54,123.28,122.26,122.45,439,20,0
1695657600,120.89,123.16,120.71,123.16,268,28,0
1695661200,123.16,123.38,122.71,122.96,573,20,0
1695664800,122.89,123.74,122.84,123.40,357,20,0
1695668400,123.40,123.69,123.13,123.29,362,20,0
1695672000,123.30,123.85,123.27,123.54,387,20,0
1695675600,123.54,124.03,123.48,123.69,397,20,0
1695679200,123.69,123.94,123.28,123.86,651,20,0
1695744000,122.95,123.67,122.49,122.83,297,27,0
1695747600,122.83,122.84,121.59,121.88,664,24,0
1695751200,121.83,122.30,121.82,122.21,511,20,0
1695754800,122.18,123.09,121.98,122.77,438,20,0
1695758400,122.77,122.79,121.79,121.88,409,20,0
1695762000,121.88,122.12,121.62,121.85,396,21,0
1695765600,121.85,122.41,121.69,122.40,833,20,0
1695830400,123.15,123.83,122.50,123.15,324,29,0
1695834000,123.15,123.40,122.57,122.70,508,20,0
1695837600,122.70,123.48,122.60,123.30,413,20,0
1695841200,123.30,123.35,122.83,122.97,256,22,0
1695844800,122.98,123.09,121.80,122.10,451,20,0
1695848400,122.10,122.74,121.79,122.46,394,20,0
1695852000,122.46,123.24,122.37,123.19,679,20,0
1695916800,122.99,123.85,122.54,123.11,436,20,0
1695920400,123.04,123.38,122.49,123.13,546,20,0
1695924000,123.17,123.63,122.31,123.63,455,20,0
1695927600,123.63,123.70,123.01,123.14,381,20,0
1695931200,123.14,123.54,123.12,123.28,212,20,0
1695934800,123.28,123.88,122.99,123.84,439,22,0
1695938400,123.84,124.54,123.84,124.08,465,20,0
1696003200,124.55,124.94,123.92,124.70,181,31,0
1696006800,124.70,125.32,124.35,124.48,352,20,0
1696010400,124.48,124.52,123.54,123.91,272,22,0
1696014000,123.91,124.32,123.68,123.85,181,20,0
1696017600,123.85,123.85,122.47,122.81,264,24,0
1696021200,122.63,123.56,122.60,123.56,187,24,0
1696024800,123.56,123.82,122.71,123.25,389,20,0
1696262400,123.11,123.88,122.58,122.70,342,41,0
1696266000,122.70,123.99,122.70,123.74,1001,25,0
1696269600,123.72,124.40,123.15,123.15,382,20,0
1696273200,123.03,123.46,122.93,123.27,260,21,0
1696276800,123.27,123.69,123.27,123.41,187,20,0
1696280400,123.41,123.63,122.79,122.89,514,20,0
1696284000,122.89,123.70,122.86,123.69,689,20,0
1696348800,122.45,123.11,121.71,122.64,342,25,0
1696352400,122.70,122.70,120.85,120.98,643,20,0
1696356000,120.98,121.05,120.02,120.40,601,21,0
1696359600,120.41,121.45,120.26,121.13,306,24,0
1696363200,121.13,121.43,120.30,120.30,303,27,0
1696366800,120.30,120.40,120.01,120.07,297,24,0
1696370400,120.07,120.47,119.61,120.31,609,20,0
1696435200,120.46,122.31,120.46,121.15,487,23,0
1696438800,121.11,121.94,120.93,121.02,1330,20,0
1696442400,121.02,121.78,120.90,121.36,833,25,0
1696446000,121.51,121.74,121.27,121.41,1308,20,0
1696449600,121.41,121.68,121.21,121.52,875,20,0
1696453200,121.52,121.82,121.23,121.40,1042,20,0
1696456800,121.40,121.73,121.31,121.70,671,20,0
1696521600,121.25,121.50,119.95,120.15,368,22,0
1696525200,120.15,120.34,119.41,119.80,910,20,0
1696528800,119.80,120.30,119.47,120.11,464,20,0
1696532400,120.11,120.67,119.95,119.95,325,22,0
1696536000,119.95,120.54,119.83,120.33,374,20,0
1696539600,120.33,120.86,120.18,120.67,1176,20,0
1696543200,120.59,120.89,120.42,120.64,908,20,0
1696608000,119.59,120.63,119.54,120.27,620,36,0
1696611600,120.27,120.85,119.59,120.01,1464,20,0
1696615200,120.06,120.89,119.83,120.76,830,20,0
1696618800,120.76,121.46,120.76,121.09,304,22,0
1696622400,121.12,121.67,121.09,121.40,369,20,0
1696626000,121.40,121.62,121.26,121.41,391,20,0
1696629600,121.41,122.07,121.20,121.90,725,20,0
1696867200,120.33,120.70,117.14,118.32,377,20,0
1696870800,118.32,119.39,117.72,118.54,468,20,0
1696874400,118.44,119.66,118.29,119.58,221,20,0
1696878000,119.58,119.95,119.42,119.70,155,20,0
1696881600,119.73,120.54,119.67,120.46,194,20,0
1696885200,120.46,120.62,120.21,120.31,405,26,0
1696888800,120.31,120.31,119.76,120.15,276,20,0
1696953600,120.56,122.21,120.23,121.96,318,21,0
1696957200,121.96,122.74,121.67,122.37,775,20,0
1696960800,122.38,123.24,122.38,123.02,361,20,0
1696964400,123.02,123.20,122.54,122.70,275,20,0
1696968000,122.72,122.72,121.60,121.96,588,20,0
1696971600,121.95,122.15,121.63,121.72,522,23,0
1696975200,121.72,122.30,121.70,122.20,1093,20,0
1697040000,122.87,123.48,122.61,122.73,133,31,0
1697043600,122.67,123.33,122.53,123.09,272,21,0
1697047200,123.07,123.49,121.95,122.18,243,20,0
1697050800,122.18,122.29,121.86,121.98,182,20,0
1697054400,121.98,122.15,121.51,121.78,167,20,0
1697058000,121.79,122.32,121.76,122.09,210,20,0
1697061600,122.08,122.89,122.01,122.57,255,20,0
1697126400,122.83,122.95,121.97,122.05,251,25,0
1697130000,122.16,123.33,122.07,122.56,554,20,0
1697133600,122.56,123.10,122.30,123.09,361,20,0
1697137200,123.09,123.24,122.58,122.78,315,22,0
1697140800,122.78,122.78,121.74,121.74,582,20,0
1697144400,121.74,122.07,120.93,121.84,491,20,0
1697148000,121.84,122.12,121.63,121.81,658,20,0
1697212800,121.61,122.32,121.41,121.51,307,23,0
1697216400,121.44,121.70,119.44,119.63,875,20,0
1697220000,119.63,119.88,119.27,119.31,844,20,0
1697223600,119.31,119.81,119.24,119.34,1003,20,0
1697227200,119.34,119.34,118.51,118.79,716,20,0
1697230800,118.78,118.79,118.26,118.45,725,20,0
1697234400,118.45,118.53,117.69,117.77,1193,20,0
1697472000,119.10,119.50,118.02,119.06,390,20,0
1697475600,119.06,119.83,118.82,119.15,857,20,0
1697479200,119.16,119.50,118.77,118.85,811,20,0
1697482800,118.85,119.15,118.78,118.97,423,21,0
1697486400,118.97,119.17,118.45,118.88,619,20,0
1697490000,118.88,119.00,118.58,118.62,1043,20,0
1697493600,118.62,118.83,118.34,118.48,1476,20,0
1697558400,118.11,119.30,118.03,119.17,413,22,0
1697562000,119.17,119.79,118.73,119.33,913,21,0
1697565600,119.24,119.93,119.17,119.71,1198,20,0
1697569200,119.71,119.87,118.70,118.70,380,20,0
1697572800,118.70,119.20,118.61,118.79,386,20,0
1697576400,118.79,119.21,118.56,118.72,660,21,0
1697580000,118.71,119.17,118.50,118.97,1580,20,0
1697644800,118.06,118.06,116.18,116.42,561,20,0
1697648400,116.42,117.53,116.00,116.16,767,20,0
1697652000,116.16,116.37,115.74,115.74,459,20,0
1697655600,115.74,116.00,114.76,115.28,724,20,0
1697659200,115.28,115.67,114.64,114.80,676,20,0
1697662800,114.80,115.44,114.33,114.62,778,20,0
1697666400,114.62,114.62,113.48,113.83,1771,20,0
1697731200,113.28,113.36,112.05,112.19,309,20,0
1697734800,112.19,113.03,111.74,112.00,831,20,0
1697738400,112.00,112.66,111.74,112.40,387,20,0
1697742000,112.40,113.27,111.66,112.82,681,21,0
1697745600,112.81,113.08,112.02,112.02,466,20,0
1697749200,112.00,112.29,111.24,111.33,1272,20,0
1697752800,111.33,111.55,110.70,111.39,2717,20,0
1697817600,111.04,111.62,110.09,111.02,318,20,0
1697821200,111.02,111.36,110.14,110.14,760,20,0
1697824800,110.14,110.53,109.71,110.53,495,20,0
1697828400,110.53,110.72,110.15,110.58,429,20,0
1697832000,110.58,111.09,110.37,110.69,538,20,0
1697835600,110.69,110.71,109.87,110.12,518,20,0
1697839200,110.12,110.22,109.79,110.18,1023,20,0
1698076800,110.14,110.28,109.47,110.21,422,20,0
1698080400,110.21,112.25,110.21,112.15,717,20,0
1698084000,112.15,112.89,112.10,112.67,580,20,0
1698087600,112.67,113.39,112.55,113.39,536,20,0
1698091200,113.39,113.46,112.94,112.99,638,20,0
1698094800,112.99,113.23,112.69,112.82,530,20,0
1698098400,112.82,113.12,112.29,112.65,1510,20,0
1698163200,113.16,113.96,113.08,113.66,331,20,0
1698166800,113.66,114.00,113.01,113.98,1424,22,0
1698170400,113.98,114.05,113.10,113.39,479,20,0
1698174000,113.39,113.41,112.49,112.81,587,20,0
1698177600,112.81,113.04,112.50,112.79,434,20,0
1698181200,112.80,113.28,112.54,113.04,709,20,0
1698184800,113.04,113.46,112.92,113.30,892,20,0
1698249600,112.78,113.03,112.12,112.78,673,22,0
1698253200,112.96,113.89,112.39,113.33,1066,20,0
1698256800,113.33,113.95,113.00,113.05,591,20,0
1698260400,113.05,113.34,112.74,112.74,360,20,0
1698264000,112.74,113.04,112.19,112.34,1872,20,0
1698267600,112.34,112.69,111.98,112.56,2073,20,0
1698271200,112.56,112.90,112.29,112.44,899,20,0
1698336000,111.69,112.19,110.78,110.90,331,27,0
1698339600,110.90,112.28,110.77,112.18,1177,20,0
1698343200,112.21,112.41,111.13,111.35,371,20,0
1698346800,111.35,111.35,109.94,109.94,608,20,0
1698350400,109.94,110.83,109.78,110.76,489,20,0
1698354000,110.77,110.78,110.02,110.26,624,20,0
1698357600,110.26,110.31,109.11,109.65,1027,20,0
1698422400,109.93,110.26,109.59,109.67,138,20,0
1698426000,109.62,110.87,109.43,110.70,1938,20,0
1698429600,110.73,111.28,110.64,111.01,627,20,0
1698433200,110.96,111.14,110.40,110.57,1443,20,0
1698436800,110.57,110.59,109.79,109.90,889,21,0
1698440400,109.90,110.10,109.53,109.53,402,20,0
1698444000,109.53,109.86,109.34,109.75,830,20,0
1698678000,110.70,112.22,110.63,111.33,285,21,0
1698681600,111.33,111.96,110.87,110.87,1075,20,0
1698685200,110.89,111.55,110.76,110.94,503,20,0
1698688800,110.94,111.30,110.51,110.62,342,20,0
1698692400,110.65,111.21,110.62,111.16,324,20,0
1698696000,111.16,111.84,111.06,111.56,974,20,0
1698699600,111.56,111.92,111.28,111.41,1470,20,0
1698764400,111.63,112.09,110.52,110.52,395,28,0
1698768000,110.52,111.40,110.38,111.12,993,20,0
1698771600,111.12,111.32,110.57,110.95,1913,20,0
1698775200,110.95,111.17,110.51,111.09,1830,20,0
1698778800,111.09,111.68,110.90,111.45,3018,20,0
1698782400,111.45,111.77,111.31,111.58,2628,20,0
1698786000,111.58,111.84,111.27,111.50,3094,20,0
1698850800,112.19,112.19,111.24,111.86,263,26,0
1698854400,111.96,111.96,111.04,111.35,2863,20,0
1698858000,111.35,111.54,110.85,111.14,2452,20,0
1698861600,111.14,111.19,110.54,110.64,1800,20,0
1698865200,110.56,110.85,110.35,110.45,3281,20,0
1698868800,110.47,110.95,110.03,110.78,3308,20,0
1698872400,110.78,110.86,110.33,110.51,2576,20,0
1698937200,112.41,112.77,110.05,111.01,336,26,0
1698940800,110.93,112.79,110.50,112.57,992,20,0
1698944400,112.60,113.46,112.45,113.37,552,20,0
1698948000,113.37,113.38,112.29,112.74,837,20,0
1698951600,112.74,113.00,112.54,112.85,874,20,0
1698955200,112.85,113.38,112.58,113.38,842,20,0
1698958800,113.38,113.60,113.13,113.37,1347,20,0
1699023600,110.30,112.99,110.22,111.76,506,31,0
1699027200,111.89,112.54,111.11,112.36,443,20,0
1699030800,112.35,113.76,112.07,113.49,892,20,0
1699034400,113.48,114.54,113.48,114.09,762,20,0
1699038000,114.09,114.11,113.14,113.95,1066,20,0
1699041600,113.95,114.55,113.79,114.39,555,20,0
1699045200,114.39,114.61,113.71,114.17,1642,20,0
1699286400,115.26,117.52,115.02,116.86,453,23,0
1699290000,116.86,118.54,116.41,118.54,625,20,0
1699293600,118.54,119.52,118.32,119.39,808,20,0
1699297200,119.39,119.98,119.28,119.68,546,20,0
1699300800,119.68,119.75,118.63,118.66,367,20,0
1699304400,118.66,118.91,118.33,118.74,320,20,0
1699308000,118.74,118.99,118.54,118.71,343,20,0
1699372800,118.57,119.74,118.37,119.52,404,22,0
1699376400,119.52,120.62,118.90,120.62,900,20,0
1699380000,120.62,121.22,120.29,120.90,1120,21,0
1699383600,120.90,120.98,120.53,120.98,470,20,0
1699387200,121.00,121.13,120.55,120.63,440,20,0
1699390800,120.63,120.95,120.61,120.79,413,20,0
1699394400,120.79,120.79,120.21,120.34,1020,20,0
1699459200,120.68,121.52,120.65,121.37,268,23,0
1699462800,121.39,121.42,120.69,121.06,609,20,0
1699466400,121.06,121.18,120.23,120.23,371,20,0
1699470000,120.23,120.47,119.91,120.42,310,20,0
1699473600,120.42,121.34,120.42,121.09,418,20,0
1699477200,121.09,121.09,120.18,120.23,399,20,0
1699480800,120.23,120.72,120.17,120.67,617,20,0
1699545600,121.07,121.21,120.36,121.03,243,26,0
1699549200,121.07,121.07,120.12,120.27,469,20,0
1699552800,120.27,121.11,120.27,120.86,416,20,0
1699556400,120.90,121.06,120.58,120.89,286,20,0
1699560000,120.89,120.99,120.20,120.40,261,20,0
1699563600,120.50,120.50,119.84,119.84,272,22,0
1699567200,119.84,120.27,119.77,120.27,1968,20,0
1699632000,120.46,121.08,120.26,121.05,114,27,0
1699635600,121.17,121.32,120.55,121.32,342,25,0
1699639200,121.15,121.94,121.11,121.58,178,20,0
1699642800,121.58,122.42,121.55,122.11,197,20,0
1699646400,121.99,122.79,121.99,122.54,276,20,0
1699650000,122.54,122.63,122.35,122.47,713,20,0
1699653600,122.47,123.12,122.39,122.83,1922,20,0
1699891200,122.83,125.41,122.82,125.12,340,20,0
1699894800,125.12,125.21,124.44,125.21,739,21,0
1699898400,125.21,125.75,124.94,125.63,448,20,0
1699902000,125.63,125.77,124.94,124.94,348,22,0
1699905600,124.94,125.18,124.50,124.54,325,20,0
1699909200,124.54,125.08,124.54,124.81,384,20,0
1699912800,124.81,124.96,124.60,124.69,590,20,0
1699977600,126.46,126.81,125.62,126.53,354,27,0
1699981200,126.53,126.78,125.59,125.69,449,20,0
1699984800,125.69,126.51,125.64,126.36,1357,20,0
1699988400,126.36,127.01,126.19,126.74,216,20,0
1699992000,126.74,127.08,126.35,126.52,166,20,0
1699995600,126.52,127.13,126.11,127.06,134,20,0
1699999200,127.06,127.13,126.74,126.74,357,20,0
1700064000,127.27,127.94,126.99,127.06,213,20,0
1700067600,127.06,127.20,126.53,126.54,372,20,0
1700071200,126.54,126.75,125.66,125.90,297,22,0
1700074800,125.90,126.01,125.04,125.23,202,20,0
1700078400,125.23,125.34,124.80,125.05,158,22,0
1700082000,125.05,125.28,124.73,125.06,202,20,0
1700085600,125.06,125.22,124.62,124.62,229,20,0
1700150400,124.36,126.03,124.12,125.98,374,27,0
1700154000,126.14,126.24,124.96,125.29,638,21,0
1700157600,125.29,125.72,124.85,125.57,630,21,0
1700161200,125.58,125.87,125.50,125.70,721,20,0
1700164800,125.70,125.77,125.30,125.61,432,20,0
1700168400,125.61,125.70,125.25,125.57,616,20,0
1700172000,125.58,125.59,124.85,125.06,920,20,0
1700236800,125.51,125.80,124.08,124.21,381,20,0
1700240400,124.21,124.81,123.85,124.54,606,20,0
1700244000,124.54,125.32,124.14,125.12,493,20,0
1700247600,125.11,125.24,125.03,125.21,440,22,0
1700251200,125.21,125.45,125.05,125.22,313,20,0
1700254800,125.22,125.60,125.22,125.34,500,21,0
1700258400,125.34,125.43,125.12,125.28,586,20,0
1700496000,124.88,126.48,124.88,125.97,322,27,0
1700499600,125.94,125.99,125.37,125.68,431,25,0
1700503200,125.68,125.79,125.16,125.30,232,20,0
1700506800,125.30,125.88,125.30,125.43,335,20,0
1700510400,125.43,125.75,125.38,125.40,209,20,0
1700514000,125.40,125.98,125.39,125.96,443,20,0
1700517600,125.97,126.25,125.89,126.22,599,20,0
1700582400,125.95,126.69,125.59,125.88,188,25,0
1700586000,125.90,126.62,125.90,126.41,295,23,0
1700589600,126.33,126.34,125.61,125.77,169,23,0
1700593200,125.77,126.38,125.77,126.28,168,21,0
1700596800,126.28,126.28,125.97,126.06,124,24,0
1700600400,126.06,126.15,125.72,125.82,142,20,0
1700604000,125.83,125.99,125.51,125.61,219,20,0
1700668800,126.37,126.47,125.62,126.07,338,31,0
1700672400,126.05,126.22,125.41,125.53,679,22,0
1700676000,125.60,126.02,125.60,125.86,485,20,0
1700679600,125.86,125.97,125.63,125.75,437,20,0
1700683200,125.75,125.90,125.63,125.72,1686,26,0
1700686800,125.72,125.80,125.22,125.49,1918,20,0
1700690400,125.49,125.57,125.24,125.36,1953,20,0
1700841600,125.00,125.28,124.55,124.89,195,22,0
1700845200,124.89,124.94,124.26,124.62,409,20,0
1700848800,124.62,124.73,124.26,124.26,186,20,0
1700852400,124.26,124.56,124.06,124.48,184,20,0
1701100800,123.85,124.61,123.44,124.30,452,21,0
1701104400,124.30,125.58,124.30,125.43,3120,20,0
1701108000,125.44,125.60,125.11,125.12,1316,20,0
1701111600,125.12,125.58,124.90,124.94,905,21,0
1701115200,124.94,125.14,124.56,124.57,409,20,0
1701118800,124.57,124.89,124.39,124.89,611,20,0
1701122400,124.89,125.26,124.67,125.12,819,20,0
1701187200,125.11,125.73,124.72,124.72,383,31,0
1701190800,124.72,125.68,124.54,125.15,630,21,0
1701194400,125.15,125.60,125.09,125.39,283,20,0
1701198000,125.33,125.53,125.00,125.40,334,20,0
1701201600,125.40,125.54,125.00,125.27,253,20,0
1701205200,125.27,125.38,124.97,124.99,624,20,0
1701208800,124.99,125.53,124.71,125.50,736,20,0
1701273600,125.76,126.61,125.76,126.26,123,33,0
1701277200,126.27,126.40,124.50,124.52,346,20,0
1701280800,124.54,124.73,123.98,124.49,296,20,0
1701284400,124.49,125.26,124.47,124.97,166,20,0
1701288000,124.97,125.45,124.97,125.33,803,23,0
1701291600,125.33,125.48,124.98,125.31,970,20,0
1701295200,125.31,125.41,124.65,124.92,743,20,0
1701360000,125.09,125.09,123.17,123.76,304,23,0
1701363600,123.76,124.11,122.86,123.30,640,23,0
1701367200,123.30,123.86,123.28,123.74,473,20,0
1701370800,123.74,124.24,123.74,123.83,431,20,0
1701374400,123.84,124.00,123.62,123.75,515,21,0
1701378000,123.75,124.24,123.75,124.24,344,20,0
1701381600,124.24,124.91,123.75,124.89,662,20,0
1701446400,124.46,125.35,123.80,124.77,276,29,0
1701450000,125.02,125.65,124.77,125.41,1308,20,0
1701453600,125.41,126.29,125.11,126.29,1245,21,0
1701457200,126.29,126.56,126.12,126.55,1121,20,0
1701460800,126.55,126.67,126.34,126.47,867,20,0
1701464400,126.47,127.06,126.44,126.94,668,20,0
1701468000,126.81,127.06,126.19,126.26,860,20,0
1701705600,125.77,126.98,125.70,126.74,343,24,0
1701709200,126.74,127.44,125.24,125.56,615,20,0
1701712800,125.56,126.13,125.39,125.52,352,20,0
1701716400,125.52,126.27,125.51,126.11,363,24,0
1701720000,126.11,126.12,125.24,125.46,392,26,0
1701723600,125.46,125.48,124.77,124.77,405,20,0
1701727200,124.77,125.66,124.44,125.18,725,20,0
1701792000,124.29,125.24,124.11,124.68,319,20,0
1701795600,124.68,126.13,124.68,125.94,674,20,0
1701799200,125.94,126.35,125.47,125.47,764,20,0
1701802800,125.47,125.83,125.36,125.38,684,20,0
1701806400,125.38,125.66,125.35,125.43,656,24,0
1701810000,125.43,125.78,125.39,125.56,734,20,0
1701813600,125.56,125.86,125.54,125.85,1043,20,0
1701878400,126.87,127.35,126.00,126.31,291,31,0
1701882000,126.31,126.37,124.87,125.63,720,20,0
1701885600,125.63,125.97,125.02,125.97,455,23,0
1701889200,125.97,126.10,125.60,125.63,713,20,0
1701892800,125.63,126.18,125.56,126.14,419,21,0
1701896400,126.14,126.44,126.08,126.39,501,20,0
1701900000,126.39,126.43,125.54,125.81,713,20,0
1701964800,126.64,128.21,126.55,127.79,309,24,0
1701968400,127.89,129.09,127.69,128.55,2146,20,0
1701972000,128.56,129.14,128.47,129.03,1381,20,0
1701975600,129.01,129.43,128.71,128.92,1078,20,0
1701979200,128.92,129.12,128.73,128.82,497,23,0
1701982800,128.82,129.27,128.81,129.11,1948,20,0
1701986400,129.11,129.48,128.89,129.38,1605,20,0
1702051200,128.74,129.41,128.74,129.41,297,20,0
1702054800,129.41,130.81,129.12,130.65,720,20,0
1702058400,130.65,130.89,130.39,130.74,592,20,0
1702062000,130.74,130.98,130.54,130.65,595,20,0
1702065600,130.65,130.79,130.31,130.41,376,20,0
1702069200,130.41,130.76,130.30,130.64,327,20,0
1702072800,130.64,130.98,130.59,130.92,731,20,0
1702310400,131.22,132.79,131.22,132.79,526,26,0
1702314000,132.79,135.09,132.62,134.96,1039,21,0
1702317600,134.96,134.96,134.14,134.61,609,20,0
1702321200,134.61,134.94,133.99,134.23,628,21,0
1702324800,134.23,134.26,133.47,133.57,555,20,0
1702328400,133.57,134.16,133.35,134.00,340,20,0
1702332000,134.00,134.12,133.55,133.79,546,20,0
1702396800,134.26,134.74,133.73,134.65,367,23,0
1702400400,134.65,134.96,134.34,134.95,515,20,0
1702404000,134.95,135.35,134.93,134.94,344,20,0
1702407600,134.96,134.97,134.40,134.94,380,20,0
1702411200,134.94,135.58,134.84,135.39,321,20,0
1702414800,135.39,135.78,135.19,135.59,383,22,0
1702418400,135.59,136.03,135.59,136.03,907,20,0
1702483200,136.19,136.52,135.15,135.55,365,25,0
1702486800,135.55,136.57,135.05,136.50,847,20,0
1702490400,136.50,136.77,136.34,136.53,492,20,0
1702494000,136.53,136.70,136.16,136.23,471,20,0
1702497600,136.23,136.23,135.55,135.85,542,20,0
1702501200,135.85,137.06,135.85,136.81,883,20,0
1702504800,136.81,137.13,136.41,136.89,1057,20,0
1702569600,137.95,139.46,137.74,139.20,549,20,0
1702573200,139.20,139.38,137.62,138.20,1395,20,0
1702576800,138.20,138.34,137.15,138.01,792,22,0
1702580400,138.01,138.19,137.33,137.40,526,20,0
1702584000,137.40,137.40,136.54,136.83,604,20,0
1702587600,136.83,137.83,136.78,137.80,411,20,0
1702591200,137.80,137.98,137.23,137.54,962,20,0
1702656000,137.68,138.20,137.51,137.95,513,23,0
1702659600,137.95,138.75,137.71,138.50,879,20,0
1702663200,138.50,139.59,138.44,138.74,551,20,0
1702666800,138.74,138.80,138.33,138.33,374,20,0
1702670400,138.34,138.58,137.70,137.76,440,20,0
1702674000,137.76,138.09,137.56,137.57,520,20,0
1702677600,137.57,139.07,137.30,138.96,717,20,0
1702915200,138.99,139.35,138.12,138.83,363,29,0
1702918800,138.83,139.21,138.38,138.44,577,26,0
1702922400,138.44,138.80,138.36,138.37,455,24,0
1702926000,138.37,138.89,138.35,138.69,377,20,0
1702929600,138.69,138.84,138.44,138.44,307,20,0
1702933200,138.44,138.94,138.44,138.81,343,21,0
1702936800,138.81,139.43,138.66,138.76,804,20,0
1703001600,139.06,140.34,139.06,140.18,320,23,0
1703005200,140.18,140.33,139.59,140.13,619,28,0
1703008800,140.12,140.54,139.74,139.91,575,21,0
1703012400,139.91,140.34,139.88,140.14,351,20,0
1703016000,140.14,140.80,140.14,140.74,413,20,0
1703019600,140.76,140.95,140.58,140.86,526,23,0
1703023200,140.86,140.86,140.13,140.54,658,20,0
1703088000,141.00,141.00,139.38,140.08,156,32,0
1703091600,140.04,141.21,140.02,141.03,366,20,0
1703095200,141.03,141.43,140.74,141.38,145,20,0
1703098800,141.38,141.55,140.50,140.67,238,21,0
1703102400,140.67,140.97,140.35,140.43,338,20,0
1703106000,140.43,140.43,138.98,139.02,619,20,0
1703109600,138.95,139.30,138.36,138.71,617,20,0
1703174400,139.19,140.50,138.99,140.04,434,24,0
1703178000,140.04,140.34,139.26,139.63,856,25,0
1703181600,139.63,140.53,139.61,140.05,450,20,0
1703185200,140.05,140.05,139.41,139.60,562,25,0
1703188800,139.60,140.50,139.60,140.50,412,20,0
1703192400,140.50,140.50,140.04,140.17,580,20,0
1703196000,140.17,140.81,140.00,140.72,834,20,0
1703260800,140.25,141.31,140.25,140.82,133,25,0
1703264400,140.82,141.70,140.79,141.29,224,20,0
1703268000,141.26,141.82,141.02,141.67,109,20,0
1703271600,141.67,142.35,141.56,142.11,151,20,0
1703275200,142.11,142.19,141.91,141.96,108,21,0
1703278800,141.96,141.96,141.19,141.90,249,27,0
1703282400,141.90,141.90,141.11,141.36,323,20,0
1703606400,140.81,141.54,140.66,141.09,107,24,0
1703610000,141.03,141.90,140.91,141.90,587,24,0
1703613600,141.90,142.13,141.68,141.98,143,20,0
1703617200,141.98,142.58,141.98,142.38,559,20,0
1703620800,142.38,142.67,142.20,142.21,1302,20,0
1703624400,142.21,142.52,142.06,142.49,1431,20,0
1703628000,142.49,142.87,142.36,142.56,1427,20,0
1703692800,142.99,142.99,142.21,142.67,143,33,0
1703696400,142.67,142.82,141.94,141.99,1576,20,0
1703700000,141.98,142.15,141.37,141.50,1284,20,0
1703703600,141.50,141.63,141.19,141.29,1491,20,0
1703707200,141.29,141.66,141.29,141.37,1568,23,0
1703710800,141.32,141.63,141.14,141.42,973,20,0
1703714400,141.42,141.55,141.10,141.32,832,20,0
1703779200,141.65,142.35,141.60,141.64,301,26,0
1703782800,141.64,141.91,141.56,141.67,576,26,0
1703786400,141.67,141.88,141.54,141.64,383,23,0
1703790000,141.65,141.99,141.58,141.99,327,20,0
1703793600,141.99,142.24,141.78,142.08,544,22,0
1703797200,142.06,142.37,142.02,142.20,694,24,0
1703800800,142.20,142.28,141.69,141.96,602,20,0
1703865600,142.04,142.86,141.95,142.47,245,20,0
1703869200,142.47,142.73,141.61,141.85,402,21,0
1703872800,141.85,141.95,141.17,141.44,614,22,0
1703876400,141.47,141.75,141.17,141.60,179,26,0
1703880000,141.60,141.82,141.33,141.33,170,25,0
1703883600,141.33,141.77,141.25,141.58,196,22,0
1703887200,141.58,141.70,141.19,141.63,422,20,0
1704211200,140.97,140.97,139.45,140.02,444,30,0
1704214800,140.02,140.35,139.45,139.45,566,21,0
1704218400,139.45,140.02,139.11,139.97,440,20,0
1704222000,139.97,139.97,138.99,139.09,469,22,0
1704225600,139.09,139.43,138.75,138.88,376,20,0
1704229200,138.88,139.36,138.54,138.99,321,20,0
1704232800,138.99,139.16,138.55,139.09,489,20,0
1704297600,138.29,139.04,137.97,138.51,275,21,0
1704301200,138.29,138.94,136.78,137.56,620,20,0
1704304800,137.56,137.76,136.38,136.39,363,24,0
1704308400,136.39,137.31,136.39,137.31,202,20,0
1704312000,137.31,137.44,137.06,137.14,148,20,0
1704315600,137.13,137.35,136.62,136.86,303,20,0
1704319200,136.86,137.00,136.13,136.14,453,20,0
1704384000,135.99,136.84,135.47,136.58,239,27,0
1704387600,136.55,137.79,136.53,137.21,775,20,0
1704391200,137.21,137.70,136.69,136.94,285,20,0
1704394800,136.94,136.99,136.47,136.59,362,26,0
1704398400,136.61,136.77,136.28,136.49,245,22,0
1704402000,136.49,136.86,136.08,136.86,268,20,0
1704405600,136.86,137.10,136.41,136.74,558,21,0
1704470400,136.53,137.41,136.47,136.83,345,23,0
1704474000,136.82,137.80,136.43,137.22,908,21,0
1704477600,137.22,137.49,136.53,136.63,631,20,0
1704481200,136.71,136.81,135.54,136.09,903,20,0
1704484800,136.09,136.40,135.74,136.06,677,20,0
1704488400,136.06,136.29,135.75,135.81,809,20,0
1704492000,135.81,136.20,135.59,136.17,722,20,0
1704729600,135.97,137.63,135.97,137.01,416,34,0
1704733200,137.00,137.23,136.24,136.58,1187,20,0
1704736800,136.58,136.69,136.37,136.50,1240,20,0
1704740400,136.50,136.65,136.05,136.35,603,20,0
1704744000,136.35,137.38,136.30,137.32,768,21,0
1704747600,137.32,138.14,137.18,138.07,509,20,0
1704751200,138.07,138.52,137.94,138.32,824,20,0
1704816000,137.73,138.91,137.62,138.20,426,31,0
1704819600,138.20,138.72,137.66,138.20,619,21,0
1704823200,138.23,139.26,138.23,139.10,447,20,0
1704826800,139.10,139.15,138.41,138.84,374,23,0
1704830400,138.86,139.21,138.59,138.83,393,20,0
1704834000,138.83,138.93,138.60,138.82,385,20,0
1704837600,138.82,139.45,138.43,139.45,1481,20,0
1704902400,139.41,140.40,139.36,140.22,388,27,0
1704906000,140.27,141.12,140.01,141.12,1831,22,0
1704909600,141.12,141.36,140.74,140.79,453,22,0
1704913200,140.76,141.07,140.54,141.02,382,26,0
1704916800,141.02,141.03,140.66,140.74,343,22,0
1704920400,140.74,141.17,140.73,141.04,387,24,0
1704924000,141.04,141.06,140.14,140.63,660,20,0
1704988800,140.52,141.00,139.68,139.83,432,37,0
1704992400,139.85,140.72,139.27,140.36,964,24,0
1704996000,140.36,140.69,139.86,139.94,475,24,0
1704999600,139.94,140.96,139.94,140.90,342,25,0
1705003200,140.90,141.66,140.90,141.57,330,20,0
1705006800,141.57,142.00,141.52,141.81,476,25,0
1705010400,141.81,141.88,141.24,141.87,712,20,0
1705075200,142.34,142.73,141.21,141.21,227,25,0
1705078800,141.16,141.37,140.48,140.78,335,31,0
1705082400,140.78,141.50,140.78,141.08,194,26,0
1705086000,141.15,141.22,140.55,140.74,189,27,0
1705089600,140.78,140.90,140.23,140.37,121,22,0
1705093200,140.37,140.46,140.16,140.16,110,20,0
1705096800,140.16,140.16,139.88,139.90,210,20,0
1705420800,139.19,139.92,138.91,139.36,359,39,0
1705424400,139.31,139.76,138.41,139.19,571,21,0
1705428000,139.00,139.63,138.42,139.61,694,28,0
1705431600,139.62,140.01,139.47,139.80,315,36,0
1705435200,139.79,140.26,139.70,139.71,277,31,0
1705438800,139.70,139.96,139.49,139.68,242,20,0
1705442400,139.68,140.08,139.54,140.08,373,20,0
1705507200,139.51,140.24,138.34,138.64,195,28,0
1705510800,138.64,139.64,138.36,139.25,475,24,0
1705514400,139.24,139.46,138.55,138.58,399,20,0
1705518000,138.58,139.07,138.41,139.06,225,20,0
1705521600,139.06,139.41,138.64,138.99,259,20,0
1705525200,139.00,139.51,138.54,139.27,385,22,0
1705528800,139.27,139.64,138.96,139.53,215,20,0
1705593600,139.83,141.01,139.78,139.78,124,35,0
1705597200,139.69,140.45,139.26,140.17,684,24,0
1705600800,140.17,140.73,139.77,140.38,492,22,0
1705604400,140.36,140.36,139.04,139.38,473,23,0
1705608000,139.38,140.31,139.17,140.20,352,25,0
1705611600,140.20,141.10,140.14,140.94,314,21,0
1705615200,140.94,141.52,140.81,141.09,295,20,0
1705680000,142.22,142.58,141.96,142.26,394,25,0
1705683600,142.26,142.96,142.03,142.78,542,23,0
1705687200,142.78,143.19,142.50,142.90,482,20,0
1705690800,142.91,143.11,142.62,143.00,373,20,0
1705694400,143.00,143.52,142.96,143.52,503,22,0
1705698000,143.54,144.34,143.49,144.34,650,20,0
1705701600,144.34,144.67,144.11,144.50,1091,20,0
1705939200,145.67,146.26,141.17,141.71,404,20,0
1705942800,141.50,141.71,139.35,140.84,734,20,0
1705946400,140.84,141.33,140.35,140.91,211,20,0
1705950000,140.91,140.94,140.21,140.40,195,23,0
1705953600,140.40,140.46,139.94,139.94,177,26,0
1705957200,139.94,140.06,139.14,139.35,294,20,0
1705960800,139.35,140.32,139.33,140.03,416,20,0
1706025600,140.47,140.90,139.67,140.65,182,22,0
1706029200,140.67,140.74,139.69,140.41,447,25,0
1706032800,140.37,140.95,139.80,140.11,395,26,0
1706036400,140.11,140.30,140.05,140.22,209,20,0
1706040000,140.22,140.34,139.82,139.83,252,20,0
1706043600,139.94,140.00,139.65,139.83,277,20,0
1706047200,139.79,140.10,139.38,139.49,642,20,0
1706112000,140.16,140.66,139.28,139.64,346,35,0
1706115600,139.64,140.00,138.81,139.27,530,26,0
1706119200,139.27,139.94,139.21,139.77,403,21,0
1706122800,139.77,140.50,139.69,140.14,444,22,0
1706126400,140.14,140.14,139.43,139.59,413,20,0
1706130000,139.59,139.71,139.14,139.36,490,20,0
1706133600,139.31,140.06,139.30,139.69,824,21,0
1706198400,140.77,140.77,139.66,140.17,338,41,0
1706202000,140.30,141.37,139.74,140.31,966,23,0
1706205600,140.39,141.01,140.15,140.21,391,23,0
1706209200,140.21,140.42,140.03,140.33,350,26,0
1706212800,140.33,140.72,140.09,140.09,312,28,0
1706216400,140.06,140.08,139.74,139.95,345,31,0
1706220000,139.95,140.25,139.66,140.08,509,20,0
1706284800,139.88,140.32,138.96,140.32,410,36,0
1706288400,140.32,140.81,139.83,140.81,721,23,0
1706292000,140.81,140.81,140.37,140.63,453,22,0
1706295600,140.63,141.25,140.54,140.69,424,20,0
1706299200,140.65,140.99,140.55,140.73,265,28,0
1706302800,140.73,140.98,140.70,140.85,288,26,0
1706306400,140.86,140.94,139.89,140.62,715,20,0
1706544000,140.27,140.97,140.18,140.50,593,41,0
1706547600,140.50,140.74,139.94,139.94,462,20,0
1706551200,139.94,140.31,139.75,140.30,226,20,0
1706554800,140.30,141.18,140.30,141.18,205,20,0
1706558400,141.18,141.22,140.86,141.11,147,20,0
1706562000,141.11,141.57,141.11,141.37,313,20,0
1706565600,141.37,142.36,141.37,141.94,569,20,0
1706630400,141.09,142.70,141.08,142.08,184,39,0
1706634000,142.07,142.07,140.92,141.30,262,24,0
1706637600,141.30,141.96,141.29,141.96,180,25,0
1706641200,141.96,142.32,141.65,141.70,134,20,0
1706644800,141.70,142.11,141.51,141.82,100,20,0
1706648400,141.82,142.36,141.81,142.26,113,20,0
1706652000,142.26,142.26,141.74,142.00,281,20,0
1706716800,141.54,141.54,139.94,140.38,364,23,0
1706720400,140.38,140.61,140.38,140.56,16,39,0
1706727600,141.64,141.89,141.51,141.52,298,25,0
1706731200,141.50,141.65,141.02,141.02,208,38,0
1706734800,140.82,141.94,140.41,141.14,618,30,0
1706738400,141.14,141.14,139.94,140.11,835,20,0
1706803200,142.59,143.79,141.22,141.35,233,41,0
1706806800,141.29,142.10,140.52,140.52,454,30,0
1706810400,140.52,140.87,140.23,140.62,293,31,0
1706814000,140.62,140.97,140.34,140.79,164,20,0
1706817600,140.79,141.08,140.44,140.58,230,21,0
1706821200,140.58,141.88,140.58,141.73,314,20,0
1706824800,141.74,142.20,141.47,142.05,210,20,0
1706889600,141.85,142.09,140.46,141.76,241,38,0
1706893200,141.81,143.02,141.08,142.84,745,30,0
1706896800,142.84,143.17,142.15,142.61,394,24,0
1706900400,142.65,142.89,142.02,142.21,418,27,0
1706904000,142.21,142.58,142.04,142.58,304,24,0
1706907600,142.65,142.82,142.52,142.52,290,21,0
1706911200,142.52,142.66,141.91,142.24,629,20,0
1707148800,141.97,142.47,141.25,142.46,417,41,0
1707152400,142.21,142.21,141.35,142.11,845,20,0
1707156000,142.11,143.12,141.84,142.92,520,20,0
1707159600,142.91,143.85,142.86,143.48,501,25,0
1707163200,143.47,143.85,143.29,143.70,542,25,0
1707166800,143.72,144.80,143.70,144.54,498,20,0
1707170400,144.54,145.04,144.02,144.74,802,20,0
1707235200,145.55,145.55,144.19,144.62,272,41,0
1707238800,144.58,145.09,144.11,144.41,336,22,0
1707242400,145.24,146.00,145.04,145.12,196,20,0
1707246000,145.13,145.66,144.74,145.43,223,20,0
1707249600,145.43,145.82,145.43,145.57,134,21,0
1707253200,145.57,146.10,145.36,146.10,163,20,0
1707256800,146.10,146.30,144.89,145.72,362,20,0
1707321600,145.89,147.59,145.56,147.59,348,20,0
1707325200,147.59,149.36,147.04,148.72,880,20,0
1707328800,148.76,149.46,148.35,149.46,527,20,0
1707332400,149.23,149.40,148.80,148.95,425,25,0
1707336000,148.95,149.46,148.88,149.46,391,20,0
1707339600,149.46,149.46,148.80,148.81,409,28,0
1707343200,148.81,149.20,147.97,148.33,856,20,0
1707408000,148.98,149.87,148.60,149.61,395,30,0
1707411600,149.73,149.73,148.69,149.37,941,20,0
1707415200,149.37,149.75,148.81,149.64,535,21,0
1707418800,149.64,150.40,149.57,150.03,579,20,0
1707422400,150.03,151.15,150.00,151.13,597,20,0
1707426000,151.13,151.91,151.13,151.87,552,20,0
1707429600,151.87,153.62,151.87,153.55,1485,20,0
1707494400,148.05,149.13,146.90,147.80,332,20,0
1707498000,147.80,148.93,147.57,147.89,382,20,0
1707501600,147.89,148.00,147.54,147.74,214,20,0
1707505200,147.74,148.85,147.74,148.78,201,20,0
1707508800,148.78,149.65,148.46,149.65,214,20,0
1707512400,149.65,150.00,149.45,149.74,218,20,0
1707516000,149.74,150.32,149.72,150.16,550,20,0
1707753600,150.37,151.07,150.02,150.38,208,38,0
1707757200,150.36,152.15,150.36,151.95,382,20,0
1707760800,151.95,152.81,151.83,152.61,531,20,0
1707764400,152.61,152.86,152.29,152.42,153,24,0
1707768000,152.43,152.97,152.14,152.59,278,21,0
1707771600,152.59,152.63,151.39,151.49,394,20,0
1707775200,151.49,151.98,150.95,151.39,465,20,0
1707840000,149.21,150.29,148.80,150.01,486,37,0
1707843600,150.01,151.16,149.39,150.30,1135,22,0
1707847200,150.30,150.44,149.68,149.82,591,21,0
1707850800,149.82,149.82,148.82,148.82,833,20,0
1707854400,148.82,149.40,148.82,149.24,881,20,0
1707858000,149.24,149.49,147.99,147.99,607,20,0
1707861600,147.99,149.88,147.94,149.88,1586,20,0
1707926400,148.97,149.58,147.69,149.28,438,20,0
1707930000,149.28,150.66,149.28,149.92,1121,21,0
1707933600,149.85,149.85,148.94,149.07,705,23,0
1707937200,149.05,149.05,148.09,148.38,539,20,0
1707940800,148.38,149.04,148.37,148.91,1636,20,0
1707944400,148.92,149.14,148.52,148.56,802,20,0
1707948000,148.56,149.38,148.22,149.33,860,20,0
1708012800,149.35,150.28,148.86,149.11,330,20,0
1708016400,149.11,149.65,148.42,148.70,859,20,0
1708020000,148.70,149.63,148.44,149.53,643,22,0
1708023600,149.53,149.59,149.21,149.21,1024,20,0
1708027200,149.21,149.38,148.82,148.97,563,20,0
1708030800,148.97,149.65,148.85,149.65,630,22,0
1708034400,149.65,150.35,149.63,149.95,861,20,0
1708099200,149.63,150.03,148.89,149.55,340,22,0
1708102800,149.55,149.81,148.98,149.45,763,21,0
1708106400,149.45,149.92,149.27,149.81,630,20,0
1708110000,149.81,150.04,149.53,149.63,366,22,0
1708113600,149.63,149.63,149.22,149.39,394,20,0
1708117200,149.39,149.44,148.55,148.71,430,20,0
1708120800,148.71,149.17,148.19,148.56,740,20,0
1708444800,148.21,148.77,147.61,147.72,449,23,0
1708448400,147.72,148.95,147.54,148.91,605,20,0
1708452000,148.91,149.08,148.35,148.35,421,21,0
1708455600,148.35,148.35,147.58,147.92,545,26,0
1708459200,147.92,147.97,147.57,147.97,273,20,0
1708462800,147.97,147.97,147.38,147.83,339,26,0
1708466400,147.83,148.04,147.30,148.00,721,20,0
1708531200,148.38,149.23,147.84,148.89,454,24,0
1708534800,148.89,149.49,148.89,149.28,553,20,0
1708538400,149.28,149.50,148.59,148.63,391,20,0
1708542000,148.63,148.96,148.16,148.96,394,20,0
1708545600,148.96,149.34,148.86,149.30,425,23,0
1708549200,149.29,149.82,148.42,148.99,484,20,0
1708552800,148.99,149.66,148.62,149.60,750,20,0
1708617600,151.89,153.85,151.16,153.48,290,35,0
1708621200,153.51,154.09,152.78,153.56,1399,33,0
1708624800,153.62,154.82,153.59,154.30,1034,25,0
1708628400,154.29,154.93,153.94,154.93,601,24,0
1708632000,154.93,156.04,154.93,155.79,1080,20,0
1708635600,155.79,156.47,155.52,156.00,799,20,0
1708639200,156.00,156.54,155.74,156.09,438,20,0
1708704000,146.77,147.14,142.52,142.86,620,22,0
1708707600,142.86,142.86,140.77,141.06,920,20,0
1708711200,141.06,141.55,140.26,140.85,924,20,0
1708714800,140.85,142.09,140.85,141.90,1052,20,0
1708718400,141.90,142.13,140.39,140.58,989,20,0
1708722000,140.58,140.59,139.62,139.98,1123,20,0
1708725600,139.98,140.19,139.54,140.16,1054,20,0
1708963200,141.80,143.14,141.14,142.77,537,20,0
1708966800,142.77,143.29,142.00,142.01,1809,20,0
1708970400,142.01,142.50,141.60,141.92,960,20,0
1708974000,141.93,141.98,141.14,141.28,759,24,0
1708977600,141.28,141.40,140.53,141.40,712,20,0
1708981200,141.40,141.74,140.83,140.83,439,20,0
1708984800,140.83,140.83,139.80,139.93,958,20,0
1709049600,140.38,140.94,139.71,140.75,152,25,0
1709053200,140.75,140.97,138.94,139.28,278,24,0
1709056800,139.29,139.99,139.29,139.87,189,20,0
1709060400,139.87,139.94,138.59,139.03,174,20,0
1709064000,139.03,139.28,138.74,139.10,175,20,0
1709067600,139.10,139.54,138.98,139.45,263,20,0
1709071200,139.45,139.45,138.47,139.05,243,20,0
1709136000,138.85,139.72,138.15,138.45,382,22,0
1709139600,138.45,139.56,138.38,139.25,733,20,0
1709143200,139.25,140.19,139.16,140.00,647,20,0
1709146800,140.00,140.00,139.47,139.48,591,20,0
1709150400,139.48,139.76,139.41,139.67,356,20,0
1709154000,139.67,140.00,139.50,139.65,557,20,0
1709157600,139.65,140.06,139.59,139.77,849,20,0
1709222400,140.16,140.33,139.13,140.17,228,35,0
1709226000,140.17,140.36,139.63,139.65,572,27,0
1709229600,139.65,139.97,139.14,139.59,241,24,0
1709233200,139.59,139.75,139.03,139.43,218,20,0
1709236800,139.40,139.74,138.33,138.34,348,20,0
1709240400,138.34,138.55,137.98,138.44,870,20,0
1709244000,138.44,139.27,138.41,138.50,768,20,0
1709308800,138.79,139.22,138.04,138.38,261,23,0
1709312400,138.38,139.11,137.98,138.42,762,20,0
1709316000,138.42,138.64,138.05,138.41,422,20,0
1709319600,138.41,138.60,138.28,138.42,235,20,0
1709323200,138.42,139.16,138.42,138.91,298,20,0
1709326800,138.91,139.81,138.90,139.74,643,20,0
1709330400,139.74,140.27,139.61,139.89,688,20,0
1709568000,138.79,139.19,138.15,139.04,132,41,0
1709571600,139.04,139.58,138.65,139.41,963,22,0
1709575200,139.41,139.68,139.37,139.68,398,20,0
1709578800,139.68,139.94,139.56,139.58,373,21,0
1709582400,139.58,139.69,139.25,139.56,477,20,0
1709586000,139.56,139.72,139.23,139.48,651,20,0
1709589600,139.48,139.58,138.10,138.40,439,20,0
1709654400,138.21,138.56,137.17,138.30,450,25,0
1709658000,138.36,138.62,136.46,136.65,836,20,0
1709661600,136.65,137.36,136.65,137.10,758,24,0
1709665200,137.10,137.74,136.98,137.72,440,23,0
1709668800,137.72,138.08,137.25,137.25,455,20,0
1709672400,137.25,137.57,136.62,137.05,576,20,0
1709676000,137.05,137.32,136.59,137.12,981,20,0
1709740800,137.40,137.40,136.67,136.69,114,31,0
1709744400,136.69,137.82,136.54,137.35,323,21,0
1709748000,137.35,137.53,136.86,137.11,661,23,0
1709751600,137.11,137.17,136.54,136.72,262,23,0
1709755200,136.72,136.77,135.78,136.23,243,20,0
1709758800,136.20,136.47,135.94,136.06,208,22,0
1709762400,136.06,137.07,135.98,137.06,380,20,0
1709827200,136.87,137.56,136.27,137.13,414,29,0
1709830800,137.16,138.22,137.08,137.97,443,21,0
1709834400,137.97,138.49,137.79,138.29,428,20,0
1709838000,138.29,138.75,138.03,138.37,474,20,0
1709841600,138.37,138.79,138.12,138.78,280,20,0
1709845200,138.78,139.17,138.54,139.06,377,20,0
1709848800,139.06,139.18,138.66,138.94,1044,20,0
1709913600,138.80,138.97,137.70,138.97,354,38,0
1709917200,138.97,140.16,138.96,139.86,707,20,0
1709920800,139.86,139.94,139.20,139.56,829,24,0
1709924400,139.54,139.75,138.93,138.94,740,20,0
1709928000,138.94,139.09,138.20,138.72,302,20,0
1709931600,138.72,139.94,138.72,139.70,371,20,0
1709935200,139.97,140.04,138.86,139.38,1014,20,0
1710172800,139.84,141.63,139.84,141.53,366,26,0
1710176400,141.53,141.73,140.06,140.45,464,20,0
1710180000,140.45,140.45,140.00,140.19,1080,25,0
1710183600,140.19,140.26,139.32,139.62,681,20,0
1710187200,139.62,140.01,139.62,139.70,635,20,0
1710190800,139.70,140.11,139.25,140.11,773,20,0
1710194400,140.11,140.11,136.39,137.89,13,21,0
1710255600,140.72,141.44,140.51,140.89,204,24,0
1710259200,140.89,141.31,140.79,141.03,528,21,0
1710262800,141.02,141.39,140.96,141.15,215,20,0
1710266400,141.15,141.15,140.36,140.40,276,20,0
1710270000,140.40,140.64,140.01,140.54,127,20,0
1710273600,140.54,140.64,140.03,140.26,143,20,0
1710277200,140.26,140.46,139.83,139.84,281,20,0
1710342000,139.20,140.36,139.06,140.27,350,31,0
1710345600,140.27,140.31,139.42,140.00,674,20,0
1710349200,140.02,140.64,139.78,139.87,710,20,0
1710352800,139.87,140.36,139.51,140.36,663,20,0
1710356400,140.36,140.49,140.25,140.26,700,20,0
1710360000,140.25,140.28,139.82,139.95,501,20,0
1710363600,139.96,139.98,139.26,139.93,868,20,0
1710428400,140.79,141.29,140.31,140.92,246,28,0
1710432000,140.90,141.41,140.33,140.48,477,31,0
1710435600,140.45,141.13,139.77,140.69,676,21,0
1710439200,140.67,140.92,140.42,140.69,416,20,0
1710442800,140.69,140.92,140.21,140.67,246,25,0
1710446400,140.66,141.19,140.65,140.78,277,20,0
1710450000,140.78,140.78,139.94,140.41,627,20,0
1710514800,140.55,140.55,137.41,138.02,356,20,0
1710518400,138.02,138.69,137.65,138.21,561,20,0
1710522000,138.21,138.70,137.94,137.96,293,23,0
1710525600,137.98,138.22,137.61,137.74,264,20,0
1710529200,137.74,137.86,137.34,137.67,232,20,0
1710532800,137.70,137.70,137.08,137.12,351,20,0
1710536400,137.11,137.15,136.06,136.54,1237,20,0
1710774000,137.61,138.19,136.62,137.02,296,41,0
1710777600,137.03,138.14,137.03,137.86,254,23,0
1710781200,137.88,138.20,137.61,138.10,328,21,0
1710784800,138.10,138.26,137.53,137.78,310,23,0
1710788400,137.78,138.48,137.77,138.29,270,23,0
1710792000,138.29,138.43,138.10,138.28,184,25,0
1710795600,138.06,138.30,137.34,137.86,377,20,0
1710860400,138.09,138.76,137.66,138.55,339,39,0
1710864000,138.55,138.79,138.07,138.36,462,20,0
1710867600,138.36,138.57,137.91,138.18,320,24,0
1710871200,138.33,139.32,138.19,139.19,369,20,0
1710874800,139.19,140.02,139.13,139.91,394,20,0
1710878400,139.91,140.03,139.75,139.94,405,25,0
1710882000,139.94,140.15,139.77,140.11,689,20,0
1710946800,140.83,141.18,139.94,141.18,365,21,0
1710950400,141.18,141.31,140.25,140.85,470,20,0
1710954000,140.85,141.53,140.53,141.53,555,20,0
1710957600,141.60,142.46,141.60,142.22,388,20,0
1710961200,142.22,143.13,142.13,142.81,317,20,0
1710964800,142.77,144.90,142.77,144.44,957,22,0
1710968400,144.44,144.59,142.66,143.07,1415,20,0
1711033200,143.82,144.26,143.29,143.66,140,33,0
1711036800,143.66,145.13,143.37,145.05,225,20,0
1711040400,145.03,145.82,145.03,145.66,148,20,0
1711044000,145.66,146.15,145.18,145.99,232,20,0
1711047600,145.99,145.99,145.11,145.27,241,20,0
1711051200,145.27,145.55,144.93,145.35,570,20,0
1711054800,145.51,145.96,145.17,145.73,864,20,0
1711119600,145.05,145.27,144.18,144.22,280,31,0
1711123200,144.22,144.95,144.22,144.34,1112,25,0
1711126800,144.34,144.82,144.11,144.72,486,20,0
1711130400,144.72,145.02,144.62,144.96,278,20,0
1711134000,144.96,145.52,144.80,145.42,735,20,0
1711137600,145.43,145.62,145.07,145.10,493,20,0
1711141200,145.10,145.24,144.37,144.74,644,20,0
1711378800,144.46,144.46,142.91,143.70,425,29,0
1711382400,143.80,144.22,142.53,143.21,548,20,0
1711386000,143.21,144.01,143.00,143.97,347,20,0
1711389600,143.97,144.21,143.90,144.05,218,26,0
1711393200,144.05,144.85,144.05,144.69,186,20,0
1711396800,144.69,144.81,144.55,144.78,146,23,0
1711400400,144.78,145.03,144.48,145.01,423,20,0
1711465200,145.31,146.28,145.28,145.85,416,23,0
1711468800,145.85,146.77,145.85,146.71,528,20,0
1711472400,146.71,147.38,146.47,146.68,575,20,0
1711476000,146.68,146.71,145.67,145.74,413,27,0
1711479600,145.75,146.58,145.56,146.38,453,20,0
1711483200,146.38,146.54,145.94,146.48,299,20,0
1711486800,146.48,146.54,145.55,146.26,648,20,0
1711551600,146.69,147.03,146.34,146.60,354,38,0
1711555200,146.60,147.22,146.38,146.93,664,25,0
1711558800,146.93,147.23,146.62,146.74,520,20,0
1711562400,146.74,147.47,146.66,147.35,495,20,0
1711566000,147.35,147.74,147.10,147.29,321,20,0
1711569600,147.29,148.34,146.70,146.78,523,20,0
1711573200,146.78,147.08,145.90,146.75,663,20,0
1711638000,147.19,147.26,145.88,147.18,289,38,0
1711641600,147.22,147.67,146.10,146.14,515,20,0
1711645200,146.19,146.55,145.72,146.10,490,20,0
1711648800,146.10,146.16,145.34,145.50,433,24,0
1711652400,145.50,145.50,145.11,145.29,388,20,0
1711656000,145.29,145.60,145.11,145.59,418,20,0
1711659600,145.59,145.59,144.64,145.03,576,20,0
1711987200,145.46,145.57,144.19,144.38,349,25,0
1711990800,144.38,144.52,143.54,143.55,591,21,0
1711994400,143.55,143.59,142.19,142.35,780,20,0
1711998000,142.35,142.75,141.94,142.11,386,22,0
1712001600,142.11,142.26,141.75,142.07,311,28,0
1712005200,142.07,142.45,141.91,142.14,292,30,0
1712008800,142.14,142.83,141.76,142.45,673,20,0
1712073600,141.40,141.44,140.54,141.32,166,41,0
1712077200,141.36,141.59,140.95,141.32,416,20,0
1712080800,141.28,141.71,141.12,141.12,256,23,0
1712084400,141.12,142.98,141.12,142.73,296,20,0
1712088000,142.73,143.01,142.33,142.33,171,23,0
1712091600,142.33,142.36,141.86,142.05,132,21,0
1712095200,142.07,143.03,142.07,142.58,328,20,0
1712160000,142.93,144.99,142.93,144.70,461,23,0
1712163600,144.69,145.50,144.69,144.98,617,21,0
1712167200,144.98,145.52,144.77,144.83,544,24,0
1712170800,144.83,145.33,144.61,145.19,404,24,0
1712174400,145.19,145.56,145.13,145.42,384,20,0
1712178000,145.42,145.46,144.99,145.01,300,23,0
1712181600,145.01,145.30,144.68,145.23,528,20,0
1712246400,146.03,146.28,144.71,144.84,414,41,0
1712250000,144.84,145.56,144.69,145.41,1014,24,0
1712253600,145.41,146.44,145.36,146.16,555,24,0
1712257200,146.16,146.50,145.91,145.96,536,24,0
1712260800,145.96,146.50,145.82,145.82,399,20,0
1712264400,145.82,145.82,143.14,143.14,919,23,0
1712268000,143.14,143.32,140.59,140.70,1439,20,0
1712332800,141.29,143.36,140.90,142.37,400,32,0
1712336400,142.40,143.00,141.70,142.93,600,21,0
1712340000,142.93,143.31,142.81,142.95,223,23,0
1712343600,142.94,144.30,142.85,144.16,421,20,0
1712347200,144.16,144.27,143.76,143.76,198,25,0
1712350800,143.76,144.11,143.50,143.75,281,22,0
1712354400,143.75,144.15,143.68,143.86,358,20,0
1712592000,143.85,144.32,143.22,143.54,373,41,0
1712595600,143.54,143.85,143.38,143.67,542,22,0
1712599200,143.67,144.35,143.45,144.15,821,28,0
1712602800,144.15,144.47,144.15,144.47,525,22,0
1712606400,144.47,144.69,144.02,144.25,612,20,0
1712610000,144.25,144.33,143.85,144.16,512,21,0
1712613600,144.16,144.39,143.50,143.98,742,20,0
1712678400,144.60,144.60,141.91,142.29,433,21,0
1712682000,142.29,142.54,141.01,141.28,743,20,0
1712685600,141.25,142.94,141.25,142.66,649,27,0
1712689200,142.66,143.00,142.56,142.56,371,26,0
1712692800,142.56,142.69,142.07,142.20,341,28,0
1712696400,142.20,142.58,142.06,142.22,286,20,0
1712700000,142.22,143.20,142.01,143.19,631,20,0
1712764800,142.44,143.27,141.65,142.62,490,20,0
1712768400,142.62,144.47,142.57,143.72,912,22,0
1712772000,143.71,144.10,143.24,143.65,529,28,0
1712775600,143.65,143.73,143.29,143.52,640,21,0
1712779200,143.52,143.64,142.53,142.58,505,25,0
1712782800,142.57,142.83,142.10,142.10,472,20,0
1712786400,142.10,143.33,141.98,143.16,688,23,0
1712851200,142.99,143.77,142.79,143.70,232,41,0
1712854800,143.70,143.74,142.79,143.57,585,20,0
1712858400,143.57,144.81,143.43,144.81,444,23,0
1712862000,144.81,145.26,144.79,144.86,849,20,0
1712865600,144.77,145.26,144.38,145.03,469,20,0
1712869200,145.03,146.07,145.03,145.75,372,24,0
1712872800,145.75,146.02,145.30,145.36,400,20,0
1712937600,142.64,144.09,142.39,142.85,324,29,0
1712941200,142.79,142.85,141.41,141.41,591,20,0
1712944800,141.41,141.81,141.15,141.54,396,30,0
1712948400,141.54,141.54,140.96,141.25,359,26,0
1712952000,141.25,141.37,140.15,140.90,362,28,0
1712955600,140.83,141.06,140.52,140.62,335,23,0
1712959200,140.62,141.21,140.48,141.18,877,20,0
1713196800,142.57,144.86,142.53,143.66,220,36,0
1713200400,143.66,143.90,141.27,141.28,435,24,0
1713204000,141.28,141.80,140.93,141.25,421,25,0
1713207600,141.25,141.52,140.84,141.06,210,23,0
1713211200,141.06,141.21,139.09,139.52,337,25,0
1713214800,139.51,139.70,139.18,139.55,290,23,0
1713218400,139.48,139.68,138.99,139.38,436,20,0
1713283200,138.59,139.92,138.06,138.80,295,41,0
1713286800,138.78,138.85,137.77,138.32,1023,20,0
1713290400,138.36,139.07,138.16,138.79,595,20,0
1713294000,138.79,138.88,138.52,138.60,484,22,0
1713297600,138.60,138.81,138.23,138.47,485,28,0
1713301200,138.47,139.40,138.30,138.81,625,20,0
1713304800,138.82,139.21,138.58,138.60,645,20,0
1713369600,138.82,139.42,138.20,138.66,424,39,0
1713373200,138.67,138.74,137.63,137.96,656,20,0
1713376800,137.93,138.49,137.61,137.79,278,23,0
1713380400,137.63,137.84,137.19,137.54,296,24,0
1713384000,137.54,138.11,137.54,137.89,202,23,0
1713387600,137.89,138.54,137.79,137.95,251,26,0
1713391200,137.95,138.26,137.50,137.52,542,20,0
1713456000,138.78,138.78,137.53,138.30,276,27,0
1713459600,138.24,139.22,138.15,138.90,791,24,0
1713463200,138.95,139.25,138.24,138.38,510,23,0
1713466800,138.37,138.43,137.83,137.83,448,22,0
1713470400,137.94,138.00,137.16,137.27,431,20,0
1713474000,137.27,137.57,136.78,136.90,412,26,0
1713477600,136.90,137.38,136.86,137.14,836,20,0
1713542400,138.09,138.75,137.54,138.65,427,30,0
1713546000,138.65,138.99,137.63,137.72,594,24,0
1713549600,137.72,137.96,137.09,137.09,315,20,0
1713553200,137.09,137.18,136.34,136.68,382,22,0
1713556800,136.66,137.19,136.63,136.97,405,20,0
1713560400,136.97,136.97,136.15,136.24,499,20,0
1713564000,136.24,136.64,136.06,136.52,744,20,0
1713801600,137.22,138.04,137.06,137.23,263,38,0
1713805200,137.20,137.64,136.83,137.09,657,20,0
1713808800,137.09,137.69,136.68,137.52,670,20,0
1713812400,137.52,138.30,137.52,138.11,394,23,0
1713816000,138.11,139.31,138.11,139.11,454,24,0
1713819600,139.12,139.54,138.82,138.83,447,22,0
1713823200,138.83,139.01,138.14,138.35,1687,20,0
1713888000,138.54,139.65,138.54,139.26,282,35,0
1713891600,139.14,140.63,138.49,140.62,604,22,0
1713895200,140.59,141.14,140.40,140.50,404,28,0
1713898800,140.50,141.05,140.46,140.77,458,20,0
1713902400,140.77,141.16,140.72,141.13,481,22,0
1713906000,141.13,141.83,141.13,141.28,414,20,0
1713909600,141.28,141.34,140.91,141.02,818,20,0
1713974400,140.89,142.18,140.29,141.33,414,32,0
1713978000,141.12,141.53,140.82,141.04,464,27,0
1713981600,141.04,141.04,140.22,140.39,400,20,0
1713985200,140.39,140.57,139.97,140.37,372,21,0
1713988800,140.35,140.98,140.26,140.75,401,21,0
1713992400,140.76,140.78,140.21,140.30,471,23,0
1713996000,140.30,140.71,140.06,140.54,673,20,0
1714060800,140.41,140.41,139.20,139.30,162,41,0
1714064400,139.30,139.64,138.47,138.87,216,22,0
1714068000,138.87,140.02,138.87,139.92,454,23,0
1714071600,139.92,140.67,139.88,140.38,763,25,0
1714075200,140.38,140.86,139.94,140.86,914,20,0
1714078800,140.86,140.86,139.92,140.34,1156,20,0
1714082400,140.34,140.74,139.73,140.02,219,20,0
1714147200,139.35,141.41,139.35,141.11,318,29,0
1714150800,141.16,141.58,140.49,140.98,451,28,0
1714154400,140.99,141.41,140.68,140.90,511,30,0
1714158000,140.90,141.35,140.64,141.19,321,21,0
1714161600,141.19,141.19,140.52,140.67,324,28,0
1714165200,140.67,140.87,140.45,140.64,416,22,0
1714168800,140.64,140.94,140.51,140.58,473,20,0
1714406400,141.49,141.49,139.79,140.01,216,29,0
1714410000,140.05,140.63,139.24,139.51,498,22,0
1714413600,139.52,139.81,139.31,139.80,486,31,0
1714417200,139.80,140.09,139.70,139.98,326,32,0
1714420800,139.98,140.30,139.98,140.22,367,33,0
1714424400,140.23,140.23,139.81,140.14,507,23,0
1714428000,140.14,140.57,139.62,140.46,808,20,0
1714492800,140.07,140.35,139.47,139.91,356,41,0
1714496400,139.91,140.50,139.75,140.32,877,28,0
1714500000,140.26,140.34,139.11,139.31,911,20,0
1714503600,139.31,139.50,138.87,139.13,1748,20,0
1714507200,139.13,139.38,138.87,139.21,1447,20,0
1714510800,139.21,139.42,138.54,138.58,1717,20,0
1714514400,138.58,138.83,137.64,138.02,1613,20,0
1714579200,137.84,138.19,136.29,136.47,271,41,0
1714582800,136.43,137.02,136.14,136.35,1137,22,0
1714586400,136.35,136.77,136.00,136.41,1532,30,0
1714590000,136.41,137.00,136.37,136.62,1067,26,0
1714593600,136.62,137.19,136.43,137.19,1186,21,0
1714597200,137.26,138.59,136.49,138.38,1843,28,0
1714600800,138.38,139.15,136.47,136.56,1512,20,0
1714665600,137.33,137.49,135.73,136.48,416,31,0
1714669200,136.64,137.02,135.69,136.65,823,24,0
1714672800,136.65,136.87,135.61,136.07,626,28,0
1714676400,136.07,137.28,136.02,137.09,1085,20,0
1714680000,137.07,137.58,136.43,136.82,533,25,0
1714683600,136.91,137.84,136.85,137.84,735,20,0
1714687200,137.84,139.24,137.60,139.24,1577,20,0
1714752000,146.80,149.64,146.22,147.79,339,28,0
1714755600,147.67,148.46,145.99,146.57,803,28,0
1714759200,146.57,146.63,144.94,145.10,611,28,0
1714762800,145.10,145.34,144.12,144.12,827,30,0
1714766400,144.12,144.12,143.05,143.07,1511,20,0
1714770000,143.07,144.00,142.99,143.14,1369,22,0
1714773600,143.14,143.66,142.65,142.89,1101,20,0
1715011200,144.53,144.53,141.11,141.69,194,40,0
1715014800,141.69,142.10,140.69,141.59,233,25,0
1715018400,141.59,141.94,141.32,141.55,207,27,0
1715022000,141.54,141.71,140.74,141.71,876,20,0
1715025600,141.71,143.08,141.71,142.98,229,27,0
1715029200,142.98,142.98,141.50,141.58,236,22,0
1715032800,141.58,143.72,141.58,143.66,889,20,0
1715097600,143.00,143.40,142.08,143.40,364,22,0
1715101200,143.40,144.13,142.63,143.98,633,24,0
1715104800,143.98,144.46,143.45,143.51,432,22,0
1715108400,143.51,143.78,143.08,143.43,342,23,0
1715112000,143.43,144.33,143.34,144.24,421,20,0
1715115600,144.24,144.66,143.89,144.54,614,20,0
1715119200,144.54,144.70,143.79,144.17,869,20,0
1715184000,143.82,144.71,143.13,144.29,334,21,0
1715187600,144.32,145.82,144.16,145.36,817,23,0
1715191200,145.36,145.66,144.84,145.59,811,20,0
1715194800,145.59,145.77,144.51,144.66,557,20,0
1715198400,144.66,145.18,144.48,144.99,500,20,0
1715202000,144.99,145.86,144.94,145.77,467,20,0
1715205600,145.77,146.33,145.65,146.33,989,20,0
1715270400,145.64,146.91,145.61,146.91,347,41,0
1715274000,146.91,148.93,146.78,148.68,1056,25,0
1715277600,148.68,149.54,148.68,149.25,1095,25,0
1715281200,149.25,149.94,149.10,149.94,1085,20,0
1715284800,149.94,151.24,149.93,150.86,900,20,0
1715288400,150.86,151.83,150.74,150.96,888,20,0
1715292000,150.96,151.51,150.53,151.22,1111,20,0
1715356800,151.50,151.76,150.78,151.59,211,22,0
1715360400,151.59,152.01,150.74,151.13,469,20,0
1715364000,151.13,151.67,151.13,151.67,388,24,0
1715367600,151.67,152.21,151.67,151.77,372,30,0
1715371200,151.77,152.00,151.48,151.63,361,27,0
1715374800,151.65,151.80,151.16,151.53,576,21,0
1715378400,151.53,152.26,151.51,152.04,892,20,0
1715616000,152.40,152.40,150.15,150.48,398,30,0
1715619600,150.48,150.55,149.78,149.90,522,20,0
1715623200,149.90,150.15,149.53,150.04,448,24,0
1715626800,150.04,150.14,149.17,149.19,399,25,0
1715630400,149.20,149.36,148.78,148.82,527,20,0
1715634000,148.82,149.52,148.50,149.11,680,20,0
1715637600,149.11,149.99,149.11,149.70,941,20,0
1715702400,149.03,150.04,148.90,149.35,405,41,0
1715706000,149.35,150.17,149.35,149.60,565,24,0
1715709600,149.64,150.05,149.29,149.36,420,25,0
1715713200,149.36,149.59,149.30,149.59,298,20,0
1715716800,149.59,149.95,149.42,149.95,392,22,0
1715720400,149.95,150.70,149.95,150.55,407,20,0
1715724000,150.55,150.93,150.55,150.73,618,20,0
1715788800,151.30,151.67,150.82,151.03,204,38,0
1715792400,151.02,151.21,150.73,150.73,407,26,0
1715796000,150.73,150.78,150.19,150.19,462,30,0
1715799600,150.18,150.66,149.94,150.36,867,23,0
1715803200,150.36,150.95,150.36,150.73,773,23,0
1715806800,150.73,151.11,150.73,150.93,664,20,0
1715810400,150.93,151.57,150.91,151.57,930,20,0
1715875200,151.07,151.45,150.88,150.90,317,41,0
1715878800,150.90,151.07,150.29,150.90,624,24,0
1715882400,150.92,151.58,150.86,151.16,475,25,0
1715886000,151.16,151.76,151.01,151.46,366,20,0
1715889600,151.46,151.46,150.35,150.56,412,20,0
1715893200,150.57,150.57,149.36,149.36,404,20,0
1715896800,149.36,149.82,149.22,149.30,842,20,0
1715961600,149.69,150.03,149.19,149.19,208,41,0
1715965200,149.19,149.25,148.65,148.84,549,32,0
1715968800,148.84,148.84,148.07,148.26,469,20,0
1715972400,148.22,148.37,147.86,148.18,303,25,0
1715976000,148.18,148.38,147.53,147.65,328,20,0
1715979600,147.65,147.86,147.34,147.75,535,20,0
1715983200,147.75,148.19,147.57,148.19,735,20,0
1716220800,148.11,148.56,147.61,148.07,241,40,0
1716224400,148.07,148.36,147.72,148.09,330,30,0
1716228000,148.09,148.71,148.09,148.25,378,20,0
1716231600,148.25,149.68,148.25,149.54,260,20,0
1716235200,149.54,149.98,149.38,149.46,341,20,0
1716238800,149.46,150.35,149.46,149.92,353,25,0
1716242400,149.92,150.74,149.86,150.74,694,20,0
1716307200,149.74,151.14,149.69,151.14,261,33,0
1716310800,151.14,151.86,151.13,151.37,534,24,0
1716314400,151.38,151.75,151.29,151.50,535,23,0
1716318000,151.50,151.55,150.84,151.33,367,23,0
1716321600,151.33,152.26,151.26,152.16,524,20,0
1716325200,152.16,152.17,151.34,151.58,530,20,0
1716328800,151.58,152.97,151.58,152.83,952,20,0
1716393600,153.28,154.01,152.99,153.79,383,23,0
1716397200,153.79,153.80,153.32,153.43,523,20,0
1716400800,153.42,153.73,152.93,153.09,332,20,0
1716404400,153.09,153.37,152.78,153.15,261,21,0
1716408000,153.15,153.29,152.45,152.89,352,23,0
1716411600,152.86,152.86,151.73,151.99,426,26,0
1716415200,151.99,152.88,151.84,152.87,601,20,0
1716480000,153.56,153.56,152.53,152.75,198,35,0
1716483600,152.73,152.73,150.90,151.03,420,24,0
1716487200,151.13,151.73,151.10,151.22,251,23,0
1716490800,151.22,151.35,150.97,151.04,187,27,0
1716494400,151.04,151.49,150.48,150.48,301,24,0
1716498000,150.48,150.48,149.19,149.19,214,23,0
1716501600,149.19,150.48,149.19,150.06,300,20,0
1716566400,151.04,151.16,150.14,150.14,253,28,0
1716570000,150.18,150.92,149.92,150.72,457,31,0
1716573600,150.72,151.63,150.71,151.58,347,20,0
1716577200,151.58,151.78,151.44,151.45,274,23,0
1716580800,151.48,151.92,151.35,151.85,360,23,0
1716584400,151.75,152.26,151.72,151.74,707,20,0
1716588000,151.71,151.84,151.42,151.75,1762,20,0
1716912000,151.61,151.79,150.65,151.72,238,41,0
1716915600,151.72,152.46,151.65,152.00,445,29,0
1716919200,151.96,152.01,151.20,151.31,324,31,0
1716922800,151.31,151.37,150.73,150.88,295,21,0
1716926400,150.87,151.68,150.85,151.41,429,26,0
1716930000,151.41,151.59,150.62,150.64,407,25,0
1716933600,150.64,151.54,150.40,151.54,641,20,0
1716998400,150.57,150.57,149.21,150.40,383,30,0
1717002000,150.40,150.83,149.58,150.09,495,21,0
1717005600,150.09,150.10,149.35,149.61,327,20,0
1717009200,149.61,150.13,149.35,150.13,258,21,0
1717012800,150.13,150.13,149.19,149.97,262,24,0
1717016400,149.97,150.01,149.28,149.45,255,24,0
1717020000,149.45,150.07,149.26,149.31,731,20,0
1717084800,149.94,149.94,147.97,148.68,358,29,0
1717088400,148.64,148.97,148.24,148.37,432,23,0
1717092000,148.37,149.46,148.10,149.18,227,25,0
1717095600,149.18,149.99,149.11,149.81,344,20,0
1717099200,149.81,150.46,149.67,150.29,813,23,0
1717102800,150.29,150.40,149.60,149.75,1080,29,0
1717106400,149.80,150.17,149.37,150.17,482,20,0
1717171200,149.49,150.63,149.43,149.63,358,41,0
1717174800,149.63,150.19,148.54,148.64,799,24,0
1717178400,148.64,149.11,148.43,148.52,528,21,0
1717182000,148.52,148.92,148.28,148.63,615,20,0
1717185600,148.63,149.41,148.62,149.20,417,21,0
1717189200,149.20,149.27,148.86,149.08,448,24,0
1717192800,149.08,151.14,149.00,150.98,745,20,0
1717430400,150.90,151.23,150.10,150.33,256,38,0
1717434000,150.27,150.49,149.08,149.47,566,23,0
1717437600,149.47,149.73,149.38,149.42,446,23,0
1717441200,149.42,149.56,148.47,148.83,460,20,0
1717444800,148.68,149.94,148.42,149.78,363,20,0
1717448400,149.78,149.82,149.42,149.63,489,20,0
1717452000,149.63,150.48,149.43,150.48,833,20,0
1717516800,150.67,152.02,150.37,151.53,105,30,0
1717520400,151.63,152.79,151.02,151.02,550,20,0
1717524000,151.02,151.38,150.94,150.95,292,20,0
1717527600,150.95,150.97,150.43,150.78,182,32,0
1717531200,150.78,151.22,150.77,151.06,204,25,0
1717534800,151.10,152.34,150.96,151.99,216,20,0
1717538400,151.99,151.99,150.99,151.82,268,20,0
1717603200,151.85,153.23,150.84,150.99,422,21,0
1717606800,150.98,151.96,150.07,151.62,528,36,0
1717610400,151.66,152.69,151.66,152.69,606,24,0
1717614000,152.72,153.36,152.72,153.36,586,20,0
1717617600,153.36,153.36,152.78,152.87,114,26,0
1717621200,152.87,153.10,152.52,152.81,395,20,0
1717624800,152.77,153.19,152.34,153.09,273,20,0
1717689600,152.78,153.66,152.78,153.06,215,39,0
1717693200,153.06,153.94,152.74,153.47,469,22,0
1717696800,153.47,153.55,152.75,152.78,362,31,0
1717700400,152.78,153.16,152.74,152.89,412,33,0
1717704000,152.87,153.04,152.50,152.50,355,23,0
1717707600,152.50,152.50,151.94,152.28,337,23,0
1717711200,152.28,152.40,151.94,152.32,420,20,0
1717776000,151.05,151.43,150.91,151.00,143,41,0
1717779600,150.96,151.69,150.53,151.13,271,25,0
1717783200,151.12,151.18,150.64,150.87,173,32,0
1717786800,150.87,152.05,150.87,151.94,142,22,0
1717790400,151.94,152.04,151.43,151.43,120,24,0
1717794000,151.43,151.91,150.86,151.91,159,27,0
1717797600,151.91,152.62,151.53,152.46,171,20,0
1718035200,152.52,152.52,149.80,150.48,494,24,0
1718038800,150.44,151.02,150.35,150.56,403,23,0
1718042400,150.56,151.21,150.46,150.85,434,20,0
1718046000,150.85,151.09,150.46,150.84,361,20,0
1718049600,150.84,151.38,150.76,151.22,290,20,0
1718053200,151.23,151.84,151.22,151.61,499,20,0
1718056800,151.61,152.02,151.33,151.40,701,20,0
1718121600,151.45,151.82,150.50,151.03,395,37,0
1718125200,150.87,152.36,150.84,152.33,598,21,0
1718128800,152.36,152.36,151.46,151.90,1270,23,0
1718132400,151.87,152.05,151.20,151.42,2044,28,0
1718136000,151.42,151.57,151.12,151.33,590,20,0
1718139600,151.33,151.98,151.33,151.48,588,21,0
1718143200,151.48,151.70,151.14,151.49,621,20,0
1718208000,152.24,155.05,152.22,154.97,160,24,0
1718211600,154.97,156.16,154.81,154.90,417,20,0
1718215200,154.87,155.33,154.75,154.98,151,28,0
1718218800,154.98,155.15,154.69,154.75,141,29,0
1718222400,154.85,155.18,154.68,154.73,139,32,0
1718226000,154.68,155.39,154.51,155.12,251,20,0
1718229600,155.12,155.67,154.67,154.81,489,20,0
1718294400,153.81,154.64,152.77,153.07,355,41,0
1718298000,152.98,154.43,152.85,154.43,542,30,0
1718301600,154.31,154.47,153.81,153.92,326,31,0
1718305200,153.92,154.12,153.77,154.11,426,41,0
1718308800,154.11,154.34,153.86,153.99,254,31,0
1718312400,153.99,154.16,153.70,154.03,272,25,0
1718316000,154.03,154.44,153.90,154.02,536,20,0
1718380800,153.65,153.65,152.52,152.91,244,39,0
1718384400,152.91,153.14,152.30,152.78,450,21,0
1718388000,152.78,153.45,152.74,153.45,426,26,0
1718391600,153.45,154.02,153.42,153.88,853,23,0
1718395200,153.88,154.15,153.83,153.91,773,29,0
1718398800,153.91,153.92,153.52,153.57,584,25,0
1718402400,153.57,154.26,153.57,154.26,682,20,0
1718640000,154.97,154.97,153.75,154.49,285,41,0
1718643600,154.49,154.88,154.15,154.68,511,35,0
1718647200,154.68,155.26,154.63,154.96,377,21,0
1718650800,154.96,155.62,154.96,155.55,782,20,0
1718654400,155.55,156.54,155.55,156.43,817,25,0
1718658000,156.43,157.28,156.40,157.26,586,29,0
1718661600,157.26,158.17,157.10,158.01,907,20,0
1718726400,158.05,158.45,157.49,157.60,394,26,0
1718730000,157.55,159.08,157.44,158.97,382,20,0
1718733600,158.97,159.29,158.56,159.05,438,20,0
1718737200,159.05,159.32,158.96,158.98,524,20,0
1718740800,158.98,158.98,158.14,158.63,496,21,0
1718744400,158.63,159.45,158.31,159.22,531,20,0
1718748000,159.22,159.46,158.37,158.86,940,20,0
1718899200,159.01,159.96,159.01,159.54,319,41,0
1718902800,159.54,159.73,158.58,159.72,630,20,0
1718906400,159.72,159.75,159.36,159.38,411,31,0
1718910000,159.41,159.74,159.16,159.38,416,25,0
1718913600,159.38,159.38,158.28,159.03,508,22,0
1718917200,159.04,159.55,158.91,158.92,565,20,0
1718920800,158.92,159.00,158.08,158.77,966,20,0
1718985600,158.44,158.72,157.37,158.00,449,41,0
1718989200,158.00,158.97,157.52,158.12,917,25,0
1718992800,158.13,158.41,158.09,158.41,345,24,0
1718996400,158.41,158.81,158.36,158.60,303,28,0
1719000000,158.60,159.00,158.57,158.87,283,29,0
1719003600,158.87,159.01,158.72,158.85,412,22,0
1719007200,158.85,159.56,158.80,159.41,712,20,0
1719244800,159.55,159.55,158.15,159.43,111,35,0
1719248400,159.43,160.44,159.29,159.73,211,24,0
1719252000,159.81,159.81,159.25,159.41,137,35,0
1719255600,159.41,159.65,159.29,159.38,103,25,0
1719259200,159.38,159.64,159.30,159.41,133,24,0
1719262800,159.41,159.62,158.90,159.29,174,21,0
1719266400,159.27,159.77,158.90,159.06,241,20,0
1719331200,160.49,160.82,159.86,159.92,135,37,0
1719334800,159.92,160.80,159.88,160.03,865,20,0
1719338400,160.05,160.43,159.90,160.41,338,23,0
1719342000,160.41,160.44,159.30,159.30,283,27,0
1719345600,159.30,159.75,159.09,159.62,265,25,0
1719349200,159.62,160.22,159.62,159.93,251,31,0
1719352800,159.93,160.73,159.93,160.58,539,21,0
1719417600,159.65,159.85,159.05,159.29,164,37,0
1719421200,159.29,159.78,159.29,159.35,412,20,0
1719424800,159.35,160.02,159.02,160.02,476,24,0
1719428400,160.02,160.15,159.66,159.96,408,25,0
1719432000,159.96,159.96,159.55,159.62,262,21,0
1719435600,159.62,159.62,159.03,159.38,390,20,0
1719439200,159.38,159.60,158.74,159.10,622,20,0
1719504000,160.91,161.12,159.68,160.57,281,41,0
1719507600,160.69,161.23,160.13,160.77,537,33,0
1719511200,160.77,160.80,159.97,160.03,481,41,0
1719514800,160.03,160.21,159.94,159.95,334,38,0
1719518400,159.95,160.35,159.95,160.28,558,28,0
1719522000,160.28,160.28,159.97,160.06,437,23,0
1719525600,160.06,160.56,159.94,160.25,742,26,0
1719590400,160.46,160.82,159.77,159.86,220,37,0
1719594000,159.86,161.17,159.79,160.08,363,22,0
1719597600,160.06,160.13,159.12,159.98,374,33,0
1719601200,159.96,160.02,158.74,158.92,282,32,0
1719604800,158.95,159.28,158.05,158.17,455,25,0
1719608400,158.17,158.75,157.81,158.49,393,20,0
1719612000,158.69,159.14,157.89,158.08,419,20,0
1719849600,158.58,159.04,157.13,157.27,77,41,0
1719853200,157.27,157.33,155.25,155.60,225,24,0
1719856800,155.60,156.27,155.60,155.66,187,25,0
1719860400,155.66,155.85,155.48,155.48,148,31,0
1719864000,155.55,155.55,154.99,155.02,127,28,0
1719867600,155.02,155.02,154.65,154.78,257,20,0
1719871200,154.78,155.53,154.76,155.13,396,20,0
1719936000,155.19,156.03,155.19,155.77,224,41,0
1719939600,155.77,156.37,155.05,155.31,504,25,0
1719943200,155.26,155.80,155.06,155.75,384,26,0
1719946800,155.75,155.92,155.52,155.91,271,29,0
1719950400,155.91,156.55,155.91,156.43,337,23,0
1719954000,156.43,156.71,156.42,156.55,385,23,0
1719957600,156.55,156.80,156.34,156.52,535,22,0
1720022400,156.91,156.91,155.77,156.06,204,32,0
1720026000,156.01,157.25,156.00,156.98,401,25,0
1720029600,156.98,157.21,156.66,156.96,219,30,0
1720033200,156.96,157.05,156.44,156.44,237,23,0
1720036800,156.48,156.48,156.48,156.48,1,32,0
1720195200,157.49,157.49,156.30,156.67,159,35,0
1720198800,156.59,157.08,155.95,156.30,479,25,0
1720202400,156.26,156.78,156.15,156.60,230,26,0
1720206000,156.60,156.78,156.42,156.61,103,25,0
1720209600,156.58,156.82,156.51,156.82,80,34,0
1720213200,156.82,156.96,156.74,156.80,192,24,0
1720216800,156.80,157.14,156.77,157.05,322,20,0
1720454400,157.16,157.37,156.63,156.94,189,24,0
1720458000,156.94,156.94,156.50,156.52,331,20,0
1720461600,156.52,157.77,156.52,157.77,326,21,0
1720465200,157.77,158.88,157.76,158.88,417,20,0
1720468800,158.87,159.89,158.87,159.56,392,24,0
1720472400,159.56,159.56,158.86,159.06,362,23,0
1720476000,159.06,159.68,158.72,159.32,573,20,0
1720540800,159.22,159.94,158.85,159.10,134,38,0
1720544400,159.10,160.23,158.84,160.20,241,30,0
1720548000,160.20,160.39,159.99,160.01,220,33,0
1720551600,160.01,160.14,159.68,160.14,139,38,0
1720555200,160.14,160.23,159.94,160.00,141,25,0
1720558800,160.00,160.00,158.87,159.44,199,23,0
1720562400,159.44,159.92,158.89,159.02,210,20,0
1720627200,159.01,159.08,157.46,158.40,196,29,0
1720630800,158.46,158.82,158.10,158.19,271,28,0
1720634400,158.19,158.48,158.16,158.23,183,24,0
1720638000,158.23,158.48,158.16,158.24,107,20,0
1720641600,158.28,158.35,158.16,158.19,137,20,0
1720645200,158.19,158.51,158.19,158.33,122,20,0
1720648800,158.33,159.46,158.21,159.39,279,20,0
1720713600,158.94,159.34,158.42,158.49,353,31,0
1720717200,158.49,158.54,157.24,157.38,694,25,0
1720720800,157.38,157.76,157.31,157.69,675,26,0
1720724400,157.72,157.85,157.34,157.62,558,30,0
1720728000,157.62,157.75,157.31,157.70,447,20,0
1720731600,157.70,157.90,157.32,157.45,940,20,0
1720735200,157.35,157.50,156.98,157.40,1524,20,0
1720800000,157.95,159.38,157.95,159.28,258,24,0
1720803600,159.28,160.09,158.85,159.84,433,23,0
1720807200,159.84,160.45,159.83,160.28,502,23,0
1720810800,160.28,160.49,160.04,160.49,361,20,0
1720814400,160.56,161.43,160.56,161.35,428,34,0
1720818000,161.35,161.84,161.22,161.70,456,20,0
1720821600,161.69,161.93,160.48,160.88,657,20,0
1721059200,161.07,161.46,160.59,161.04,289,38,0
1721062800,161.04,162.81,160.89,162.67,353,20,0
1721066400,162.73,163.02,162.66,163.02,368,35,0
1721070000,163.02,163.13,162.48,162.86,417,20,0
1721073600,162.86,162.86,162.45,162.48,328,40,0
1721077200,162.48,163.37,162.40,163.29,380,24,0
1721080800,163.29,163.89,162.99,163.38,617,20,0
1721145600,164.04,165.17,163.92,165.08,236,41,0
1721149200,165.12,165.59,164.38,165.38,620,25,0
1721152800,165.38,165.47,164.97,165.25,395,24,0
1721156400,165.25,165.48,164.54,165.03,321,24,0
1721160000,165.02,165.29,164.93,165.01,277,26,0
1721163600,165.01,165.11,164.68,164.90,360,20,0
1721167200,164.90,165.31,164.54,164.63,558,24,0
1721232000,164.16,164.58,162.32,163.22,342,41,0
1721235600,163.22,163.42,162.20,162.26,531,26,0
1721239200,162.26,162.60,161.76,161.78,320,32,0
1721242800,161.78,161.81,161.16,161.54,478,25,0
1721246400,161.54,161.57,160.91,160.95,322,22,0
1721250000,160.95,160.95,160.08,160.16,431,24,0
1721253600,160.16,160.16,159.20,159.44,678,20,0
1721318400,159.88,160.51,159.54,160.33,230,37,0
1721322000,160.31,160.49,159.25,159.29,553,28,0
1721325600,159.29,159.31,156.20,156.50,958,26,0
1721329200,156.46,157.40,156.44,157.40,429,31,0
1721332800,157.40,157.56,156.81,156.86,412,20,0
1721336400,156.86,157.02,156.53,157.02,380,22,0
1721340000,157.02,157.48,156.29,157.04,598,22,0
1721404800,157.61,158.36,157.12,157.26,151,41,0
1721408400,157.26,158.34,157.10,157.60,211,31,0
1721412000,157.60,158.57,157.58,158.57,178,35,0
1721415600,158.57,158.80,158.15,158.42,169,30,0
1721419200,158.42,158.56,158.01,158.36,244,32,0
1721422800,158.36,158.52,158.13,158.41,147,32,0
1721426400,158.41,158.86,158.17,158.63,224,20,0
1721664000,158.68,159.13,157.92,158.26,409,41,0
1721667600,158.26,158.59,157.35,157.64,630,22,0
1721671200,157.64,158.18,156.88,156.88,423,20,0
1721674800,156.88,157.33,156.76,157.33,356,25,0
1721678400,157.33,157.49,156.73,157.15,828,28,0
1721682000,157.15,157.42,156.95,156.95,633,20,0
1721685600,156.79,156.88,156.07,156.08,1208,20,0
1721750400,156.28,157.24,156.28,156.65,173,32,0
1721754000,156.65,156.82,156.08,156.26,686,27,0
1721757600,156.26,157.19,156.26,157.06,523,21,0
1721761200,157.06,157.55,156.59,156.84,1086,26,0
1721764800,156.84,156.96,156.28,156.42,897,20,0
1721768400,156.42,157.13,156.42,157.12,352,20,0
1721772000,157.12,157.12,155.97,156.52,526,20,0
1721836800,154.73,155.04,152.89,153.02,350,41,0
1721840400,152.94,153.73,152.51,153.72,584,26,0
1721844000,153.60,153.64,152.99,153.26,713,20,0
1721847600,153.26,153.43,153.14,153.16,843,25,0
1721851200,153.16,153.72,153.14,153.43,687,20,0
1721854800,153.43,153.59,152.84,152.95,620,24,0
1721858400,152.95,153.37,151.93,151.94,1860,20,0
1721923200,151.40,151.52,147.69,147.78,632,41,0
1721926800,147.77,148.20,145.50,147.77,1187,24,0
1721930400,147.77,148.13,147.44,147.79,698,21,0
1721934000,147.79,148.36,147.50,147.78,737,25,0
1721937600,147.81,148.11,147.49,147.82,508,20,0
1721941200,147.82,148.14,147.11,147.12,975,20,0
1721944800,147.12,147.84,145.96,146.21,880,20,0
1722009600,147.39,147.86,146.37,146.68,290,36,0
1722013200,146.68,147.74,146.53,147.61,648,25,0
1722016800,147.50,148.01,146.99,147.79,482,27,0
1722020400,147.79,148.42,147.78,148.34,611,20,0
1722024000,148.31,148.43,147.48,147.78,236,23,0
1722027600,147.79,147.91,147.25,147.25,426,20,0
1722031200,147.24,147.85,147.06,147.81,278,20,0
1722268800,148.35,150.38,148.25,150.33,114,33,0
1722272400,150.33,150.57,149.77,149.99,317,29,0
1722276000,149.99,150.75,149.83,150.62,551,26,0
1722279600,150.62,151.69,150.62,151.41,833,20,0
1722283200,151.41,151.61,150.80,150.84,205,27,0
1722286800,150.84,151.08,150.26,150.37,270,27,0
1722290400,150.36,150.39,149.65,150.01,321,20,0
1722355200,150.26,151.47,150.08,150.16,146,31,0
1722358800,150.09,150.61,149.35,149.68,262,35,0
1722362400,149.65,149.66,148.34,148.60,332,28,0
1722366000,148.59,148.75,147.19,147.19,266,25,0
1722369600,147.17,147.95,147.11,147.95,244,30,0
1722373200,147.97,148.74,147.97,148.41,230,20,0
1722376800,148.41,148.89,148.12,148.63,337,20,0
1722441600,150.93,150.93,148.36,148.96,215,26,0
1722445200,148.90,149.51,148.52,148.62,616,20,0
1722448800,148.61,149.65,148.61,149.15,532,24,0
1722452400,149.26,149.33,149.01,149.01,143,20,0
1722456000,149.01,149.10,148.02,148.27,196,32,0
1722459600,148.12,149.35,147.94,149.09,396,20,0
1722463200,149.09,149.46,147.94,148.24,546,20,0
1722528000,149.43,149.69,147.57,149.14,267,31,0
1722531600,149.18,149.19,147.56,148.20,368,41,0
1722535200,148.15,148.30,146.12,146.49,247,24,0
1722538800,146.49,147.06,145.75,145.75,243,26,0
1722542400,145.75,146.06,145.20,146.06,171,23,0
1722546000,146.06,146.06,145.07,145.76,318,20,0
1722549600,145.65,148.15,145.43,145.72,512,20,0
1722614400,132.15,138.11,131.44,136.90,313,41,0
1722618000,136.90,137.85,134.63,135.04,524,36,0
1722621600,135.15,136.51,134.76,135.81,409,26,0
1722625200,135.81,135.81,134.04,134.35,459,22,0
1722628800,134.35,135.10,133.52,134.12,301,24,0
1722632400,134.12,134.13,133.19,133.57,494,20,0
1722636000,133.60,133.75,131.72,132.76,501,20,0
1722873600,128.43,130.03,127.40,129.03,140,20,0
1722877200,129.24,131.30,128.90,129.09,577,20,0
1722880800,129.09,131.64,128.74,131.50,913,20,0
1722884400,131.50,133.95,131.49,133.48,1238,20,0
1722888000,133.48,134.83,133.48,134.52,652,20,0
1722891600,134.52,134.60,133.50,133.69,1069,20,0
1722895200,133.69,135.34,133.69,135.17,904,20,0
1722960000,135.93,136.57,135.61,136.36,249,26,0
1722963600,136.36,138.43,136.27,138.35,810,20,0
1722967200,138.39,139.16,138.31,138.94,637,25,0
1722970800,138.94,139.16,138.00,139.10,1200,22,0
1722974400,139.14,139.36,138.15,138.47,1154,20,0
1722978000,138.47,138.66,137.37,137.77,1272,20,0
1722981600,137.76,138.30,136.26,136.46,869,20,0
1723046400,136.59,137.72,135.29,137.61,403,23,0
1723050000,137.57,138.73,136.13,136.28,535,20,0
1723053600,136.28,136.86,135.35,135.51,402,28,0
1723057200,135.54,135.77,134.55,134.70,304,24,0
1723060800,134.70,134.70,133.38,133.63,553,26,0
1723064400,133.82,133.82,132.60,132.60,405,22,0
1723068000,132.60,133.40,131.49,132.04,444,20,0
1723132800,132.89,133.46,132.34,133.46,259,36,0
1723136400,133.46,134.82,133.02,134.52,434,21,0
1723140000,134.52,135.03,134.01,134.80,226,20,0
1723143600,134.80,135.30,134.80,134.85,199,20,0
1723147200,134.85,134.93,134.09,134.67,228,23,0
1723150800,134.67,135.89,134.63,135.69,258,22,0
1723154400,135.66,136.02,135.04,135.71,353,20,0
1723219200,134.89,136.59,134.89,135.90,226,21,0
1723222800,135.90,136.93,135.84,136.72,654,22,0
1723226400,136.74,137.53,136.74,137.03,203,20,0
1723230000,137.03,137.18,136.56,137.01,197,21,0
1723233600,137.01,138.12,137.01,137.61,188,22,0
1723237200,137.61,137.93,136.88,136.92,322,25,0
1723240800,136.92,137.71,136.72,137.57,368,20,0
1723478400,137.59,138.56,135.93,136.12,558,39,0
1723482000,136.16,137.92,135.89,137.69,426,27,0
1723485600,137.68,138.52,136.71,137.42,336,30,0
1723489200,137.42,137.96,137.30,137.30,228,31,0
1723492800,137.30,137.65,137.03,137.50,214,30,0
1723496400,137.50,137.68,137.15,137.27,184,24,0
1723500000,137.27,137.45,136.92,137.45,239,20,0
1723564800,138.69,140.05,138.69,139.74,152,36,0
1723568400,139.91,140.86,139.71,140.83,284,26,0
1723572000,140.83,141.54,140.46,141.54,141,20,0
1723575600,141.54,142.27,141.42,142.05,135,20,0
1723579200,142.05,142.37,141.97,142.37,112,20,0
1723582800,142.37,142.70,142.11,142.39,158,20,0
1723586400,142.39,142.75,141.97,142.69,259,20,0
1723651200,142.45,144.34,142.17,143.79,253,28,0
1723654800,143.79,143.87,142.48,142.71,342,20,0
1723658400,142.71,143.40,142.22,143.32,168,20,0
1723662000,143.32,143.33,142.00,142.36,185,31,0
1723665600,142.36,142.99,142.34,142.89,163,27,0
1723669200,142.89,143.05,142.62,142.94,141,20,0
1723672800,142.94,143.00,142.50,142.63,226,20,0
1723737600,144.24,145.73,144.24,145.68,115,28,0
1723741200,145.68,145.94,144.20,144.35,413,23,0
1723744800,144.38,145.13,144.36,144.75,175,21,0
1723748400,144.71,144.93,144.14,144.26,172,20,0
1723752000,144.26,144.75,144.24,144.66,145,23,0
1723755600,144.66,144.77,144.31,144.76,145,20,0
1723759200,144.76,145.29,144.49,145.12,279,21,0
1723824000,144.78,145.38,143.43,143.44,276,29,0
1723827600,143.42,144.82,143.41,144.59,513,21,0
1723831200,144.57,145.22,144.55,145.05,291,20,0
1723834800,145.05,145.15,144.44,144.79,138,20,0
1723838400,144.79,144.94,144.39,144.80,161,20,0
1723842000,144.80,144.80,143.82,143.97,162,22,0
1723845600,144.01,144.54,143.80,144.54,344,20,0
1724083200,144.62,144.98,144.22,144.27,141,41,0
1724086800,144.27,146.15,144.19,146.03,243,29,0
1724090400,146.00,146.41,145.90,146.18,139,24,0
1724094000,146.18,147.09,146.13,147.01,135,21,0
1724097600,147.01,147.42,146.94,147.26,97,20,0
1724101200,147.26,147.74,147.01,147.59,119,22,0
1724104800,147.59,148.14,147.22,147.91,533,20,0
1724169600,147.60,148.53,147.32,148.18,210,41,0
1724173200,148.18,148.18,146.52,146.70,306,31,0
1724176800,146.70,148.48,146.70,148.48,152,29,0
1724180400,148.48,148.68,147.66,147.66,137,25,0
1724184000,147.66,148.18,147.24,148.05,147,20,0
1724187600,148.05,148.28,147.77,148.11,111,20,0
1724191200,148.11,148.19,147.54,147.94,159,20,0
1724256000,147.87,148.20,147.34,147.75,158,41,0
1724259600,147.75,148.45,147.16,147.87,436,24,0
1724263200,147.87,148.13,147.33,147.70,168,25,0
1724266800,147.70,148.50,147.56,148.42,141,20,0
1724270400,148.42,149.03,148.39,148.76,125,27,0
1724274000,148.76,149.15,148.67,149.02,167,24,0
1724277600,149.02,149.59,148.77,149.42,229,20,0
1724342400,150.42,151.15,149.74,150.56,195,36,0
1724346000,150.56,151.08,150.12,150.68,342,25,0
1724349600,150.65,151.06,150.35,150.64,390,22,0
1724353200,150.62,151.42,150.58,150.81,212,21,0
1724356800,150.81,151.04,150.55,150.67,145,23,0
1724360400,150.67,150.94,150.46,150.70,127,20,0
1724364000,150.70,150.95,150.34,150.64,223,20,0
1724428800,150.95,152.42,150.74,151.58,159,21,0
1724432400,151.58,153.49,151.58,153.03,405,20,0
1724436000,153.03,153.58,152.55,153.06,201,28,0
1724439600,153.06,153.06,152.19,152.56,160,20,0
1724443200,152.56,153.35,152.55,153.24,114,22,0
1724446800,153.24,153.65,152.99,153.44,126,20,0
1724450400,153.44,153.91,152.96,153.11,255,20,0
1724688000,154.44,154.44,153.50,153.57,265,36,0
1724691600,153.57,153.89,152.26,152.43,373,23,0
1724695200,152.43,152.62,151.77,152.39,221,23,0
1724698800,152.37,152.75,152.06,152.49,153,26,0
1724702400,152.49,152.49,151.61,151.61,144,25,0
1724706000,151.61,151.93,151.46,151.84,143,23,0
1724709600,151.84,151.85,151.21,151.85,218,20,0
1724774400,151.91,153.55,151.74,153.54,232,25,0
1724778000,153.69,155.56,153.48,155.53,250,25,0
1724781600,155.53,155.85,154.70,154.98,221,20,0
1724785200,154.98,155.54,154.70,154.83,135,20,0
1724788800,154.83,155.45,154.82,155.40,118,20,0
1724792400,155.40,155.40,154.85,154.85,180,29,0
1724796000,154.85,155.28,154.62,155.11,225,20,0
1724860800,154.89,155.10,154.16,154.41,160,40,0
1724864400,154.40,156.22,154.37,156.00,610,21,0
1724868000,156.00,156.00,154.82,155.66,244,21,0
1724871600,155.68,156.07,155.28,155.96,151,28,0
1724875200,155.96,156.00,154.63,154.63,146,20,0
1724878800,154.63,155.79,154.48,155.78,134,20,0
1724882400,155.78,156.19,155.38,155.86,359,20,0
1724947200,156.06,156.39,155.01,155.83,219,36,0
1724950800,155.86,156.53,155.60,155.75,305,23,0
1724954400,155.76,156.08,155.60,155.87,215,24,0
1724958000,155.87,157.04,155.87,157.04,144,20,0
1724961600,157.04,157.04,156.26,156.80,107,24,0
1724965200,156.80,156.80,155.34,155.55,259,20,0
1724968800,155.54,155.91,155.12,155.57,315,22,0
1725033600,156.74,157.43,156.26,156.74,116,28,0
1725037200,156.74,157.33,156.31,156.31,235,29,0
1725040800,156.26,156.36,155.47,155.76,193,27,0
1725044400,155.76,155.97,155.21,155.59,166,20,0
1725048000,155.59,156.15,155.59,155.94,122,22,0
1725051600,155.94,156.40,155.91,156.19,116,28,0
1725055200,156.27,156.77,156.08,156.21,339,20,0
1725379200,154.87,155.72,154.87,155.40,116,23,0
1725382800,155.40,155.43,153.94,154.12,397,20,0
1725386400,154.12,154.78,153.98,154.02,202,30,0
1725390000,154.02,154.16,153.38,153.41,206,28,0
1725393600,153.44,153.60,153.23,153.23,149,34,0
1725397200,153.23,153.23,152.78,152.84,139,24,0
1725400800,152.84,152.91,151.69,152.36,288,20,0
1725465600,151.21,151.93,151.02,151.79,162,41,0
1725469200,151.79,151.82,151.02,151.28,508,20,0
1725472800,151.28,151.52,150.71,151.06,293,28,0
1725476400,151.21,151.74,151.03,151.74,214,25,0
1725480000,151.74,151.89,151.21,151.31,202,30,0
1725483600,151.31,151.88,151.14,151.54,179,25,0
1725487200,151.67,152.41,151.55,151.77,330,20,0
1725552000,150.20,150.95,149.98,150.43,184,41,0
1725555600,150.53,151.51,150.15,150.17,382,27,0
1725559200,150.17,150.17,149.08,149.54,281,24,0
1725562800,149.54,150.15,149.54,150.15,173,27,0
1725566400,150.15,150.69,149.84,150.41,153,28,0
1725570000,150.49,150.98,150.40,150.73,143,21,0
1725573600,150.73,151.15,150.34,151.15,337,20,0
1725638400,150.76,151.58,150.46,150.97,166,23,0
1725642000,150.83,151.13,148.94,148.94,450,28,0
1725645600,148.92,149.59,148.44,148.63,410,20,0
1725649200,148.62,148.69,147.96,147.98,192,21,0
1725652800,147.98,149.41,147.98,148.92,208,20,0
1725656400,148.92,149.48,148.78,149.44,172,20,0
1725660000,149.44,149.63,148.76,149.19,256,20,0
1725897600,149.29,151.20,149.29,150.02,164,35,0
1725901200,150.02,150.62,149.24,149.25,394,23,0
1725904800,149.16,149.49,148.69,149.33,239,29,0
1725908400,149.33,150.43,149.33,150.28,99,22,0
1725912000,150.28,151.26,150.23,150.86,140,20,0
1725915600,150.86,150.89,150.36,150.89,1422,24,0
1725919200,150.89,152.09,150.70,152.09,389,21,0
1725984000,152.55,153.28,152.09,152.48,214,32,0
1725987600,152.42,152.58,151.43,152.07,334,36,0
1725991200,152.07,153.23,151.26,151.26,215,27,0
1725994800,151.08,151.78,150.88,151.76,169,32,0
1725998400,151.76,152.62,151.76,152.48,128,30,0
1726002000,152.48,152.95,152.43,152.57,156,27,0
1726005600,152.57,153.32,152.34,153.30,213,20,0
1726070400,153.09,153.32,151.11,151.21,166,41,0
1726074000,151.14,151.21,148.67,149.16,579,22,0
1726077600,149.16,150.31,149.08,150.06,397,20,0
1726081200,150.08,151.04,150.08,150.89,473,20,0
1726084800,150.89,152.16,150.76,151.81,246,23,0
1726088400,151.81,152.37,151.52,151.93,250,29,0
1726092000,151.93,153.14,151.76,152.78,442,20,0
1726156800,152.91,154.00,152.70,152.75,180,40,0
1726160400,152.75,154.03,152.38,153.48,308,23,0
1726164000,153.48,154.01,152.91,152.97,260,27,0
1726167600,152.97,154.18,152.97,154.18,160,28,0
1726171200,154.18,155.59,154.18,155.04,138,20,0
1726174800,155.04,155.17,154.48,154.73,153,21,0
1726178400,154.73,154.82,154.12,154.73,268,20,0
1726243200,154.75,156.40,154.75,155.73,159,25,0
1726246800,155.73,156.81,155.66,156.49,203,20,0
1726250400,156.49,156.92,156.39,156.78,199,20,0
1726254000,156.78,157.03,156.40,156.96,135,27,0
1726257600,156.96,157.41,156.79,156.99,112,25,0
1726261200,156.99,157.11,156.46,156.46,173,25,0
1726264800,156.46,157.22,156.09,157.20,243,20,0
1726502400,157.69,157.71,157.00,157.19,120,41,0
1726506000,157.23,158.71,157.16,158.42,271,20,0
1726509600,158.42,159.16,158.21,158.72,183,29,0
1726513200,158.72,159.68,158.67,159.60,203,27,0
1726516800,159.60,159.64,159.21,159.35,113,20,0
1726520400,159.35,159.35,158.97,158.97,108,21,0
1726524000,158.97,159.04,158.40,158.86,247,20,0
1726588800,159.55,160.34,159.05,160.12,109,28,0
1726592400,160.07,161.78,160.07,161.22,198,21,0
1726596000,161.22,161.49,160.50,160.57,126,20,0
1726599600,160.57,161.64,160.56,161.03,267,20,0
1726603200,161.03,161.58,160.65,161.26,144,25,0
1726606800,161.04,161.34,160.84,160.86,137,27,0
1726610400,160.85,161.64,160.85,161.63,207,20,0
1726675200,161.20,161.49,160.72,161.18,122,35,0
1726678800,161.18,161.44,160.58,161.40,265,29,0
1726682400,161.40,161.44,160.61,160.68,154,23,0
1726686000,160.68,161.22,160.55,161.18,105,20,0
1726689600,161.21,161.36,161.00,161.18,140,40,0
1726693200,161.26,162.98,161.26,161.95,467,28,0
1726696800,162.00,162.23,160.63,160.99,472,24,0
1726761600,162.96,163.77,161.97,163.03,176,36,0
1726765200,163.03,163.81,162.26,162.48,224,20,0
1726768800,162.48,162.50,160.91,161.30,181,39,0
1726772400,161.30,161.96,161.17,161.75,298,24,0
1726776000,161.75,162.01,161.30,161.38,306,20,0
1726779600,161.30,161.59,159.94,159.99,261,20,0
1726783200,159.99,160.96,159.74,160.53,396,20,0
1726848000,160.71,160.71,159.21,159.74,227,29,0
1726851600,159.74,161.33,159.74,160.78,354,20,0
1726855200,160.78,161.66,160.78,161.39,231,22,0
1726858800,161.35,161.98,161.25,161.79,105,30,0
1726862400,161.79,161.87,161.47,161.65,103,28,0
1726866000,161.65,162.00,161.24,161.84,133,27,0
1726869600,161.84,162.49,161.46,162.49,278,20,0
1727107200,162.59,162.59,161.43,162.18,150,40,0
1727110800,162.18,163.02,162.10,162.92,320,26,0
1727114400,162.91,163.00,162.65,162.77,107,26,0
1727118000,162.74,162.78,162.15,162.36,120,20,0
1727121600,162.36,163.39,162.24,163.39,134,28,0
1727125200,163.39,163.57,163.10,163.42,136,20,0
1727128800,163.42,163.89,163.13,163.71,228,20,0
1727193600,164.08,165.61,163.61,164.82,179,37,0
1727197200,164.82,165.55,164.07,165.55,178,26,0
1727200800,165.55,166.47,165.26,166.47,137,23,0
1727204400,166.47,167.10,166.47,166.76,168,23,0
1727208000,166.64,167.08,166.58,166.62,97,24,0
1727211600,166.62,166.66,166.04,166.64,108,32,0
1727215200,166.64,167.16,166.50,167.04,189,20,0
1727280000,166.52,166.93,165.59,166.69,184,27,0
1727283600,166.69,166.96,166.36,166.65,182,37,0
1727287200,166.65,166.76,166.37,166.70,147,22,0
1727290800,166.72,167.04,166.62,166.62,95,26,0
1727294400,166.62,166.62,166.13,166.36,121,20,0
1727298000,166.36,166.77,166.15,166.46,99,22,0
1727301600,166.46,167.11,166.27,166.77,176,20,0
1727366400,167.67,168.78,167.67,168.57,124,24,0
1727370000,168.50,168.76,167.67,167.71,238,21,0
1727373600,167.71,169.30,167.71,169.24,197,20,0
1727377200,169.24,169.58,168.81,169.51,326,20,0
1727380800,169.51,170.27,169.30,170.15,245,20,0
1727384400,170.15,170.64,169.79,170.12,382,24,0
1727388000,170.12,170.65,169.88,170.51,251,20,0
1727452800,170.25,170.43,169.24,169.32,155,37,0
1727456400,169.53,169.81,169.32,169.76,439,27,0
1727460000,169.76,169.93,169.22,169.46,401,38,0
1727463600,169.46,170.10,169.36,170.10,138,27,0
1727467200,170.10,170.64,169.98,170.54,132,26,0
1727470800,170.54,170.54,169.56,170.05,118,23,0
1727474400,170.05,170.12,169.35,169.84,158,20,0
1727712000,169.26,169.26,167.50,167.95,191,33,0
1727715600,167.94,168.13,167.13,167.32,220,26,0
1727719200,167.30,167.67,167.26,167.62,120,22,0
1727722800,167.62,168.41,167.62,168.33,107,29,0
1727726400,168.33,168.97,168.29,168.97,109,24,0
1727730000,168.97,168.97,167.28,168.00,161,31,0
1727733600,167.96,168.76,167.74,168.32,287,20,0
1727798400,168.48,168.48,164.76,165.30,203,22,0
1727802000,165.53,165.58,163.53,164.18,700,24,0
1727805600,164.16,164.33,163.23,163.84,330,20,0
1727809200,163.74,164.66,163.71,164.58,227,28,0
1727812800,164.58,164.58,163.07,164.08,250,23,0
1727816400,164.07,164.99,164.04,164.70,228,37,0
1727820000,164.70,164.77,163.61,163.96,290,20,0
1727884800,163.05,164.41,162.72,163.79,224,36,0
1727888400,163.72,164.06,162.67,163.04,310,32,0
1727892000,163.04,164.73,163.04,164.44,239,37,0
1727895600,164.46,164.95,163.64,163.64,183,27,0
1727899200,163.64,164.53,163.64,164.53,400,30,0
1727902800,164.53,164.78,164.17,164.74,207,33,0
1727906400,164.74,164.88,164.09,164.83,260,22,0
1727971200,163.42,163.60,162.77,163.24,82,30,0
1727974800,162.86,164.37,162.86,163.17,353,32,0
1727978400,163.17,164.06,162.94,163.88,168,22,0
1727982000,163.88,163.88,162.81,162.89,181,30,0
1727985600,162.89,163.43,162.74,163.35,177,25,0
1727989200,163.35,163.43,163.00,163.28,128,25,0
1727992800,163.26,164.16,163.08,164.02,201,20,0
1728057600,166.31,166.75,165.63,166.03,143,30,0
1728061200,165.95,166.86,165.82,165.82,288,31,0
1728064800,165.82,167.03,165.76,166.94,342,20,0
1728068400,166.94,167.66,166.66,167.17,171,23,0
1728072000,167.17,167.33,166.51,166.77,170,28,0
1728075600,166.77,166.91,166.13,166.76,138,28,0
1728079200,166.76,167.65,166.76,167.39,299,20,0
1728316800,166.79,168.16,166.18,167.85,105,41,0
1728320400,167.85,169.81,167.73,169.76,619,25,0
1728324000,169.76,170.18,168.45,168.50,358,24,0
1728327600,168.50,168.50,167.84,168.06,134,33,0
1728331200,168.06,168.08,167.46,167.48,67,38,0
1728334800,167.48,167.83,166.81,167.02,123,34,0
1728338400,167.02,167.34,166.13,166.55,245,24,0
1728403200,167.32,168.12,167.02,168.12,111,29,0
1728406800,168.22,169.53,167.97,169.10,226,23,0
1728410400,169.10,169.70,168.64,169.59,115,20,0
1728414000,169.59,170.21,169.39,169.94,104,31,0
1728417600,169.96,170.11,169.26,169.62,118,27,0
1728421200,169.62,169.95,169.37,169.84,94,36,0
1728424800,169.84,169.86,169.22,169.22,138,26,0
1728489600,168.94,170.14,168.56,170.00,68,36,0
1728493200,170.00,171.26,169.89,171.06,144,28,0
1728496800,171.06,171.68,171.06,171.55,147,25,0
1728500400,171.55,171.55,170.86,170.97,106,26,0
1728504000,170.97,171.36,170.85,171.36,112,26,0
1728507600,171.36,171.71,171.23,171.44,113,32,0
1728511200,171.44,172.02,171.19,171.61,203,20,0
1728576000,171.45,171.54,170.31,171.05,124,41,0
1728579600,171.30,171.73,171.16,171.21,179,30,0
1728583200,171.21,172.10,171.21,171.92,170,21,0
1728586800,171.92,171.92,171.42,171.68,114,36,0
1728590400,171.65,171.82,170.79,171.25,191,20,0
1728594000,171.21,171.26,170.93,171.15,152,21,0
1728597600,171.15,171.42,170.39,171.40,262,21,0
1728662400,170.81,172.72,170.66,171.87,161,41,0
1728666000,171.87,172.18,171.09,171.65,252,21,0
1728669600,171.65,172.07,171.51,171.94,243,35,0
1728673200,171.94,171.95,171.13,171.15,139,37,0
1728676800,171.15,171.34,170.93,171.30,102,26,0
1728680400,171.30,171.45,171.20,171.29,114,34,0
1728684000,171.26,171.72,170.90,171.34,217,23,0
1728921600,171.57,172.31,170.86,172.09,249,21,0
1728925200,172.14,172.60,171.66,171.77,286,31,0
1728928800,171.74,171.95,171.28,171.84,270,29,0
1728932400,171.84,172.28,171.33,171.41,147,32,0
1728936000,171.41,171.42,170.89,171.14,109,30,0
1728939600,171.14,171.64,171.10,171.56,202,27,0
1728943200,171.47,172.05,171.39,171.86,298,20,0
1729008000,170.88,174.55,170.77,173.49,175,29,0
1729011600,173.49,174.39,172.98,173.05,369,23,0
1729015200,173.06,173.11,172.54,172.54,219,25,0
1729018800,172.54,173.17,172.41,172.52,153,29,0
1729022400,172.52,172.52,171.92,172.49,158,37,0
1729026000,172.49,172.79,172.38,172.72,124,34,0
1729029600,172.74,172.80,171.94,172.22,392,23,0
1729094400,172.03,172.84,171.49,171.98,269,41,0
1729098000,171.95,174.17,171.92,173.40,511,25,0
1729101600,173.37,173.49,172.56,172.69,469,31,0
1729105200,172.68,173.12,172.62,172.97,146,36,0
1729108800,173.08,173.31,172.99,173.20,157,29,0
1729112400,173.23,173.79,172.93,173.77,186,25,0
1729116000,173.77,173.84,173.02,173.43,316,20,0
1729180800,173.78,175.41,173.72,174.55,134,27,0
1729184400,174.56,175.12,173.87,174.57,170,20,0
1729188000,174.57,175.22,174.24,175.06,161,27,0
1729191600,175.06,175.49,175.06,175.49,106,26,0
1729195200,175.49,175.76,175.34,175.48,96,24,0
1729198800,175.48,175.48,174.97,175.35,116,23,0
1729202400,175.27,175.34,174.31,174.77,241,22,0
1729267200,174.27,174.84,173.79,173.93,89,38,0
1729270800,173.80,174.75,173.80,174.56,136,23,0
1729274400,174.56,174.70,173.81,173.83,142,26,0
1729278000,173.84,174.40,173.80,174.37,109,24,0
1729281600,174.37,174.37,173.74,174.10,111,25,0
1729285200,174.10,174.65,173.77,173.81,157,20,0
1729288800,173.80,173.98,173.36,173.85,151,20,0
1729526400,173.67,174.30,172.89,174.13,116,41,0
1729530000,174.20,174.63,173.86,174.15,179,28,0
1729533600,174.14,174.14,173.07,173.96,140,33,0
1729537200,174.00,174.47,173.80,174.35,99,26,0
1729540800,174.35,174.98,174.16,174.80,114,22,0
1729544400,174.73,174.80,174.08,174.29,121,20,0
1729548000,174.29,174.74,174.15,174.48,174,20,0
1729612800,173.78,173.78,173.10,173.57,67,41,0
1729616400,173.63,174.50,173.63,174.33,162,26,0
1729620000,174.52,174.82,174.38,174.70,109,29,0
1729623600,174.70,174.74,174.16,174.74,76,25,0
1729627200,174.74,175.46,174.53,175.18,103,33,0
1729630800,175.18,175.40,174.69,174.71,99,22,0
1729634400,174.71,175.54,174.71,174.89,191,26,0
1729699200,173.74,174.61,173.74,174.25,117,28,0
1729702800,174.03,174.66,173.72,174.19,219,23,0
1729706400,174.18,174.18,172.44,172.93,201,20,0
1729710000,172.93,172.93,172.19,172.70,147,22,0
1729713600,172.70,172.70,170.69,171.31,198,24,0
1729717200,171.31,171.47,170.54,171.19,178,20,0
1729720800,171.19,172.32,171.19,172.26,223,20,0
1729785600,172.44,172.94,171.20,172.36,117,41,0
1729789200,172.61,173.34,172.31,172.31,175,22,0
1729792800,172.31,173.06,172.25,172.82,158,26,0
1729796400,172.82,173.23,172.68,173.23,102,28,0
1729800000,173.23,173.54,172.56,172.78,139,21,0
1729803600,172.78,173.37,172.72,173.25,186,26,0
1729807200,173.02,173.43,172.74,173.32,331,20,0
1729872000,174.79,174.79,173.98,174.46,62,39,0
1729875600,174.69,174.69,173.79,173.95,164,21,0
1729879200,173.95,174.06,173.10,173.64,242,21,0
1729882800,173.64,173.96,173.64,173.86,87,25,0
1729886400,173.86,174.15,173.36,173.60,153,20,0
1729890000,173.56,174.06,173.36,173.98,146,23,0
1729893600,173.89,173.98,173.54,173.72,176,20,0
1730127600,174.75,174.75,173.49,173.83,69,41,0
1730131200,173.83,174.54,173.56,173.56,100,31,0
1730134800,173.56,173.65,172.74,173.25,141,28,0
1730138400,173.24,173.50,172.72,173.26,133,35,0
1730142000,173.11,173.69,172.85,173.67,105,34,0
1730145600,173.67,174.03,173.59,173.59,97,31,0
1730149200,173.59,173.97,173.30,173.70,177,24,0
1730214000,172.86,174.58,172.59,174.44,96,31,0
1730217600,174.44,175.90,174.18,175.84,198,27,0
1730221200,175.84,177.02,175.84,176.98,185,26,0
1730224800,176.98,177.52,176.53,176.93,223,20,0
1730228400,176.93,177.06,176.65,176.86,154,20,0
1730232000,176.86,177.01,176.40,176.78,111,23,0
1730235600,176.78,177.08,176.60,176.91,213,20,0
1730300400,175.38,176.78,175.38,176.75,103,41,0
1730304000,177.00,177.31,176.04,176.95,174,26,0
1730307600,176.88,178.65,176.06,178.43,245,20,0
1730311200,178.43,178.93,177.80,177.80,200,22,0
1730314800,177.80,178.10,177.42,177.58,124,21,0
1730318400,177.58,178.73,177.50,178.39,250,20,0
1730322000,178.39,178.68,177.85,178.59,358,20,0
1730386800,189.58,194.16,187.16,189.39,515,20,0
1730390400,189.39,190.67,186.29,186.65,604,26,0
1730394000,186.53,188.16,185.95,187.97,390,25,0
1730397600,187.97,188.36,187.23,187.87,269,35,0
1730401200,187.87,187.95,186.92,186.92,306,21,0
1730404800,186.92,187.08,185.57,186.05,371,29,0
1730408400,186.12,187.89,186.05,186.68,582,20,0
1730473200,186.55,188.29,186.52,187.59,117,29,0
1730476800,187.69,191.09,187.69,191.09,517,25,0
1730480400,191.08,191.39,189.79,189.95,215,25,0
1730484000,189.95,190.44,188.78,188.78,416,20,0
1730487600,188.78,190.09,188.00,189.83,281,20,0
1730491200,189.84,190.20,189.21,189.89,405,20,0
1730494800,189.89,190.19,189.07,189.75,321,20,0
1730736000,189.93,190.40,189.14,190.23,79,41,0
1730739600,190.30,192.59,190.29,192.43,248,32,0
1730743200,192.43,192.77,190.18,190.18,221,20,0
1730746800,190.18,191.73,190.18,191.19,117,20,0
1730750400,191.19,191.50,190.84,190.84,147,22,0
1730754000,190.84,191.53,190.67,191.52,151,28,0
1730757600,191.52,191.52,190.60,190.82,264,21,0
1730822400,190.01,193.60,190.01,193.60,82,41,0
1730826000,193.60,194.13,192.82,193.96,241,41,0
1730829600,193.96,194.97,193.87,194.72,158,23,0
1730833200,194.72,195.49,194.41,194.78,99,35,0
1730836800,194.71,195.25,194.47,194.62,119,22,0
1730840400,194.60,194.79,194.12,194.40,153,28,0
1730844000,194.40,196.51,194.38,196.18,462,20,0
1730908800,200.79,201.92,199.05,199.07,120,41,0
1730912400,199.07,199.41,197.55,199.10,235,20,0
1730916000,199.10,199.72,198.34,198.86,174,39,0
1730919600,198.85,199.81,198.51,199.76,115,36,0
1730923200,199.76,201.04,199.76,200.24,122,29,0
1730926800,200.24,200.45,199.27,199.50,110,41,0
1730930400,199.50,200.38,199.41,199.79,209,22,0
1730995200,200.17,200.40,198.04,198.25,109,41,0
1730998800,198.19,198.68,197.05,198.16,280,23,0
1731002400,198.16,198.16,197.31,197.70,148,35,0
1731006000,197.70,197.83,197.38,197.63,103,23,0
1731009600,197.63,197.82,197.57,197.57,68,20,0
1731013200,197.57,197.98,197.51,197.79,112,20,0
1731016800,197.79,197.79,196.32,196.59,307,20,0
1731081600,196.93,198.89,196.92,198.19,93,41,0
1731085200,198.26,198.57,197.88,198.41,177,24,0
1731088800,198.45,198.74,197.86,197.86,129,20,0
1731092400,197.86,197.90,197.40,197.41,111,20,0
1731096000,197.41,197.55,196.85,197.36,190,20,0
1731099600,197.36,197.41,197.15,197.17,75,26,0
1731103200,197.17,197.70,196.85,197.50,213,20,0
1731340800,197.99,198.91,197.75,198.91,102,41,0
1731344400,198.91,202.05,198.91,201.62,177,36,0
1731348000,201.62,201.81,200.95,201.77,125,41,0
1731351600,201.77,202.08,201.45,202.08,99,31,0
1731355200,202.08,202.69,201.94,202.51,75,27,0
1731358800,202.51,202.51,201.73,202.11,88,35,0
1731362400,202.11,202.51,202.07,202.51,167,25,0
1731427200,200.96,201.48,200.69,201.39,69,41,0
1731430800,201.39,201.39,200.19,200.40,164,22,0
1731434400,200.40,200.65,199.73,200.31,149,20,0
1731438000,200.31,200.39,199.73,200.34,112,25,0
1731441600,200.33,201.18,200.26,200.95,151,20,0
1731445200,200.95,201.11,199.68,199.73,140,20,0
1731448800,199.73,200.76,199.72,200.52,178,20,0
1731513600,199.59,201.11,199.59,201.01,53,41,0
1731517200,201.01,201.01,199.61,200.53,165,27,0
1731520800,200.53,200.53,199.39,199.72,253,20,0
1731524400,199.72,200.07,199.29,199.94,130,24,0
1731528000,199.94,200.57,199.70,199.93,98,27,0
1731531600,199.93,199.98,198.81,199.00,170,28,0
1731535200,199.00,199.76,198.85,199.35,236,23,0
1731600000,198.92,199.42,198.51,199.10,65,28,0
1731603600,199.29,199.60,198.56,198.69,199,23,0
1731607200,198.69,198.75,198.44,198.59,229,22,0
1731610800,198.48,198.56,197.70,198.26,244,31,0
1731614400,198.26,198.80,198.20,198.47,179,33,0
1731618000,198.48,198.93,198.48,198.74,178,23,0
1731621600,198.74,199.06,198.49,198.74,206,24,0
1731686400,198.18,198.54,197.54,197.86,78,41,0
1731690000,197.86,198.14,197.25,197.47,224,38,0
1731693600,197.47,198.29,197.32,197.71,125,32,0
1731697200,197.71,198.15,197.71,197.85,109,41,0
1731700800,197.85,198.46,197.85,198.10,85,37,0
1731704400,198.10,198.74,197.87,198.62,104,27,0
1731708000,198.62,198.89,198.22,198.89,186,20,0
1731945600,199.70,199.70,198.19,198.78,129,41,0
1731949200,198.78,199.55,198.78,199.30,547,41,0
1731952800,199.30,200.96,199.30,200.46,841,33,0
1731956400,200.46,200.83,199.85,200.14,264,36,0
1731960000,200.14,200.32,199.83,200.21,417,36,0
1731963600,200.19,200.31,199.85,200.31,162,22,0
1731967200,200.31,200.68,200.00,200.60,236,20,0
1732032000,198.40,199.59,197.92,197.92,92,33,0
1732035600,198.17,198.17,197.08,197.90,180,20,0
1732039200,197.95,198.16,197.67,197.96,337,20,0
1732042800,197.96,198.89,197.81,198.78,124,20,0
1732046400,198.78,199.22,198.64,199.07,91,31,0
1732050000,199.07,199.31,198.55,198.76,201,24,0
1732053600,198.76,199.12,198.66,198.91,169,24,0
1732118400,199.35,199.35,197.47,197.79,84,41,0
1732122000,197.79,197.85,196.14,196.64,104,26,0
1732125600,196.79,198.64,196.69,198.58,154,37,0
1732129200,198.58,198.97,197.76,198.82,119,38,0
1732132800,198.82,198.82,198.18,198.32,80,41,0
1732136400,198.32,198.96,198.15,198.79,112,35,0
1732140000,198.79,200.50,198.79,200.41,156,20,0
1732204800,201.39,202.55,200.72,202.55,111,41,0
1732208400,202.55,203.45,201.93,203.45,221,41,0
1732212000,203.45,205.42,203.45,205.39,207,28,0
1732215600,205.36,206.49,205.24,205.85,171,20,0
1732219200,206.03,207.12,205.98,206.98,139,29,0
1732222800,206.98,207.45,206.76,207.44,142,29,0
1732226400,207.49,208.34,207.29,208.12,370,20,0
1732291200,207.89,208.71,206.87,207.22,145,41,0
1732294800,207.22,207.87,206.32,207.23,231,20,0
1732298400,207.23,207.68,205.90,206.23,253,26,0
1732302000,206.23,206.66,205.80,206.38,133,29,0
1732305600,206.38,206.78,206.17,206.44,120,34,0
1732309200,206.44,206.44,206.05,206.09,103,37,0
1732312800,206.09,206.94,205.44,206.78,190,20,0
1732550400,207.35,209.27,207.35,208.88,204,41,0
1732554000,208.88,208.88,207.20,207.51,218,41,0
1732557600,207.51,207.94,207.36,207.69,110,27,0
1732561200,207.69,207.69,206.09,206.82,132,41,0
1732564800,206.82,207.65,206.82,206.87,105,28,0
1732568400,206.86,207.53,206.86,207.17,84,30,0
1732572000,207.17,207.45,203.36,203.84,271,23,0
1732636800,204.48,206.00,204.48,206.00,81,41,0
1732640400,205.75,206.42,205.33,206.01,255,32,0
1732644000,206.01,206.17,205.73,206.17,62,25,0
1732647600,206.17,206.24,205.99,206.10,63,20,0
1732651200,206.08,206.60,205.61,206.45,60,25,0
1732654800,206.45,206.79,206.43,206.79,84,33,0
1732658400,206.79,208.40,206.73,208.40,188,22,0
1732723200,206.55,207.47,206.05,206.67,91,37,0
1732726800,206.92,208.69,206.82,208.10,154,41,0
1732730400,208.08,208.09,207.52,207.62,84,41,0
1732734000,207.61,208.07,207.25,208.07,72,24,0
1732737600,208.14,208.73,208.11,208.35,84,31,0
1732741200,208.35,208.46,208.10,208.10,72,32,0
1732744800,208.21,208.90,208.21,208.78,486,25,0
1732896000,207.09,208.48,207.09,208.48,61,29,0
1732899600,208.26,208.98,207.94,208.51,92,38,0
1732903200,208.51,208.72,207.77,207.90,109,29,0
1733155200,208.01,208.24,207.18,207.82,70,41,0
1733158800,207.72,208.07,207.45,207.61,103,34,0
1733162400,207.61,207.88,207.55,207.84,133,39,0
1733166000,207.84,208.65,207.69,208.24,66,40,0
1733169600,208.24,209.21,208.24,209.00,84,24,0
1733173200,208.82,208.82,208.13,208.75,81,30,0
1733176800,208.75,208.89,208.24,208.57,150,28,0
1733241600,208.80,209.41,208.13,209.13,148,41,0
1733245200,208.99,210.19,208.28,208.34,144,26,0
1733248800,208.34,209.08,207.96,208.69,110,31,0
1733252400,208.69,209.14,208.49,208.59,95,31,0
1733256000,208.59,208.69,208.30,208.56,86,30,0
1733259600,208.56,208.99,208.19,208.72,84,39,0
1733263200,208.72,208.99,208.03,208.44,173,27,0
1733328000,208.04,208.20,205.97,207.71,190,27,0
1733331600,207.71,208.37,207.12,207.85,313,29,0
1733335200,207.85,209.14,207.70,208.56,156,24,0
1733338800,208.56,208.87,208.19,208.74,117,38,0
1733342400,208.74,208.81,208.41,208.47,82,41,0
1733346000,208.47,209.55,208.34,209.31,221,37,0
1733349600,209.38,209.74,208.96,209.38,324,20,0
1733414400,208.91,211.66,208.91,211.66,116,41,0
1733418000,211.68,212.97,211.68,212.25,145,41,0
1733421600,212.25,212.43,212.23,212.23,704,41,0
1733425200,212.22,212.44,211.97,212.07,80,38,0
1733428800,212.07,212.37,211.20,212.19,78,41,0
1733432400,212.19,212.58,211.96,212.22,113,30,0
1733436000,212.22,212.22,211.06,211.29,569,20,0
1733500800,210.55,212.44,210.55,211.07,83,41,0
1733504400,210.99,212.10,210.02,211.77,196,41,0
1733508000,211.77,212.15,211.27,211.88,190,32,0
1733511600,211.88,211.91,211.45,211.87,252,41,0
1733515200,211.87,213.11,211.86,211.98,146,39,0
1733518800,211.82,211.96,210.97,211.57,140,36,0
1733522400,211.57,212.08,211.29,211.42,260,21,0
1733760000,210.58,211.16,209.16,209.21,100,41,0
1733763600,209.17,210.06,207.12,207.12,252,29,0
1733767200,207.12,207.45,205.94,207.45,285,38,0
1733770800,207.37,207.49,206.38,206.58,133,41,0
1733774400,206.58,207.17,206.34,206.63,121,22,0
1733778000,206.53,206.85,205.63,205.97,132,41,0
1733781600,205.97,206.60,205.49,205.71,231,22,0
1733846400,206.02,207.14,205.72,207.14,126,28,0
1733850000,207.05,208.48,206.53,208.01,195,30,0
1733853600,208.01,208.57,207.90,208.23,205,28,0
1733857200,208.23,208.74,207.99,208.56,189,32,0
1733860800,208.56,208.77,208.31,208.54,287,33,0
1733864400,208.54,208.54,207.49,207.52,728,29,0
1733868000,207.54,207.54,206.49,207.19,832,24,0
1733932800,209.49,210.38,209.06,209.31,70,41,0
1733936400,209.31,210.07,208.71,209.73,349,41,0
1733940000,209.75,211.26,209.61,211.02,237,41,0
1733943600,210.99,211.22,210.44,210.96,258,41,0
1733947200,210.96,211.10,210.72,210.91,156,29,0
1733950800,210.91,211.25,210.52,210.70,161,41,0
1733954400,210.76,211.57,210.59,211.25,266,20,0
1734019200,210.31,212.83,210.31,211.83,81,41,0
1734022800,211.83,212.08,211.17,211.49,424,41,0
1734026400,211.49,211.82,211.30,211.53,1047,41,0
1734030000,211.62,211.90,211.32,211.68,456,37,0
1734033600,211.68,211.91,211.57,211.57,255,28,0
1734037200,211.57,211.63,211.13,211.14,561,37,0
1734040800,211.14,211.36,209.97,210.60,297,28,0
1734105600,210.89,210.89,209.15,209.42,52,41,0
1734109200,209.37,210.32,209.04,209.10,566,35,0
1734112800,209.06,209.83,208.78,208.92,554,29,0
1734116400,208.93,209.17,208.37,208.37,125,39,0
1734120000,208.37,209.17,208.29,208.73,116,28,0
1734123600,208.73,209.47,208.73,209.37,99,29,0
1734127200,209.37,209.58,208.63,208.80,329,24,0
1734364800,208.15,209.36,207.80,207.82,87,41,0
1734368400,207.83,208.45,206.83,206.88,139,29,0
1734372000,206.91,207.41,206.37,206.67,188,32,0
1734375600,206.67,206.82,206.05,206.42,155,31,0
1734379200,206.42,206.72,206.12,206.16,350,25,0
1734382800,206.16,206.20,205.67,205.94,127,36,0
1734386400,205.94,207.34,205.54,205.84,362,20,0
1734451200,204.95,206.09,204.62,204.70,105,41,0
1734454800,204.73,206.60,204.12,206.20,291,41,0
1734458400,206.34,207.06,205.62,206.08,1314,30,0
1734462000,206.08,206.18,205.33,205.36,702,38,0
1734465600,205.34,206.13,204.71,206.00,181,37,0
1734469200,205.95,205.97,205.26,205.47,148,40,0
1734472800,205.51,206.75,205.47,206.02,308,24,0
1734537600,205.73,206.88,205.10,205.67,84,41,0
1734541200,205.40,205.62,204.65,205.02,139,37,0
1734544800,205.02,205.02,203.45,203.50,120,32,0
1734548400,203.46,203.62,202.48,202.66,197,25,0
1734552000,202.66,202.66,201.39,201.51,178,26,0
1734555600,201.48,201.73,200.02,200.13,299,23,0
1734559200,200.07,200.15,197.16,197.65,951,20,0
1734624000,199.53,200.48,198.80,199.01,89,41,0
1734627600,199.01,199.01,197.63,198.28,380,29,0
1734631200,198.38,199.83,198.05,199.43,551,34,0
1734634800,199.42,199.70,198.37,199.22,286,27,0
1734638400,199.23,200.06,198.83,199.99,682,36,0
1734642000,199.99,200.03,198.95,199.31,1073,32,0
1734645600,199.31,199.85,198.84,198.97,945,20,0
1734710400,198.85,199.75,197.83,198.57,134,41,0
1734714000,198.71,201.02,198.54,200.35,432,37,0
1734717600,200.71,203.25,200.63,202.63,307,24,0
1734721200,202.63,203.21,202.26,202.55,247,36,0
1734724800,202.55,202.92,201.96,202.04,154,32,0
1734728400,202.04,202.83,201.85,202.54,141,41,0
1734732000,202.45,202.82,201.46,201.76,281,28,0
1734969600,202.29,202.29,200.61,201.26,102,41,0
1734973200,201.26,201.26,200.10,200.37,155,38,0
1734976800,200.37,201.38,200.21,201.37,90,37,0
1734980400,201.37,201.97,201.23,201.50,129,41,0
1734984000,201.50,201.85,201.38,201.85,74,41,0
1734987600,201.85,202.19,201.46,201.74,99,34,0
1734991200,201.86,202.73,201.18,202.21,851,30,0
1735056000,202.95,202.95,201.85,202.70,73,30,0
1735059600,202.70,203.74,202.47,203.63,158,41,0
1735063200,203.63,204.37,203.49,204.18,128,31,0
1735066800,204.16,204.66,203.76,204.47,266,27,0
1735228800,203.50,204.86,203.34,203.61,40,41,0
1735232400,203.61,203.93,203.38,203.84,100,41,0
1735236000,203.84,204.85,203.84,204.77,77,30,0
1735239600,204.77,204.96,204.21,204.32,61,41,0
1735243200,204.38,204.52,204.18,204.28,50,41,0
1735246800,204.28,204.71,204.28,204.34,43,31,0
1735250400,204.34,204.80,203.61,203.74,149,31,0
1735315200,202.19,203.30,201.83,202.67,80,41,0
1735318800,202.70,202.70,200.56,201.03,268,39,0
1735322400,201.03,201.75,200.54,200.54,131,35,0
1735326000,200.54,200.89,200.26,200.50,186,37,0
1735329600,200.50,200.93,200.14,200.93,129,41,0
1735333200,200.93,201.67,200.91,201.41,97,35,0
1735336800,201.41,201.75,200.79,201.51,361,30,0
1735574400,199.85,200.28,198.07,198.07,139,41,0
1735578000,197.91,199.02,197.42,198.92,483,21,0
1735581600,199.03,200.18,198.84,199.94,227,20,0
1735585200,199.88,200.73,199.77,200.61,206,29,0
1735588800,200.61,200.69,200.10,200.55,167,41,0
1735592400,200.56,200.70,199.92,200.33,154,28,0
1735596000,200.33,200.33,199.50,199.62,362,22,0
1735660800,200.40,200.40,199.21,199.52,71,41,0
1735664400,199.58,200.23,199.09,199.59,160,37,0
1735668000,199.59,199.59,198.37,199.07,123,41,0
1735671600,199.07,199.44,198.27,199.08,154,41,0
1735675200,199.20,199.69,198.21,198.69,201,41,0
1735678800,198.69,199.23,198.47,199.07,208,41,0
1735682400,199.07,199.43,198.29,198.72,391,29,0
1735833600,199.25,200.97,198.62,200.95,104,41,0
1735837200,200.98,201.32,199.17,199.39,452,39,0
1735840800,199.31,199.96,198.75,199.58,249,40,0
1735844400,199.58,199.73,196.29,197.02,343,33,0
1735848000,197.02,197.11,195.62,196.11,416,32,0
1735851600,196.11,196.83,196.05,196.10,294,26,0
1735855200,196.10,197.21,196.10,196.72,421,23,0
1735920000,197.01,198.02,195.03,195.48,128,41,0
1735923600,195.59,196.61,195.29,196.18,317,40,0
1735927200,196.18,196.62,195.33,196.47,283,23,0
1735930800,196.44,196.62,196.00,196.07,147,38,0
1735934400,196.07,196.61,196.07,196.16,144,41,0
1735938000,196.16,196.69,196.16,196.41,167,22,0
1735941600,196.41,196.41,195.51,195.80,336,20,0
1736179200,196.89,197.24,194.06,194.55,129,41,0
1736182800,194.40,195.49,193.94,194.98,191,25,0
1736186400,194.98,196.44,194.97,195.74,165,41,0
1736190000,195.74,196.09,194.91,195.57,185,26,0
1736193600,195.57,195.83,195.15,195.76,580,23,0
1736197200,195.76,196.18,195.74,196.03,588,23,0
1736200800,196.03,196.26,195.80,195.98,334,22,0
1736265600,195.32,195.79,192.74,193.36,85,41,0
1736269200,193.36,193.48,191.89,193.30,387,28,0
1736272800,193.33,193.56,192.03,192.07,298,37,0
1736276400,192.07,192.38,191.46,191.93,142,31,0
1736280000,191.93,192.43,191.46,191.63,252,27,0
1736283600,191.64,192.33,191.46,192.16,162,27,0
1736287200,192.13,192.73,191.57,191.64,236,20,0
1736352000,191.61,193.05,191.21,192.27,96,41,0
1736355600,192.19,192.84,191.73,192.74,189,23,0
1736359200,192.74,193.83,192.47,193.72,167,27,0
1736362800,193.66,193.72,192.44,192.44,141,39,0
1736366400,192.79,193.82,192.78,193.25,143,33,0
1736370000,193.12,193.90,192.90,193.30,150,35,0
1736373600,193.30,194.84,193.30,194.73,345,21,0
1736524800,193.13,193.23,190.75,191.25,113,41,0
1736528400,191.31,191.31,189.79,189.79,332,38,0
1736532000,189.76,189.76,188.02,188.11,255,40,0
1736535600,188.11,189.31,187.74,189.30,228,30,0
1736539200,189.29,190.48,189.09,190.47,160,36,0
1736542800,190.47,190.63,189.30,190.03,154,24,0
1736546400,190.03,190.03,188.80,189.40,388,20,0
1736784000,187.65,187.94,186.96,187.74,102,41,0
1736787600,187.74,189.15,187.03,188.74,222,25,0
1736791200,188.74,189.63,188.36,189.01,229,34,0
1736794800,189.01,189.77,188.91,189.77,129,21,0
1736798400,189.77,190.22,189.65,189.94,130,33,0
1736802000,189.94,190.61,189.94,190.45,134,25,0
1736805600,190.42,191.10,189.80,190.42,417,21,0
1736870400,190.63,191.39,189.75,190.89,196,41,0
1736874000,190.78,192.20,190.78,191.64,359,36,0
1736877600,191.64,191.64,189.79,189.85,332,34,0
1736881200,189.85,190.40,189.74,190.01,223,27,0
1736884800,190.01,190.79,189.94,190.76,220,30,0
1736888400,190.76,191.02,190.50,190.75,202,26,0
1736892000,190.75,191.28,190.37,190.86,372,24,0
1736956800,194.01,195.13,193.78,194.84,140,41,0
1736960400,194.84,195.37,193.28,193.30,198,39,0
1736964000,193.30,193.91,192.79,193.42,239,32,0
1736967600,193.28,193.41,192.86,193.01,126,36,0
1736971200,193.01,193.07,192.42,192.79,138,31,0
1736974800,192.79,193.05,192.41,192.59,136,23,0
1736978400,192.59,193.05,192.56,192.98,194,20,0
1737043200,192.81,193.26,192.17,192.88,89,41,0
1737046800,192.88,194.25,192.79,194.19,291,27,0
1737050400,194.19,194.58,193.35,194.54,313,33,0
1737054000,194.54,195.53,194.45,195.41,176,22,0
1737057600,195.41,195.79,195.08,195.26,320,20,0
1737061200,195.26,195.27,194.49,194.71,170,20,0
1737064800,194.81,195.24,194.29,194.54,327,23,0
1737129600,196.99,198.67,196.96,197.53,141,31,0
1737133200,197.53,198.60,197.36,198.37,267,26,0
1737136800,198.37,198.58,196.44,196.47,201,31,0
1737140400,196.47,196.47,195.54,196.04,226,41,0
1737144000,196.04,196.75,196.01,196.55,117,35,0
1737147600,196.55,196.82,196.00,196.76,108,21,0
1737151200,196.63,197.19,196.05,196.85,197,29,0
1737475200,196.73,196.90,193.49,193.49,152,41,0
1737478800,193.49,193.65,189.58,190.05,466,37,0
1737482400,190.05,190.76,188.37,188.37,289,28,0
1737486000,188.37,188.37,187.11,187.79,282,28,0
1737489600,187.62,187.92,187.04,187.25,315,32,0
1737493200,187.25,187.25,184.75,185.78,347,28,0
1737496800,185.78,188.45,185.62,187.16,409,20,0
1737561600,187.47,187.63,186.47,187.31,147,33,0
1737565200,187.55,187.56,186.38,186.58,296,27,0
1737568800,186.59,187.17,186.34,186.69,212,29,0
1737572400,186.67,186.81,185.14,185.72,280,20,0
1737576000,185.80,185.86,184.72,184.85,306,20,0
1737579600,184.85,184.86,184.08,184.58,272,26,0
1737583200,184.58,185.00,183.79,184.74,422,20,0
1737648000,185.27,185.63,184.15,185.22,148,41,0
1737651600,185.22,185.54,184.61,184.92,120,37,0
1737655200,185.09,185.27,184.35,184.94,172,28,0
1737658800,184.94,185.27,184.94,185.14,79,26,0
1737662400,185.14,191.27,185.02,190.01,1089,27,0
1737666000,190.01,190.53,188.93,190.24,328,31,0
1737669600,190.24,192.68,189.99,192.45,485,20,0
1737734400,191.70,192.15,190.99,191.48,61,41,0
1737738000,191.48,192.63,190.96,191.49,165,24,0
1737741600,191.53,191.87,190.77,190.77,175,20,0
1737745200,190.77,190.91,189.73,189.76,105,21,0
1737748800,189.76,189.85,188.88,188.88,121,22,0
1737752400,188.88,189.89,188.81,189.07,112,26,0
1737756000,189.07,190.37,189.07,190.27,239,20,0
1737993600,187.04,188.57,187.00,188.32,87,41,0
1737997200,188.23,190.29,187.69,190.25,261,34,0
1738000800,190.19,191.16,189.95,189.95,192,35,0
1738004400,189.79,190.25,189.02,189.02,137,41,0
1738008000,188.87,189.02,188.09,188.21,397,25,0
1738011600,188.21,188.44,186.92,187.09,492,23,0
1738015200,187.09,187.58,186.51,186.95,486,23,0
1738080000,187.19,187.36,185.84,187.36,67,41,0
1738083600,187.60,189.85,187.33,189.42,205,31,0
1738087200,189.42,189.50,188.45,189.07,171,41,0
1738090800,189.07,189.26,187.58,187.73,137,33,0
1738094400,187.73,188.02,186.90,186.91,152,24,0
1738098000,186.91,187.56,186.65,187.47,166,24,0
1738101600,187.47,187.98,186.65,187.04,264,20,0
1738166400,188.24,188.24,187.06,187.50,57,41,0
1738170000,187.44,188.04,187.22,187.61,215,41,0
1738173600,187.61,188.08,187.54,188.00,195,27,0
1738177200,188.00,189.55,187.94,189.49,161,28,0
1738180800,189.53,189.55,188.97,189.30,231,35,0
1738184400,189.24,189.24,187.65,188.22,358,28,0
1738188000,188.22,189.30,187.72,188.81,509,22,0
1738252800,190.00,190.59,188.24,189.90,141,41,0
1738256400,189.89,190.39,189.52,189.71,370,41,0
1738260000,189.71,190.47,189.08,190.47,282,31,0
1738263600,190.47,190.51,189.66,190.16,270,31,0
1738267200,190.16,190.65,190.06,190.35,147,29,0
1738270800,190.35,190.44,189.05,189.44,162,24,0
1738274400,189.66,190.96,189.14,190.90,508,20,0
1738339200,190.19,192.96,190.19,192.21,79,41,0
1738342800,192.21,192.39,191.27,191.72,297,25,0
1738346400,191.72,192.65,191.39,191.71,185,31,0
1738350000,191.72,191.96,191.50,191.54,166,34,0
1738353600,191.54,191.90,190.62,190.63,207,27,0
1738357200,190.65,190.80,189.94,190.07,249,32,0
1738360800,190.01,190.01,188.56,189.33,512,20,0
1738598400,188.30,188.30,184.82,186.72,257,41,0
1738602000,186.72,188.82,186.12,188.75,296,41,0
1738605600,188.51,189.26,188.27,188.91,178,37,0
1738609200,188.91,189.49,188.91,189.17,154,33,0
1738612800,189.17,189.33,188.87,189.02,146,41,0
1738616400,189.02,189.02,188.45,188.57,115,27,0
1738620000,188.64,188.74,187.15,187.57,380,20,0
1738684800,187.38,187.80,186.01,187.40,359,27,0
1738688400,187.41,188.12,187.30,187.37,573,27,0
1738692000,187.37,188.54,187.34,188.54,162,27,0
1738695600,188.54,188.93,187.67,187.67,187,27,0
1738699200,187.54,187.73,187.24,187.49,143,25,0
1738702800,187.49,187.86,186.92,186.94,128,21,0
1738706400,186.93,187.37,186.50,186.90,456,20,0
1738771200,187.30,188.82,187.18,187.37,100,41,0
1738774800,187.62,189.39,187.15,189.23,345,41,0
1738778400,189.12,190.96,189.12,190.96,226,31,0
1738782000,190.96,191.04,189.99,190.10,156,30,0
1738785600,190.10,190.10,189.43,189.74,197,26,0
1738789200,189.78,190.08,189.29,189.46,174,24,0
1738792800,189.46,189.53,187.70,187.76,385,20,0
1738857600,188.99,192.18,188.98,191.85,287,41,0
1738861200,191.83,193.01,191.37,192.66,267,41,0
1738864800,192.63,193.78,192.43,192.97,324,22,0
1738868400,192.93,193.08,192.27,192.65,327,36,0
1738872000,192.67,192.88,190.40,191.01,420,22,0
1738875600,190.94,191.51,190.19,191.29,307,29,0
1738879200,191.29,191.29,190.09,190.93,384,27,0
1738944000,194.64,201.79,194.63,200.30,354,28,0
1738947600,200.30,200.59,197.85,198.26,514,31,0
1738951200,198.26,198.94,197.30,197.90,341,27,0
1738954800,197.76,197.94,196.22,196.47,303,23,0
1738958400,196.47,196.67,195.18,195.19,140,31,0
1738962000,195.19,196.05,194.78,196.04,223,22,0
1738965600,196.21,196.31,195.41,195.59,390,20,0
1739203200,199.09,199.39,197.32,197.74,117,41,0
1739206800,197.52,199.07,197.30,197.93,199,41,0
1739210400,197.88,197.92,196.68,196.94,297,31,0
1739214000,196.91,197.27,196.65,196.65,157,31,0
1739217600,196.65,196.89,196.17,196.67,149,28,0
1739221200,196.74,197.24,196.42,196.91,111,29,0
1739224800,196.91,197.02,196.13,196.39,235,20,0
1739289600,195.01,196.30,194.82,196.26,59,41,0
1739293200,196.31,196.88,195.17,196.50,175,31,0
1739296800,196.69,196.84,194.54,194.71,158,38,0
1739300400,194.71,194.91,194.44,194.76,83,31,0
1739304000,194.76,195.40,194.44,195.39,90,39,0
1739307600,195.39,195.86,195.02,195.86,113,37,0
1739311200,195.86,196.09,195.55,195.59,239,24,0
1739376000,195.52,196.15,195.20,195.42,97,41,0
1739379600,195.42,198.45,195.42,198.41,344,29,0
1739383200,198.40,199.03,197.48,199.03,264,41,0
1739386800,199.03,199.13,198.41,198.53,225,33,0
1739390400,198.53,198.82,198.31,198.50,155,39,0
1739394000,198.51,198.86,198.31,198.80,121,31,0
1739397600,198.80,200.50,198.61,200.22,280,20,0
1739462400,201.99,202.49,200.21,202.10,109,33,0
1739466000,201.95,202.20,200.10,200.57,266,39,0
1739469600,200.60,200.77,199.56,199.58,212,22,0
1739473200,199.57,199.78,198.94,199.11,196,24,0
1739476800,199.11,199.99,198.94,199.52,300,21,0
1739480400,199.57,199.94,199.41,199.54,131,21,0
1739484000,199.54,201.05,199.53,200.08,244,20,0
1739548800,202.79,202.79,201.07,202.37,78,40,0
1739552400,202.30,202.41,198.75,200.87,222,27,0
1739556000,200.87,201.43,200.12,200.57,191,40,0
1739559600,200.57,200.61,200.00,200.46,190,24,0
1739563200,200.44,200.70,200.36,200.63,253,26,0
1739566800,200.63,201.23,200.59,201.10,183,20,0
1739570400,201.10,201.62,200.90,201.50,430,20,0
1739894400,203.86,204.06,202.33,202.82,134,41,0
1739898000,202.84,206.09,202.28,205.59,274,40,0
1739901600,205.63,206.14,205.13,205.96,257,32,0
1739905200,205.96,206.58,204.93,204.93,201,20,0
1739908800,204.93,205.15,204.09,204.64,126,41,0
1739912400,204.64,205.30,204.41,205.09,132,34,0
1739916000,205.09,205.98,204.98,205.61,255,20,0
1739980800,205.72,205.72,201.55,202.21,239,20,0
1739984400,202.21,202.73,201.78,202.13,373,24,0
1739988000,202.13,203.04,201.76,202.96,198,32,0
1739991600,202.96,203.59,202.65,203.57,226,37,0
1739995200,203.53,204.98,202.91,204.92,213,34,0
1739998800,204.87,205.19,204.58,205.11,205,38,0
1740002400,205.11,205.28,203.84,204.32,643,20,0
1740067200,203.52,204.27,200.81,201.06,82,41,0
1740070800,201.06,202.01,199.80,200.95,131,23,0
1740074400,200.95,201.33,200.23,200.26,156,41,0
1740078000,200.26,200.32,199.53,199.53,205,41,0
1740081600,199.53,199.82,199.22,199.30,134,25,0
1740085200,199.30,200.09,198.83,200.09,182,20,0
1740088800,199.94,201.48,199.87,201.07,368,20,0
1740153600,208.29,209.15,201.02,209.15,325,41,0
1740157200,209.15,210.43,206.49,210.25,368,41,0
1740160800,210.25,210.81,209.67,209.80,240,27,0
1740164400,209.79,210.27,202.37,202.37,555,27,0
1740168000,202.36,203.82,201.44,201.93,469,34,0
1740171600,201.97,201.99,198.91,198.97,523,22,0
1740175200,198.74,200.74,198.74,199.17,612,20,0
1740412800,201.02,203.42,199.40,201.06,199,25,0
1740416400,201.06,203.04,200.46,200.71,1052,41,0
1740420000,200.80,202.46,200.05,201.15,852,30,0
1740423600,201.15,202.40,201.10,201.25,231,34,0
1740427200,201.28,203.03,201.28,202.73,141,20,0
1740430800,202.73,203.85,202.73,202.76,222,27,0
1740434400,202.76,203.56,201.41,201.92,564,20,0
1740499200,203.12,203.44,200.38,201.48,269,37,0
1740502800,201.48,202.28,199.04,200.67,517,30,0
1740506400,200.66,200.98,198.38,200.76,835,20,0
1740510000,200.66,201.55,199.44,201.52,960,39,0
1740513600,201.69,203.00,201.49,201.67,891,40,0
1740517200,201.67,201.85,200.57,201.22,381,28,0
1740520800,201.22,201.33,199.99,201.16,860,20,0
1740585600,201.59,203.78,201.17,203.49,104,41,0
1740589200,203.49,204.43,203.15,203.83,168,36,0
1740592800,204.18,204.72,203.29,203.80,181,41,0
1740596400,203.71,204.08,202.92,203.10,276,27,0
1740600000,203.10,203.40,201.55,201.61,159,41,0
1740603600,201.61,202.21,200.97,201.42,180,30,0
1740607200,201.36,202.00,201.02,201.11,321,22,0
1740672000,202.29,202.54,197.90,197.93,130,41,0
1740675600,197.85,199.89,196.80,198.43,482,39,0
1740679200,198.43,199.26,197.95,197.95,198,21,0
1740682800,197.95,199.74,197.94,199.09,183,27,0
1740686400,199.12,200.34,199.09,200.09,153,34,0
1740690000,200.08,200.11,197.62,197.94,203,30,0
1740693600,197.94,197.94,196.42,196.63,574,20,0
1740758400,198.12,198.71,196.97,197.53,112,41,0
1740762000,197.53,198.65,197.21,197.99,325,34,0
1740765600,197.99,198.27,196.45,197.74,280,37,0
1740769200,197.74,197.74,196.01,196.20,254,41,0
1740772800,196.20,197.19,195.56,196.51,271,35,0
1740776400,196.51,198.65,196.36,198.53,183,29,0
1740780000,198.53,200.46,197.92,200.11,477,20,0
1741017600,200.52,201.98,198.48,198.99,209,41,0
1741021200,198.97,200.63,198.19,198.99,493,33,0
1741024800,198.99,200.16,198.83,200.16,363,41,0
1741028400,200.16,201.37,200.15,201.12,220,30,0
1741032000,201.12,201.12,199.15,199.48,301,36,0
1741035600,199.65,200.35,198.97,199.18,332,20,0
1741039200,199.14,199.18,196.37,197.82,1053,20,0
1741104000,194.34,194.63,191.30,192.64,216,41,0
1741107600,192.53,194.41,191.98,193.60,657,39,0
1741111200,193.48,195.02,192.71,194.77,452,37,0
1741114800,194.77,195.61,194.19,195.00,300,40,0
1741118400,195.22,197.03,195.01,197.03,316,26,0
1741122000,197.03,198.20,196.91,197.14,338,35,0
1741125600,197.06,198.17,195.06,195.69,824,24,0
1741190400,195.19,195.52,193.83,194.06,256,41,0
1741194000,194.06,196.14,194.06,195.31,761,32,0
1741197600,195.06,195.41,193.97,194.92,407,41,0
1741201200,195.03,196.84,194.88,196.41,578,32,0
1741204800,196.41,196.91,195.24,196.53,440,28,0
1741208400,196.52,197.55,196.35,196.75,312,26,0
1741212000,196.67,196.98,195.41,196.48,869,21,0
1741276800,194.01,194.11,190.07,191.81,277,41,0
1741280400,191.57,194.50,191.57,193.38,371,26,0
1741284000,193.38,193.73,191.71,191.81,356,28,0
1741287600,191.81,191.83,190.41,190.92,253,41,0
1741291200,190.92,191.31,189.84,190.46,219,41,0
1741294800,190.46,190.51,188.14,188.73,388,32,0
1741298400,188.59,188.95,187.32,187.85,727,20,0
1741363200,187.04,188.52,185.17,187.09,190,41,0
1741366800,187.00,187.33,183.85,185.19,535,41,0
1741370400,185.18,186.25,183.92,184.20,483,32,0
1741374000,184.21,186.25,183.86,185.27,323,40,0
1741377600,185.27,186.97,185.27,186.97,295,24,0
1741381200,186.97,187.49,186.18,186.40,285,23,0
1741384800,186.40,187.36,185.82,186.65,810,20,0
1741618800,183.67,183.89,178.97,179.40,565,41,0
1741622400,179.15,179.80,178.42,178.75,738,41,0
1741626000,178.82,180.24,178.70,179.73,748,41,0
1741629600,179.73,180.13,178.56,178.65,572,31,0
1741633200,178.65,178.95,177.62,177.62,304,32,0
1741636800,177.62,178.08,176.15,176.15,317,20,0
1741640400,176.23,179.10,176.08,177.82,1284,20,0
1741705200,173.40,177.08,173.40,174.30,487,39,0
1741708800,174.30,175.49,172.11,173.19,557,30,0
1741712400,173.19,175.39,172.79,174.66,400,36,0
1741716000,174.63,175.15,174.02,174.70,317,31,0
1741719600,174.70,175.01,172.36,173.71,286,39,0
1741723200,173.71,175.56,173.71,174.77,388,39,0
1741726800,174.77,175.13,173.25,173.83,881,21,0
1741791600,176.23,176.23,172.99,173.32,415,41,0
1741795200,173.07,174.70,172.14,174.43,510,35,0
1741798800,174.42,175.80,173.46,175.61,298,32,0
1741802400,175.61,176.72,175.31,175.70,237,41,0
1741806000,175.59,176.33,174.42,174.51,213,27,0
1741809600,174.51,176.08,174.28,175.75,428,29,0
1741813200,175.85,176.03,175.00,175.73,970,22,0
1741878000,175.11,175.11,170.65,171.33,212,41,0
1741881600,171.33,174.65,171.22,173.07,463,29,0
1741885200,173.15,173.70,172.03,172.43,465,34,0
1741888800,172.43,173.60,172.35,173.40,470,29,0
1741892400,173.18,173.34,172.02,172.20,285,34,0
1741896000,172.19,173.40,172.18,172.83,303,22,0
1741899600,172.83,173.49,171.16,171.44,982,20,0
1741964400,174.29,176.32,173.75,175.74,215,41,0
1741968000,175.61,176.23,174.47,176.19,523,27,0
1741971600,176.29,177.78,176.29,177.52,272,35,0
1741975200,177.52,177.52,175.95,176.98,249,34,0
1741978800,176.85,177.56,176.28,176.47,241,35,0
1741982400,176.47,177.78,176.47,177.48,217,21,0
1741986000,177.48,178.43,177.24,178.36,628,20,0
1742223600,176.82,180.84,176.82,178.37,224,24,0
1742227200,178.26,180.09,178.16,179.03,719,34,0
1742230800,179.03,181.19,178.94,180.93,538,26,0
1742234400,180.93,181.64,180.67,181.44,537,39,0
1742238000,181.29,182.92,181.14,182.71,393,41,0
1742241600,182.94,183.90,182.74,183.48,412,29,0
1742245200,183.42,183.68,182.08,182.50,605,21,0
1742310000,183.21,183.21,179.20,179.25,173,35,0
1742313600,179.03,179.42,177.15,178.24,376,31,0
1742317200,177.91,178.86,176.55,178.41,253,39,0
1742320800,178.42,179.91,178.37,178.90,249,26,0
1742324400,178.90,179.49,178.34,179.23,234,38,0
1742328000,179.26,179.47,178.49,179.06,366,38,0
1742331600,179.06,179.48,178.40,178.82,897,20,0
1742396400,179.73,181.57,178.69,181.54,417,41,0
1742400000,181.54,182.73,181.17,181.86,478,41,0
1742403600,181.86,183.39,181.86,183.11,449,37,0
1742407200,183.11,183.28,182.82,182.95,249,32,0
1742410800,183.06,183.35,182.41,182.97,350,39,0
1742414400,182.86,184.82,182.84,184.51,552,41,0
1742418000,184.69,185.48,183.45,183.57,1062,22,0
1742482800,181.69,184.37,181.69,184.02,259,41,0
1742486400,183.82,186.04,183.73,185.34,374,41,0
1742490000,185.31,185.59,184.57,184.70,323,35,0
1742493600,184.64,185.15,183.92,184.26,378,41,0
1742497200,184.27,184.66,182.87,183.04,317,28,0
1742500800,183.05,184.12,183.05,183.39,269,39,0
1742504400,183.39,184.31,182.99,183.35,612,20,0
1742569200,181.62,181.62,178.34,180.69,202,41,0
1742572800,180.69,182.84,179.82,182.84,251,41,0
1742576400,182.84,183.15,181.27,181.64,169,41,0
1742580000,181.76,183.20,181.60,183.19,156,37,0
1742583600,182.92,183.50,182.53,183.43,89,31,0
1742587200,183.43,183.79,182.60,183.37,134,37,0
1742590800,183.37,185.27,182.81,184.61,506,25,0
1742828400,188.45,188.45,185.61,187.56,172,29,0
1742832000,187.75,187.83,186.57,187.28,215,41,0
1742835600,187.29,188.73,187.29,188.70,385,31,0
1742839200,188.70,188.70,187.38,188.17,312,41,0
1742842800,188.17,188.88,187.88,188.01,167,34,0
1742846400,187.99,188.58,187.56,188.41,162,28,0
1742850000,188.41,188.76,187.75,188.36,223,21,0
1742914800,188.60,190.70,188.28,190.34,144,41,0
1742918400,190.53,190.80,189.11,190.04,310,22,0
1742922000,190.05,190.94,189.91,190.34,157,24,0
1742925600,190.25,191.50,190.23,191.29,207,33,0
1742929200,191.29,191.52,189.84,189.84,138,33,0
1742932800,189.82,190.55,189.31,190.38,229,24,0
1742936400,190.38,191.52,190.38,191.09,451,20,0
1743001200,190.96,191.37,189.58,189.65,161,41,0
1743004800,189.65,190.91,189.07,190.23,475,31,0
1743008400,190.44,190.84,189.26,189.56,291,28,0
1743012000,189.60,190.72,189.60,190.12,217,20,0
1743015600,190.10,190.34,189.16,189.18,233,32,0
1743019200,189.18,190.29,189.15,189.18,116,30,0
1743022800,189.35,190.58,189.15,190.55,675,21,0
1743087600,188.51,188.60,184.38,188.32,284,41,0
1743091200,188.60,191.30,188.59,190.61,329,32,0
1743094800,190.61,190.88,190.25,190.42,219,34,0
1743098400,190.45,192.08,189.61,189.61,253,39,0
1743102000,189.61,190.95,189.61,190.05,213,37,0
1743105600,190.05,191.29,189.91,190.85,229,33,0
1743109200,190.91,191.19,189.51,189.98,589,28,0
1743174000,190.25,190.25,187.59,188.81,263,41,0
1743177600,188.56,188.92,185.84,186.40,711,33,0
1743181200,186.33,186.40,185.35,186.01,401,28,0
1743184800,185.98,186.26,185.42,185.80,172,29,0
1743188400,185.80,185.93,184.85,185.84,256,28,0
1743192000,185.84,186.24,185.18,185.42,200,21,0
1743195600,185.36,185.97,185.12,185.34,446,20,0
1743436800,180.70,181.72,177.54,179.96,420,41,0
1743440400,179.87,180.99,178.53,178.58,848,34,0
1743444000,178.58,179.89,177.51,179.66,513,33,0
1743447600,179.61,180.82,179.41,180.25,363,32,0
1743451200,180.25,181.80,180.20,181.41,396,28,0
1743454800,181.42,183.39,181.33,182.89,594,27,0
1743458400,182.89,184.69,182.77,184.04,1076,25,0
1743523200,182.64,183.09,181.63,182.66,224,41,0
1743526800,182.41,183.49,180.94,183.40,430,23,0
1743530400,183.40,185.32,183.28,184.81,237,41,0
1743534000,184.86,186.27,184.81,186.16,288,34,0
1743537600,186.16,186.34,185.50,185.85,253,31,0
1743541200,185.85,185.85,184.91,185.64,215,36,0
1743544800,185.58,187.72,185.52,187.39,474,20,0
1743609600,185.13,187.87,184.22,186.46,131,41,0
1743613200,186.46,188.50,186.03,187.76,224,22,0
1743616800,187.76,188.19,187.11,188.02,159,41,0
1743620400,187.79,188.41,187.29,187.71,140,31,0
1743624000,187.71,189.04,187.47,187.65,180,41,0
1743627600,187.65,187.85,186.26,186.26,147,27,0
1743631200,186.19,188.23,185.96,187.43,671,24,0
1743696000,180.49,180.63,179.07,179.10,195,41,0
1743699600,179.02,179.10,175.49,175.88,451,28,0
1743703200,175.91,179.35,175.73,179.35,267,41,0
1743706800,179.36,180.88,179.19,179.75,203,34,0
1743710400,179.76,180.62,179.10,179.16,211,24,0
1743714000,179.18,179.66,178.10,179.42,169,34,0
1743717600,179.28,179.52,177.38,177.96,733,20,0
1743782400,173.39,176.61,172.49,176.19,194,41,0
1743786000,176.08,176.85,173.90,175.45,472,41,0
1743789600,175.45,180.36,175.04,178.72,512,41,0
1743793200,178.76,179.59,175.03,175.39,484,41,0
1743796800,175.49,178.04,174.63,177.42,381,41,0
1743800400,177.42,177.98,172.58,172.58,658,41,0
1743804000,172.66,175.40,171.27,171.40,1231,28,0
1744041600,168.68,168.68,163.99,167.56,233,41,0
1744045200,167.81,179.12,167.40,172.94,1162,41,0
1744048800,172.69,174.15,168.99,171.41,864,41,0
1744052400,171.66,171.78,168.54,169.13,561,41,0
1744056000,169.24,173.46,168.81,172.58,624,41,0
1744059600,172.66,172.88,168.43,168.62,730,41,0
1744063200,168.62,170.71,167.72,169.39,1610,33,0
1744128000,175.33,176.37,173.96,176.08,361,41,0
1744131600,175.91,176.83,173.78,173.95,889,41,0
1744135200,173.95,174.87,172.20,173.72,630,33,0
1744138800,173.91,174.22,171.36,171.37,698,35,0
1744142400,171.57,172.04,169.93,171.20,824,37,0
1744146000,171.12,171.60,168.64,168.96,633,41,0
1744149600,168.87,169.15,165.17,166.69,1314,21,0
1744214400,167.54,168.11,163.85,165.98,345,41,0
1744218000,165.88,167.77,164.34,164.42,627,28,0
1744221600,164.41,166.46,164.41,165.49,376,41,0
1744225200,165.42,166.72,165.34,166.54,337,34,0
1744228800,167.22,183.47,166.21,183.05,988,29,0
1744232400,183.30,184.61,180.36,180.36,812,41,0
1744236000,180.13,186.13,179.68,184.23,1315,29,0
1744300800,181.74,181.74,178.49,178.97,217,41,0
1744304400,178.97,182.10,177.77,179.85,427,33,0
1744308000,179.93,180.74,178.39,178.42,388,41,0
1744311600,178.42,178.84,174.31,177.99,368,41,0
1744315200,177.99,179.70,175.52,179.21,280,41,0
1744318800,179.41,182.14,178.86,180.01,252,41,0
1744322400,180.01,181.33,177.33,179.97,1133,36,0
1744387200,178.56,181.90,177.86,180.95,286,41,0
1744390800,181.20,181.30,178.29,178.83,602,41,0
1744394400,178.76,180.01,177.39,179.73,474,41,0
1744398000,179.79,182.86,179.56,182.31,285,41,0
1744401600,182.33,185.10,181.93,184.57,336,41,0
1744405200,184.62,185.02,183.60,183.77,358,41,0
1744408800,183.72,185.47,182.95,183.45,867,31,0
1744646400,187.14,187.14,184.66,185.92,152,41,0
1744650000,186.04,186.55,184.16,185.86,477,36,0
1744653600,185.86,185.92,182.35,183.06,234,41,0
1744657200,183.04,183.52,182.49,183.28,304,41,0
1744660800,183.40,184.33,182.30,184.33,274,41,0
1744664400,184.33,185.36,184.12,184.67,193,41,0
1744668000,184.69,185.29,181.59,182.26,827,26,0
1744732800,183.29,184.47,182.52,183.40,247,41,0
1744736400,183.42,183.42,180.77,181.85,1032,39,0
1744740000,181.83,183.48,181.82,182.98,640,34,0
1744743600,183.00,183.51,182.44,182.75,372,30,0
1744747200,182.75,183.53,182.53,182.86,359,34,0
1744750800,182.83,183.97,182.41,183.72,358,35,0
1744754400,183.78,184.51,183.42,184.48,521,20,0
1744819200,183.44,184.39,182.63,182.63,171,41,0
1744822800,182.63,183.80,182.60,183.45,326,24,0
1744826400,183.45,184.62,183.45,183.55,230,41,0
1744830000,183.55,184.23,183.22,183.62,167,38,0
1744833600,183.62,184.07,180.92,180.92,245,41,0
1744837200,180.92,182.28,180.70,180.92,285,30,0
1744840800,180.67,181.75,179.45,181.57,800,23,0
1744905600,183.35,183.76,181.58,182.14,237,41,0
1744909200,182.26,183.06,180.45,181.15,661,33,0
1744912800,180.96,183.05,180.96,182.51,450,37,0
1744916400,182.65,183.50,182.06,183.50,594,41,0
1744920000,183.50,183.54,182.52,183.27,395,35,0
1744923600,183.31,184.03,183.17,183.28,369,27,0
1744927200,183.29,183.31,182.21,182.80,917,24,0
1745251200,182.22,183.17,180.15,180.15,233,41,0
1745254800,180.17,180.25,177.98,178.20,765,38,0
1745258400,178.16,178.59,175.78,175.90,535,39,0
1745262000,175.83,176.96,175.59,175.86,494,41,0
1745265600,175.86,175.93,174.86,175.30,414,21,0
1745269200,175.30,176.20,175.19,175.54,412,35,0
1745272800,175.53,177.40,175.50,177.18,1018,28,0
1745337600,178.23,180.84,178.23,180.59,244,40,0
1745341200,180.54,182.09,180.39,181.94,390,33,0
1745344800,182.01,182.69,181.32,182.69,321,27,0
1745348400,182.85,183.90,182.76,183.40,430,24,0
1745352000,183.41,183.97,181.01,181.55,447,39,0
1745355600,181.63,184.03,181.51,183.50,241,28,0
1745359200,183.90,183.95,182.40,183.80,521,20,0
1745424000,187.59,191.70,187.59,190.15,407,41,0
1745427600,190.28,191.18,189.13,190.66,409,33,0
1745431200,190.69,191.03,188.86,189.44,510,39,0
1745434800,189.44,189.78,187.97,189.49,360,41,0
1745438400,189.49,190.45,188.69,190.10,364,41,0
1745442000,190.22,190.40,189.26,189.79,459,34,0
1745445600,189.71,189.71,187.79,188.80,891,20,0
1745510400,189.52,190.52,187.95,190.27,119,41,0
1745514000,190.27,191.27,188.61,190.95,245,30,0
1745517600,190.95,191.91,190.27,191.37,344,27,0
1745521200,191.41,193.04,191.12,192.92,230,41,0
1745524800,192.92,193.01,192.10,192.39,215,21,0
1745528400,192.37,193.42,192.11,192.95,243,35,0
1745532000,192.97,193.41,191.81,193.06,438,25,0
1745596800,192.58,194.69,192.53,193.06,195,41,0
1745600400,193.06,193.90,191.53,192.61,695,39,0
1745604000,192.60,193.36,192.06,192.28,512,36,0
1745607600,192.28,192.91,192.26,192.38,224,41,0
1745611200,192.37,193.18,191.07,191.52,433,41,0
1745614800,191.42,192.97,191.42,192.70,384,41,0
1745618400,192.71,193.94,192.65,193.46,735,20,0
1745856000,194.52,196.47,194.00,194.00,222,41,0
1745859600,194.00,195.76,193.86,194.79,642,29,0
1745863200,194.79,194.96,193.16,194.16,506,28,0
1745866800,194.02,194.11,192.90,193.27,433,30,0
1745870400,193.25,194.06,192.64,194.06,335,36,0
1745874000,194.15,194.24,193.16,194.06,316,32,0
1745877600,194.06,195.76,194.06,195.46,660,20,0
1745942400,195.03,196.29,195.03,195.60,128,41,0
1745946000,195.60,195.75,194.03,195.46,212,28,0
1745949600,195.47,196.11,194.49,195.20,215,35,0
1745953200,195.20,195.68,193.70,193.72,244,41,0
1745956800,193.72,196.29,193.72,196.04,274,30,0
1745960400,196.06,197.05,195.66,196.15,318,32,0
1745964000,196.15,196.76,195.67,196.31,467,20,0
1746028800,189.79,196.71,189.79,192.77,187,41,0
1746032400,192.77,196.58,192.31,195.14,396,41,0
1746036000,194.89,196.18,194.56,196.18,218,41,0
1746039600,196.15,196.28,195.12,196.09,234,41,0
1746043200,196.14,197.90,195.54,197.39,393,39,0
1746046800,197.29,199.20,197.12,198.56,472,28,0
1746050400,198.56,204.62,198.56,203.45,731,20,0
1746115200,201.60,204.04,200.19,202.77,169,35,0
1746118800,202.52,205.05,202.17,204.68,480,31,0
1746122400,204.66,206.00,204.04,204.17,600,41,0
1746126000,204.22,204.91,203.97,204.37,360,31,0
1746129600,204.36,205.74,204.36,204.59,337,25,0
1746133200,204.59,205.88,204.59,205.55,247,28,0
1746136800,205.55,205.55,203.94,203.94,534,22,0
1746201600,206.16,208.79,205.91,207.15,215,20,0
1746205200,207.15,207.24,204.39,205.27,372,21,0
1746208800,205.49,206.65,204.83,205.92,335,30,0
1746212400,205.92,206.59,205.17,206.40,287,30,0
1746216000,206.46,206.50,205.58,206.04,203,41,0
1746219600,206.04,206.85,205.87,206.12,248,36,0
1746223200,206.12,207.90,206.12,207.66,314,20,0
1746460800,206.66,209.60,205.79,209.60,175,41,0
1746464400,209.60,209.60,207.31,208.39,439,41,0
1746468000,208.39,209.21,208.10,208.63,317,41,0
1746471600,208.63,209.01,208.29,208.63,188,39,0
1746475200,208.63,208.63,206.99,207.34,258,41,0
1746478800,207.43,208.19,207.30,207.64,196,37,0
1746482400,207.64,208.24,207.31,207.38,473,22,0
1746547200,207.39,208.04,206.15,206.57,135,41,0
1746550800,206.54,208.02,206.16,207.46,211,41,0
1746554400,207.81,208.50,207.07,207.07,169,39,0
1746558000,207.07,207.78,206.70,206.70,119,41,0
1746561600,206.70,207.49,206.70,206.89,107,41,0
1746565200,206.89,207.88,206.86,207.47,139,41,0
1746568800,207.47,208.05,206.14,206.14,319,26,0
1746633600,206.85,207.95,205.48,207.70,94,41,0
1746637200,207.29,209.02,207.07,207.10,344,41,0
1746640800,207.10,208.38,206.35,208.17,185,41,0
1746644400,208.17,208.30,207.12,207.83,128,41,0
1746648000,207.83,208.24,206.55,206.74,138,41,0
1746651600,206.49,207.89,205.52,207.57,216,41,0
1746655200,207.57,208.34,206.30,207.48,973,41,0
1746720000,208.55,208.70,207.19,208.41,248,30,0
1746723600,208.37,208.37,206.32,206.66,622,41,0
1746727200,206.50,208.57,206.50,208.57,552,41,0
1746730800,208.64,209.37,208.56,208.75,424,41,0
1746734400,208.75,208.89,207.52,207.65,463,32,0
1746738000,207.55,208.16,207.31,207.97,290,39,0
1746741600,207.92,208.04,206.50,206.57,589,20,0
1746806400,206.27,206.42,204.32,204.67,199,41,0
1746810000,204.36,204.64,201.32,202.64,315,39,0
1746813600,202.66,204.56,202.66,204.18,245,26,0
1746817200,204.06,204.18,202.78,203.32,388,41,0
1746820800,203.16,203.54,202.73,203.46,279,41,0
1746824400,203.46,203.46,202.16,202.69,402,22,0
1746828000,202.69,203.78,202.69,202.83,572,20,0
1747065600,206.96,207.21,204.59,204.69,178,41,0
1747069200,204.69,207.42,204.02,206.63,305,26,0
1747072800,206.63,207.68,206.32,207.46,280,41,0
1747076400,207.46,207.78,206.35,206.92,230,41,0
1747080000,206.92,207.16,206.84,206.88,115,39,0
1747083600,207.01,207.58,206.77,207.15,253,39,0
1747087200,207.15,207.60,206.14,207.32,418,20,0
1747152000,206.25,209.02,205.92,208.76,123,41,0
1747155600,208.70,210.03,208.55,209.91,398,41,0
1747159200,209.91,210.94,209.66,210.49,354,41,0
1747162800,210.49,210.81,210.07,210.27,253,41,0
1747166400,210.27,211.31,210.03,210.67,368,41,0
1747170000,210.69,211.86,210.63,211.67,216,39,0
1747173600,211.67,211.67,209.83,210.08,385,24,0
1747238400,210.44,211.11,209.24,209.57,343,41,0
1747242000,209.47,209.95,209.04,209.16,280,41,0
1747245600,209.10,209.67,208.10,208.61,492,23,0
1747249200,208.57,208.99,207.86,208.30,330,31,0
1747252800,208.30,208.47,207.03,208.20,289,37,0
1747256400,208.20,208.35,207.46,208.26,278,34,0
1747260000,208.26,208.71,207.68,208.14,425,28,0
1747324800,207.69,209.35,207.69,209.22,145,20,0
1747328400,209.22,209.57,208.52,209.25,248,41,0
1747332000,209.20,210.04,209.18,209.91,237,41,0
1747335600,209.91,210.90,209.90,210.87,169,40,0
1747339200,210.88,211.15,210.72,210.86,106,41,0
1747342800,210.75,210.87,209.96,209.96,249,39,0
1747346400,209.96,209.97,208.60,209.25,509,22,0
1747411200,208.83,210.15,208.53,210.15,184,41,0
1747414800,209.95,211.32,209.89,211.22,303,41,0
1747418400,211.25,211.78,211.12,211.66,271,41,0
1747422000,211.55,212.48,211.55,212.10,155,31,0
1747425600,212.07,212.85,211.83,211.91,233,41,0
1747429200,211.87,212.44,211.60,212.29,110,30,0
1747432800,212.29,212.66,212.04,212.42,200,25,0
1747670400,211.41,213.81,210.31,213.39,195,41,0
1747674000,213.25,213.62,212.44,212.54,285,35,0
1747677600,212.54,213.50,212.27,213.11,239,41,0
1747681200,213.01,213.63,213.01,213.56,149,41,0
1747684800,213.43,214.79,213.40,214.39,166,41,0
1747688400,214.42,214.46,213.55,214.07,97,41,0
1747692000,214.22,214.93,213.49,214.77,291,21,0
1747756800,213.29,214.33,213.03,213.84,135,41,0
1747760400,213.86,214.64,213.46,214.09,443,21,0
1747764000,214.09,214.09,212.15,212.49,268,39,0
1747767600,212.44,212.73,212.19,212.55,131,41,0
1747771200,212.64,212.64,211.45,211.53,215,41,0
1747774800,211.53,211.81,211.38,211.46,291,41,0
1747778400,211.45,212.47,211.41,212.44,403,24,0
1747843200,212.21,212.21,210.77,211.51,201,41,0
1747846800,211.62,212.92,211.51,212.92,198,41,0
1747850400,212.92,213.03,212.34,213.01,192,41,0
1747854000,213.01,213.06,212.56,212.73,167,41,0
1747857600,212.85,212.95,210.71,212.04,283,41,0
1747861200,211.91,212.21,211.31,211.38,200,41,0
1747864800,211.38,211.94,210.42,211.40,750,21,0
1747929600,212.46,212.47,211.59,212.18,65,41,0
1747933200,212.18,212.45,211.22,211.42,292,41,0
1747936800,211.44,212.07,211.26,212.07,187,41,0
1747940400,212.07,212.35,211.64,212.34,251,27,0
1747944000,212.34,212.97,211.95,212.83,122,41,0
1747947600,212.83,213.50,212.54,213.40,129,41,0
1747951200,213.40,213.91,212.96,213.33,386,28,0
1748016000,211.56,212.35,211.23,212.04,131,41,0
1748019600,212.04,213.20,211.66,212.98,290,40,0
1748023200,212.99,213.03,211.65,212.18,257,41,0
1748026800,212.19,212.99,212.11,212.65,149,41,0
1748030400,212.64,213.03,212.47,212.77,120,31,0
1748034000,212.84,213.10,212.62,212.77,231,40,0
1748037600,212.85,213.28,212.61,213.02,468,22,0
1748361600,214.59,216.75,214.57,216.24,133,41,0
1748365200,216.24,217.66,216.24,216.50,253,36,0
1748368800,216.49,217.94,216.47,217.88,271,41,0
1748372400,217.93,218.11,216.98,217.36,213,35,0
1748376000,217.26,218.71,217.26,218.41,215,30,0
1748379600,218.40,218.70,218.00,218.23,157,31,0
1748383200,218.23,218.23,217.17,217.75,541,20,0
1748448000,218.03,218.93,217.49,218.87,136,41,0
1748451600,218.81,220.10,218.79,219.30,162,41,0
1748455200,219.30,220.09,219.28,219.58,97,41,0
1748458800,219.58,219.60,219.13,219.42,43,41,0
1748462400,219.49,219.64,219.16,219.18,54,41,0
1748466000,219.13,219.18,218.64,218.84,65,41,0
1748469600,218.72,219.52,218.54,219.07,422,23,0
1748534400,218.36,219.00,218.02,218.78,134,41,0
1748538000,218.53,219.24,217.59,219.13,265,41,0
1748541600,219.13,219.13,217.14,217.14,400,41,0
1748545200,217.14,219.10,217.14,218.85,119,41,0
1748548800,218.92,219.27,218.78,218.90,167,41,0
1748552400,218.91,219.41,218.78,219.27,181,41,0
1748556000,219.27,220.27,218.72,220.19,556,22,0
1748620800,219.64,220.29,218.55,219.67,79,41,0
1748624400,219.67,220.36,219.67,219.89,176,31,0
1748628000,219.89,220.79,219.79,220.61,235,41,0
1748631600,220.66,220.75,218.62,218.90,309,41,0
1748635200,218.90,219.70,218.86,219.28,257,41,0
1748638800,219.19,220.26,219.19,220.05,299,41,0
1748642400,220.04,220.98,219.84,220.43,342,26,0
1748880000,220.03,220.65,218.58,218.67,82,41,0
1748883600,218.67,219.82,218.41,219.53,236,41,0
1748887200,219.53,220.33,219.45,219.93,106,41,0
1748890800,219.91,220.19,219.18,219.18,82,36,0
1748894400,219.38,219.73,219.38,219.51,57,41,0
1748898000,219.62,220.44,219.62,220.37,95,41,0
1748901600,220.36,221.61,220.35,221.39,211,21,0
1748966400,220.99,221.79,219.14,219.14,94,41,0
1748970000,219.13,219.83,218.35,218.37,264,39,0
1748973600,218.37,220.83,218.37,220.72,105,38,0
1748977200,220.72,220.90,220.14,220.89,68,41,0
1748980800,220.89,221.30,220.89,221.01,66,41,0
1748984400,221.01,221.17,220.28,220.31,157,41,0
1748988000,220.31,220.52,218.94,219.01,346,23,0
1749052800,219.65,220.08,218.68,219.52,138,41,0
1749056400,219.49,220.66,218.81,219.79,367,37,0
1749060000,219.85,221.46,219.78,221.24,237,41,0
1749063600,221.28,221.75,220.95,221.56,193,41,0
1749067200,221.57,221.74,220.60,221.21,193,41,0
1749070800,221.26,221.76,221.26,221.55,260,41,0
1749074400,221.55,222.20,221.51,221.98,432,20,0
1749139200,222.79,224.01,222.22,223.71,117,41,0
1749142800,223.71,224.44,223.18,223.69,450,41,0
1749146400,223.69,224.66,223.08,224.66,295,34,0
1749150000,224.66,225.25,223.43,223.58,173,41,0
1749153600,223.61,224.98,223.36,224.08,234,41,0
1749157200,224.26,224.26,222.49,223.28,339,37,0
1749160800,223.28,223.52,222.03,222.76,668,20,0
1749225600,224.03,224.03,222.45,223.36,153,41,0
1749229200,223.36,223.51,222.86,223.43,202,41,0
1749232800,223.46,224.39,222.85,224.06,290,41,0
1749236400,224.14,224.30,223.29,223.32,132,41,0
1749240000,223.32,224.16,223.17,224.09,299,41,0
1749243600,224.09,225.14,224.09,224.87,231,41,0
1749247200,224.85,224.87,223.79,224.33,256,23,0
1749484800,223.21,224.73,221.43,223.88,149,41,0
1749488400,223.88,223.93,221.78,222.64,231,41,0
1749492000,222.72,222.84,221.02,221.90,293,41,0
1749495600,222.01,222.83,221.90,222.49,283,41,0
1749499200,222.70,222.78,222.05,222.52,124,41,0
1749502800,222.54,222.54,221.65,221.85,314,41,0
1749506400,221.82,222.38,221.13,221.13,374,24,0
1749571200,221.63,222.09,218.83,219.84,150,41,0
1749574800,220.29,220.72,218.14,219.12,203,36,0
1749578400,219.20,219.21,217.20,218.39,195,41,0
1749582000,218.39,218.90,218.29,218.71,94,41,0
1749585600,218.79,218.82,217.63,217.93,117,41,0
1749589200,217.93,218.63,217.39,218.63,163,41,0
1749592800,218.63,219.42,218.05,219.13,331,20,0
1749657600,218.30,219.36,217.21,218.66,106,41,0
1749661200,218.66,219.45,218.64,218.70,180,41,0
1749664800,218.77,219.12,218.08,218.55,226,41,0
1749668400,218.55,218.75,217.94,218.11,177,31,0
1749672000,218.07,218.61,216.78,216.78,204,41,0
1749675600,216.78,217.22,215.38,216.79,339,30,0
1749679200,216.78,218.54,216.61,218.37,428,20,0
1749744000,218.99,218.99,216.51,217.80,159,41,0
1749747600,217.80,219.11,217.63,218.37,242,20,0
1749751200,218.49,219.06,217.99,218.87,806,31,0
1749754800,218.80,219.15,218.11,218.18,261,29,0
1749758400,218.63,218.63,218.04,218.61,75,41,0
1749762000,218.59,218.86,218.26,218.68,89,41,0
1749765600,218.58,219.12,217.56,218.20,220,20,0
1749830400,213.79,214.80,212.33,213.22,205,41,0
1749834000,213.78,214.34,213.11,213.97,286,41,0
1749837600,213.90,214.76,213.90,214.29,226,32,0
1749841200,214.29,214.35,213.81,213.95,104,39,0
1749844800,213.95,213.95,213.02,213.35,150,40,0
1749848400,213.35,213.37,211.53,211.74,244,34,0
1749852000,211.74,211.92,210.67,211.65,538,20,0
1750089600,213.39,214.53,212.13,213.82,86,41,0
1750093200,213.83,214.25,212.54,214.18,167,32,0
1750096800,214.17,214.53,213.73,214.10,325,39,0
1750100400,214.10,214.27,213.68,213.68,128,41,0
1750104000,213.68,214.35,213.46,214.04,124,41,0
1750107600,214.04,214.48,214.04,214.47,126,37,0
1750111200,214.47,214.72,213.89,214.42,311,20,0
1750176000,212.79,214.56,212.23,214.22,147,36,0
1750179600,214.20,215.26,213.69,214.31,212,41,0
1750183200,214.27,215.33,214.27,215.26,74,41,0
1750186800,215.26,215.40,214.77,214.89,118,41,0
1750190400,214.89,214.89,212.34,212.42,171,36,0
1750194000,212.30,212.43,211.27,212.43,308,22,0
1750197600,212.30,212.30,211.47,212.01,190,24,0
1750262400,213.43,213.43,212.00,212.73,111,41,0
1750266000,212.73,213.23,212.01,212.68,264,41,0
1750269600,212.62,212.76,211.43,212.27,390,27,0
1750273200,212.27,212.35,211.44,212.21,199,41,0
1750276800,212.19,212.42,211.45,212.01,253,41,0
1750280400,212.01,212.41,211.02,211.02,181,41,0
1750284000,211.19,212.22,210.96,211.04,630,20,0
1750435200,213.59,214.35,212.20,212.21,163,41,0
1750438800,212.21,213.59,211.81,212.41,529,41,0
1750442400,212.21,212.80,211.88,212.25,524,41,0
1750446000,212.25,213.15,212.13,212.98,417,41,0
1750449600,212.98,212.98,211.05,211.55,306,41,0
1750453200,211.60,212.35,211.32,211.50,189,28,0
1750456800,211.32,212.13,210.94,211.74,633,21,0
1750694400,212.51,212.87,208.99,211.95,162,38,0
1750698000,211.95,212.63,211.13,211.80,237,41,0
1750701600,211.80,212.06,210.30,211.19,158,41,0
1750705200,211.19,211.32,209.55,210.32,190,41,0
1750708800,210.30,213.17,210.02,213.06,240,41,0
1750712400,213.06,213.77,213.06,213.39,220,41,0
1750716000,213.40,213.81,212.93,213.28,374,24,0
1750780800,214.98,216.95,214.98,216.56,175,21,0
1750784400,216.54,216.99,216.20,216.42,276,34,0
1750788000,216.42,218.98,216.42,218.82,417,39,0
1750791600,218.70,220.20,218.40,219.22,399,37,0
1750795200,219.20,220.14,219.17,220.14,190,41,0
1750798800,220.22,220.51,219.90,220.22,316,27,0
1750802400,220.24,220.53,219.07,219.27,421,21,0
1750867200,219.24,220.05,217.87,220.05,171,41,0
1750870800,220.05,220.10,218.53,218.91,261,32,0
1750874400,218.91,218.91,218.13,218.47,219,24,0
1750878000,218.47,218.47,217.44,217.81,208,34,0
1750881600,217.83,218.21,217.54,217.88,212,34,0
1750885200,217.88,218.69,217.58,218.37,300,41,0
1750888800,218.37,219.53,218.33,219.19,463,23,0
1750953600,219.74,220.83,219.74,220.54,186,41,0
1750957200,220.42,222.66,220.42,222.65,198,41,0
1750960800,222.65,224.55,222.57,223.91,378,41,0
1750964400,223.91,224.79,223.91,224.41,367,34,0
1750968000,224.41,225.34,224.25,224.60,296,28,0
1750971600,224.61,225.08,224.14,224.86,257,25,0
1750975200,224.88,225.08,223.33,223.84,438,23,0
1751040000,224.33,226.09,224.02,226.02,83,41,0
1751043600,226.02,227.64,225.90,227.64,183,35,0
1751047200,227.64,228.25,227.59,228.24,231,24,0
1751050800,228.25,228.25,226.94,227.42,194,41,0
1751054400,227.42,227.53,226.03,226.91,143,32,0
1751058000,226.76,227.51,226.04,226.65,170,40,0
1751061600,226.71,227.90,226.31,227.81,305,20,0
1751299200,229.33,229.33,228.04,228.45,150,41,0
1751302800,228.86,229.45,228.58,228.81,118,36,0
1751306400,228.81,228.81,227.57,228.48,209,41,0
1751310000,228.52,228.76,228.26,228.26,96,28,0
1751313600,228.26,228.94,227.92,227.92,144,35,0
1751317200,227.92,229.40,227.92,229.21,109,41,0
1751320800,229.34,231.75,229.34,231.23,402,26,0
1751385600,228.93,231.56,228.85,231.40,166,38,0
1751389200,231.36,231.55,228.23,228.91,364,37,0
1751392800,228.83,229.73,226.52,228.95,456,34,0
1751396400,228.95,229.49,228.05,229.13,266,41,0
1751400000,229.05,230.31,228.52,230.24,285,41,0
1751403600,230.28,230.74,229.11,229.12,142,31,0
1751407200,228.87,229.68,227.97,229.28,424,22,0
1751472000,228.60,228.60,225.59,227.06,106,41,0
1751475600,227.06,228.69,226.16,226.30,284,29,0
1751479200,226.58,226.58,225.66,226.53,160,29,0
1751482800,226.58,227.05,225.99,226.91,286,41,0
1751486400,226.91,227.07,226.68,226.78,83,41,0
1751490000,226.76,227.17,226.40,226.77,189,29,0
1751493600,226.77,228.01,226.60,227.55,407,26,0
1751558400,228.51,229.27,227.87,228.47,99,41,0
1751562000,228.47,230.36,228.29,229.77,376,40,0
1751565600,229.77,229.87,228.97,229.29,158,41,0
1751569200,229.29,229.44,228.15,228.72,219,37,0
1751904000,228.31,230.54,227.97,230.17,159,41,0
1751907600,230.15,230.74,229.47,230.01,275,41,0
1751911200,230.26,231.12,230.26,231.12,121,32,0
1751914800,231.12,231.12,230.06,230.22,115,41,0
1751918400,230.23,230.96,230.23,230.58,93,41,0
1751922000,230.58,230.97,230.24,230.75,169,41,0
1751925600,230.94,232.49,230.94,232.34,370,21,0
1751990400,231.89,233.12,231.04,231.36,303,41,0
1751994000,231.36,231.36,227.69,228.18,264,30,0
1751997600,228.18,228.80,227.13,227.77,217,41,0
1752001200,227.77,229.02,227.65,227.91,192,41,0
1752004800,227.91,229.04,227.88,228.65,107,41,0
1752008400,228.63,229.24,227.99,228.05,146,41,0
1752012000,228.05,229.03,227.86,228.04,263,31,0
1752076800,229.44,230.11,228.34,228.52,167,41,0
1752080400,228.34,229.67,228.29,228.99,324,40,0
1752084000,229.08,229.27,228.00,228.32,571,35,0
1752087600,228.17,228.17,226.46,226.95,273,39,0
1752091200,226.91,226.94,225.97,226.66,197,40,0
1752094800,226.71,227.09,225.98,226.40,421,27,0
1752098400,226.32,227.06,226.00,226.27,399,25,0
1752163200,229.13,229.42,226.27,226.27,292,41,0
1752166800,226.27,228.09,226.20,228.06,487,37,0
1752170400,228.06,230.03,228.05,229.82,509,26,0
1752174000,229.91,230.03,228.21,228.32,376,41,0
1752177600,228.35,228.59,227.77,227.82,117,41,0
1752181200,227.82,228.72,227.59,228.32,134,41,0
1752184800,228.21,228.47,227.79,228.47,318,24,0
1752249600,227.49,227.97,226.27,227.19,66,41,0
1752253200,227.19,227.57,226.78,227.34,97,33,0
1752256800,227.34,227.55,226.61,227.43,189,41,0
1752260400,227.43,228.35,227.24,227.87,311,31,0
1752264000,227.89,228.88,227.58,227.96,195,28,0
1752267600,227.96,228.49,227.93,228.33,92,28,0
1752271200,228.33,228.74,227.94,228.37,192,21,0
1752508800,227.79,228.34,227.03,227.39,349,41,0
1752512400,227.39,229.47,227.39,228.86,683,34,0
1752516000,228.86,230.13,228.68,229.53,421,41,0
1752519600,229.51,230.17,229.38,229.69,306,41,0
1752523200,229.73,230.29,229.50,230.00,321,30,0
1752526800,230.00,230.19,229.79,229.90,178,32,0
1752530400,229.90,230.54,229.13,230.30,456,21,0
1752595200,230.25,230.55,225.33,225.86,509,41,0
1752598800,225.85,228.59,225.26,227.92,338,41,0
1752602400,228.05,228.56,227.34,228.42,274,41,0
1752606000,228.50,228.50,227.04,227.19,157,41,0
1752609600,227.16,228.08,226.92,227.73,88,41,0
1752613200,227.73,228.27,227.13,227.22,188,41,0
1752616800,227.19,228.06,226.74,226.91,402,30,0
1752681600,226.79,226.99,225.22,225.22,35,41,0
1752685200,225.48,226.63,224.87,225.21,324,24,0
1752688800,225.21,226.19,225.21,225.84,304,41,0
1752692400,225.84,226.88,225.26,225.92,186,39,0
1752696000,225.94,226.20,225.47,225.47,148,41,0
1752699600,225.73,225.73,224.91,225.50,123,21,0
1752703200,225.57,226.15,225.43,226.06,254,23,0
1752768000,226.21,227.33,225.92,227.24,71,41,0
1752771600,227.24,227.24,225.69,225.92,398,25,0
1752775200,225.84,227.35,225.84,226.72,198,32,0
1752778800,226.72,226.95,226.42,226.62,132,26,0
1752782400,226.40,227.55,226.13,227.32,139,33,0
1752786000,227.32,228.18,226.99,228.02,158,41,0
1752789600,228.02,228.15,227.02,227.29,341,26,0
1752854400,229.44,229.44,226.97,227.49,208,41,0
1752858000,227.37,228.63,227.06,228.51,260,41,0
1752861600,228.51,228.56,227.98,228.35,310,41,0
1752865200,228.35,228.56,227.94,228.44,128,41,0
1752868800,228.44,228.58,227.76,228.06,61,41,0
1752872400,228.06,228.30,227.79,228.30,152,28,0
1752876000,228.30,228.58,227.99,228.05,304,20,0
1753113600,226.33,228.78,226.27,227.82,260,41,0
1753117200,227.93,228.56,227.60,228.18,454,32,0
1753120800,228.28,228.36,227.66,228.06,166,39,0
1753124400,228.06,228.44,227.81,227.96,90,41,0
1753128000,227.90,228.22,227.26,227.26,188,37,0
1753131600,227.30,228.24,227.30,227.93,322,32,0
1753135200,227.93,228.23,226.86,227.07,517,28,0
1753200000,227.55,228.22,226.89,227.59,300,41,0
1753203600,227.48,229.14,227.48,228.88,185,26,0
1753207200,228.84,229.32,228.20,229.32,289,26,0
1753210800,229.32,229.94,229.15,229.80,410,36,0
1753214400,229.80,230.28,229.70,229.98,87,41,0
1753218000,229.98,230.44,229.77,230.37,166,23,0
1753221600,230.37,231.01,230.04,230.77,303,22,0
1753286400,229.90,230.47,229.70,230.37,74,41,0
1753290000,230.23,230.37,226.99,227.73,305,33,0
1753293600,227.81,229.51,227.81,229.42,301,41,0
1753297200,229.42,230.42,228.36,230.21,345,41,0
1753300800,230.16,230.45,229.02,229.18,112,41,0
1753304400,229.37,230.41,229.32,229.86,136,29,0
1753308000,229.86,230.28,229.04,229.48,277,26,0
1753372800,228.89,230.26,228.68,230.06,137,41,0
1753376400,230.06,230.25,228.57,230.08,398,41,0
1753380000,230.02,230.10,228.18,228.40,143,22,0
1753383600,228.38,228.64,227.77,228.25,525,31,0
1753387200,228.41,228.91,228.20,228.50,157,41,0
1753390800,228.38,228.68,228.19,228.29,154,38,0
1753394400,228.23,228.43,225.70,225.80,366,20,0
1753459200,226.69,226.89,225.13,225.13,64,41,0
1753462800,225.14,226.03,225.14,225.85,134,23,0
1753466400,225.50,226.43,224.91,225.04,336,41,0
1753470000,224.95,225.41,224.75,225.00,233,41,0
1753473600,224.98,225.29,224.98,225.06,99,41,0
1753477200,225.05,225.64,224.98,225.49,237,35,0
1753480800,225.49,225.57,224.82,225.12,378,22,0
1753718400,225.69,225.91,224.44,224.80,183,34,0
1753722000,224.81,225.57,223.11,223.36,294,21,0
1753725600,223.49,225.00,223.41,225.00,217,41,0
1753729200,225.00,225.09,224.11,224.24,147,27,0
1753732800,224.24,224.76,224.13,224.40,41,27,0
1753736400,224.33,225.98,224.06,225.76,138,24,0
1753740000,225.76,227.27,225.33,226.91,300,20,0
1753804800,227.18,227.18,224.37,225.39,281,36,0
1753808400,225.39,226.14,224.88,225.03,370,38,0
1753812000,224.97,225.17,224.07,224.34,497,37,0
1753815600,224.34,225.14,223.61,224.92,202,35,0
1753819200,224.85,225.67,224.52,224.80,193,41,0
1753822800,224.79,225.12,224.54,224.90,145,27,0
1753826400,224.89,225.22,222.36,222.95,356,22,0
1753891200,220.64,226.89,218.62,220.02,530,41,0
1753894800,220.27,225.71,217.18,225.71,719,41,0
1753898400,225.65,226.24,224.04,225.81,378,41,0
1753902000,225.85,226.54,224.33,225.66,317,41,0
1753905600,225.66,225.90,224.36,224.79,303,39,0
1753909200,224.79,226.11,224.15,224.75,524,41,0
1753912800,224.75,225.38,223.68,224.54,413,24,0
1753977600,224.79,226.58,223.86,226.21,262,39,0
1753981200,226.21,226.37,222.68,223.68,392,41,0
1753984800,223.77,225.58,222.44,222.65,359,38,0
1753988400,222.47,222.47,220.56,221.48,242,41,0
1753992000,221.48,221.58,220.28,220.28,160,41,0
1753995600,220.30,221.46,220.24,220.24,168,30,0
1753999200,220.40,220.58,219.38,220.09,453,20,0
1754064000,219.12,219.18,216.73,216.74,161,41,0
1754067600,216.74,218.04,216.30,216.94,210,36,0
1754071200,216.94,217.26,216.14,216.29,371,39,0
1754074800,216.29,216.60,214.70,214.73,157,41,0
1754078400,214.73,214.74,213.27,213.58,167,32,0
1754082000,213.58,214.37,213.51,214.13,196,41,0
1754085600,214.19,215.96,213.49,215.21,503,24,0
1754323200,216.11,216.17,212.78,215.67,384,41,0
1754326800,215.67,216.38,215.26,215.63,957,31,0
1754330400,215.46,216.05,215.14,215.69,636,35,0
1754334000,215.69,216.71,215.69,216.55,350,32,0
1754337600,216.62,218.44,216.53,218.26,278,21,0
1754341200,218.25,218.63,217.73,218.25,169,27,0
1754344800,218.22,219.16,217.98,218.96,390,20,0
1754409600,219.90,220.29,218.01,218.97,177,41,0
1754413200,218.96,219.17,217.89,218.79,263,36,0
1754416800,218.63,218.79,216.34,216.57,227,31,0
1754420400,216.57,217.43,216.23,217.26,65,41,0
1754424000,217.26,217.83,217.15,217.77,33,41,0
1754427600,217.77,217.86,216.85,217.86,81,29,0
1754431200,217.86,218.66,217.63,217.96,377,24,0
1754496000,218.32,218.95,216.50,218.28,349,41,0
1754499600,218.28,219.08,217.76,218.59,412,39,0
1754503200,218.59,220.16,217.84,219.15,464,39,0
1754506800,219.15,219.87,219.10,219.87,124,20,0
1754510400,219.87,219.87,219.28,219.63,108,41,0
1754514000,219.63,221.04,219.63,220.59,177,36,0
1754517600,220.59,221.48,219.83,221.28,467,20,0
1754582400,218.56,222.60,218.56,222.60,93,41,0
1754586000,222.60,223.29,221.22,222.05,266,36,0
1754589600,222.05,222.28,220.04,220.04,249,36,0
1754593200,220.29,220.33,217.53,218.31,228,41,0
1754596800,218.31,218.40,216.51,217.48,160,41,0
1754600400,217.48,217.48,216.48,216.78,114,41,0
1754604000,216.78,217.32,215.90,216.95,335,20,0
1754668800,219.03,219.03,215.31,215.84,117,41,0
1754672400,215.84,216.16,214.13,215.90,519,41,0
1754676000,216.11,216.11,214.50,215.78,508,36,0
1754679600,215.78,216.10,215.21,215.23,204,41,0
1754683200,215.13,215.45,214.44,215.03,192,41,0
1754686800,215.03,216.23,215.03,215.96,125,41,0
1754690400,215.96,216.64,215.53,215.69,358,31,0
1754928000,215.16,216.54,214.49,216.45,162,41,0
1754931600,216.45,216.74,215.22,216.50,205,29,0
1754935200,216.42,216.68,214.06,214.86,124,41,0
1754938800,214.86,215.49,214.79,215.03,75,41,0
1754942400,215.03,215.42,215.03,215.29,78,41,0
1754946000,215.29,215.85,214.46,215.22,186,41,0
1754949600,215.22,215.28,213.62,214.56,333,20,0
1755014400,215.35,215.93,214.18,215.39,322,41,0
1755018000,215.39,217.33,215.18,216.36,162,41,0
1755021600,216.36,217.78,216.36,217.44,212,36,0
1755025200,217.38,218.35,217.38,218.14,386,41,0
1755028800,218.17,218.53,217.91,218.35,133,41,0
1755032400,218.36,218.51,217.89,218.13,237,41,0
1755036000,218.13,218.34,217.72,218.11,344,23,0
1755100800,218.35,218.99,217.28,217.64,340,41,0
1755104400,217.72,219.11,216.09,217.27,303,41,0
1755108000,217.18,218.12,216.32,217.21,211,41,0
1755111600,217.21,217.41,217.16,217.34,35,41,0
1755115200,217.34,217.34,216.12,216.97,163,41,0
1755118800,216.97,218.80,216.97,218.78,126,36,0
1755122400,218.78,218.78,217.39,217.86,326,30,0
1755187200,217.43,218.48,216.72,216.77,198,41,0
1755190800,216.77,218.48,216.77,217.29,399,41,0
1755194400,217.08,219.81,217.05,219.77,509,41,0
1755198000,219.77,220.68,218.70,219.02,178,24,0
1755201600,219.28,220.28,219.19,219.86,320,25,0
1755205200,219.96,220.09,218.42,218.42,949,39,0
1755208800,218.34,219.70,218.34,219.30,787,20,0
1755273600,219.17,220.48,217.27,219.24,203,41,0
1755277200,219.11,219.64,218.48,219.32,331,41,0
1755280800,219.28,219.62,217.83,218.89,362,41,0
1755284400,219.04,219.76,218.87,219.42,101,41,0
1755288000,219.42,219.68,218.67,218.98,112,41,0
1755291600,219.05,219.16,218.46,218.77,205,21,0
1755295200,218.76,218.91,217.84,218.13,434,20,0
1755532800,218.39,219.47,217.50,217.85,269,41,0
1755536400,217.85,219.33,216.60,219.06,151,39,0
1755540000,219.27,219.89,218.78,218.87,357,29,0
1755543600,219.11,219.87,218.85,219.25,323,28,0
1755547200,219.22,219.75,218.89,219.75,141,41,0
1755550800,219.61,220.75,219.56,220.30,196,41,0
1755554400,220.34,221.34,220.22,221.06,259,20,0
1755619200,219.79,222.44,219.70,221.79,618,41,0
1755622800,221.78,223.60,221.26,222.70,699,37,0
1755626400,222.88,222.92,221.88,221.88,203,39,0
1755630000,221.88,222.61,221.65,222.33,154,34,0
1755633600,222.34,223.32,221.88,223.00,199,37,0
1755637200,223.24,223.98,223.24,223.62,162,24,0
1755640800,223.66,223.67,222.49,223.32,412,21,0
1755705600,223.37,224.25,222.11,223.17,601,41,0
1755709200,223.23,224.52,222.92,224.48,673,41,0
1755712800,224.48,225.57,223.47,223.56,324,26,0
1755716400,223.59,224.71,223.44,224.28,119,33,0
1755720000,224.31,224.63,224.04,224.45,187,41,0
1755723600,224.16,224.63,223.95,224.63,248,32,0
1755727200,224.63,225.53,224.40,225.53,338,20,0
1755792000,224.99,225.53,224.09,224.13,132,41,0
1755795600,224.38,225.28,223.68,224.97,290,24,0
1755799200,224.97,226.27,224.97,225.05,161,35,0
1755802800,225.05,225.87,225.05,225.68,78,41,0
1755806400,225.67,226.36,225.49,226.36,203,41,0
1755810000,226.36,227.35,226.26,227.35,151,33,0
1755813600,227.35,228.31,227.02,228.21,279,21,0
1755878400,227.71,230.36,227.71,229.58,85,22,0
1755882000,229.33,231.27,227.84,228.62,596,41,0
1755885600,228.61,229.42,227.75,228.45,360,41,0
1755889200,228.45,228.59,226.63,226.63,495,41,0
1755892800,226.63,228.63,226.18,228.57,243,41,0
1755896400,228.15,229.83,227.91,229.01,160,26,0
1755900000,229.03,229.15,228.45,228.95,265,20,0
1756137600,228.05,230.00,227.53,229.76,266,41,0
1756141200,229.65,230.46,229.27,230.21,307,38,0
1756144800,230.18,230.63,229.48,230.43,173,33,0
1756148400,230.43,230.50,229.09,229.55,184,41,0
1756152000,229.47,229.66,228.73,229.53,382,41,0
1756155600,229.53,229.86,229.18,229.86,110,41,0
1756159200,229.16,229.49,227.94,228.12,229,21,0
1756224000,228.05,228.59,227.17,228.04,592,41,0
1756227600,228.05,228.73,227.11,227.12,773,41,0
1756231200,227.28,227.62,225.87,226.62,395,39,0
1756234800,226.62,227.24,226.40,226.81,304,41,0
1756238400,226.78,227.60,226.56,227.53,368,41,0
1756242000,227.53,228.29,227.32,228.25,165,41,0
1756245600,228.27,228.78,227.41,228.16,290,21,0
1756310400,226.73,227.38,225.89,226.13,118,41,0
1756314000,226.13,226.92,226.13,226.80,212,40,0
1756317600,226.73,226.95,226.38,226.63,259,41,0
1756321200,226.63,226.63,224.92,225.31,105,41,0
1756324800,225.30,225.30,224.30,224.35,362,41,0
1756328400,224.35,225.03,224.35,225.03,74,31,0
1756332000,225.03,225.03,222.81,224.44,507,23,0
1756396800,223.79,226.59,223.41,225.83,408,41,0
1756400400,225.83,226.50,225.02,226.44,409,39,0
1756404000,226.19,226.50,225.06,225.06,258,41,0
1756407600,225.06,225.61,225.03,225.58,120,41,0
1756411200,225.58,226.53,225.58,225.98,197,30,0
1756414800,225.98,226.09,225.78,225.78,126,37,0
1756418400,225.94,226.11,224.88,225.76,440,22,0
1756483200,225.19,225.70,224.16,224.25,375,41,0
1756486800,224.28,224.39,223.55,223.92,417,31,0
1756490400,224.02,224.49,223.76,223.92,423,35,0
1756494000,223.95,224.45,223.81,224.36,438,33,0
1756497600,224.19,224.42,223.82,224.42,306,35,0
1756501200,224.38,224.41,223.95,224.12,274,41,0
1756504800,224.12,224.17,223.20,223.98,284,27,0
1756828800,222.16,222.74,219.68,221.79,220,41,0
1756832400,221.87,222.16,219.66,220.65,655,33,0
1756836000,220.60,221.28,219.48,219.59,213,37,0
1756839600,219.59,219.65,218.06,218.93,462,41,0
1756843200,218.96,219.59,218.74,219.52,325,40,0
1756846800,219.54,220.13,219.51,219.79,205,23,0
1756850400,219.78,220.22,219.25,219.87,429,20,0
1756915200,220.00,221.70,218.71,220.71,526,23,0
1756918800,220.62,222.16,220.12,221.99,433,28,0
1756922400,221.99,222.32,220.66,220.87,238,23,0
1756926000,220.87,221.12,220.14,220.85,256,41,0
1756929600,220.60,221.12,220.16,220.72,345,35,0
1756933200,220.72,221.88,220.30,221.88,180,41,0
1756936800,221.88,223.67,221.37,223.12,435,25,0
1757001600,221.94,222.96,219.66,219.75,281,35,0
1757005200,220.00,221.21,217.79,220.69,425,41,0
1757008800,220.58,221.63,220.43,221.54,236,41,0
1757012400,221.26,221.92,220.55,221.82,218,41,0
1757016000,221.82,222.10,221.19,221.78,221,41,0
1757019600,221.78,223.45,221.63,222.61,303,36,0
1757023200,222.63,223.78,222.61,223.38,216,22,0
1757088000,223.79,225.91,222.55,225.36,427,33,0
1757091600,225.45,225.46,221.85,222.20,674,41,0
1757095200,222.20,222.76,220.05,220.14,449,41,0
1757098800,220.14,220.30,218.88,219.77,311,27,0
1757102400,219.65,219.77,218.35,219.38,128,32,0
1757106000,219.38,220.38,219.20,220.36,227,41,0
1757109600,220.36,220.40,219.62,219.98,299,28,0
1757347200,220.79,223.19,220.18,222.79,295,41,0
1757350800,222.79,225.34,222.79,224.04,668,36,0
1757354400,224.25,224.57,223.69,223.69,209,41,0
1757358000,223.67,224.36,223.38,223.70,599,41,0
1757361600,223.70,223.75,222.62,223.02,230,41,0
1757365200,222.93,222.93,221.93,222.18,266,28,0
1757368800,222.17,222.75,221.48,222.51,259,20,0
1757433600,222.61,222.61,220.49,221.12,242,34,0
1757437200,221.12,222.85,220.93,222.57,280,30,0
1757440800,222.57,222.93,222.32,222.85,205,41,0
1757444400,222.85,223.34,222.58,222.89,160,41,0
1757448000,222.89,223.08,222.56,222.93,51,28,0
1757451600,222.93,224.04,222.93,223.94,217,20,0
1757455200,223.98,224.07,222.61,222.70,224,20,0
1757520000,220.90,222.33,219.13,219.41,222,23,0
1757523600,219.16,219.79,215.15,215.16,353,26,0
1757527200,215.24,217.12,215.24,216.16,294,41,0
1757530800,216.16,218.32,216.16,218.07,149,25,0
1757534400,217.95,218.44,217.49,218.23,76,33,0
1757538000,218.23,218.94,218.09,218.73,74,24,0
1757541600,218.73,219.48,218.12,219.09,269,20,0
1757606400,218.89,219.61,217.74,219.35,321,41,0
1757610000,219.35,220.31,219.10,219.53,277,30,0
1757613600,219.53,219.76,218.07,219.54,336,40,0
1757617200,219.62,220.91,219.54,220.19,121,41,0
1757620800,220.19,221.48,220.09,221.04,216,23,0
1757624400,221.04,221.10,220.61,220.80,50,28,0
1757628000,220.80,221.15,219.53,219.53,238,26,0
1757692800,220.10,220.76,217.48,218.07,313,21,0
1757696400,217.86,218.56,217.67,218.42,181,34,0
1757700000,218.38,218.51,217.55,218.07,140,37,0
1757703600,218.07,218.26,217.41,218.15,118,31,0
1757707200,218.15,218.26,217.66,218.22,157,38,0
1757710800,218.22,218.98,218.22,218.55,125,25,0
1757714400,218.54,219.11,218.16,218.23,498,23,0
1757952000,219.93,219.93,216.85,219.43,284,41,0
1757955600,219.19,220.90,219.04,220.90,446,41,0
1757959200,220.75,221.38,219.63,220.28,687,28,0
1757962800,220.28,221.13,220.24,220.94,105,36,0
1757966400,220.93,221.67,220.62,221.67,79,27,0
1757970000,221.54,221.94,220.79,221.65,109,41,0
1757973600,221.65,222.22,221.20,222.02,216,20,0
1758038400,222.60,222.60,219.53,220.06,338,38,0
1758042000,220.06,220.99,219.26,220.28,521,28,0
1758045600,220.27,220.27,217.03,217.03,635,34,0
1758049200,217.18,218.09,217.08,217.49,496,39,0
1758052800,217.49,218.43,217.21,218.43,105,34,0
1758056400,218.51,219.34,218.51,219.09,175,41,0
1758060000,219.07,219.33,218.55,218.94,429,20,0
1758124800,218.65,220.66,217.72,218.32,717,35,0
1758128400,218.41,219.50,217.64,218.51,574,38,0
1758132000,218.67,220.21,217.86,220.08,242,41,0
1758135600,220.08,220.66,219.94,220.43,187,41,0
1758139200,220.44,221.00,220.03,220.55,137,37,0
1758142800,220.79,221.05,219.61,220.84,86,41,0
1758146400,220.84,222.00,220.80,221.84,567,23,0
1758211200,222.35,223.34,216.58,218.79,1160,41,0
1758214800,218.79,219.87,217.05,217.58,765,33,0
1758218400,217.59,219.07,217.28,218.38,675,41,0
1758222000,218.36,219.10,218.24,218.48,222,41,0
1758225600,218.48,218.53,217.54,217.54,261,41,0
1758229200,217.54,217.55,216.22,216.23,339,41,0
1758232800,216.25,217.75,216.25,217.20,651,20,0
1758297600,217.67,218.88,216.58,218.74,797,39,0
1758301200,218.74,218.89,216.60,216.94,892,28,0
1758304800,217.01,217.16,216.09,216.29,557,33,0
1758308400,216.29,218.12,216.29,218.12,316,38,0
1758312000,218.13,218.16,217.17,217.63,150,38,0
1758315600,217.62,217.86,217.23,217.78,256,22,0
1758319200,217.78,217.97,216.73,217.46,719,20,0
1758556800,216.19,217.51,215.76,216.34,738,38,0
1758560400,216.33,218.81,216.33,217.64,1022,30,0
1758564000,217.68,217.68,216.78,217.24,296,33,0
1758567600,217.17,218.34,217.17,217.93,228,31,0
1758571200,217.93,218.82,217.93,218.64,250,32,0
1758574800,218.64,218.64,217.59,217.94,126,29,0
1758578400,217.94,218.46,217.35,218.05,381,25,0
1758643200,217.89,218.50,216.44,218.19,481,41,0
1758646800,218.32,218.65,217.55,218.13,339,34,0
1758650400,218.05,218.38,217.47,218.38,472,34,0
1758654000,218.42,219.49,218.42,219.42,282,20,0
1758657600,219.42,219.42,218.62,218.62,123,40,0
1758661200,218.57,219.25,218.53,219.25,419,41,0
1758664800,219.39,220.44,218.43,220.44,903,20,0
1758729600,219.27,221.16,219.20,219.81,981,31,0
1758733200,219.83,220.59,219.16,219.61,648,28,0
1758736800,219.70,219.93,216.93,217.21,550,41,0
1758740400,217.21,218.40,217.00,217.98,304,41,0
1758744000,217.97,218.43,217.67,217.91,229,41,0
1758747600,217.91,219.02,217.78,218.84,207,25,0
1758751200,218.84,220.86,218.78,220.62,855,20,0
1758816000,219.29,220.62,218.18,218.42,269,41,0
1758819600,218.42,220.55,218.38,220.37,622,33,0
1758823200,220.36,220.45,218.88,219.63,485,23,0
1758826800,219.54,219.82,218.38,218.50,257,41,0
1758830400,218.49,220.39,218.47,219.67,405,41,0
1758834000,219.71,222.66,219.11,221.68,508,39,0
1758837600,221.68,223.09,221.48,222.87,730,20,0
1758902400,221.78,223.27,221.50,221.88,467,41,0
1758906000,221.85,222.27,219.41,220.27,789,40,0
1758909600,220.13,221.16,219.98,220.58,235,31,0
1758913200,220.58,221.79,220.48,221.35,251,36,0
1758916800,221.41,222.28,221.41,221.79,211,41,0
1758920400,221.82,222.21,220.86,221.26,277,30,0
1758924000,221.30,222.37,221.17,221.79,666,21,0
1759161600,221.79,222.90,221.31,222.15,716,41,0
1759165200,222.23,222.93,220.28,220.54,1053,41,0
1759168800,220.54,220.88,218.96,218.96,633,33,0
1759172400,218.96,219.92,218.23,218.44,548,32,0
1759176000,218.23,220.25,218.03,219.98,378,37,0
1759179600,219.98,220.13,218.61,218.83,430,21,0
1759183200,219.05,219.41,217.71,217.98,743,21,0
1759248000,218.29,218.47,214.80,216.72,653,41,0
1759251600,216.75,217.43,215.70,216.03,471,32,0
1759255200,216.05,216.05,213.93,215.30,367,36,0
1759258800,215.30,216.32,215.30,215.70,140,41,0
1759262400,215.70,215.83,215.37,215.76,100,20,0
1759266000,215.45,215.67,215.26,215.49,181,38,0
1759269600,215.49,215.87,214.76,215.62,596,24,0
1759334400,214.41,214.63,212.16,213.49,506,41,0
1759338000,213.49,213.54,211.94,212.34,436,28,0
1759341600,212.34,212.54,210.30,212.54,694,24,0
1759345200,212.54,213.03,211.93,212.44,299,32,0
1759348800,212.48,213.62,212.44,213.62,570,35,0
1759352400,213.57,214.39,213.39,214.36,244,34,0
1759356000,214.36,214.69,213.21,214.04,541,29,0
1759420800,214.03,214.99,212.79,214.04,572,39,0
1759424400,214.13,214.51,212.22,212.25,378,41,0
1759428000,212.25,212.99,211.95,212.85,285,41,0
1759431600,212.76,214.34,212.54,214.34,422,41,0
1759435200,214.34,214.67,213.97,214.36,184,41,0
1759438800,214.36,215.58,214.36,215.58,162,41,0
1759442400,215.58,217.01,215.58,217.01,653,28,0
1759507200,216.01,217.27,214.75,215.74,382,41,0
1759510800,215.64,217.43,214.55,217.43,463,31,0
1759514400,217.43,217.94,215.69,216.23,1016,23,0
1759518000,216.48,217.93,216.48,217.89,440,22,0
1759521600,217.88,217.88,217.05,217.83,593,23,0
1759525200,217.83,218.54,215.55,216.08,926,31,0
1759528800,216.08,216.94,215.59,216.55,538,27,0
1759766400,214.27,215.61,213.32,213.85,786,36,0
1759770000,213.85,213.89,210.51,212.28,782,41,0
1759773600,212.44,214.11,212.29,214.11,592,32,0
1759777200,214.11,214.11,211.32,211.50,542,37,0
1759780800,211.50,223.79,211.50,218.42,924,41,0
1759784400,218.18,218.18,214.75,214.77,694,40,0
1759788000,214.77,217.37,214.77,216.80,736,26,0
1759852800,216.64,216.72,210.56,211.39,1071,41,0
1759856400,211.39,211.73,209.16,209.38,1518,39,0
1759860000,209.38,209.82,208.02,208.39,740,33,0
1759863600,208.39,209.91,208.24,209.06,408,35,0
1759867200,209.06,210.34,209.06,209.86,398,34,0
1759870800,209.98,210.98,208.64,208.70,584,30,0
1759874400,208.70,210.97,208.01,209.38,848,20,0
1759939200,209.17,209.53,207.17,207.45,581,41,0
1759942800,207.56,208.88,206.76,207.45,589,35,0
1759946400,207.51,208.05,207.01,207.22,781,20,0
1759950000,207.28,207.70,206.58,206.71,292,31,0
1759953600,206.72,207.41,206.02,206.02,484,28,0
1759957200,206.03,206.11,204.62,204.84,548,22,0
1759960800,204.76,205.87,204.27,204.79,1142,22,0
1760025600,204.06,205.48,203.39,204.42,317,41,0
1760029200,204.42,205.19,203.62,205.11,425,28,0
1760032800,205.11,207.31,205.11,207.22,460,41,0
1760036400,207.22,208.14,207.22,208.14,325,31,0
1760040000,208.14,208.16,207.31,207.64,273,34,0
1760043600,207.64,208.12,207.46,207.47,322,20,0
1760047200,207.47,207.91,207.21,207.52,399,20,0
1760112000,207.77,208.37,206.39,207.82,219,40,0
1760115600,207.82,208.69,206.95,207.47,362,27,0
1760119200,207.21,207.54,205.92,206.00,524,41,0
1760122800,205.92,206.94,205.67,206.85,194,41,0
1760126400,206.85,206.85,205.43,205.82,373,41,0
1760130000,205.83,206.94,205.82,206.74,320,20,0
1760133600,206.74,207.30,205.87,206.53,754,23,0
1760371200,207.37,208.79,206.44,207.57,415,41,0
1760374800,208.70,209.80,208.08,209.08,1133,23,0
1760378400,209.09,210.59,208.88,209.47,1342,41,0
1760382000,209.47,210.27,209.32,209.68,215,34,0
1760385600,209.68,209.94,209.37,209.77,122,31,0
1760389200,209.77,210.29,209.14,209.14,251,36,0
1760392800,209.14,210.15,208.94,209.75,843,20,0
1760457600,208.19,209.14,208.07,208.43,556,41,0
1760461200,208.25,210.53,208.25,210.23,671,35,0
1760464800,210.23,212.29,209.98,212.21,682,40,0
1760468400,211.98,212.16,211.68,211.88,600,41,0
1760472000,211.88,212.04,211.10,211.10,244,41,0
1760475600,211.10,211.79,210.60,210.82,265,41,0
1760479200,210.82,211.73,210.46,211.18,1173,27,0
1760544000,210.95,211.84,209.66,209.73,543,41,0
1760547600,209.73,210.05,208.39,209.99,365,41,0
1760551200,209.85,210.09,205.57,206.74,419,41,0
1760554800,206.68,206.91,206.20,206.39,331,41,0
1760558400,206.39,206.63,205.52,206.22,528,39,0
1760562000,206.22,206.42,205.51,205.72,336,25,0
1760565600,205.89,205.89,202.67,203.11,786,22,0
1760630400,203.03,204.15,202.11,202.21,342,41,0
1760634000,202.21,202.35,200.44,201.63,465,25,0
1760637600,201.63,202.00,201.19,201.51,373,31,0
1760641200,201.51,201.71,200.15,200.58,701,33,0
1760644800,200.56,200.56,198.94,198.96,572,20,0
1760648400,198.96,199.18,197.53,197.99,854,20,0
1760652000,197.99,198.65,196.99,197.92,1204,20,0
1760716800,197.89,198.77,196.73,198.07,1033,29,0
1760720400,198.05,201.03,197.82,200.47,859,23,0
1760724000,200.47,201.58,200.12,200.91,585,30,0
1760727600,200.98,201.49,200.68,201.26,797,33,0
1760731200,201.26,201.68,200.81,201.35,240,24,0
1760734800,201.35,202.41,201.35,202.28,307,29,0
1760738400,202.29,203.25,202.29,202.45,408,26,0
1760976000,204.08,206.59,202.64,204.95,957,41,0
1760979600,204.87,205.06,202.91,204.81,1455,22,0
1760983200,204.93,205.44,204.17,205.08,807,37,0
1760986800,205.08,205.26,204.53,204.95,409,41,0
1760990400,204.75,206.14,204.56,205.84,283,30,0
1760994000,205.84,206.78,205.78,206.51,252,20,0
1760997600,206.51,206.58,205.39,205.41,567,20,0
1761062400,204.80,206.80,203.68,206.31,1150,41,0
1761066000,206.34,208.56,206.02,208.48,1141,33,0
1761069600,208.48,208.52,207.41,208.07,206,41,0
1761073200,208.07,208.62,207.85,208.55,330,41,0
1761076800,208.55,209.48,208.55,209.47,244,35,0
1761080400,209.55,211.06,209.53,211.02,402,23,0
1761084000,210.99,212.32,210.04,211.33,799,20,0
1761148800,211.46,212.55,210.19,210.96,601,41,0
1761152400,210.50,211.79,210.12,210.18,516,25,0
1761156000,210.18,211.30,209.81,210.78,724,35,0
1761159600,210.84,210.89,208.05,209.57,570,33,0
1761163200,209.57,209.57,208.33,208.49,349,35,0
1761166800,208.53,209.73,208.53,209.26,410,20,0
1761170400,209.28,209.53,208.64,208.98,576,20,0
1761235200,210.61,210.79,208.22,208.31,257,36,0
1761238800,208.44,208.44,205.84,206.50,586,25,0
1761242400,206.51,206.74,203.82,203.90,478,27,0
1761246000,203.88,205.34,203.84,205.04,305,41,0
1761249600,205.04,206.11,204.93,206.04,269,28,0
1761253200,206.04,206.08,204.10,204.60,226,29,0
1761256800,204.60,205.07,203.24,203.39,569,21,0
1761321600,205.76,206.97,204.96,205.69,188,41,0
1761325200,205.60,206.06,203.91,203.91,227,34,0
1761328800,203.91,204.08,203.22,203.54,193,38,0
1761332400,203.54,204.11,202.83,203.51,152,34,0
1761336000,203.50,205.61,203.45,205.27,186,31,0
1761339600,205.32,206.75,205.27,206.02,222,25,0
1761343200,206.02,206.54,205.14,205.47,346,26,0
1761577200,208.53,209.91,207.99,209.91,391,41,0
1761580800,209.91,209.91,208.36,209.22,733,35,0
1761584400,209.17,209.58,208.63,209.47,333,41,0
1761588000,209.54,210.16,209.19,209.45,520,31,0
1761591600,209.45,209.64,209.07,209.17,235,41,0
1761595200,209.17,210.02,208.94,209.96,277,26,0
1761598800,209.96,210.18,209.87,210.11,310,20,0
1761663600,209.29,210.20,208.24,209.62,1291,37,0
1761667200,209.62,210.34,209.22,209.60,1050,35,0
1761670800,209.60,209.99,208.97,209.14,561,31,0
1761674400,208.96,209.04,207.95,207.95,506,20,0
1761678000,207.97,208.11,206.61,207.79,687,32,0
1761681600,207.79,208.01,206.38,207.21,558,30,0
1761685200,207.24,207.38,204.94,205.21,738,20,0
1761750000,208.79,208.79,197.04,197.35,1352,41,0
1761753600,197.35,204.30,196.86,203.93,1199,41,0
1761757200,203.93,206.88,203.43,205.76,484,37,0
1761760800,205.76,207.26,205.60,205.62,261,40,0
1761764400,205.63,205.74,204.01,204.06,292,41,0
1761768000,204.06,206.06,202.98,203.12,593,31,0
1761771600,203.16,203.51,201.43,202.88,663,31,0
1761836400,201.89,206.77,201.89,205.60,482,41,0
1761840000,205.60,210.66,205.59,210.31,415,31,0
1761843600,210.31,210.59,206.06,206.31,512,41,0
1761847200,206.31,207.44,205.86,205.86,263,33,0
1761850800,205.85,206.16,205.04,205.62,250,21,0
1761854400,205.62,205.62,204.56,204.59,298,21,0
1761858000,204.59,204.59,203.15,203.24,597,21,0
1761922800,204.34,204.64,202.02,202.02,603,37,0
1761926400,202.03,203.56,201.34,203.23,595,41,0
1761930000,203.25,203.80,202.86,203.42,260,37,0
1761933600,203.44,204.04,202.70,203.30,675,31,0
1761937200,203.29,203.41,202.58,202.60,374,41,0
1761940800,202.60,203.05,201.87,202.63,445,31,0
1761944400,202.63,203.34,202.11,202.98,598,27,0
1762185600,202.29,203.17,200.40,200.97,876,21,0
1762189200,201.01,201.31,199.57,199.94,1015,20,0
1762192800,199.83,200.05,199.34,199.66,537,20,0
1762196400,199.66,200.25,199.54,200.24,351,20,0
1762200000,200.24,200.27,199.26,199.66,343,20,0
1762203600,199.66,199.86,199.26,199.62,463,20,0
1762207200,199.66,201.09,199.50,201.00,769,20,0
1762272000,200.00,202.96,200.00,201.77,760,20,0
1762275600,201.77,202.57,200.82,201.29,699,21,0
1762279200,201.29,202.59,201.07,202.26,605,20,0
1762282800,202.26,202.36,200.22,200.79,448,21,0
1762286400,200.79,200.84,199.47,199.98,434,20,0
1762290000,199.98,200.80,199.03,199.14,436,20,0
1762293600,199.14,199.97,198.08,199.49,1233,20,0
1762358400,199.15,199.31,196.00,198.04,663,24,0
1762362000,198.07,198.30,195.58,196.14,679,20,0
1762365600,196.10,197.79,195.28,197.62,585,20,0
1762369200,197.62,199.05,197.42,198.94,459,20,0
1762372800,198.94,199.24,198.31,198.43,389,20,0
1762376400,198.43,198.54,197.02,197.07,590,20,0
1762380000,197.07,197.50,195.99,196.24,802,20,0
1762444800,195.03,196.16,194.18,195.16,663,23,0
1762448400,195.13,196.92,194.96,196.77,596,20,0
1762452000,196.73,196.76,194.91,195.22,765,20,0
1762455600,195.23,195.69,194.31,194.82,448,20,0
1762459200,194.82,195.51,194.47,195.09,393,20,0
1762462800,195.09,195.93,194.92,195.34,528,20,0
1762466400,195.34,196.33,195.18,195.85,785,20,0
1762531200,197.19,200.23,196.49,198.82,626,27,0
1762534800,198.83,198.83,197.13,197.46,948,20,0
1762538400,197.45,198.61,196.43,197.04,702,20,0
1762542000,197.04,197.09,196.09,196.37,441,20,0
1762545600,196.30,196.95,196.11,196.34,438,20,0
1762549200,196.42,197.77,196.27,197.75,694,20,0
1762552800,197.75,197.95,196.27,197.46,865,20,0
1762790400,198.51,200.90,197.90,199.54,612,23,0
1762794000,199.58,200.31,198.63,198.66,718,22,0
1762797600,198.66,199.51,198.34,199.46,573,20,0
1762801200,199.46,199.89,198.28,199.03,328,20,0
1762804800,199.03,199.53,198.64,199.45,342,20,0
1762808400,199.45,199.83,199.10,199.34,360,20,0
1762812000,199.34,199.50,198.17,198.23,676,20,0
1762876800,198.65,201.76,198.57,201.66,618,22,0
1762880400,201.66,202.26,200.26,201.46,786,20,0
1762884000,201.53,201.60,200.66,201.11,417,20,0
1762887600,201.11,202.22,200.95,202.12,459,20,0
1762891200,202.12,202.58,201.58,201.58,486,20,0
1762894800,201.58,201.97,201.03,201.61,490,20,0
1762898400,201.61,202.68,201.48,201.96,608,20,0
1762963200,201.93,202.89,200.67,202.36,518,20,0
1762966800,202.36,202.62,201.48,201.82,603,20,0
1762970400,201.82,203.56,201.81,203.06,507,20,0
1762974000,203.06,205.02,203.06,204.66,494,20,0
1762977600,204.65,205.57,204.46,205.50,379,20,0
1762981200,205.52,205.94,205.18,205.48,375,20,0
1762984800,205.48,207.16,205.48,207.08,604,20,0
1763049600,208.16,209.00,207.17,208.14,561,21,0
1763053200,208.14,209.07,206.54,207.15,844,20,0
1763056800,207.15,207.26,205.93,207.00,759,20,0
1763060400,207.00,207.13,205.57,205.94,511,20,0
1763064000,205.96,207.11,205.96,206.39,565,20,0
1763067600,206.49,206.66,205.67,206.01,513,20,0
1763071200,206.00,206.08,202.45,203.00,1677,20,0
1763136000,203.42,204.82,202.24,202.91,829,20,0
1763139600,202.77,203.83,202.66,203.35,798,20,0
1763143200,203.35,204.39,203.33,204.01,554,20,0
1763146800,204.01,204.07,200.62,201.26,517,20,0
1763150400,201.26,203.06,200.76,202.41,556,20,0
1763154000,202.41,202.61,202.02,202.48,373,20,0
1763157600,202.49,202.59,201.56,201.74,694,20,0
1763395200,201.76,202.28,200.74,201.37,650,20,0
1763398800,201.36,201.51,199.64,200.94,739,20,0
1763402400,200.94,203.19,200.74,203.11,534,20,0
1763406000,203.07,203.34,194.03,196.02,961,20,0
1763409600,196.02,196.65,193.20,193.86,989,20,0
1763413200,193.71,194.13,192.34,193.01,746,20,0
1763416800,193.01,193.74,190.83,192.01,1762,20,0
1763481600,192.14,194.28,190.27,193.54,870,22,0
1763485200,193.48,193.48,190.40,191.09,1239,20,0
1763488800,191.11,192.03,191.01,191.66,571,20,0
1763492400,191.66,192.10,190.48,192.00,529,20,0
1763496000,192.00,192.82,191.74,192.00,353,20,0
1763499600,192.00,192.24,191.37,191.94,605,20,0
1763503200,191.94,192.02,191.04,191.25,868,20,0
1763568000,191.17,191.33,188.82,190.23,944,20,0
1763571600,190.23,190.39,187.63,187.64,721,20,0
1763575200,187.64,188.20,187.01,187.18,641,20,0
1763578800,187.17,187.43,186.38,186.71,669,20,0
1763582400,186.71,187.40,186.62,187.30,743,20,0
1763586000,187.30,187.68,186.56,187.30,667,20,0
1763589600,187.30,187.86,186.79,187.46,1181,20,0
1763654400,187.00,187.43,185.59,186.06,707,20,0
1763658000,186.09,188.14,185.85,185.92,1182,20,0
1763661600,185.96,185.97,184.37,184.44,938,20,0
1763665200,184.41,184.52,182.79,183.42,1082,20,0
1763668800,183.41,185.59,183.08,183.34,803,20,0
1763672400,183.34,184.56,183.24,184.51,842,20,0
1763676000,184.51,184.51,182.95,183.18,1386,20,0
1763740800,184.27,187.51,184.06,187.40,820,20,0
1763744400,187.41,188.77,187.24,187.61,1032,20,0
1763748000,187.61,188.47,186.80,188.30,696,20,0
1763751600,188.31,190.04,188.31,190.04,518,20,0
1763755200,190.03,190.03,188.48,189.27,576,20,0
1763758800,189.27,191.79,188.79,191.03,688,20,0
1763762400,191.03,191.43,190.15,190.57,1008,20,0
1764000000,193.07,195.30,192.66,194.76,867,20,0
1764003600,194.90,195.58,193.40,193.51,782,20,0
1764007200,193.51,193.70,192.37,193.69,616,20,0
1764010800,193.69,194.57,193.21,194.08,540,20,0
1764014400,194.15,195.15,193.92,195.11,519,20,0
1764018000,195.04,195.50,194.05,194.36,556,20,0
1764021600,194.35,195.81,194.04,194.78,953,20,0
1764086400,194.94,196.66,194.94,195.99,610,20,0
1764090000,195.91,197.38,195.26,197.03,920,20,0
1764093600,197.03,197.94,197.03,197.64,533,20,0
1764097200,197.64,197.81,197.02,197.21,422,20,0
1764100800,197.24,197.27,195.88,196.24,388,20,0
1764104400,196.24,196.92,195.93,196.06,391,20,0
1764108000,196.06,197.14,195.99,196.04,925,20,0
1764172800,195.04,197.56,195.04,196.52,879,20,0
1764176400,196.49,197.85,196.42,197.59,610,20,0
1764180000,197.59,197.69,196.42,196.93,455,20,0
1764183600,196.86,197.54,196.41,196.41,455,20,0
1764187200,196.41,196.44,195.46,195.99,375,20,0
1764190800,195.99,196.40,195.46,195.62,346,20,0
1764194400,195.62,196.82,195.62,196.41,685,20,0
1764345600,195.81,197.02,195.42,196.70,658,20,0
1764349200,196.72,197.99,196.72,197.07,1030,20,0
1764352800,197.13,197.42,196.59,196.70,581,20,0
1764356400,196.72,197.00,195.34,196.44,924,20,0
1764604800,195.76,197.17,195.51,197.14,281,20,0
1764608400,197.22,197.69,196.74,197.43,407,20,0
1764612000,197.49,197.67,196.60,196.60,425,20,0
1764615600,196.54,196.67,195.65,195.98,433,20,0
1764619200,195.97,196.53,195.97,196.34,510,20,0
1764622800,196.34,196.35,195.61,195.75,426,20,0
1764626400,195.76,195.84,195.34,195.48,796,20,0
1764691200,195.91,198.09,195.91,197.83,463,20,0
1764694800,197.83,202.69,197.55,202.24,943,20,0
1764698400,202.24,203.83,201.88,203.77,789,20,0
1764702000,203.77,206.86,203.77,205.56,649,20,0
1764705600,205.56,205.94,204.23,205.92,478,20,0
1764709200,205.92,206.62,205.30,206.44,503,20,0
1764712800,206.44,206.63,204.80,205.26,804,20,0
1764777600,203.79,206.42,203.79,205.57,428,22,0
1764781200,205.67,205.75,203.32,203.53,642,21,0
1764784800,203.51,204.11,203.34,203.34,425,20,0
1764788400,203.34,203.67,203.06,203.23,393,20,0
1764792000,203.23,203.41,202.40,202.94,428,20,0
1764795600,202.94,203.15,201.74,202.35,417,20,0
1764799200,202.26,202.55,201.62,201.79,657,20,0
1764864000,202.27,203.05,201.18,202.54,444,20,0
1764867600,202.54,202.79,201.51,201.51,421,20,0
1764871200,201.51,202.30,201.30,202.02,447,20,0
1764874800,202.02,202.54,201.94,202.16,357,20,0
1764878400,202.16,202.60,201.99,202.47,393,20,0
1764882000,202.47,202.50,201.34,201.62,406,20,0
1764885600,201.62,201.65,200.69,200.95,759,20,0
1764950400,201.13,203.54,200.45,203.31,465,20,0
1764954000,203.31,206.15,203.17,204.71,780,20,0
1764957600,204.71,205.96,204.71,205.77,574,20,0
1764961200,205.77,206.05,205.34,205.93,400,20,0
1764964800,205.93,206.31,205.37,205.95,439,20,0
1764968400,205.95,206.13,205.61,206.11,422,20,0
1764972000,206.15,207.80,206.00,207.65,829,20,0
1765209600,207.41,207.94,206.43,207.64,467,20,0
1765213200,207.65,208.14,206.14,206.24,615,20,0
1765216800,206.24,206.55,205.26,205.37,626,20,0
1765220400,205.37,205.92,204.71,205.24,553,20,0
1765224000,205.24,206.79,204.96,206.77,537,20,0
1765227600,206.74,206.91,206.28,206.52,366,20,0
1765231200,206.52,207.96,206.52,206.97,829,20,0
1765296000,205.97,206.69,202.34,202.94,621,22,0
1765299600,202.94,205.55,200.16,204.90,792,20,0
1765303200,204.90,206.30,204.90,206.00,504,20,0
1765306800,206.00,206.54,205.90,206.01,337,20,0
1765310400,206.01,208.10,205.28,207.94,539,20,0
1765314000,207.94,208.33,206.75,207.68,401,20,0
1765317600,207.68,208.90,207.35,207.74,572,20,0
1765382400,207.51,207.51,202.37,206.12,597,23,0
1765386000,206.14,208.75,206.12,208.58,495,20,0
1765389600,208.58,209.91,207.90,209.87,443,20,0
1765393200,209.87,210.23,208.76,210.23,1207,20,0
1765396800,210.23,211.37,209.90,210.43,450,20,0
1765400400,210.43,212.40,210.43,212.28,595,20,0
1765404000,212.28,214.43,209.50,210.80,1029,20,0
1765468800,211.01,214.19,210.33,213.79,676,23,0
1765472400,213.84,213.98,210.35,213.78,563,20,0
1765476000,213.78,214.00,210.75,210.98,401,24,0
1765479600,210.98,211.63,210.09,210.48,416,20,0
1765483200,210.35,211.36,210.16,210.24,466,20,0
1765486800,210.24,210.76,209.52,209.57,538,20,0
1765490400,209.57,211.06,209.54,210.92,715,20,0
1765555200,211.32,212.98,211.32,211.91,375,21,0
1765558800,211.91,212.96,211.34,212.09,576,20,0
1765562400,212.09,214.19,211.95,213.65,431,20,0
1765566000,213.65,214.06,212.43,213.70,353,20,0
1765569600,213.70,213.82,212.39,212.58,292,20,0
1765573200,212.58,212.89,211.96,212.58,337,20,0
1765576800,212.59,213.29,211.79,211.99,557,20,0
1765814400,214.10,215.94,213.96,215.88,494,20,0
1765818000,215.88,217.36,215.65,217.03,579,20,0
1765821600,217.03,217.62,216.34,217.09,398,20,0
1765825200,217.09,217.70,217.09,217.65,362,20,0
1765828800,217.63,218.97,217.59,218.45,432,20,0
1765832400,218.45,218.66,218.00,218.65,361,20,0
1765836000,218.64,219.16,217.54,218.19,964,20,0
1765900800,217.09,220.08,217.09,220.08,332,25,0
1765904400,220.14,220.64,218.56,219.13,632,20,0
1765908000,219.12,220.09,218.97,219.41,469,20,0
1765911600,219.42,219.42,217.94,218.06,368,20,0
1765915200,217.99,219.47,217.39,218.93,265,20,0
1765918800,218.95,218.95,217.56,217.80,352,20,0
1765922400,217.79,218.70,217.29,217.31,607,20,0
1765987200,217.94,217.94,216.16,216.82,391,28,0
1765990800,216.74,217.33,214.99,216.14,701,21,0
1765994400,216.14,216.51,214.98,215.22,505,20,0
1765998000,215.22,215.44,214.59,214.65,313,20,0
1766001600,214.65,214.82,213.67,214.25,322,20,0
1766005200,214.25,214.83,214.03,214.33,339,20,0
1766008800,214.33,214.33,213.19,213.55,779,20,0
1766073600,214.26,216.40,213.52,214.90,524,20,0
1766077200,214.92,216.34,214.02,215.81,622,24,0
1766080800,215.78,216.86,215.52,215.69,360,21,0
1766084400,215.69,215.79,214.57,214.85,421,22,0
1766088000,214.85,214.87,214.21,214.38,266,20,0
1766091600,214.38,214.38,213.18,213.41,409,20,0
1766095200,213.41,214.25,213.22,213.51,909,20,0
1766160000,213.50,215.96,213.24,215.32,307,20,0
1766163600,215.32,215.81,215.01,215.53,524,20,0
1766167200,215.53,216.28,215.03,215.82,305,20,0
1766170800,215.82,216.80,215.27,216.24,350,20,0
1766174400,216.24,216.80,215.91,216.19,352,20,0
1766178000,216.19,216.94,216.19,216.73,231,20,0
1766181600,216.73,217.24,215.58,215.62,560,20,0
1766419200,217.30,218.50,216.47,218.37,396,21,0
1766422800,218.37,218.42,216.36,216.36,459,20,0
1766426400,216.36,217.33,216.32,217.12,373,20,0
1766430000,217.12,217.61,217.02,217.48,400,20,0
1766433600,217.48,217.48,216.20,216.20,279,20,0
1766437200,216.20,216.51,215.74,215.99,271,20,0
1766440800,215.99,216.41,215.54,216.15,526,20,0
1766505600,216.19,217.22,215.69,216.50,366,23,0
1766509200,216.50,217.23,215.67,216.84,373,20,0
1766512800,216.84,216.95,215.87,216.11,336,20,0
1766516400,216.12,216.75,215.69,215.94,303,20,0
1766520000,215.94,216.41,215.74,216.10,276,20,0
1766523600,216.09,216.62,216.07,216.49,226,20,0
1766527200,216.49,217.47,216.23,217.28,553,20,0
1766592000,216.46,217.56,216.46,217.42,321,20,0
1766595600,217.42,218.46,217.42,217.88,444,20,0
1766599200,217.87,218.94,217.80,218.46,299,20,0
1766602800,218.45,218.89,217.67,217.79,598,20,0
1766764800,217.42,219.22,217.32,218.22,195,22,0
1766768400,218.22,218.51,217.17,217.61,298,20,0
1766772000,217.56,217.61,216.75,216.98,227,20,0
1766775600,216.98,217.38,216.78,217.06,203,20,0
1766779200,217.06,217.16,216.69,216.95,234,20,0
1766782800,216.95,217.44,216.95,217.32,152,20,0
1766786400,217.32,217.83,217.29,217.52,468,20,0
1767024000,217.03,217.96,216.52,217.96,304,20,0
1767027600,217.93,218.24,215.95,216.44,431,20,0
1767031200,216.44,216.68,216.09,216.09,195,20,0
1767034800,216.09,216.66,216.09,216.52,231,20,0
1767038400,216.52,217.10,216.52,216.69,175,20,0
1767042000,216.69,217.47,216.47,217.40,235,20,0
1767045600,217.40,217.87,217.11,217.46,408,20,0
1767110400,216.61,217.86,216.46,217.85,355,20,0
1767114000,217.86,217.86,216.75,217.11,280,20,0
1767117600,217.11,217.62,216.99,217.01,299,20,0
1767121200,217.01,218.11,217.01,217.75,242,20,0
1767124800,217.78,218.00,217.63,217.68,213,20,0
1767128400,217.68,218.02,217.40,217.92,245,20,0
1767132000,217.94,218.06,216.85,216.92,529,20,0
1767196800,216.59,217.20,215.14,215.62,323,21,0
1767200400,215.54,215.81,214.78,214.96,496,20,0
1767204000,214.97,215.38,214.93,215.37,293,20,0
1767207600,215.36,215.41,214.75,214.75,227,20,0
1767211200,214.81,215.81,214.75,215.48,361,20,0
1767214800,215.44,215.76,214.74,214.74,295,20,0
1767218400,214.74,214.75,214.01,214.09,633,20,0
1767369600,213.85,214.01,210.46,212.04,449,20,0
1767373200,212.04,212.11,210.15,210.43,674,20,0
1767376800,210.43,211.50,209.97,210.33,597,20,0
1767380400,210.33,211.82,210.32,211.46,360,20,0
1767384000,211.46,211.98,211.06,211.48,373,20,0
1767387600,211.50,212.81,211.50,212.48,410,20,0
1767391200,212.48,213.13,211.80,212.64,625,20,0
1767628800,212.29,216.35,211.40,216.01,609,20,0
1767632400,216.26,217.67,216.17,217.01,741,20,0
1767636000,217.02,217.03,215.53,216.38,334,20,0
1767639600,216.38,217.35,216.38,216.39,224,20,0
1767643200,216.39,216.61,215.98,216.26,292,20,0
1767646800,216.26,216.69,215.66,215.77,350,20,0
1767650400,215.76,215.83,214.56,214.59,581,20,0
1767715200,213.81,213.91,211.72,211.83,457,26,0
1767718800,211.88,212.84,211.01,211.66,976,20,0
1767722400,211.57,212.24,211.50,211.60,512,20,0
1767726000,211.61,211.83,210.80,211.43,406,20,0
1767729600,211.43,211.81,210.64,211.37,389,20,0
1767733200,211.37,211.67,210.77,211.66,470,20,0
1767736800,211.59,214.58,211.59,213.76,710,20,0
1767801600,212.95,217.20,212.90,216.14,354,20,0
1767805200,216.14,217.06,215.36,217.01,531,20,0
1767808800,217.01,218.20,217.01,217.95,360,20,0
1767812400,218.05,218.79,217.69,218.42,357,20,0
1767816000,218.42,218.42,216.06,217.70,351,20,0
1767819600,217.70,218.01,217.19,217.86,293,20,0
1767823200,217.86,218.52,217.40,217.68,546,20,0
1767888000,216.79,217.00,214.17,216.62,527,24,0
1767891600,216.60,217.96,215.66,215.94,658,20,0
1767895200,215.94,216.42,215.55,215.94,336,20,0
1767898800,215.94,216.46,215.12,216.19,290,20,0
1767902400,216.19,216.53,215.59,216.33,363,20,0
1767906000,216.33,216.83,215.89,216.03,396,20,0
1767909600,216.03,217.69,216.02,217.64,647,20,0
1767974400,216.31,220.24,216.31,217.27,529,35,0
1767978000,217.27,217.96,215.65,217.00,755,21,0
1767981600,216.96,217.78,216.89,217.32,440,21,0
1767985200,217.36,217.92,216.60,217.41,444,22,0
1767988800,217.41,218.85,217.34,218.80,217,23,0
1767992400,218.80,219.23,218.27,218.40,221,20,0
1767996000,218.40,219.81,218.29,219.48,427,20,0
1768233600,218.04,218.04,215.50,215.97,503,27,0
1768237200,215.96,216.92,215.96,216.45,475,25,0
1768240800,216.35,216.54,215.98,216.28,229,20,0
1768244400,216.28,216.28,214.44,214.47,404,20,0
1768248000,214.54,215.02,214.38,214.61,244,20,0
1768251600,214.61,215.82,214.61,215.73,384,20,0
1768255200,215.73,215.83,215.30,215.53,553,20,0
1768320000,214.59,216.54,213.02,214.29,702,21,0
1768323600,214.29,214.43,212.06,213.40,651,20,0
1768327200,213.40,213.59,212.75,212.77,345,20,0
1768330800,212.75,213.12,212.54,212.82,457,20,0
1768334400,212.81,212.91,211.76,211.78,319,20,0
1768338000,211.78,212.47,211.34,211.56,318,20,0
1768341600,211.56,212.60,210.66,212.39,698,20,0
1768406400,210.49,211.15,208.03,208.03,420,20,0
1768410000,208.01,208.91,207.34,207.34,507,20,0
1768413600,207.34,207.51,204.36,204.46,609,20,0
1768417200,204.24,204.71,202.71,204.15,759,20,0
1768420800,204.15,204.25,202.17,203.44,625,20,0
1768424400,203.47,204.75,203.38,204.75,516,20,0
1768428000,204.75,208.22,204.58,207.42,777,20,0
1768492800,207.77,208.45,206.10,206.28,553,22,0
1768496400,206.44,208.94,206.28,207.76,771,20,0
1768500000,207.76,207.99,207.00,207.22,495,20,0
1768503600,207.22,207.31,205.61,205.61,567,20,0
1768507200,205.61,207.85,205.61,207.82,516,20,0
1768510800,207.82,207.82,206.86,207.15,615,20,0
1768514400,207.07,207.94,206.93,207.55,890,20,0
1768579200,207.12,208.35,205.62,206.22,649,20,0
1768582800,206.21,207.81,205.70,207.65,705,20,0
1768586400,207.65,207.97,207.09,207.60,488,20,0
1768590000,207.60,207.79,207.16,207.21,409,20,0
1768593600,207.21,207.94,207.21,207.58,419,20,0
1768597200,207.55,207.76,206.39,206.87,422,20,0
1768600800,206.87,206.87,204.21,204.52,716,20,0
1768924800,200.83,201.99,199.24,199.54,873,20,0
1768928400,199.40,201.63,197.94,201.09,996,20,0
1768932000,201.12,201.59,199.74,200.45,514,20,0
1768935600,200.45,200.75,199.94,200.59,428,20,0
1768939200,200.59,200.90,199.94,199.98,364,20,0
1768942800,199.98,200.73,199.74,199.94,482,20,0
1768946400,200.01,200.96,199.81,200.96,639,20,0
1769011200,200.33,204.15,200.09,202.67,599,20,0
1769014800,202.67,202.95,201.64,202.78,589,20,0
1769018400,202.78,203.71,202.50,202.68,530,20,0
1769022000,202.71,204.20,202.71,203.21,437,20,0
1769025600,203.21,204.81,203.15,204.10,427,20,0
1769029200,204.10,206.28,202.34,205.75,817,20,0
1769032800,205.75,207.05,205.75,206.38,901,20,0
1769097600,208.25,209.55,207.57,208.01,651,20,0
1769101200,208.01,208.39,206.50,206.70,722,20,0
1769104800,206.79,207.31,205.61,205.66,685,20,0
1769108400,205.66,206.15,205.10,205.68,464,20,0
1769112000,205.72,205.81,205.00,205.50,523,20,0
1769115600,205.51,205.74,204.95,205.25,444,20,0
1769119200,205.18,205.96,204.64,205.88,646,20,0
1769184000,202.87,204.59,202.87,204.04,484,20,0
1769187600,204.04,204.64,203.14,204.63,585,20,0
1769191200,204.59,204.95,203.97,204.76,409,20,0
1769194800,204.76,205.06,203.54,203.54,362,20,0
1769198400,203.54,204.10,203.44,204.10,358,20,0
1769202000,204.10,204.14,203.55,203.61,324,20,0
1769205600,203.64,203.94,203.21,203.81,558,20,0
1769443200,204.20,206.29,204.02,204.50,607,20,0
1769446800,204.53,205.51,204.02,204.68,805,20,0
1769450400,204.68,204.95,204.30,204.35,434,20,0
1769454000,204.35,204.89,204.07,204.20,381,20,0
1769457600,204.23,204.27,203.34,203.38,321,20,0
1769461200,203.47,204.76,203.44,204.64,417,20,0
1769464800,204.64,205.40,204.17,204.27,564,20,0
1769529600,204.24,206.18,203.32,205.95,554,20,0
1769533200,205.95,206.29,204.73,205.87,518,20,0
1769536800,205.86,206.10,205.28,205.61,382,20,0
1769540400,205.61,206.27,205.61,206.23,400,20,0
1769544000,206.23,206.23,205.12,205.31,299,20,0
1769547600,205.29,205.91,204.70,205.64,426,20,0
1769551200,205.64,206.12,204.88,206.00,616,20,0
1769616000,206.09,207.94,205.43,207.89,403,20,0
1769619600,207.91,208.18,206.14,206.35,619,20,0
1769623200,206.35,206.75,204.16,204.30,478,20,0
1769626800,204.30,204.43,202.74,203.09,439,20,0
1769630400,203.07,203.26,202.59,203.16,399,20,0
1769634000,203.12,204.75,202.77,203.29,737,20,0
1769637600,203.29,203.92,203.29,203.34,823,20,0
1769702400,204.04,205.38,202.24,202.39,710,22,0
1769706000,202.39,204.56,202.03,204.17,1008,20,0
1769709600,204.17,204.38,203.27,204.34,668,20,0
1769713200,204.34,205.06,204.05,204.22,541,20,0
1769716800,204.22,205.03,203.82,204.38,714,20,0
1769720400,204.38,204.38,203.39,204.01,707,20,0
1769724000,204.02,205.09,204.01,204.31,870,20,0
1769788800,203.25,203.82,201.24,201.46,568,25,0
1769792400,201.45,202.90,201.45,202.26,563,20,0
1769796000,202.31,202.42,198.74,198.74,823,20,0
1769799600,198.74,198.97,198.02,198.75,710,20,0
1769803200,198.73,199.57,198.14,199.39,663,20,0
1769806800,199.48,200.06,199.01,199.27,618,20,0
1769810400,199.27,200.41,199.27,199.93,851,20,0
1770048000,200.31,203.92,199.18,203.39,632,25,0
1770051600,203.27,204.26,202.68,204.13,751,20,0
1770055200,204.15,204.81,203.56,204.37,562,20,0
1770058800,204.37,204.87,204.02,204.28,445,20,0
1770062400,204.28,204.94,203.98,204.54,441,20,0
1770066000,204.54,205.00,204.26,204.84,507,20,0
1770069600,204.84,205.08,204.04,204.75,661,20,0
1770134400,202.39,204.40,195.56,195.73,760,29,0
1770138000,195.73,196.95,189.11,192.27,1526,22,0
1770141600,192.27,193.66,189.18,189.19,868,20,0
1770145200,189.19,189.84,185.59,186.74,950,20,0
1770148800,186.74,187.40,184.75,185.48,967,20,0
1770152400,185.48,187.55,184.44,185.87,1080,20,0
1770156000,185.90,186.22,184.74,185.67,1076,20,0
1770220800,182.25,182.25,174.44,181.49,858,25,0
1770224400,181.28,184.90,179.77,183.52,1375,20,0
1770228000,183.52,184.60,181.13,182.55,1042,20,0
1770231600,182.55,183.13,181.31,183.04,980,20,0
1770235200,182.90,184.27,182.35,183.51,690,20,0
1770238800,183.51,183.86,182.43,183.30,727,20,0
1770242400,183.30,185.14,182.63,184.22,888,20,0
1770307200,185.57,187.04,181.68,181.75,778,25,0
1770310800,181.82,182.15,179.74,180.24,1052,20,0
1770314400,180.24,181.67,179.54,180.73,930,20,0
1770318000,180.73,181.88,180.07,180.13,804,20,0
1770321600,180.16,180.72,179.14,179.16,771,20,0
1770325200,179.16,180.69,178.06,178.69,832,20,0
1770328800,178.69,179.34,177.14,177.37,1485,20,0
1770393600,177.30,180.76,176.58,176.72,698,20,0
1770397200,176.76,177.19,175.34,176.09,1200,20,0
1770400800,176.14,178.09,175.80,175.81,807,20,0
1770404400,175.85,176.63,174.78,175.33,782,20,0
1770408000,175.30,176.54,175.27,175.78,621,20,0
1770411600,175.78,175.87,174.69,174.78,727,20,0
1770415200,174.78,178.69,174.62,178.03,1054,20,0
1770652800,176.53,176.78,172.21,172.34,718,20,0
1770656400,172.28,172.98,170.59,171.09,1345,20,0
1770660000,171.10,172.13,171.01,171.34,892,20,0
1770663600,171.34,171.70,169.81,170.73,856,20,0
1770667200,170.72,171.94,170.55,171.32,615,20,0
1770670800,171.32,171.84,169.94,169.99,615,20,0
1770674400,170.00,170.08,168.68,169.31,1066,20,0
1770739200,168.38,174.23,167.42,174.23,868,20,0
1770742800,174.19,174.94,172.79,174.00,1150,20,0
1770746400,174.00,174.37,171.94,172.48,813,20,0
1770750000,172.48,173.41,172.31,172.99,649,20,0
1770753600,172.92,173.08,171.85,172.19,782,20,0
1770757200,172.19,173.14,171.50,172.25,940,20,0
1770760800,172.24,172.65,171.07,171.17,1198,20,0
1770825600,169.88,171.64,167.93,171.24,826,20,0
1770829200,171.28,172.07,169.02,169.54,1369,20,0
1770832800,169.54,170.72,169.04,170.10,1069,20,0
1770836400,170.10,172.80,169.72,172.59,926,20,0
1770840000,172.61,174.97,172.21,174.56,818,20,0
1770843600,174.67,174.79,172.01,172.53,872,20,0
1770847200,172.53,173.72,171.92,172.24,916,20,0
1770912000,170.86,174.97,170.55,171.61,853,20,0
1770915600,171.61,172.30,166.74,166.74,1194,20,0
1770919200,166.74,167.80,165.68,166.05,996,20,0
1770922800,166.05,166.90,165.58,165.58,810,20,0
1770926400,165.58,167.56,165.47,167.43,926,20,0
1770930000,167.43,169.32,167.04,168.40,849,20,0
1770933600,168.40,168.77,165.81,166.11,1175,20,0
1770998400,165.59,167.46,163.19,165.74,925,20,0
1771002000,165.74,166.95,163.53,165.07,1361,20,0
1771005600,165.06,165.61,162.74,164.74,1084,20,0
1771009200,164.74,165.97,164.11,165.52,825,20,0
1771012800,165.52,165.94,164.65,165.36,672,20,0
1771016400,165.43,166.67,165.36,165.40,770,20,0
1771020000,165.45,165.72,164.54,165.45,958,20,0
1771344000,164.84,165.92,161.18,163.76,766,20,0
1771347600,163.78,163.95,161.19,162.19,1080,20,0
1771351200,162.21,165.24,162.02,165.02,916,20,0
1771354800,164.94,166.45,164.12,165.14,809,20,0
1771358400,165.14,166.33,164.66,165.85,862,20,0
1771362000,165.85,166.54,165.70,166.28,870,20,0
1771365600,166.32,166.59,165.30,165.40,883,20,0
1771430400,165.19,169.53,163.99,169.22,959,20,0
1771434000,169.22,170.87,169.22,169.53,1124,20,0
1771437600,169.55,170.26,169.34,169.38,689,20,0
1771441200,169.38,170.33,169.34,169.69,725,20,0
1771444800,169.69,170.68,169.28,170.66,785,20,0
1771448400,170.66,171.44,170.17,170.35,853,20,0
1771452000,170.35,171.53,170.17,170.45,1226,20,0
1771516800,164.87,164.98,155.28,156.89,1299,23,0
1771520400,156.80,158.98,155.14,157.16,1633,20,0
1771524000,157.17,159.54,156.81,158.47,1114,20,0
1771527600,158.51,158.88,155.77,155.77,974,20,0
1771531200,155.75,156.43,154.78,155.90,803,20,0
1771534800,155.90,158.06,155.90,157.94,1023,20,0
1771538400,157.94,160.43,157.55,160.07,1597,20,0
1771603200,160.59,161.82,157.81,161.64,774,20,0
1771606800,161.57,162.78,159.49,160.92,1395,20,0
1771610400,160.90,163.00,160.79,162.37,795,20,0
1771614000,162.37,162.40,160.76,162.32,973,20,0
1771617600,162.36,163.04,161.57,162.02,846,20,0
1771621200,162.08,162.27,160.81,161.46,721,20,0
1771624800,161.46,162.99,161.44,162.81,867,20,0
1771862400,161.69,162.19,150.73,150.73,1079,20,0
1771866000,150.73,153.02,150.41,151.89,1263,20,0
1771869600,151.89,152.14,150.58,150.99,997,20,0
1771873200,150.99,154.06,150.99,153.73,708,20,0
1771876800,153.67,154.20,152.88,153.30,873,20,0
1771880400,153.38,154.89,153.38,154.31,858,20,0
1771884000,154.24,155.35,153.71,154.67,947,20,0
1771948800,155.47,160.51,155.28,160.36,1002,20,0
1771952400,160.29,161.81,158.15,161.45,1348,20,0
1771956000,161.50,162.42,160.99,162.07,1077,20,0
1771959600,162.14,162.41,160.34,161.22,941,20,0
1771963200,161.22,162.94,161.16,162.72,819,20,0
1771966800,162.72,163.14,161.94,162.30,837,20,0
1771970400,162.30,162.79,161.49,162.59,985,20,0
1772035200,163.13,163.92,161.81,162.64,693,20,0
1772038800,162.64,164.91,162.64,163.94,1039,20,0
1772042400,163.94,165.79,163.22,165.52,837,20,0
1772046000,165.52,166.78,165.10,166.13,952,20,0
1772049600,166.13,166.98,165.94,166.17,900,20,0
1772053200,166.17,166.75,165.94,166.37,705,20,0
1772056800,166.43,166.56,165.54,166.35,775,20,0
1772121600,166.97,170.56,166.42,169.81,765,20,0
1772125200,169.79,171.53,169.15,171.19,1149,20,0
1772128800,171.19,171.48,169.50,169.50,913,20,0
1772132400,169.50,170.20,168.57,168.98,721,20,0
1772136000,168.92,169.34,168.58,168.85,750,20,0
1772139600,168.85,169.44,168.54,169.21,783,20,0
1772143200,169.21,169.94,168.99,169.85,864,20,0
1772208000,167.16,169.11,166.43,166.53,758,20,0
1772211600,166.53,168.58,166.34,168.34,942,20,0
1772215200,168.41,168.80,166.86,168.27,842,20,0
1772218800,168.27,169.19,168.18,169.04,1126,20,0
1772222400,169.09,169.16,168.15,168.36,694,20,0
1772226000,168.36,169.06,168.25,168.45,918,20,0
1772229600,168.45,169.47,168.16,169.34,1267,20,0
1772467200,161.23,164.64,161.00,162.26,1015,20,0
1772470800,162.17,165.85,161.86,165.81,1512,20,0
1772474400,165.74,165.98,164.45,165.22,1126,20,0
1772478000,165.22,166.25,165.22,165.84,1003,20,0
1772481600,165.84,166.78,164.32,166.60,1130,20,0
1772485200,166.56,168.48,166.52,168.32,941,20,0
1772488800,168.33,168.64,166.66,167.02,923,20,0
1772553600,163.89,167.52,163.31,166.11,916,20,0
1772557200,166.11,166.19,162.86,163.52,1572,20,0
1772560800,163.56,165.70,163.35,164.64,1446,20,0
1772564400,164.63,165.64,163.90,165.59,1222,20,0
1772568000,165.59,167.52,165.59,167.51,1086,20,0
1772571600,167.51,167.63,166.34,167.03,960,20,0
1772575200,167.02,167.27,165.77,165.88,1248,20,0
1772640000,164.89,169.88,164.89,169.88,936,20,0
1772643600,169.88,170.15,168.41,169.78,1329,20,0
1772647200,169.78,171.40,169.45,170.92,1003,20,0
1772650800,170.93,172.04,170.65,171.95,1092,20,0
1772654400,171.95,172.78,171.46,172.46,871,20,0
1772658000,172.42,172.59,171.02,171.39,803,20,0
1772661600,171.39,171.47,170.05,170.06,999,20,0
1772726400,179.45,184.95,179.45,184.04,793,20,0
1772730000,184.07,184.10,180.42,180.96,1363,20,0
1772733600,180.96,182.99,180.17,182.65,1173,20,0
1772737200,182.72,184.55,182.65,184.31,1048,20,0
1772740800,184.31,184.94,182.15,182.93,1151,20,0
1772744400,183.02,184.21,182.93,184.04,932,20,0
1772748000,184.04,184.67,183.60,184.46,941,20,0
1772812800,180.68,182.35,177.96,179.61,812,20,0
1772816400,179.50,181.62,178.49,181.38,1360,20,0
1772820000,181.38,182.10,180.33,180.74,976,20,0
1772823600,180.74,181.45,180.34,180.67,1112,20,0
1772827200,180.78,182.23,180.16,181.60,872,20,0
1772830800,181.60,182.39,181.34,181.84,736,20,0
1772834400,181.84,183.24,181.54,181.96,1018,20,0
1773068400,178.85,179.20,175.96,175.96,762,22,0
1773072000,175.89,176.91,173.68,175.29,1652,20,0
1773075600,175.26,175.74,174.46,175.27,1731,20,0
1773079200,175.27,176.05,174.74,174.78,1508,20,0
1773082800,174.78,175.56,174.66,175.29,1032,20,0
1773086400,175.29,175.84,174.34,174.78,928,20,0
1773090000,174.78,177.46,173.56,177.42,1432,20,0
1773154800,176.50,176.85,171.81,172.64,557,20,0
1773158400,172.65,175.98,171.19,175.60,1193,20,0
1773162000,175.60,175.60,173.70,174.28,896,20,0
1773165600,174.31,175.76,173.98,175.47,1023,20,0
1773169200,175.51,176.42,174.87,176.11,814,20,0
1773172800,176.11,176.34,174.79,174.92,895,20,0
1773176400,174.97,175.44,174.32,174.81,1190,20,0
1773241200,174.48,177.03,174.48,175.65,549,24,0
1773244800,175.66,175.67,172.74,173.78,968,20,0
1773248400,173.84,174.23,172.11,172.17,884,20,0
1773252000,172.24,172.49,170.95,172.43,829,20,0
1773255600,172.47,172.88,171.70,172.08,633,20,0
1773259200,172.08,172.88,171.73,172.67,665,20,0
1773262800,172.74,172.96,172.17,172.77,968,20,0
1773327600,170.65,173.76,170.65,172.57,787,23,0
1773331200,172.63,173.21,171.82,173.21,1151,20,0
1773334800,173.21,173.21,170.35,171.28,1071,20,0
1773338400,171.49,171.57,169.75,170.58,1091,20,0
1773342000,170.53,171.58,170.15,170.86,909,20,0
1773345600,170.87,171.17,169.98,170.15,837,20,0
1773349200,170.12,170.58,168.43,168.64,1135,20,0
1773414000,169.53,172.59,169.53,172.03,748,20,0
1773417600,172.06,172.54,170.90,171.26,1210,20,0
1773421200,171.26,171.67,170.45,170.59,1177,20,0
1773424800,170.59,171.07,169.57,169.86,1074,20,0
1773428400,169.87,170.83,169.70,169.93,833,20,0
1773432000,169.93,170.38,169.55,169.93,1017,20,0
1773435600,169.93,170.02,169.25,169.40,825,20,0
1773673200,170.37,172.48,169.96,172.25,740,21,0
1773676800,172.25,173.30,171.34,172.10,1054,20,0
1773680400,172.11,172.15,171.13,171.44,942,20,0
1773684000,171.34,171.91,170.86,171.34,906,20,0
1773687600,171.33,171.67,170.51,170.63,770,20,0
1773691200,170.56,171.81,170.56,171.51,879,20,0
1773694800,171.52,171.86,170.85,171.64,1018,20,0
1773759600,174.83,178.77,174.53,177.80,924,22,0
1773763200,177.84,178.16,176.74,177.45,1118,20,0
1773766800,177.45,178.65,177.26,177.66,891,20,0
1773770400,177.64,177.80,176.76,177.71,960,20,0
1773774000,177.71,178.83,177.71,178.73,797,20,0
1773777600,178.73,178.78,177.26,177.58,793,20,0
1773781200,177.70,177.85,176.73,177.53,1151,20,0
1773846000,175.81,178.31,175.65,178.09,755,20,0
1773849600,178.07,178.07,176.74,177.35,1111,20,0
1773853200,177.15,178.95,177.08,177.38,1176,20,0
1773856800,177.39,177.42,176.34,177.20,920,20,0
1773860400,177.20,178.57,176.81,177.86,851,20,0
1773864000,177.86,178.30,176.88,176.96,1123,20,0
1773867600,176.96,177.15,175.04,175.10,1228,20,0
1773932400,174.22,177.22,174.22,174.80,873,22,0
1773936000,174.76,175.41,172.56,172.59,1440,20,0
1773939600,172.59,173.07,171.23,171.89,1175,20,0
1773943200,171.82,172.11,171.04,171.11,1029,20,0
1773946800,171.15,171.40,170.22,170.98,1003,20,0
1773950400,170.96,171.83,170.72,171.56,807,20,0
1773954000,171.55,173.21,171.46,171.57,1004,20,0
1774018800,171.07,172.42,170.54,171.54,763,20,0
1774022400,171.53,172.33,170.80,171.37,1254,20,0
1774026000,171.29,171.80,170.21,171.62,986,20,0
1774029600,171.62,172.64,171.10,172.32,822,20,0
1774033200,172.33,172.53,171.48,172.01,751,20,0
1774036800,171.97,172.10,171.02,171.32,957,20,0
1774040400,171.46,172.91,171.14,172.53,1181,20,0
1774278000,177.06,177.22,174.75,176.54,780,22,0
1774281600,176.61,177.43,176.02,176.51,1113,20,0
1774285200,176.51,177.39,174.47,174.61,976,20,0
1774288800,174.66,175.93,174.65,175.48,1088,20,0
1774292400,175.43,177.46,175.31,176.93,968,20,0
1774296000,176.95,177.29,176.46,176.86,728,20,0
1774299600,176.86,177.30,175.48,175.70,1101,20,0
1774364400,174.69,175.37,173.32,173.98,780,22,0
1774368000,174.05,174.23,171.61,173.38,1335,20,0
1774371600,173.54,174.11,172.04,172.06,1068,20,0
1774375200,172.10,173.13,171.35,171.64,722,20,0
1774378800,171.58,171.69,170.53,171.45,891,20,0
1774382400,171.54,172.50,170.95,172.10,737,20,0
1774386000,172.11,172.60,170.90,171.52,964,20,0
1774450800,172.40,174.59,172.27,172.79,754,20,0
1774454400,172.79,173.12,171.33,171.86,1042,20,0
1774458000,171.75,172.05,167.21,169.33,1110,20,0
1774461600,169.32,170.70,168.68,170.32,772,20,0
1774465200,170.32,171.26,170.28,170.63,724,20,0
1774468800,170.58,170.75,169.65,170.19,773,20,0
1774472400,170.13,170.14,169.15,169.44,826,20,0
1774537200,168.11,170.81,168.11,170.61,710,25,0
1774540800,170.61,170.78,168.45,169.30,909,20,0
1774544400,169.36,170.01,168.95,169.51,681,20,0
1774548000,169.46,169.55,168.07,168.16,564,20,0
1774551600,168.16,168.46,167.59,167.74,601,20,0
1774555200,167.69,168.62,167.28,168.55,749,20,0
1774558800,168.55,168.97,167.81,168.34,991,20,0
1774623600,167.61,167.95,163.57,163.95,809,22,0
1774627200,164.04,164.50,161.15,163.47,1323,21,0
1774630800,163.47,163.95,161.93,163.50,1141,20,0
1774634400,163.50,163.92,162.85,163.07,802,20,0
1774638000,163.12,163.46,162.80,163.00,690,20,0
1774641600,163.00,163.25,161.94,162.23,832,20,0
1774645200,162.33,162.74,161.64,162.26,1155,20,0
1774886400,162.44,164.28,162.31,163.67,759,22,0
1774890000,163.65,164.48,162.79,164.30,1016,20,0
1774893600,164.09,165.68,163.64,165.56,823,20,0
1774897200,165.45,166.35,164.34,164.54,754,20,0
1774900800,164.54,165.04,164.03,164.73,779,20,0
1774904400,164.73,164.83,164.05,164.45,680,20,0
1774908000,164.46,164.82,163.94,164.61,654,20,0
1774972800,165.69,166.03,164.32,165.82,530,23,0
1774976400,165.82,166.52,162.42,162.88,1062,21,0
1774980000,162.88,165.96,162.88,165.35,763,20,0
1774983600,165.25,169.12,165.18,167.31,1005,20,0
1774987200,167.38,168.71,167.26,168.21,871,20,0
1774990800,168.21,168.86,167.99,168.25,818,20,0
1774994400,168.23,168.81,167.74,168.07,1086,20,0
1775059200,168.71,169.65,162.09,165.33,822,29,0
1775062800,165.31,169.26,165.21,169.05,1062,20,0
1775066400,169.07,169.78,168.57,169.62,886,20,0
1775070000,169.68,169.87,168.81,168.94,691,20,0
1775073600,168.75,169.77,168.43,168.46,603,20,0
1775077200,168.45,168.84,166.71,166.82,741,20,0
1775080800,166.75,167.44,166.58,167.17,907,20,0
1775145600,164.53,165.15,162.55,163.57,608,20,0
1775149200,163.57,167.94,162.76,166.98,1171,20,0
1775152800,166.98,167.33,166.18,166.80,925,20,0
1775156400,166.80,167.03,165.78,166.06,724,20,0
1775160000,166.00,166.70,165.32,165.94,690,20,0
1775163600,165.94,166.17,165.49,166.03,714,20,0
1775167200,166.03,167.73,165.62,167.58,1009,20,0
1775491200,164.01,169.64,163.99,168.08,2376,523,0
1775494800,168.11,169.38,166.57,168.40,4206,523,0
1775498400,168.43,169.15,167.42,168.50,3791,523,0
1775502000,168.51,170.36,168.39,170.18,3109,523,0
1775505600,170.17,171.80,169.23,171.46,2710,523,0
1775509200,171.45,172.98,171.18,172.80,2487,523,0
1775512800,172.81,174.21,172.45,173.84,3149,523,0
1775577600,172.40,173.17,169.70,171.51,2887,523,0
1775581200,171.47,171.69,168.72,170.25,4885,523,0
1775584800,170.26,171.70,169.71,171.62,4278,523,0
1775588400,171.61,172.94,167.24,170.06,4428,523,0
1775592000,170.09,171.26,169.35,170.74,4071,523,0
1775595600,170.79,171.61,169.29,169.38,3741,523,0
1775599200,169.39,171.70,169.20,170.80,3914,523,0
1775664000,179.03,184.07,179.03,183.39,3117,523,0
1775667600,183.34,183.39,179.10,179.55,5505,523,0
1775671200,179.53,180.73,179.53,180.21,4868,523,0
1775674800,180.22,180.75,179.45,179.91,4151,523,0
1775678400,179.92,180.06,178.38,179.69,3861,523,0
1775682000,179.68,180.42,179.16,179.35,3579,523,0
1775685600,179.34,179.57,177.54,178.39,3348,523,0
1775750400,177.15,178.11,174.00,174.76,2885,523,0
1775754000,174.68,174.87,172.04,172.66,5020,523,0
1775757600,172.67,174.17,171.24,174.00,4650,523,0
1775761200,173.98,174.89,173.29,173.33,3541,523,0
1775764800,173.37,173.71,173.00,173.33,3289,523,0
1775768400,173.29,173.30,172.46,172.84,3120,523,0
1775772000,172.83,174.33,172.68,174.02,3245,523,0
1775836800,174.75,176.70,170.81,172.52,2737,523,0
1775840400,172.54,173.14,170.88,171.14,4227,523,0
1775844000,171.12,171.31,169.78,170.55,4111,523,0
1775847600,170.54,170.69,169.55,169.91,3324,523,0
1775851200,169.92,170.36,168.98,170.21,3240,523,0
1775854800,170.21,170.62,169.68,169.86,2598,523,0
1775858400,169.85,170.93,169.77,170.90,2600,523,0
1776096000,168.12,172.17,168.12,171.51,2436,523,0
1776099600,171.51,173.41,170.93,172.86,4256,523,0
1776103200,172.87,173.28,172.14,172.54,2486,523,0
1776106800,172.54,174.51,172.42,173.99,3496,523,0
1776110400,173.98,175.05,173.80,174.91,3415,523,0
1776114000,174.91,175.13,174.52,174.77,2944,523,0
1776117600,174.77,174.89,173.12,174.64,2962,523,0
1776182400,176.14,179.95,175.62,178.70,2741,523,0
1776186000,178.64,178.90,177.44,177.60,4631,523,0
1776189600,177.60,179.63,177.52,179.61,4136,523,0
1776193200,179.60,179.69,178.81,179.27,3453,523,0
1776196800,179.26,179.45,178.68,178.73,3382,523,0
1776200400,178.73,178.83,177.70,178.21,3396,523,0
1776204000,178.20,178.76,177.89,178.47,2687,523,0
1776268800,180.40,182.99,179.78,181.86,2866,523,0
1776272400,181.88,182.45,181.03,181.75,4790,523,0
1776276000,181.76,183.45,181.55,183.35,4112,523,0
1776279600,183.34,183.77,182.75,183.29,3581,523,0
1776283200,183.29,183.58,183.05,183.23,3104,523,0
1776286800,183.22,183.82,182.92,183.64,2848,523,0
1776290400,183.64,183.98,182.67,183.04,2941,523,0
1776355200,183.89,185.55,183.77,183.78,2929,523,0
1776358800,183.76,183.91,182.81,182.89,4130,523,0
1776362400,182.89,184.26,182.81,183.83,3977,523,0
1776366000,183.85,184.31,183.30,183.33,3310,523,0
1776369600,183.33,184.30,183.04,183.77,3234,523,0
1776373200,183.77,183.87,183.16,183.57,2907,523,0
1776376800,183.57,183.66,181.59,181.93,3393,523,0
1776441600,185.94,188.09,185.44,187.59,3072,523,0
1776445200,187.55,190.14,187.45,189.92,4907,523,0
1776448800,189.93,190.11,188.57,189.32,4267,523,0
1776452400,189.30,190.05,188.92,189.51,2783,523,0
1776456000,189.49,189.67,188.04,188.58,3760,523,0
1776459600,188.55,189.18,188.16,189.05,3406,523,0
1776463200,189.06,189.80,188.53,189.43,3290,523,0
1776700800,187.99,190.27,187.37,188.22,2697,523,0
1776704400,188.24,188.94,187.38,187.64,4696,523,0
1776708000,187.64,187.82,186.48,187.47,3947,523,0
1776711600,187.48,187.85,186.70,187.73,3273,523,0
1776715200,187.75,188.22,187.53,187.89,2789,523,0
1776718800,187.90,188.29,187.49,188.08,2796,523,0
1776722400,188.10,189.61,188.08,189.43,2837,523,0
1776787200,188.76,190.59,186.78,190.45,2812,523,0
1776790800,190.46,191.30,190.07,190.08,4238,523,0
1776794400,190.09,190.28,188.69,189.30,3479,523,0
1776798000,189.31,189.50,188.80,188.81,3108,523,0
1776801600,188.81,189.91,188.26,189.58,3773,523,0
1776805200,189.56,189.97,188.97,189.79,3245,523,0
1776808800,189.77,190.18,187.93,188.28,3405,523,0
1776873600,188.09,188.09,184.51,184.57,3008,523,0
1776877200,184.61,185.34,180.20,180.84,4728,523,0
1776880800,180.88,180.94,178.27,178.30,2568,523,0
1776884400,178.34,179.44,177.25,177.84,2487,523,0
1776888000,177.85,179.38,176.58,176.93,2535,523,0
1776891600,176.93,177.01,175.30,175.61,2335,523,0
1776895200,175.61,176.84,175.43,176.76,2975,523,0
1776960000,176.79,177.67,175.01,175.05,2978,523,0
1776963600,175.00,176.26,174.44,175.41,4551,523,0
1776967200,175.41,175.77,174.75,175.11,3332,523,0
1776970800,175.11,176.67,174.98,175.86,2856,523,0
1776974400,175.87,175.89,171.92,173.12,4394,523,0
1776978000,173.11,173.77,172.83,173.62,3115,523,0
1776981600,173.61,174.34,172.51,174.15,3053,523,0
1777046400,173.96,178.80,173.65,178.27,3043,523,0
1777050000,178.23,178.27,176.45,177.03,4306,523,0
1777053600,177.05,178.91,176.77,178.89,3849,523,0
1777057200,178.89,179.47,178.56,179.05,3092,523,0
1777060800,179.05,179.09,178.10,178.30,2604,523,0
1777064400,178.30,178.55,178.10,178.26,2313,523,0
1777068000,178.26,178.48,177.52,177.60,2710,523,0
1777305600,176.26,178.90,175.82,176.74,3067,523,0
1777309200,176.75,178.01,176.58,177.23,4261,523,0
1777312800,177.23,177.36,175.83,176.80,3678,523,0
1777316400,176.80,177.15,176.14,176.55,2666,523,0
1777320000,176.54,176.92,176.27,176.62,2467,523,0
1777323600,176.62,176.67,175.69,175.75,2599,523,0
1777327200,175.75,176.08,174.53,174.88,3269,523,0
1777392000,175.59,176.24,173.04,173.83,3088,523,0
1777395600,173.82,175.07,173.64,174.40,5565,523,0
1777399200,174.39,175.18,173.52,174.24,4559,523,0
1777402800,174.24,174.71,173.71,174.54,3082,523,0
1777406400,174.54,175.13,174.45,175.05,2761,523,0
1777410000,175.04,175.09,173.62,174.04,2845,523,0
1777413600,174.01,174.47,170.48,170.82,3851,523,0
1777478400,162.91,170.49,162.77,169.67,3463,523,0
1777482000,169.67,174.15,169.67,171.96,6152,523,0
1777485600,171.99,172.06,168.42,169.64,5132,523,0
1777489200,169.67,170.67,169.16,170.58,3859,523,0
1777492800,170.58,170.90,168.94,170.47,3839,523,0
1777496400,170.45,171.81,169.92,171.79,4172,523,0
1777500000,171.79,171.85,170.03,171.43,4170,523,0
1777564800,172.04,173.24,166.65,166.85,3109,523,0
1777568400,166.82,167.90,166.59,167.25,5949,523,0
1777572000,167.23,167.38,165.46,166.21,4851,523,0
1777575600,166.21,166.42,164.61,164.86,4085,523,0
1777579200,164.87,166.14,164.84,166.06,3766,523,0
1777582800,166.06,167.35,166.04,166.95,4054,523,0
1777586400,166.94,167.19,165.69,165.74,3897,523,0
1777651200,166.60,168.86,165.53,168.53,3077,523,0
1777654800,168.57,168.97,166.88,167.62,5823,523,0
1777658400,167.63,168.58,166.76,168.09,4448,523,0
1777662000,168.07,168.29,166.90,167.33,3635,523,0
1777665600,167.31,167.92,166.95,167.47,2822,523,0
1777669200,167.45,167.57,166.50,166.87,3473,523,0
1777672800,166.88,168.34,166.87,167.02,2964,523,0
1777910400,167.46,168.17,164.42,164.77,3044,523,0
1777914000,164.77,167.39,163.95,165.84,5008,523,0
1777917600,165.85,166.25,163.23,163.25,4507,523,0
1777921200,163.26,163.69,162.67,162.93,4093,523,0
1777924800,162.94,163.78,162.64,163.48,3405,523,0
1777928400,163.49,164.34,163.47,163.54,2981,523,0
1777932000,163.54,163.98,162.76,162.98,3246,523,0
1777996800,161.88,164.14,161.52,163.81,3405,523,0
1778000400,163.81,165.06,163.05,164.91,5180,523,0
1778004000,164.91,165.29,164.35,164.70,4058,523,0
1778007600,164.69,165.57,164.53,165.13,3287,523,0
1778011200,165.13,165.25,164.47,164.71,2628,523,0
1778014800,164.72,165.20,164.48,165.05,2444,523,0
1778018400,165.07,166.08,164.84,165.01,3226,523,0
1778083200,171.58,172.81,167.61,168.34,3440,523,0
1778086800,168.36,171.27,167.10,167.30,5473,523,0
1778090400,167.28,167.82,166.73,167.08,4689,523,0
1778094000,167.10,167.14,165.73,166.30,3416,523,0
1778097600,166.30,166.96,166.07,166.96,3078,523,0
1778101200,166.96,167.55,166.63,167.07,2971,523,0
1778104800,167.08,167.71,165.27,165.70,3174,523,0
1778169600,165.23,168.77,165.23,168.07,2971,523,0
1778173200,168.16,170.86,168.01,170.83,4659,523,0
1778176800,170.83,171.11,170.35,170.76,4396,523,0
1778180400,170.75,171.09,169.16,169.46,4076,523,0
1778184000,169.47,169.96,168.36,169.67,3770,523,0
1778187600,169.69,170.26,169.02,169.76,3586,523,0
1778191200,169.74,170.22,168.37,168.64,3487,523,0
1778256000,167.20,167.20,163.76,165.92,2963,523,0
1778259600,165.89,167.27,165.81,167.23,5188,523,0
1778263200,167.23,167.92,166.98,167.39,4127,523,0
1778266800,167.40,167.78,166.82,166.90,3520,523,0
1778270400,166.89,167.41,166.41,166.48,3234,523,0
1778274000,166.48,166.86,163.92,164.23,3259,523,0
1778277600,164.23,164.70,163.02,163.35,3714,523,0
1778515200,161.94,162.69,159.61,161.03,3378,523,0
1778518800,161.04,161.10,157.92,158.02,5419,523,0
1778522400,158.02,158.19,157.02,157.74,3902,523,0
1778526000,157.74,157.76,155.80,155.80,3297,523,0
1778529600,155.79,155.83,154.44,154.58,3048,523,0
1778533200,154.57,155.13,154.02,154.12,3173,523,0
1778536800,154.12,155.30,153.50,155.15,3105,523,0
1778601600,155.64,157.43,155.28,156.43,3327,523,0
1778605200,156.44,158.20,155.56,157.94,5099,523,0
1778608800,157.94,158.57,157.29,158.11,4213,523,0
1778612400,158.12,158.40,157.44,158.28,3560,523,0
1778616000,158.29,158.36,156.83,157.84,3456,523,0
1778619600,157.82,158.49,157.41,158.47,3092,523,0
1778623200,158.46,158.46,157.37,157.94,3072,523,0
1778688000,155.96,155.99,153.48,154.05,3443,523,0
1778691600,154.06,154.77,152.76,152.77,4687,523,0
1778695200,152.78,153.32,152.77,153.20,3198,523,0
1778698800,153.21,154.50,153.01,154.39,3275,523,0
1778702400,154.38,154.66,153.58,153.87,2606,523,0
1778706000,153.85,154.23,153.52,153.60,2793,523,0
1778709600,153.58,153.81,152.17,152.43,3159,523,0
1778774400,152.33,155.52,152.33,153.81,3183,523,0
1778778000,153.79,154.83,152.92,153.32,4690,523,0
1778781600,153.30,154.23,153.08,153.67,3558,523,0
1778785200,153.68,153.97,152.83,153.10,2880,523,0
1778788800,153.11,153.72,152.22,152.25,2650,523,0
1778792400,152.26,152.81,151.95,152.16,2727,523,0
1778796000,152.16,152.61,151.38,151.86,2803,523,0
1778860800,152.41,154.02,151.14,152.09,2826,523,0
1778864400,152.13,152.97,151.70,151.83,4616,523,0
1778868000,151.85,152.01,150.45,151.46,3436,523,0
1778871600,151.48,153.00,151.32,152.38,2965,523,0
1778875200,152.40,152.51,151.70,151.84,2712,523,0
1778878800,151.83,152.25,151.29,151.53,2815,523,0
1778882400,151.53,151.99,150.84,151.57,3023,523,0
1779120000,153.03,153.90,150.72,153.07,3319,523,0
1779123600,153.07,154.23,152.49,152.69,5576,523,0
1779127200,152.70,152.85,151.07,151.24,3849,523,0
1779130800,151.25,152.06,151.20,151.59,3385,523,0
1779134400,151.58,152.45,151.51,152.14,2933,523,0
1779138000,152.13,152.14,150.51,150.52,2950,523,0
1779141600,150.51,152.54,150.51,152.44,3559,523,0
1779206400,151.57,157.54,151.09,157.25,3352,523,0
1779210000,157.26,158.29,156.03,156.36,5466,523,0
1779213600,156.35,156.37,153.90,153.90,4105,523,0
1779217200,153.90,154.07,152.66,152.78,3860,523,0
1779220800,152.79,153.06,151.73,152.71,3828,523,0
1779224400,152.72,152.84,152.13,152.46,3557,523,0
1779228000,152.46,152.91,151.54,151.96,3456,523,0
1779292800,151.62,151.72,147.56,149.59,2984,523,0
1779296400,149.58,151.52,148.78,151.47,4857,523,0
1779300000,151.46,154.33,151.19,154.13,4042,523,0
1779303600,154.13,154.73,153.45,154.58,3435,523,0
1779307200,154.57,155.62,153.88,155.33,3402,523,0
1779310800,155.32,155.56,154.93,155.26,3286,523,0
1779314400,155.27,155.42,154.04,154.28,2971,523,0
1779379200,152.65,153.30,151.02,153.10,2992,523,0
1779382800,153.09,153.76,152.69,153.49,4364,523,0
1779386400,153.48,153.73,152.04,152.96,3910,523,0
1779390000,152.96,153.03,152.39,152.69,2937,523,0
1779393600,152.68,157.52,152.41,157.28,4158,523,0
1779397200,157.28,157.78,156.36,156.60,3853,523,0
1779400800,156.60,157.36,156.41,157.10,3052,523,0
1779465600,156.72,160.13,156.66,157.94,3258,523,0
1779469200,157.93,158.26,156.43,156.49,4475,523,0
1779472800,156.48,157.84,156.42,157.74,3814,523,0
1779476400,157.74,158.65,157.30,158.56,3315,523,0
1779480000,158.57,159.75,158.40,159.03,3393,523,0
1779483600,159.03,159.45,158.51,158.89,3048,523,0
1779487200,158.90,159.08,158.24,158.46,2787,523,0
1779811200,159.84,163.28,159.84,162.59,3241,523,0
1779814800,162.58,163.62,159.52,159.82,4357,523,0
1779818400,159.80,162.05,159.67,161.88,3658,523,0
1779822000,161.88,162.17,158.26,160.44,2781,523,0
1779825600,160.44,161.16,160.43,161.05,2450,523,0
1779829200,161.06,161.23,160.43,160.81,2263,523,0
1779832800,160.83,160.98,160.39,160.73,2339,523,0
1779897600,162.93,166.74,162.93,165.83,3396,523,0
1779901200,165.87,167.89,165.48,166.82,5324,523,0
1779904800,166.83,167.85,166.03,166.09,4423,523,0
1779908400,166.08,166.61,165.57,166.33,3518,523,0
1779912000,166.28,166.48,165.60,166.07,3266,523,0
1779915600,166.07,166.42,165.47,166.38,2900,523,0
1779919200,166.38,166.57,165.13,165.76,2882,523,0
1779984000,165.01,165.98,164.34,165.48,2807,523,0
1779987600,165.49,166.83,164.82,166.75,4576,523,0
1779991200,166.75,167.01,165.65,166.58,3280,523,0
1779994800,166.57,166.58,165.85,166.14,2744,523,0
1779998400,166.13,166.97,166.11,166.69,2742,523,0
1780002000,166.69,167.14,166.39,166.64,2530,523,0
1780005600,166.65,167.33,166.52,167.23,2560,523,0
1780070400,167.68,167.70,164.66,164.94,2587,523,0
1780074000,164.94,166.30,164.73,165.34,4215,523,0
1780077600,165.36,166.73,165.31,166.66,3294,523,0
1780081200,166.66,166.92,166.16,166.55,2680,523,0
1780084800,166.55,167.17,166.40,166.84,2233,523,0
1780088400,166.83,166.90,165.59,165.76,2306,523,0
1780092000,165.77,166.13,164.64,164.84,2609,523,0
1780329600,166.45,167.61,164.06,165.91,2974,523,0
1780333200,165.94,166.41,162.31,164.23,4844,523,0
1780336800,164.23,165.60,164.21,165.35,3567,523,0
1780340400,165.34,166.23,165.01,165.96,3074,523,0
1780344000,165.95,167.24,165.80,167.12,2806,523,0
1780347600,167.11,167.70,166.76,167.64,2293,523,0
1780351200,167.61,168.23,166.50,166.62,2493,523,0
1780416000,165.05,165.05,159.85,161.07,3509,523,0
1780419600,161.07,165.34,161.07,164.73,5052,523,0
1780423200,164.73,165.61,164.16,164.94,4149,523,0
1780426800,164.93,165.01,164.15,164.40,3375,523,0
1780430400,164.39,164.46,163.61,163.86,3265,523,0
1780434000,163.86,164.44,163.62,164.34,2761,523,0
1780437600,164.32,164.72,164.17,164.59,2652,523,0
1780502400,163.64,165.83,163.63,164.27,3053,523,0
1780506000,164.28,164.86,162.23,163.67,4587,523,0
1780509600,163.67,164.06,162.66,162.82,4017,523,0
1780513200,162.81,163.21,162.65,162.76,3142,523,0
1780516800,162.76,163.18,162.29,162.29,2750,523,0
1780520400,162.29,162.81,162.14,162.16,2735,523,0
1780524000,162.16,163.23,161.83,162.14,3029,523,0
1780588800,166.84,167.98,165.03,167.92,3455,523,0
1780592400,167.96,168.32,166.73,168.03,5550,523,0
1780596000,168.02,168.61,167.54,168.23,4475,523,0
1780599600,168.23,168.43,165.23,165.36,4111,523,0
1780603200,165.36,165.43,164.49,164.94,3133,523,0
1780606800,164.92,165.72,164.74,165.50,3086,523,0
1780610400,165.50,165.63,163.75,164.88,3745,523,0
1780675200,164.39,169.27,164.18,167.50,3737,523,0
1780678800,167.50,167.56,164.24,164.51,6115,523,0
1780682400,164.52,164.84,162.55,162.79,4461,523,0
1780686000,162.78,164.29,162.64,163.49,4640,523,0
1780689600,163.48,164.18,163.19,163.24,4216,523,0
1780693200,163.26,164.28,162.85,162.88,3974,523,0
1780696800,162.85,163.56,162.28,163.26,4148,523,0
1780934400,162.70,164.01,160.73,163.73,3374,523,0
1780938000,163.74,164.13,161.82,163.39,5445,523,0
1780941600,163.39,163.54,161.50,161.94,4307,523,0
1780945200,161.95,162.07,160.94,161.05,3061,523,0
1780948800,161.04,161.10,160.19,160.44,3158,523,0
1780952400,160.42,161.29,160.36,160.75,2627,523,0
1780956000,160.75,160.93,159.60,159.68,2944,523,0
1781020800,159.56,166.27,159.03,166.09,3458,523,0
1781024400,166.08,166.11,163.34,164.23,6064,523,0
1781028000,164.21,164.56,162.37,162.76,5120,523,0
1781031600,162.76,163.38,160.97,161.58,5139,523,0
1781035200,161.58,162.24,160.69,161.93,4068,523,0
1781038800,161.94,162.23,161.39,161.89,3165,523,0
1781042400,161.89,162.03,160.59,161.28,3292,523,0
1781107200,161.32,161.32,157.84,160.73,3560,523,0
1781110800,160.73,161.10,157.66,158.71,5755,523,0
1781114400,158.72,159.26,157.77,158.25,4812,523,0
1781118000,158.26,158.33,157.40,157.62,3902,523,0
1781121600,157.62,157.76,156.60,157.40,3606,523,0
1781125200,157.41,158.62,157.41,158.45,3246,523,0
1781128800,158.45,158.73,157.94,158.00,3273,523,0
1781193600,157.42,160.64,157.42,159.95,3434,523,0
1781197200,159.94,161.10,157.40,157.57,6531,523,0
1781200800,157.57,157.59,155.54,156.77,5079,523,0
1781204400,156.77,157.54,156.39,156.44,4256,523,0
1781208000,156.44,161.06,155.61,160.98,5589,523,0
1781211600,160.99,161.35,158.97,159.03,4641,523,0
1781215200,159.02,162.33,158.65,160.97,4675,523,0
1781280000,163.46,165.86,159.07,160.26,3729,523,0
1781283600,160.27,161.08,159.19,161.01,5930,523,0
1781287200,161.02,162.24,160.28,160.78,5008,523,0
1781290800,160.77,162.58,160.44,162.57,4406,523,0
1781294400,162.57,163.71,161.62,161.66,3838,523,0
1781298000,161.66,162.54,161.65,162.18,3452,523,0
1781301600,162.18,162.51,161.10,162.31,3858,523,0
1781539200,166.98,174.16,166.70,173.99,4203,523,0
1781542800,174.02,174.05,169.45,172.51,6411,523,0
1781546400,172.51,173.73,171.45,173.17,5009,523,0
1781550000,173.18,173.38,171.31,171.79,3270,523,0
1781553600,171.78,171.96,170.86,170.87,2235,523,0
1781557200,170.87,170.87,169.86,170.05,2395,523,0
1781560800,170.05,172.09,167.90,172.05,2701,523,0
1781625600,173.21,173.86,171.59,172.24,3337,523,0
1781629200,172.20,173.43,171.51,173.09,5296,523,0
1781632800,173.11,173.54,172.16,172.20,3848,523,0
1781636400,172.20,173.61,171.77,173.34,3176,523,0
1781640000,173.33,174.07,172.70,173.01,3063,523,0
1781643600,173.00,173.98,172.81,173.77,2315,523,0
1781647200,173.76,173.96,172.38,173.13,3361,523,0
1781712000,172.29,173.96,170.67,172.85,2925,523,0
1781715600,172.80,173.87,170.82,171.59,5049,523,0
1781719200,171.60,172.13,170.84,171.95,3645,523,0
1781722800,171.95,172.08,171.07,171.64,2683,523,0
1781726400,171.62,171.67,170.73,171.41,2414,523,0
1781730000,171.41,171.43,169.81,170.11,5583,523,0
1781733600,170.11,170.30,168.11,169.05,5015,523,0
1781798400,170.04,171.09,167.70,169.89,3146,523,0
1781802000,169.93,171.84,169.77,170.40,5373,523,0
1781805600,170.42,170.89,169.86,170.60,3967,523,0
1781809200,170.60,170.92,170.31,170.85,2802,523,0
1781812800,170.85,171.56,170.55,170.92,2662,523,0
1781816400,170.92,171.28,170.54,171.07,2371,523,0
1781820000,171.07,171.07,168.78,169.23,3325,523,0
1782144000,166.69,168.26,164.26,167.41,3575,523,0
1782147600,167.44,167.77,161.51,163.45,5694,523,0
1782151200,163.48,165.30,160.60,165.29,4374,523,0
1782154800,165.29,166.36,165.11,165.90,3478,523,0
1782158400,165.92,167.17,165.83,166.81,2904,523,0
1782162000,166.80,167.01,165.31,165.34,2730,523,0
1782165600,165.35,165.70,164.18,165.15,3272,523,0
1782230400,165.84,166.22,163.25,165.73,3380,523,0
1782234000,165.73,166.39,164.82,165.58,4992,523,0
1782237600,165.58,165.77,164.84,165.25,3646,523,0
1782241200,165.24,166.86,164.72,166.76,3359,523,0
1782244800,166.76,167.16,166.00,166.40,3308,523,0
1782248400,166.39,166.65,165.42,165.60,2765,523,0
1782252000,165.61,167.48,165.58,166.36,3475,523,0
1782316800,168.76,178.21,168.76,177.36,3620,523,0
1782320400,177.37,181.31,177.19,180.84,5854,523,0
1782324000,180.84,182.16,172.51,177.76,4713,523,0
1782327600,177.77,180.72,177.70,179.95,3792,523,0
1782331200,179.95,181.47,179.90,181.02,3432,523,0
1782334800,181.02,182.11,180.97,182.10,2841,523,0
1782338400,182.10,182.28,176.45,178.66,4635,523,0
1782403200,177.96,180.49,175.38,178.28,3582,523,0
1782406800,178.28,179.49,177.22,177.86,5474,523,0
1782410400,177.88,178.25,175.70,176.64,3720,523,0
1782414000,176.63,177.04,175.67,176.64,3571,523,0
1782417600,176.63,176.84,175.86,176.10,3317,523,0
1782421200,176.11,176.56,175.29,176.36,3546,523,0
1782424800,176.37,177.48,173.93,174.38,3544,523,0
1782489600,175.39,177.77,174.33,174.89,3333,523,0
1782493200,174.88,178.01,174.58,176.70,5532,523,0
1782496800,176.70,179.26,176.70,179.11,4481,523,0
1782500400,179.12,180.40,178.85,179.89,4062,523,0
1782504000,179.88,179.92,178.42,179.61,3515,523,0
1782507600,179.61,180.23,179.53,180.22,2790,523,0
1782511200,180.23,180.67,176.40,178.35,4103,523,0
1782748800,182.28,183.69,179.21,181.79,2874,523,0
1782752400,181.77,182.53,181.08,181.31,5294,523,0
1782756000,181.31,182.43,180.81,181.76,3762,523,0
1782759600,181.76,181.79,180.03,180.89,3474,523,0
1782763200,180.90,181.11,180.03,180.73,3469,523,0
1782766800,180.73,181.56,180.04,180.63,3209,523,0
1782770400,180.62,181.19,179.54,179.76,3325,523,0
1782835200,177.55,178.76,176.22,178.22,2679,523,0
1782838800,178.23,178.64,177.31,177.97,4576,523,0
1782842400,177.98,178.31,176.86,177.49,3441,523,0
1782846000,177.49,177.57,176.67,177.45,2977,523,0
1782849600,177.45,177.57,176.22,176.57,2768,523,0
1782853200,176.58,176.73,175.41,175.67,2731,523,0
1782856800,175.67,175.99,174.57,175.58,3752,523,0
1782921600,176.64,178.93,174.93,178.19,3202,523,0
1782925200,178.20,182.63,178.15,182.44,4964,523,0
1782928800,182.44,182.85,181.49,182.28,3964,523,0
1782932400,182.29,182.42,181.30,181.38,3073,523,0
1782936000,181.36,181.82,180.79,181.51,2304,523,0
1782939600,181.52,182.03,181.31,181.58,2528,523,0
1782943200,181.58,181.64,179.63,180.01,3800,523,0
1783008000,182.07,183.76,179.60,179.91,3118,523,0
1783011600,179.91,181.50,179.18,181.37,5520,523,0
1783015200,181.39,182.21,180.21,181.95,4173,523,0
1783018800,181.95,182.10,180.57,180.70,3697,523,0
1783022400,180.70,180.85,179.36,179.59,3727,523,0
1783026000,179.59,180.95,179.08,180.82,3728,523,0
1783029600,180.82,182.25,180.51,181.89,2951,523,0
1783353600,183.68,184.18,179.73,180.82,2915,523,0
1783357200,180.85,181.38,178.74,179.82,4830,523,0
1783360800,179.83,181.22,179.44,180.46,4103,523,0
1783364400,180.45,180.62,179.26,179.84,2860,523,0
1783368000,179.85,180.43,179.56,179.65,2830,523,0
1783371600,179.65,179.86,178.93,179.44,2516,523,0
1783375200,179.44,179.61,177.99,178.44,3659,523,0
1783440000,182.53,185.66,182.32,182.74,3293,523,0
1783443600,182.75,182.90,180.77,181.02,4929,523,0
1783447200,181.02,181.19,179.17,179.50,4114,523,0
1783450800,179.50,179.54,178.49,178.64,3428,523,0
1783454400,178.65,179.46,178.27,179.18,2911,523,0
1783458000,179.17,179.98,179.03,179.57,2837,523,0
1783461600,179.58,179.58,178.44,179.31,3065,523,0
1783526400,176.83,176.83,172.36,172.92,3329,523,0
1783530000,172.94,173.26,170.72,170.90,4851,523,0
1783533600,170.89,171.48,170.31,170.61,3860,523,0
1783537200,170.61,172.00,170.15,171.97,3308,523,0
1783540800,171.97,172.19,171.64,171.86,2607,523,0
1783544400,171.86,172.43,171.58,172.25,2395,523,0
1783548000,172.25,172.64,171.20,171.66,2780,523,0
1783612800,169.01,170.11,168.31,169.63,3266,523,0
1783616400,169.61,171.38,167.80,171.19,5461,523,0
1783620000,171.19,171.95,170.95,171.49,4025,523,0
1783623600,171.48,172.02,171.13,171.99,3130,523,0
1783627200,171.98,172.16,171.45,171.58,2863,523,0
1783630800,171.58,171.81,171.08,171.40,2593,523,0
1783634400,171.40,173.02,171.39,172.89,3023,523,0
1783699200,174.56,177.18,174.14,175.76,3026,523,0
1783702800,175.77,177.42,174.65,176.70,5156,523,0
1783706400,176.70,177.18,176.27,177.01,3707,523,0
1783710000,177.01,177.03,175.69,176.01,3175,523,0
1783713600,176.01,176.21,175.50,175.83,2936,523,0
1783717200,175.84,176.05,175.43,175.53,2447,523,0
1783720800,175.52,175.86,175.21,175.77,2508,523,0
1783958400,175.59,177.94,173.85,173.85,3154,523,0
1783962000,173.86,174.83,171.97,172.86,4760,523,0
1783965600,172.86,174.14,172.48,174.04,3222,523,0
1783969200,174.04,174.32,173.32,173.73,2903,523,0
1783972800,173.75,174.45,173.52,173.54,2732,523,0
1783976400,173.54,173.86,172.63,172.68,2535,523,0
1783980000,172.67,173.23,171.98,173.17,2814,523,0
1784044800,169.35,174.14,168.79,172.30,3173,523,0
1784048400,172.29,173.39,171.64,172.83,5308,523,0
1784052000,172.86,173.54,172.14,172.93,3740,523,0
1784055600,172.93,174.10,172.50,174.08,3071,523,0
1784059200,174.07,174.26,172.44,172.62,3119,523,0
1784062800,172.61,173.14,172.11,172.27,2544,523,0
1784066400,172.28,172.61,172.01,172.22,2543,523,0
1784131200,173.45,176.06,173.07,173.68,3181,523,0
1784134800,173.70,177.08,173.70,176.77,5296,523,0
1784138400,176.78,178.30,176.58,178.12,4396,523,0
1784142000,178.12,179.10,177.97,178.50,3924,523,0
1784145600,178.50,179.23,177.92,178.15,3158,523,0
1784149200,178.15,179.26,177.91,179.18,3133,523,0
1784152800,179.18,180.54,179.07,180.22,3355,523,0
1784217600,182.29,183.26,177.52,177.72,3198,523,0
1784221200,177.68,179.59,177.44,178.75,5280,523,0
1784224800,178.75,179.68,178.42,178.76,4124,523,0
1784228400,178.77,179.14,178.28,178.77,3621,523,0
1784232000,178.77,180.91,178.61,180.58,3195,523,0
1784235600,180.57,181.73,180.32,181.64,2743,523,0
1784239200,181.63,182.16,181.11,182.05,2927,523,0
1784304000,180.40,181.64,179.02,179.03,3439,523,0
1784307600,179.05,179.63,176.16,176.62,6205,523,0
1784311200,176.61,177.78,176.50,177.61,4469,523,0
1784314800,177.61,178.79,177.00,178.59,3839,523,0
1784318400,178.61,179.48,178.39,179.09,3082,523,0
1784322000,179.08,179.30,178.45,178.92,2837,523,0
1784325600,178.91,179.73,178.10,179.03,3546,523,0
1784563200,178.51,179.56,176.51,176.52,3240,523,0
1784566800,176.51,176.91,174.79,175.73,4767,523,0
1784570400,175.73,177.01,175.68,176.26,3670,523,0
1784574000,176.27,177.87,176.20,177.23,3479,523,0
1784577600,177.21,177.27,175.86,176.03,3080,523,0
1784581200,176.02,176.29,175.55,176.25,2767,523,0
1784584800,176.26,177.33,176.24,176.80,3215,523,0
1784649600,176.40,177.97,175.20,176.96,3200,523,0
1784653200,177.00,177.52,175.70,175.87,4837,523,0
1784656800,175.87,175.89,174.92,175.19,3588,523,0
1784660400,175.20,175.26,174.51,174.92,2693,523,0
1784664000,174.95,175.35,174.78,175.14,2779,523,0
1784667600,175.13,175.58,174.96,175.52,2719,523,0
1784671200,175.52,177.04,175.48,176.83,2956,523,0
1784736000,175.57,177.19,173.90,176.77,3353,523,0
1784739600,176.77,177.28,175.24,176.72,5309,523,0
1784743200,176.72,177.36,175.80,177.33,4261,523,0
1784746800,177.33,177.75,176.65,177.15,3393,523,0
1784750400,177.16,177.22,176.17,176.57,3107,523,0
1784754000,176.58,176.94,176.22,176.36,2867,523,0
1784757600,176.37,176.94,175.11,175.23,3512,523,0
1784822400,172.29,173.19,170.14,171.64,3378,523,0
1784826000,171.62,172.08,169.48,169.77,5096,523,0
1784829600,169.77,169.97,168.42,169.46,4367,523,0
1784833200,169.46,170.60,169.36,170.42,3559,523,0
1784836800,170.42,170.49,169.74,169.86,2995,523,0
1784840400,169.85,169.92,169.35,169.70,2709,523,0
1784844000,169.70,170.55,169.42,170.20,2816,523,0
1784908800,172.08,173.85,171.97,172.22,3198,523,0
1784912400,172.14,174.27,172.01,174.08,4926,523,0
1784916000,174.08,177.68,174.08,175.80,4394,523,0
1784919600,175.80,176.33,175.24,175.48,3279,523,0
1784923200,175.48,175.88,175.11,175.52,3034,523,0
1784926800,175.50,175.96,175.28,175.39,3330,523,0
1784930400,175.40,175.48,174.24,174.81,4123,523,0
1785168000,177.43,181.66,177.43,180.22,3316,523,0
1785171600,180.23,182.34,179.74,181.63,5167,523,0
1785175200,181.63,182.49,181.33,182.14,3861,523,0
1785178800,182.14,183.79,182.05,183.77,3274,523,0
1785182400,183.76,184.04,183.10,183.92,2636,523,0
1785186000,183.92,184.72,183.79,184.67,2984,523,0
1785189600,184.69,184.73,183.84,184.17,3302,523,0
1785254400,186.03,191.05,186.03,190.88,3727,523,0
1785258000,190.89,193.48,190.56,192.68,5324,523,0
1785261600,192.69,194.53,192.54,193.39,4186,523,0
1785265200,193.38,194.85,192.89,194.77,3664,523,0
1785268800,194.77,195.71,194.45,195.49,3123,523,0
1785272400,195.48,195.83,194.76,195.83,2624,523,0
1785276000,195.82,197.33,195.01,196.64,3337,523,0
1785340800,193.68,197.60,192.99,197.19,2987,523,0
1785344400,197.18,197.98,195.92,196.57,4659,523,0
1785348000,196.58,199.13,196.29,198.90,3916,523,0
1785351600,198.91,199.37,198.05,199.32,3337,523,0
1785355200,199.32,200.02,198.89,199.99,2975,523,0
1785358800,200.00,202.01,199.99,201.30,3991,523,0
1785362400,201.33,201.41,198.20,198.68,4529,523,0
1785427200,195.19,197.35,192.53,192.60,3678,523,0
1785430800,192.54,192.54,188.23,189.22,6068,523,0
1785434400,189.25,190.43,187.54,189.27,4717,523,0
1785438000,189.27,190.08,187.86,189.83,4335,523,0
1785441600,189.84,190.49,189.41,190.00,3361,523,0
1785445200,189.98,190.87,189.83,190.70,2840,523,0
1785448800,190.69,191.11,189.36,190.69,3711,523,0
1785513600,188.73,191.81,188.18,191.06,2764,523,0
1785517200,191.07,191.54,189.70,190.00,5240,523,0
1785520800,189.98,191.15,189.78,191.09,3977,523,0
1785524400,191.08,191.63,190.70,191.19,2897,523,0
1785528000,191.19,192.06,190.98,191.72,2611,523,0
1785531600,191.72,192.33,191.43,191.47,2399,523,0
1785535200,191.47,191.53,189.95,190.23,3106,523,0
1785772800,194.42,196.73,191.11,191.26,2965,523,0
1785776400,191.22,191.59,188.48,188.99,4711,523,0
1785780000,188.98,191.87,188.98,190.22,3169,523,0
1785783600,190.24,190.88,189.66,190.80,2801,523,0
1785787200,190.80,190.80,189.47,189.48,2863,523,0
1785790800,189.49,190.06,189.44,189.70,2980,523,0
1785794400,189.70,190.19,189.33,190.04,3534,523,0
1785859200,190.31,192.46,190.20,190.64,3475,523,0
1785862800,190.64,190.91,189.01,190.52,5176,523,0
1785866400,190.52,191.81,190.46,191.20,4316,523,0
1785870000,191.18,191.62,187.77,189.31,4122,523,0
1785873600,189.30,190.28,188.77,189.78,3314,523,0
1785877200,189.79,192.17,189.75,192.01,3226,523,0
1785880800,192.01,192.48,190.79,191.51,3722,523,0
1785945600,204.85,208.74,199.58,202.39,3591,523,0
1785949200,202.47,205.93,202.12,204.20,5374,523,0
1785952800,204.25,204.64,202.00,202.47,4354,523,0
1785956400,202.51,203.88,202.31,203.65,3723,523,0
1785960000,203.66,205.34,203.42,204.77,3085,523,0
1785963600,204.77,204.87,203.51,203.52,2552,523,0
1785967200,203.51,205.71,203.33,204.55,4031,523,0
1786032000,205.32,209.12,205.21,206.65,2857,523,0
1786035600,206.64,208.13,204.82,205.40,4160,523,0
1786039200,205.43,205.61,203.20,204.58,3864,523,0
1786042800,204.58,206.29,204.45,205.18,2789,523,0
1786046400,205.18,205.58,204.30,204.90,2754,523,0
1786050000,204.89,205.92,204.88,205.47,2063,523,0
1786053600,205.46,206.27,203.73,204.81,3471,523,0
1786118400,204.64,210.83,204.64,210.23,2141,523,0
1786122000,210.16,213.06,209.93,211.90,3481,523,0
1786125600,211.90,213.00,211.08,211.15,2617,523,0
1786129200,211.16,211.84,209.61,210.45,2692,523,0
1786132800,210.42,210.46,208.78,209.66,1894,523,0
1786136400,209.64,210.11,209.19,209.40,1729,523,0
1786140000,209.42,212.17,209.41,211.80,3042,523,0
1786377600,208.91,212.61,207.63,207.94,1915,523,0
1786381200,207.98,208.85,206.60,207.89,3319,523,0
1786384800,207.87,208.87,207.37,208.86,2319,523,0
1786388400,208.86,209.18,207.86,208.13,1947,523,0
1786392000,208.14,208.39,207.85,208.28,1421,523,0
1786395600,208.28,209.24,208.25,209.07,1327,523,0
1786399200,209.08,210.34,208.56,210.31,2282,523,0
1786464000,207.74,210.20,206.57,209.56,1614,523,0
1786467600,209.49,211.76,209.09,211.23,2654,523,0
1786471200,211.22,211.67,209.55,209.92,2043,523,0
1786474800,209.92,211.29,209.92,210.82,2179,523,0
1786478400,210.84,211.17,210.41,211.08,1765,523,0
1786482000,211.08,211.62,211.03,211.10,1794,523,0
1786485600,211.10,211.64,210.04,210.25,2663,523,0
1786550400,207.79,209.25,205.78,205.83,1580,523,0
1786554000,205.83,207.57,205.47,207.04,2633,523,0
1786557600,207.02,208.73,206.80,207.87,2163,523,0
1786561200,207.86,209.30,207.67,209.09,1619,523,0
1786564800,209.08,209.56,208.91,209.12,1487,523,0
1786568400,209.11,209.29,208.13,208.64,1576,523,0
1786572000,208.64,210.24,204.69,209.69,2281,523,0
1786636800,210.95,210.95,205.96,208.46,1826,523,0
1786640400,208.43,211.11,208.43,209.26,2931,523,0
1786644000,209.24,209.53,208.37,209.48,2156,523,0
1786647600,209.50,209.68,208.83,209.30,1601,523,0
1786651200,209.30,209.90,209.30,209.62,1695,523,0
1786654800,209.62,211.28,209.58,211.11,1799,523,0
1786658400,211.13,211.77,210.36,210.69,2803,523,0
1786723200,209.77,210.75,209.39,210.23,1560,523,0
1786726800,210.27,211.73,210.00,211.11,2449,523,0
1786730400,211.11,212.33,210.99,211.60,2171,523,0
1786734000,211.62,212.14,211.55,211.89,1360,523,0
1786737600,211.91,212.19,210.69,211.04,1282,523,0
1786741200,211.04,211.38,210.08,211.05,1493,523,0
1786744800,211.04,211.06,209.13,209.50,2059,523,0
1786982400,208.43,210.86,208.09,208.17,1835,523,0
1786986000,208.15,208.24,205.60,205.73,2702,523,0
1786989600,205.70,206.33,205.07,205.92,2225,523,0
1786993200,205.87,205.92,204.20,204.31,1650,523,0
1786996800,204.31,204.47,202.67,202.79,1972,523,0
1787000400,202.78,203.15,202.36,202.83,1774,523,0
1787004000,202.83,203.98,201.68,202.18,2671,523,0
1787068800,203.02,207.17,202.45,206.17,1813,523,0
1787072400,206.14,208.03,206.04,207.94,3152,523,0
1787076000,207.94,208.77,207.86,208.23,2879,523,0
1787079600,208.23,209.01,208.15,208.54,2174,523,0
1787083200,208.53,208.55,207.61,207.95,1744,523,0
1787086800,207.96,208.14,207.48,207.95,2014,523,0
1787090400,207.96,208.60,205.39,205.63,3028,523,0
1787155200,205.61,211.17,205.36,211.10,2022,523,0
1787158800,211.11,213.79,211.08,213.18,3739,523,0
1787162400,213.19,213.40,211.83,212.80,2528,523,0
1787166000,212.80,212.85,212.15,212.21,2022,523,0
1787169600,212.19,212.39,211.54,212.04,2050,523,0
1787173200,212.05,212.45,211.71,211.80,1955,523,0
1787176800,211.80,211.91,210.14,210.42,2586,523,0
1787241600,209.29,210.33,207.99,210.25,1548,523,0
1787245200,210.25,210.34,207.88,208.73,2921,523,0
1787248800,208.72,209.06,208.24,208.30,2336,523,0
1787252400,208.29,209.11,208.21,209.04,1679,523,0
1787256000,209.05,209.08,208.22,208.33,1806,523,0
1787259600,208.33,208.34,207.62,207.65,1922,523,0
1787263200,207.64,208.36,206.90,207.28,2802,523,0
1787328000,207.86,208.20,203.70,204.99,1534,523,0
1787331600,204.98,208.91,204.62,208.85,2838,523,0
1787335200,208.86,208.98,207.29,207.70,2076,523,0
1787338800,207.72,207.81,207.13,207.58,1791,523,0
1787342400,207.58,207.98,207.23,207.57,1556,523,0
1787346000,207.56,208.00,206.86,207.92,1239,523,0
1787349600,207.92,208.20,206.87,206.99,1958,523,0
1787587200,208.22,211.66,208.14,210.80,1645,523,0
1787590800,210.90,211.99,210.90,211.33,3037,523,0
1787594400,211.34,212.42,210.80,210.99,2624,523,0
1787598000,211.00,211.64,210.37,210.63,1974,523,0
1787601600,210.62,210.70,209.85,210.45,1776,523,0
1787605200,210.45,211.10,210.18,211.03,1727,523,0
1787608800,211.03,211.76,210.73,210.78,2311,523,0
1787673600,211.29,211.67,209.36,210.50,1797,523,0
1787677200,210.45,211.05,209.55,209.80,2856,523,0
1787680800,209.79,210.62,209.26,210.17,2108,523,0
1787684400,210.13,211.10,209.95,210.64,1414,523,0
1787688000,210.63,211.41,210.51,210.93,1727,523,0
1787691600,210.93,211.21,210.58,210.58,1291,523,0
1787695200,210.58,211.26,210.41,211.18,2006,523,0
1787760000,211.57,212.89,207.56,208.55,1358,523,0
1787763600,208.57,208.71,207.04,208.11,2784,523,0
1787767200,208.11,208.39,207.39,207.45,2151,523,0
1787770800,207.44,207.63,205.47,206.29,2233,523,0
1787774400,206.28,207.47,206.13,207.40,1447,523,0
1787778000,207.41,208.12,207.41,207.77,1317,523,0
1787781600,207.76,207.78,206.19,206.27,2288,523,0
1787846400,205.51,205.51,201.22,203.41,2065,523,0
1787850000,203.40,204.68,202.51,203.22,3464,523,0
1787853600,203.22,203.36,202.73,203.16,2683,523,0
1787857200,203.16,203.17,200.21,201.46,2475,523,0
1787860800,201.45,201.62,200.52,200.66,2000,523,0
1787864400,200.66,201.05,199.14,199.91,2241,523,0
1787868000,199.92,200.42,199.45,199.91,2339,523,0
1787932800,201.14,203.05,200.47,201.63,1616,523,0
1787936400,201.66,203.45,200.86,202.95,3240,523,0
1787940000,202.94,204.52,202.62,204.01,2656,523,0
1787943600,204.00,204.93,203.18,203.21,2530,523,0
1787947200,203.20,203.63,202.08,202.55,2168,523,0
1787950800,202.55,202.83,202.04,202.28,1687,523,0
1787954400,202.27,203.07,202.18,202.96,2181,523,0
1788192000,200.51,201.19,197.36,197.84,1797,523,0
1788195600,197.83,199.44,197.58,199.07,2771,523,0
1788199200,199.07,199.35,197.99,198.29,2039,523,0
1788202800,198.28,198.73,197.61,197.62,1610,523,0
1788206400,197.61,197.87,197.23,197.36,1473,523,0
1788210000,197.34,198.04,197.29,197.97,1571,523,0
1788213600,197.97,198.19,196.24,196.47,2175,523,0
1788278400,196.29,197.30,194.97,196.31,2046,523,0
1788282000,196.29,198.80,195.70,197.45,2618,523,0
1788285600,197.44,197.45,195.76,197.06,2610,523,0
1788289200,197.05,197.32,195.30,195.55,2169,523,0
1788292800,195.54,195.54,194.92,195.02,1601,523,0
1788296400,195.02,195.26,194.49,194.74,1804,523,0
1788300000,194.74,194.81,192.94,193.10,2464,523,0
1788364800,194.67,197.99,193.16,197.64,2045,523,0
1788368400,197.67,197.74,195.34,196.48,3072,523,0
1788372000,196.48,196.61,195.61,196.08,2252,523,0
1788375600,196.09,197.40,195.75,197.02,1920,523,0
1788379200,197.03,197.19,196.29,196.67,1425,523,0
1788382800,196.68,197.15,196.14,196.91,1514,523,0
1788386400,196.91,197.36,196.44,196.98,2291,523,0
1788451200,197.70,200.57,196.09,197.23,1678,523,0
1788454800,197.23,197.68,193.19,194.21,2694,523,0
1788458400,194.21,196.59,193.74,196.49,2355,523,0
1788462000,196.48,196.59,193.49,193.97,2101,523,0
1788465600,193.97,194.33,193.29,193.94,2207,523,0
1788469200,193.93,194.02,192.42,192.85,2077,523,0
1788472800,192.85,193.45,192.06,192.39,2408,523,0
1788537600,191.66,192.87,189.60,190.21,2268,523,0
1788541200,190.17,191.07,189.83,190.88,3143,523,0
1788544800,190.86,191.52,190.62,191.23,2603,523,0
1788548400,191.24,192.04,191.12,191.39,1982,523,0
1788552000,191.38,191.70,190.51,191.06,1736,523,0
1788555600,191.06,191.29,190.84,191.05,1458,523,0
1788559200,191.05,191.16,190.08,190.67,2116,523,0
1788883200,188.97,188.97,181.99,181.99,2448,523,0
1788886800,181.99,182.29,180.08,181.57,4818,523,0
1788890400,181.58,181.73,179.24,179.44,3695,523,0
1788894000,179.45,180.87,178.79,178.79,3789,523,0
1788897600,178.79,179.42,177.98,178.56,2932,523,0
1788901200,178.57,179.21,178.13,178.26,2887,523,0
1788904800,178.27,178.38,176.94,177.71,4200,523,0
1788969600,173.43,174.86,167.56,168.71,2760,523,0
1788973200,168.70,170.68,168.19,170.39,3791,523,0
1788976800,170.38,170.73,168.95,169.05,2813,523,0
1788980400,169.04,169.85,168.48,169.44,2249,523,0
1788984000,169.45,170.95,169.15,169.53,2535,523,0
1788987600,169.53,169.86,168.89,169.17,2379,523,0
1788991200,169.15,170.84,168.92,170.80,3288,523,0
1789056000,168.86,172.04,168.86,171.49,2496,523,0
1789059600,171.49,173.61,171.48,172.58,3898,523,0
1789063200,172.58,173.73,172.36,173.30,2546,523,0
1789066800,173.29,174.28,173.26,174.05,1839,523,0
1789070400,174.04,174.15,172.48,172.55,1565,523,0
1789074000,172.54,172.61,171.70,171.83,1548,523,0
1789077600,171.86,172.19,171.29,171.65,2086,523,0
1789142400,173.67,174.14,168.95,169.77,2136,523,0
1789146000,169.79,171.58,169.52,170.89,3401,523,0
1789149600,170.92,171.42,170.63,171.08,2452,523,0
1789153200,171.09,172.04,170.85,171.92,1964,523,0
1789156800,171.93,172.52,171.69,171.81,1761,523,0
1789160400,171.82,172.08,171.11,171.37,1639,523,0
1789164000,171.38,171.67,171.00,171.32,2240,523,0
1789401600,173.59,179.34,173.59,174.59,2629,523,0
1789405200,174.59,175.01,173.19,173.70,3434,523,0
1789408800,173.68,174.56,172.79,173.88,2876,523,0
1789412400,173.87,174.11,173.42,173.55,2300,523,0
1789416000,173.55,173.68,172.20,172.23,1977,523,0
1789419600,172.24,172.84,172.03,172.14,1547,523,0
1789423200,172.14,173.20,171.97,172.71,2190,523,0
1789488000,170.88,172.23,169.75,170.87,2253,523,0
1789491600,170.88,170.92,168.36,168.79,2904,523,0
1789495200,168.78,168.91,167.37,168.60,2145,523,0
1789498800,168.59,169.64,168.55,168.93,1639,523,0
1789502400,168.94,169.36,168.37,168.88,1647,523,0
1789506000,168.87,169.23,168.71,168.95,1587,523,0
1789509600,168.95,169.22,168.33,168.74,1964,523,0
1789574400,168.49,169.41,167.48,169.09,1923,523,0
1789578000,169.08,170.30,168.38,170.26,2934,523,0
1789581600,170.25,171.07,170.15,171.07,1883,523,0
1789585200,171.06,171.06,169.81,169.98,1281,523,0
1789588800,169.99,170.19,169.47,169.76,1196,523,0
1789592400,169.72,169.85,167.92,167.98,2475,523,0
1789596000,167.99,168.85,167.69,168.79,2707,523,0
1789660800,170.72,170.72,166.01,166.76,2276,523,0
1789664400,166.73,167.42,165.77,166.63,3486,523,0
1789668000,166.64,167.67,166.48,167.34,2263,523,0
1789671600,167.34,168.73,167.17,168.19,1661,523,0
1789675200,168.19,169.00,168.18,168.85,1435,523,0
1789678800,168.86,168.87,168.07,168.13,1401,523,0
1789682400,168.13,168.23,167.20,168.12,2205,523,0
1789747200,166.60,167.39,165.42,166.03,2161,523,0
1789750800,166.03,167.04,165.45,166.67,3347,523,0
1789754400,166.69,167.11,166.03,166.12,2314,523,0
1789758000,166.11,166.34,165.86,166.23,1771,523,0
1789761600,166.24,166.26,165.49,165.51,1280,523,0
1789765200,165.51,166.36,165.24,166.36,1578,523,0
1789768800,166.37,166.53,164.34,165.14,2672,523,0
1790006400,164.76,166.60,163.50,164.96,2370,523,0
1790010000,164.95,166.55,164.48,166.29,3041,523,0
1790013600,166.27,166.42,165.01,165.04,2166,523,0
1790017200,165.03,165.60,164.89,165.51,1524,523,0
1790020800,165.53,166.92,165.49,166.91,1733,523,0
1790024400,166.91,167.61,166.53,166.83,1827,523,0
1790028000,166.83,167.16,165.50,165.89,2291,523,0
1790092800,169.37,170.37,165.83,165.84,2365,523,0
1790096400,165.85,166.46,160.95,161.06,4302,523,0
1790100000,161.07,161.56,158.24,158.75,4061,523,0
1790103600,158.76,159.92,158.61,159.69,2798,523,0
1790107200,159.68,159.76,158.53,159.66,2173,523,0
1790110800,159.66,159.90,158.26,158.41,2452,523,0
1790114400,158.42,163.21,158.00,161.54,4021,523,0
