time,open,high,low,close,tick_volume,spread,real_volume
1764118800,861.97,866.77,861.28,861.75,125,167,0
1764122400,861.75,865.51,861.07,862.92,832,167,0
1764126000,862.78,867.72,860.65,866.96,873,167,0
1764129600,867.07,869.07,864.41,864.41,718,167,0
1764133200,864.50,866.16,858.32,859.27,767,167,0
1764136800,859.46,860.56,856.96,858.00,616,167,0
1764140400,857.97,861.91,857.72,860.02,652,167,0
1764144000,859.99,862.03,858.00,861.43,671,167,0
1764147600,861.30,861.89,857.97,859.62,656,167,0
1764151200,859.62,859.94,855.61,855.85,672,167,0
1764154800,855.84,857.50,851.97,852.51,843,167,0
1764158400,852.51,857.83,852.51,857.63,675,167,0
1764162000,857.62,857.73,855.50,856.96,594,167,0
1764165600,856.87,857.55,850.90,854.88,937,167,0
1764169200,854.84,863.62,854.38,863.28,852,167,0
1764172800,863.27,864.52,856.97,858.54,1406,167,0
1764176400,858.73,867.39,858.27,864.17,1454,167,0
1764180000,864.12,871.93,864.12,871.07,1062,167,0
1764183600,871.14,889.51,871.14,887.29,1721,167,0
1764187200,887.35,893.99,887.35,893.78,1452,167,0
1764190800,893.74,896.27,890.57,895.72,947,167,0
1764194400,895.52,896.17,889.78,891.39,792,167,0
1764198000,891.31,892.69,888.47,890.18,743,150,0
1764201600,890.46,893.19,890.26,892.18,554,150,0
1764205200,892.19,894.99,888.99,890.97,807,167,0
1764208800,890.85,894.55,888.71,892.61,691,167,0
1764212400,892.61,897.53,891.74,897.08,764,167,0
1764216000,897.04,903.74,895.40,896.58,1103,167,0
1764219600,896.65,898.17,893.21,894.81,803,167,0
1764223200,894.84,898.37,894.57,895.05,606,167,0
1764226800,895.07,895.95,889.98,891.17,827,167,0
1764230400,891.17,894.41,891.17,893.59,519,167,0
1764234000,893.61,893.86,890.93,892.90,600,167,0
1764237600,892.84,893.09,888.88,891.85,645,167,0
1764241200,891.85,894.07,890.98,892.38,621,167,0
1764244800,892.38,895.15,890.49,893.63,514,167,0
1764248400,893.63,893.63,889.99,891.75,450,166,0
1764252000,891.95,893.23,884.49,884.49,718,166,0
1764255600,884.49,888.34,882.97,886.81,1021,167,0
1764259200,886.92,890.06,885.75,888.68,747,167,0
1764262800,888.68,893.34,887.41,892.38,774,150,0
1764266400,892.35,893.91,889.35,893.58,839,167,0
1764270000,893.40,893.77,891.06,892.37,622,167,0
1764273600,892.37,897.84,891.56,897.12,623,167,0
1764277200,896.87,897.07,893.57,895.55,475,167,0
1764280800,895.56,897.48,895.11,896.96,426,167,0
1764284400,896.78,897.89,894.57,895.75,461,150,0
1764288000,895.99,897.17,890.44,892.56,490,150,0
1764291600,892.56,895.88,891.97,894.98,580,167,0
1764295200,894.92,898.61,893.15,898.28,651,167,0
1764298800,898.28,898.98,889.03,890.77,966,167,0
1764302400,890.77,896.05,888.26,894.82,1051,167,0
1764306000,894.88,895.34,890.28,891.75,740,167,0
1764309600,891.64,895.53,891.25,894.14,577,167,0
1764313200,894.07,897.28,893.15,894.57,606,167,0
1764316800,894.58,894.84,887.40,888.14,594,167,0
1764320400,888.16,889.25,880.78,881.64,678,167,0
1764324000,881.63,895.42,881.63,891.57,925,167,0
1764327600,891.68,894.75,889.94,894.14,903,167,0
1764331200,894.10,897.47,892.17,897.08,683,167,0
1764334800,897.03,897.03,887.33,891.01,849,167,0
1764338400,890.97,892.32,888.67,888.80,620,167,0
1764342000,888.80,898.55,886.39,898.05,1005,167,0
1764345600,897.81,902.82,892.95,897.97,1414,167,0
1764349200,898.15,905.67,895.37,901.15,1327,167,0
1764352800,901.25,901.33,883.40,883.72,1397,167,0
1764356400,883.85,884.75,875.33,879.72,1643,150,0
1764360000,880.21,883.18,876.18,881.64,999,167,0
1764363600,881.64,886.56,881.29,885.44,616,167,0
1764367200,885.38,889.47,882.28,888.98,559,167,0
1764370800,889.11,889.62,884.83,885.06,550,150,0
1764439200,880.18,880.18,879.58,879.84,33,150,0
1764468000,872.10,874.47,872.10,874.47,364,167,0
1764471600,874.47,877.71,874.06,876.02,416,166,0
1764475200,876.10,878.12,873.06,873.14,379,167,0
1764478800,873.14,875.36,868.74,874.89,454,167,0
1764482400,874.87,876.04,873.03,873.50,446,167,0
1764486000,873.37,873.43,869.50,870.63,480,167,0
1764489600,870.49,873.46,869.98,871.60,466,167,0
1764493200,871.65,874.77,871.39,873.95,421,167,0
1764496800,873.95,877.77,873.58,876.52,699,167,0
1764500400,876.61,878.70,875.98,878.35,539,167,0
1764504000,878.29,878.86,875.70,876.37,434,167,0
1764507600,876.30,878.08,874.93,875.89,455,167,0
1764511200,875.89,882.83,874.94,881.75,638,167,0
1764514800,881.82,895.67,881.82,895.62,1241,167,0
1764518400,895.77,897.06,889.41,893.08,1073,167,0
1764522000,893.11,894.55,889.53,893.16,670,167,0
1764525600,893.08,898.92,893.03,898.29,697,167,0
1764529200,898.20,898.20,894.49,896.63,679,167,0
1764532800,896.65,896.65,892.02,895.08,509,167,0
1764536400,895.16,895.80,893.10,894.17,380,167,0
1764540000,894.40,896.17,892.05,894.50,438,167,0
1764543600,894.50,894.71,885.96,888.34,597,150,0
1764547200,888.36,889.15,884.92,887.55,463,150,0
1764550800,887.58,887.67,873.47,874.69,921,150,0
1764554400,874.48,876.29,833.45,833.67,2981,167,0
1764558000,833.57,844.13,833.39,837.08,2104,167,0
1764561600,836.99,841.67,833.74,835.18,1472,167,0
1764565200,835.32,836.16,826.81,828.67,1393,167,0
1764568800,828.57,828.82,821.19,822.34,1436,167,0
1764572400,822.27,823.80,819.90,822.47,987,167,0
1764576000,822.47,829.13,821.73,827.17,895,167,0
1764579600,827.20,832.05,824.53,831.61,1042,167,0
1764583200,832.07,832.55,826.87,829.08,875,167,0
1764586800,829.00,831.36,822.41,822.80,1031,167,0
1764590400,823.00,827.19,822.91,827.18,692,167,0
1764594000,827.10,827.10,822.97,824.04,633,167,0
1764597600,824.07,824.12,813.59,820.61,1272,167,0
1764601200,820.53,825.25,814.49,815.65,1301,167,0
1764604800,815.60,824.07,815.07,819.02,1748,150,0
1764608400,819.05,819.56,801.04,811.00,2367,150,0
1764612000,811.15,815.59,807.58,809.17,1781,150,0
1764615600,809.33,815.38,809.29,811.68,1348,167,0
1764619200,811.85,817.91,811.23,816.47,1215,167,0
1764622800,816.46,816.73,810.78,813.87,1078,167,0
1764626400,813.77,820.27,813.77,816.29,1207,167,0
1764630000,816.49,823.90,816.36,822.25,1018,150,0
1764633600,824.74,829.39,824.23,826.07,696,150,0
1764637200,826.12,830.94,825.78,825.78,824,167,0
1764640800,825.84,826.97,822.97,825.47,1094,167,0
1764644400,825.37,833.08,824.77,828.13,1447,167,0
1764648000,828.27,832.55,825.76,826.78,1185,167,0
1764651600,826.78,829.23,819.64,827.56,831,167,0
1764655200,827.38,831.86,827.37,831.76,818,167,0
1764658800,831.67,832.17,827.81,830.89,836,167,0
1764662400,830.81,832.11,828.44,830.91,722,167,0
1764666000,830.99,831.06,827.88,830.11,661,167,0
1764669600,829.99,830.23,824.44,828.16,866,167,0
1764673200,828.23,836.17,828.02,835.38,861,167,0
1764676800,835.32,842.32,833.20,840.14,664,167,0
1764680400,840.12,844.55,838.60,842.48,941,150,0
1764684000,842.65,842.95,839.00,840.85,976,150,0
1764687600,840.85,846.10,839.07,845.01,1415,150,0
1764691200,845.01,859.45,844.41,858.85,2583,150,0
1764694800,858.76,874.54,857.85,870.65,4076,150,0
1764698400,870.70,874.98,864.83,872.05,2929,150,0
1764702000,872.14,880.28,870.46,876.18,1991,150,0
1764705600,876.12,884.24,875.96,880.14,1541,150,0
1764709200,880.14,884.25,878.42,881.83,1171,150,0
1764712800,881.87,882.14,871.86,874.89,1538,150,0
1764716400,875.05,878.55,874.57,877.26,974,150,0
1764720000,879.82,881.12,877.29,879.47,670,150,0
1764723600,879.47,880.54,875.16,875.78,738,167,0
1764727200,875.81,878.17,872.78,877.68,998,167,0
1764730800,877.42,885.74,877.42,882.59,1032,167,0
1764734400,882.48,888.73,880.57,886.31,1256,167,0
1764738000,885.88,888.38,884.80,886.99,771,167,0
1764741600,886.95,894.17,886.55,894.04,912,167,0
1764745200,894.06,901.24,893.21,900.97,869,167,0
1764748800,901.42,909.74,896.31,898.00,1191,167,0
1764752400,897.98,898.96,893.40,895.72,895,167,0
1764756000,895.74,896.74,892.78,895.22,748,167,0
1764759600,895.09,900.52,893.66,899.31,853,167,0
1764763200,899.33,900.17,894.17,896.02,714,167,0
1764766800,895.92,898.47,892.82,898.10,693,167,0
1764770400,898.08,902.65,897.30,900.51,855,167,0
1764774000,900.51,904.65,899.76,900.11,854,167,0
1764777600,900.12,905.26,887.12,894.77,2382,167,0
1764781200,894.79,900.27,890.65,896.37,1638,167,0
1764784800,896.38,902.50,892.02,898.24,1174,167,0
1764788400,898.16,906.88,897.54,906.24,972,167,0
1764792000,906.18,907.17,900.04,901.67,896,167,0
1764795600,901.58,906.38,901.18,906.17,672,167,0
1764799200,906.20,910.68,904.18,907.13,858,167,0
1764802800,907.17,916.31,906.28,915.86,849,150,0
1764806400,912.82,919.16,912.40,918.00,988,150,0
1764810000,918.05,921.79,915.98,919.94,1132,167,0
1764813600,919.95,925.15,914.61,921.65,1658,150,0
1764817200,921.64,927.41,918.78,919.07,1233,167,0
1764820800,919.12,925.04,917.97,921.08,1079,167,0
1764824400,920.97,921.98,915.12,915.97,923,167,0
1764828000,915.90,918.28,911.79,912.35,658,167,0
1764831600,912.61,912.61,905.50,907.25,719,167,0
1764835200,907.31,914.52,907.17,912.59,816,167,0
1764838800,912.59,912.95,908.83,909.95,701,167,0
1764842400,909.96,911.07,906.54,907.67,794,167,0
1764846000,907.87,912.34,907.58,910.18,717,167,0
1764849600,910.18,911.17,908.01,909.11,668,167,0
1764853200,909.05,910.06,906.28,908.06,659,167,0
1764856800,908.06,909.39,906.78,907.87,535,167,0
1764860400,907.87,908.59,901.65,902.31,954,167,0
1764864000,902.19,909.63,900.96,901.98,1507,150,0
1764867600,901.82,915.00,901.82,910.01,1707,150,0
1764871200,910.11,911.58,904.08,905.25,1281,150,0
1764874800,905.28,906.15,898.84,904.77,1108,167,0
1764878400,904.87,905.07,897.69,898.73,1147,167,0
1764882000,898.85,899.42,886.40,897.70,1684,167,0
1764885600,897.64,900.97,895.18,900.73,1312,167,0
1764889200,900.57,902.09,896.44,896.65,772,150,0
1764892800,898.22,903.34,898.12,901.36,574,150,0
1764896400,901.25,901.82,898.61,899.09,552,167,0
1764900000,899.09,903.57,898.58,901.94,701,167,0
1764903600,901.80,906.22,900.90,902.79,745,167,0
1764907200,902.72,905.77,900.97,903.82,595,167,0
1764910800,903.82,905.89,899.40,900.96,580,166,0
1764914400,901.04,904.61,899.69,901.37,659,167,0
1764918000,901.47,902.92,897.55,898.99,649,167,0
1764921600,899.11,903.61,899.11,903.55,634,167,0
1764925200,903.57,907.09,900.37,900.77,549,167,0
1764928800,900.82,901.49,896.74,898.66,558,166,0
1764932400,898.66,898.67,888.71,890.11,1132,167,0
1764936000,890.07,895.36,890.01,893.82,776,167,0
1764939600,893.87,895.09,889.59,893.27,654,167,0
1764943200,892.97,892.98,890.63,891.98,600,167,0
1764946800,891.87,893.67,884.16,885.74,1225,167,0
1764950400,885.77,889.97,883.95,886.88,1598,167,0
1764954000,886.79,899.26,886.67,888.04,1909,167,0
1764957600,888.03,888.47,869.59,878.09,2358,167,0
1764961200,878.02,883.14,875.18,882.17,1796,167,0
1764964800,882.13,886.44,876.29,876.80,1356,167,0
1764968400,876.84,884.53,874.07,882.87,1186,167,0
1764972000,882.79,884.32,879.05,879.66,874,167,0
1764975600,879.59,882.27,878.55,879.95,714,150,0
1764986400,882.89,884.85,880.29,884.59,539,150,0
1764990000,884.59,885.91,882.33,883.79,573,167,0
1764993600,883.72,884.04,880.88,883.98,588,167,0
1764997200,883.98,887.67,883.87,886.71,523,166,0
1765000800,886.73,887.26,883.02,883.48,471,166,0
1765004400,883.48,884.27,881.40,882.51,477,167,0
1765008000,882.55,883.87,880.98,883.87,568,167,0
1765011600,883.88,885.65,882.33,883.90,595,150,0
1765015200,883.93,883.93,877.19,877.57,665,167,0
1765018800,877.55,882.72,877.41,882.00,602,167,0
1765022400,882.00,883.97,881.30,882.57,471,166,0
1765026000,882.55,884.27,882.22,882.74,490,167,0
1765029600,882.71,884.54,882.37,882.92,466,167,0
1765033200,882.92,889.10,882.68,888.77,565,167,0
1765036800,888.74,896.06,886.49,893.78,941,167,0
1765040400,893.83,894.16,887.49,889.46,877,167,0
1765044000,889.46,897.06,888.63,894.37,749,167,0
1765047600,894.37,894.57,890.98,892.92,536,150,0
1765051200,892.90,893.00,889.58,890.37,454,167,0
1765054800,890.16,891.34,887.50,888.73,512,167,0
1765058400,888.79,894.12,888.79,893.38,466,167,0
1765062000,893.22,894.89,892.18,893.61,669,150,0
1765065600,892.24,894.37,890.35,890.90,392,150,0
1765069200,890.91,891.94,888.48,889.38,563,167,0
1765072800,889.51,892.88,889.02,892.43,525,167,0
1765076400,892.43,893.42,891.37,893.11,203,167,0
1765080000,892.14,895.99,892.14,895.63,373,167,0
1765083600,895.58,897.39,893.99,897.09,348,150,0
1765087200,897.11,897.17,893.45,895.08,341,167,0
1765090800,895.08,895.66,891.59,893.31,343,166,0
1765094400,893.31,895.99,893.11,894.36,378,166,0
1765098000,894.45,894.73,890.18,890.70,530,167,0
1765101600,890.69,892.56,888.15,890.30,545,167,0
1765105200,890.30,890.85,885.97,886.22,488,166,0
1765108800,886.22,890.85,885.93,888.78,528,167,0
1765112400,888.80,890.17,886.58,887.06,481,167,0
1765116000,887.07,893.06,886.83,892.16,604,167,0
1765119600,892.24,892.52,884.06,885.77,878,150,0
1765123200,885.97,886.67,869.41,872.95,1672,167,0
1765126800,872.79,891.58,869.88,889.66,1655,167,0
1765130400,889.47,892.82,885.78,892.82,1127,167,0
1765134000,893.48,902.87,889.97,898.48,1623,167,0
1765137600,898.49,905.17,898.49,900.90,1063,167,0
1765141200,900.97,902.97,899.38,902.97,540,167,0
1765144800,903.06,904.38,902.13,902.91,461,166,0
1765148400,902.87,902.87,892.48,895.50,827,150,0
1765152000,890.75,893.84,880.18,888.28,1952,150,0
1765155600,888.19,894.27,886.10,893.55,1043,167,0
1765159200,893.58,897.77,890.30,895.53,953,167,0
1765162800,895.49,908.85,894.94,901.57,1202,167,0
1765166400,901.66,902.66,898.62,901.84,904,167,0
1765170000,901.85,902.37,899.08,901.19,751,167,0
1765173600,901.19,904.97,899.80,902.52,807,167,0
1765177200,902.47,902.64,899.60,901.50,699,153,0
1765180800,901.70,903.54,901.17,901.92,487,150,0
1765184400,901.94,904.19,900.08,902.27,530,167,0
1765188000,902.26,906.37,901.80,905.67,597,167,0
1765191600,905.62,911.57,905.49,909.01,813,167,0
1765195200,909.17,910.12,907.13,909.06,587,167,0
1765198800,909.24,909.28,903.97,905.10,592,167,0
1765202400,905.20,907.68,903.39,907.41,603,167,0
1765206000,907.52,910.49,905.69,909.54,860,150,0
1765209600,909.66,912.18,903.58,903.64,1430,167,0
1765213200,903.85,906.13,895.51,895.74,1836,167,0
1765216800,895.74,899.98,891.95,893.49,1368,167,0
1765220400,893.17,896.92,890.92,895.77,1086,167,0
1765224000,895.97,897.53,888.48,890.27,1116,167,0
1765227600,890.20,896.34,890.20,893.95,969,167,0
1765231200,893.97,901.17,893.93,900.12,839,167,0
1765234800,900.16,904.25,898.24,903.56,770,150,0
1765238400,903.01,903.01,897.18,898.69,408,150,0
1765242000,898.69,899.47,895.48,896.30,557,167,0
1765245600,896.35,898.91,895.07,895.30,581,167,0
1765249200,895.30,896.03,889.94,891.37,825,167,0
1765252800,891.47,894.23,890.41,890.88,707,166,0
1765256400,891.00,894.08,887.37,893.22,650,167,0
1765260000,893.30,894.82,889.38,890.18,515,167,0
1765263600,890.17,891.49,887.95,888.26,735,150,0
1765267200,888.29,889.65,883.73,886.77,753,167,0
1765270800,886.81,889.28,886.37,888.21,571,167,0
1765274400,888.35,888.36,885.33,886.92,587,167,0
1765278000,886.86,887.06,883.98,884.95,483,167,0
1765281600,885.07,887.53,882.76,886.06,568,167,0
1765285200,886.17,886.91,884.05,886.33,441,167,0
1765288800,886.32,888.25,884.90,887.47,603,167,0
1765292400,887.47,888.31,880.96,883.17,732,150,0
1765296000,883.36,885.18,881.32,884.57,1299,167,0
1765299600,884.69,908.04,884.19,906.80,2046,167,0
1765303200,906.85,925.91,906.85,922.19,2211,167,0
1765306800,922.18,927.02,914.83,917.46,1503,167,0
1765310400,917.59,919.68,913.79,915.90,906,167,0
1765314000,915.96,916.17,912.45,913.39,789,167,0
1765317600,913.30,913.56,903.31,907.53,1319,167,0
1765321200,907.67,908.75,893.15,898.70,1241,150,0
1765324800,899.70,903.51,899.63,902.18,810,150,0
1765328400,902.01,902.21,896.44,896.47,704,167,0
1765332000,896.35,898.13,890.38,890.50,905,167,0
1765335600,890.57,891.81,886.70,889.81,1005,167,0
1765339200,889.75,892.38,887.52,890.01,750,167,0
1765342800,889.96,890.96,888.68,889.72,517,166,0
1765346400,889.69,892.17,888.27,889.45,671,167,0
1765350000,889.40,892.60,888.21,892.07,559,167,0
1765353600,892.17,895.41,891.28,893.43,559,167,0
1765357200,893.27,893.35,890.47,893.34,452,167,0
1765360800,893.37,894.27,891.31,891.35,519,167,0
1765364400,891.35,893.27,888.76,892.04,635,150,0
1765368000,891.89,895.28,886.38,886.98,909,167,0
1765371600,886.81,888.48,883.78,885.84,767,167,0
1765375200,885.78,887.31,883.45,887.02,699,150,0
1765378800,886.88,891.27,886.86,890.77,755,150,0
1765382400,890.76,891.27,886.72,889.28,1207,150,0
1765386000,889.20,891.77,886.52,890.57,1188,167,0
1765389600,890.57,896.97,888.92,895.65,982,167,0
1765393200,895.65,896.90,892.83,895.47,942,167,0
1765396800,895.43,902.07,893.37,897.80,1155,167,0
1765400400,897.82,904.32,891.84,901.11,2377,167,0
1765404000,901.13,914.13,896.48,898.01,2100,167,0
1765407600,898.05,901.44,893.31,896.19,1487,150,0
1765411200,897.26,899.64,889.95,897.48,905,150,0
1765414800,897.37,900.03,892.09,892.60,728,167,0
1765418400,892.41,893.81,880.31,882.78,1168,167,0
1765422000,882.53,883.29,872.74,875.77,1562,167,0
1765425600,875.51,875.97,862.66,866.08,1597,167,0
1765429200,866.16,868.86,860.64,867.35,1405,167,0
1765432800,867.36,871.06,864.02,870.17,1054,167,0
1765436400,869.99,872.97,866.18,871.44,666,150,0
1765440000,871.49,872.05,867.58,869.15,604,167,0
1765443600,869.08,870.16,865.46,866.05,544,167,0
1765447200,866.05,866.29,861.42,864.27,763,167,0
1765450800,864.29,867.53,863.88,866.06,600,167,0
1765454400,866.14,866.96,864.11,865.08,511,150,0
1765458000,865.08,868.17,864.59,865.78,473,166,0
1765461600,865.76,867.40,863.78,865.49,660,167,0
1765465200,865.55,867.82,865.29,867.00,711,167,0
1765468800,867.00,868.17,858.72,860.98,1403,167,0
1765472400,860.79,870.06,859.87,865.07,1806,167,0
1765476000,864.88,868.71,860.28,865.65,1271,167,0
1765479600,865.66,870.69,864.85,868.38,982,167,0
1765483200,868.37,880.38,867.80,874.58,1177,167,0
1765486800,874.60,880.26,872.88,875.23,1150,167,0
1765490400,875.20,880.12,875.00,879.66,941,167,0
1765494000,879.86,890.67,878.88,887.66,1438,150,0
1765497600,888.24,889.70,882.58,883.38,866,150,0
1765501200,883.50,887.76,882.30,884.94,763,167,0
1765504800,885.08,887.17,879.17,879.38,812,167,0
1765508400,879.45,888.25,879.45,885.67,859,167,0
1765512000,885.67,891.87,885.05,891.82,682,167,0
1765515600,891.96,895.24,888.98,891.59,656,167,0
1765519200,891.58,891.84,887.74,888.09,541,167,0
1765522800,888.25,890.59,885.47,890.25,554,166,0
1765526400,890.27,893.31,890.21,890.41,464,167,0
1765530000,890.42,890.52,887.78,888.43,490,167,0
1765533600,888.37,888.63,884.42,885.68,484,167,0
1765537200,885.97,886.97,884.34,886.67,405,167,0
1765540800,886.64,887.37,884.18,884.24,350,167,0
1765544400,884.24,885.40,882.77,885.26,393,167,0
1765548000,885.17,887.16,884.33,887.08,444,167,0
1765551600,887.05,888.03,885.81,886.96,439,167,0
1765555200,886.96,891.47,886.47,890.53,954,153,0
1765558800,890.50,890.50,871.56,873.34,1892,167,0
1765562400,873.42,878.65,869.80,875.00,2028,167,0
1765566000,875.09,879.47,873.00,874.47,1108,167,0
1765569600,874.57,881.24,873.68,879.13,957,167,0
1765573200,879.15,879.17,874.37,876.52,707,167,0
1765576800,876.38,877.27,874.38,876.25,608,167,0
1765580400,876.27,878.87,875.62,877.86,377,150,0
1765591200,880.84,882.47,879.88,880.24,335,150,0
1765594800,880.24,881.35,879.50,881.08,315,167,0
1765598400,881.16,884.57,881.16,883.01,316,167,0
1765602000,883.05,886.52,882.89,886.52,311,166,0
1765605600,886.52,886.97,884.53,885.43,294,166,0
1765609200,885.31,886.37,883.98,884.89,285,167,0
1765612800,884.89,887.25,882.87,887.25,322,167,0
1765616400,887.25,888.37,885.13,885.38,266,166,0
1765620000,885.38,888.90,884.98,888.09,434,167,0
1765623600,888.10,889.15,887.07,888.59,325,166,0
1765627200,888.73,893.25,887.93,892.10,391,166,0
1765630800,892.09,892.47,890.22,891.28,396,167,0
1765634400,891.28,893.28,890.23,890.67,445,166,0
1765638000,890.85,892.76,890.19,891.16,391,167,0
1765641600,891.16,892.22,886.12,890.45,536,167,0
1765645200,890.47,899.06,890.47,898.09,730,167,0
1765648800,898.11,903.35,896.52,896.65,761,167,0
1765652400,896.71,897.52,893.98,894.77,493,167,0
1765656000,894.89,896.06,890.38,891.30,381,167,0
1765659600,891.36,894.21,891.11,892.66,318,166,0
1765663200,892.78,895.17,892.60,892.84,253,166,0
1765666800,892.83,893.85,888.66,893.53,420,150,0
1765670400,894.26,895.92,892.34,894.81,269,150,0
1765674000,894.81,896.51,894.07,895.94,315,166,0
1765677600,895.99,898.67,894.58,895.82,374,150,0
1765681200,895.86,897.41,894.90,896.34,150,167,0
1765684800,895.13,895.79,893.43,895.56,310,166,0
1765688400,895.60,896.17,894.48,894.68,222,166,0
1765692000,894.68,895.89,893.11,893.94,289,166,0
1765695600,893.92,893.92,891.29,893.25,320,167,0
1765699200,893.21,893.73,891.67,892.46,286,166,0
1765702800,892.57,895.71,891.69,895.28,303,166,0
1765706400,895.35,897.54,895.35,896.07,343,166,0
1765710000,896.07,896.46,893.86,893.87,364,166,0
1765713600,893.87,893.87,889.38,892.26,511,167,0
1765717200,892.24,892.24,883.30,887.94,1131,167,0
1765720800,887.99,893.27,885.68,891.18,918,167,0
1765724400,891.17,891.17,886.52,890.68,767,167,0
1765728000,890.71,893.86,884.78,887.23,752,167,0
1765731600,887.15,887.15,882.21,885.69,741,167,0
1765735200,885.60,887.66,882.76,885.36,810,167,0
1765738800,885.26,886.53,879.94,882.05,917,167,0
1765742400,882.07,885.17,881.12,885.06,581,166,0
1765746000,884.99,885.09,880.30,882.49,591,167,0
1765749600,882.45,884.07,879.18,881.28,605,167,0
1765753200,881.28,883.19,878.13,878.96,626,150,0
1765756800,880.63,880.96,873.90,877.71,794,150,0
1765760400,877.79,879.39,869.27,876.42,1117,167,0
1765764000,876.44,882.30,875.47,881.86,1053,167,0
1765767600,881.86,887.89,879.48,886.96,1051,167,0
1765771200,887.06,894.59,886.69,887.99,982,167,0
1765774800,887.90,889.71,886.84,888.05,705,167,0
1765778400,888.13,889.65,885.94,888.49,604,167,0
1765782000,888.56,889.41,886.69,887.27,442,166,0
1765785600,887.27,890.59,885.83,889.52,492,166,0
1765789200,889.59,890.77,886.70,888.56,502,167,0
1765792800,888.49,889.45,886.87,888.44,442,167,0
1765796400,888.44,891.45,888.44,890.23,451,167,0
1765800000,890.23,892.48,889.06,889.38,541,167,0
1765803600,889.38,889.73,886.30,886.93,351,166,0
1765807200,886.93,888.37,885.02,887.74,461,167,0
1765810800,887.73,888.24,884.31,886.09,554,167,0
1765814400,886.09,889.37,868.38,870.82,1562,167,0
1765818000,870.39,870.39,851.32,858.31,2808,167,0
1765821600,858.25,859.12,847.66,851.39,2325,167,0
1765825200,851.24,852.44,841.56,843.72,1857,167,0
1765828800,843.69,850.81,840.13,850.36,1741,167,0
1765832400,850.40,854.21,847.78,849.12,1384,167,0
1765836000,849.05,849.16,843.87,845.50,1290,167,0
1765839600,845.39,852.58,844.78,852.39,736,150,0
1765843200,851.60,853.10,849.65,853.07,498,150,0
1765846800,853.17,858.26,853.17,857.78,771,167,0
1765850400,857.50,857.91,851.52,851.94,754,167,0
1765854000,851.70,856.07,850.81,853.73,928,167,0
1765857600,853.75,857.47,850.87,855.19,945,167,0
1765861200,855.27,856.16,849.74,854.63,902,167,0
1765864800,854.66,855.89,846.56,853.76,1111,167,0
1765868400,853.94,855.96,852.47,855.63,971,167,0
1765872000,855.69,864.89,855.69,864.48,628,167,0
1765875600,864.53,865.07,857.97,858.75,893,167,0
1765879200,858.75,860.97,856.20,857.50,894,167,0
1765882800,857.43,861.36,857.10,858.97,749,167,0
1765886400,859.03,864.67,858.13,861.28,922,167,0
1765890000,861.46,865.42,860.88,864.95,661,167,0
1765893600,864.97,869.16,864.70,867.50,1032,167,0
1765897200,867.32,871.07,860.75,860.98,1660,167,0
1765900800,860.89,873.32,857.74,871.35,1991,167,0
1765904400,871.48,877.61,867.29,875.82,2072,167,0
1765908000,875.82,875.82,869.24,870.06,1596,167,0
1765911600,870.07,871.96,866.07,866.36,1154,167,0
1765915200,866.77,872.68,865.47,870.66,931,167,0
1765918800,870.64,871.17,866.16,869.54,786,167,0
1765922400,869.38,871.42,868.28,869.68,716,167,0
1765926000,869.58,872.65,868.43,871.73,553,150,0
1765929600,872.33,874.12,870.85,872.82,371,150,0
1765933200,872.67,874.89,871.47,874.71,572,167,0
1765936800,874.81,874.86,869.62,870.31,638,167,0
1765940400,870.31,874.13,869.19,870.16,553,166,0
1765944000,870.32,870.32,864.28,866.51,705,167,0
1765947600,866.51,867.49,861.18,862.61,595,167,0
1765951200,862.63,862.63,858.06,858.17,707,167,0
1765954800,858.15,859.49,854.76,858.02,830,167,0
1765958400,857.97,867.31,857.60,865.05,892,167,0
1765962000,865.21,870.29,864.18,867.24,956,167,0
1765965600,867.18,867.18,861.70,861.78,873,167,0
1765969200,861.85,864.06,859.85,859.88,682,167,0
1765972800,859.91,860.36,854.58,855.73,980,167,0
1765976400,855.59,860.03,855.26,859.00,743,167,0
1765980000,859.00,860.23,856.48,859.76,815,167,0
1765983600,859.89,864.07,856.88,861.61,1067,167,0
1765987200,861.68,868.57,854.18,868.42,1761,167,0
1765990800,868.38,875.33,851.96,852.94,2516,167,0
1765994400,852.93,857.12,839.25,846.56,2517,167,0
1765998000,846.50,848.78,841.36,842.90,1570,167,0
1766001600,842.90,846.14,835.89,837.02,1419,167,0
1766005200,837.07,840.60,832.56,839.97,1470,167,0
1766008800,840.06,844.06,838.01,841.57,987,167,0
1766012400,841.50,842.37,836.86,837.85,593,150,0
1766016000,837.08,842.87,835.92,842.86,530,150,0
1766019600,842.96,842.96,839.78,842.23,526,167,0
1766023200,842.17,845.11,839.97,844.77,601,167,0
1766026800,844.69,844.69,838.22,840.41,918,167,0
1766030400,840.40,845.93,839.09,844.60,1022,167,0
1766034000,844.49,844.58,832.53,835.85,904,167,0
1766037600,835.92,838.67,835.26,835.57,769,167,0
1766041200,835.55,836.00,829.57,830.67,887,167,0
1766044800,830.67,834.17,829.67,833.91,681,167,0
1766048400,833.86,835.07,831.97,832.88,692,167,0
1766052000,832.95,836.90,831.96,835.30,900,167,0
1766055600,835.27,839.01,833.50,838.21,878,167,0
1766059200,838.21,840.90,837.00,839.21,648,167,0
1766062800,839.29,839.43,836.32,838.74,557,167,0
1766066400,838.93,840.21,836.49,838.16,828,167,0
1766070000,838.15,851.57,838.15,848.05,1811,167,0
1766073600,848.27,852.56,837.35,842.92,2159,167,0
1766077200,842.97,850.43,839.25,847.39,2042,167,0
1766080800,847.38,848.09,843.14,844.62,1459,167,0
1766084400,844.67,844.69,818.31,831.07,2497,167,0
1766088000,831.00,837.70,829.44,831.27,1778,167,0
1766091600,831.19,831.88,817.57,819.70,2151,167,0
1766095200,819.64,825.98,819.37,820.29,1864,167,0
1766098800,819.90,829.81,819.90,829.49,1254,150,0
1766102400,829.54,831.07,827.30,830.87,853,150,0
1766106000,830.87,831.03,827.51,829.20,809,167,0
1766109600,829.29,831.64,827.12,830.26,959,167,0
1766113200,830.18,830.29,822.29,824.35,994,167,0
1766116800,824.31,827.99,821.56,825.80,1305,167,0
1766120400,825.85,840.90,825.63,836.81,2035,167,0
1766124000,836.84,840.21,834.94,836.37,1234,167,0
1766127600,836.42,838.74,834.68,838.51,1081,167,0
1766131200,838.53,843.06,837.36,842.98,1040,167,0
1766134800,842.90,849.39,841.43,842.33,1595,167,0
1766138400,842.26,845.10,841.38,844.18,1794,167,0
1766142000,844.05,846.65,842.58,844.76,1881,167,0
1766145600,844.89,846.18,842.39,844.57,2650,167,0
1766149200,844.49,848.65,843.88,848.27,517,166,0
1766152800,848.27,848.58,844.71,844.73,618,166,0
1766156400,844.76,847.49,844.76,846.94,493,166,0
1766160000,847.07,849.83,842.82,847.46,1295,167,0
1766163600,847.35,854.17,843.62,845.79,1553,167,0
1766167200,845.77,852.43,845.13,847.45,1138,167,0
1766170800,847.54,849.76,842.78,844.13,1077,167,0
1766174400,844.17,850.16,844.16,848.50,744,167,0
1766178000,848.62,857.06,848.62,855.33,817,167,0
1766181600,855.44,861.51,853.55,859.41,749,167,0
1766185200,859.60,859.66,853.50,854.09,475,150,0
1766196000,855.38,856.27,852.94,853.43,470,150,0
1766199600,853.40,853.47,851.56,851.95,344,167,0
1766203200,851.95,856.06,851.77,854.97,319,166,0
1766206800,854.97,858.81,854.97,857.58,296,166,0
1766210400,857.54,857.75,853.29,853.54,345,166,0
1766214000,853.54,855.20,851.63,853.32,408,167,0
1766217600,853.32,854.25,852.03,852.93,263,166,0
1766221200,853.03,853.46,851.44,853.02,340,166,0
1766224800,853.02,855.50,852.58,852.79,328,166,0
1766228400,852.78,853.24,852.25,852.41,236,167,0
1766232000,852.41,852.43,850.13,851.62,229,166,0
1766235600,851.66,852.93,850.52,852.74,253,166,0
1766239200,852.74,852.93,851.92,852.30,201,166,0
1766242800,852.31,852.84,850.18,852.23,356,166,0
1766246400,852.23,852.32,850.18,852.22,255,166,0
1766250000,852.22,853.13,850.78,853.13,244,166,0
1766253600,853.14,853.52,852.19,853.44,234,166,0
1766257200,853.54,853.77,852.29,852.64,206,166,0
1766260800,852.65,853.33,851.72,852.46,172,166,0
1766264400,852.46,852.77,851.85,852.22,131,166,0
1766268000,852.22,852.80,851.86,852.46,150,166,0
1766271600,852.46,852.84,851.76,851.76,187,150,0
1766275200,851.96,852.22,850.20,852.01,183,150,0
1766278800,852.01,854.29,851.15,853.22,263,166,0
1766282400,853.35,854.38,852.61,853.44,194,167,0
1766286000,853.42,853.46,852.31,852.37,92,166,0
1766289600,850.94,851.97,846.02,846.84,526,167,0
1766293200,846.84,850.38,846.51,849.48,328,167,0
1766296800,849.48,849.97,847.68,847.80,261,166,0
1766300400,847.80,849.03,847.38,847.58,307,166,0
1766304000,847.58,849.70,847.41,848.99,234,167,0
1766307600,848.98,849.39,847.79,849.06,239,166,0
1766311200,849.02,855.31,848.16,853.17,440,167,0
1766314800,853.21,857.31,851.75,856.27,674,167,0
1766318400,856.38,858.90,854.17,855.38,568,166,0
1766322000,855.43,857.10,854.82,855.96,403,167,0
1766325600,855.93,858.67,855.00,857.66,513,167,0
1766329200,857.67,857.83,844.76,845.95,1380,167,0
1766332800,845.87,849.86,845.13,849.48,707,167,0
1766336400,849.44,849.44,844.93,847.76,607,167,0
1766340000,847.70,851.53,845.58,851.42,472,167,0
1766343600,851.79,855.42,850.97,852.57,480,167,0
1766347200,852.48,852.69,850.05,852.14,383,166,0
1766350800,852.21,855.82,852.21,854.87,440,167,0
1766354400,854.87,855.80,852.90,853.10,266,167,0
1766358000,853.10,854.17,850.38,851.09,325,150,0
1766361600,851.47,856.17,851.30,855.94,309,150,0
1766365200,855.97,858.79,854.81,857.81,550,167,0
1766368800,857.85,866.91,857.85,858.47,1245,167,0
1766372400,858.07,863.05,856.83,856.88,859,167,0
1766376000,856.94,857.29,850.24,854.87,921,166,0
1766379600,854.91,857.05,852.98,855.18,668,167,0
1766383200,855.21,858.90,854.31,858.59,596,167,0
1766386800,858.66,858.90,855.10,856.13,549,167,0
1766390400,856.02,859.88,855.57,858.21,476,167,0
1766394000,857.95,860.21,857.37,857.86,497,167,0
1766397600,857.68,867.38,857.67,863.05,891,167,0
1766401200,863.11,866.83,861.17,861.38,647,167,0
1766404800,861.34,866.17,859.20,865.38,723,167,0
1766408400,865.44,865.75,863.31,864.64,482,167,0
1766412000,864.57,870.06,863.97,865.69,614,167,0
1766415600,865.78,866.52,862.02,863.58,487,167,0
1766419200,863.58,868.65,862.56,867.10,1150,167,0
1766422800,867.27,869.01,861.06,866.93,1355,167,0
1766426400,866.93,868.11,864.94,866.15,784,167,0
1766430000,866.10,867.35,864.05,866.72,572,167,0
1766433600,866.68,868.33,864.79,865.73,467,167,0
1766437200,865.67,865.71,856.18,856.78,889,167,0
1766440800,856.68,857.84,852.69,854.81,992,167,0
1766444400,854.72,857.91,854.58,855.43,462,150,0
1766448000,855.35,860.25,854.76,859.56,427,150,0
1766451600,859.63,859.63,856.46,857.83,437,166,0
1766455200,857.86,860.64,857.18,859.31,458,167,0
1766458800,859.30,859.79,856.37,857.58,462,167,0
1766462400,857.58,858.87,853.83,854.61,650,167,0
1766466000,854.75,856.87,851.40,856.50,651,167,0
1766469600,856.38,856.96,853.82,854.24,400,167,0
1766473200,854.34,854.66,850.54,852.07,511,166,0
1766476800,851.86,851.93,846.43,848.32,701,167,0
1766480400,848.26,849.64,847.72,847.78,384,166,0
1766484000,847.78,849.55,847.14,847.85,333,166,0
1766487600,847.85,849.22,847.22,848.51,374,166,0
1766491200,848.51,851.06,848.51,850.50,329,167,0
1766494800,850.50,852.46,850.18,852.15,402,166,0
1766498400,852.15,852.15,848.24,849.18,467,166,0
1766502000,849.15,850.21,845.66,847.61,723,167,0
1766505600,847.61,849.37,837.46,839.96,1321,167,0
1766509200,839.83,844.02,837.70,843.33,1202,167,0
1766512800,843.34,849.40,841.58,848.05,1086,166,0
1766516400,847.92,848.79,838.18,838.19,791,167,0
1766520000,838.20,845.20,838.20,844.40,740,167,0
1766523600,844.53,845.29,839.56,840.67,488,167,0
1766527200,840.61,846.81,839.44,842.60,635,167,0
1766530800,842.57,844.60,841.77,844.30,407,150,0
1766534400,844.56,845.08,840.36,842.31,403,150,0
1766538000,842.07,844.29,840.86,843.47,452,166,0
1766541600,843.66,845.98,842.86,845.86,421,167,0
1766545200,845.90,846.96,842.39,843.08,431,167,0
1766548800,842.96,843.17,835.73,838.02,574,167,0
1766552400,837.98,840.83,835.46,839.88,600,167,0
1766556000,839.94,841.69,838.55,838.66,488,167,0
1766559600,838.68,839.82,836.00,837.27,543,150,0
1766563200,837.28,838.18,835.38,838.07,439,167,0
1766566800,838.13,839.79,837.17,837.17,387,167,0
1766570400,837.18,837.50,834.67,835.54,457,167,0
1766574000,835.55,836.83,834.39,835.28,600,167,0
1766577600,835.26,838.37,835.15,836.59,486,167,0
1766581200,836.59,838.80,836.59,837.17,374,167,0
1766584800,837.17,840.07,836.30,839.94,366,167,0
1766588400,839.93,840.89,837.88,840.00,433,166,0
1766592000,840.09,842.43,834.79,837.84,1039,167,0
1766595600,837.87,841.83,835.96,840.37,1063,167,0
1766599200,840.18,844.53,839.07,843.61,897,167,0
1766602800,843.60,845.97,842.82,843.98,675,167,0
1766606400,843.90,848.02,842.94,845.41,557,167,0
1766610000,845.41,847.03,844.87,846.95,360,167,0
1766613600,847.05,849.17,847.02,847.97,309,166,0
1766617200,847.97,848.61,846.43,846.86,322,150,0
1766620800,846.56,848.85,845.53,848.44,379,150,0
1766624400,848.44,848.52,845.73,845.75,348,166,0
1766628000,845.75,847.09,844.18,844.77,359,166,0
1766631600,844.81,847.01,844.81,846.38,282,166,0
1766635200,846.38,847.15,844.94,845.54,326,166,0
1766638800,845.54,845.59,843.08,844.13,319,166,0
1766642400,844.13,844.45,842.65,842.78,310,166,0
1766646000,842.78,842.79,841.28,842.38,290,166,0
1766649600,842.39,843.21,841.51,842.88,238,166,0
1766653200,842.88,842.88,841.37,842.47,209,166,0
1766656800,842.40,843.70,838.26,840.08,503,167,0
1766660400,840.13,840.57,838.90,840.15,273,166,0
1766664000,840.15,840.29,834.58,835.93,423,166,0
1766667600,835.93,837.68,835.78,836.78,333,166,0
1766671200,836.61,837.24,835.80,837.24,293,166,0
1766674800,837.24,838.04,834.38,836.11,352,166,0
1766678400,836.12,837.47,835.46,837.18,310,166,0
1766682000,837.27,843.86,836.58,841.47,735,167,0
1766685600,841.70,842.13,839.05,840.18,527,167,0
1766689200,840.12,841.07,839.18,840.37,323,166,0
1766692800,840.37,842.02,839.47,841.12,286,167,0
1766696400,841.12,841.48,839.78,840.48,248,166,0
1766700000,840.48,840.67,838.83,839.92,294,167,0
1766703600,839.92,842.67,839.82,841.66,236,150,0
1766707200,841.76,841.76,834.57,836.29,524,150,0
1766710800,836.47,837.87,825.99,828.80,965,167,0
1766714400,828.73,830.81,827.17,829.46,781,167,0
1766718000,829.44,832.36,829.03,831.69,503,167,0
1766721600,831.40,843.78,830.92,841.55,1350,167,0
1766725200,841.56,842.25,837.38,839.94,738,167,0
1766728800,840.09,840.81,836.62,840.49,631,167,0
1766732400,840.53,840.83,838.84,840.26,454,167,0
1766736000,840.32,843.79,840.32,843.07,402,166,0
1766739600,843.07,846.33,838.91,840.06,683,167,0
1766743200,840.01,842.00,839.67,840.97,588,166,0
1766746800,840.97,842.27,839.66,841.50,371,166,0
1766750400,841.49,842.00,839.70,839.85,363,166,0
1766754000,839.85,839.85,838.04,838.43,325,166,0
1766757600,838.43,841.27,838.43,840.84,381,166,0
1766761200,840.84,842.57,840.21,842.28,471,166,0
1766764800,842.31,842.57,829.23,829.40,1232,167,0
1766768400,829.39,829.39,820.40,828.10,1836,167,0
1766772000,828.20,831.18,827.16,827.77,958,167,0
1766775600,827.90,832.66,827.84,830.64,732,150,0
1766779200,830.72,833.87,830.43,832.62,540,167,0
1766782800,832.62,833.94,830.47,832.00,371,167,0
1766786400,832.19,837.36,831.54,835.63,463,166,0
1766790000,835.78,836.61,834.01,834.01,312,150,0
1766800800,833.98,835.59,833.88,834.75,304,150,0
1766804400,834.75,835.67,833.80,835.42,199,166,0
1766808000,835.42,835.58,833.51,834.45,234,166,0
1766811600,834.47,835.65,833.92,835.38,259,166,0
1766815200,835.38,835.56,833.78,834.93,217,166,0
1766818800,834.96,836.42,834.26,836.38,229,166,0
1766822400,836.46,839.17,835.92,838.71,294,166,0
1766826000,838.76,842.15,838.47,839.74,473,166,0
1766829600,839.82,842.39,839.23,839.42,429,166,0
1766833200,839.42,841.10,837.56,837.87,488,166,0
1766836800,837.85,842.59,836.88,840.82,814,167,0
1766840400,840.82,840.89,839.24,840.14,363,166,0
1766844000,840.14,840.63,838.76,839.20,299,166,0
1766847600,839.20,840.32,838.49,839.48,371,166,0
1766851200,839.47,839.76,838.36,838.58,286,166,0
1766854800,838.58,840.70,837.69,840.07,292,166,0
1766858400,840.17,840.94,839.43,839.76,288,166,0
1766862000,839.76,840.57,838.58,839.27,272,166,0
1766865600,839.29,839.62,838.88,839.06,194,166,0
1766869200,839.06,840.11,838.80,840.11,165,166,0
1766872800,840.17,841.08,839.10,839.46,179,166,0
1766876400,839.46,841.65,839.46,841.62,165,150,0
1766880000,842.04,845.71,840.26,841.30,409,150,0
1766883600,841.36,845.54,841.29,844.17,362,166,0
1766887200,844.27,844.85,841.76,841.77,296,166,0
1766890800,841.77,842.46,840.58,841.00,154,166,0
1766894400,839.46,841.35,839.23,840.67,191,166,0
1766898000,840.66,841.17,839.68,840.78,194,166,0
1766901600,840.78,843.22,840.58,842.21,213,167,0
1766905200,842.20,843.13,841.40,842.24,333,167,0
1766908800,842.21,843.37,841.97,842.88,216,166,0
1766912400,842.88,843.27,842.46,843.10,219,166,0
1766916000,843.17,846.14,843.17,844.77,323,166,0
1766919600,844.82,845.55,843.31,844.72,303,166,0
1766923200,844.76,849.04,844.76,847.26,432,166,0
1766926800,847.16,855.81,847.16,853.78,542,167,0
1766930400,854.00,856.39,853.94,854.71,440,167,0
1766934000,854.99,857.87,854.50,857.22,446,167,0
1766937600,857.22,858.39,855.55,856.70,393,167,0
1766941200,856.70,862.56,856.54,859.75,416,166,0
1766944800,859.75,864.23,859.34,863.18,553,167,0
1766948400,863.18,865.56,862.35,865.44,438,166,0
1766952000,865.56,866.35,858.07,858.17,618,167,0
1766955600,858.17,861.68,857.99,858.86,491,167,0
1766959200,858.86,861.54,857.87,859.83,435,166,0
1766962800,859.68,859.98,856.02,857.45,521,150,0
1766966400,856.97,860.07,856.17,859.23,301,150,0
1766970000,859.08,859.81,856.17,858.49,371,166,0
1766973600,858.67,863.90,857.89,861.69,710,167,0
1766977200,861.62,864.47,858.48,863.72,632,166,0
1766980800,863.86,871.27,863.76,866.01,995,167,0
1766984400,866.07,870.30,865.41,868.37,720,167,0
1766988000,868.44,870.82,866.97,867.95,661,167,0
1766991600,867.95,868.07,863.40,863.74,484,166,0
1766995200,864.03,865.12,862.69,863.01,374,166,0
1766998800,863.01,863.17,857.98,859.76,555,167,0
1767002400,859.85,860.96,857.78,858.01,447,167,0
1767006000,858.06,858.08,846.73,850.66,990,167,0
1767009600,850.55,853.86,850.10,853.13,597,167,0
1767013200,853.04,854.75,851.93,852.22,472,167,0
1767016800,852.41,853.07,845.18,851.04,1126,167,0
1767020400,851.06,852.41,847.82,849.16,548,166,0
1767024000,848.97,854.57,847.74,850.27,956,167,0
1767027600,850.24,854.23,849.43,852.76,867,167,0
1767031200,852.74,854.43,849.26,852.98,653,167,0
1767034800,852.97,853.93,851.17,853.70,421,166,0
1767038400,853.71,854.72,850.29,850.98,487,166,0
1767042000,851.03,852.62,850.45,852.19,457,167,0
1767045600,852.19,854.21,850.60,851.90,487,167,0
1767049200,851.90,854.13,851.68,854.00,273,150,0
1767052800,853.35,853.38,852.07,852.73,209,166,0
1767056400,852.70,852.96,851.16,851.63,225,166,0
1767060000,851.63,852.67,849.86,850.77,355,166,0
1767063600,850.85,852.36,849.46,851.68,385,166,0
1767067200,851.74,851.85,848.08,848.88,427,166,0
1767070800,848.91,852.35,847.87,851.67,514,166,0
1767074400,851.81,852.36,850.24,851.58,285,166,0
1767078000,851.58,852.27,849.56,850.11,390,166,0
1767081600,849.95,854.06,849.95,852.71,343,166,0
1767085200,852.65,854.01,852.27,852.92,326,166,0
1767088800,852.96,858.88,852.96,855.68,782,167,0
1767092400,855.66,856.52,853.84,855.79,467,167,0
1767096000,855.69,856.09,854.06,854.51,390,166,0
1767099600,854.48,855.25,853.21,853.96,358,167,0
1767103200,854.00,855.74,853.79,855.71,371,167,0
1767106800,855.67,862.38,855.59,861.78,623,166,0
1767110400,861.88,863.21,856.99,861.07,1186,167,0
1767114000,860.99,862.76,856.94,861.96,1046,167,0
1767117600,862.05,862.23,857.58,859.62,756,167,0
1767121200,859.62,860.82,857.65,859.35,523,167,0
1767124800,859.36,860.87,857.85,859.48,337,166,0
1767128400,859.44,859.44,856.53,858.95,464,167,0
1767132000,858.96,859.45,857.67,857.85,362,167,0
1767135600,857.87,860.49,857.50,860.48,289,150,0
1767139200,861.74,861.98,859.81,860.76,231,150,0
1767142800,860.68,862.23,860.24,860.79,326,167,0
1767146400,860.83,861.64,858.27,858.58,367,167,0
1767150000,858.56,862.17,858.00,860.65,484,167,0
1767153600,860.58,860.58,858.23,859.30,379,167,0
1767157200,859.30,859.96,856.87,858.46,355,166,0
1767160800,858.46,860.40,858.16,860.40,448,167,0
1767164400,860.47,863.17,859.56,862.37,494,167,0
1767168000,862.37,865.82,862.10,865.29,485,167,0
1767171600,865.32,867.17,864.06,867.17,372,166,0
1767175200,867.17,868.21,864.15,865.48,424,167,0
1767178800,865.48,865.95,864.40,864.52,266,166,0
1767182400,864.52,868.32,864.37,867.31,351,166,0
1767186000,867.31,868.52,866.86,868.37,451,166,0
1767189600,868.36,868.51,865.26,866.03,378,167,0
1767193200,866.02,868.17,865.48,867.61,438,166,0
1767196800,867.57,876.20,864.25,865.27,1252,167,0
1767200400,865.27,865.97,859.88,862.47,1120,167,0
1767204000,862.52,863.67,857.20,860.75,1048,167,0
1767207600,860.69,862.82,860.43,861.79,662,167,0
1767211200,861.97,863.64,860.89,861.18,455,167,0
1767214800,861.26,863.98,861.26,863.49,431,166,0
1767218400,863.33,863.47,860.01,862.78,601,167,0
1767222000,862.66,865.55,862.66,865.24,306,150,0
1767225600,865.46,865.73,863.33,863.66,257,166,0
1767229200,863.63,864.73,863.35,863.48,295,166,0
1767232800,863.48,865.77,862.97,865.52,345,166,0
1767236400,865.52,872.67,865.36,871.99,532,166,0
1767240000,872.26,873.68,869.83,870.75,518,166,0
1767243600,870.83,872.43,867.90,868.13,409,167,0
1767247200,868.32,868.38,861.30,862.56,426,166,0
1767250800,862.58,864.20,861.67,861.91,381,167,0
1767254400,861.94,863.67,860.82,860.96,238,167,0
1767258000,860.92,860.94,858.45,858.66,344,166,0
1767261600,858.65,860.71,858.16,860.54,283,166,0
1767265200,860.54,860.87,859.16,859.33,223,167,0
1767268800,859.36,860.87,859.33,860.38,178,166,0
1767272400,860.38,861.10,859.77,860.73,235,166,0
1767276000,860.77,860.77,855.41,858.30,365,166,0
1767279600,858.30,859.97,857.66,857.88,326,166,0
1767283200,857.82,858.80,856.32,857.08,300,166,0
1767286800,857.08,859.71,855.52,858.53,480,166,0
1767290400,858.64,859.09,856.59,857.27,391,167,0
1767294000,857.27,860.25,856.40,859.16,427,167,0
1767297600,859.17,859.43,858.08,859.26,264,166,0
1767301200,859.26,860.73,858.33,860.73,246,166,0
1767304800,860.77,861.31,859.34,860.18,250,167,0
1767308400,860.25,861.93,860.03,861.63,243,150,0
1767312000,862.00,863.10,860.58,862.67,279,150,0
1767315600,862.74,863.82,861.50,863.53,333,166,0
1767319200,863.53,864.17,860.63,863.59,429,167,0
1767322800,863.75,864.01,861.18,861.70,338,166,0
1767326400,861.70,862.35,858.81,862.35,355,166,0
1767330000,862.40,866.32,861.84,864.97,588,167,0
1767333600,865.07,865.40,863.13,864.08,421,167,0
1767337200,864.08,866.13,862.26,865.33,345,167,0
1767340800,865.32,867.14,864.83,865.50,374,167,0
1767344400,865.51,866.11,863.76,864.07,359,167,0
1767348000,864.09,868.52,864.09,867.10,483,167,0
1767351600,867.11,871.17,866.82,870.39,648,167,0
1767355200,870.51,873.55,870.10,871.01,618,166,0
1767358800,871.01,871.02,866.42,868.69,490,167,0
1767362400,868.69,870.46,868.23,868.72,491,166,0
1767366000,868.63,871.35,868.22,869.54,451,166,0
1767369600,869.54,877.16,864.44,874.49,1395,167,0
1767373200,874.48,881.54,869.52,877.15,1661,167,0
1767376800,877.17,886.31,876.65,885.69,1582,167,0
1767380400,885.70,890.20,883.21,886.12,1199,167,0
1767384000,885.97,887.30,878.16,879.92,879,167,0
1767387600,880.05,882.40,879.32,879.72,779,167,0
1767391200,879.80,882.43,877.70,878.58,710,167,0
1767394800,878.48,882.16,878.20,881.60,362,150,0
1767405600,880.50,883.39,879.80,880.70,448,150,0
1767409200,880.61,880.95,878.32,878.91,366,166,0
1767412800,878.92,878.92,874.35,877.14,550,166,0
1767416400,877.13,878.45,876.18,878.36,381,166,0
1767420000,878.28,879.17,876.87,878.40,415,166,0
1767423600,878.41,878.49,873.56,875.80,422,167,0
1767427200,875.78,876.23,872.22,873.39,522,167,0
1767430800,873.30,874.35,867.90,872.17,819,167,0
1767434400,872.17,874.76,870.75,873.41,630,167,0
1767438000,873.41,874.79,872.90,873.92,402,167,0
1767441600,874.05,874.07,872.11,872.72,337,166,0
1767445200,872.72,873.46,871.72,873.42,235,166,0
1767448800,873.42,875.08,872.74,874.43,281,166,0
1767452400,874.39,876.71,874.19,876.24,236,166,0
1767456000,876.24,876.24,872.63,873.40,410,167,0
1767459600,873.40,874.19,871.16,872.61,274,166,0
1767463200,872.74,875.59,872.65,875.00,359,166,0
1767466800,875.00,876.47,874.48,875.94,214,166,0
1767470400,875.94,876.37,874.59,876.13,250,166,0
1767474000,876.13,876.34,875.46,875.57,169,166,0
1767477600,875.65,876.53,874.68,876.49,207,166,0
1767481200,876.49,878.62,876.07,878.45,268,150,0
1767484800,878.39,879.16,877.19,877.67,241,150,0
1767488400,877.68,878.80,877.37,877.76,319,166,0
1767492000,877.81,882.47,877.61,880.19,759,167,0
1767495600,880.22,882.88,879.77,881.18,236,167,0
1767499200,881.67,881.70,879.38,879.81,342,167,0
1767502800,879.83,882.74,879.83,882.27,448,167,0
1767506400,882.30,890.01,882.02,887.98,540,167,0
1767510000,887.98,888.12,884.84,887.38,467,166,0
1767513600,887.44,888.83,883.18,883.82,650,167,0
1767517200,883.98,884.83,882.28,883.84,395,167,0
1767520800,883.84,885.75,881.74,885.17,484,167,0
1767524400,885.21,885.88,883.62,885.37,431,167,0
1767528000,885.37,886.55,884.86,886.37,369,166,0
1767531600,886.36,886.36,883.67,884.08,375,167,0
1767535200,884.05,887.03,883.06,886.26,378,166,0
1767538800,886.26,889.17,885.59,887.84,458,167,0
1767542400,887.88,887.88,884.05,886.17,483,167,0
1767546000,886.13,888.60,884.27,888.47,512,166,0
1767549600,888.47,896.76,888.47,896.46,687,167,0
1767553200,896.11,902.02,895.60,900.08,654,166,0
1767556800,900.08,900.08,893.94,894.24,597,167,0
1767560400,894.09,894.51,889.88,891.70,685,167,0
1767564000,891.72,896.82,891.72,895.37,453,167,0
1767567600,895.24,896.56,894.20,896.25,387,150,0
1767571200,896.67,896.75,891.64,892.81,376,150,0
1767574800,893.02,895.64,892.06,894.68,691,167,0
1767578400,894.60,900.34,893.91,899.39,1005,167,0
1767582000,899.44,905.91,898.38,902.38,1080,167,0
1767585600,902.43,903.39,898.20,900.46,706,167,0
1767589200,900.52,901.27,898.27,899.19,492,167,0
1767592800,899.18,899.85,889.91,894.59,700,167,0
1767596400,894.58,894.58,891.88,891.93,518,150,0
1767600000,891.67,899.34,891.50,899.06,513,167,0
1767603600,899.06,899.66,897.24,898.37,355,166,0
1767607200,898.39,899.99,896.39,897.62,500,167,0
1767610800,897.63,899.13,894.78,896.92,580,167,0
1767614400,896.94,904.77,896.94,902.79,577,167,0
1767618000,903.00,908.17,901.70,908.07,611,167,0
1767621600,908.08,908.08,903.05,905.39,658,167,0
1767625200,905.42,906.27,900.38,902.93,803,167,0
1767628800,902.92,906.08,899.67,903.69,1366,167,0
1767632400,903.76,906.53,900.28,905.69,1130,167,0
1767636000,905.64,906.61,902.66,904.15,1040,167,0
1767639600,904.15,906.45,900.49,905.98,947,167,0
1767643200,905.92,907.85,902.84,907.63,778,167,0
1767646800,907.64,913.17,906.14,910.30,768,167,0
1767650400,910.30,915.72,909.96,911.40,935,167,0
1767654000,911.42,912.54,908.13,911.40,488,150,0
1767657600,911.77,913.82,910.84,912.24,330,150,0
1767661200,912.26,912.39,909.47,909.47,399,167,0
1767664800,909.38,910.77,904.00,908.08,748,167,0
1767668400,908.05,910.51,905.38,906.20,668,167,0
1767672000,906.09,907.41,904.17,904.28,550,167,0
1767675600,904.28,908.09,904.28,907.32,484,166,0
1767679200,907.16,909.28,905.82,906.93,404,167,0
1767682800,906.94,907.26,903.06,904.82,498,167,0
1767686400,904.86,909.17,904.09,907.01,530,167,0
1767690000,907.05,907.05,902.14,903.88,582,167,0
1767693600,903.73,907.48,903.69,906.75,564,167,0
1767697200,906.79,913.25,906.79,911.93,655,167,0
1767700800,911.83,914.09,910.20,910.85,411,167,0
1767704400,910.85,913.58,910.20,912.30,458,166,0
1767708000,912.32,912.86,910.72,912.10,393,166,0
1767711600,911.89,913.92,911.47,913.32,467,167,0
1767715200,913.41,921.83,913.34,919.70,1438,167,0
1767718800,919.56,922.55,915.02,918.27,1363,167,0
1767722400,918.34,919.83,904.28,907.21,1549,167,0
1767726000,907.01,908.46,891.62,893.10,1350,167,0
1767729600,892.87,902.16,890.91,900.10,1077,166,0
1767733200,900.18,901.93,899.51,900.37,531,167,0
1767736800,900.34,906.28,900.21,904.75,577,167,0
1767740400,904.71,914.30,903.62,911.70,942,150,0
1767744000,913.44,914.46,910.72,912.54,575,150,0
1767747600,912.59,918.95,912.59,916.81,604,166,0
1767751200,916.85,918.36,907.81,908.03,716,167,0
1767754800,908.10,910.58,904.45,906.03,934,167,0
1767758400,905.92,911.44,903.76,910.71,749,167,0
1767762000,910.82,912.17,908.84,909.02,506,167,0
1767765600,909.11,910.39,908.24,909.78,489,167,0
1767769200,909.71,914.24,909.32,911.82,544,166,0
1767772800,911.82,916.17,911.57,913.31,467,167,0
1767776400,913.43,918.16,913.43,917.99,542,166,0
1767780000,918.03,919.44,914.70,916.70,711,167,0
1767783600,916.70,917.29,908.37,909.35,992,167,0
1767787200,909.48,911.02,907.38,909.95,896,166,0
1767790800,910.00,911.92,909.19,909.68,554,167,0
1767794400,909.61,910.12,904.29,904.32,526,166,0
1767798000,904.45,906.78,901.75,903.48,645,167,0
1767801600,903.46,904.47,897.32,902.89,1408,167,0
1767805200,902.90,903.06,894.27,898.61,1283,167,0
1767808800,898.60,900.85,896.68,897.77,755,167,0
1767812400,897.83,901.12,895.74,896.90,684,167,0
1767816000,896.84,898.92,894.50,895.92,650,167,0
1767819600,896.06,897.52,891.90,896.29,639,167,0
1767823200,896.35,897.24,893.17,895.21,564,167,0
1767826800,895.09,897.68,894.87,897.09,373,150,0
1767830400,895.70,899.53,895.54,897.16,369,150,0
1767834000,897.16,900.22,894.50,899.18,600,167,0
1767837600,899.48,901.45,896.19,901.28,507,167,0
1767841200,901.31,904.07,900.12,900.50,410,167,0
1767844800,900.60,901.37,892.86,894.81,745,167,0
1767848400,894.81,897.60,891.79,892.79,611,167,0
1767852000,892.79,895.74,890.63,893.73,569,167,0
1767855600,893.73,896.41,893.41,893.62,451,167,0
1767859200,893.71,894.17,879.59,879.59,1024,167,0
1767862800,879.42,884.94,874.26,884.19,986,167,0
1767866400,884.15,886.88,882.01,882.66,645,167,0
1767870000,882.99,884.67,880.42,881.54,639,167,0
1767873600,881.62,886.76,878.46,886.08,786,167,0
1767877200,885.98,887.06,883.06,885.94,717,167,0
1767880800,885.94,885.99,881.39,883.32,750,167,0
1767884400,883.28,885.43,882.63,884.25,602,167,0
1767888000,884.20,884.55,876.88,883.05,1314,167,0
1767891600,883.04,888.40,881.18,888.14,1233,167,0
1767895200,888.09,889.45,884.86,889.31,905,167,0
1767898800,889.38,890.69,887.06,890.68,739,167,0
1767902400,890.62,890.74,886.63,887.79,509,167,0
1767906000,887.84,889.68,886.41,887.48,503,167,0
1767909600,887.44,890.38,884.49,889.88,611,167,0
1767913200,889.80,891.49,888.81,891.48,387,150,0
1767916800,892.81,893.31,889.50,891.32,390,150,0
1767920400,891.45,893.80,891.11,891.43,356,166,0
1767924000,891.53,893.42,891.08,893.39,324,166,0
1767927600,893.40,895.34,887.08,889.60,588,166,0
1767931200,889.69,893.12,889.32,891.08,464,167,0
1767934800,891.16,895.68,890.59,894.98,437,167,0
1767938400,894.97,895.82,893.82,895.01,365,167,0
1767942000,894.92,897.42,894.91,897.42,332,166,0
1767945600,897.43,898.17,894.76,895.80,377,166,0
1767949200,895.80,895.80,892.83,892.84,387,166,0
1767952800,892.84,893.67,885.38,889.02,767,167,0
1767956400,889.13,890.89,887.22,887.58,548,167,0
1767960000,887.51,889.67,886.95,889.41,318,167,0
1767963600,889.41,891.02,888.63,888.81,304,166,0
1767967200,888.80,889.56,887.18,888.50,340,166,0
1767970800,888.56,892.86,887.12,889.69,662,167,0
1767974400,889.69,889.71,885.21,886.75,1071,167,0
1767978000,886.69,899.38,884.52,893.94,1534,167,0
1767981600,894.04,900.20,893.88,898.23,974,167,0
1767985200,898.28,898.96,894.64,898.07,650,167,0
1767988800,898.06,898.78,890.78,894.71,744,167,0
1767992400,894.71,894.71,890.12,892.51,643,166,0
1767996000,892.39,895.17,891.87,892.35,538,167,0
1767999600,892.50,895.59,891.09,895.59,374,150,0
1768010400,896.12,898.66,895.98,897.06,321,150,0
1768014000,896.86,899.25,896.86,898.58,305,166,0
1768017600,898.58,900.45,898.19,899.23,364,166,0
1768021200,899.25,907.17,898.10,906.48,626,167,0
1768024800,906.55,907.81,902.23,905.47,547,167,0
1768028400,905.35,909.39,904.39,906.54,467,167,0
1768032000,906.60,908.70,905.03,905.40,391,167,0
1768035600,905.42,907.82,904.40,904.55,338,167,0
1768039200,904.55,905.53,901.89,902.97,383,150,0
1768042800,902.73,903.09,898.22,900.13,537,167,0
1768046400,900.09,902.26,899.41,901.85,349,167,0
1768050000,901.85,901.85,899.64,899.64,265,166,0
1768053600,899.64,899.93,898.57,898.82,329,166,0
1768057200,898.81,902.34,898.32,901.93,345,167,0
1768060800,901.93,905.10,900.69,904.19,432,166,0
1768064400,904.18,909.99,903.58,907.96,542,167,0
1768068000,907.96,908.83,906.07,908.56,485,167,0
1768071600,908.57,909.72,906.73,907.22,392,166,0
1768075200,907.28,912.50,907.28,911.31,389,167,0
1768078800,911.63,914.68,910.63,913.11,410,166,0
1768082400,913.18,915.08,908.58,908.58,360,166,0
1768086000,908.82,909.01,902.63,903.74,415,150,0
1768089600,903.41,903.90,901.41,902.64,377,150,0
1768093200,902.68,907.26,902.61,907.05,344,166,0
1768096800,907.10,908.47,904.44,905.41,314,166,0
1768100400,905.38,905.38,903.48,904.26,124,167,0
1768104000,907.18,910.14,907.05,909.61,388,166,0
1768107600,909.51,913.12,908.14,912.37,408,167,0
1768111200,912.46,914.17,910.67,912.27,436,166,0
1768114800,912.27,913.69,909.93,912.56,368,167,0
1768118400,912.49,913.57,909.98,913.00,344,166,0
1768122000,913.00,915.47,911.54,912.73,368,166,0
1768125600,912.73,916.40,911.97,915.99,315,166,0
1768129200,915.99,916.23,911.33,912.49,324,166,0
1768132800,912.51,912.67,910.95,911.93,251,166,0
1768136400,911.93,912.63,910.80,911.20,230,166,0
1768140000,911.23,913.58,911.23,912.59,289,167,0
1768143600,912.59,913.17,911.33,913.04,304,166,0
1768147200,913.04,914.55,909.75,910.43,390,166,0
1768150800,910.43,910.86,905.46,907.81,706,167,0
1768154400,907.80,910.28,906.77,906.92,586,167,0
1768158000,907.05,908.09,905.36,906.50,355,167,0
1768161600,906.50,906.50,904.39,905.39,309,167,0
1768165200,905.39,905.96,902.72,903.77,303,166,0
1768168800,903.61,903.74,899.76,901.46,469,166,0
1768172400,901.39,904.47,899.21,904.06,398,150,0
1768176000,902.37,903.49,900.44,901.85,442,150,0
1768179600,901.85,903.81,897.93,903.48,663,167,0
1768183200,903.68,905.18,896.03,901.02,921,167,0
1768186800,901.25,904.54,899.60,902.45,845,167,0
1768190400,902.60,908.95,901.07,908.13,667,167,0
1768194000,908.15,909.98,904.25,904.45,630,167,0
1768197600,904.48,909.33,904.26,908.66,392,167,0
1768201200,908.64,909.11,906.70,907.12,372,166,0
1768204800,907.12,908.27,905.75,906.51,351,166,0
1768208400,906.58,907.67,903.15,903.99,507,167,0
1768212000,903.98,907.47,898.64,902.41,843,167,0
1768215600,902.34,902.85,899.54,899.93,567,167,0
1768219200,900.01,901.17,897.85,898.23,523,167,0
1768222800,898.23,901.16,897.44,900.45,426,167,0
1768226400,900.45,902.88,899.41,901.10,421,167,0
1768230000,901.11,901.17,897.53,899.30,401,166,0
1768233600,899.30,901.23,893.15,899.03,1081,167,0
1768237200,899.01,904.39,898.14,903.45,949,167,0
1768240800,903.48,907.28,903.43,904.84,790,167,0
1768244400,904.84,906.19,899.18,903.68,711,166,0
1768248000,903.57,907.15,903.48,906.95,455,167,0
1768251600,906.80,908.28,904.61,906.92,357,166,0
1768255200,906.96,907.47,904.27,904.39,394,166,0
1768258800,904.38,905.45,900.39,901.84,401,150,0
1768262400,903.43,906.16,903.11,904.98,342,150,0
1768266000,904.92,906.56,903.22,904.96,338,167,0
1768269600,905.15,907.03,903.48,905.49,366,167,0
1768273200,905.49,906.54,901.69,902.52,398,167,0
1768276800,902.63,904.65,901.43,903.98,396,167,0
1768280400,903.98,906.01,902.60,905.53,375,167,0
1768284000,905.66,908.59,905.57,908.59,349,167,0
1768287600,908.58,911.15,907.95,908.30,481,166,0
1768291200,908.30,911.41,907.18,910.92,392,166,0
1768294800,910.81,914.05,909.22,909.22,641,167,0
1768298400,909.23,911.25,907.52,909.65,734,167,0
1768302000,909.46,911.37,907.46,908.31,794,167,0
1768305600,908.31,909.84,907.15,908.08,803,167,0
1768309200,908.08,908.67,906.75,906.86,376,167,0
1768312800,906.89,909.04,905.34,908.54,350,166,0
1768316400,908.48,912.37,907.40,908.91,671,166,0
1768320000,908.91,913.15,907.45,909.68,847,167,0
1768323600,909.65,915.77,907.77,915.64,838,167,0
1768327200,915.91,922.61,915.78,919.13,1013,167,0
1768330800,919.17,921.31,916.17,919.78,808,167,0
1768334400,919.74,938.66,919.35,938.66,1238,167,0
1768338000,938.67,944.72,937.90,940.67,888,167,0
1768341600,940.74,945.04,939.23,942.47,884,167,0
1768345200,942.53,943.14,940.03,941.05,520,150,0
1768348800,939.97,951.91,939.68,945.35,1377,150,0
1768352400,945.48,947.87,940.48,942.90,919,167,0
1768356000,942.99,948.02,942.81,946.96,756,167,0
1768359600,946.88,950.87,945.60,946.69,657,167,0
1768363200,946.70,953.47,946.47,947.41,602,167,0
1768366800,947.41,949.74,945.10,949.31,462,166,0
1768370400,949.27,951.37,942.22,943.49,621,167,0
1768374000,943.30,943.30,939.27,939.69,487,167,0
1768377600,939.55,939.58,935.19,937.87,638,167,0
1768381200,937.87,939.37,934.58,936.62,463,166,0
1768384800,936.61,937.78,934.17,935.34,420,167,0
1768388400,935.24,938.09,935.24,936.88,373,166,0
1768392000,936.89,937.93,933.71,935.18,492,166,0
1768395600,935.10,935.32,927.68,927.95,595,167,0
1768399200,927.90,934.54,927.71,933.50,465,166,0
1768402800,933.50,934.23,930.93,931.54,497,167,0
1768406400,931.50,942.99,931.48,940.95,1205,167,0
1768410000,940.85,945.41,937.90,941.20,1400,167,0
1768413600,941.34,946.71,941.33,943.15,1117,167,0
1768417200,943.00,945.34,939.27,941.55,951,167,0
1768420800,941.40,944.07,937.41,942.36,968,167,0
1768424400,942.28,946.73,941.54,942.90,769,167,0
1768428000,942.96,947.08,942.44,943.72,808,167,0
1768431600,943.73,945.85,942.40,944.94,462,150,0
1768435200,944.55,947.77,943.67,944.39,521,150,0
1768438800,944.39,949.02,944.39,947.61,452,167,0
1768442400,947.65,948.02,939.06,940.04,546,167,0
1768446000,940.31,941.60,933.79,936.05,661,167,0
1768449600,936.04,937.99,931.36,933.20,739,167,0
1768453200,933.25,934.44,928.22,931.07,837,167,0
1768456800,930.98,936.05,930.59,935.17,578,167,0
1768460400,935.01,937.30,934.76,935.57,487,167,0
1768464000,935.45,936.53,932.85,932.87,519,167,0
1768467600,932.85,939.22,932.85,938.31,447,166,0
1768471200,938.31,941.98,937.30,941.87,499,167,0
1768474800,941.85,942.13,938.79,940.25,564,167,0
1768478400,940.43,940.60,938.31,938.32,385,167,0
1768482000,938.33,939.86,936.84,937.23,368,166,0
1768485600,937.20,940.45,936.42,939.86,440,166,0
1768489200,940.00,944.04,939.18,942.41,555,167,0
1768492800,942.40,944.84,932.67,937.75,1190,167,0
1768496400,937.83,939.17,929.41,936.87,1410,167,0
1768500000,936.76,939.84,933.88,939.33,1125,167,0
1768503600,939.30,941.78,936.46,937.29,699,167,0
1768507200,937.37,937.60,930.38,930.91,733,167,0
1768510800,930.73,930.73,924.19,927.23,888,167,0
1768514400,927.12,928.17,923.23,924.57,630,167,0
1768518000,924.67,929.77,924.28,928.99,348,150,0
1768521600,929.78,932.72,928.49,931.15,336,150,0
1768525200,931.10,931.86,928.87,930.38,347,166,0
1768528800,930.38,933.08,929.02,932.31,332,166,0
1768532400,932.35,932.59,928.39,931.80,367,167,0
1768536000,931.80,932.34,928.40,931.08,439,167,0
1768539600,931.18,931.92,928.69,928.77,302,167,0
1768543200,928.70,930.44,926.35,927.76,381,166,0
1768546800,927.68,933.21,926.94,932.74,427,167,0
1768550400,932.53,935.12,931.63,935.12,333,166,0
1768554000,935.12,935.30,931.78,933.21,315,167,0
1768557600,933.30,937.65,933.26,936.35,353,167,0
1768561200,936.34,936.90,933.99,934.60,340,166,0
1768564800,934.59,935.05,932.38,932.92,327,166,0
1768568400,932.96,934.77,931.20,934.55,477,167,0
1768572000,934.45,936.63,933.43,933.93,387,167,0
1768575600,933.93,934.28,930.70,933.83,474,167,0
1768579200,933.87,935.06,929.61,929.96,953,167,0
1768582800,930.00,932.95,922.90,926.13,1438,167,0
1768586400,926.19,930.17,925.71,929.18,818,167,0
1768590000,929.18,930.86,926.45,930.51,523,166,0
1768593600,930.64,931.53,929.79,930.56,441,167,0
1768597200,930.56,931.27,928.58,930.53,421,166,0
1768600800,930.64,933.66,927.89,933.63,406,167,0
1768604400,933.65,935.07,932.29,934.50,337,150,0
1768615200,937.42,937.82,935.09,935.24,359,150,0
1768618800,935.24,938.15,934.86,937.65,287,167,0
1768622400,937.73,937.73,934.76,936.80,261,167,0
1768626000,936.80,936.95,935.17,936.81,241,166,0
1768629600,936.72,937.56,935.33,937.17,236,166,0
1768633200,937.21,938.25,935.97,937.57,207,167,0
1768636800,937.53,937.53,935.43,936.44,265,167,0
1768640400,936.38,936.68,934.68,935.08,267,166,0
1768644000,935.08,937.51,934.83,937.39,198,166,0
1768647600,937.39,941.54,936.29,941.28,263,166,0
1768651200,941.32,942.64,940.18,940.68,278,166,0
1768654800,940.58,943.68,939.26,942.10,282,166,0
1768658400,941.93,943.61,941.55,941.58,255,166,0
1768662000,941.58,942.73,940.61,942.73,274,167,0
1768665600,942.35,943.41,940.77,942.81,317,166,0
1768669200,942.82,958.40,941.78,954.55,684,167,0
1768672800,954.54,955.17,948.27,949.69,797,167,0
1768676400,949.69,953.05,949.17,951.77,401,167,0
1768680000,951.77,952.98,950.74,952.28,263,166,0
1768683600,952.23,952.78,950.81,951.64,259,167,0
1768687200,951.60,952.34,949.18,951.22,188,166,0
1768690800,951.21,953.17,950.36,950.95,255,150,0
1768694400,950.22,951.89,944.61,945.85,405,150,0
1768698000,945.56,947.70,945.56,946.24,337,166,0
1768701600,946.29,949.59,944.74,944.76,382,167,0
1768705200,944.76,945.17,942.31,944.05,236,166,0
1768708800,944.36,946.67,943.99,945.55,396,150,0
1768712400,945.55,950.05,945.51,949.58,344,167,0
1768716000,949.47,949.47,946.98,947.80,312,166,0
1768719600,947.74,948.63,946.40,946.69,314,166,0
1768723200,946.69,947.30,945.46,946.22,277,166,0
1768726800,946.22,947.13,943.91,943.91,350,166,0
1768730400,943.91,946.37,942.94,945.35,335,167,0
1768734000,945.33,946.55,944.52,944.86,397,166,0
1768737600,944.86,944.92,943.17,943.87,223,166,0
1768741200,943.87,946.50,943.27,945.97,274,167,0
1768744800,946.01,947.67,944.98,947.29,282,166,0
1768748400,947.29,947.61,944.63,946.15,376,166,0
1768752000,946.15,948.14,944.25,944.50,408,167,0
1768755600,944.50,949.92,943.62,949.30,443,166,0
1768759200,949.31,950.25,948.01,949.64,411,166,0
1768762800,949.68,951.17,948.19,950.85,344,166,0
1768766400,950.67,952.48,949.54,950.83,393,167,0
1768770000,950.87,951.56,948.19,948.87,278,166,0
1768773600,948.87,952.41,948.37,951.56,253,166,0
1768777200,951.78,951.78,949.78,950.58,280,150,0
1768780800,950.38,950.85,949.17,950.33,207,150,0
1768784400,949.97,949.97,930.88,931.67,1274,167,0
1768788000,931.48,931.48,900.74,918.13,2635,167,0
1768791600,918.04,921.27,915.67,919.04,1415,167,0
1768795200,918.89,921.34,916.62,920.13,722,167,0
1768798800,920.01,924.79,919.85,924.35,577,167,0
1768802400,924.24,926.75,922.07,925.56,570,167,0
1768806000,925.88,926.93,922.24,924.16,562,167,0
1768809600,924.17,925.37,922.17,924.36,634,167,0
1768813200,924.45,927.04,922.61,926.46,524,167,0
1768816800,926.32,927.99,924.37,926.11,762,167,0
1768820400,925.87,927.57,923.67,927.52,610,167,0
1768824000,927.52,928.97,925.68,925.94,489,167,0
1768827600,926.03,928.14,924.79,927.36,577,167,0
1768831200,927.40,927.62,924.59,927.08,744,167,0
1768834800,927.08,929.17,925.04,928.16,684,167,0
1768838400,928.16,928.63,922.32,923.31,976,167,0
1768842000,923.39,925.46,923.39,924.38,627,167,0
1768845600,924.28,928.01,924.04,927.74,441,167,0
1768849200,927.50,927.65,925.81,926.81,389,167,0
1768852800,926.87,926.87,924.42,926.26,322,167,0
1768856400,926.25,928.20,925.47,925.73,255,166,0
1768860000,925.73,926.77,924.56,925.43,354,167,0
1768863600,925.57,926.43,923.91,924.23,307,150,0
1768867200,924.27,925.61,920.67,920.78,390,150,0
1768870800,920.81,924.64,918.98,922.77,777,167,0
1768874400,922.70,930.17,922.68,928.54,726,167,0
1768878000,928.18,932.29,927.17,931.53,647,167,0
1768881600,931.67,931.67,926.13,927.54,575,167,0
1768885200,927.54,928.42,925.84,926.79,454,166,0
1768888800,926.79,927.79,925.34,925.84,366,166,0
1768892400,925.83,925.83,919.18,921.39,822,167,0
1768896000,921.37,921.43,913.44,914.49,1050,167,0
1768899600,914.56,918.66,913.79,916.96,768,167,0
1768903200,916.93,917.05,908.06,913.48,1089,167,0
1768906800,913.47,913.60,911.82,912.26,770,167,0
1768910400,912.21,914.86,911.81,913.62,575,166,0
1768914000,913.63,914.51,911.35,911.83,470,166,0
1768917600,911.85,915.16,911.59,913.00,516,167,0
1768921200,912.96,913.12,905.02,905.34,903,167,0
1768924800,905.36,910.06,901.68,902.48,1512,167,0
1768928400,902.59,904.59,895.84,904.50,1665,167,0
1768932000,904.64,907.67,895.76,895.87,1125,150,0
1768935600,895.92,899.17,886.50,889.55,1325,167,0
1768939200,889.57,894.13,889.57,891.21,1040,167,0
1768942800,891.35,895.64,890.78,894.87,937,167,0
1768946400,894.87,897.17,893.38,895.02,784,150,0
1768950000,895.21,895.84,892.89,893.93,456,150,0
1768953600,893.98,896.38,884.38,890.29,730,150,0
1768957200,890.31,890.39,883.23,883.37,996,167,0
1768960800,883.20,883.20,866.33,880.18,1703,167,0
1768964400,880.44,882.97,877.63,878.82,889,167,0
1768968000,878.80,881.16,875.84,876.38,931,167,0
1768971600,876.47,881.29,874.68,880.62,818,167,0
1768975200,880.68,881.72,878.46,878.85,598,167,0
1768978800,878.78,885.09,878.17,883.25,724,167,0
1768982400,883.19,883.90,877.00,877.48,560,167,0
1768986000,877.43,878.86,873.64,874.63,556,167,0
1768989600,874.53,874.53,869.18,872.17,743,167,0
1768993200,872.10,874.73,871.42,871.98,571,167,0
1768996800,872.02,875.37,871.56,872.64,485,167,0
1769000400,872.64,874.26,869.19,869.94,640,167,0
1769004000,869.99,870.86,863.72,870.72,990,167,0
1769007600,870.71,875.16,870.47,873.34,805,167,0
1769011200,873.25,883.81,872.64,883.13,1820,167,0
1769014800,883.06,892.86,882.84,891.84,1507,167,0
1769018400,891.84,892.10,867.02,867.17,1710,167,0
1769022000,867.30,873.55,864.93,868.90,2026,167,0
1769025600,869.09,874.67,866.61,872.66,1241,167,0
1769029200,872.72,889.09,870.61,888.94,1635,167,0
1769032800,889.01,889.30,881.47,887.63,1275,167,0
1769036400,887.70,889.88,886.31,888.70,632,150,0
1769040000,889.21,891.63,885.51,886.91,577,150,0
1769043600,886.91,889.37,881.43,882.51,717,167,0
1769047200,882.70,889.74,882.55,888.50,609,167,0
1769050800,888.50,891.79,888.00,891.35,703,167,0
1769054400,891.29,893.39,888.59,888.78,582,167,0
1769058000,888.75,891.84,888.07,890.60,548,167,0
1769061600,890.56,892.17,890.08,891.29,471,167,0
1769065200,891.29,892.22,889.25,890.45,354,166,0
1769068800,890.45,892.22,888.53,889.94,511,167,0
1769072400,890.19,890.28,887.07,888.00,419,166,0
1769076000,888.00,891.56,887.87,891.05,453,167,0
1769079600,891.07,895.63,890.63,894.42,368,167,0
1769083200,894.50,896.75,894.04,895.58,461,167,0
1769086800,895.55,896.21,891.42,892.11,556,167,0
1769090400,892.11,893.20,891.28,891.71,422,166,0
1769094000,891.75,894.20,885.62,887.39,745,167,0
1769097600,887.31,887.99,880.44,882.24,1177,167,0
1769101200,882.21,886.11,877.35,882.18,1460,167,0
1769104800,882.25,886.93,880.99,884.26,1132,167,0
1769108400,884.43,887.55,882.65,887.06,890,167,0
1769112000,886.91,887.69,883.02,883.37,672,167,0
1769115600,883.44,888.12,882.22,887.50,541,166,0
1769119200,887.51,888.77,885.52,886.64,577,167,0
1769122800,886.70,889.17,886.19,887.40,429,150,0
1769126400,887.50,890.69,886.10,886.72,429,150,0
1769130000,886.71,887.29,884.59,887.23,381,167,0
1769133600,887.31,889.56,886.96,888.71,425,167,0
1769137200,888.87,891.17,888.20,891.17,545,167,0
1769140800,891.47,891.54,887.63,888.03,555,167,0
1769144400,887.93,891.48,887.86,890.73,495,167,0
1769148000,890.73,892.59,890.17,891.26,434,166,0
1769151600,891.18,891.27,888.55,890.48,432,167,0
1769155200,890.48,892.06,888.32,889.43,511,167,0
1769158800,889.58,891.54,889.38,890.54,413,167,0
1769162400,890.50,890.93,887.23,887.94,551,167,0
1769166000,887.91,889.51,886.00,886.70,582,167,0
1769169600,886.55,888.67,884.86,887.77,469,167,0
1769173200,887.77,889.22,886.11,886.53,419,167,0
1769176800,886.52,887.43,885.57,886.61,331,166,0
1769180400,886.61,887.82,885.42,887.11,434,167,0
1769184000,887.11,890.17,882.37,886.13,988,167,0
1769187600,886.23,891.52,883.07,891.18,1071,167,0
1769191200,891.27,897.91,891.09,895.13,903,167,0
1769194800,895.05,904.16,893.49,898.42,836,167,0
1769198400,898.42,902.14,897.50,899.10,734,167,0
1769202000,899.16,899.16,889.74,892.88,880,167,0
1769205600,892.92,894.08,887.85,890.02,849,167,0
1769209200,890.03,891.61,888.98,888.99,447,150,0
1769220000,890.76,891.50,888.73,889.02,462,166,0
1769223600,888.99,889.93,888.52,889.53,374,166,0
1769227200,889.51,892.46,889.36,891.85,232,167,0
1769230800,891.81,893.41,890.97,892.06,315,167,0
1769234400,892.06,893.33,891.44,891.92,221,166,0
1769238000,892.01,892.78,891.61,892.05,225,166,0
1769241600,892.06,892.62,891.22,891.42,185,166,0
1769245200,891.42,892.18,890.64,891.24,225,167,0
1769248800,891.16,891.66,890.34,891.49,192,150,0
1769252400,891.49,891.76,890.91,891.35,187,166,0
1769256000,891.35,891.76,890.67,891.18,180,166,0
1769259600,891.18,893.15,891.18,891.75,197,166,0
1769263200,891.44,891.85,890.87,891.32,158,166,0
1769266800,891.32,891.57,889.92,889.92,156,166,0
1769270400,890.12,892.05,889.78,890.69,300,166,0
1769274000,890.69,891.72,887.86,887.86,276,166,0
1769277600,887.87,887.87,885.71,886.88,295,167,0
1769281200,886.88,888.81,886.46,888.51,212,166,0
1769284800,888.51,889.51,886.82,888.08,172,166,0
1769288400,888.08,888.13,887.14,887.29,138,166,0
1769292000,887.29,888.02,886.56,887.00,126,166,0
1769295600,887.00,887.89,886.35,887.89,142,150,0
1769299200,888.51,888.96,887.25,887.95,128,150,0
1769302800,887.95,888.38,886.18,886.30,220,166,0
1769306400,886.22,886.87,884.65,885.12,308,166,0
1769310000,885.11,885.43,884.01,884.31,120,167,0
1769313600,883.77,884.28,882.81,883.04,207,166,0
1769317200,883.12,883.59,879.28,880.41,312,166,0
1769320800,880.25,882.76,880.18,881.45,250,166,0
1769324400,881.45,882.08,879.66,881.30,212,166,0
1769328000,881.30,881.64,878.95,880.97,326,166,0
1769331600,880.97,880.97,878.50,878.57,280,167,0
1769335200,878.60,881.03,876.31,877.53,457,166,0
1769338800,877.54,881.39,877.22,880.35,364,166,0
1769342400,880.37,882.41,879.60,881.33,367,166,0
1769346000,881.32,882.00,878.96,879.69,253,166,0
1769349600,879.63,880.23,878.58,880.19,373,166,0
1769353200,880.19,880.66,877.90,879.68,366,166,0
1769356800,879.68,880.00,876.05,878.00,528,167,0
1769360400,877.95,879.17,875.95,876.72,373,167,0
1769364000,876.72,876.86,867.17,869.80,1417,167,0
1769367600,869.81,870.32,866.54,868.64,762,167,0
1769371200,868.58,869.17,861.16,865.71,1190,167,0
1769374800,865.70,866.68,855.18,858.03,1171,167,0
1769378400,858.03,860.70,855.18,860.01,948,166,0
1769382000,859.86,863.75,859.22,863.19,757,150,0
1769385600,861.57,862.51,858.96,861.16,585,150,0
1769389200,861.15,865.83,858.37,865.19,769,167,0
1769392800,865.19,868.86,864.07,866.65,661,167,0
1769396400,866.71,874.91,866.51,873.29,837,167,0
1769400000,873.29,874.15,869.67,870.86,622,166,0
1769403600,870.96,871.98,866.18,867.38,422,167,0
1769407200,867.81,872.96,867.18,871.32,430,167,0
1769410800,871.39,872.06,870.32,871.10,378,167,0
1769414400,870.97,872.87,869.42,872.11,441,167,0
1769418000,872.06,873.84,870.37,873.80,452,166,0
1769421600,873.81,876.99,872.13,872.51,463,167,0
1769425200,872.55,872.57,868.58,869.32,382,166,0
1769428800,869.32,872.03,869.32,871.39,300,166,0
1769432400,871.41,872.45,870.60,872.29,283,166,0
1769436000,872.29,874.19,870.78,871.77,303,167,0
1769439600,871.88,873.79,871.25,873.61,401,167,0
1769443200,873.62,875.84,868.80,873.50,1057,167,0
1769446800,873.39,877.51,868.83,871.11,1221,167,0
1769450400,871.27,874.23,869.03,872.21,1029,167,0
1769454000,871.79,873.87,867.85,873.12,630,167,0
1769457600,872.91,878.30,872.70,877.23,641,167,0
1769461200,877.43,877.89,873.27,873.58,453,167,0
1769464800,873.58,874.63,870.84,871.94,442,167,0
1769468400,871.97,878.07,871.41,875.86,453,150,0
1769472000,876.86,878.17,875.36,877.18,302,150,0
1769475600,877.12,880.61,875.91,878.58,345,166,0
1769479200,878.59,878.74,875.70,876.81,266,166,0
1769482800,876.84,880.93,875.39,880.49,408,167,0
1769486400,880.55,884.59,880.41,884.27,444,167,0
1769490000,884.10,885.25,883.40,884.08,348,167,0
1769493600,884.06,887.21,883.65,884.50,428,167,0
1769497200,884.50,884.71,881.89,883.82,270,166,0
1769500800,883.82,884.64,881.53,882.55,319,167,0
1769504400,882.60,884.76,882.37,882.73,280,166,0
1769508000,882.70,884.28,882.44,883.75,308,166,0
1769511600,883.71,883.71,880.54,880.54,364,166,0
1769515200,880.52,881.17,876.34,876.59,377,166,0
1769518800,876.62,879.72,876.05,879.61,311,166,0
1769522400,879.60,881.12,879.53,879.95,244,166,0
1769526000,879.95,882.31,878.49,881.48,382,167,0
1769529600,881.48,884.32,879.77,880.97,867,167,0
1769533200,881.00,885.43,880.37,884.90,898,167,0
1769536800,884.90,895.87,884.90,894.10,1062,167,0
1769540400,894.12,896.88,884.08,886.23,1175,167,0
1769544000,886.27,893.82,885.59,891.62,810,167,0
1769547600,891.62,892.81,889.16,891.06,540,167,0
1769551200,891.06,898.05,890.77,897.77,768,167,0
1769554800,898.03,898.45,894.18,894.98,524,150,0
1769558400,896.68,899.14,896.19,898.33,393,150,0
1769562000,898.36,900.39,897.15,897.53,347,166,0
1769565600,897.71,900.16,896.94,899.21,460,167,0
1769569200,899.20,900.10,894.38,895.64,480,166,0
1769572800,895.60,896.10,893.59,896.10,522,166,0
1769576400,896.42,896.86,893.98,896.01,438,167,0
1769580000,896.00,898.35,894.51,898.06,375,167,0
1769583600,898.17,900.12,897.17,900.02,323,166,0
1769587200,900.17,903.89,898.88,902.83,392,167,0
1769590800,902.83,903.35,901.11,902.52,328,166,0
1769594400,902.38,905.11,901.46,901.65,459,167,0
1769598000,901.72,907.84,901.72,907.71,467,167,0
1769601600,907.82,908.61,904.44,904.71,431,167,0
1769605200,904.71,907.17,902.16,906.86,501,167,0
1769608800,906.86,906.92,903.14,904.41,493,166,0
1769612400,904.45,907.47,904.40,905.21,525,167,0
1769616000,905.08,905.22,900.00,901.16,793,167,0
1769619600,901.21,903.17,896.34,902.09,802,167,0
1769623200,902.09,903.01,896.99,899.18,853,167,0
1769626800,899.11,906.23,897.49,903.65,657,167,0
1769630400,903.71,903.80,899.60,901.69,613,167,0
1769634000,901.39,904.43,899.32,903.18,1088,167,0
1769637600,902.97,906.88,901.50,901.75,625,166,0
1769641200,901.96,903.93,899.07,903.57,639,150,0
1769644800,903.95,904.14,901.79,903.48,407,150,0
1769648400,903.48,904.37,900.86,902.08,440,167,0
1769652000,902.09,903.41,899.54,902.74,609,167,0
1769655600,902.74,903.93,897.96,898.70,610,167,0
1769659200,898.92,900.40,892.38,893.83,783,167,0
1769662800,893.88,898.14,893.05,895.72,738,167,0
1769666400,895.71,900.59,894.38,899.66,528,167,0
1769670000,899.66,901.82,897.16,897.68,430,167,0
1769673600,897.68,900.64,897.68,900.53,382,166,0
1769677200,900.58,905.84,900.58,903.97,625,167,0
1769680800,903.93,904.58,901.27,902.95,627,167,0
1769684400,902.92,904.97,901.83,903.03,556,167,0
1769688000,903.06,903.76,894.15,894.17,844,167,0
1769691600,894.04,895.67,892.41,893.44,520,167,0
1769695200,893.45,893.60,889.05,890.34,396,166,0
1769698800,890.34,891.59,889.15,889.35,295,166,0
1769702400,889.39,890.52,876.93,876.93,923,167,0
1769706000,877.05,877.24,856.08,863.32,2356,167,0
1769709600,863.21,865.04,856.00,864.72,1659,167,0
1769713200,864.80,869.53,861.93,862.64,1121,167,0
1769716800,862.93,866.87,855.80,857.42,1320,167,0
1769720400,857.28,862.01,852.14,859.57,1179,167,0
1769724000,859.57,864.79,858.95,863.68,726,167,0
1769727600,863.71,866.43,862.14,864.72,717,150,0
1769731200,866.20,866.52,862.29,866.52,327,150,0
1769734800,866.52,868.65,864.38,867.83,386,166,0
1769738400,867.83,868.94,863.44,864.66,579,166,0
1769742000,864.72,864.72,837.12,847.01,1421,167,0
1769745600,846.82,846.82,834.71,841.67,1684,167,0
1769749200,841.76,845.94,841.63,844.85,973,167,0
1769752800,844.87,853.52,844.76,849.59,751,167,0
1769756400,849.77,850.83,846.57,846.57,667,167,0
1769760000,846.62,846.62,835.45,839.40,951,167,0
1769763600,839.45,847.63,839.45,846.73,901,167,0
1769767200,846.51,847.22,839.43,841.12,921,167,0
1769770800,841.16,842.67,832.30,833.73,1001,167,0
1769774400,833.64,838.17,832.49,838.10,929,167,0
1769778000,838.07,843.96,836.18,841.97,793,167,0
1769781600,841.96,842.53,835.63,837.18,697,167,0
1769785200,837.18,851.13,836.90,844.51,995,167,0
1769788800,844.52,855.04,844.52,849.71,1531,167,0
1769792400,849.92,854.72,844.32,849.28,1712,167,0
1769796000,849.09,853.50,847.17,850.02,1517,167,0
1769799600,850.22,852.17,846.68,847.78,1069,167,0
1769803200,847.71,851.33,831.33,849.52,1763,167,0
1769806800,849.83,855.06,849.65,853.41,1488,167,0
1769810400,853.42,861.26,845.54,858.69,1541,167,0
1769814000,858.69,859.29,852.77,858.26,983,150,0
1769824800,858.06,860.02,855.65,855.85,566,150,0
1769828400,855.85,858.01,853.07,853.64,535,166,0
1769832000,853.65,854.65,851.11,853.67,534,167,0
1769835600,853.67,855.55,851.86,852.39,423,166,0
1769839200,852.26,853.77,850.44,850.90,357,167,0
1769842800,850.96,852.59,849.56,850.35,370,167,0
1769846400,850.48,851.55,848.18,850.40,411,167,0
1769850000,850.41,850.61,845.07,846.92,457,167,0
1769853600,846.92,846.92,832.16,835.36,1179,154,0
1769857200,835.52,840.65,835.08,838.20,798,167,0
1769860800,838.25,839.62,835.95,838.14,520,167,0
1769864400,838.14,838.14,834.96,836.01,528,167,0
1769868000,836.01,836.82,832.22,832.88,717,166,0
1769871600,832.90,833.47,827.97,829.32,892,167,0
1769875200,829.31,831.10,804.42,811.34,2265,167,0
1769878800,811.34,815.87,800.89,802.27,1452,167,0
1769882400,802.48,809.16,789.62,792.41,2122,167,0
1769886000,792.58,794.96,774.24,780.52,2707,167,0
1769889600,780.52,783.06,749.01,771.52,2508,167,0
1769893200,771.56,780.41,766.86,770.31,2206,167,0
1769896800,770.22,774.82,765.32,769.76,1732,167,0
1769900400,769.83,776.81,765.77,775.41,1722,150,0
1769904000,777.47,777.47,771.12,773.54,1034,150,0
1769907600,773.44,785.11,772.49,780.50,1405,167,0
1769911200,780.51,785.71,778.85,784.44,1409,167,0
1769914800,784.53,785.00,778.39,783.96,582,167,0
1769918400,784.17,788.79,783.04,786.15,1057,167,0
1769922000,786.16,786.38,779.10,782.88,1004,167,0
1769925600,782.79,784.16,780.89,781.11,844,167,0
1769929200,781.19,783.16,778.24,779.78,783,167,0
1769932800,779.79,782.30,776.56,776.56,713,167,0
1769936400,776.56,781.69,773.01,777.18,1027,167,0
1769940000,777.16,781.96,774.27,778.18,911,167,0
1769943600,778.18,781.58,776.18,780.80,816,167,0
1769947200,780.81,781.65,768.72,769.02,1230,167,0
1769950800,769.19,774.78,767.48,773.25,1017,167,0
1769954400,773.36,773.36,766.49,768.47,818,167,0
1769958000,768.51,772.76,762.90,764.77,1001,167,0
1769961600,764.71,766.56,745.19,761.76,2181,167,0
1769965200,762.04,762.17,741.99,749.15,2465,167,0
1769968800,749.13,756.17,745.08,752.65,2171,167,0
1769972400,752.65,755.58,748.72,755.29,1575,167,0
1769976000,755.26,765.95,755.26,762.43,1574,167,0
1769979600,762.37,763.60,753.15,756.31,1091,167,0
1769983200,756.22,762.87,750.98,756.82,1385,166,0
1769986800,756.68,757.62,750.41,752.92,1827,150,0
1769990400,757.09,764.57,755.69,760.98,1456,150,0
1769994000,760.45,765.29,739.24,757.70,2473,167,0
1769997600,758.00,769.69,752.97,763.36,2322,167,0
1770001200,763.34,768.18,752.88,764.32,2426,167,0
1770004800,764.30,766.07,756.62,757.70,1998,167,0
1770008400,757.77,758.21,727.72,750.64,2954,167,0
1770012000,750.77,759.37,742.67,750.54,2278,167,0
1770015600,750.52,752.36,734.88,737.25,2322,167,0
1770019200,737.08,753.47,728.30,747.04,2728,167,0
1770022800,747.17,755.92,746.18,751.74,2218,167,0
1770026400,751.86,759.42,751.81,757.56,2003,167,0
1770030000,757.57,766.52,754.50,763.09,1700,167,0
1770033600,763.29,764.65,758.70,759.34,1033,167,0
1770037200,759.45,764.98,759.45,761.53,1059,167,0
1770040800,761.58,768.74,761.58,765.63,1145,167,0
1770044400,765.52,768.34,762.88,766.92,1094,167,0
1770048000,766.74,774.49,761.04,768.58,1856,167,0
1770051600,768.57,780.26,766.63,776.91,2036,167,0
1770055200,777.04,780.62,773.74,774.47,1493,167,0
1770058800,774.39,777.47,772.03,774.18,1185,167,0
1770062400,774.10,776.84,771.40,773.85,1015,167,0
1770066000,773.76,775.26,769.11,769.75,930,167,0
1770069600,769.33,772.76,766.77,768.66,1155,167,0
1770073200,768.85,773.71,768.70,772.98,678,150,0
1770076800,773.91,775.17,772.68,775.11,463,150,0
1770080400,775.25,776.13,772.82,773.11,724,167,0
1770084000,773.25,773.86,769.08,773.73,942,167,0
1770087600,773.85,774.42,769.50,773.08,1058,167,0
1770091200,773.08,773.17,762.88,763.40,997,167,0
1770094800,763.34,772.48,761.90,771.48,1211,167,0
1770098400,771.33,778.17,770.15,776.93,850,166,0
1770102000,776.94,777.70,772.78,773.23,981,167,0
1770105600,773.30,777.97,770.51,777.15,1063,167,0
1770109200,777.06,782.74,776.23,781.25,1148,167,0
1770112800,781.27,781.88,777.06,778.83,1111,167,0
1770116400,779.00,779.88,768.70,771.25,1262,167,0
1770120000,771.26,772.79,766.08,767.01,1066,167,0
1770123600,767.05,769.97,766.46,768.02,1012,167,0
1770127200,768.08,774.84,767.17,773.62,1047,167,0
1770130800,773.63,775.70,772.26,774.41,1020,167,0
1770134400,774.29,775.56,764.59,764.62,1900,167,0
1770138000,764.58,777.37,763.47,775.90,2357,167,0
1770141600,775.94,775.94,762.47,762.85,1827,167,0
1770145200,763.01,763.91,749.98,749.98,1966,167,0
1770148800,750.06,752.29,735.80,735.87,2400,167,0
1770152400,735.75,758.95,735.29,757.05,2456,167,0
1770156000,757.01,773.91,751.44,770.70,2262,167,0
1770159600,770.66,774.15,763.17,763.77,1448,150,0
1770163200,763.08,763.13,754.18,756.21,1360,150,0
1770166800,756.14,758.91,751.50,753.96,1543,167,0
1770170400,753.80,756.55,750.78,753.08,1180,167,0
1770174000,753.13,761.86,753.13,758.73,1299,167,0
1770177600,758.73,760.38,751.12,754.06,1167,167,0
1770181200,754.05,763.48,753.45,760.87,978,167,0
1770184800,760.88,762.25,757.24,757.72,831,167,0
1770188400,757.83,758.33,753.39,755.16,832,167,0
1770192000,755.30,762.92,754.78,761.62,825,167,0
1770195600,761.52,764.50,759.06,763.36,897,167,0
1770199200,763.40,763.49,757.68,761.40,1115,167,0
1770202800,761.38,761.44,754.32,754.84,1028,167,0
1770206400,754.99,756.17,754.03,755.19,750,167,0
1770210000,755.27,755.27,746.56,749.48,1059,167,0
1770213600,749.58,751.55,747.17,751.20,870,167,0
1770217200,751.04,751.58,739.65,739.65,1304,167,0
1770220800,739.48,746.72,733.13,734.97,2269,167,0
1770224400,734.69,739.32,726.67,733.00,2841,167,0
1770228000,733.17,735.76,725.64,728.48,2627,167,0
1770231600,728.52,731.03,714.19,714.87,2610,167,0
1770235200,714.91,721.65,706.26,710.23,2799,167,0
1770238800,710.30,718.50,708.55,717.12,2351,167,0
1770242400,717.08,717.90,710.88,711.88,1631,167,0
1770246000,711.97,713.40,699.17,701.37,1701,150,0
1770249600,699.27,702.52,686.53,690.52,2240,150,0
1770253200,690.36,701.60,689.27,696.44,1845,167,0
1770256800,696.43,699.17,693.65,695.08,1480,167,0
1770260400,695.10,702.16,690.18,697.67,2129,167,0
1770264000,697.70,701.50,691.88,693.80,2327,167,0
1770267600,693.82,698.55,691.52,693.35,2288,167,0
1770271200,693.53,696.50,689.18,691.97,2127,167,0
1770274800,691.96,698.29,685.16,691.66,2048,167,0
1770278400,691.75,693.24,687.63,690.91,1909,167,0
1770282000,690.85,699.41,689.57,690.67,1709,167,0
1770285600,690.75,696.55,690.01,690.75,1516,167,0
1770289200,690.86,699.34,690.79,697.05,1461,167,0
1770292800,697.07,698.69,688.36,690.60,1403,167,0
1770296400,690.60,690.83,673.93,682.66,2321,167,0
1770300000,682.70,687.22,671.90,676.13,2801,167,0
1770303600,676.00,678.56,668.74,673.69,2440,167,0
1770307200,673.78,687.30,673.30,675.27,2917,167,0
1770310800,675.36,677.11,645.84,657.72,3668,167,0
1770314400,658.01,673.07,655.18,669.07,3237,167,0
1770318000,669.32,670.34,651.67,653.92,3179,167,0
1770321600,654.11,657.38,633.03,652.85,3233,167,0
1770325200,653.14,653.65,637.41,640.34,2981,167,0
1770328800,640.43,644.27,610.91,616.33,3401,167,0
1770332400,616.29,630.51,605.45,610.06,3617,150,0
1770336000,613.11,622.90,601.67,616.11,3270,150,0
1770339600,616.20,627.08,603.91,607.46,2937,167,0
1770343200,607.38,619.64,570.18,613.91,3547,167,0
1770346800,613.68,629.17,612.78,628.94,3274,167,0
1770350400,629.14,632.59,618.41,621.69,2962,167,0
1770354000,621.76,624.35,610.74,614.27,2704,167,0
1770357600,614.21,623.79,612.28,619.69,2241,167,0
1770361200,619.51,641.60,618.93,638.54,2435,167,0
1770364800,638.59,641.21,625.20,625.64,2452,167,0
1770368400,625.78,628.24,619.92,622.08,2258,167,0
1770372000,622.23,624.97,616.28,618.78,2288,167,0
1770375600,618.87,630.60,616.34,628.64,2139,167,0
1770379200,628.66,635.12,626.42,632.75,1811,167,0
1770382800,632.73,637.53,631.33,635.34,1497,167,0
1770386400,635.24,636.30,631.65,635.90,1453,167,0
1770390000,636.03,646.87,635.27,642.90,2166,167,0
1770393600,642.92,653.88,637.18,649.39,2588,167,0
1770397200,649.68,653.59,643.52,650.37,2853,167,0
1770400800,650.36,662.15,648.34,658.54,2564,167,0
1770404400,658.63,668.79,656.37,661.03,2571,167,0
1770408000,661.11,661.67,648.28,653.19,2428,167,0
1770411600,653.23,659.20,651.51,658.08,1950,167,0
1770415200,657.99,664.50,655.00,656.33,2048,167,0
1770418800,656.32,663.71,654.23,661.60,1392,150,0
1770429600,656.37,656.46,650.88,652.27,1863,150,0
1770433200,652.13,657.23,649.35,656.94,1219,167,0
1770436800,656.87,657.22,653.66,656.11,1097,167,0
1770440400,656.04,660.98,655.70,658.30,1203,167,0
1770444000,658.26,662.94,653.40,655.94,1541,167,0
1770447600,655.89,658.35,652.14,653.56,1209,167,0
1770451200,653.59,655.32,642.20,642.38,1192,167,0
1770454800,642.49,644.44,631.29,637.94,2551,167,0
1770458400,637.65,640.72,635.34,639.30,1594,167,0
1770462000,639.46,640.36,633.70,635.41,1183,167,0
1770465600,635.36,636.41,630.00,633.51,1117,167,0
1770469200,633.50,635.53,632.71,634.87,988,167,0
1770472800,634.82,646.07,634.25,638.25,1985,167,0
1770476400,638.38,639.73,634.89,637.59,1208,167,0
1770480000,637.78,639.14,633.14,633.68,1109,167,0
1770483600,633.68,643.17,632.98,641.45,1420,167,0
1770487200,641.56,648.68,638.46,642.45,2044,167,0
1770490800,642.75,647.82,639.26,646.66,1194,167,0
1770494400,646.65,654.57,645.46,651.51,1302,167,0
1770498000,651.46,652.59,648.78,649.38,1036,167,0
1770501600,649.33,653.09,648.43,652.33,815,167,0
1770505200,652.52,653.07,648.38,649.33,733,150,0
1770508800,649.41,651.05,647.16,648.02,643,150,0
1770512400,648.18,648.29,643.26,646.05,906,167,0
1770516000,646.36,647.84,644.95,646.45,877,167,0
1770519600,646.43,649.90,646.22,647.43,388,167,0
1770523200,648.72,650.46,644.41,646.03,842,167,0
1770526800,646.02,646.68,641.84,641.94,750,167,0
1770530400,641.95,643.01,639.43,643.01,699,167,0
1770534000,643.02,643.97,641.08,642.12,551,167,0
1770537600,642.13,643.34,639.54,639.75,628,167,0
1770541200,639.77,642.58,638.27,642.39,805,167,0
1770544800,642.37,650.00,640.00,649.25,1441,167,0
1770548400,649.28,649.89,639.93,640.98,1214,167,0
1770552000,640.91,644.28,636.78,638.78,1209,167,0
1770555600,638.88,645.44,638.56,644.84,1345,167,0
1770559200,644.93,645.24,641.66,644.35,1155,167,0
1770562800,644.31,645.70,640.75,644.15,1138,167,0
1770566400,644.20,646.34,642.55,646.12,1037,167,0
1770570000,645.99,647.52,640.27,643.03,1305,167,0
1770573600,643.01,644.54,631.48,634.12,1483,167,0
1770577200,634.01,639.06,633.95,638.30,1093,167,0
1770580800,638.32,649.05,638.13,645.71,1069,167,0
1770584400,645.39,648.64,644.82,647.73,826,167,0
1770588000,647.75,647.93,642.37,642.99,814,166,0
1770591600,642.99,645.66,639.40,640.98,808,150,0
1770595200,642.06,643.89,640.78,643.04,690,150,0
1770598800,643.14,652.17,635.50,639.10,2235,167,0
1770602400,639.00,642.37,635.03,639.14,1620,167,0
1770606000,639.05,642.64,632.98,636.06,1773,167,0
1770609600,636.04,642.94,634.79,639.47,1307,167,0
1770613200,639.69,645.00,639.59,644.19,1210,167,0
1770616800,644.05,644.53,640.76,641.63,806,167,0
1770620400,641.54,641.57,639.50,640.94,627,167,0
1770624000,640.90,640.90,633.10,635.17,944,167,0
1770627600,634.97,636.65,630.34,631.22,916,167,0
1770631200,631.32,632.79,621.62,625.19,1396,167,0
1770634800,625.10,627.62,623.13,624.40,1088,167,0
1770638400,624.38,625.79,615.23,617.64,1551,167,0
1770642000,617.68,622.26,617.68,620.95,1061,167,0
1770645600,621.03,626.91,620.90,626.16,850,167,0
1770649200,626.27,630.42,624.48,624.52,1099,167,0
1770652800,624.46,630.72,621.14,627.41,2232,167,0
1770656400,627.31,631.61,624.18,630.26,1880,167,0
1770660000,630.15,637.58,626.36,634.76,1694,167,0
1770663600,634.43,641.77,631.23,639.47,1585,167,0
1770667200,639.51,642.64,635.49,639.51,1501,167,0
1770670800,639.02,642.13,638.27,641.65,1149,167,0
1770674400,641.51,643.05,637.38,640.15,1119,167,0
1770678000,640.08,640.43,632.62,637.55,943,150,0
1770681600,638.00,639.47,636.42,637.11,647,149,0
1770685200,637.11,639.13,635.04,635.55,768,167,0
1770688800,635.60,637.47,634.84,635.66,799,167,0
1770692400,635.70,641.07,635.54,640.01,906,167,0
1770696000,639.98,640.16,636.45,637.41,668,167,0
1770699600,637.49,638.00,629.23,632.37,1037,167,0
1770703200,632.37,637.17,632.10,636.79,691,167,0
1770706800,636.90,638.67,634.75,636.78,775,167,0
1770710400,636.67,637.23,627.63,628.94,1099,167,0
1770714000,628.96,632.89,628.65,630.92,815,167,0
1770717600,630.95,633.21,628.41,632.73,908,167,0
1770721200,632.68,634.47,627.21,629.11,848,167,0
1770724800,629.16,629.47,625.79,626.31,636,167,0
1770728400,626.31,629.53,624.43,625.67,914,167,0
1770732000,625.62,628.16,624.00,624.03,956,167,0
1770735600,623.98,626.58,622.15,624.11,1136,167,0
1770739200,624.10,626.21,612.98,616.65,2084,167,0
1770742800,616.48,621.75,614.56,618.61,2147,167,0
1770746400,618.56,622.65,615.98,620.39,1606,167,0
1770750000,620.34,624.75,618.30,622.92,1236,167,0
1770753600,623.13,623.41,613.16,615.02,1384,167,0
1770757200,614.94,618.44,613.29,616.46,1131,167,0
1770760800,616.35,618.13,614.68,617.06,799,167,0
1770764400,617.11,618.63,613.66,615.29,689,150,0
1770768000,616.51,619.04,615.55,618.41,533,150,0
1770771600,618.17,619.64,617.07,619.02,635,167,0
1770775200,618.98,622.53,618.66,621.92,629,167,0
1770778800,621.92,622.40,619.41,619.89,615,167,0
1770782400,620.01,623.24,619.18,619.20,681,167,0
1770786000,619.24,619.80,614.51,616.66,863,167,0
1770789600,616.73,617.81,608.66,609.59,1296,167,0
1770793200,609.88,611.97,606.67,607.47,1004,167,0
1770796800,607.50,608.10,596.77,598.46,1664,167,0
1770800400,598.50,602.24,597.93,599.93,1181,167,0
1770804000,599.88,601.32,593.63,595.05,1168,150,0
1770807600,595.12,598.27,591.82,592.75,1066,167,0
1770811200,592.75,593.00,586.31,586.95,1440,167,0
1770814800,586.72,592.59,586.72,592.00,944,167,0
1770818400,591.97,593.56,590.27,590.94,904,167,0
1770822000,590.83,597.76,589.27,597.09,1458,167,0
1770825600,597.22,610.63,595.41,596.66,2778,167,0
1770829200,596.72,599.18,588.27,592.97,2817,167,0
1770832800,592.88,601.85,592.06,593.04,2136,167,0
1770836400,593.02,605.25,591.41,602.50,1818,167,0
1770840000,602.62,609.63,598.84,609.23,1556,167,0
1770843600,609.27,612.52,608.37,609.64,1393,167,0
1770847200,609.60,610.49,605.54,609.04,1216,167,0
1770850800,609.09,617.07,608.29,612.99,1161,150,0
1770854400,611.69,612.49,607.65,608.15,803,150,0
1770858000,608.15,609.43,603.68,607.49,867,167,0
1770861600,607.27,612.02,607.27,610.65,879,167,0
1770865200,610.73,613.29,610.45,610.86,893,167,0
1770868800,610.85,615.25,609.95,612.18,877,167,0
1770872400,612.18,616.39,611.67,615.79,722,167,0
1770876000,615.78,617.42,612.67,612.74,947,167,0
1770879600,612.72,615.02,610.39,614.83,1012,167,0
1770883200,614.82,617.25,614.21,614.96,780,167,0
1770886800,614.92,617.05,613.52,614.42,819,167,0
1770890400,614.43,615.21,610.03,610.71,867,167,0
1770894000,610.78,615.96,609.71,613.62,882,167,0
1770897600,613.66,618.15,612.82,618.15,843,167,0
1770901200,618.24,619.94,615.54,616.85,1053,167,0
1770904800,616.83,617.31,613.34,614.58,809,167,0
1770908400,614.56,617.44,612.62,617.41,1070,167,0
1770912000,617.30,617.45,610.18,611.46,1707,167,0
1770915600,611.51,613.56,606.94,608.38,2143,150,0
1770919200,608.36,609.17,599.78,603.41,2429,167,0
1770922800,603.36,608.19,602.31,602.62,1885,167,0
1770926400,602.66,606.91,601.21,606.12,1579,167,0
1770930000,606.02,611.49,604.17,607.29,1264,167,0
1770933600,607.32,609.00,603.18,604.11,1180,167,0
1770937200,604.12,607.43,603.97,606.61,747,150,0
1770940800,606.81,611.71,605.12,611.41,645,150,0
1770944400,611.58,614.81,610.80,613.47,906,167,0
1770948000,613.31,615.81,608.98,610.16,901,167,0
1770951600,610.18,615.48,610.02,614.66,876,167,0
1770955200,614.66,615.44,608.22,609.35,1106,167,0
1770958800,609.50,611.08,606.67,608.03,878,167,0
1770962400,607.98,608.66,604.89,605.07,800,167,0
1770966000,605.17,605.34,597.75,598.04,808,167,0
1770969600,597.94,598.06,591.65,597.01,1129,167,0
1770973200,596.89,600.29,595.36,597.28,985,167,0
1770976800,597.32,603.53,596.85,601.60,945,167,0
1770980400,601.56,602.43,598.87,601.32,846,167,0
1770984000,601.32,601.98,598.55,600.54,941,167,0
1770987600,600.59,600.84,597.42,600.75,942,167,0
1770991200,600.80,600.80,596.35,598.22,815,167,0
1770994800,598.31,602.02,595.80,597.82,1220,167,0
1770998400,597.76,604.46,594.56,601.72,1839,167,0
1771002000,601.86,614.38,599.87,609.55,2651,167,0
1771005600,609.49,618.36,608.29,615.15,2063,167,0
1771009200,615.12,617.89,612.59,615.15,1462,167,0
1771012800,615.09,617.96,613.33,616.83,1320,167,0
1771016400,616.97,620.46,616.25,617.31,1031,167,0
1771020000,617.30,618.04,614.83,617.51,1006,167,0
1771023600,617.45,621.91,617.26,620.30,797,150,0
1771041600,623.02,623.02,619.52,620.08,548,167,0
1771045200,620.08,620.63,615.90,616.67,582,167,0
1771048800,616.59,616.85,615.19,616.35,512,167,0
1771052400,616.28,617.62,614.88,615.73,485,166,0
1771056000,615.78,618.53,615.14,618.53,421,166,0
1771059600,618.53,621.52,618.08,621.40,585,167,0
1771063200,621.53,626.86,621.22,626.25,930,167,0
1771066800,626.25,628.50,625.37,628.14,687,167,0
1771070400,628.05,628.15,625.49,626.57,472,166,0
1771074000,626.62,632.95,626.45,632.59,1000,167,0
1771077600,632.54,633.25,626.04,626.77,922,167,0
1771081200,626.75,629.79,625.94,629.15,835,167,0
1771084800,629.05,636.41,628.58,635.03,829,167,0
1771088400,635.01,635.91,632.68,633.91,871,167,0
1771092000,633.91,633.91,628.37,632.28,946,167,0
1771095600,632.45,633.65,630.39,631.21,714,167,0
1771099200,631.14,632.06,630.22,630.92,603,167,0
1771102800,630.94,632.48,629.14,632.02,585,167,0
1771106400,632.05,633.09,629.65,631.59,570,167,0
1771110000,631.59,633.78,627.75,630.32,696,150,0
1771113600,630.55,632.85,629.97,631.57,498,150,0
1771117200,631.57,633.64,630.58,631.87,661,167,0
1771120800,631.95,632.58,629.02,631.05,732,167,0
1771124400,630.97,633.14,628.16,629.27,397,167,0
1771128000,631.94,633.09,626.30,629.62,802,167,0
1771131600,629.55,632.97,626.46,632.57,918,167,0
1771135200,632.57,638.31,632.57,634.79,1087,167,0
1771138800,634.92,637.66,634.58,635.62,840,167,0
1771142400,635.56,637.50,633.98,635.62,728,167,0
1771146000,635.58,641.47,634.96,639.03,919,167,0
1771149600,639.05,640.45,627.73,630.77,1144,167,0
1771153200,630.68,632.70,628.83,629.83,798,167,0
1771156800,629.78,630.08,625.41,628.98,842,167,0
1771160400,628.94,630.28,627.97,628.41,574,167,0
1771164000,628.44,629.23,618.51,618.55,1124,167,0
1771167600,618.67,623.45,614.88,616.73,1612,167,0
1771171200,616.72,621.21,616.25,620.20,1138,167,0
1771174800,620.12,621.94,618.78,620.69,852,167,0
1771178400,620.70,620.70,616.98,619.01,796,167,0
1771182000,619.03,619.95,609.34,613.06,1067,167,0
1771185600,613.12,614.43,609.95,610.69,1056,167,0
1771189200,610.52,612.63,607.98,610.95,1027,167,0
1771192800,610.86,613.62,609.03,612.91,669,166,0
1771196400,612.93,616.38,612.67,615.07,571,150,0
1771200000,614.97,616.17,613.59,615.75,560,150,0
1771203600,615.69,615.83,610.84,614.27,883,167,0
1771207200,614.34,616.05,612.96,615.48,772,167,0
1771210800,615.50,617.55,611.86,614.10,772,167,0
1771214400,614.10,615.65,610.86,611.49,803,167,0
1771218000,611.53,612.74,610.56,612.63,641,167,0
1771221600,612.62,617.39,612.62,617.39,556,167,0
1771225200,617.39,617.91,609.85,611.58,666,166,0
1771228800,611.45,613.17,609.57,611.98,563,167,0
1771232400,611.87,614.23,610.69,612.55,678,167,0
1771236000,612.61,614.27,611.78,613.94,587,167,0
1771239600,613.98,619.04,613.96,617.74,694,166,0
1771243200,617.73,618.54,615.96,617.93,645,167,0
1771246800,617.93,619.14,612.74,617.92,873,167,0
1771250400,618.03,628.32,618.02,627.30,1165,166,0
1771254000,627.49,630.29,613.81,615.37,1898,167,0
1771257600,615.27,617.39,611.81,612.91,1577,167,0
1771261200,613.13,615.68,603.82,606.64,1789,167,0
1771264800,606.67,612.39,606.40,612.22,1277,167,0
1771268400,611.99,616.32,611.26,614.80,822,167,0
1771272000,614.77,617.46,613.48,613.76,665,167,0
1771275600,613.94,617.07,613.41,615.91,534,166,0
1771279200,615.92,621.68,615.25,621.52,610,167,0
1771282800,621.61,625.73,620.47,625.68,747,150,0
1771286400,626.97,627.08,624.30,625.38,654,150,0
1771290000,625.38,627.25,624.47,626.36,645,167,0
1771293600,626.38,627.57,625.10,625.80,745,167,0
1771297200,625.82,627.49,623.50,623.74,642,167,0
1771300800,623.64,630.74,620.55,628.24,978,167,0
1771304400,628.30,628.69,625.35,626.17,628,167,0
1771308000,626.18,627.45,624.18,625.42,569,166,0
1771311600,625.42,626.44,619.47,622.19,834,167,0
1771315200,622.28,624.25,622.28,624.05,490,167,0
1771318800,623.95,623.95,621.20,621.91,562,166,0
1771322400,621.93,623.06,618.69,619.12,665,167,0
1771326000,619.12,619.84,617.23,618.66,573,167,0
1771329600,618.74,619.17,614.35,615.71,725,167,0
1771333200,615.75,617.74,615.05,617.51,628,167,0
1771336800,617.55,620.82,617.16,618.59,709,167,0
1771340400,618.69,624.45,617.54,623.05,914,167,0
1771344000,623.04,625.24,608.91,611.10,1733,167,0
1771347600,611.10,614.50,608.48,614.38,1786,167,0
1771351200,614.41,621.51,613.75,617.47,1665,167,0
1771354800,617.41,618.84,611.30,614.10,1373,167,0
1771358400,614.14,623.15,613.48,621.34,1189,167,0
1771362000,621.46,623.46,618.78,619.27,1063,167,0
1771365600,619.27,619.98,615.91,618.14,890,167,0
1771369200,617.77,619.57,615.76,618.03,570,150,0
1771372800,617.90,618.85,616.88,617.18,431,150,0
1771376400,617.07,617.46,615.24,616.93,503,167,0
1771380000,616.97,618.41,615.49,615.66,579,167,0
1771383600,615.66,615.78,612.50,613.92,746,167,0
1771387200,613.82,617.08,613.73,616.26,577,167,0
1771390800,616.19,618.85,615.86,618.03,511,166,0
1771394400,618.05,618.22,615.74,616.55,484,167,0
1771398000,616.49,617.29,615.11,615.25,477,167,0
1771401600,615.30,617.44,615.24,615.72,450,166,0
1771405200,615.72,620.58,613.98,620.07,563,166,0
1771408800,620.16,625.69,619.29,622.52,851,167,0
1771412400,622.67,623.47,621.81,622.05,554,166,0
1771416000,622.04,623.03,617.89,618.28,598,166,0
1771419600,618.28,618.65,612.74,613.39,930,167,0
1771423200,613.36,615.94,612.95,615.02,803,167,0
1771426800,615.05,616.09,607.93,610.17,917,167,0
1771430400,610.14,611.96,607.15,611.42,1469,167,0
1771434000,611.45,622.34,611.23,617.42,1426,167,0
1771437600,617.46,617.72,612.88,615.71,1261,167,0
1771441200,615.76,619.75,615.31,615.62,912,167,0
1771444800,615.64,616.32,608.51,609.91,1173,167,0
1771448400,609.88,611.44,600.49,602.40,1583,167,0
1771452000,602.43,605.68,602.03,602.78,1085,167,0
1771455600,602.89,605.23,601.17,603.52,741,150,0
1771459200,603.70,604.91,601.63,603.96,527,150,0
1771462800,604.14,604.66,602.83,603.97,628,166,0
1771466400,603.98,604.76,602.02,602.02,654,167,0
1771470000,602.02,606.16,602.02,606.12,754,167,0
1771473600,606.16,606.60,603.23,605.38,679,167,0
1771477200,605.38,607.33,603.95,607.04,556,167,0
1771480800,607.09,609.73,606.72,608.17,535,167,0
1771484400,608.13,609.04,605.84,607.69,612,167,0
1771488000,607.53,613.97,607.53,612.65,749,167,0
1771491600,612.73,613.17,609.51,609.95,630,167,0
1771495200,609.93,610.07,604.80,605.85,712,167,0
1771498800,605.86,608.02,604.00,605.68,703,166,0
1771502400,605.68,607.16,604.71,605.40,686,167,0
1771506000,605.27,606.28,603.08,603.35,596,167,0
1771509600,603.41,605.67,602.63,604.83,658,167,0
1771513200,604.88,605.38,595.31,597.78,1199,167,0
1771516800,597.70,603.32,596.92,601.35,1581,167,0
1771520400,601.37,604.07,597.00,599.57,1481,167,0
1771524000,599.52,601.01,595.30,599.17,1255,167,0
1771527600,599.28,604.10,596.46,598.28,1267,167,0
1771531200,598.19,605.97,597.82,605.03,1103,167,0
1771534800,605.08,606.12,601.12,603.74,1036,167,0
1771538400,603.62,606.94,602.19,606.21,764,167,0
1771542000,606.44,608.42,605.89,607.17,506,150,0
1771545600,606.07,607.07,604.26,605.76,510,150,0
1771549200,605.79,607.18,604.98,607.00,486,167,0
1771552800,606.94,609.71,606.29,607.55,682,167,0
1771556400,607.62,607.96,605.76,606.62,556,167,0
1771560000,606.67,607.56,605.34,605.90,506,167,0
1771563600,605.92,607.83,605.41,607.06,506,167,0
1771567200,607.13,608.51,604.47,607.81,555,167,0
1771570800,607.81,613.11,607.37,611.10,638,167,0
1771574400,611.23,611.92,609.41,611.24,517,166,0
1771578000,611.26,611.87,610.13,611.27,455,167,0
1771581600,611.29,612.67,610.09,611.01,460,167,0
1771585200,611.02,613.52,611.02,612.48,578,167,0
1771588800,612.48,614.41,611.08,611.38,503,167,0
1771592400,611.35,611.37,607.35,607.70,589,167,0
1771596000,607.73,609.55,607.42,608.73,536,166,0
1771599600,608.68,608.68,600.43,603.56,1124,167,0
1771603200,603.41,610.14,603.04,608.47,1178,167,0
1771606800,608.58,617.36,608.21,616.00,2110,167,0
1771610400,616.11,619.88,615.74,619.18,1477,167,0
1771614000,619.20,622.88,615.25,622.59,1475,167,0
1771617600,622.60,626.67,621.08,626.40,1373,167,0
1771621200,626.47,627.44,623.90,625.31,898,167,0
1771624800,625.21,628.17,624.73,628.01,697,167,0
1771628400,628.00,628.83,625.92,626.25,452,150,0
1771639200,625.16,627.39,623.17,623.83,503,150,0
1771642800,623.88,627.38,623.84,627.10,389,167,0
1771646400,627.14,627.58,626.25,626.81,363,167,0
1771650000,626.84,626.84,623.83,624.42,456,167,0
1771653600,624.41,626.44,624.11,626.37,358,166,0
1771657200,626.37,627.17,625.97,626.37,281,166,0
1771660800,626.37,626.68,624.44,624.98,351,167,0
1771664400,624.94,627.08,624.40,625.04,310,166,0
1771668000,625.04,627.37,624.90,626.96,321,167,0
1771671600,626.96,629.78,626.82,627.84,439,167,0
1771675200,627.82,629.33,627.80,628.98,331,167,0
1771678800,629.02,630.67,628.78,629.30,411,166,0
1771682400,629.30,629.89,627.93,629.80,430,150,0
1771686000,629.78,632.97,629.38,632.70,385,166,0
1771689600,632.65,633.95,631.29,631.92,684,167,0
1771693200,631.86,632.42,626.69,626.83,556,167,0
1771696800,626.83,627.43,623.20,625.03,615,167,0
1771700400,625.06,627.40,624.47,626.72,421,166,0
1771704000,626.66,628.68,626.24,627.76,395,167,0
1771707600,627.76,627.76,625.78,626.08,380,166,0
1771711200,626.08,626.79,624.15,624.24,357,166,0
1771714800,624.25,625.97,623.72,625.97,293,150,0
1771718400,626.37,626.43,624.48,625.00,349,150,0
1771722000,624.99,625.56,623.89,624.73,430,167,0
1771725600,624.76,625.07,622.03,623.49,461,167,0
1771729200,623.50,624.98,623.50,624.98,204,167,0
1771732800,625.53,626.04,622.49,622.78,420,166,0
1771736400,622.97,623.42,620.04,620.54,532,166,0
1771740000,620.54,621.43,619.77,620.20,361,167,0
1771743600,620.25,620.42,617.89,618.69,324,166,0
1771747200,618.69,621.23,618.62,621.05,311,167,0
1771750800,621.09,622.75,620.48,621.64,322,166,0
1771754400,621.64,622.18,620.33,620.96,344,167,0
1771758000,620.99,623.32,620.70,623.00,313,167,0
1771761600,623.00,623.96,622.56,622.72,273,167,0
1771765200,622.76,623.97,622.56,623.72,327,166,0
1771768800,623.72,623.79,619.66,620.00,530,167,0
1771772400,619.97,621.25,617.21,618.67,733,167,0
1771776000,618.38,619.17,616.19,617.21,753,166,0
1771779600,617.21,617.62,612.64,615.09,634,167,0
1771783200,615.05,615.26,611.50,612.99,496,166,0
1771786800,613.03,613.03,609.19,610.21,555,167,0
1771790400,610.11,611.86,609.88,610.62,352,167,0
1771794000,610.60,611.83,609.67,611.62,302,167,0
1771797600,611.63,611.66,610.18,610.46,329,166,0
1771801200,610.49,613.62,610.49,613.28,317,150,0
1771804800,613.64,615.45,612.88,614.88,313,150,0
1771808400,614.88,615.17,612.74,613.98,513,167,0
1771812000,614.01,615.17,605.37,605.37,716,167,0
1771815600,605.45,605.64,582.51,585.68,2642,167,0
1771819200,585.40,588.63,583.75,586.43,1478,167,0
1771822800,586.45,590.17,585.17,589.21,888,167,0
1771826400,589.36,589.55,585.49,586.49,678,167,0
1771830000,586.51,594.65,586.51,592.93,719,167,0
1771833600,592.92,598.95,592.82,597.91,847,167,0
1771837200,597.97,599.17,595.76,598.47,723,167,0
1771840800,598.38,598.71,596.01,598.54,705,167,0
1771844400,598.66,609.65,598.66,608.37,1027,167,0
1771848000,608.38,609.54,605.70,606.59,748,167,0
1771851600,606.60,608.12,605.18,605.66,573,167,0
1771855200,605.66,611.61,603.99,609.84,781,167,0
1771858800,609.93,611.25,607.61,609.36,987,167,0
1771862400,609.48,610.42,605.38,607.80,1553,167,0
1771866000,607.81,609.51,603.51,603.82,1480,167,0
1771869600,603.78,605.50,600.37,601.50,1345,167,0
1771873200,601.69,602.79,590.75,596.54,1608,167,0
1771876800,596.58,600.26,594.78,596.75,1190,167,0
1771880400,596.89,597.57,591.13,591.34,1028,167,0
1771884000,591.38,594.89,589.41,594.48,1063,167,0
1771887600,594.44,596.66,594.10,595.39,712,150,0
1771891200,596.97,597.89,595.33,596.01,636,150,0
1771894800,596.04,597.53,594.69,595.58,536,167,0
1771898400,595.75,602.00,595.38,601.63,669,167,0
1771902000,601.58,601.58,589.17,597.06,1677,167,0
1771905600,597.00,600.67,596.19,597.50,1062,167,0
1771909200,597.47,597.47,590.51,592.51,1288,167,0
1771912800,592.53,593.06,588.34,591.37,1140,167,0
1771916400,591.29,593.30,587.84,589.93,1052,167,0
1771920000,589.93,590.69,585.92,586.36,899,167,0
1771923600,586.36,589.64,585.34,588.97,914,167,0
1771927200,588.96,592.03,587.76,591.44,853,167,0
1771930800,591.37,591.93,586.08,588.40,803,167,0
1771934400,588.37,588.90,586.58,587.99,677,167,0
1771938000,588.07,588.41,585.02,586.18,647,167,0
1771941600,586.22,587.60,584.93,585.26,707,167,0
1771945200,585.31,585.87,579.12,581.89,1201,167,0
1771948800,581.73,584.90,576.24,581.11,1835,167,0
1771952400,581.20,586.33,579.69,585.26,1798,167,0
1771956000,585.27,588.86,583.04,587.03,1547,167,0
1771959600,587.17,588.89,585.02,585.76,1035,167,0
1771963200,585.70,588.62,584.06,587.30,820,167,0
1771966800,587.36,589.33,585.83,587.88,755,167,0
1771970400,587.94,589.58,587.19,587.63,638,167,0
1771974000,587.65,587.65,582.66,583.84,596,150,0
1771977600,585.48,585.91,583.31,584.78,503,150,0
1771981200,584.78,584.92,581.74,582.78,702,167,0
1771984800,582.89,584.26,580.71,583.56,723,167,0
1771988400,583.52,599.53,583.00,596.73,1777,167,0
1771992000,596.69,601.14,596.62,597.38,1074,167,0
1771995600,597.43,598.17,592.35,593.24,983,167,0
1771999200,593.15,595.57,590.19,594.57,740,167,0
1772002800,594.61,594.94,589.08,591.65,861,166,0
1772006400,591.62,594.64,591.45,592.78,630,166,0
1772010000,592.81,595.83,592.28,595.27,703,167,0
1772013600,595.28,599.85,595.04,599.48,782,167,0
1772017200,599.44,602.54,599.34,602.26,637,167,0
1772020800,602.26,603.09,599.87,601.96,639,167,0
1772024400,602.19,604.50,601.07,604.15,728,167,0
1772028000,604.17,611.52,603.76,610.15,1012,167,0
1772031600,610.50,615.57,610.50,613.35,1072,167,0
1772035200,613.59,618.15,612.38,617.84,1547,167,0
1772038800,617.69,622.33,615.20,620.56,1742,167,0
1772042400,620.61,624.99,620.09,624.62,1493,167,0
1772046000,624.77,628.58,624.26,628.22,1430,167,0
1772049600,628.19,633.42,625.74,631.84,1333,167,0
1772053200,631.80,632.46,627.57,631.37,967,167,0
1772056800,631.43,632.38,629.08,631.03,877,167,0
1772060400,630.86,639.54,628.79,634.19,1316,150,0
1772064000,635.30,636.17,627.21,631.07,918,150,0
1772067600,631.03,634.11,623.70,628.59,1333,167,0
1772071200,628.53,632.99,626.71,629.25,1308,167,0
1772074800,629.11,631.44,626.22,626.70,1050,167,0
1772078400,626.74,627.96,624.57,627.18,1012,167,0
1772082000,627.18,627.77,625.53,627.05,765,167,0
1772085600,627.03,631.59,626.63,629.68,844,167,0
1772089200,629.64,629.92,625.41,627.70,889,167,0
1772092800,627.53,628.81,625.01,625.78,751,167,0
1772096400,625.71,627.57,624.48,624.78,688,167,0
1772100000,624.81,628.24,624.80,625.42,828,167,0
1772103600,625.41,629.38,625.05,628.63,808,167,0
1772107200,628.51,629.39,624.21,625.19,769,167,0
1772110800,625.15,625.95,622.13,622.14,554,167,0
1772114400,622.17,625.82,622.00,625.77,647,167,0
1772118000,625.76,627.33,624.30,625.65,709,167,0
1772121600,625.59,627.60,620.17,624.67,1705,167,0
1772125200,624.55,625.23,617.86,622.36,2119,167,0
1772128800,622.38,623.88,613.38,613.87,1648,167,0
1772132400,613.90,618.27,613.59,615.86,1204,167,0
1772136000,615.83,620.03,613.48,619.22,1053,167,0
1772139600,619.08,624.43,619.02,623.74,954,167,0
1772143200,623.69,625.44,620.46,621.16,679,167,0
1772146800,621.08,623.24,620.06,622.83,538,150,0
1772150400,622.98,625.44,622.40,625.30,401,150,0
1772154000,625.31,626.01,623.51,624.90,549,167,0
1772157600,624.92,625.47,622.45,624.40,784,167,0
1772161200,624.49,625.43,621.68,624.92,882,167,0
1772164800,624.92,629.45,624.75,628.80,743,167,0
1772168400,628.87,629.17,627.02,628.34,727,167,0
1772172000,628.43,632.60,627.97,630.88,942,167,0
1772175600,630.92,632.81,629.10,630.90,588,167,0
1772179200,630.88,630.92,627.46,627.86,628,167,0
1772182800,627.87,627.91,624.11,626.23,672,167,0
1772186400,626.19,628.44,625.58,627.52,745,167,0
1772190000,627.59,629.17,623.26,623.49,857,167,0
1772193600,623.48,623.97,615.52,615.91,1157,167,0
1772197200,616.11,618.15,612.40,614.12,1250,167,0
1772200800,614.02,615.82,612.46,613.86,1093,167,0
1772204400,613.79,615.50,608.85,613.41,1275,167,0
1772208000,613.33,614.66,609.86,610.88,1545,167,0
1772211600,610.78,614.65,609.74,613.57,1287,167,0
1772215200,613.53,613.91,609.17,609.17,1124,167,0
1772218800,609.17,611.58,605.85,611.45,1173,167,0
1772222400,611.49,612.06,609.02,609.34,794,167,0
1772226000,609.28,609.59,606.85,608.97,698,167,0
1772229600,608.86,610.97,608.77,610.26,648,167,0
1772233200,610.37,612.04,609.09,610.38,494,150,0
1772244000,613.28,614.39,611.44,613.66,437,150,0
1772247600,613.68,614.07,611.30,611.68,447,167,0
1772251200,611.55,614.40,611.37,614.25,445,166,0
1772254800,614.26,614.77,612.43,614.11,510,167,0
1772258400,614.14,614.61,609.99,611.70,494,167,0
1772262000,611.72,612.50,609.44,610.39,440,167,0
1772265600,610.35,610.35,590.14,591.97,1994,167,0
1772269200,591.83,600.32,589.98,596.68,1768,167,0
1772272800,596.66,596.66,589.82,590.60,1197,167,0
1772276400,590.58,593.90,588.59,590.86,1115,167,0
1772280000,590.80,594.25,587.82,593.63,953,166,0
1772283600,593.62,597.74,593.32,593.72,803,167,0
1772287200,593.77,597.47,593.30,596.16,677,166,0
1772290800,596.16,602.74,594.33,602.34,1123,167,0
1772294400,602.37,604.92,598.62,599.73,1628,167,0
1772298000,599.82,603.91,597.54,603.17,1055,167,0
1772301600,603.17,604.21,601.33,602.92,809,167,0
1772305200,602.92,605.37,600.13,604.93,677,167,0
1772308800,604.92,612.64,603.60,611.04,1065,167,0
1772312400,610.99,613.77,607.62,612.38,1137,167,0
1772316000,612.34,618.75,611.15,617.32,1225,167,0
1772319600,617.41,617.53,613.20,615.44,1070,150,0
1772323200,616.49,620.66,615.56,617.09,945,150,0
1772326800,617.16,617.44,614.55,616.25,623,167,0
1772330400,616.42,617.37,614.61,617.14,660,167,0
1772334000,617.12,617.96,613.69,616.28,517,167,0
1772337600,624.51,630.78,624.14,628.99,1701,150,0
1772341200,629.02,631.23,627.13,627.71,1020,167,0
1772344800,627.73,630.48,624.92,628.91,817,167,0
1772348400,629.03,630.13,626.82,626.93,611,167,0
1772352000,626.95,627.28,622.18,624.29,765,167,0
1772355600,624.41,625.17,622.53,624.53,653,167,0
1772359200,624.54,625.59,618.38,619.35,820,167,0
1772362800,619.32,622.51,617.90,619.18,841,167,0
1772366400,619.14,622.63,618.16,622.32,669,167,0
1772370000,622.31,623.59,621.64,621.98,517,167,0
1772373600,621.95,622.44,619.69,619.69,667,166,0
1772377200,619.90,627.67,618.90,625.10,1021,167,0
1772380800,625.20,628.64,624.87,627.17,1209,167,0
1772384400,627.01,628.97,625.48,625.64,783,167,0
1772388000,625.77,628.77,619.17,622.15,1102,167,0
1772391600,622.08,622.97,616.78,618.68,1160,167,0
1772395200,618.75,624.56,618.48,622.16,741,167,0
1772398800,622.16,622.49,618.06,618.94,591,167,0
1772402400,618.90,619.74,610.54,611.70,1051,166,0
1772406000,611.69,616.68,611.01,611.19,974,150,0
1772409600,611.64,618.07,610.07,614.49,1197,150,0
1772413200,614.30,620.20,613.67,617.10,1263,167,0
1772416800,617.13,621.54,613.66,619.05,1335,167,0
1772420400,619.09,623.40,617.73,620.84,1286,167,0
1772424000,620.90,623.51,616.57,621.37,959,167,0
1772427600,621.44,624.82,619.83,623.59,925,167,0
1772431200,623.60,624.02,621.33,622.43,710,167,0
1772434800,622.63,624.75,620.47,622.72,718,167,0
1772438400,622.81,622.83,615.77,616.43,942,167,0
1772442000,616.52,616.69,612.24,615.84,1005,167,0
1772445600,615.88,618.45,612.23,617.66,1170,167,0
1772449200,617.74,621.30,617.18,618.08,968,167,0
1772452800,618.01,620.19,616.60,620.19,851,167,0
1772456400,620.06,622.22,617.85,621.31,776,167,0
1772460000,621.40,622.17,619.12,621.23,758,167,0
1772463600,621.18,623.63,618.78,619.47,1257,167,0
1772467200,619.43,634.11,618.00,633.13,1957,167,0
1772470800,632.99,648.85,632.99,645.43,2683,167,0
1772474400,645.47,651.92,644.83,648.30,2175,167,0
1772478000,648.31,649.16,640.01,643.62,1505,167,0
1772481600,643.58,643.76,637.97,638.95,1255,167,0
1772485200,638.88,639.17,635.28,635.65,1080,167,0
1772488800,635.59,636.58,631.61,633.95,1274,167,0
1772492400,633.97,635.42,631.96,634.89,923,150,0
1772496000,635.45,639.84,635.10,639.01,713,149,0
1772499600,638.86,639.64,635.65,636.96,1077,167,0
1772503200,636.95,640.59,635.87,639.84,1060,167,0
1772506800,639.78,641.66,634.87,634.90,1162,167,0
1772510400,634.91,637.04,632.75,634.86,1205,167,0
1772514000,634.88,635.39,633.18,634.80,684,167,0
1772517600,634.87,636.53,633.18,633.50,678,167,0
1772521200,633.45,637.63,628.12,631.33,1022,167,0
1772524800,631.36,633.07,629.54,632.51,942,167,0
1772528400,632.41,635.06,631.99,632.49,820,167,0
1772532000,632.58,633.31,621.74,623.04,1286,167,0
1772535600,623.07,626.10,620.18,621.75,1257,167,0
1772539200,621.53,625.90,620.68,624.83,1021,167,0
1772542800,624.88,626.70,623.85,625.70,891,167,0
1772546400,625.75,631.05,625.21,626.69,1086,167,0
1772550000,626.79,627.02,622.61,623.73,1104,167,0
1772553600,623.70,628.33,620.20,622.82,1848,167,0
1772557200,622.87,629.89,621.75,629.74,2034,167,0
1772560800,629.79,638.09,627.75,633.75,2179,167,0
1772564400,633.78,634.24,628.54,633.01,1762,167,0
1772568000,633.05,637.10,630.89,633.71,1404,167,0
1772571600,633.81,634.51,630.70,632.21,1334,167,0
1772575200,632.25,632.90,629.55,630.83,1157,167,0
1772578800,630.77,630.83,627.61,629.32,730,150,0
1772582400,631.34,633.69,630.80,633.16,636,150,0
1772586000,633.07,636.09,631.96,632.73,739,167,0
1772589600,632.67,633.75,628.78,631.03,903,167,0
1772593200,631.06,635.83,629.81,633.13,1078,167,0
1772596800,633.20,633.76,629.75,633.28,944,167,0
1772600400,633.10,633.57,625.36,628.46,1147,167,0
1772604000,628.46,629.71,626.32,629.16,791,167,0
1772607600,629.11,632.88,628.00,631.74,840,167,0
1772611200,631.68,634.84,630.53,634.11,800,167,0
1772614800,634.09,640.06,633.18,639.21,1008,167,0
1772618400,639.18,651.68,638.09,650.42,1543,167,0
1772622000,650.53,654.00,648.97,650.92,1836,167,0
1772625600,650.91,653.31,649.68,650.40,1196,167,0
1772629200,650.44,651.70,646.77,649.69,978,167,0
1772632800,649.62,650.47,645.12,649.82,1032,167,0
1772636400,649.72,653.28,649.54,652.60,1040,167,0
1772640000,652.54,656.61,648.07,651.07,1999,167,0
1772643600,650.96,660.94,650.59,660.34,2136,167,0
1772647200,660.40,661.76,655.10,658.75,1705,167,0
1772650800,658.69,659.89,654.39,657.50,1401,167,0
1772654400,657.57,660.91,655.39,660.70,992,167,0
1772658000,660.73,665.32,660.20,661.83,1210,167,0
1772661600,661.93,662.29,659.38,659.96,984,167,0
1772665200,659.78,660.23,657.94,659.38,717,150,0
1772668800,661.05,661.63,656.18,656.42,624,150,0
1772672400,656.30,658.38,655.74,657.16,803,167,0
1772676000,657.21,659.21,655.53,657.01,944,167,0
1772679600,657.01,660.16,651.59,652.27,1109,167,0
1772683200,652.24,656.14,651.89,653.19,836,167,0
1772686800,653.25,654.53,651.90,653.47,683,167,0
1772690400,653.48,656.59,653.11,654.56,716,167,0
1772694000,654.56,655.36,651.79,652.43,608,167,0
1772697600,652.44,654.50,649.50,653.57,754,167,0
1772701200,653.60,654.23,647.96,649.57,730,167,0
1772704800,649.60,652.04,648.80,651.86,876,167,0
1772708400,651.87,656.30,651.83,655.07,891,167,0
1772712000,655.16,664.58,654.64,663.11,1086,167,0
1772715600,663.18,663.56,657.97,658.31,892,167,0
1772719200,658.33,659.97,654.41,659.18,1021,167,0
1772722800,659.43,659.43,652.67,656.45,1281,167,0
1772726400,656.63,657.64,651.80,655.78,1824,167,0
1772730000,655.89,656.57,647.66,652.10,1946,167,0
1772733600,652.13,652.84,645.44,651.78,1487,167,0
1772737200,651.87,653.65,645.86,646.62,1260,167,0
1772740800,646.54,649.71,645.41,649.29,1059,167,0
1772744400,649.29,652.53,647.02,647.71,828,167,0
1772748000,647.78,650.71,647.04,650.02,931,166,0
1772751600,649.96,651.55,645.90,646.84,511,150,0
1772755200,646.57,648.90,645.64,647.76,489,150,0
1772758800,647.74,649.10,646.34,647.01,462,167,0
1772762400,647.09,648.90,645.74,646.83,495,167,0
1772766000,646.86,650.78,644.71,650.22,839,167,0
1772769600,650.27,650.73,648.47,649.15,721,167,0
1772773200,649.16,649.69,647.26,648.87,555,167,0
1772776800,648.89,649.17,640.40,643.31,737,167,0
1772780400,643.31,645.59,641.82,644.07,738,167,0
1772784000,643.91,645.58,642.91,644.32,542,167,0
1772787600,644.29,647.10,643.00,646.05,591,167,0
1772791200,645.96,646.06,643.27,643.66,621,167,0
1772794800,643.73,644.50,638.44,640.05,926,167,0
1772798400,639.93,640.86,638.70,639.00,620,167,0
1772802000,638.90,639.27,636.35,636.62,548,167,0
1772805600,636.60,637.44,633.93,636.76,859,167,0
1772809200,636.80,640.12,632.59,632.80,1079,167,0
1772812800,632.73,633.40,623.95,625.72,1976,167,0
1772816400,625.68,631.10,624.18,627.19,1506,167,0
1772820000,627.19,630.47,625.84,628.35,1155,167,0
1772823600,628.35,629.76,625.10,627.43,1023,167,0
1772827200,627.38,631.05,627.29,629.91,722,167,0
1772830800,629.93,632.15,629.40,629.88,577,167,0
1772834400,629.87,630.67,626.77,628.57,638,167,0
1772838000,628.35,629.17,627.08,628.99,351,150,0
1772848800,626.57,629.00,625.66,628.31,388,150,0
1772852400,628.31,628.83,627.23,627.67,333,167,0
1772856000,627.68,627.96,625.54,626.83,341,167,0
1772859600,626.91,629.00,625.95,626.30,437,166,0
1772863200,626.29,626.89,623.94,626.47,455,167,0
1772866800,626.46,627.80,625.97,626.65,386,167,0
1772870400,626.63,626.96,625.43,625.60,388,167,0
1772874000,625.66,627.28,624.60,627.04,444,167,0
1772877600,627.02,628.57,626.74,627.40,363,167,0
1772881200,627.41,629.35,626.59,629.03,355,166,0
1772884800,629.08,629.23,625.89,626.03,303,167,0
1772888400,625.98,628.13,625.68,626.91,323,166,0
1772892000,626.86,627.44,625.54,626.01,251,166,0
1772895600,626.03,626.77,625.51,625.88,351,166,0
1772899200,625.90,626.98,622.97,626.66,574,167,0
1772902800,626.64,626.90,623.19,624.38,481,167,0
1772906400,624.39,624.39,621.85,623.46,446,167,0
1772910000,623.56,624.33,622.64,622.78,295,166,0
1772913600,622.78,623.00,619.78,621.74,482,166,0
1772917200,621.74,621.74,617.68,619.01,594,167,0
1772920800,619.01,621.17,619.01,620.13,355,166,0
1772924400,620.14,621.58,619.49,620.49,347,150,0
1772928000,620.44,620.66,617.00,619.10,396,150,0
1772931600,619.19,619.98,618.91,619.35,256,167,0
1772935200,619.44,621.13,618.08,618.47,361,166,0
1772938800,618.37,619.55,617.74,618.47,215,167,0
1772942400,619.00,619.00,614.59,615.30,561,166,0
1772946000,615.32,616.95,615.13,616.17,419,166,0
1772949600,616.20,616.99,613.52,614.40,458,166,0
1772953200,614.36,618.09,614.36,617.24,427,167,0
1772956800,617.33,618.68,616.75,618.28,325,167,0
1772960400,618.21,621.49,618.09,619.12,433,166,0
1772964000,619.08,619.33,617.17,618.71,340,166,0
1772967600,618.71,620.91,618.05,619.38,553,167,0
1772971200,619.38,623.44,619.38,622.29,519,167,0
1772974800,622.18,622.18,618.17,619.49,626,167,0
1772978400,619.49,620.37,615.41,618.57,678,166,0
1772982000,618.62,619.03,612.23,615.67,895,167,0
1772985600,615.67,617.25,614.75,617.11,602,167,0
1772989200,617.11,617.31,614.71,615.35,580,167,0
1772992800,615.35,615.71,611.01,612.10,561,167,0
1772996400,612.22,614.17,611.79,612.31,536,167,0
1773000000,612.39,613.42,611.27,612.72,516,167,0
1773003600,612.89,618.93,612.49,618.12,607,166,0
1773007200,618.12,619.28,616.09,616.86,508,150,0
1773010800,616.90,617.30,614.51,616.56,464,150,0
1773014400,608.75,615.06,607.10,613.75,1251,150,0
1773018000,613.84,615.27,610.62,611.15,931,167,0
1773021600,611.10,617.88,610.18,614.78,1192,167,0
1773025200,614.69,617.73,613.36,613.80,1133,167,0
1773028800,613.74,618.85,612.74,617.14,1043,167,0
1773032400,617.12,627.21,616.88,622.68,1183,167,0
1773036000,622.71,625.36,621.70,621.93,770,167,0
1773039600,621.98,629.17,621.70,628.59,1013,167,0
1773043200,628.74,629.04,622.19,622.94,852,167,0
1773046800,622.94,622.97,617.60,621.13,1014,167,0
1773050400,621.22,625.79,621.01,624.93,986,167,0
1773054000,624.99,629.57,623.12,626.48,934,167,0
1773057600,626.48,628.01,625.67,626.49,818,167,0
1773061200,626.28,627.43,623.92,626.70,594,167,0
1773064800,626.74,632.02,626.74,630.16,691,167,0
1773068400,630.07,637.77,630.07,635.56,1343,167,0
1773072000,635.44,637.84,632.38,635.01,1358,167,0
1773075600,635.01,639.60,634.40,638.38,961,167,0
1773079200,638.51,640.87,637.25,638.62,1121,167,0
1773082800,638.73,639.67,634.28,635.97,944,167,0
1773086400,635.92,636.65,633.44,633.91,765,167,0
1773090000,633.91,642.10,633.24,637.35,1209,167,0
1773093600,637.42,638.00,635.79,637.58,641,150,0
1773097200,637.33,639.80,637.28,639.28,503,150,0
1773100800,638.08,638.87,635.30,636.06,461,150,0
1773104400,636.05,637.03,633.01,633.81,487,167,0
1773108000,633.78,639.69,633.55,638.23,720,167,0
1773111600,638.18,639.14,635.24,637.91,696,167,0
1773115200,637.86,645.17,636.85,643.28,992,167,0
1773118800,643.26,644.35,638.35,638.94,844,167,0
1773122400,638.97,643.76,638.58,643.21,599,167,0
1773126000,643.23,645.33,642.86,643.30,632,167,0
1773129600,643.33,644.54,641.60,643.28,563,166,0
1773133200,643.26,646.15,642.58,643.61,668,167,0
1773136800,643.64,648.17,643.29,645.15,847,167,0
1773140400,645.22,647.52,643.82,646.81,679,167,0
1773144000,646.70,647.17,644.52,646.72,546,166,0
1773147600,646.72,647.13,644.19,644.71,525,167,0
1773151200,644.73,645.97,643.77,645.76,550,167,0
1773154800,645.94,647.20,640.41,641.54,1232,167,0
1773158400,641.60,650.97,637.47,650.06,1573,167,0
1773162000,650.05,651.40,645.28,648.41,1401,167,0
1773165600,648.41,651.52,646.68,648.92,1056,167,0
1773169200,648.92,649.35,643.76,645.74,964,167,0
1773172800,645.69,645.73,639.78,640.58,1424,167,0
1773176400,640.59,641.79,639.23,640.95,988,167,0
1773180000,640.88,643.45,640.88,643.34,472,150,0
1773183600,643.35,644.47,638.87,640.68,602,150,0
1773187200,640.90,641.63,638.77,641.19,527,167,0
1773190800,641.22,642.19,640.34,641.18,458,167,0
1773194400,641.05,643.08,640.34,642.52,627,167,0
1773198000,642.54,643.54,641.64,643.46,502,167,0
1773201600,643.47,643.55,637.95,640.19,532,167,0
1773205200,640.19,641.77,638.82,639.05,506,167,0
1773208800,639.06,644.04,638.44,643.84,492,167,0
1773212400,643.95,644.09,636.95,637.18,500,167,0
1773216000,637.19,642.89,637.19,642.20,539,167,0
1773219600,642.20,642.41,639.18,639.67,527,167,0
1773223200,639.67,641.90,639.01,641.64,639,167,0
1773226800,641.59,641.67,638.68,639.11,535,167,0
1773230400,639.13,643.43,638.98,642.96,575,167,0
1773234000,642.97,642.97,634.20,637.37,937,167,0
1773237600,637.19,641.82,635.92,640.93,827,167,0
1773241200,640.86,651.31,640.75,645.72,1479,167,0
1773244800,645.90,650.43,643.89,647.58,1495,167,0
1773248400,647.66,648.46,641.23,645.16,1349,167,0
1773252000,645.18,648.87,644.51,647.28,1124,167,0
1773255600,647.38,654.79,647.38,650.93,1203,167,0
1773259200,650.89,653.35,649.90,651.85,860,167,0
1773262800,651.88,652.90,650.26,652.32,603,167,0
1773266400,652.11,652.43,650.80,652.04,435,150,0
1773270000,652.07,653.53,650.90,653.36,447,150,0
1773273600,653.69,655.30,650.75,651.53,562,167,0
1773277200,651.64,652.38,649.58,650.63,582,167,0
1773280800,650.68,651.42,649.76,651.25,659,167,0
1773284400,651.24,651.25,645.87,645.87,639,167,0
1773288000,645.92,646.90,641.70,642.35,647,167,0
1773291600,642.29,644.33,641.42,642.80,553,167,0
1773295200,642.44,643.49,640.86,642.25,465,167,0
1773298800,642.17,644.16,642.14,643.53,451,166,0
1773302400,643.56,644.64,642.70,643.74,420,167,0
1773306000,643.81,646.32,643.24,645.03,464,167,0
1773309600,645.01,648.07,644.94,646.93,533,166,0
1773313200,646.89,650.43,645.18,649.26,513,167,0
1773316800,649.30,651.97,648.67,651.24,635,167,0
1773320400,651.23,653.26,650.26,651.63,548,167,0
1773324000,651.64,656.78,650.52,654.73,586,167,0
1773327600,654.79,655.33,649.78,651.83,1145,167,0
1773331200,651.85,655.17,644.82,646.01,1434,167,0
1773334800,646.01,652.93,645.20,649.20,1290,167,0
1773338400,649.22,651.65,647.27,650.71,1056,167,0
1773342000,650.71,651.69,648.63,649.67,831,167,0
1773345600,649.67,650.65,647.00,647.12,703,167,0
1773349200,647.05,650.71,645.64,650.23,739,167,0
1773352800,650.20,650.72,648.15,648.88,449,150,0
1773356400,648.96,651.52,648.96,651.03,390,150,0
1773360000,650.51,651.21,649.06,650.44,382,166,0
1773363600,650.43,654.09,650.43,650.89,604,166,0
1773367200,650.86,662.94,649.66,657.88,1531,167,0
1773370800,658.06,661.32,657.24,661.07,988,167,0
1773374400,661.14,661.57,658.24,658.60,759,167,0
1773378000,658.63,661.22,656.60,660.74,671,167,0
1773381600,660.80,661.07,658.49,659.84,465,167,0
1773385200,659.84,661.17,658.41,659.85,572,167,0
1773388800,659.91,660.87,658.09,660.00,684,167,0
1773392400,659.96,663.67,659.20,660.46,839,167,0
1773396000,660.49,667.17,659.83,665.07,1069,167,0
1773399600,665.05,667.15,663.44,666.19,774,167,0
1773403200,666.21,667.81,665.16,666.16,947,167,0
1773406800,666.17,667.38,665.10,665.82,641,167,0
1773410400,665.81,672.71,665.74,670.38,902,167,0
1773414000,670.47,677.89,669.85,673.72,1488,167,0
1773417600,673.93,677.53,666.64,666.91,1719,167,0
1773421200,667.26,670.67,660.48,661.38,1575,167,0
1773424800,661.32,662.73,657.39,661.01,1460,167,0
1773428400,660.95,663.55,653.47,655.03,1147,167,0
1773432000,655.04,657.69,653.29,655.99,920,167,0
1773435600,656.00,657.23,655.20,656.35,641,167,0
1773439200,656.43,657.77,655.60,656.60,412,150,0
1773442800,656.62,657.95,655.44,656.02,428,150,0
1773453600,654.82,655.44,651.68,652.25,580,166,0
1773457200,652.11,656.00,652.11,655.60,445,167,0
1773460800,655.52,655.90,654.26,654.66,358,167,0
1773464400,654.77,656.43,654.44,656.06,378,166,0
1773468000,656.04,657.21,654.40,654.55,403,166,0
1773471600,654.67,655.90,653.82,654.78,446,167,0
1773475200,654.74,654.74,650.18,652.49,499,167,0
1773478800,652.41,653.55,651.18,651.36,382,167,0
1773482400,651.35,653.01,651.02,651.22,392,167,0
1773486000,651.20,652.50,649.72,650.39,335,166,0
1773489600,650.25,650.54,649.29,650.19,312,167,0
1773493200,650.17,653.08,650.10,652.69,270,166,0
1773496800,652.68,653.78,651.72,652.57,347,167,0
1773500400,652.53,653.69,652.16,653.24,308,167,0
1773504000,653.20,654.15,651.02,651.52,371,167,0
1773507600,651.51,652.81,651.09,652.58,340,166,0
1773511200,652.53,653.48,651.52,653.28,282,166,0
1773514800,653.28,653.28,651.81,652.23,248,166,0
1773518400,652.18,652.83,651.42,652.50,234,166,0
1773522000,652.50,653.32,651.95,652.87,217,166,0
1773525600,652.87,653.78,652.41,653.25,213,150,0
1773529200,653.28,654.17,652.29,654.04,266,150,0
1773532800,654.03,654.52,653.52,654.18,227,166,0
1773536400,654.31,657.17,654.31,656.83,444,167,0
1773540000,656.88,657.17,654.74,655.08,365,166,0
1773543600,655.09,655.32,653.77,653.90,158,167,0
1773547200,654.87,659.74,654.78,658.59,496,151,0
1773550800,658.68,660.33,657.17,658.06,393,167,0
1773554400,658.11,659.81,657.51,658.52,396,167,0
1773558000,658.52,660.16,657.79,658.70,443,166,0
1773561600,658.68,659.35,656.96,657.72,325,166,0
1773565200,657.73,659.81,657.54,659.15,311,166,0
1773568800,659.22,663.42,658.93,663.42,449,167,0
1773572400,663.64,665.72,662.03,662.77,546,167,0
1773576000,662.80,663.03,661.29,662.03,354,167,0
1773579600,662.03,662.14,659.02,660.82,425,167,0
1773583200,660.64,661.06,658.96,661.06,466,167,0
1773586800,661.06,661.69,656.02,659.14,806,167,0
1773590400,659.17,659.68,657.58,659.50,410,166,0
1773594000,659.57,660.40,658.70,658.86,348,167,0
1773597600,658.86,660.15,657.71,658.12,421,167,0
1773601200,658.13,662.36,658.13,661.13,383,167,0
1773604800,661.25,661.72,657.26,657.54,418,167,0
1773608400,657.59,659.72,657.31,659.66,359,166,0
1773612000,659.66,664.44,658.88,663.14,486,150,0
1773615600,663.17,668.27,662.06,666.57,592,150,0
1773619200,668.88,678.17,664.74,675.64,1160,167,0
1773622800,675.72,678.08,671.01,672.94,1425,167,0
1773626400,672.95,675.83,670.07,671.15,985,167,0
1773630000,671.23,676.10,669.39,675.13,937,167,0
1773633600,675.15,675.96,669.85,672.15,703,167,0
1773637200,672.06,685.09,671.43,679.64,1410,167,0
1773640800,679.76,686.55,679.76,682.61,1253,167,0
1773644400,682.61,685.55,681.31,684.65,996,167,0
1773648000,684.61,684.61,678.58,678.58,790,167,0
1773651600,678.56,680.11,676.68,677.26,697,167,0
1773655200,677.34,680.24,673.01,674.38,916,167,0
1773658800,674.45,676.52,673.82,675.69,713,167,0
1773662400,675.87,678.29,674.40,678.25,770,167,0
1773666000,678.16,678.66,675.52,676.37,603,167,0
1773669600,676.42,680.12,676.37,677.72,886,167,0
1773673200,677.72,682.86,676.96,680.14,1223,167,0
1773676800,680.21,681.34,669.31,673.80,1698,167,0
1773680400,673.82,676.32,670.17,670.85,1302,167,0
1773684000,670.76,675.42,670.40,674.47,1095,167,0
1773687600,674.51,677.84,673.77,677.54,945,167,0
1773691200,677.47,679.66,676.10,676.27,944,167,0
1773694800,676.43,680.54,675.39,677.60,927,167,0
1773698400,677.72,677.79,672.95,676.26,806,150,0
1773702000,676.19,681.72,675.48,678.74,1048,150,0
1773705600,681.79,683.83,680.11,680.58,794,167,0
1773709200,680.30,680.30,675.32,678.87,823,167,0
1773712800,678.79,683.25,676.84,681.79,1320,167,0
1773716400,681.76,685.70,679.87,683.18,1371,167,0
1773720000,683.24,683.80,679.60,681.91,851,167,0
1773723600,681.81,682.27,674.17,675.27,1078,167,0
1773727200,675.30,676.56,671.07,674.06,855,167,0
1773730800,673.96,676.33,672.73,674.26,699,167,0
1773734400,674.25,675.85,672.05,672.54,690,167,0
1773738000,672.54,674.77,672.54,673.45,527,167,0
1773741600,673.49,675.45,672.41,672.85,739,167,0
1773745200,672.87,674.80,671.27,671.94,682,167,0
1773748800,671.86,672.25,667.54,668.52,727,167,0
1773752400,668.57,669.62,666.54,666.83,636,167,0
1773756000,666.80,668.86,664.19,664.73,722,167,0
1773759600,664.70,667.87,662.78,664.36,1037,167,0
1773763200,664.41,669.61,662.58,669.38,1216,167,0
1773766800,669.45,672.50,664.39,667.67,1122,167,0
1773770400,667.60,670.74,666.94,670.02,804,167,0
1773774000,670.03,671.98,669.08,671.93,657,166,0
1773777600,671.96,674.02,671.47,673.03,615,167,0
1773781200,673.03,673.79,670.79,671.26,574,167,0
1773784800,671.20,672.07,669.82,671.33,353,150,0
1773788400,671.36,673.64,671.19,672.74,395,150,0
1773792000,673.68,673.68,668.39,670.55,386,150,0
1773795600,670.55,671.14,667.19,667.79,402,167,0
1773799200,667.93,668.49,664.80,667.52,735,166,0
1773802800,667.57,669.91,667.54,668.86,486,167,0
1773806400,668.89,671.87,668.81,670.85,480,167,0
1773810000,670.93,674.30,670.52,672.67,480,166,0
1773813600,672.67,672.97,669.77,671.13,442,167,0
1773817200,671.13,672.77,669.29,670.43,474,167,0
1773820800,670.46,674.23,670.46,672.01,482,166,0
1773824400,672.01,673.24,670.84,673.15,484,167,0
1773828000,673.15,675.21,673.08,673.57,649,167,0
1773831600,673.56,675.14,673.18,675.14,467,166,0
1773835200,675.14,675.62,670.63,671.86,535,167,0
1773838800,671.63,672.33,660.82,662.07,1196,167,0
1773842400,661.92,661.92,655.60,656.92,1295,167,0
1773846000,657.02,658.38,654.12,656.65,1337,167,0
1773849600,656.85,656.93,647.02,647.22,1493,167,0
1773853200,647.31,649.81,644.51,647.87,1274,167,0
1773856800,647.98,649.16,644.64,647.68,1004,167,0
1773860400,647.73,650.98,646.18,649.31,818,167,0
1773864000,649.31,652.17,646.21,647.02,1231,167,0
1773867600,646.97,649.45,646.16,647.26,737,167,0
1773871200,647.26,650.25,643.60,649.56,700,150,0
1773874800,649.54,652.03,649.21,651.83,506,150,0
1773878400,650.71,651.02,649.63,650.83,407,166,0
1773882000,650.85,652.15,650.08,651.45,443,167,0
1773885600,651.42,652.06,649.86,650.65,547,167,0
1773889200,650.81,651.71,649.69,650.58,479,167,0
1773892800,650.50,651.49,648.22,649.80,495,167,0
1773896400,649.87,655.56,649.60,651.69,685,167,0
1773900000,651.57,651.83,647.46,648.70,561,166,0
1773903600,648.71,649.69,647.52,648.63,510,167,0
1773907200,648.62,650.00,647.29,647.84,616,167,0
1773910800,647.81,647.96,640.22,644.56,1063,167,0
1773914400,644.56,645.41,642.90,643.60,768,167,0
1773918000,643.68,648.06,643.02,647.46,753,167,0
1773921600,647.45,647.88,645.00,645.04,470,167,0
1773925200,644.98,645.60,642.86,643.26,494,167,0
1773928800,643.21,643.21,637.32,637.83,857,167,0
1773932400,637.88,641.23,635.70,640.38,1489,167,0
1773936000,640.43,641.90,634.90,637.36,1130,167,0
1773939600,637.30,639.57,633.53,637.05,1110,167,0
1773943200,637.07,637.09,633.61,635.14,905,167,0
1773946800,635.18,638.23,632.48,637.42,667,167,0
1773950400,637.36,637.44,635.41,637.04,464,167,0
1773954000,636.95,641.64,636.95,639.22,1094,167,0
1773957600,639.21,642.04,638.77,641.31,400,150,0
1773961200,641.25,643.03,640.77,641.43,402,150,0
1773964800,640.29,641.38,638.18,639.62,398,167,0
1773968400,639.65,640.82,637.45,638.33,438,166,0
1773972000,638.33,640.76,637.68,640.21,488,167,0
1773975600,640.23,643.10,640.11,641.19,597,167,0
1773979200,641.29,642.44,638.63,641.93,509,167,0
1773982800,641.97,644.30,641.74,643.59,592,167,0
1773986400,643.59,644.95,640.88,643.48,561,167,0
1773990000,643.40,644.08,641.29,642.39,540,167,0
1773993600,642.37,642.37,640.40,641.51,507,167,0
1773997200,641.44,643.82,638.86,643.26,699,167,0
1774000800,643.27,646.81,642.93,645.73,823,167,0
1774004400,645.71,645.71,640.31,641.13,776,167,0
1774008000,641.13,643.12,639.50,642.38,615,167,0
1774011600,642.31,643.53,639.77,640.78,554,167,0
1774015200,640.86,642.64,639.73,640.50,584,167,0
1774018800,640.70,642.04,636.82,637.16,1147,166,0
1774022400,637.16,641.32,636.07,638.02,1365,167,0
1774026000,638.06,640.47,637.04,639.59,1036,167,0
1774029600,639.59,641.08,638.21,639.58,829,167,0
1774033200,639.59,640.47,636.09,639.41,832,167,0
1774036800,639.57,639.91,635.56,637.16,788,167,0
1774040400,637.43,639.67,635.62,639.44,718,167,0
1774044000,639.39,639.95,636.76,638.98,509,150,0
1774047600,639.03,642.16,638.20,640.92,508,150,0
1774058400,641.24,642.39,640.48,641.24,368,167,0
1774062000,641.24,642.13,639.38,639.78,364,166,0
1774065600,639.77,641.59,639.33,641.59,327,166,0
1774069200,641.58,641.79,640.76,641.48,303,166,0
1774072800,641.49,642.54,640.97,640.97,289,167,0
1774076400,640.97,642.52,640.97,641.40,258,167,0
1774080000,641.39,642.62,641.29,642.41,251,166,0
1774083600,642.33,643.63,642.14,642.28,281,167,0
1774087200,642.28,642.68,641.32,642.34,268,166,0
1774090800,642.39,643.63,642.29,642.38,263,167,0
1774094400,642.37,642.37,641.32,642.00,230,166,0
1774098000,642.00,643.14,642.00,642.97,182,166,0
1774101600,643.01,643.56,642.84,643.07,263,166,0
1774105200,643.07,643.38,642.36,643.22,233,166,0
1774108800,643.22,645.55,641.27,641.39,467,167,0
1774112400,641.45,642.43,640.57,641.99,399,167,0
1774116000,641.99,642.32,640.02,640.53,305,166,0
1774119600,640.48,641.11,639.80,640.51,238,166,0
1774123200,640.51,641.66,640.18,640.73,210,166,0
1774126800,640.72,641.13,640.44,640.79,192,166,0
1774130400,640.79,641.72,640.69,641.72,189,150,0
1774134000,641.72,641.85,640.77,640.85,200,150,0
1774137600,640.50,641.62,640.42,641.44,198,166,0
1774141200,641.43,641.43,626.93,629.82,763,166,0
1774144800,629.71,631.75,621.92,629.55,1580,167,0
1774148400,629.58,631.17,629.27,630.19,439,167,0
1774152000,630.38,634.30,630.36,633.50,648,167,0
1774155600,633.34,636.87,631.98,634.00,581,167,0
1774159200,634.00,635.74,632.27,634.33,510,167,0
1774162800,634.33,634.33,632.43,632.74,377,166,0
1774166400,632.74,633.41,631.58,632.80,359,167,0
1774170000,632.70,633.80,631.08,631.16,496,167,0
1774173600,631.16,631.26,628.06,630.03,665,167,0
1774177200,629.94,630.97,629.09,630.29,470,167,0
1774180800,630.28,630.69,628.45,628.78,458,166,0
1774184400,628.78,629.21,626.85,627.06,592,167,0
1774188000,627.10,630.14,627.10,628.61,500,167,0
1774191600,628.71,630.88,628.18,629.42,522,167,0
1774195200,629.42,630.93,628.04,629.15,459,167,0
1774198800,629.23,630.88,628.43,628.87,414,167,0
1774202400,628.85,630.03,628.60,629.72,384,166,0
1774206000,629.72,631.43,629.08,629.81,526,166,0
1774209600,629.75,630.62,627.11,628.77,513,167,0
1774213200,628.77,628.77,625.75,626.62,520,167,0
1774216800,626.70,629.17,626.70,627.32,457,150,0
1774220400,627.32,627.77,621.34,625.08,864,150,0
1774224000,625.12,629.27,624.31,629.09,801,167,0
1774227600,629.21,630.52,625.37,625.58,595,167,0
1774231200,625.64,627.17,621.28,623.95,1067,167,0
1774234800,623.92,627.26,622.90,625.60,892,167,0
1774238400,625.61,629.46,624.67,627.91,654,167,0
1774242000,628.05,629.88,625.60,625.63,566,167,0
1774245600,625.65,628.89,625.65,628.74,531,167,0
1774249200,628.76,631.14,628.75,631.09,673,167,0
1774252800,631.01,631.02,620.58,622.03,956,167,0
1774256400,622.05,624.79,619.61,623.49,1133,167,0
1774260000,623.52,625.52,622.73,623.56,876,167,0
1774263600,623.72,625.26,620.76,624.95,779,167,0
1774267200,625.00,627.27,624.28,625.79,759,167,0
1774270800,625.95,649.92,625.95,637.56,2346,167,0
1774274400,637.64,644.81,634.99,644.34,1846,167,0
1774278000,644.47,648.71,642.12,646.98,1915,167,0
1774281600,646.99,648.54,643.53,645.38,1736,167,0
1774285200,645.55,646.89,635.90,636.43,1470,167,0
1774288800,636.42,638.15,632.94,634.88,1470,167,0
1774292400,635.01,637.29,631.76,637.15,1078,167,0
1774296000,637.24,638.79,635.30,638.70,831,167,0
1774299600,638.68,639.93,636.40,636.79,537,167,0
1774303200,636.84,638.85,635.74,638.49,388,150,0
1774306800,638.55,640.07,638.38,638.76,339,150,0
1774310400,637.39,638.30,636.30,637.71,464,167,0
1774314000,637.64,638.53,635.41,638.29,546,167,0
1774317600,638.30,639.34,634.04,635.86,781,167,0
1774321200,635.73,636.00,631.60,632.85,809,167,0
1774324800,632.87,634.60,631.17,631.98,749,167,0
1774328400,631.98,632.74,631.53,631.86,509,167,0
1774332000,631.87,633.08,628.11,628.51,598,167,0
1774335600,628.54,628.85,626.39,628.45,643,167,0
1774339200,628.44,630.43,628.13,630.20,552,167,0
1774342800,630.17,637.61,629.94,637.03,856,167,0
1774346400,637.05,637.48,633.62,633.94,742,167,0
1774350000,633.94,638.01,633.18,637.76,527,166,0
1774353600,637.74,637.74,635.83,637.30,509,167,0
1774357200,637.25,638.98,635.03,638.05,652,167,0
1774360800,638.10,638.52,635.80,636.65,575,167,0
1774364400,636.65,637.45,630.36,631.35,1257,167,0
1774368000,631.42,633.43,626.40,629.08,1427,167,0
1774371600,629.38,632.46,628.98,630.17,994,167,0
1774375200,630.15,631.18,627.36,628.45,883,166,0
1774378800,628.49,628.88,626.18,628.02,963,167,0
1774382400,628.15,631.63,627.87,629.86,670,167,0
1774386000,629.89,631.33,628.75,629.37,435,166,0
1774389600,629.38,636.73,629.03,636.04,820,150,0
1774393200,636.08,636.88,634.24,636.80,444,150,0
1774396800,636.28,637.90,634.98,635.93,452,167,0
1774400400,636.01,638.94,635.59,637.48,416,167,0
1774404000,637.53,640.81,636.69,639.25,552,167,0
1774407600,639.21,640.44,637.87,638.16,511,167,0
1774411200,638.16,639.37,637.58,638.54,427,166,0
1774414800,638.53,642.17,637.75,641.39,416,167,0
1774418400,641.39,642.36,640.77,641.99,352,167,0
1774422000,641.98,645.03,641.64,642.99,515,167,0
1774425600,643.00,646.36,642.90,644.03,476,167,0
1774429200,644.09,645.37,642.34,642.73,488,167,0
1774432800,642.78,647.88,642.78,646.35,678,167,0
1774436400,646.31,649.33,646.06,648.45,656,167,0
1774440000,648.38,648.65,645.18,646.04,624,166,0
1774443600,646.04,650.09,645.93,647.52,628,167,0
1774447200,647.56,649.81,645.02,648.21,871,167,0
1774450800,648.16,651.96,647.40,648.67,1007,167,0
1774454400,648.74,649.46,646.18,646.27,997,167,0
1774458000,646.30,646.66,641.10,644.81,935,167,0
1774461600,644.75,650.30,644.26,646.73,855,167,0
1774465200,646.74,647.41,644.21,644.47,669,167,0
1774468800,644.51,645.78,643.28,644.60,547,167,0
1774472400,644.51,646.49,644.28,645.16,625,167,0
1774476000,645.21,646.10,643.25,646.06,398,150,0
1774479600,646.07,647.63,645.48,646.34,359,150,0
1774483200,646.69,649.14,645.14,648.22,440,167,0
1774486800,648.22,648.29,645.89,646.84,325,167,0
1774490400,646.83,647.64,645.47,646.37,502,167,0
1774494000,646.37,646.97,645.02,645.77,463,167,0
1774497600,645.78,645.83,641.74,642.84,499,167,0
1774501200,642.72,642.91,640.51,642.02,492,167,0
1774504800,642.08,642.47,640.29,641.48,363,166,0
1774508400,641.45,641.62,633.70,634.41,709,167,0
1774512000,634.36,635.14,632.62,634.43,722,167,0
1774515600,634.42,635.04,633.08,634.55,612,167,0
1774519200,634.54,634.61,631.67,632.72,584,167,0
1774522800,632.72,633.09,627.11,629.09,714,167,0
1774526400,629.08,630.61,627.93,629.73,475,200,0
1774530000,629.78,629.97,627.19,628.17,512,200,0
1774533600,628.06,629.00,627.47,628.68,396,200,0
1774537200,628.63,631.70,627.65,630.56,802,200,0
1774540800,630.53,631.42,627.21,628.65,951,200,0
1774544400,628.73,628.78,624.26,625.83,836,200,0
1774548000,625.78,626.57,625.01,626.05,565,200,0
1774551600,626.05,627.89,623.90,624.66,495,200,0
1774555200,624.70,625.37,622.08,624.74,699,200,0
1774558800,624.73,625.70,624.01,624.68,348,199,0
1774562400,624.66,630.53,624.25,629.15,713,150,0
1774566000,628.98,630.51,627.69,629.79,419,150,0
1774569600,630.09,630.27,627.00,628.73,436,150,0
1774573200,628.79,629.47,626.74,627.86,366,199,0
1774576800,627.86,628.67,626.39,628.13,487,199,0
1774580400,628.15,630.51,627.60,630.35,398,200,0
1774584000,630.47,630.87,629.13,629.45,341,200,0
1774587600,629.48,629.60,627.06,627.31,343,199,0
1774591200,627.31,627.31,624.12,626.37,453,199,0
1774594800,626.28,629.00,625.67,626.84,417,199,0
1774598400,626.84,627.77,626.60,627.10,341,199,0
1774602000,627.13,629.02,626.41,627.46,416,200,0
1774605600,627.46,628.07,616.88,619.59,787,200,0
1774609200,619.45,620.51,617.00,618.98,499,199,0
1774612800,619.02,619.26,606.89,608.12,987,200,0
1774616400,608.11,611.33,606.30,610.07,785,200,0
1774620000,610.12,610.94,608.90,610.28,555,200,0
1774623600,610.28,611.31,606.38,607.22,958,200,0
1774627200,607.19,609.42,604.87,608.56,1041,200,0
1774630800,608.68,613.03,608.28,609.67,984,200,0
1774634400,609.64,609.76,606.78,608.38,791,200,0
1774638000,608.51,610.81,606.01,606.45,746,200,0
1774641600,606.42,608.69,605.77,608.37,656,200,0
1774645200,608.45,609.80,607.26,609.21,568,200,0
1774648800,609.17,610.47,607.76,610.47,397,150,0
1774652400,610.42,611.09,609.74,610.01,276,150,0
1774663200,612.95,613.05,611.18,611.43,373,199,0
1774666800,611.58,611.59,608.91,610.37,368,200,0
1774670400,610.41,611.77,609.64,609.87,301,199,0
1774674000,610.09,610.85,609.69,610.15,233,199,0
1774677600,610.15,610.83,609.54,610.08,279,199,0
1774681200,610.10,611.34,609.51,611.34,258,199,0
1774684800,611.20,613.17,610.93,612.82,328,199,0
1774688400,612.82,613.36,611.91,612.91,266,199,0
1774692000,612.91,613.20,611.54,611.54,316,199,0
1774695600,611.53,611.53,610.46,611.25,221,199,0
1774699200,611.25,612.47,609.47,610.55,261,199,0
1774702800,610.55,612.14,610.47,612.04,166,199,0
1774706400,612.00,613.00,610.60,611.58,236,199,0
1774710000,611.58,617.44,611.21,614.89,482,199,0
1774713600,615.01,616.49,613.68,614.14,478,200,0
1774717200,614.28,617.83,613.69,616.29,519,199,0
1774720800,616.31,616.51,615.47,615.95,335,199,0
1774724400,615.95,616.69,614.41,615.21,275,199,0
1774728000,615.21,616.14,615.21,615.67,230,199,0
1774731600,615.64,615.75,614.67,615.67,219,199,0
1774735200,615.67,617.32,615.67,617.16,226,150,0
1774738800,617.16,617.19,613.69,614.55,290,150,0
1774742400,615.42,615.45,614.03,614.70,259,150,0
1774746000,614.70,614.70,609.71,610.07,455,199,0
1774749600,609.97,610.89,608.90,610.89,416,200,0
1774753200,610.89,611.41,610.88,611.34,21,200,0
1774756800,611.36,612.49,610.27,611.70,303,199,0
1774760400,611.77,612.84,611.57,612.55,261,150,0
1774764000,612.60,614.27,612.10,613.06,360,199,0
1774767600,613.10,613.31,612.00,612.06,281,199,0
1774771200,612.06,613.11,611.01,612.66,280,199,0
1774774800,612.66,613.70,612.31,613.01,228,199,0
1774778400,612.95,613.26,611.90,612.68,254,199,0
1774782000,612.67,613.35,612.42,612.84,239,199,0
1774785600,612.88,613.24,611.52,612.38,295,200,0
1774789200,612.37,612.37,609.96,610.99,340,199,0
1774792800,611.00,613.58,611.00,612.69,328,199,0
1774796400,612.67,612.75,610.87,611.78,251,199,0
1774800000,611.78,611.90,609.01,609.24,419,199,0
1774803600,609.32,611.46,608.03,608.29,365,199,0
1774807200,608.36,609.17,606.47,608.64,431,200,0
1774810800,608.64,610.06,608.17,608.55,274,199,0
1774814400,608.59,609.00,606.60,608.09,362,199,0
1774818000,608.07,609.03,607.50,608.52,261,199,0
1774821600,608.52,608.84,608.01,608.23,200,200,0
1774825200,608.23,611.26,608.20,608.72,273,150,0
1774828800,608.81,610.10,608.17,610.00,208,150,0
1774832400,609.79,609.79,595.86,603.32,1200,200,0
1774836000,603.29,606.93,603.05,605.00,1150,200,0
1774839600,605.09,613.39,604.09,608.64,1188,200,0
1774843200,608.72,613.93,608.72,613.00,851,200,0
1774846800,613.02,618.07,611.52,615.62,900,200,0
1774850400,615.56,615.94,613.70,614.68,693,200,0
1774854000,614.71,617.00,614.71,616.09,660,200,0
1774857600,616.18,617.64,615.31,615.89,636,200,0
1774861200,615.93,616.99,614.61,614.61,489,200,0
1774864800,614.55,618.15,614.36,617.22,533,200,0
1774868400,617.19,620.20,616.12,618.96,662,200,0
1774872000,618.96,618.96,616.51,616.86,356,200,0
1774875600,616.85,617.28,615.38,617.13,313,199,0
1774879200,617.18,620.09,616.49,616.79,585,200,0
1774882800,616.89,618.93,616.74,618.58,490,200,0
1774886400,618.75,619.68,615.38,615.81,795,200,0
1774890000,615.94,617.25,612.41,616.22,1001,200,0
1774893600,616.33,618.46,614.47,617.50,719,200,0
1774897200,617.48,617.66,614.30,615.69,590,200,0
1774900800,615.71,616.63,610.74,612.20,714,200,0
1774904400,612.26,612.60,609.12,609.79,567,200,0
1774908000,609.80,609.93,607.24,609.61,769,150,0
1774911600,609.58,610.63,608.23,609.34,349,150,0
1774915200,608.99,612.33,608.61,611.34,487,150,0
1774918800,611.34,612.63,609.64,610.04,386,199,0
1774922400,610.01,610.01,606.44,608.22,524,199,0
1774926000,608.29,611.46,607.19,610.38,865,200,0
1774929600,610.39,618.73,609.51,615.63,1078,200,0
1774933200,615.51,616.61,613.94,613.94,636,200,0
1774936800,613.81,614.12,611.63,612.61,478,199,0
1774940400,612.62,613.56,610.69,611.37,489,200,0
1774944000,611.37,612.81,610.19,612.27,546,200,0
1774947600,612.36,612.38,609.98,611.14,484,200,0
1774951200,611.24,611.50,608.30,609.99,554,200,0
1774954800,610.02,610.21,605.41,606.21,696,200,0
1774958400,606.08,607.26,597.91,599.44,935,200,0
1774962000,599.38,602.44,599.00,601.79,666,199,0
1774965600,601.79,605.50,601.38,604.23,734,200,0
1774969200,604.37,606.86,603.31,605.22,705,200,0
1774972800,605.36,612.67,605.16,611.37,1047,200,0
1774976400,611.33,614.98,605.53,607.35,1246,200,0
1774980000,607.66,610.67,606.61,606.89,1139,200,0
1774983600,606.89,615.59,606.81,613.30,1291,200,0
1774987200,613.30,618.77,612.71,612.88,1362,200,0
1774990800,613.00,616.14,613.00,614.96,666,200,0
1774994400,615.06,616.05,614.03,614.84,648,200,0
1774998000,614.77,618.44,614.77,618.44,477,150,0
1775001600,617.14,618.34,615.93,617.00,393,150,0
1775005200,617.04,617.43,614.21,615.92,541,200,0
1775008800,615.94,616.93,615.20,616.43,514,200,0
1775012400,616.41,618.77,615.01,618.21,703,200,0
1775016000,618.39,618.50,614.36,614.53,556,200,0
1775019600,614.63,615.50,613.06,613.71,628,200,0
1775023200,613.77,616.22,613.77,615.76,422,200,0
1775026800,615.76,616.17,614.48,614.89,401,200,0
1775030400,614.94,618.05,613.97,616.36,529,199,0
1775034000,616.25,620.90,616.21,618.22,715,200,0
1775037600,618.42,620.05,615.15,615.33,621,200,0
1775041200,615.33,616.35,613.86,614.46,605,200,0
1775044800,614.41,615.11,612.94,614.61,515,200,0
1775048400,614.61,615.60,612.72,613.77,484,199,0
1775052000,613.73,614.79,613.05,614.34,436,200,0
1775055600,614.28,616.73,612.31,613.58,680,199,0
1775059200,613.66,615.51,608.98,609.91,1109,200,0
1775062800,609.91,613.71,609.70,612.75,996,200,0
1775066400,612.84,614.21,611.06,613.82,770,200,0
1775070000,613.77,616.30,611.21,615.40,697,200,0
1775073600,615.36,618.46,612.77,613.10,750,200,0
1775077200,613.10,613.88,611.37,612.05,759,200,0
1775080800,612.08,613.63,611.60,612.76,553,200,0
1775084400,612.83,613.00,609.84,612.73,426,150,0
1775088000,613.67,615.00,612.59,613.43,471,150,0
1775091600,613.41,613.47,608.76,609.85,614,199,0
1775095200,609.92,610.50,608.89,609.82,449,200,0
1775098800,609.81,612.59,609.01,612.59,638,200,0
1775102400,612.52,612.52,601.64,603.14,1791,200,0
1775106000,603.04,603.17,595.30,596.10,1288,200,0
1775109600,596.06,597.04,590.70,591.06,952,200,0
1775113200,591.01,591.51,586.36,586.91,819,200,0
1775116800,587.10,590.40,586.93,589.87,716,200,0
1775120400,589.78,590.76,587.56,589.03,573,200,0
1775124000,589.03,591.50,588.18,590.82,592,200,0
1775127600,590.71,590.71,586.72,586.91,522,200,0
1775131200,586.86,587.13,584.21,584.74,654,200,0
1775134800,584.71,585.32,580.05,580.39,725,200,0
1775138400,580.39,580.85,576.28,580.23,776,199,0
1775142000,580.33,580.40,574.13,574.40,981,200,0
1775145600,574.52,575.04,569.33,572.23,1454,200,0
1775149200,572.21,578.12,570.58,575.08,1706,200,0
1775152800,575.05,575.69,570.48,573.13,1226,200,0
1775156400,573.11,579.97,572.82,578.91,1124,200,0
1775160000,578.87,581.98,577.26,577.53,857,200,0
1775163600,577.54,581.69,577.32,580.95,677,200,0
1775167200,581.10,582.72,579.33,582.44,606,200,0
1775170800,582.51,583.83,581.75,582.90,496,150,0
1775174400,582.91,583.53,581.04,583.24,473,150,0
1775178000,583.25,583.77,580.26,582.26,548,199,0
1775181600,582.28,583.13,581.40,582.36,438,199,0
1775185200,582.54,584.65,581.87,583.03,572,200,0
1775188800,583.01,586.06,582.67,583.44,605,200,0
1775192400,583.42,585.02,580.94,583.81,780,200,0
1775196000,583.88,585.39,583.49,584.87,505,200,0
1775199600,584.82,586.03,584.01,585.62,515,200,0
1775203200,585.69,587.16,583.98,585.79,556,200,0
1775206800,585.83,586.73,584.42,585.22,607,200,0
1775210400,585.28,588.00,585.01,585.50,509,200,0
1775214000,585.54,587.31,583.01,584.76,551,200,0
1775217600,584.78,585.03,582.20,584.26,543,200,0
1775221200,584.26,584.96,582.59,584.89,485,199,0
1775224800,584.89,586.56,584.52,586.34,421,200,0
1775228400,586.32,589.14,583.59,584.40,804,200,0
1775232000,584.43,585.66,583.09,585.50,604,200,0
1775235600,585.50,587.34,584.72,586.75,443,200,0
1775239200,586.67,587.95,585.31,585.99,514,200,0
1775242800,585.99,587.96,585.99,587.80,399,200,0
1775246400,587.89,588.33,586.11,587.41,428,200,0
1775250000,587.37,588.00,586.55,587.02,311,200,0
1775253600,587.07,587.83,585.64,587.66,261,199,0
1775257200,587.66,588.21,587.11,587.72,263,150,0
1775268000,586.52,587.65,586.10,587.32,204,150,0
1775271600,587.32,587.65,586.25,586.68,223,199,0
1775275200,586.68,587.36,586.16,586.68,197,199,0
1775278800,586.69,587.72,586.51,587.28,246,199,0
1775282400,587.43,588.26,587.26,588.12,183,199,0
1775286000,588.12,588.33,587.54,587.75,196,199,0
1775289600,587.75,588.66,587.34,588.66,225,199,0
1775293200,588.72,591.24,588.72,590.57,296,199,0
1775296800,590.57,590.57,588.24,589.00,312,199,0
1775300400,589.11,590.73,588.25,588.45,298,199,0
1775304000,588.44,589.31,588.04,589.16,234,199,0
1775307600,589.22,589.58,588.11,589.20,230,199,0
1775311200,589.21,589.45,588.29,588.50,215,199,0
1775314800,588.59,588.79,588.15,588.68,234,199,0
1775318400,588.76,589.88,588.67,589.20,200,199,0
1775322000,589.20,589.53,587.20,589.22,297,199,0
1775325600,589.11,590.78,588.82,590.12,389,199,0
1775329200,590.12,592.24,589.47,590.35,330,199,0
1775332800,590.45,591.92,589.71,591.69,236,199,0
1775336400,591.69,592.50,591.40,592.36,219,199,0
1775340000,592.36,595.58,592.03,592.46,363,199,0
1775343600,592.46,592.82,591.72,592.82,192,150,0
1775347200,592.82,594.16,592.24,593.47,252,149,0
1775350800,593.35,593.88,592.81,593.25,297,200,0
1775354400,593.22,593.29,591.55,592.36,246,199,0
1775358000,592.43,593.05,592.16,592.47,108,199,0
1775361600,591.74,592.66,590.72,590.92,242,150,0
1775365200,590.92,592.23,590.36,592.23,266,150,0
1775368800,592.14,592.66,591.70,592.43,183,199,0
1775372400,592.43,592.54,591.83,592.12,192,199,0
1775376000,592.14,593.00,591.01,591.25,235,199,0
1775379600,591.27,591.31,586.79,589.52,479,200,0
1775383200,589.53,590.41,588.64,589.46,294,199,0
1775386800,589.44,592.14,589.16,591.44,284,199,0
1775390400,591.60,592.79,591.60,592.40,236,199,0
1775394000,592.36,593.91,591.94,592.87,258,199,0
1775397600,592.87,593.32,592.09,592.98,258,150,0
1775401200,592.98,592.98,588.20,588.58,445,199,0
1775404800,588.55,588.64,586.18,588.10,410,199,0
1775408400,588.10,589.96,587.89,588.50,336,199,0
1775412000,588.50,595.38,587.54,592.13,612,199,0
1775415600,592.14,592.69,591.30,591.91,327,199,0
1775419200,591.83,592.49,590.84,592.00,324,200,0
1775422800,591.96,592.63,590.89,591.18,263,199,0
1775426400,591.20,592.59,590.68,591.53,243,199,0
1775430000,591.53,592.72,590.49,592.72,294,150,0
1775433600,592.48,592.48,589.52,590.28,241,150,0
1775437200,590.28,596.72,589.82,596.11,765,200,0
1775440800,596.16,603.06,595.80,600.50,1033,200,0
1775444400,600.56,606.56,600.56,602.45,1050,199,0
1775448000,602.52,602.76,599.51,599.73,747,200,0
1775451600,599.77,603.92,599.61,601.98,830,200,0
1775455200,601.98,602.09,599.19,599.62,465,200,0
1775458800,599.63,600.43,597.80,599.00,367,200,0
1775462400,599.00,601.03,598.87,600.99,342,199,0
1775466000,600.99,603.19,599.01,600.35,602,200,0
1775469600,600.44,603.36,599.14,602.81,495,200,0
1775473200,602.88,604.31,602.79,603.19,401,199,0
1775476800,603.25,609.29,603.05,605.96,719,200,0
1775480400,605.99,606.82,604.79,605.62,415,199,0
1775484000,605.59,605.59,604.02,604.36,350,199,0
1775487600,604.40,604.63,603.12,603.34,378,199,0
1775491200,603.34,605.96,603.14,604.57,690,200,0
1775494800,604.42,607.48,603.86,606.09,920,200,0
1775498400,606.09,607.74,605.72,607.45,655,200,0
1775502000,607.45,608.00,604.62,604.65,543,200,0
1775505600,604.65,604.65,601.96,603.46,560,199,0
1775509200,603.47,606.26,602.56,605.92,410,199,0
1775512800,605.91,606.00,604.07,605.76,297,200,0
1775516400,605.76,606.96,605.37,605.74,255,150,0
1775520000,605.27,605.27,603.84,604.28,277,150,0
1775523600,604.25,604.95,599.01,599.05,503,200,0
1775527200,598.84,599.79,595.38,599.11,909,200,0
1775530800,598.99,600.32,597.71,598.14,716,200,0
1775534400,598.09,599.74,596.13,596.22,691,200,0
1775538000,596.19,598.52,595.39,597.47,529,200,0
1775541600,597.47,598.47,596.98,598.16,334,200,0
1775545200,598.13,600.88,597.19,599.21,375,200,0
1775548800,599.21,599.21,596.14,596.81,319,199,0
1775552400,596.80,598.07,595.79,597.84,416,199,0
1775556000,597.85,598.45,596.51,598.30,371,199,0
1775559600,598.29,601.95,598.22,601.37,574,199,0
1775563200,601.37,605.51,601.37,604.19,557,200,0
1775566800,604.23,604.37,596.18,596.66,812,200,0
1775570400,596.76,597.24,595.41,596.10,594,200,0
1775574000,596.10,598.46,591.28,597.39,720,200,0
1775577600,597.42,599.00,595.50,595.60,824,199,0
1775581200,595.53,595.93,592.36,593.51,962,200,0
1775584800,593.51,598.27,592.99,597.53,768,200,0
1775588400,597.67,601.74,597.67,600.23,711,200,0
1775592000,600.21,605.94,600.01,603.60,635,200,0
1775595600,603.64,603.83,601.66,602.35,492,199,0
1775599200,602.23,607.83,602.11,607.45,854,200,0
1775602800,607.41,608.90,606.24,607.12,570,150,0
1775606400,607.83,612.57,607.62,610.90,764,150,0
1775610000,611.40,618.50,611.14,618.50,1568,200,0
1775613600,618.60,623.84,616.10,619.12,1542,200,0
1775617200,619.09,620.45,614.03,616.50,917,200,0
1775620800,616.53,617.92,614.64,614.98,498,200,0
1775624400,615.05,616.44,613.86,614.29,442,200,0
1775628000,614.31,614.83,611.93,612.29,333,199,0
1775631600,612.29,615.00,612.22,614.40,398,199,0
1775635200,614.22,615.79,614.22,614.93,393,199,0
1775638800,614.93,616.37,612.94,613.00,419,199,0
1775642400,613.00,613.96,611.03,612.24,370,199,0
1775646000,612.29,612.82,610.39,611.80,439,199,0
1775649600,611.99,613.54,610.45,610.76,433,199,0
1775653200,610.77,611.96,610.21,610.93,348,199,0
1775656800,610.89,611.97,609.94,611.83,377,199,0
1775660400,611.88,613.62,610.54,612.48,549,200,0
1775664000,612.49,614.85,605.26,606.33,1202,200,0
1775667600,606.16,607.23,600.17,601.60,1155,200,0
1775671200,601.62,604.80,600.71,604.35,775,200,0
1775674800,604.28,606.19,603.83,604.20,567,200,0
1775678400,604.24,606.62,603.64,605.95,564,199,0
1775682000,605.85,606.01,601.83,602.04,701,200,0
1775685600,601.99,603.63,601.76,603.27,545,199,0
1775689200,603.26,604.11,602.59,604.11,305,150,0
1775692800,604.22,606.38,603.97,605.50,285,150,0
1775696400,605.50,605.75,603.11,603.34,521,199,0
1775700000,603.12,603.12,598.90,600.16,621,200,0
1775703600,600.06,600.52,597.51,598.49,659,200,0
1775707200,598.40,600.52,595.94,600.52,604,199,0
1775710800,600.61,601.88,600.06,600.69,426,199,0
1775714400,600.69,600.69,599.01,599.20,400,199,0
1775718000,599.16,599.30,597.87,597.97,307,199,0
1775721600,597.97,600.19,597.67,599.18,387,199,0
1775725200,599.23,599.74,597.68,599.50,372,199,0
1775728800,599.68,599.99,598.83,599.01,311,200,0
1775732400,599.03,600.98,598.31,599.82,380,199,0
1775736000,599.82,602.04,598.89,601.76,422,200,0
1775739600,601.71,601.98,600.14,601.57,349,199,0
1775743200,601.57,602.13,600.27,601.51,394,200,0
1775746800,601.45,602.58,600.38,602.30,523,200,0
1775750400,602.39,602.65,599.01,599.79,774,199,0
1775754000,599.65,600.41,597.23,599.85,844,200,0
1775757600,599.89,606.34,598.71,605.01,1183,200,0
1775761200,605.07,606.39,602.64,604.96,910,200,0
1775764800,604.99,607.78,604.49,607.45,857,200,0
1775768400,607.45,607.65,604.40,605.67,771,200,0
1775772000,605.55,608.49,605.31,607.80,681,200,0
1775775600,607.76,608.65,606.81,607.70,438,150,0
1775779200,608.64,609.23,605.70,605.90,449,150,0
1775782800,606.06,611.06,604.63,604.63,825,200,0
1775786400,604.63,605.01,600.91,602.03,662,200,0
1775790000,602.03,602.60,600.11,602.43,693,200,0
1775793600,602.37,604.40,600.05,602.01,617,200,0
1775797200,602.05,602.51,600.01,600.61,425,199,0
1775800800,600.61,600.62,598.80,600.15,375,199,0
1775804400,600.15,601.45,599.89,600.01,349,199,0
1775808000,600.04,601.61,599.58,600.80,342,199,0
1775811600,600.80,600.93,598.43,599.51,327,199,0
1775815200,599.51,600.32,598.05,598.29,397,200,0
1775818800,598.28,599.84,596.60,599.53,476,200,0
1775822400,599.53,601.05,599.24,600.72,416,199,0
1775826000,600.72,600.86,598.80,599.72,317,200,0
1775829600,599.63,602.36,599.44,601.57,435,199,0
1775833200,601.56,603.53,600.55,601.75,503,200,0
1775836800,601.71,602.27,600.05,601.30,543,200,0
1775840400,601.15,606.42,601.01,605.93,854,200,0
1775844000,606.00,607.72,601.86,602.18,847,200,0
1775847600,602.35,605.10,602.21,604.83,513,200,0
1775851200,604.83,606.37,604.33,606.28,374,199,0
1775854800,606.30,608.33,605.53,608.06,367,199,0
1775858400,608.05,608.99,607.32,608.62,321,199,0
1775862000,608.61,609.29,606.88,609.24,358,150,0
1775872800,605.95,605.95,604.44,604.54,244,150,0
1775876400,604.54,604.76,603.35,603.54,253,199,0
1775880000,603.50,604.43,602.41,604.08,245,200,0
1775883600,604.10,605.54,603.46,604.71,248,199,0
1775887200,604.71,606.74,604.71,605.77,300,200,0
1775890800,605.77,606.62,604.55,604.91,280,200,0
1775894400,604.91,605.85,603.83,604.58,311,199,0
1775898000,604.54,605.05,603.42,604.87,278,199,0
1775901600,604.87,605.56,604.50,605.09,238,199,0
1775905200,605.09,606.30,604.08,604.85,363,200,0
1775908800,604.75,606.25,604.64,605.70,306,199,0
1775912400,605.79,605.81,604.22,604.52,266,199,0
1775916000,604.51,604.78,603.32,604.37,269,150,0
1775919600,604.47,605.92,604.10,605.53,250,199,0
1775923200,605.53,605.53,602.77,603.73,398,199,0
1775926800,603.62,604.48,603.31,603.67,295,200,0
1775930400,603.67,605.66,603.25,604.74,330,199,0
1775934000,604.74,607.86,604.71,606.47,357,199,0
1775937600,606.47,607.38,605.51,606.88,294,199,0
1775941200,606.89,610.62,606.16,610.01,456,200,0
1775944800,610.24,613.09,610.24,611.93,537,199,0
1775948400,611.95,612.02,608.36,609.42,431,150,0
1775952000,610.12,610.24,609.02,609.02,274,150,0
1775955600,609.02,611.02,608.94,609.99,345,199,0
1775959200,609.87,609.87,604.95,606.05,418,200,0
1775962800,606.05,606.31,604.86,605.91,204,200,0
1775966400,606.17,606.44,589.35,592.61,1192,150,0
1775970000,592.57,596.85,591.13,596.35,811,150,0
1775973600,596.30,596.85,594.02,594.50,510,199,0
1775977200,594.50,594.69,593.38,593.79,457,199,0
1775980800,593.79,595.00,593.15,594.77,360,199,0
1775984400,594.71,595.00,593.32,593.78,274,199,0
1775988000,593.60,593.72,591.96,593.31,303,199,0
1775991600,593.25,593.82,592.43,592.64,283,200,0
1775995200,592.64,593.41,592.10,592.50,253,199,0
1775998800,592.49,594.59,591.92,592.64,355,199,0
1776002400,592.60,594.47,592.47,594.45,320,199,0
1776006000,594.42,594.78,591.62,591.94,372,199,0
1776009600,591.82,592.01,589.79,590.25,551,199,0
1776013200,590.19,591.59,588.10,588.87,574,199,0
1776016800,588.96,591.10,588.93,590.66,442,200,0
1776020400,590.66,591.43,590.01,590.92,345,199,0
1776024000,591.09,592.35,590.49,591.70,390,199,0
1776027600,591.76,592.02,590.46,591.49,312,199,0
1776031200,591.49,592.09,591.36,591.36,213,199,0
1776034800,591.38,595.91,590.81,594.95,387,150,0
1776038400,595.39,595.41,593.39,594.39,271,150,0
1776042000,594.22,594.39,590.12,592.92,860,199,0
1776045600,592.73,592.73,589.96,591.19,471,199,0
1776049200,591.19,595.35,590.61,595.07,506,200,0
1776052800,595.07,595.75,593.95,595.47,454,200,0
1776056400,595.50,596.95,594.59,595.30,498,200,0
1776060000,595.30,595.63,593.56,593.68,342,199,0
1776063600,593.68,596.05,593.61,594.46,304,199,0
1776067200,594.47,596.86,594.23,596.80,400,199,0
1776070800,596.90,598.67,596.71,597.23,430,199,0
1776074400,597.43,597.46,595.10,596.27,385,199,0
1776078000,596.23,596.33,594.23,595.53,396,200,0
1776081600,595.60,597.07,595.60,596.32,324,199,0
1776085200,596.32,597.12,595.78,596.31,326,200,0
1776088800,596.43,597.71,596.14,596.20,396,199,0
1776092400,596.11,598.21,595.48,597.57,546,199,0
1776096000,597.60,598.93,594.59,598.79,876,200,0
1776099600,598.84,602.41,596.83,602.41,1049,200,0
1776103200,602.42,603.98,599.07,602.40,1000,200,0
1776106800,602.44,606.94,601.19,605.14,994,200,0
1776110400,605.22,606.86,603.58,603.78,690,200,0
1776114000,603.72,604.40,602.21,603.84,486,200,0
1776117600,603.76,608.17,602.89,607.71,778,200,0
1776121200,607.59,607.98,606.17,606.67,526,150,0
1776124800,606.55,608.35,606.29,606.97,326,150,0
1776128400,606.97,615.49,606.90,614.46,1168,200,0
1776132000,614.52,616.97,613.42,613.71,931,200,0
1776135600,613.74,614.89,611.01,611.28,513,200,0
1776139200,611.27,613.19,609.91,612.81,388,200,0
1776142800,612.81,614.43,611.90,614.20,434,200,0
1776146400,614.00,615.14,613.52,615.14,295,199,0
1776150000,615.14,615.15,613.62,613.69,250,199,0
1776153600,613.77,613.77,611.00,611.82,368,199,0
1776157200,611.92,614.17,611.84,613.84,268,199,0
1776160800,613.84,614.63,612.34,612.55,456,199,0
1776164400,612.55,617.37,612.44,616.51,422,199,0
1776168000,616.51,618.15,616.26,616.90,435,200,0
1776171600,616.90,618.40,616.26,616.90,377,199,0
1776175200,616.76,616.84,614.54,615.42,392,199,0
1776178800,615.42,615.65,614.19,614.55,353,199,0
1776182400,614.57,621.40,614.50,621.24,743,199,0
1776186000,621.19,621.85,617.34,618.22,1083,200,0
1776189600,618.12,624.21,617.42,622.45,1100,200,0
1776193200,622.45,624.12,617.08,617.96,729,200,0
1776196800,617.94,619.27,614.78,616.03,665,200,0
1776200400,616.10,617.42,612.17,612.92,650,199,0
1776204000,612.73,614.30,610.97,612.89,604,200,0
1776207600,613.01,614.00,612.13,612.95,429,150,0
1776211200,614.25,615.20,613.07,614.79,244,151,0
1776214800,614.80,616.09,612.99,613.15,532,200,0
1776218400,613.13,613.74,612.39,612.75,533,200,0
1776222000,612.78,615.94,612.78,615.85,612,200,0
1776225600,615.81,618.73,614.96,618.45,472,199,0
1776229200,618.44,618.80,614.47,615.05,432,199,0
1776232800,615.06,615.58,614.12,615.15,341,199,0
1776236400,615.15,616.27,613.28,614.23,361,200,0
1776240000,614.34,615.39,612.03,612.43,439,200,0
1776243600,612.43,614.12,611.82,613.09,351,199,0
1776247200,613.16,613.57,609.72,610.55,496,200,0
1776250800,610.54,613.79,609.46,613.41,443,199,0
1776254400,613.42,614.82,612.75,614.56,564,200,0
1776258000,614.55,617.55,614.50,616.02,578,200,0
1776261600,616.13,619.65,616.08,618.71,505,200,0
1776265200,618.68,618.68,616.77,617.07,531,200,0
1776268800,617.01,618.24,615.59,617.98,689,199,0
1776272400,618.05,619.42,616.00,617.49,791,200,0
1776276000,617.49,618.76,615.01,618.05,707,200,0
1776279600,618.05,620.42,617.58,619.74,676,199,0
1776283200,619.71,620.77,618.95,620.44,541,200,0
1776286800,620.44,621.95,620.00,621.39,510,200,0
1776290400,621.27,626.64,621.27,624.37,650,200,0
1776294000,624.45,624.52,621.20,622.75,615,150,0
1776297600,622.58,622.80,621.14,622.29,352,150,0
1776301200,622.25,625.79,621.86,623.28,508,200,0
1776304800,623.23,623.23,620.42,621.59,358,200,0
1776308400,621.58,622.25,619.56,622.24,431,200,0
1776312000,622.21,622.21,619.85,621.38,496,200,0
1776315600,621.38,625.16,621.16,623.20,666,200,0
1776319200,623.20,624.69,622.98,623.25,513,200,0
1776322800,623.21,624.14,621.32,622.36,521,199,0
1776326400,622.19,624.22,621.57,624.06,409,199,0
1776330000,624.10,625.08,623.05,623.80,419,199,0
1776333600,623.84,624.36,620.87,621.69,498,199,0
1776337200,621.61,622.22,620.01,621.51,437,200,0
1776340800,621.51,622.88,620.82,621.76,393,199,0
1776344400,621.67,622.36,618.19,618.72,519,199,0
1776348000,618.80,620.09,617.87,619.95,341,199,0
1776351600,619.95,621.04,619.69,620.58,346,199,0
1776355200,620.58,622.98,613.91,616.63,945,200,0
1776358800,616.56,619.60,614.30,618.35,1080,200,0
1776362400,618.23,625.38,617.65,623.91,917,200,0
1776366000,623.89,626.98,622.95,624.52,1009,200,0
1776369600,624.48,626.63,622.61,626.44,946,200,0
1776373200,626.44,636.25,625.48,634.85,969,200,0
1776376800,635.16,636.00,632.93,635.55,940,200,0
1776380400,635.59,636.40,632.21,633.86,597,150,0
1776384000,633.58,634.08,630.77,631.64,448,150,0
1776387600,631.70,633.36,630.90,632.42,434,199,0
1776391200,632.38,635.65,632.01,634.77,445,200,0
1776394800,634.77,635.55,632.18,632.50,479,200,0
1776398400,632.50,633.41,628.45,630.28,552,200,0
1776402000,630.17,630.82,627.21,628.66,487,199,0
1776405600,628.66,630.22,628.00,628.26,395,200,0
1776409200,628.33,629.19,627.74,628.61,343,200,0
1776412800,628.53,628.82,626.25,626.87,486,200,0
1776416400,626.87,628.09,626.60,627.33,478,200,0
1776420000,627.32,628.72,625.67,626.21,468,200,0
1776423600,626.25,630.23,625.90,630.01,787,200,0
1776427200,629.99,634.00,628.58,631.76,1015,200,0
1776430800,631.69,632.36,627.93,629.52,659,200,0
1776434400,629.45,632.97,629.29,631.50,468,200,0
1776438000,631.53,635.52,630.77,634.94,874,200,0
1776441600,634.91,642.28,634.44,642.04,1702,200,0
1776445200,642.14,644.67,639.87,642.82,1142,200,0
1776448800,642.86,642.86,640.02,642.34,871,200,0
1776452400,642.29,644.60,642.16,644.60,585,199,0
1776456000,644.57,644.59,639.03,640.84,876,200,0
1776459600,640.86,641.16,637.84,638.78,712,200,0
1776463200,638.93,641.04,638.04,640.33,571,200,0
1776466800,640.39,641.25,638.27,640.13,426,150,0
1776477600,643.29,643.77,640.77,642.12,387,150,0
1776481200,642.05,644.40,640.68,642.97,515,200,0
1776484800,643.00,645.87,642.20,643.99,573,200,0
1776488400,644.04,644.91,642.76,643.15,520,200,0
1776492000,643.01,643.01,639.13,639.13,559,199,0
1776495600,639.21,643.98,639.09,643.33,386,200,0
1776499200,643.29,647.68,643.19,644.09,580,200,0
1776502800,644.09,644.82,642.32,642.81,428,199,0
1776506400,642.82,643.53,641.77,642.35,425,199,0
1776510000,642.35,642.55,633.82,636.10,834,200,0
1776513600,636.09,636.09,632.59,634.87,547,199,0
1776517200,634.93,634.93,631.04,632.99,590,200,0
1776520800,633.02,633.62,630.53,632.38,664,200,0
1776524400,632.38,633.72,630.96,633.11,542,200,0
1776528000,633.11,633.49,630.43,632.56,504,200,0
1776531600,632.63,633.50,631.22,633.20,454,199,0
1776535200,633.11,633.82,631.45,632.37,376,152,0
1776538800,632.37,633.34,630.23,632.34,517,200,0
1776542400,632.25,633.10,630.87,632.50,379,199,0
1776546000,632.50,633.05,628.11,628.56,608,200,0
1776549600,628.65,630.28,627.21,629.39,481,200,0
1776553200,629.31,630.55,628.72,629.48,373,150,0
1776556800,629.96,630.84,628.75,630.79,256,150,0
1776560400,630.76,630.76,628.70,629.89,255,200,0
1776564000,629.89,630.64,628.74,628.89,225,199,0
1776567600,628.90,629.36,627.69,628.07,166,200,0
1776571200,628.57,629.43,626.51,627.07,355,150,0
1776574800,627.07,627.07,622.56,624.04,570,200,0
1776578400,624.16,624.30,620.11,622.26,417,199,0
1776582000,622.28,623.72,619.54,621.05,477,200,0
1776585600,621.06,622.49,620.86,621.65,356,199,0
1776589200,621.65,622.55,618.92,621.81,384,199,0
1776592800,621.81,621.82,617.11,619.32,656,199,0
1776596400,619.22,620.47,617.11,620.24,519,200,0
1776600000,620.23,620.53,618.09,618.89,443,200,0
1776603600,618.89,619.86,618.18,619.35,428,200,0
1776607200,619.41,622.33,619.17,621.40,522,200,0
1776610800,621.46,622.91,621.10,622.23,457,199,0
1776614400,622.20,625.23,622.11,624.16,720,200,0
1776618000,624.17,627.36,622.69,626.07,612,200,0
1776621600,626.01,626.47,622.33,625.08,735,199,0
1776625200,625.11,625.64,622.02,622.53,756,200,0
1776628800,622.59,624.04,619.31,619.43,792,200,0
1776632400,619.46,621.09,618.40,621.09,683,200,0
1776636000,621.25,622.51,621.11,621.93,484,200,0
1776639600,621.93,621.93,619.01,620.28,530,150,0
1776643200,620.43,622.36,619.13,619.45,416,150,0
1776646800,619.31,619.31,614.01,616.01,960,200,0
1776650400,615.91,616.79,614.15,614.99,580,200,0
1776654000,615.10,620.10,615.04,618.84,624,200,0
1776657600,618.67,621.80,618.67,620.93,473,199,0
1776661200,620.93,621.00,619.08,620.24,422,200,0
1776664800,620.33,621.03,620.01,620.69,309,199,0
1776668400,620.70,620.70,619.32,620.02,295,199,0
1776672000,619.95,619.95,616.01,617.81,425,200,0
1776675600,617.75,623.37,617.51,623.24,506,200,0
1776679200,623.54,628.34,622.22,623.69,843,200,0
1776682800,623.72,624.56,621.72,622.82,809,200,0
1776686400,622.81,626.03,622.47,625.72,580,200,0
1776690000,625.83,627.14,625.02,625.05,443,199,0
1776693600,625.05,625.80,624.16,624.50,439,199,0
1776697200,624.50,626.94,623.51,624.05,548,200,0
1776700800,624.16,625.46,622.41,624.82,991,200,0
1776704400,624.82,626.90,621.82,622.59,1059,200,0
1776708000,622.72,627.36,619.88,627.31,921,200,0
1776711600,627.36,628.42,625.90,626.12,730,200,0
1776715200,626.12,629.00,625.71,628.48,694,200,0
1776718800,628.50,630.80,628.29,629.97,646,200,0
1776722400,630.01,630.70,629.01,629.71,354,199,0
1776726000,629.57,630.90,628.57,630.26,388,150,0
1776729600,630.78,631.08,628.23,629.42,354,150,0
1776733200,629.66,630.50,627.76,627.94,337,199,0
1776736800,627.94,628.40,627.01,628.26,297,199,0
1776740400,628.26,630.98,628.26,630.52,452,200,0
1776744000,630.47,631.47,629.13,629.47,429,200,0
1776747600,629.47,629.67,627.43,627.64,363,199,0
1776751200,627.54,629.19,627.17,628.87,379,199,0
1776754800,628.89,629.76,627.84,629.61,286,199,0
1776758400,629.61,631.06,629.56,629.90,312,200,0
1776762000,629.90,632.08,629.05,631.41,338,199,0
1776765600,631.46,632.93,630.79,631.89,454,199,0
1776769200,631.89,636.41,631.27,634.21,555,200,0
1776772800,634.21,635.88,633.70,635.76,602,200,0
1776776400,635.83,639.70,635.79,637.56,624,200,0
1776780000,637.60,637.63,632.44,633.14,771,200,0
1776783600,633.17,633.70,628.91,630.97,626,200,0
1776787200,630.96,632.14,629.70,631.28,767,199,0
1776790800,631.43,634.18,629.12,629.40,945,200,0
1776794400,629.38,631.84,628.38,630.82,926,200,0
1776798000,630.98,632.66,630.30,630.87,726,200,0
1776801600,630.79,631.15,626.19,628.74,929,200,0
1776805200,628.75,629.50,627.32,629.31,578,200,0
1776808800,629.35,630.58,624.01,625.41,731,200,0
1776812400,625.60,629.70,624.57,629.18,645,150,0
1776816000,628.85,628.85,627.69,628.19,281,150,0
1776819600,628.06,628.71,626.72,627.90,400,200,0
1776823200,627.81,631.40,627.81,630.73,422,199,0
1776826800,630.75,632.34,630.75,631.85,480,200,0
1776830400,631.86,632.10,630.20,631.68,425,199,0
1776834000,631.70,639.82,631.45,639.07,848,200,0
1776837600,639.13,640.40,638.19,638.57,587,200,0
1776841200,638.79,639.58,637.67,638.75,331,200,0
1776844800,638.84,643.95,638.66,641.84,789,199,0
1776848400,641.63,642.20,640.47,641.29,372,200,0
1776852000,641.35,641.76,640.33,641.00,368,199,0
1776855600,641.00,641.95,640.02,641.17,331,200,0
1776859200,641.12,642.77,640.76,641.13,343,199,0
1776862800,641.14,642.17,640.52,640.86,281,199,0
1776866400,641.07,641.97,640.13,641.78,368,200,0
1776870000,641.78,642.93,641.14,642.45,472,200,0
1776873600,642.56,652.94,642.12,649.60,866,200,0
1776877200,649.97,652.40,646.90,649.27,1018,200,0
1776880800,649.24,649.45,647.32,648.10,701,200,0
1776884400,648.19,649.96,642.01,643.40,687,200,0
1776888000,643.49,644.78,642.73,643.69,512,200,0
1776891600,643.69,645.85,643.69,644.07,427,200,0
1776895200,644.16,645.42,642.94,643.10,450,200,0
1776898800,643.18,643.18,639.51,640.29,461,150,0
1776902400,640.83,642.41,639.25,640.48,292,150,0
1776906000,640.47,641.43,638.45,639.00,331,199,0
1776909600,638.93,639.58,636.34,636.47,459,199,0
1776913200,636.49,638.50,632.96,637.47,939,200,0
1776916800,637.53,638.11,635.83,636.76,544,200,0
1776920400,636.86,637.16,632.80,633.87,647,200,0
1776924000,633.87,634.88,632.40,634.61,627,200,0
1776927600,634.52,635.38,634.02,635.17,347,199,0
1776931200,635.18,636.19,634.48,635.86,348,199,0
1776934800,635.96,637.20,635.66,635.95,457,200,0
1776938400,635.99,636.20,634.42,634.70,437,199,0
1776942000,634.70,635.29,633.18,634.38,395,199,0
1776945600,634.38,634.45,631.18,631.85,396,199,0
1776949200,631.79,632.33,630.01,630.63,464,200,0
1776952800,630.72,632.92,630.32,632.56,476,200,0
1776956400,632.52,633.98,631.23,633.70,488,200,0
1776960000,633.70,635.00,633.34,635.00,606,200,0
1776963600,634.96,636.33,634.33,636.00,635,199,0
1776967200,636.01,639.00,634.86,638.74,628,200,0
1776970800,638.75,639.38,637.42,637.54,606,200,0
1776974400,637.54,637.92,630.15,632.89,1127,200,0
1776978000,632.89,635.66,632.63,633.15,776,200,0
1776981600,633.11,635.55,632.66,634.91,496,200,0
1776985200,635.02,637.54,634.71,637.05,405,150,0
1776988800,636.69,637.96,635.87,636.89,281,150,0
1776992400,636.81,638.80,636.81,637.57,334,199,0
1776996000,637.47,637.76,636.57,637.55,218,199,0
1776999600,637.56,639.42,637.11,638.93,411,199,0
1777003200,638.93,638.93,636.44,638.60,297,200,0
1777006800,638.56,638.76,635.61,635.77,313,199,0
1777010400,635.62,635.82,632.60,633.61,395,199,0
1777014000,633.38,633.60,631.45,632.87,337,199,0
1777017600,632.74,633.65,631.04,633.11,475,200,0
1777021200,633.18,634.36,632.39,633.57,393,199,0
1777024800,633.51,636.09,633.34,634.00,399,199,0
1777028400,633.99,636.87,633.75,636.04,425,200,0
1777032000,636.10,636.19,632.35,632.97,361,199,0
1777035600,633.04,634.55,632.61,633.89,339,199,0
1777039200,633.89,637.75,633.89,637.10,581,199,0
1777042800,637.10,637.82,635.48,637.57,457,199,0
1777046400,637.64,639.49,636.43,637.44,654,200,0
1777050000,637.39,638.01,635.06,637.23,614,200,0
1777053600,637.23,638.77,634.95,638.60,558,199,0
1777057200,638.60,638.97,635.75,636.91,431,200,0
1777060800,636.89,637.49,635.55,636.72,453,200,0
1777064400,636.77,636.86,634.35,636.48,373,199,0
1777068000,636.52,637.91,635.81,637.24,322,199,0
1777071600,637.22,637.30,635.47,637.25,309,150,0
1777082400,635.43,635.68,634.95,635.21,155,150,0
1777086000,635.21,635.61,634.51,634.96,174,199,0
1777089600,634.98,636.34,634.76,636.04,188,199,0
1777093200,636.04,636.69,635.57,636.69,160,199,0
1777096800,636.69,636.69,635.92,636.46,197,199,0
1777100400,636.50,636.89,635.93,636.73,132,199,0
1777104000,636.73,636.73,635.42,635.70,163,199,0
1777107600,635.70,637.08,635.30,636.46,189,199,0
1777111200,636.39,636.61,635.80,635.80,206,199,0
1777114800,635.71,637.48,635.48,637.08,219,199,0
1777118400,637.08,637.28,636.17,636.65,186,199,0
1777122000,636.65,637.30,636.47,636.99,156,199,0
1777125600,636.99,636.99,633.21,633.65,265,199,0
1777129200,633.67,634.15,631.86,631.94,286,199,0
1777132800,632.02,632.90,631.74,631.74,301,199,0
1777136400,631.74,631.87,629.93,629.93,439,199,0
1777140000,629.89,630.67,628.17,628.91,460,200,0
1777143600,628.83,629.41,626.37,628.52,412,200,0
1777147200,628.52,628.99,626.38,626.41,316,199,0
1777150800,626.23,628.13,626.16,627.72,249,200,0
1777154400,627.67,628.40,627.18,627.67,212,199,0
1777158000,627.79,628.66,627.35,628.57,168,150,0
1777161600,628.82,628.82,627.93,628.41,157,150,0
1777165200,628.41,629.43,628.01,628.57,224,199,0
1777168800,628.61,628.67,627.41,627.52,192,199,0
1777172400,627.55,627.89,626.51,626.79,122,199,0
1777176000,628.12,629.74,627.29,628.77,248,150,0
1777179600,628.79,629.11,627.61,628.95,192,200,0
1777183200,628.99,628.99,626.01,627.63,265,199,0
1777186800,627.61,629.72,627.28,629.09,255,199,0
1777190400,629.09,631.79,629.02,630.62,388,199,0
1777194000,630.64,631.46,629.78,630.05,289,200,0
1777197600,630.05,631.61,629.29,631.52,244,199,0
1777201200,631.53,631.73,628.91,629.61,262,199,0
1777204800,629.61,631.13,629.01,630.76,217,199,0
1777208400,630.71,630.85,630.20,630.44,217,199,0
1777212000,630.44,631.70,630.44,631.55,220,199,0
1777215600,631.55,631.55,629.61,629.98,219,199,0
1777219200,630.00,630.73,629.65,630.38,217,199,0
1777222800,630.38,632.03,629.95,631.15,376,200,0
1777226400,631.05,631.88,630.63,631.28,235,200,0
1777230000,631.35,631.54,630.09,630.15,187,199,0
1777233600,630.15,631.00,629.60,630.99,194,199,0
1777237200,630.99,633.40,630.73,632.88,355,199,0
1777240800,632.87,635.74,632.55,634.90,415,200,0
1777244400,634.92,635.28,633.54,633.88,239,150,0
1777248000,634.57,635.68,632.01,634.68,329,150,0
1777251600,634.71,637.00,632.70,634.03,571,200,0
1777255200,634.03,635.79,632.85,634.77,411,199,0
1777258800,634.80,637.39,632.91,637.13,517,200,0
1777262400,637.37,638.79,634.74,637.49,677,199,0
1777266000,637.50,638.65,636.42,637.48,552,200,0
1777269600,637.47,638.78,637.19,637.27,347,200,0
1777273200,637.27,637.64,635.41,635.88,356,199,0
1777276800,635.88,636.11,626.89,628.20,1029,200,0
1777280400,628.17,628.55,624.15,626.32,628,200,0
1777284000,626.23,626.59,624.51,624.87,479,200,0
1777287600,624.82,627.06,624.45,627.02,501,199,0
1777291200,627.04,627.94,626.31,627.49,332,199,0
1777294800,627.33,627.62,626.63,626.81,250,199,0
1777298400,626.75,626.92,625.58,626.40,293,199,0
1777302000,626.36,626.36,624.21,624.80,344,199,0
1777305600,624.79,626.02,623.17,624.50,620,200,0
1777309200,624.43,627.56,624.00,625.30,721,200,0
1777312800,625.42,625.44,617.56,619.94,1077,200,0
1777316400,619.77,621.30,619.51,620.50,537,200,0
1777320000,620.59,623.02,620.59,622.06,435,200,0
1777323600,622.01,622.80,621.32,622.50,358,199,0
1777327200,622.42,622.58,620.01,622.53,368,200,0
1777330800,622.66,623.61,622.59,623.21,218,150,0
1777334400,622.99,623.68,622.34,622.34,232,150,0
1777338000,622.47,624.12,622.14,623.79,247,199,0
1777341600,623.79,626.31,623.31,625.83,263,199,0
1777345200,625.88,626.58,625.02,626.08,336,200,0
1777348800,626.00,626.10,624.77,624.83,288,199,0
1777352400,624.92,625.64,622.28,623.42,363,199,0
1777356000,623.50,623.66,622.45,623.53,288,199,0
1777359600,623.53,624.89,622.87,624.51,318,200,0
1777363200,624.59,625.62,623.44,623.75,314,199,0
1777366800,623.81,624.93,622.16,622.16,329,200,0
1777370400,622.26,623.50,620.87,623.26,343,199,0
1777374000,623.24,624.47,622.77,623.55,340,199,0
1777377600,623.50,623.91,621.41,621.98,367,199,0
1777381200,621.98,622.74,621.45,621.71,295,199,0
1777384800,621.86,621.96,620.22,620.86,489,200,0
1777388400,621.00,622.53,620.14,622.26,475,200,0
1777392000,622.26,622.63,619.66,621.22,618,200,0
1777395600,621.20,621.30,618.17,621.30,654,200,0
1777399200,621.32,622.00,620.82,621.82,418,200,0
1777402800,621.82,622.59,620.83,622.48,396,199,0
1777406400,622.48,623.00,621.44,622.52,324,199,0
1777410000,622.52,623.01,622.06,622.73,219,199,0
1777413600,622.73,623.30,621.98,623.17,193,199,0
1777417200,623.20,623.65,622.75,623.54,195,150,0
1777420800,623.87,623.87,622.01,622.61,193,150,0
1777424400,622.64,623.38,621.88,622.25,209,199,0
1777428000,622.21,623.64,621.96,623.56,199,199,0
1777431600,623.56,623.91,622.58,623.61,250,199,0
1777435200,623.61,624.33,621.57,623.73,347,200,0
1777438800,623.79,624.30,622.62,623.19,265,199,0
1777442400,623.20,625.59,623.12,625.05,381,200,0
1777446000,625.10,627.50,624.08,626.87,378,199,0
1777449600,626.92,627.23,626.06,626.36,254,199,0
1777453200,626.42,626.61,624.50,625.06,364,200,0
1777456800,625.09,625.73,624.01,624.12,352,199,0
1777460400,624.16,624.86,623.55,624.62,348,199,0
1777464000,624.62,628.45,624.26,628.06,481,199,0
1777467600,628.06,628.61,626.51,626.85,427,199,0
1777471200,626.68,627.00,624.92,625.01,379,200,0
1777474800,625.02,625.06,621.21,622.88,608,200,0
1777478400,622.85,623.20,619.03,621.17,725,200,0
1777482000,621.13,621.86,619.75,620.14,594,200,0
1777485600,620.15,620.33,614.63,615.45,817,200,0
1777489200,615.52,617.01,615.29,616.73,577,200,0
1777492800,616.74,619.00,616.74,619.00,471,150,0
1777496400,618.95,619.26,609.27,612.76,1114,200,0
1777500000,612.86,613.46,611.38,612.25,481,200,0
1777503600,612.48,615.15,612.09,614.64,494,150,0
1777507200,614.70,617.58,614.13,616.18,321,150,0
1777510800,616.18,617.14,615.61,617.04,259,200,0
1777514400,617.04,617.24,615.72,616.39,291,200,0
1777518000,616.48,619.41,615.80,619.28,460,200,0
1777521600,619.23,619.53,618.22,618.22,393,199,0
1777525200,618.22,619.18,615.12,616.43,639,199,0
1777528800,616.45,617.48,616.00,616.89,342,199,0
1777532400,616.89,617.00,613.54,613.66,382,199,0
1777536000,613.71,615.51,612.48,615.35,396,200,0
1777539600,615.37,615.80,614.56,614.65,329,199,0
1777543200,614.68,617.26,614.53,616.51,367,199,0
1777546800,616.53,617.40,615.61,615.61,345,150,0
1777550400,615.61,617.75,615.58,615.90,309,199,0
1777554000,615.90,616.28,614.63,614.85,303,200,0
1777557600,614.93,616.31,613.61,614.64,353,199,0
1777561200,614.70,615.80,614.01,614.29,330,199,0
1777564800,614.37,615.70,613.21,614.64,525,200,0
1777568400,614.61,615.51,612.59,615.43,674,200,0
1777572000,615.43,617.13,614.77,616.10,591,200,0
1777575600,616.07,616.15,615.01,615.34,330,200,0
1777579200,615.30,616.36,614.77,616.11,273,150,0
1777582800,616.11,617.69,616.11,616.57,330,199,0
1777586400,616.48,617.84,616.24,617.45,319,200,0
1777590000,617.44,617.62,616.88,616.99,223,150,0
1777593600,617.04,617.04,615.01,615.01,192,150,0
1777597200,615.04,615.40,613.91,614.08,237,199,0
1777600800,614.13,614.63,613.79,614.38,194,200,0
1777604400,614.38,615.80,614.29,614.57,317,199,0
1777608000,614.57,616.54,614.51,616.51,266,199,0
1777611600,616.51,616.54,615.51,616.18,268,200,0
1777615200,616.18,620.29,615.90,617.50,503,199,0
1777618800,617.56,618.08,616.00,616.11,342,199,0
1777622400,616.11,617.29,616.00,616.90,263,199,0
1777626000,616.96,617.37,615.04,615.78,297,199,0
1777629600,615.67,616.61,615.13,616.42,288,150,0
1777633200,616.40,618.55,616.14,617.67,307,200,0
1777636800,617.67,617.70,615.45,615.87,277,199,0
1777640400,615.87,616.41,614.95,616.41,303,199,0
1777644000,616.41,618.00,616.41,617.93,237,199,0
1777647600,617.92,619.84,617.45,618.14,571,199,0
1777651200,618.17,621.84,618.17,621.40,677,200,0
1777654800,621.48,621.77,618.57,619.71,579,200,0
1777658400,619.65,621.62,618.75,619.83,455,200,0
1777662000,619.86,620.79,618.36,618.55,488,199,0
1777665600,618.49,619.50,617.99,619.35,311,200,0
1777669200,619.40,620.03,618.01,618.26,297,150,0
1777672800,618.38,619.38,617.91,618.24,279,199,0
1777676400,618.24,618.37,615.41,616.15,267,150,0
1777687200,614.25,614.66,612.84,614.34,224,150,0
1777690800,614.34,615.13,613.78,614.86,287,199,0
1777694400,614.85,615.57,614.60,614.82,220,199,0
1777698000,614.82,616.20,614.62,615.11,232,199,0
1777701600,615.15,615.77,614.40,615.19,203,199,0
1777705200,615.19,615.22,613.50,614.01,223,199,0
1777708800,614.03,614.67,613.16,614.21,232,199,0
1777712400,614.22,615.30,613.87,615.21,195,199,0
1777716000,615.21,615.40,614.26,614.91,157,199,0
1777719600,614.85,615.20,614.25,614.74,209,199,0
1777723200,614.74,614.93,614.23,614.64,162,199,0
1777726800,614.64,614.86,614.17,614.76,143,199,0
1777730400,614.76,614.76,613.72,614.67,184,199,0
1777734000,614.67,615.45,614.39,614.89,235,199,0
1777737600,614.89,616.19,614.89,616.19,241,199,0
1777741200,616.19,616.62,615.66,615.77,259,199,0
1777744800,615.77,617.27,615.70,617.23,212,200,0
1777748400,617.25,618.48,616.74,617.63,258,150,0
1777752000,617.64,618.30,617.03,617.33,206,199,0
1777755600,617.31,618.22,616.72,617.63,204,199,0
1777759200,617.63,617.97,617.24,617.77,190,199,0
1777762800,617.84,617.87,617.27,617.82,189,150,0
1777766400,618.09,620.78,617.72,618.57,345,150,0
1777770000,618.63,618.88,617.35,618.72,290,199,0
1777773600,618.72,618.72,616.78,617.02,239,199,0
1777777200,617.03,617.49,616.01,616.98,128,199,0
1777780800,617.02,617.02,614.64,615.03,263,150,0
1777784400,615.02,615.28,614.10,614.67,260,150,0
1777788000,614.64,615.56,614.36,615.22,206,199,0
1777791600,615.22,615.29,614.43,614.58,171,199,0
1777795200,614.58,616.53,614.58,616.09,213,199,0
1777798800,616.01,616.22,614.32,615.88,228,200,0
1777802400,615.88,617.35,615.56,615.97,235,199,0
1777806000,615.97,616.84,615.69,616.58,196,199,0
1777809600,616.63,618.40,616.57,617.65,210,199,0
1777813200,617.65,617.72,616.65,616.65,207,199,0
1777816800,616.61,618.54,616.15,617.82,287,199,0
1777820400,617.88,618.80,617.88,618.06,251,199,0
1777824000,618.06,618.25,617.19,617.97,226,199,0
1777827600,618.00,619.21,617.91,619.00,246,200,0
1777831200,618.98,619.58,618.60,618.87,233,200,0
1777834800,618.97,619.35,617.79,618.89,261,199,0
1777838400,618.88,619.78,617.97,618.78,292,200,0
1777842000,618.72,618.96,618.11,618.50,209,199,0
1777845600,618.50,618.97,617.91,618.27,231,199,0
1777849200,618.27,619.94,617.81,618.84,307,150,0
1777852800,618.54,618.95,616.93,617.88,263,150,0
1777856400,618.02,621.00,618.02,619.83,568,200,0
1777860000,619.68,621.27,616.05,616.28,482,200,0
1777863600,616.22,616.54,614.65,616.18,465,200,0
1777867200,616.27,622.20,615.34,621.15,728,200,0
1777870800,621.34,625.66,620.82,623.76,1066,200,0
1777874400,623.72,625.58,622.89,625.58,636,200,0
1777878000,625.66,637.98,625.66,631.65,785,200,0
1777881600,631.51,633.63,630.84,632.27,406,199,0
1777885200,632.27,633.13,626.10,627.46,737,200,0
1777888800,627.58,628.58,626.69,627.40,451,200,0
1777892400,627.32,627.99,626.52,627.09,368,200,0
1777896000,627.03,630.01,626.74,629.55,322,199,0
1777899600,629.60,629.60,619.01,622.72,1370,200,0
1777903200,622.61,623.51,621.47,621.91,511,200,0
1777906800,621.91,622.48,621.03,621.38,443,199,0
1777910400,621.27,623.50,620.22,622.36,626,200,0
1777914000,622.36,627.44,620.46,626.19,971,200,0
1777917600,626.19,627.43,622.49,624.48,1157,200,0
1777921200,624.45,625.77,622.51,624.84,952,200,0
1777924800,624.92,627.79,624.72,626.75,672,199,0
1777928400,626.82,627.00,624.45,624.81,418,200,0
1777932000,624.85,624.86,623.73,623.93,365,200,0
1777935600,623.97,624.63,621.72,622.40,313,150,0
1777939200,622.78,624.40,622.38,624.03,259,150,0
1777942800,623.93,624.91,623.15,623.31,285,199,0
1777946400,623.31,623.31,621.60,621.64,344,199,0
1777950000,621.59,623.97,621.58,623.80,373,199,0
1777953600,623.82,624.68,623.15,623.65,359,199,0
1777957200,623.53,625.86,623.36,624.21,443,199,0
1777960800,624.25,627.12,623.81,626.89,484,199,0
1777964400,626.78,626.96,624.90,625.20,376,200,0
1777968000,625.10,627.60,624.74,627.21,383,199,0
1777971600,627.21,627.34,625.18,626.04,458,200,0
1777975200,625.96,627.81,625.78,626.55,378,200,0
1777978800,626.49,627.90,626.16,626.33,340,199,0
1777982400,626.37,626.47,624.94,626.00,353,199,0
1777986000,625.99,627.63,625.59,627.26,340,200,0
1777989600,627.33,627.99,626.93,627.60,296,199,0
1777993200,627.58,629.43,627.06,628.92,398,200,0
1777996800,628.94,632.81,628.94,630.05,757,200,0
1778000400,630.07,630.45,627.52,629.65,760,200,0
1778004000,629.52,631.34,629.24,630.01,491,199,0
1778007600,630.11,630.95,627.80,628.30,445,200,0
1778011200,628.30,628.42,626.82,627.98,366,200,0
1778014800,628.04,629.44,627.98,629.33,321,199,0
1778018400,629.38,631.38,629.18,630.73,314,199,0
1778022000,630.72,633.39,630.60,632.49,456,150,0
1778025600,633.60,633.62,630.71,632.29,373,150,0
1778029200,632.34,633.67,629.19,630.89,637,200,0
1778032800,630.85,631.31,628.72,629.43,321,200,0
1778036400,629.42,630.60,628.13,629.94,415,200,0
1778040000,629.94,633.41,629.54,633.36,392,199,0
1778043600,633.40,634.00,631.66,633.16,451,200,0
1778047200,633.20,634.57,630.25,634.18,552,200,0
1778050800,634.31,635.19,632.52,633.68,496,200,0
1778054400,633.66,633.94,631.86,633.86,430,200,0
1778058000,633.86,635.17,633.51,634.88,423,200,0
1778061600,634.91,639.39,634.73,636.99,550,200,0
1778065200,636.96,645.59,636.96,645.18,742,200,0
1778068800,645.22,646.51,642.45,645.97,757,200,0
1778072400,646.00,647.33,644.00,644.51,592,199,0
1778076000,644.51,651.66,644.39,651.56,984,200,0
1778079600,651.55,663.07,650.46,656.09,1208,200,0
1778083200,656.06,656.06,644.88,646.40,1263,200,0
1778086800,646.35,649.30,642.64,646.33,1170,200,0
1778090400,646.25,648.54,645.71,647.52,732,200,0
1778094000,647.45,649.65,645.30,648.50,690,200,0
1778097600,648.65,649.41,646.80,647.60,539,200,0
1778101200,647.66,649.49,646.33,648.77,646,200,0
1778104800,648.74,649.93,647.79,649.45,538,200,0
1778108400,649.46,650.50,646.67,648.12,465,150,0
1778112000,648.34,649.51,646.47,648.79,330,150,0
1778115600,648.86,649.16,645.62,645.87,429,200,0
1778119200,645.85,646.76,643.52,646.74,413,199,0
1778122800,646.78,648.81,643.71,643.88,577,200,0
1778126400,643.72,644.47,640.96,643.94,730,200,0
1778130000,644.12,644.26,641.10,642.94,684,200,0
1778133600,642.89,643.51,640.65,641.54,513,200,0
1778137200,641.57,643.18,641.11,643.18,466,200,0
1778140800,643.18,646.08,643.14,646.08,386,199,0
1778144400,646.05,647.18,643.93,647.18,400,199,0
1778148000,647.19,652.40,646.63,650.92,585,150,0
1778151600,650.97,652.10,648.16,650.05,621,200,0
1778155200,650.06,650.07,646.63,647.91,487,200,0
1778158800,648.01,648.65,645.16,646.66,527,199,0
1778162400,646.71,648.23,645.51,647.02,547,200,0
1778166000,646.91,650.00,646.29,649.80,561,200,0
1778169600,649.68,649.68,644.37,645.82,942,200,0
1778173200,645.83,646.08,639.77,641.37,945,200,0
1778176800,641.37,643.02,638.42,641.46,872,200,0
1778180400,641.40,642.59,638.34,640.45,862,200,0
1778184000,640.67,642.65,638.76,642.63,755,200,0
1778187600,642.65,643.67,641.21,642.47,537,199,0
1778191200,642.35,643.19,640.93,642.62,537,199,0
1778194800,642.71,644.15,642.42,642.66,447,150,0
1778198400,642.76,642.92,640.41,641.48,379,150,0
1778202000,641.39,641.39,632.72,634.57,681,199,0
1778205600,634.43,636.42,633.36,636.01,375,200,0
1778209200,636.15,638.10,635.68,636.85,461,200,0
1778212800,637.06,637.53,635.13,637.11,384,200,0
1778216400,637.07,638.88,634.47,637.74,635,200,0
1778220000,637.68,639.54,635.89,638.45,571,199,0
1778223600,638.45,640.00,637.20,638.81,352,200,0
1778227200,638.83,639.13,637.01,637.01,343,199,0
1778230800,636.96,637.38,633.96,635.64,509,200,0
1778234400,635.56,635.91,633.93,635.91,424,200,0
1778238000,635.90,637.22,634.89,637.22,378,200,0
1778241600,637.15,638.66,636.55,637.39,346,199,0
1778245200,637.44,639.10,636.83,638.55,413,199,0
1778248800,638.56,640.40,638.56,640.03,420,200,0
1778252400,640.01,640.24,638.17,638.72,554,200,0
1778256000,638.72,639.09,636.55,637.97,679,200,0
1778259600,637.99,641.77,637.92,641.26,818,200,0
1778263200,641.26,643.00,638.43,642.92,765,200,0
1778266800,642.96,643.15,641.37,641.47,584,200,0
1778270400,641.47,646.08,641.39,644.73,771,200,0
1778274000,644.76,648.30,644.76,646.71,738,200,0
1778277600,646.70,647.77,645.93,647.02,510,200,0
1778281200,647.12,647.93,645.04,645.92,442,150,0
1778292000,649.32,649.50,646.81,648.37,285,150,0
1778295600,648.37,651.41,648.02,650.90,349,200,0
1778299200,650.90,654.88,650.88,653.58,476,199,0
1778302800,653.42,654.17,652.71,653.24,370,200,0
1778306400,653.27,653.92,651.99,652.67,366,200,0
1778310000,652.67,655.00,651.98,652.16,449,199,0
1778313600,652.17,652.17,649.92,650.16,703,200,0
1778317200,650.25,650.92,648.89,650.69,444,200,0
1778320800,650.60,650.60,648.01,648.79,322,199,0
1778324400,648.77,649.96,648.67,649.63,298,199,0
1778328000,649.62,650.03,647.56,648.80,314,150,0
1778331600,648.84,648.91,647.44,648.18,280,199,0
1778335200,648.17,649.61,648.08,649.05,296,199,0
1778338800,649.01,649.67,648.08,648.84,304,200,0
1778342400,648.84,648.96,647.44,648.46,341,199,0
1778346000,648.51,648.51,645.86,646.00,426,199,0
1778349600,646.00,647.38,645.24,646.66,404,200,0
1778353200,646.72,648.79,646.02,647.35,441,200,0
1778356800,647.35,649.62,647.35,648.90,395,199,0
1778360400,649.03,650.85,648.88,650.09,308,199,0
1778364000,650.10,650.20,649.47,650.01,223,199,0
1778367600,650.12,650.12,649.01,649.88,197,150,0
1778371200,649.69,651.33,649.69,650.49,288,199,0
1778374800,650.53,651.18,649.50,650.00,247,199,0
1778378400,650.00,650.59,648.54,648.75,166,199,0
1778382000,648.76,649.50,647.63,648.75,148,200,0
1778385600,646.15,646.15,643.85,645.69,316,150,0
1778389200,645.69,646.86,644.64,646.70,336,150,0
1778392800,646.70,647.89,645.96,646.71,253,199,0
1778396400,646.71,647.69,646.34,647.01,297,200,0
1778400000,646.89,647.80,646.59,647.39,286,200,0
1778403600,647.37,647.95,646.30,647.50,262,199,0
1778407200,647.51,648.29,646.84,647.29,320,199,0
1778410800,647.29,649.64,647.01,649.38,328,199,0
1778414400,649.47,650.81,648.65,650.37,325,150,0
1778418000,650.57,650.63,648.82,649.91,307,200,0
1778421600,649.91,650.41,647.26,648.59,292,199,0
1778425200,648.54,648.64,647.49,648.62,301,199,0
1778428800,648.62,650.52,648.19,650.10,344,199,0
1778432400,650.04,651.49,649.01,650.62,376,200,0
1778436000,650.70,655.20,650.70,654.51,548,200,0
1778439600,654.68,656.54,653.46,656.13,520,200,0
1778443200,656.14,660.00,655.17,659.61,537,200,0
1778446800,659.63,661.00,658.47,659.66,446,199,0
1778450400,659.56,661.38,657.81,660.14,473,199,0
1778454000,660.19,661.66,647.71,650.93,964,150,0
1778457600,651.55,653.66,649.82,651.53,597,150,0
1778461200,651.09,665.50,650.80,664.79,1113,200,0
1778464800,664.80,665.66,662.25,662.56,742,200,0
1778468400,662.62,663.85,655.47,656.82,825,200,0
1778472000,656.65,659.54,654.77,656.20,825,200,0
1778475600,656.23,656.94,653.04,654.34,688,200,0
1778479200,654.35,654.35,649.08,650.80,776,200,0
1778482800,650.70,652.29,649.64,651.05,539,200,0
1778486400,650.98,652.84,650.21,652.00,488,200,0
1778490000,651.99,653.17,649.79,650.50,622,200,0
1778493600,650.47,650.50,648.95,649.55,433,200,0
1778497200,649.55,650.95,648.25,650.05,505,200,0
1778500800,649.96,652.15,649.95,651.85,523,200,0
1778504400,651.95,653.65,651.65,652.85,471,200,0
1778508000,652.85,654.95,652.15,654.95,429,200,0
1778511600,654.95,655.45,653.15,653.65,651,200,0
1778515200,653.75,655.55,650.35,653.45,1237,199,0
1778518800,653.45,655.16,650.55,655.15,1349,200,0
1778522400,655.25,660.45,654.45,660.45,1163,200,0
1778526000,660.35,662.35,658.85,660.55,1041,200,0
1778529600,660.60,662.06,658.45,661.45,703,200,0
1778533200,661.45,662.35,660.25,660.45,569,200,0
1778536800,660.45,662.45,659.85,662.15,567,200,0
1778540400,662.25,662.75,659.85,661.75,463,150,0
1778544000,662.05,663.15,661.55,662.75,333,199,0
1778547600,662.85,670.40,661.85,669.12,1164,200,0
1778551200,669.05,672.05,667.15,669.55,1315,200,0
1778554800,669.60,670.45,666.45,667.75,959,200,0
1778558400,667.85,668.65,658.15,662.45,1647,200,0
1778562000,662.36,664.06,660.35,661.95,700,200,0
1778565600,661.90,662.55,659.95,661.05,566,199,0
1778569200,660.95,663.10,660.05,661.55,795,200,0
1778572800,661.55,663.15,661.35,661.35,486,200,0
1778576400,661.35,662.36,658.85,659.05,465,199,0
1778580000,658.95,659.85,656.65,657.46,588,200,0
1778583600,657.35,659.25,656.45,658.35,630,200,0
1778587200,658.25,660.95,657.45,660.75,649,200,0
1778590800,660.65,661.35,659.16,660.45,513,199,0
1778594400,660.55,662.35,659.75,662.35,757,200,0
1778598000,662.25,663.66,660.15,660.45,1008,200,0
1778601600,660.35,661.85,655.25,655.96,1221,200,0
1778605200,656.05,657.65,651.50,652.95,1389,200,0
1778608800,652.85,654.95,649.45,651.15,1014,200,0
1778612400,651.05,652.75,649.45,650.75,697,200,0
1778616000,650.80,655.65,650.75,655.35,548,200,0
1778619600,655.35,659.75,655.05,659.25,414,199,0
1778623200,659.25,662.25,659.25,661.85,444,199,0
1778626800,661.95,664.60,661.85,664.51,342,150,0
1778630400,664.65,666.15,663.55,664.16,309,200,0
1778634000,664.25,667.15,664.25,665.15,433,199,0
1778637600,665.15,665.55,663.15,663.95,318,199,0
1778641200,663.95,667.15,663.45,666.55,596,199,0
1778644800,666.45,678.95,665.95,677.35,2048,200,0
1778648400,677.40,679.85,676.85,679.45,994,200,0
1778652000,679.35,682.05,678.75,680.35,674,200,0
1778655600,680.45,681.35,675.65,678.76,746,200,0
1778659200,678.86,680.35,676.65,677.25,552,199,0
1778662800,677.25,677.95,674.88,675.36,531,200,0
1778666400,675.26,678.06,674.95,677.95,448,199,0
1778670000,678.05,681.86,677.35,681.85,796,200,0
1778673600,681.95,684.65,680.75,684.15,744,200,0
1778677200,684.15,684.46,679.25,679.35,553,200,0
1778680800,679.35,679.86,676.45,677.45,653,200,0
1778684400,677.45,679.25,667.85,671.55,2282,200,0
1778688000,671.65,673.75,665.95,666.55,1930,200,0
1778691600,666.45,672.25,664.35,670.95,1895,200,0
1778695200,670.95,672.76,662.75,663.15,1734,200,0
1778698800,663.25,669.25,663.15,669.05,1304,200,0
1778702400,669.15,670.25,667.95,669.75,667,200,0
1778706000,669.85,673.65,669.75,670.55,582,200,0
1778709600,670.45,670.95,667.95,670.25,559,199,0
1778713200,670.25,671.61,669.65,671.58,371,150,0
1778716800,670.55,670.66,667.85,668.15,355,199,0
1778720400,668.25,671.16,667.05,670.95,418,200,0
1778724000,671.05,672.65,670.15,670.55,442,200,0
1778727600,670.55,676.45,670.35,674.05,925,200,0
1778731200,673.85,675.35,672.85,674.45,705,200,0
1778734800,674.35,674.66,668.35,668.86,941,200,0
1778738400,668.86,670.55,664.25,664.75,1505,200,0
1778742000,664.80,667.35,664.35,666.35,509,200,0
1778745600,666.35,670.46,665.95,668.65,718,199,0
1778749200,668.60,670.46,668.00,669.06,535,199,0
1778752800,669.15,671.05,667.25,668.26,633,199,0
1778756400,668.26,672.45,667.65,672.05,608,200,0
1778760000,672.15,672.46,668.45,669.55,656,199,0
1778763600,669.45,672.35,669.35,672.15,549,200,0
1778767200,672.15,672.86,669.75,669.75,628,199,0
1778770800,669.65,677.35,669.55,677.25,843,200,0
1778774400,677.35,677.45,672.75,673.25,1513,200,0
1778778000,673.15,679.25,672.95,677.35,1916,200,0
1778781600,677.45,679.65,675.35,678.95,1340,200,0
1778785200,679.00,681.75,677.45,681.55,1518,200,0
1778788800,681.65,686.46,679.75,681.05,1847,200,0
1778792400,680.95,684.15,679.45,681.45,1169,200,0
1778796000,681.55,682.15,678.35,679.15,628,200,0
1778799600,679.25,679.83,677.15,679.83,588,150,0
1778803200,679.55,680.60,678.35,680.16,363,150,0
1778806800,680.25,680.95,679.35,679.75,576,199,0
1778810400,679.75,679.75,676.35,677.35,497,200,0
1778814000,677.45,685.36,677.05,682.45,1647,200,0
1778817600,682.56,684.15,678.65,678.85,2092,200,0
1778821200,678.75,679.85,676.45,678.85,1809,200,0
1778824800,678.95,683.00,677.75,681.05,1075,200,0
1778828400,680.95,680.95,677.25,677.35,773,200,0
1778832000,677.45,678.66,672.95,675.26,1894,200,0
1778835600,675.15,682.55,674.75,682.15,1258,200,0
1778839200,682.20,688.36,680.25,683.45,1237,200,0
1778842800,683.47,686.35,681.75,684.85,1318,200,0
1778846400,684.95,684.95,680.65,682.15,1068,200,0
1778850000,682.05,689.05,681.25,688.26,930,200,0
1778853600,688.35,688.65,684.55,685.55,677,200,0
1778857200,685.46,685.75,681.05,681.75,1051,200,0
1778860800,681.70,681.75,669.45,670.25,3089,200,0
1778864400,670.35,675.65,668.85,674.95,2341,200,0
1778868000,674.85,675.45,667.95,670.65,1441,200,0
1778871600,670.75,674.35,670.15,673.65,930,199,0
1778875200,673.55,675.85,673.45,674.35,686,200,0
1778878800,674.46,675.62,672.15,673.36,677,200,0
1778882400,673.35,674.35,671.35,673.05,619,199,0
1778886000,673.15,673.46,671.05,672.87,506,150,0
1778896800,672.72,672.72,670.25,671.36,301,150,0
1778900400,671.35,673.95,670.86,671.15,332,199,0
1778904000,671.15,672.55,669.35,669.35,357,200,0
1778907600,669.46,670.15,666.35,667.75,439,199,0
1778911200,667.65,667.96,663.85,664.25,447,200,0
1778914800,664.15,664.15,659.75,661.56,901,200,0
1778918400,661.55,663.86,660.45,663.35,408,199,0
1778922000,663.36,663.89,658.45,659.25,745,200,0
1778925600,659.26,660.25,655.11,659.55,1221,200,0
1778929200,659.45,660.75,658.55,660.55,468,199,0
1778932800,660.55,660.75,650.25,651.46,1429,200,0
1778936400,651.36,653.45,649.65,652.95,943,200,0
1778940000,653.06,655.05,653.05,653.05,399,150,0
1778943600,653.05,653.65,651.85,652.46,425,199,0
1778947200,652.46,652.46,650.85,651.05,383,200,0
1778950800,651.15,653.96,650.15,652.05,536,150,0
1778954400,651.95,656.65,651.95,654.05,450,199,0
1778958000,653.95,655.90,653.75,655.75,422,199,0
1778961600,655.80,656.25,654.05,654.75,267,199,0
1778965200,654.65,657.15,654.34,656.75,272,199,0
1778968800,656.78,656.85,654.75,655.06,236,199,0
1778972400,655.06,656.46,654.95,655.89,241,150,0
1778976000,655.93,656.55,655.15,656.26,195,150,0
1778979600,656.20,656.35,655.16,655.45,186,150,0
1778983200,655.45,656.05,654.85,655.16,243,199,0
1778986800,655.15,656.25,650.85,651.05,299,199,0
1778990400,651.25,652.85,648.85,649.55,820,150,0
1778994000,649.45,651.25,649.45,650.16,560,150,0
1778997600,650.26,652.85,650.15,651.65,397,150,0
1779001200,651.55,653.76,651.25,653.65,343,200,0
1779004800,653.65,655.05,653.55,653.95,345,150,0
1779008400,654.00,654.86,653.34,654.15,245,150,0
1779012000,654.23,654.75,653.45,654.05,217,199,0
1779015600,654.06,654.25,652.65,652.94,256,199,0
1779019200,652.95,653.56,649.25,652.05,337,199,0
1779022800,652.05,654.45,652.05,653.75,376,199,0
1779026400,653.65,654.35,652.65,653.95,265,200,0
1779030000,653.96,656.35,653.25,655.35,256,199,0
1779033600,655.35,655.35,651.85,652.65,356,199,0
1779037200,652.55,652.66,649.45,651.05,580,200,0
1779040800,651.00,651.85,649.85,651.25,351,199,0
1779044400,651.25,652.46,650.35,650.65,283,200,0
1779048000,650.65,650.95,649.05,650.65,389,200,0
1779051600,650.65,652.45,649.75,652.35,375,199,0
1779055200,652.45,655.35,652.45,654.95,271,200,0
1779058800,655.06,655.25,652.85,653.83,244,150,0
1779062400,653.78,656.55,653.23,655.95,265,150,0
1779066000,655.85,655.85,651.86,652.65,1023,200,0
1779069600,652.75,652.75,638.89,648.26,2807,150,0
1779073200,648.35,648.55,643.85,645.25,2897,200,0
1779076800,645.15,645.65,641.05,645.46,2100,200,0
1779080400,645.35,647.15,642.96,643.56,855,200,0
1779084000,643.55,644.86,642.06,642.35,814,200,0
1779087600,642.25,643.55,639.95,642.65,809,200,0
1779091200,642.76,643.46,640.45,640.85,788,199,0
1779094800,640.75,641.55,636.45,639.65,1131,200,0
1779098400,639.75,641.25,637.95,640.85,797,200,0
1779102000,640.85,641.15,637.45,639.05,522,199,0
1779105600,639.05,639.65,637.65,638.36,424,199,0
1779109200,638.25,638.55,636.35,637.35,567,200,0
1779112800,637.45,642.55,636.55,640.65,985,199,0
1779116400,640.75,644.36,640.65,642.25,1317,200,0
1779120000,642.25,642.35,636.75,638.85,1832,200,0
1779123600,638.95,638.95,634.15,635.85,2573,200,0
1779127200,635.95,636.55,633.25,636.05,1772,199,0
1779130800,635.95,639.05,634.65,638.35,1166,200,0
1779134400,638.40,639.96,637.65,639.35,583,200,0
1779138000,639.26,639.46,635.25,636.65,675,200,0
1779141600,636.55,643.95,636.45,643.75,1571,200,0
1779145200,643.85,644.55,641.05,641.96,482,150,0
1779148800,641.76,645.15,641.15,644.55,561,150,0
1779152400,644.60,645.35,642.95,643.96,467,199,0
1779156000,643.95,644.75,641.95,642.66,268,199,0
1779159600,642.65,645.96,642.35,644.76,576,200,0
1779163200,644.75,644.95,641.95,641.95,653,200,0
1779166800,641.85,643.65,640.15,640.95,640,200,0
1779170400,640.90,643.66,640.35,641.85,405,199,0
1779174000,641.85,643.55,640.65,642.25,404,199,0
1779177600,642.35,642.85,639.85,642.75,432,199,0
1779181200,642.75,644.16,642.05,643.35,378,199,0
1779184800,643.35,645.25,642.15,644.85,404,199,0
1779188400,644.85,644.85,640.95,641.25,630,200,0
1779192000,641.35,641.65,638.75,639.55,670,200,0
1779195600,639.55,640.07,636.95,639.15,733,200,0
1779199200,639.25,639.95,637.55,638.95,510,199,0
1779202800,638.95,640.65,638.45,640.56,353,199,0
1779206400,640.56,641.15,637.85,639.25,1460,200,0
1779210000,639.35,640.35,635.25,637.15,1297,200,0
1779213600,637.05,639.45,636.75,637.75,523,200,0
1779217200,637.76,639.86,636.85,639.65,485,150,0
1779220800,639.75,640.55,638.55,639.55,475,199,0
1779224400,639.45,640.15,638.25,639.25,530,200,0
1779228000,639.30,640.75,638.25,638.85,536,199,0
1779231600,638.96,640.53,638.83,640.50,248,150,0
1779235200,640.20,640.70,639.26,639.35,257,150,0
1779238800,639.35,639.35,636.85,637.65,503,199,0
1779242400,637.55,640.36,637.05,639.05,379,150,0
1779246000,638.95,639.15,636.55,638.45,714,200,0
1779249600,638.35,639.85,636.75,639.25,789,199,0
1779253200,639.25,639.65,637.35,638.05,553,200,0
1779256800,637.96,639.55,637.06,639.05,362,199,0
1779260400,639.05,639.75,637.36,638.75,288,200,0
1779264000,638.85,642.46,638.85,641.65,551,199,0
1779267600,641.75,642.85,640.63,642.75,846,199,0
1779271200,642.85,643.85,642.05,642.35,351,199,0
1779274800,642.35,644.26,642.15,643.35,387,199,0
1779278400,643.35,644.06,642.75,643.36,297,199,0
1779282000,643.46,644.25,642.61,642.85,332,200,0
1779285600,642.85,643.06,641.25,642.25,289,199,0
1779289200,642.25,645.05,641.95,643.95,392,150,0
1779292800,644.05,644.25,640.75,642.16,998,200,0
1779296400,642.20,648.15,640.35,646.85,1765,200,0
1779300000,646.75,648.76,645.75,647.75,1046,200,0
1779303600,647.76,648.66,644.95,647.65,941,200,0
1779307200,647.65,650.15,646.65,648.55,786,200,0
1779310800,648.55,648.95,647.45,647.75,529,200,0
1779314400,647.76,649.85,646.95,649.45,361,199,0
1779318000,649.46,650.67,647.65,650.53,502,150,0
1779321600,650.45,650.46,648.35,648.36,271,199,0
1779325200,648.25,648.35,646.15,647.55,477,150,0
1779328800,647.45,648.65,646.35,648.45,252,151,0
1779332400,648.35,652.85,648.15,652.75,524,199,0
1779336000,652.80,653.65,651.35,652.05,595,200,0
1779339600,652.15,654.35,651.35,652.75,455,199,0
1779343200,652.85,654.40,651.95,653.85,314,199,0
1779346800,653.85,654.35,652.45,653.45,255,200,0
1779350400,653.45,654.46,651.05,651.95,305,199,0
1779354000,651.96,652.15,649.35,650.45,419,199,0
1779357600,650.45,652.05,649.96,651.85,437,199,0
1779361200,651.85,654.95,651.85,653.95,620,200,0
1779364800,653.86,654.55,651.96,652.35,331,200,0
1779368400,652.35,652.96,647.05,647.35,1069,200,0
1779372000,647.46,648.55,646.45,646.75,628,200,0
1779375600,646.85,649.35,646.55,648.65,656,200,0
1779379200,648.55,649.75,645.25,648.55,1636,200,0
1779382800,648.56,650.25,646.75,647.85,1302,200,0
1779386400,647.86,652.15,647.75,651.35,943,199,0
1779390000,651.35,652.35,649.25,650.05,558,200,0
1779393600,650.05,658.65,649.95,656.85,1622,200,0
1779397200,656.75,658.35,653.55,654.95,1091,200,0
1779400800,655.05,657.50,654.85,656.95,579,200,0
1779404400,657.00,657.55,656.15,656.68,336,150,0
1779408000,657.05,658.05,656.45,656.55,256,199,0
1779411600,656.60,657.15,655.25,656.05,310,199,0
1779415200,656.05,657.65,655.25,657.56,316,199,0
1779418800,657.65,658.15,656.05,656.05,532,200,0
1779422400,655.95,659.40,655.15,658.55,588,200,0
1779426000,658.45,659.96,657.75,659.35,584,200,0
1779429600,659.36,660.46,658.42,658.65,378,199,0
1779433200,658.76,659.55,657.45,658.15,348,199,0
1779436800,658.20,658.25,655.65,656.15,394,200,0
1779440400,656.25,656.85,654.95,655.16,402,200,0
1779444000,655.05,658.85,654.55,658.65,387,199,0
1779447600,658.75,660.25,657.95,658.35,510,199,0
1779451200,658.30,658.30,655.35,656.36,427,200,0
1779454800,656.36,656.36,653.95,655.25,360,200,0
1779458400,655.35,657.05,654.35,657.05,427,199,0
1779462000,657.05,659.85,656.75,659.85,414,199,0
1779465600,659.85,663.15,659.35,663.15,868,199,0
1779469200,663.05,663.10,655.65,656.35,1212,200,0
1779472800,656.45,658.85,655.35,657.45,828,200,0
1779476400,657.56,659.86,656.85,659.56,611,200,0
1779480000,659.65,660.55,657.75,658.75,708,200,0
1779483600,658.86,658.86,647.65,652.56,1467,200,0
1779487200,652.45,653.15,647.45,651.36,2105,200,0
1779490800,651.46,652.95,650.75,652.39,766,150,0
1779501600,651.87,652.26,647.65,649.45,666,150,0
1779505200,649.55,651.05,647.25,649.95,918,200,0
1779508800,650.05,651.26,648.55,649.35,404,199,0
1779512400,649.45,650.57,648.66,650.45,355,200,0
1779516000,650.36,652.05,649.15,651.35,320,199,0
1779519600,651.25,651.76,649.02,649.25,299,199,0
1779523200,649.25,649.35,646.95,647.95,357,199,0
1779526800,648.05,648.46,647.11,647.55,326,150,0
1779530400,647.55,647.86,634.86,635.75,1685,200,0
1779534000,635.65,639.45,634.75,639.35,879,199,0
1779537600,639.35,639.65,637.55,637.55,398,199,0
1779541200,637.65,639.65,637.55,639.05,285,150,0
1779544800,639.05,640.05,638.65,639.05,223,199,0
1779548400,639.06,639.65,638.35,639.55,197,199,0
1779552000,639.55,642.35,639.35,641.95,385,199,0
1779555600,642.00,646.75,641.15,646.25,402,199,0
1779559200,646.35,647.65,645.35,646.45,443,200,0
1779562800,646.55,647.06,645.25,645.65,408,199,0
1779566400,645.75,648.45,645.75,648.05,335,199,0
1779570000,648.05,651.95,647.85,650.55,667,200,0
1779573600,650.55,652.05,649.75,651.36,338,200,0
1779577200,651.35,660.57,650.75,660.56,1491,150,0
1779580800,660.95,661.65,654.15,656.65,1024,200,0
1779584400,656.70,657.45,653.45,655.75,521,199,0
1779588000,655.65,656.55,655.05,655.25,391,200,0
1779591600,655.25,656.35,654.55,655.35,239,200,0
1779595200,655.84,657.16,655.44,656.25,404,150,0
1779598800,656.25,657.65,655.05,656.75,393,199,0
1779602400,656.75,657.75,655.25,656.05,341,150,0
1779606000,656.15,656.96,655.25,655.25,283,199,0
1779609600,655.25,655.25,652.95,654.26,334,199,0
1779613200,654.15,656.95,653.86,656.45,344,150,0
1779616800,656.45,656.75,654.95,655.55,299,199,0
1779620400,655.65,658.06,655.15,657.75,254,199,0
1779624000,657.65,659.15,657.25,658.75,279,199,0
1779627600,658.75,661.30,657.95,659.85,433,199,0
1779631200,659.85,661.46,659.55,660.35,348,199,0
1779634800,660.35,660.35,657.55,659.15,319,199,0
1779638400,659.15,659.76,655.55,656.55,377,199,0
1779642000,656.65,657.45,651.35,654.65,1035,200,0
1779645600,654.55,655.75,654.25,654.45,396,199,0
1779649200,654.55,656.65,654.25,655.75,439,199,0
1779652800,655.75,656.56,655.35,655.35,281,199,0
1779656400,655.35,655.45,654.05,654.45,271,150,0
1779660000,654.45,655.55,654.25,655.15,253,199,0
1779663600,655.25,655.25,654.05,654.46,251,150,0
1779667200,654.95,655.05,648.75,649.25,711,150,0
1779670800,649.16,655.06,649.16,653.65,1015,200,0
1779674400,653.65,656.65,653.65,655.66,683,199,0
1779678000,655.70,658.65,655.70,657.96,578,199,0
1779681600,658.05,658.85,654.75,654.85,478,199,0
1779685200,654.95,658.96,654.95,656.06,602,200,0
1779688800,656.05,656.55,654.95,656.05,374,200,0
1779692400,656.05,658.95,655.36,658.45,400,199,0
1779696000,658.55,660.25,658.25,659.95,333,200,0
1779699600,659.95,660.95,658.25,659.95,350,199,0
1779703200,659.95,661.05,659.25,660.95,439,200,0
1779706800,660.95,661.70,659.95,661.15,255,199,0
1779710400,661.15,662.45,660.25,660.55,305,199,0
1779714000,660.65,661.46,660.10,660.55,266,199,0
1779717600,660.55,661.55,659.85,661.35,270,199,0
1779721200,661.35,670.15,661.25,668.75,1210,200,0
1779724800,668.85,671.15,668.15,671.05,505,200,0
1779728400,671.15,672.26,669.55,670.55,561,200,0
1779732000,670.45,670.76,665.75,666.75,484,199,0
1779735600,666.85,667.16,665.55,666.05,357,199,0
1779739200,666.16,666.36,659.95,660.25,664,200,0
1779742800,660.15,663.15,660.05,662.05,368,199,0
1779746400,662.15,662.15,660.05,661.46,292,199,0
1779750000,661.40,662.08,659.55,660.60,378,150,0
1779753600,661.47,661.47,660.35,660.95,224,150,0
1779757200,660.85,662.05,659.45,659.85,499,200,0
1779760800,659.76,662.25,659.55,662.15,356,199,0
1779764400,662.21,662.75,656.25,658.55,690,199,0
1779768000,658.45,658.76,655.15,656.65,629,200,0
1779771600,656.71,658.75,656.05,658.45,465,200,0
1779775200,658.35,658.45,656.16,657.05,366,199,0
1779778800,657.05,658.65,655.96,657.96,296,199,0
1779782400,657.96,658.85,657.26,658.25,272,199,0
1779786000,658.25,658.85,656.55,657.15,348,199,0
1779789600,657.15,658.05,654.35,656.75,321,200,0
1779793200,656.85,657.15,655.45,656.05,338,199,0
1779796800,656.05,656.95,655.25,655.85,307,199,0
1779800400,655.75,663.55,655.45,661.85,718,200,0
1779804000,661.85,662.75,660.65,661.55,425,199,0
1779807600,661.55,662.06,659.45,661.55,462,199,0
1779811200,661.55,664.15,659.85,662.35,781,200,0
1779814800,662.45,667.05,659.85,661.87,1309,200,0
1779818400,661.95,662.56,656.25,659.25,1596,200,0
1779822000,659.40,660.05,656.65,658.76,844,199,0
1779825600,658.85,659.36,652.55,654.65,939,200,0
1779829200,654.75,656.65,653.95,654.45,547,200,0
1779832800,654.55,656.76,653.85,656.15,364,200,0
1779836400,656.25,656.86,655.65,656.42,286,150,0
1779840000,655.85,656.40,653.95,655.55,424,150,0
1779843600,655.65,656.45,654.35,655.05,377,199,0
1779847200,655.06,656.86,655.06,655.35,248,199,0
1779850800,655.45,657.55,655.35,657.35,356,199,0
1779854400,657.35,657.95,655.75,656.15,349,199,0
1779858000,656.25,656.45,653.65,655.65,369,200,0
1779861600,655.75,655.85,653.15,653.35,389,199,0
1779865200,653.25,653.45,649.75,653.25,534,200,0
1779868800,653.25,653.65,651.95,652.35,350,199,0
1779872400,652.45,652.95,651.15,651.85,360,199,0
1779876000,651.95,652.55,650.55,652.45,372,199,0
1779879600,652.35,653.85,651.25,652.55,399,199,0
1779883200,652.65,653.56,651.85,653.05,343,199,0
1779886800,653.05,654.65,652.25,653.45,316,200,0
1779890400,653.35,654.55,652.66,652.66,330,199,0
1779894000,652.75,656.35,652.05,654.15,682,200,0
1779897600,654.26,654.55,649.15,651.35,1203,200,0
1779901200,651.45,653.45,650.35,653.15,1089,200,0
1779904800,653.05,657.45,652.95,656.85,642,200,0
1779908400,656.85,658.95,653.85,655.05,585,200,0
1779912000,655.15,655.16,649.35,650.05,917,200,0
1779915600,649.96,652.87,649.35,652.75,635,199,0
1779919200,652.75,653.25,651.76,652.45,349,200,0
1779922800,652.45,653.96,652.15,653.35,342,150,0
1779926400,652.73,653.55,645.75,647.55,754,150,0
1779930000,647.70,649.05,645.85,645.95,851,200,0
1779933600,645.85,648.36,645.55,647.75,549,200,0
1779937200,647.65,647.96,646.05,647.95,533,200,0
1779940800,647.95,648.45,644.35,645.65,734,200,0
1779944400,645.75,645.95,642.95,643.95,679,200,0
1779948000,643.95,644.65,635.85,636.65,1675,150,0
1779951600,636.70,636.85,632.43,635.45,1090,200,0
1779955200,635.40,635.46,632.05,633.55,520,199,0
1779958800,633.45,634.16,630.25,632.95,568,150,0
1779962400,632.96,635.45,632.45,633.85,357,200,0
1779966000,633.95,634.15,632.45,633.45,372,199,0
1779969600,633.45,634.06,631.15,632.95,454,199,0
1779973200,632.95,633.95,631.35,632.15,304,199,0
1779976800,632.15,632.35,630.35,631.76,388,200,0
1779980400,631.75,632.46,629.20,632.15,533,200,0
1779984000,632.13,632.86,628.35,630.35,878,200,0
1779987600,630.36,635.75,627.25,634.25,2005,200,0
1779991200,634.20,634.95,630.45,633.75,925,200,0
1779994800,633.70,639.65,632.45,639.25,815,199,0
1779998400,639.35,640.96,637.95,639.25,793,199,0
1780002000,639.25,641.75,639.15,640.86,519,199,0
1780005600,640.85,641.06,638.65,638.75,371,199,0
1780009200,638.85,640.65,637.45,640.24,415,150,0
1780012800,639.96,641.56,639.65,640.75,280,150,0
1780016400,640.65,641.45,637.45,637.85,391,199,0
1780020000,637.85,638.75,636.75,637.35,302,200,0
1780023600,637.46,638.56,637.25,637.65,480,200,0
1780027200,637.66,638.35,634.95,635.95,439,200,0
1780030800,636.05,636.65,632.75,633.15,464,200,0
1780034400,633.25,635.85,633.25,634.55,361,199,0
1780038000,634.55,635.75,633.65,635.65,406,200,0
1780041600,635.66,637.35,635.43,637.35,297,200,0
1780045200,637.25,638.45,636.55,637.05,287,199,0
1780048800,637.05,637.55,634.75,636.05,377,199,0
1780052400,635.95,637.25,635.56,635.65,334,199,0
1780056000,635.86,639.75,635.65,639.65,319,200,0
1780059600,639.60,640.15,637.95,638.05,271,200,0
1780063200,637.96,638.35,634.35,635.95,322,200,0
1780066800,635.95,636.15,634.15,634.85,472,200,0
1780070400,634.76,635.76,633.05,634.65,723,200,0
1780074000,634.55,635.76,629.85,633.95,1419,200,0
1780077600,634.05,642.06,633.45,638.75,1496,200,0
1780081200,638.85,643.05,637.15,642.95,984,200,0
1780084800,643.05,643.96,641.05,641.45,768,200,0
1780088400,641.55,641.96,637.35,638.75,642,200,0
1780092000,638.65,641.95,638.25,640.45,510,200,0
1780095600,640.45,642.36,640.45,641.41,273,150,0
1780106400,641.76,642.35,640.45,642.15,236,199,0
1780110000,642.15,646.25,641.65,645.75,330,199,0
1780113600,645.85,652.75,645.15,652.36,417,200,0
1780117200,652.60,657.65,651.15,657.05,819,200,0
1780120800,657.15,660.16,656.15,657.15,521,199,0
1780124400,657.25,659.76,655.65,658.05,634,200,0
1780128000,658.05,665.65,657.45,665.45,585,199,0
1780131600,665.45,668.15,664.15,666.65,654,200,0
1780135200,666.55,673.45,666.05,672.05,783,200,0
1780138800,672.05,674.55,668.55,672.35,591,200,0
1780142400,672.30,676.25,669.65,673.85,569,199,0
1780146000,673.85,675.39,673.25,674.35,317,150,0
1780149600,674.25,674.25,669.75,672.75,547,150,0
1780153200,672.85,673.15,670.56,672.05,334,199,0
1780156800,672.05,673.95,670.05,673.85,444,200,0
1780160400,673.90,686.66,673.25,685.75,1247,200,0
1780164000,685.85,694.15,684.36,693.75,1411,200,0
1780167600,693.65,709.45,693.55,708.05,2475,200,0
1780171200,708.05,716.40,699.95,712.25,2759,200,0
1780174800,712.27,716.05,708.15,715.85,1266,199,0
1780178400,715.95,723.61,711.85,720.15,2454,200,0
1780182000,720.20,722.70,716.85,718.83,1257,150,0
1780185600,720.01,727.80,716.80,718.35,1631,150,0
1780189200,718.25,718.85,706.35,715.05,1766,200,0
1780192800,715.05,719.45,714.85,717.76,1024,200,0
1780196400,717.85,726.45,717.85,723.96,833,200,0
1780200000,722.45,728.75,721.55,727.05,1616,200,0
1780203600,727.15,742.46,726.35,738.95,3234,200,0
1780207200,738.90,744.95,733.55,739.06,2379,200,0
1780210800,738.95,741.25,730.55,733.45,1997,200,0
1780214400,733.35,740.55,731.60,736.55,1368,200,0
1780218000,736.66,736.75,731.60,735.15,1167,200,0
1780221600,734.95,735.15,716.25,718.96,2269,200,0
1780225200,719.05,724.36,717.86,722.55,1316,200,0
1780228800,722.46,724.55,716.96,719.16,1022,200,0
1780232400,719.15,723.55,718.48,720.15,980,200,0
1780236000,720.05,723.55,719.05,722.05,835,200,0
1780239600,722.05,725.45,720.85,724.15,931,200,0
1780243200,724.15,732.95,723.35,726.65,1658,200,0
1780246800,726.76,728.95,717.40,718.85,2483,200,0
1780250400,718.76,724.05,718.45,719.95,1323,200,0
1780254000,719.95,721.05,702.40,708.35,2893,200,0
1780257600,708.25,716.75,708.25,712.95,1064,200,0
1780261200,712.85,712.85,707.85,708.85,689,200,0
1780264800,709.00,709.76,706.26,707.65,622,150,0
1780268400,707.75,710.35,707.75,709.69,820,150,0
1780272000,708.19,711.15,706.15,710.25,865,150,0
1780275600,710.15,714.06,706.85,710.75,1089,200,0
1780279200,710.86,712.46,705.45,709.75,1330,200,0
1780282800,709.70,716.25,708.05,709.75,1677,200,0
1780286400,709.85,710.15,692.35,694.25,2252,200,0
1780290000,694.15,707.95,693.25,706.55,1402,200,0
1780293600,706.45,709.15,702.15,702.75,998,200,0
1780297200,702.75,704.55,695.15,697.25,1456,200,0
1780300800,697.15,697.65,693.35,694.85,1028,200,0
1780304400,694.85,695.45,690.05,692.45,1697,200,0
1780308000,692.45,693.35,683.95,685.15,1438,150,0
1780311600,685.25,688.75,684.45,688.65,1184,200,0
1780315200,688.75,728.35,687.75,710.15,7866,200,0
1780318800,710.50,713.85,694.55,701.25,3889,200,0
1780322400,701.35,707.25,694.15,696.35,2398,150,0
1780326000,696.45,697.45,685.65,691.65,2880,200,0
1780329600,691.75,692.15,678.40,685.75,4108,200,0
1780333200,685.85,685.85,673.96,677.75,3066,200,0
1780336800,677.85,684.56,676.55,676.56,1911,200,0
1780340400,676.65,684.75,673.15,683.65,2037,200,0
1780344000,683.55,687.90,682.65,686.85,1588,200,0
1780347600,686.75,694.76,685.65,690.35,1199,200,0
1780351200,690.45,695.36,689.85,695.25,988,200,0
1780354800,695.30,700.85,693.95,695.41,1060,150,0
1780358400,694.18,694.18,688.25,689.15,1019,150,0
1780362000,689.05,693.55,687.45,692.55,958,200,0
1780365600,692.65,694.85,691.35,692.05,923,200,0
1780369200,692.05,692.95,689.05,689.55,892,200,0
1780372800,689.65,691.45,683.56,683.75,1277,200,0
1780376400,683.85,692.16,680.35,690.15,1800,200,0
1780380000,690.21,694.45,689.15,692.65,941,200,0
1780383600,692.85,693.25,685.05,685.65,1064,200,0
1780387200,685.55,688.16,682.15,682.65,1113,200,0
1780390800,682.75,684.25,679.45,682.35,1260,200,0
1780394400,682.45,685.45,679.45,680.95,1235,200,0
1780398000,681.15,683.95,679.75,680.75,1250,200,0
1780401600,680.85,681.25,675.35,676.75,1291,200,0
1780405200,676.86,679.85,674.55,679.06,1056,200,0
1780408800,679.10,679.15,675.85,677.15,744,199,0
1780412400,677.15,679.06,674.15,675.21,1162,200,0
1780416000,675.23,676.05,670.95,673.85,2241,200,0
1780419600,673.95,676.65,665.66,672.45,3337,200,0
1780423200,672.31,672.45,657.15,662.26,4316,200,0
1780426800,662.15,670.55,659.75,662.95,2302,200,0
1780430400,662.95,666.45,662.35,665.35,1485,200,0
1780434000,665.25,666.55,658.15,658.75,1363,200,0
1780437600,658.85,661.36,651.35,659.25,2701,200,0
1780441200,659.35,661.96,655.15,660.84,1911,150,0
1780444800,660.95,662.35,657.85,658.75,1163,150,0
1780448400,658.70,658.75,641.60,647.35,3168,200,0
1780452000,647.40,650.85,644.25,649.75,3014,200,0
1780455600,649.85,656.25,649.35,653.55,1367,200,0
1780459200,653.45,653.95,645.65,648.95,1477,200,0
1780462800,648.95,649.45,643.05,643.75,935,200,0
1780466400,643.80,645.75,629.95,632.85,2743,200,0
1780470000,632.81,638.96,631.75,635.65,1949,200,0
1780473600,635.75,645.35,634.95,644.95,1781,200,0
1780477200,644.95,645.75,639.45,639.66,1259,200,0
1780480800,639.75,644.06,639.15,643.05,996,200,0
1780484400,642.95,644.85,639.85,643.66,959,200,0
1780488000,643.60,644.95,637.75,640.75,1147,200,0
1780491600,640.85,645.05,639.80,640.65,1140,200,0
1780495200,640.60,643.95,636.05,636.35,932,200,0
1780498800,636.35,636.45,632.15,634.55,1288,200,0
1780502400,634.66,636.25,628.80,632.05,2328,200,0
1780506000,632.05,636.65,629.05,635.96,2239,200,0
1780509600,636.06,638.15,631.75,631.86,2082,200,0
1780513200,631.95,632.56,619.05,627.25,3543,200,0
1780516800,627.35,627.85,622.65,626.05,1788,150,0
1780520400,626.10,628.05,624.15,627.05,1208,200,0
1780524000,626.95,627.95,620.65,621.55,1659,200,0
1780527600,621.45,624.65,615.49,618.91,2553,150,0
1780531200,622.35,628.45,622.35,628.35,1710,200,0
1780534800,628.25,628.95,624.55,626.05,1957,150,0
1780538400,626.00,626.76,619.25,619.55,2259,200,0
1780542000,619.46,623.45,611.75,615.15,3820,200,0
1780545600,615.25,616.75,598.15,601.36,5430,200,0
1780549200,601.25,608.55,589.02,606.96,5363,200,0
1780552800,607.05,620.15,606.85,617.95,2876,200,0
1780556400,618.03,620.25,612.85,613.55,2038,200,0
1780560000,613.45,613.45,599.75,603.35,2718,200,0
1780563600,603.30,609.95,602.56,604.35,2071,200,0
1780567200,604.46,604.85,598.30,599.05,2001,200,0
1780570800,599.15,602.55,595.35,601.15,2500,200,0
1780574400,601.25,601.25,590.15,596.85,3356,200,0
1780578000,596.95,596.95,586.95,589.45,3573,200,0
1780581600,589.60,594.45,587.85,594.25,2500,200,0
1780585200,594.35,603.75,592.86,602.45,3174,200,0
1780588800,602.35,605.05,596.25,603.86,3501,200,0
1780592400,603.90,605.46,601.25,603.85,3060,200,0
1780596000,603.80,608.45,602.85,605.25,2359,200,0
1780599600,605.25,606.35,602.04,602.65,1870,200,0
1780603200,602.55,604.35,598.05,603.45,1848,200,0
1780606800,603.49,609.25,601.75,608.05,1910,200,0
1780610400,607.95,608.85,604.05,605.15,1432,200,0
1780614000,605.25,605.35,601.95,604.44,1231,150,0
1780617600,604.85,606.60,596.84,598.05,1361,150,0
1780621200,597.95,602.45,596.85,601.75,3321,200,0
1780624800,601.65,604.15,597.94,603.45,1512,200,0
1780628400,603.35,606.95,600.75,600.85,1707,200,0
1780632000,600.75,601.85,595.14,601.25,2323,200,0
1780635600,601.34,601.95,594.04,594.75,2572,200,0
1780639200,594.85,596.65,590.35,594.55,2739,200,0
1780642800,594.65,601.65,592.24,600.95,2603,200,0
1780646400,601.05,601.85,582.45,583.45,3031,200,0
1780650000,583.35,584.35,569.78,579.45,6425,200,0
1780653600,579.55,592.25,573.25,592.15,5496,200,0
1780657200,592.05,592.05,584.45,585.85,3360,200,0
1780660800,585.95,595.95,585.55,595.04,2882,200,0
1780664400,595.15,595.65,589.75,591.85,1654,200,0
1780668000,591.75,594.55,588.45,589.15,2195,200,0
1780671600,589.05,592.40,585.84,590.25,4061,200,0
1780675200,590.14,595.35,579.54,579.94,4945,200,0
1780678800,580.05,589.05,579.15,581.85,6651,200,0
1780682400,581.94,583.05,573.55,577.65,5678,200,0
1780686000,577.55,582.05,566.95,576.85,8178,200,0
1780689600,576.69,578.95,571.75,574.95,4170,200,0
1780693200,575.04,575.85,559.85,560.34,4746,200,0
1780696800,560.45,569.05,555.64,566.25,6374,200,0
1780700400,566.15,577.25,562.05,576.34,4656,150,0
1780711200,576.54,577.05,565.84,571.05,2183,151,0
1780714800,571.15,576.75,570.94,575.55,1633,200,0
1780718400,575.65,578.85,573.44,575.35,1167,200,0
1780722000,575.45,578.15,572.64,575.34,1573,200,0
1780725600,575.29,575.85,569.64,572.15,1938,200,0
1780729200,572.05,574.65,558.65,564.45,4808,200,0
1780732800,564.55,576.05,559.45,575.34,5829,200,0
1780736400,575.45,578.05,573.74,575.35,2504,200,0
1780740000,575.40,580.55,574.85,578.05,1724,200,0
1780743600,578.05,583.35,577.04,579.75,1924,200,0
1780747200,579.64,581.65,573.95,575.64,1693,200,0
1780750800,575.59,575.59,570.05,572.84,1902,200,0
1780754400,572.75,575.75,572.35,573.05,1261,200,0
1780758000,573.14,576.55,570.95,574.95,1419,200,0
1780761600,574.85,576.35,572.25,573.55,1276,200,0
1780765200,573.45,576.25,573.05,573.95,1337,200,0
1780768800,574.05,576.05,570.15,574.95,1818,200,0
1780772400,574.89,576.75,570.54,573.14,1460,150,0
1780776000,573.24,574.45,571.73,572.95,1040,200,0
1780779600,572.85,575.25,572.15,573.44,899,200,0
1780783200,573.44,575.15,572.64,572.85,678,200,0
1780786800,572.75,574.75,571.75,574.13,739,150,0
1780790400,574.38,575.85,573.65,574.04,582,150,0
1780794000,574.05,574.05,569.94,571.55,1184,200,0
1780797600,571.59,574.54,571.25,573.55,669,200,0
1780801200,573.54,574.45,572.85,573.75,400,200,0
1780804800,573.38,580.75,572.54,578.75,1754,150,0
1780808400,578.85,580.35,576.04,578.15,1049,151,0
1780812000,578.15,580.49,576.95,580.25,992,200,0
1780815600,580.14,582.25,577.05,581.95,693,200,0
1780819200,581.95,586.05,580.85,584.65,1192,200,0
1780822800,584.74,589.24,583.05,587.85,1336,200,0
1780826400,587.65,589.25,586.65,588.85,711,199,0
1780830000,588.85,597.85,586.55,597.05,1134,200,0
1780833600,597.10,597.55,591.14,592.05,1238,200,0
1780837200,592.05,594.15,589.15,591.95,1148,200,0
1780840800,592.15,595.04,591.55,592.55,952,200,0
1780844400,592.55,593.15,584.85,587.64,2291,200,0
1780848000,587.55,589.05,586.15,588.05,815,199,0
1780851600,587.99,593.14,587.85,590.64,1111,200,0
1780855200,590.64,592.49,588.35,590.94,940,200,0
1780858800,590.85,594.45,589.25,593.35,1017,200,0
1780862400,593.25,596.55,592.70,595.25,1063,200,0
1780866000,595.35,596.75,593.95,594.15,741,199,0
1780869600,594.24,594.55,585.95,587.84,1868,200,0
1780873200,587.74,593.89,586.95,593.33,1024,150,0
1780876800,591.85,594.34,591.49,593.15,697,200,0
1780880400,593.25,609.85,591.95,602.55,4574,200,0
1780884000,602.45,605.15,602.04,603.55,2164,200,0
1780887600,603.59,607.55,602.05,604.75,2069,200,0
1780891200,604.74,605.04,598.24,603.25,2523,200,0
1780894800,603.14,603.65,600.55,601.05,1147,200,0
1780898400,600.95,603.55,600.14,602.45,854,200,0
1780902000,602.45,602.85,595.14,595.45,1269,200,0
1780905600,595.50,596.45,590.75,594.15,1690,200,0
1780909200,594.05,596.75,593.94,595.05,1038,200,0
1780912800,594.94,596.75,592.75,595.55,1037,200,0
1780916400,595.45,595.45,592.55,594.55,1063,200,0
1780920000,594.65,600.25,594.65,598.84,1229,200,0
1780923600,598.85,599.15,596.05,597.15,915,199,0
1780927200,597.14,603.35,596.15,601.35,1225,200,0
1780930800,601.25,602.75,596.95,602.25,1869,200,0
1780934400,602.34,602.75,597.49,599.45,2273,200,0
1780938000,599.55,602.55,598.55,602.45,1979,200,0
1780941600,602.55,605.35,602.35,603.25,1729,200,0
1780945200,603.34,606.95,602.45,602.95,1143,200,0
1780948800,603.05,607.15,601.55,607.15,1347,200,0
1780952400,607.19,609.15,605.85,606.85,941,200,0
1780956000,606.95,607.75,605.44,606.84,895,200,0
1780959600,606.89,607.35,604.65,606.22,635,150,0
1780963200,607.30,609.79,606.74,606.74,707,150,0
1780966800,606.70,606.70,603.45,605.45,907,200,0
1780970400,605.49,606.65,600.25,600.95,1139,200,0
1780974000,600.95,602.05,592.15,594.85,1799,200,0
1780977600,594.75,598.15,593.95,596.85,1222,200,0
1780981200,596.85,597.45,593.84,597.45,974,200,0
1780984800,597.45,599.15,596.54,598.25,786,200,0
1780988400,598.14,602.35,595.65,601.55,1010,200,0
1780992000,601.45,604.75,599.95,602.65,845,200,0
1780995600,602.75,604.35,601.75,603.15,577,199,0
1780999200,603.25,604.09,600.34,603.25,784,200,0
1781002800,603.35,603.65,600.35,601.05,771,200,0
1781006400,601.15,602.65,598.65,599.25,590,199,0
1781010000,599.35,600.25,596.35,599.15,670,200,0
1781013600,599.04,599.35,595.35,595.95,720,200,0
1781017200,595.85,598.55,595.15,596.45,910,200,0
1781020800,596.55,597.55,592.45,593.65,1678,200,0
1781024400,593.75,594.55,583.75,587.85,3350,200,0
1781028000,587.95,590.65,585.05,585.95,1774,200,0
1781031600,585.85,588.54,582.85,587.75,2548,200,0
1781035200,587.85,592.34,587.44,590.64,1341,200,0
1781038800,590.74,594.25,590.34,593.35,1198,200,0
1781042400,593.45,596.05,592.44,595.75,1082,150,0
1781046000,595.85,597.75,595.15,596.34,617,150,0
1781049600,595.39,596.25,593.24,593.75,438,150,0
1781053200,593.80,595.15,591.44,591.95,648,200,0
1781056800,591.94,593.05,590.04,592.45,681,200,0
1781060400,592.54,593.95,589.15,592.65,899,200,0
1781064000,592.54,593.35,589.85,590.95,1177,200,0
1781067600,591.05,591.95,585.65,586.05,955,200,0
1781071200,585.95,588.65,585.75,587.05,568,200,0
1781074800,587.15,587.35,583.25,584.44,675,200,0
1781078400,584.54,585.95,582.64,584.65,861,200,0
1781082000,584.75,585.95,583.05,585.25,748,200,0
1781085600,585.20,588.55,585.05,587.75,739,199,0
1781089200,587.65,587.65,583.05,583.84,893,200,0
1781092800,583.95,584.65,580.45,583.95,965,200,0
1781096400,584.05,584.95,582.24,583.55,574,200,0
1781100000,583.65,584.05,579.75,582.05,1635,200,0
1781103600,582.15,590.14,581.45,588.15,1990,200,0
1781107200,588.05,595.70,586.85,591.95,1980,200,0
1781110800,591.99,593.44,589.35,592.05,1809,200,0
1781114400,592.14,597.55,590.24,595.94,2238,200,0
1781118000,595.99,596.25,589.85,591.55,2090,200,0
1781121600,591.64,593.15,586.74,589.15,1613,200,0
1781125200,589.15,589.79,586.15,588.85,1159,200,0
1781128800,588.94,589.55,586.35,587.04,1518,200,0
1781132400,586.94,588.25,585.25,586.49,985,150,0
1781136000,585.91,585.92,581.25,582.35,967,150,0
1781139600,582.45,584.95,581.34,583.05,1272,199,0
1781143200,583.04,586.15,581.85,585.55,914,200,0
1781146800,585.65,588.95,585.65,588.05,770,200,0
1781150400,588.15,593.25,588.14,592.04,915,200,0
1781154000,592.14,592.25,588.55,591.35,788,200,0
1781157600,591.35,596.55,590.45,595.45,779,199,0
1781161200,595.55,595.65,593.15,594.25,646,200,0
1781164800,594.25,594.75,592.85,593.45,504,200,0
1781168400,593.54,596.54,593.05,595.15,626,200,0
1781172000,595.05,597.25,594.25,597.25,453,150,0
1781175600,597.25,602.75,597.25,600.15,838,200,0
1781179200,600.25,600.58,597.84,599.65,555,150,0
1781182800,599.75,599.84,597.55,598.95,651,199,0
1781186400,598.89,601.75,597.69,599.85,545,200,0
1781190000,599.84,600.25,596.43,599.05,1371,200,0
1781193600,598.95,602.05,597.44,600.75,1221,199,0
1781197200,600.65,601.39,597.15,597.95,1213,200,0
1781200800,598.04,599.15,596.29,597.65,933,200,0
1781204400,597.78,599.65,597.05,597.55,653,200,0
1781208000,597.45,605.24,595.05,604.95,2043,200,0
1781211600,605.05,606.45,602.45,603.84,1161,200,0
1781215200,603.85,605.75,601.65,603.55,922,200,0
1781218800,603.64,603.75,599.84,601.90,522,150,0
1781222400,602.28,603.95,602.05,602.45,405,150,0
1781226000,602.35,604.15,602.29,602.65,557,199,0
1781229600,602.59,605.35,601.45,604.85,570,200,0
1781233200,604.75,605.05,602.85,603.15,541,200,0
1781236800,603.20,603.25,600.35,600.85,546,200,0
1781240400,600.85,605.25,600.85,603.95,558,199,0
1781244000,603.95,603.95,601.35,601.35,474,199,0
1781247600,601.45,604.09,601.04,602.75,551,200,0
1781251200,602.79,602.85,599.55,599.75,606,199,0
1781254800,599.65,601.05,595.65,597.25,828,200,0
1781258400,597.35,600.35,597.35,598.95,604,200,0
1781262000,598.95,605.05,598.95,604.35,722,200,0
1781265600,604.25,607.15,603.55,606.05,531,200,0
1781269200,605.95,606.95,603.75,605.14,407,199,0
1781272800,605.25,607.95,605.15,605.85,430,200,0
1781276400,605.85,605.85,604.05,605.65,449,200,0
1781280000,605.64,606.35,602.55,604.45,978,200,0
1781283600,604.55,609.25,604.35,608.65,1375,200,0
1781287200,608.64,612.35,604.05,604.35,1812,200,0
1781290800,604.45,608.15,603.65,607.55,877,200,0
1781294400,607.55,608.45,604.95,605.85,579,200,0
1781298000,605.85,607.05,604.54,604.85,483,199,0
1781301600,604.85,605.65,601.85,602.45,441,199,0
1781305200,602.35,603.75,601.84,602.18,330,150,0
1781316000,602.23,603.05,601.24,602.85,309,150,0
1781319600,602.85,604.35,602.55,603.94,334,199,0
1781323200,603.94,605.35,602.85,605.15,353,152,0
1781326800,605.15,605.15,602.25,602.75,347,150,0
1781330400,602.64,603.65,599.45,599.45,383,199,0
1781334000,599.45,600.34,598.65,598.75,273,199,0
1781337600,598.85,599.74,598.55,599.65,294,200,0
1781341200,599.65,602.05,599.54,601.75,287,199,0
1781344800,601.85,603.05,600.85,602.35,359,150,0
1781348400,602.35,603.65,601.75,602.95,444,151,0
1781352000,602.95,603.45,602.25,602.85,367,150,0
1781355600,602.85,604.57,602.64,604.05,260,199,0
1781359200,604.08,606.45,603.79,605.75,276,150,0
1781362800,605.75,608.05,605.25,607.95,353,199,0
1781366400,608.05,609.25,607.14,607.65,395,200,0
1781370000,607.65,609.65,607.25,609.65,331,199,0
1781373600,609.65,610.35,608.55,609.55,382,199,0
1781377200,609.55,609.63,606.65,607.95,589,199,0
1781380800,607.95,608.25,605.75,606.15,388,200,0
1781384400,606.15,607.65,606.15,606.85,275,199,0
1781388000,606.85,607.85,606.34,607.45,256,199,0
1781391600,607.45,608.37,606.74,608.29,265,150,0
1781395200,608.57,611.45,607.65,608.75,484,150,0
1781398800,608.74,608.75,607.39,607.95,275,150,0
1781402400,607.95,609.55,607.65,608.65,239,150,0
1781406000,608.65,608.65,607.84,608.35,182,150,0
1781409600,608.72,609.95,607.95,608.25,424,150,0
1781413200,608.25,609.73,608.05,608.24,267,150,0
1781416800,608.25,609.15,607.65,609.05,250,199,0
1781420400,609.05,609.25,606.83,607.65,211,150,0
1781424000,607.65,608.95,607.55,608.95,198,199,0
1781427600,609.05,611.05,609.05,610.35,322,199,0
1781431200,610.35,610.58,608.84,609.25,228,199,0
1781434800,609.25,610.55,609.14,609.45,223,199,0
1781438400,609.45,611.95,608.65,610.85,266,199,0
1781442000,610.85,612.15,609.85,610.05,202,150,0
1781445600,610.15,611.95,610.15,611.35,198,150,0
1781449200,611.35,611.55,608.85,610.15,295,199,0
1781452800,610.19,611.15,609.85,610.15,351,199,0
1781456400,610.25,610.75,604.25,604.75,649,199,0
1781460000,604.85,607.25,604.65,607.05,447,199,0
1781463600,606.95,607.65,604.95,605.05,351,199,0
1781467200,605.05,606.45,602.85,603.05,379,200,0
1781470800,603.05,604.25,602.55,603.25,285,199,0
1781474400,603.25,603.85,601.89,602.25,275,199,0
1781478000,602.34,604.75,601.85,604.19,383,150,0
1781481600,603.85,616.25,603.85,613.55,1843,150,0
1781485200,613.65,615.65,610.75,613.15,1352,200,0
1781488800,613.15,615.85,611.85,615.75,999,200,0
1781492400,615.85,617.03,613.65,614.45,1204,200,0
1781496000,614.55,615.15,612.05,612.55,647,200,0
1781499600,612.55,615.65,611.55,614.45,561,199,0
1781503200,614.55,617.08,614.15,616.75,457,199,0
1781506800,616.75,616.77,614.75,615.45,311,199,0
1781510400,615.44,617.15,614.87,616.45,345,199,0
1781514000,616.45,617.96,615.35,616.35,397,150,0
1781517600,616.25,616.55,614.35,614.45,385,200,0
1781521200,614.45,615.95,614.25,614.95,321,199,0
1781524800,615.05,615.15,611.65,613.25,406,199,0
1781528400,613.25,617.05,613.05,616.44,531,199,0
1781532000,616.45,621.85,615.35,619.65,1224,200,0
1781535600,619.65,623.55,618.45,623.55,766,200,0
1781539200,623.55,631.85,622.45,625.34,2017,200,0
1781542800,625.24,628.25,624.25,626.84,1033,200,0
1781546400,626.75,629.05,623.24,627.95,1493,200,0
1781550000,628.05,628.50,626.05,626.55,927,200,0
1781553600,626.55,626.55,622.84,624.15,751,200,0
1781557200,624.09,624.09,620.75,620.85,546,199,0
1781560800,620.75,623.05,617.55,619.65,1013,199,0
1781564400,619.69,620.55,618.15,618.78,728,150,0
1781568000,617.98,619.87,616.95,618.15,475,150,0
1781571600,618.15,619.05,614.55,614.55,827,199,0
1781575200,614.55,616.85,614.25,616.75,630,200,0
1781578800,616.75,617.95,614.35,614.75,591,200,0
1781582400,614.85,616.85,614.45,614.75,460,200,0
1781586000,614.75,614.75,610.04,611.35,728,200,0
1781589600,611.35,614.15,610.65,613.95,469,199,0
1781593200,613.85,614.65,610.55,611.55,384,199,0
1781596800,611.65,613.79,611.65,612.45,361,199,0
1781600400,612.45,615.25,612.45,614.25,334,199,0
1781604000,614.35,618.05,614.25,614.65,484,199,0
1781607600,614.65,618.25,614.35,617.85,850,200,0
1781611200,617.85,618.15,613.55,614.05,456,200,0
1781614800,614.05,615.25,612.35,612.75,443,199,0
1781618400,612.75,613.75,612.04,613.05,345,199,0
1781622000,613.15,616.75,612.15,613.45,1000,200,0
1781625600,613.45,613.45,600.35,605.15,2540,200,0
1781629200,605.19,606.85,601.15,604.45,1962,200,0
1781632800,604.45,606.65,603.75,605.35,1183,200,0
1781636400,605.34,606.85,602.84,603.15,814,199,0
1781640000,603.25,607.55,602.95,606.75,776,200,0
1781643600,606.85,609.55,606.05,606.85,621,199,0
1781647200,606.75,607.05,604.85,606.05,655,200,0
1781650800,605.95,607.75,605.35,607.58,380,150,0
1781654400,606.75,607.45,604.95,606.25,412,151,0
1781658000,606.15,606.95,604.39,605.15,574,199,0
1781661600,605.20,606.14,603.55,603.95,524,199,0
1781665200,603.99,605.55,603.74,604.05,624,200,0
1781668800,604.15,606.74,602.25,606.65,597,199,0
1781672400,606.65,607.49,603.15,604.25,540,200,0
1781676000,604.25,604.65,602.94,603.75,583,200,0
1781679600,603.80,608.35,603.34,606.55,491,199,0
1781683200,606.55,608.65,605.45,606.95,591,199,0
1781686800,606.95,607.25,604.45,606.15,658,199,0
1781690400,606.25,606.95,603.95,605.65,937,200,0
1781694000,605.65,605.65,600.35,601.35,936,199,0
1781697600,601.35,602.15,600.04,600.45,517,199,0
1781701200,600.45,602.05,600.05,600.95,498,200,0
1781704800,600.95,603.75,600.05,602.95,657,200,0
1781708400,602.95,608.75,602.69,608.65,1085,200,0
1781712000,608.55,611.55,607.65,607.75,1331,200,0
1781715600,607.65,607.65,600.14,600.75,1524,200,0
1781719200,600.85,605.15,600.75,604.55,1144,200,0
1781722800,604.65,608.45,601.49,604.65,1410,200,0
1781726400,604.75,608.25,604.05,607.65,749,199,0
1781730000,607.75,608.65,599.25,606.75,3164,150,0
1781733600,606.85,608.25,596.05,597.75,3087,150,0
1781737200,597.70,600.23,596.55,600.08,837,150,0
1781740800,600.02,600.95,598.12,598.45,541,150,0
1781744400,598.55,599.95,594.24,598.45,826,199,0
1781748000,598.44,601.25,598.34,600.55,489,200,0
1781751600,600.65,602.25,600.35,601.25,618,200,0
1781755200,601.29,603.05,599.85,600.75,522,150,0
1781758800,600.85,602.45,599.75,600.85,563,200,0
1781762400,600.75,600.95,595.25,595.55,600,199,0
1781766000,595.55,596.05,589.65,590.25,1302,200,0
1781769600,590.24,590.35,586.44,588.55,1392,200,0
1781773200,588.45,589.45,586.39,588.35,1064,200,0
1781776800,588.45,589.55,586.95,588.65,683,200,0
1781780400,588.55,591.65,588.05,590.45,763,200,0
1781784000,590.35,591.65,589.25,589.55,461,199,0
1781787600,589.60,590.05,587.85,589.25,373,199,0
1781791200,589.25,590.05,587.35,588.55,409,199,0
1781794800,588.54,590.75,587.95,590.35,465,199,0
1781798400,590.35,591.45,586.35,588.45,795,200,0
1781802000,588.49,591.15,587.05,588.45,1193,200,0
1781805600,588.34,588.34,571.95,572.55,3483,200,0
1781809200,572.45,578.55,572.35,576.35,1306,200,0
1781812800,576.55,576.95,573.35,574.85,850,200,0
1781816400,574.94,576.65,573.75,575.05,855,200,0
1781820000,575.05,578.25,574.45,577.75,466,200,0
1781823600,577.85,579.95,577.85,578.98,482,150,0
1781827200,578.86,578.95,576.85,578.35,450,150,0
1781830800,578.35,579.55,576.35,577.05,471,199,0
1781834400,577.05,577.75,575.85,577.35,399,200,0
1781838000,577.35,578.75,576.45,578.15,449,200,0
1781841600,578.15,581.35,578.15,580.75,654,200,0
1781845200,580.85,581.65,579.35,581.35,540,199,0
1781848800,581.35,582.15,574.70,576.95,980,200,0
1781852400,576.95,577.75,569.65,571.45,1202,200,0
1781856000,571.55,574.85,571.34,574.65,704,200,0
1781859600,574.55,575.95,572.33,573.41,696,200,0
1781863200,573.45,574.55,571.64,573.82,668,200,0
1781866800,573.75,574.08,572.25,573.05,569,200,0
1781870400,573.15,573.35,569.95,570.35,638,200,0
1781874000,570.45,572.45,569.94,571.95,723,200,0
1781877600,571.95,572.89,570.75,572.15,486,200,0
1781881200,572.25,575.15,571.04,574.55,874,200,0
1781884800,574.65,577.35,572.25,576.55,937,199,0
1781888400,576.65,578.05,575.35,576.45,618,200,0
1781892000,576.45,578.55,575.35,577.65,706,200,0
1781895600,577.65,579.55,576.05,576.35,673,200,0
1781899200,576.45,579.20,576.05,578.95,538,200,0
1781902800,578.95,579.15,577.14,578.25,399,199,0
1781906400,578.15,580.85,576.75,578.85,493,199,0
1781910000,578.89,580.98,577.85,580.95,376,150,0
1781920800,579.83,581.35,579.05,580.45,359,150,0
1781924400,580.35,581.75,579.75,579.85,454,200,0
1781928000,579.83,580.85,579.38,580.35,356,150,0
1781931600,580.35,580.55,579.05,579.15,249,199,0
1781935200,579.15,580.25,579.05,579.65,182,199,0
1781938800,579.65,580.26,579.31,580.05,241,199,0
1781942400,580.15,583.35,579.94,581.95,580,199,0
1781946000,581.95,587.55,581.95,586.35,512,199,0
1781949600,586.45,588.45,584.35,586.75,430,200,0
1781953200,586.85,586.85,584.45,584.75,436,199,0
1781956800,584.84,587.05,584.65,586.75,333,199,0
1781960400,586.85,586.85,584.65,585.95,253,199,0
1781964000,585.95,586.85,585.34,585.35,287,150,0
1781967600,585.45,586.27,584.84,585.45,248,150,0
1781971200,585.45,585.86,582.15,583.75,472,200,0
1781974800,583.65,587.14,581.05,585.05,1121,200,0
1781978400,585.15,588.05,584.15,586.25,1048,200,0
1781982000,586.35,586.45,584.45,585.85,455,199,0
1781985600,585.85,585.85,583.14,584.35,490,199,0
1781989200,584.45,586.05,584.25,584.35,294,199,0
1781992800,584.35,585.65,584.35,585.05,345,199,0
1781996400,585.05,585.80,583.95,585.70,217,150,0
1782000000,585.62,586.35,584.84,585.55,270,150,0
1782003600,585.45,587.55,585.15,586.95,409,200,0
1782007200,586.95,587.55,586.45,587.05,243,199,0
1782010800,587.15,587.75,586.65,587.05,125,199,0
1782014400,586.74,589.35,586.05,588.45,277,150,0
1782018000,588.45,588.75,587.45,588.65,211,150,0
1782021600,588.65,590.05,588.05,589.45,366,199,0
1782025200,589.55,589.95,588.15,588.35,519,199,0
1782028800,588.35,589.65,587.95,588.85,227,199,0
1782032400,588.75,590.75,588.15,589.35,253,199,0
1782036000,589.45,590.95,588.59,590.05,308,199,0
1782039600,590.09,590.15,586.44,587.95,401,200,0
1782043200,587.95,589.45,587.25,589.05,294,199,0
1782046800,589.05,590.95,588.85,589.25,297,199,0
1782050400,589.25,589.95,587.04,587.55,411,199,0
1782054000,587.65,587.65,584.40,586.25,453,199,0
1782057600,586.25,587.85,585.94,587.55,237,199,0
1782061200,587.54,588.95,586.94,588.95,233,199,0
1782064800,588.95,589.65,588.45,588.95,296,199,0
1782068400,589.05,589.45,587.75,588.85,345,199,0
1782072000,589.00,590.65,588.84,589.95,241,199,0
1782075600,589.95,590.89,588.25,590.85,341,199,0
1782079200,590.85,591.65,590.55,591.05,184,199,0
1782082800,591.05,591.05,586.55,587.81,346,150,0
1782086400,587.55,587.85,584.45,586.85,582,199,0
1782090000,586.75,588.05,584.64,586.55,868,199,0
1782093600,586.45,586.55,582.65,583.25,1179,200,0
1782097200,583.35,588.65,583.25,586.95,1067,200,0
1782100800,587.05,594.74,586.15,593.55,1344,200,0
1782104400,593.65,593.89,590.35,590.45,658,200,0
1782108000,590.45,591.85,588.15,589.05,830,200,0
1782111600,589.09,589.75,588.35,589.65,626,200,0
1782115200,589.65,592.05,589.14,592.05,405,200,0
1782118800,592.15,593.25,589.55,589.95,496,199,0
1782122400,589.95,594.35,589.75,593.05,498,200,0
1782126000,593.15,594.05,591.45,592.25,606,200,0
1782129600,592.35,592.75,591.45,592.15,323,200,0
1782133200,592.15,592.55,590.35,591.25,305,199,0
1782136800,591.24,597.25,590.85,596.35,781,200,0
1782140400,596.35,600.05,596.35,599.75,908,200,0
1782144000,599.84,601.45,598.34,601.25,1070,200,0
1782147600,601.35,601.45,595.25,597.05,1302,200,0
1782151200,597.05,598.55,594.55,595.35,1363,200,0
1782154800,595.45,595.45,591.65,593.95,974,200,0
1782158400,593.99,594.85,592.04,594.55,559,199,0
1782162000,594.55,596.10,592.24,592.45,507,200,0
1782165600,592.55,593.05,589.39,591.45,726,199,0
1782169200,591.34,592.25,588.95,590.85,388,150,0
1782172800,590.99,591.15,588.25,590.25,371,150,0
1782176400,590.25,591.05,586.95,589.05,920,200,0
1782180000,589.00,590.25,588.04,589.15,465,199,0
1782183600,588.95,590.75,587.85,590.45,595,200,0
1782187200,590.45,591.25,587.04,589.45,539,200,0
1782190800,589.45,591.85,588.95,591.64,421,200,0
1782194400,591.64,591.74,588.75,591.04,531,200,0
1782198000,591.10,591.35,586.15,586.25,619,199,0
1782201600,586.35,586.99,584.04,584.65,1016,200,0
1782205200,584.55,584.95,576.75,580.14,2146,199,0
1782208800,580.15,581.65,579.69,579.85,712,200,0
1782212400,579.95,580.35,569.55,573.04,2886,200,0
1782216000,572.95,573.75,570.45,570.85,702,200,0
1782219600,570.90,572.55,569.74,571.05,704,200,0
1782223200,571.05,573.55,570.55,572.85,551,200,0
1782226800,572.85,574.45,571.95,572.55,522,200,0
1782230400,572.50,574.25,570.04,574.05,1255,200,0
1782234000,574.03,575.85,572.14,572.65,918,200,0
1782237600,572.54,573.85,570.85,573.44,659,200,0
1782241200,573.55,576.05,572.95,573.55,638,200,0
1782244800,573.55,574.75,572.25,572.94,498,200,0
1782248400,572.94,573.95,571.54,572.65,453,200,0
1782252000,572.65,575.55,572.55,575.05,418,199,0
1782255600,575.05,575.94,574.45,575.32,281,150,0
1782259200,575.81,576.57,574.95,575.84,266,150,0
1782262800,575.85,577.15,575.34,576.75,316,199,0
1782266400,576.65,578.05,575.45,577.05,429,200,0
1782270000,576.95,579.95,576.84,578.75,680,200,0
1782273600,578.95,580.55,577.69,578.44,775,200,0
1782277200,578.55,578.75,576.32,576.35,469,199,0
1782280800,576.45,577.60,574.35,576.85,386,199,0
1782284400,576.95,577.75,573.25,576.35,587,200,0
1782288000,576.45,580.25,576.14,578.84,444,199,0
1782291600,578.85,579.55,577.84,578.05,413,200,0
1782295200,578.05,578.15,575.35,575.95,585,200,0
1782298800,575.95,577.05,575.54,576.95,503,200,0
1782302400,576.85,576.85,575.05,575.94,384,200,0
1782306000,575.94,576.05,574.25,574.55,453,200,0
1782309600,574.45,580.85,572.85,578.75,944,200,0
1782313200,578.85,579.35,575.64,575.75,971,200,0
1782316800,575.75,575.95,567.14,569.05,2867,200,0
1782320400,568.99,570.65,566.55,569.35,2378,200,0
1782324000,569.24,569.25,560.04,560.45,2201,200,0
1782327600,560.35,562.75,550.85,553.65,2870,200,0
1782331200,553.75,556.05,545.65,547.84,4179,200,0
1782334800,547.95,554.75,546.95,552.45,2375,200,0
1782338400,552.55,554.55,551.05,554.35,1238,200,0
1782342000,554.45,563.55,553.54,562.32,2570,150,0
1782345600,560.75,563.25,558.84,563.15,710,199,0
1782349200,563.20,565.25,561.84,562.35,1009,200,0
1782352800,562.35,564.05,561.75,563.65,617,200,0
1782356400,563.75,565.04,562.15,563.04,892,200,0
1782360000,563.15,565.75,562.55,565.25,717,200,0
1782363600,565.29,566.05,564.25,564.75,572,200,0
1782367200,564.85,565.85,563.55,564.85,506,200,0
1782370800,564.95,567.95,562.85,567.45,552,199,0
1782374400,567.35,569.95,566.95,569.05,989,200,0
1782378000,569.15,571.75,569.15,570.25,596,199,0
1782381600,570.35,571.15,568.95,569.55,596,200,0
1782385200,569.54,569.65,568.25,568.55,453,199,0
1782388800,568.60,569.35,567.35,567.85,348,199,0
1782392400,567.75,567.95,562.45,562.74,414,199,0
1782396000,562.85,563.25,560.05,561.85,832,199,0
1782399600,561.95,565.45,560.15,562.05,1213,200,0
1782403200,562.15,567.55,539.75,540.45,4499,200,0
1782406800,540.59,558.34,540.59,552.05,7627,200,0
1782410400,552.15,553.55,547.14,552.95,2643,150,0
1782414000,553.04,556.35,551.35,553.15,1667,200,0
1782417600,553.19,558.61,552.24,558.61,1530,150,0
1782421200,558.63,559.25,553.75,554.45,1203,200,0
1782424800,554.55,554.65,551.85,553.35,897,200,0
1782428400,553.45,556.15,553.44,554.71,789,150,0
1782432000,554.93,560.64,554.75,560.45,632,150,0
1782435600,560.35,560.45,558.65,559.45,606,199,0
1782439200,559.35,561.95,558.34,559.75,407,200,0
1782442800,559.85,563.70,559.04,559.95,781,200,0
1782446400,559.89,560.45,556.15,557.55,825,200,0
1782450000,557.75,557.75,549.45,551.45,2242,200,0
1782453600,551.55,562.74,549.95,562.05,1980,200,0
1782457200,561.95,562.45,558.75,559.45,888,200,0
1782460800,559.55,560.95,558.35,560.25,788,200,0
1782464400,560.15,564.15,558.15,563.24,889,200,0
1782468000,563.29,569.45,563.25,568.65,964,200,0
1782471600,568.55,569.05,565.90,567.75,786,200,0
1782475200,567.79,567.85,562.65,563.35,1061,200,0
1782478800,562.95,565.55,562.19,563.25,1064,200,0
1782482400,563.24,564.85,557.85,558.05,1140,200,0
1782486000,558.05,560.45,553.45,555.35,1959,200,0
1782489600,555.45,563.15,551.55,562.95,3654,200,0
1782493200,562.85,564.05,558.35,558.95,2511,150,0
1782496800,558.95,566.35,558.65,564.45,1767,200,0
1782500400,564.45,568.05,562.05,565.95,1144,200,0
1782504000,565.85,567.35,565.35,566.55,732,200,0
1782507600,566.45,567.64,563.85,564.35,681,200,0
1782511200,564.50,567.85,563.95,565.57,712,200,0
1782514800,565.50,567.45,563.67,564.35,882,150,0
1782525600,567.45,567.75,566.25,566.75,315,150,0
1782529200,566.74,567.75,564.94,566.75,517,200,0
1782532800,566.76,566.76,564.72,564.85,316,200,0
1782536400,564.75,567.65,564.35,567.05,554,199,0
1782540000,566.95,567.25,565.15,566.05,454,199,0
1782543600,566.05,567.05,563.45,563.65,351,200,0
1782547200,563.65,565.35,563.04,564.64,470,199,0
1782550800,564.65,565.85,563.45,564.55,348,199,0
1782554400,564.65,564.95,564.05,564.65,254,199,0
1782558000,564.65,564.75,563.55,564.65,266,199,0
1782561600,564.65,564.95,563.35,563.83,254,199,0
1782565200,563.95,563.95,562.84,563.75,262,199,0
1782568800,563.76,563.85,561.65,562.34,340,150,0
1782572400,562.34,563.75,561.65,563.45,284,199,0
1782576000,563.45,564.54,562.85,563.44,348,200,0
1782579600,563.45,564.55,562.45,563.65,335,199,0
1782583200,563.75,566.25,563.35,564.65,473,150,0
1782586800,564.55,565.75,564.05,565.65,276,199,0
1782590400,565.65,565.95,562.25,562.35,522,199,0
1782594000,562.39,562.67,560.95,561.35,305,199,0
1782597600,561.35,562.05,557.09,558.25,585,199,0
1782601200,558.15,559.08,558.15,559.08,269,149,0
1782604800,558.99,562.25,555.55,556.55,508,150,0
1782608400,556.35,558.15,553.75,558.15,749,199,0
1782612000,558.15,558.25,555.95,556.35,519,150,0
1782615600,556.35,557.51,555.94,557.34,249,200,0
1782619200,557.13,557.39,555.54,557.15,456,150,0
1782622800,557.05,557.86,555.85,556.55,382,150,0
1782626400,556.65,557.95,556.65,557.75,305,199,0
1782630000,557.85,557.85,555.85,555.95,364,199,0
1782633600,556.05,556.25,553.85,555.05,544,199,0
1782637200,555.05,555.35,553.05,553.95,505,199,0
1782640800,554.05,555.95,554.05,555.45,489,151,0
1782644400,555.45,557.95,554.35,556.45,594,199,0
1782648000,556.55,557.14,554.15,554.25,380,199,0
1782651600,554.25,555.25,553.25,554.15,382,199,0
1782655200,554.15,556.35,553.94,556.25,503,200,0
1782658800,556.15,556.95,554.45,555.65,495,199,0
1782662400,555.55,555.75,553.15,554.25,572,199,0
1782666000,554.25,556.05,553.94,553.95,577,200,0
1782669600,553.95,555.15,552.65,553.65,660,200,0
1782673200,553.75,553.85,550.45,551.35,890,200,0
1782676800,551.45,552.35,548.85,550.95,695,200,0
1782680400,550.85,552.85,550.24,552.75,454,199,0
1782684000,552.75,552.75,546.24,547.45,768,200,0
1782687600,547.39,554.15,547.25,549.40,804,150,0
1782691200,549.33,550.65,547.45,547.95,524,150,0
1782694800,548.04,551.95,544.74,546.25,2519,200,0
1782698400,546.25,552.35,545.75,550.05,1279,200,0
1782702000,550.09,552.05,545.65,551.85,1772,200,0
1782705600,551.94,552.05,548.65,551.34,1236,200,0
1782709200,551.25,553.75,546.35,552.85,1488,200,0
1782712800,552.95,555.75,552.65,554.25,940,200,0
1782716400,554.29,554.35,549.95,550.35,685,200,0
1782720000,550.45,552.35,547.34,552.35,1083,200,0
1782723600,552.45,554.54,552.04,553.05,811,200,0
1782727200,553.15,553.74,551.74,552.55,580,200,0
1782730800,552.45,553.45,550.45,551.95,665,200,0
1782734400,551.94,553.75,551.35,552.65,622,200,0
1782738000,552.64,554.85,552.64,552.85,679,199,0
1782741600,552.75,553.81,549.45,550.84,772,200,0
1782745200,550.79,557.55,548.55,552.35,2735,200,0
1782748800,552.45,554.95,548.05,549.74,2837,200,0
1782752400,549.85,550.95,545.25,549.95,3327,200,0
1782756000,549.89,551.59,546.54,550.95,2002,200,0
1782759600,551.05,557.84,549.34,555.15,1175,200,0
1782763200,555.24,561.85,555.05,560.15,1948,200,0
1782766800,560.15,561.55,559.38,560.25,773,199,0
1782770400,560.35,561.55,559.04,560.85,658,200,0
1782774000,560.95,561.35,559.05,559.45,398,150,0
1782777600,559.05,560.85,558.74,560.35,356,150,0
1782781200,560.35,560.94,559.15,559.25,388,199,0
1782784800,559.25,559.65,558.44,558.75,273,199,0
1782788400,558.65,559.55,554.45,554.85,687,200,0
1782792000,554.85,556.25,554.05,554.95,562,150,0
1782795600,554.95,556.45,553.64,555.65,339,199,0
1782799200,555.65,556.05,552.85,552.85,451,200,0
1782802800,552.75,553.75,550.65,552.25,520,200,0
1782806400,552.25,553.16,551.05,553.15,421,199,0
1782810000,553.15,553.35,551.55,552.30,364,150,0
1782813600,552.30,552.83,551.05,551.45,502,150,0
1782817200,551.42,552.35,548.75,549.15,693,149,0
1782820800,549.05,550.38,548.35,548.85,432,200,0
1782824400,548.85,549.65,548.24,548.54,309,200,0
1782828000,548.55,548.65,546.04,546.75,442,200,0
1782831600,546.75,546.75,542.75,542.75,1136,200,0
1782835200,542.85,547.75,542.65,547.45,2038,200,0
1782838800,547.34,550.49,543.85,544.55,2312,200,0
1782842400,544.65,546.45,542.75,543.95,1542,200,0
1782846000,543.99,546.95,543.85,545.75,1095,199,0
1782849600,545.65,547.75,545.04,545.84,727,150,0
1782853200,545.75,547.65,544.55,545.94,755,200,0
1782856800,545.85,546.95,544.85,546.45,521,199,0
1782860400,546.45,546.75,544.25,544.85,502,150,0
1782864000,544.35,544.65,543.14,544.15,393,199,0
1782867600,544.25,545.05,543.45,543.95,366,199,0
1782871200,544.05,545.80,543.94,545.65,255,150,0
1782874800,545.75,547.25,544.25,546.85,501,199,0
1782878400,546.95,548.80,538.80,546.95,2497,200,0
1782882000,546.84,549.61,546.25,548.85,984,200,0
1782885600,548.85,551.95,547.85,550.65,789,200,0
1782889200,550.75,551.65,549.74,550.15,599,199,0
1782892800,550.20,550.75,548.94,550.05,374,199,0
1782896400,550.05,550.15,544.04,544.95,739,200,0
1782900000,544.95,546.65,544.25,545.95,490,199,0
1782903600,545.89,546.35,543.05,546.35,580,199,0
1782907200,546.25,546.75,543.85,544.25,447,200,0
1782910800,544.35,544.85,541.05,541.25,732,200,0
1782914400,541.15,543.65,536.25,541.55,1260,200,0
1782918000,541.55,542.75,540.35,541.35,1015,200,0
1782921600,541.45,549.85,541.44,548.25,2477,200,0
1782925200,548.15,551.45,546.45,548.55,1943,200,0
1782928800,548.65,554.75,548.54,553.55,1377,200,0
1782932400,553.65,554.05,550.05,550.85,638,200,0
1782936000,550.89,553.55,549.45,553.44,545,150,0
1782939600,553.35,553.54,551.34,552.05,417,199,0
1782943200,552.05,553.15,549.69,550.35,401,199,0
1782946800,550.40,551.84,549.15,551.84,337,150,0
1782950400,552.40,556.15,552.24,555.35,537,150,0
1782954000,555.25,559.10,552.35,552.85,976,199,0
1782957600,552.75,552.75,549.25,549.55,538,199,0
1782961200,549.55,549.65,545.35,546.85,530,199,0
1782964800,546.95,550.85,546.85,549.65,480,200,0
1782968400,549.55,550.88,548.05,550.14,458,199,0
1782972000,550.15,556.70,549.25,556.05,822,200,0
1782975600,555.99,555.99,551.85,553.35,419,200,0
1782979200,553.30,553.30,551.05,551.15,531,199,0
1782982800,551.25,551.35,548.15,548.15,419,200,0
1782986400,548.14,549.05,547.84,548.45,420,200,0
1782990000,548.39,550.15,548.25,549.85,478,199,0
1782993600,549.75,555.05,549.15,553.55,984,199,0
1782997200,553.45,555.75,552.95,554.95,570,200,0
1783000800,555.05,560.75,554.65,559.05,696,200,0
1783004400,558.95,562.35,558.35,562.25,1328,200,0
1783008000,562.35,566.35,560.75,564.25,1334,200,0
1783011600,564.35,565.45,559.25,561.15,1344,200,0
1783015200,561.05,562.65,559.44,561.65,699,150,0
1783018800,561.74,563.25,558.55,561.04,666,200,0
1783022400,560.95,562.55,559.04,559.85,499,200,0
1783026000,559.75,560.95,559.05,559.25,322,199,0
1783029600,559.35,559.47,557.15,557.25,448,199,0
1783033200,557.35,557.95,556.55,557.74,291,150,0
1783036800,557.26,557.55,556.34,556.65,241,150,0
1783040400,556.55,557.35,555.35,556.45,326,200,0
1783044000,556.35,558.65,555.84,557.95,291,199,0
1783047600,557.85,558.35,556.24,556.82,451,199,0
1783051200,556.85,561.05,556.25,560.55,630,200,0
1783054800,560.65,560.95,558.15,560.65,403,200,0
1783058400,560.55,560.85,558.55,560.05,359,199,0
1783062000,560.05,560.55,559.04,559.75,342,200,0
1783065600,559.65,562.25,559.35,561.35,345,199,0
1783069200,561.36,562.85,560.15,560.45,330,150,0
1783072800,560.35,561.45,560.05,560.55,302,199,0
1783076400,560.65,562.95,560.30,561.19,425,200,0
1783080000,561.25,563.45,560.65,561.95,389,199,0
1783083600,561.85,565.55,561.64,564.95,463,200,0
1783087200,564.95,566.55,564.25,565.65,418,199,0
1783090800,565.65,566.75,563.34,563.95,398,199,0
1783094400,563.95,566.74,563.75,565.95,441,199,0
1783098000,565.85,565.85,562.25,564.85,505,200,0
1783101600,564.95,567.45,563.85,564.74,617,200,0
1783105200,564.74,566.25,563.64,565.75,468,199,0
1783108800,565.75,567.25,565.45,566.79,386,199,0
1783112400,566.95,567.85,566.65,567.45,296,199,0
1783116000,567.51,570.55,566.85,568.75,356,199,0
1783119600,568.85,573.75,568.65,572.42,644,150,0
1783130400,572.39,574.34,571.67,572.85,346,150,0
1783134000,572.89,574.65,572.44,573.20,431,199,0
1783137600,573.08,573.15,570.04,570.95,406,200,0
1783141200,570.95,571.65,570.34,570.95,309,199,0
1783144800,570.95,572.15,570.57,571.35,394,199,0
1783148400,571.34,572.35,570.55,572.15,364,199,0
1783152000,572.05,572.05,569.05,570.35,298,199,0
1783155600,570.15,571.45,567.65,568.95,402,199,0
1783159200,568.94,569.05,567.75,568.75,379,199,0
1783162800,568.89,575.25,568.17,574.25,590,199,0
1783166400,574.35,574.35,571.15,571.55,434,200,0
1783170000,571.55,571.75,570.34,570.95,288,199,0
1783173600,570.85,571.65,570.15,570.85,223,199,0
1783177200,570.75,572.45,570.75,572.14,235,199,0
1783180800,572.14,573.35,571.05,572.15,286,199,0
1783184400,572.05,574.85,572.05,573.55,382,200,0
1783188000,573.55,577.05,572.85,575.75,811,150,0
1783191600,575.75,575.90,573.84,574.75,437,150,0
1783195200,574.65,577.65,573.35,577.45,463,200,0
1783198800,577.35,577.65,575.32,575.75,281,199,0
1783202400,575.75,576.05,574.55,574.55,289,200,0
1783206000,574.55,574.95,572.15,572.35,291,150,0
1783209600,572.34,574.20,571.55,573.55,255,150,0
1783213200,573.50,577.25,573.45,575.75,420,200,0
1783216800,575.85,575.85,572.55,574.25,390,199,0
1783220400,574.34,574.35,572.15,572.75,187,200,0
1783224000,572.51,572.74,568.85,570.85,407,150,0
1783227600,570.85,571.15,567.25,568.35,506,150,0
1783231200,568.35,570.15,568.35,569.45,306,199,0
1783234800,569.45,571.15,568.95,570.45,267,199,0
1783238400,570.35,571.25,569.45,570.65,323,199,0
1783242000,570.65,571.45,569.65,570.65,297,199,0
1783245600,570.65,574.80,570.45,574.65,278,199,0
1783249200,574.65,578.05,573.94,577.45,515,199,0
1783252800,577.35,577.35,571.65,573.55,541,150,0
1783256400,573.55,575.25,572.75,575.05,496,199,0
1783260000,575.05,577.35,573.54,576.05,550,200,0
1783263600,576.04,585.59,575.15,582.85,1059,200,0
1783267200,582.89,586.85,581.25,585.90,1029,200,0
1783270800,585.85,588.85,585.25,586.35,1109,200,0
1783274400,586.25,588.85,585.65,586.35,827,199,0
1783278000,586.44,587.95,583.94,584.85,638,200,0
1783281600,584.85,586.25,583.69,584.35,557,199,0
1783285200,584.35,590.95,582.55,589.74,886,200,0
1783288800,589.69,590.26,587.85,588.45,628,200,0
1783292400,588.40,589.65,586.74,587.35,405,150,0
1783296000,586.65,590.25,585.05,588.65,567,150,0
1783299600,588.65,592.45,587.85,590.55,925,200,0
1783303200,590.55,592.15,588.14,588.95,640,200,0
1783306800,588.85,590.85,585.94,590.85,844,200,0
1783310400,590.94,592.15,587.64,587.65,674,200,0
1783314000,587.75,588.45,584.61,585.54,636,200,0
1783317600,585.45,585.75,582.05,584.45,557,200,0
1783321200,584.45,584.85,582.65,583.15,323,199,0
1783324800,583.14,583.75,580.35,582.25,447,199,0
1783328400,582.35,582.46,580.75,581.45,383,200,0
1783332000,581.45,581.95,580.14,581.25,363,200,0
1783335600,581.15,581.95,579.04,579.75,419,199,0
1783339200,579.70,579.71,575.35,576.45,446,199,0
1783342800,576.55,580.05,576.45,579.25,331,200,0
1783346400,579.35,580.25,576.85,576.85,266,199,0
1783350000,576.95,576.95,571.04,571.15,1430,200,0
1783353600,571.09,574.25,569.25,572.15,1109,200,0
1783357200,572.05,577.95,572.05,576.15,907,200,0
1783360800,576.15,584.05,575.95,583.85,1065,200,0
1783364400,583.95,585.74,582.55,584.45,831,200,0
1783368000,584.44,585.35,582.05,582.35,501,200,0
1783371600,582.35,584.35,582.05,583.55,332,199,0
1783375200,583.65,585.15,583.25,584.35,330,200,0
1783378800,584.44,585.45,582.75,585.04,351,150,0
1783382400,585.26,591.15,585.15,588.65,811,150,0
1783386000,588.70,588.75,586.55,587.15,389,199,0
1783389600,587.25,587.99,584.75,585.15,294,199,0
1783393200,585.25,586.95,584.65,585.95,414,199,0
1783396800,585.85,585.85,581.65,582.05,536,200,0
1783400400,582.05,582.65,579.45,580.05,421,200,0
1783404000,580.15,581.05,577.45,578.35,453,200,0
1783407600,578.25,578.45,576.85,578.05,348,199,0
1783411200,578.05,578.95,575.55,578.05,394,200,0
1783414800,578.05,579.85,577.15,579.15,325,199,0
1783418400,579.05,579.55,577.45,577.45,307,199,0
1783422000,577.55,577.65,575.65,576.25,334,199,0
1783425600,576.25,577.69,575.85,576.95,308,199,0
1783429200,577.05,579.15,576.85,577.45,368,199,0
1783432800,577.25,579.45,576.45,579.25,315,200,0
1783436400,579.25,581.35,578.95,579.95,469,199,0
1783440000,579.95,580.15,575.95,576.40,901,199,0
1783443600,576.55,580.45,574.25,579.95,1318,200,0
1783447200,579.95,584.55,578.45,583.65,887,200,0
1783450800,583.75,585.95,582.35,584.25,646,200,0
1783454400,584.14,585.45,583.09,584.95,722,200,0
1783458000,585.03,585.05,581.25,581.35,611,199,0
1783461600,581.34,583.25,579.15,582.34,999,200,0
1783465200,582.45,582.85,579.18,579.97,329,150,0
1783468800,580.54,580.55,576.75,577.03,355,150,0
1783472400,576.96,578.55,575.65,577.65,379,199,0
1783476000,577.55,578.25,575.45,575.74,255,199,0
1783479600,575.85,577.95,575.15,577.55,448,200,0
1783483200,577.59,577.95,570.35,570.95,809,200,0
1783486800,570.84,571.15,566.65,570.05,994,200,0
1783490400,570.15,571.44,567.45,567.95,484,199,0
1783494000,568.05,568.94,567.15,568.45,531,200,0
1783497600,568.55,569.25,566.45,567.25,430,199,0
1783501200,567.25,567.35,564.95,565.55,444,200,0
1783504800,565.60,567.05,564.25,566.95,495,200,0
1783508400,566.95,567.65,559.75,560.55,1815,200,0
1783512000,560.55,562.35,559.25,560.45,547,200,0
1783515600,560.44,562.25,559.51,561.75,352,200,0
1783519200,561.75,567.75,561.24,565.05,587,199,0
1783522800,565.00,565.75,562.74,562.94,448,199,0
1783526400,563.05,565.14,561.75,564.35,867,200,0
1783530000,564.35,566.25,562.25,563.45,925,200,0
1783533600,563.50,563.55,559.85,561.25,577,200,0
1783537200,561.35,565.75,560.65,565.55,547,200,0
1783540800,565.55,566.85,563.55,563.65,369,199,0
1783544400,563.70,565.85,563.34,565.35,334,200,0
1783548000,565.45,566.55,564.64,566.05,314,200,0
1783551600,566.05,566.65,564.95,565.63,273,150,0
1783555200,565.46,566.05,563.85,565.85,246,150,0
1783558800,565.85,567.35,565.55,567.05,381,199,0
1783562400,567.05,567.95,566.25,567.75,295,199,0
1783566000,567.75,568.25,566.74,567.75,407,199,0
1783569600,567.65,571.85,566.05,566.35,766,200,0
1783573200,566.35,568.45,565.15,565.25,513,200,0
1783576800,565.25,567.55,564.65,567.35,490,199,0
1783580400,567.45,569.65,566.74,569.65,415,200,0
1783584000,569.55,572.75,568.51,572.75,421,199,0
1783587600,572.85,574.15,571.54,573.85,501,200,0
1783591200,573.75,575.65,571.35,571.85,527,200,0
1783594800,571.85,572.45,571.05,571.35,439,199,0
1783598400,571.25,572.47,569.74,572.05,349,199,0
1783602000,571.95,572.25,568.45,568.95,360,199,0
1783605600,569.05,569.57,567.95,568.75,414,199,0
1783609200,568.85,569.75,567.15,567.95,588,199,0
1783612800,568.05,571.25,567.05,569.95,810,200,0
1783616400,570.05,571.05,567.85,571.05,736,200,0
1783620000,571.15,571.95,569.65,570.05,463,199,0
1783623600,570.05,570.55,568.25,568.84,396,200,0
1783627200,568.84,571.55,568.45,570.55,428,199,0
1783630800,570.65,572.75,570.05,570.85,551,200,0
1783634400,570.75,570.75,569.05,569.15,306,199,0
1783638000,569.25,569.75,568.45,569.29,233,150,0
1783641600,569.82,570.15,569.04,569.34,200,150,0
1783645200,569.34,570.05,568.64,569.35,255,150,0
1783648800,569.25,569.45,567.63,567.65,274,200,0
1783652400,567.65,569.65,567.05,569.65,396,199,0
1783656000,569.65,575.55,568.54,573.95,704,200,0
1783659600,574.05,574.75,572.95,574.45,445,199,0
1783663200,574.35,574.85,573.44,574.54,281,200,0
1783666800,574.65,576.45,573.95,575.15,293,200,0
1783670400,575.15,577.15,574.35,576.35,287,199,0
1783674000,576.40,576.65,575.05,575.55,285,199,0
1783677600,575.59,576.15,572.93,573.15,255,199,0
1783681200,573.15,576.25,572.94,575.05,411,199,0
1783684800,574.95,576.15,573.75,575.65,370,200,0
1783688400,575.64,576.55,574.55,575.25,370,199,0
1783692000,575.35,576.05,573.75,574.55,280,199,0
1783695600,574.65,575.95,572.45,572.55,442,199,0
1783699200,572.55,575.55,571.85,574.55,704,199,0
1783702800,574.45,574.65,568.54,571.15,1509,200,0
1783706400,571.05,573.45,570.95,572.75,488,200,0
1783710000,572.75,576.45,572.75,576.05,431,200,0
1783713600,576.15,577.25,574.85,574.85,278,199,0
1783717200,574.85,576.35,573.65,574.25,283,199,0
1783720800,574.25,575.65,572.75,574.95,326,199,0
1783724400,574.85,575.35,573.55,574.37,241,150,0
1783735200,575.30,575.30,574.15,574.35,175,150,0
1783738800,574.35,574.65,573.35,573.54,234,199,0
1783742400,573.65,574.95,572.09,572.15,309,199,0
1783746000,572.15,573.95,571.95,573.85,228,199,0
1783749600,573.80,574.95,573.15,573.85,221,150,0
1783753200,573.85,574.95,573.40,574.15,219,199,0
1783756800,574.05,575.35,573.85,574.15,206,199,0
1783760400,574.05,575.25,573.85,575.05,159,199,0
1783764000,575.05,576.59,574.85,575.85,200,199,0
1783767600,575.85,578.15,575.55,578.15,237,199,0
1783771200,578.15,578.65,576.25,576.65,226,199,0
1783774800,576.65,577.75,575.99,577.75,188,199,0
1783778400,577.65,578.25,576.65,578.25,193,199,0
1783782000,578.25,579.25,577.75,578.39,220,150,0
1783785600,578.45,581.05,578.25,580.15,283,199,0
1783789200,580.15,581.85,579.85,580.65,315,199,0
1783792800,580.65,580.99,577.64,578.85,473,199,0
1783796400,578.85,579.45,578.21,578.95,301,199,0
1783800000,578.99,580.15,578.55,579.55,240,199,0
1783803600,579.45,580.15,579.35,579.85,204,199,0
1783807200,579.91,580.45,579.25,579.55,162,150,0
1783810800,579.55,580.45,579.55,580.20,147,149,0
1783814400,580.64,580.64,579.85,580.05,159,150,0
1783818000,580.05,580.85,578.65,579.15,282,151,0
1783821600,579.15,579.55,573.55,573.55,425,152,0
1783825200,573.45,574.15,570.05,570.95,387,200,0
1783828800,570.55,573.20,569.65,572.85,393,150,0
1783832400,572.85,573.25,571.85,573.05,190,199,0
1783836000,573.05,574.75,572.75,574.25,199,150,0
1783839600,574.15,574.75,572.55,573.15,245,199,0
1783843200,573.15,573.25,571.55,571.85,177,150,0
1783846800,571.75,571.75,568.85,570.65,323,199,0
1783850400,570.65,571.50,570.45,571.15,159,150,0
1783854000,571.12,572.85,571.12,572.65,191,199,0
1783857600,572.75,573.95,571.25,573.34,208,199,0
1783861200,573.34,573.65,572.65,573.35,171,199,0
1783864800,573.25,579.45,572.65,579.05,366,199,0
1783868400,579.15,583.65,579.15,581.35,795,200,0
1783872000,581.35,581.45,579.55,580.15,312,199,0
1783875600,580.15,581.65,578.45,580.65,298,199,0
1783879200,580.55,580.65,579.32,580.15,323,199,0
1783882800,580.25,581.05,579.75,580.15,312,199,0
1783886400,580.19,580.25,577.95,578.25,350,200,0
1783890000,578.35,578.75,578.05,578.45,232,199,0
1783893600,578.45,578.95,577.75,578.75,159,150,0
1783897200,578.75,578.85,577.65,577.99,170,150,0
1783900800,577.75,578.45,574.85,574.85,260,150,0
1783904400,574.05,574.45,571.75,573.05,434,199,0
1783908000,572.95,573.75,572.05,572.74,260,199,0
1783911600,572.65,578.75,571.85,576.75,1005,200,0
1783915200,576.64,577.95,570.95,571.15,1129,151,0
1783918800,571.15,572.65,569.65,570.85,1008,200,0
1783922400,570.75,570.75,565.44,567.85,934,200,0
1783926000,567.75,568.35,566.05,566.15,399,199,0
1783929600,566.25,568.35,565.25,567.55,442,199,0
1783933200,567.65,568.25,566.55,567.45,295,199,0
1783936800,567.55,569.45,566.77,568.86,301,199,0
1783940400,568.87,569.95,568.35,569.25,267,199,0
1783944000,569.25,569.25,568.24,568.55,176,199,0
1783947600,568.55,569.25,567.25,568.57,222,199,0
1783951200,568.62,569.85,568.25,568.65,287,199,0
1783954800,568.65,568.75,566.55,567.45,289,199,0
1783958400,567.45,568.55,565.34,567.05,600,150,0
1783962000,566.95,569.85,564.75,569.65,991,200,0
1783965600,569.65,570.75,567.25,567.65,373,199,0
1783969200,567.65,567.75,564.64,564.95,369,199,0
1783972800,564.95,565.55,561.35,561.45,638,200,0
1783976400,561.55,564.21,561.15,563.25,519,199,0
1783980000,563.35,565.25,562.95,565.15,290,199,0
1783983600,565.05,565.55,563.35,564.59,346,150,0
1783987200,564.65,564.65,562.25,563.75,304,150,0
1783990800,563.65,565.55,563.65,564.25,303,200,0
1783994400,564.25,566.48,564.00,566.48,302,199,0
1783998000,566.73,568.85,565.65,568.15,440,150,0
1784001600,568.15,569.45,567.55,568.85,362,200,0
1784005200,568.95,569.25,566.45,568.85,354,199,0
1784008800,568.95,569.45,566.95,568.95,404,200,0
1784012400,569.05,570.25,568.74,570.15,333,199,0
1784016000,570.15,570.65,568.95,569.45,294,199,0
1784019600,569.45,569.45,568.05,568.25,245,199,0
1784023200,568.25,569.25,567.93,569.05,263,199,0
1784026800,569.04,570.58,568.14,569.65,299,199,0
1784030400,569.65,570.15,568.45,568.95,270,199,0
1784034000,568.95,570.15,568.35,569.95,285,150,0
1784037600,569.85,570.35,569.40,569.85,222,199,0
1784041200,569.89,576.95,569.15,576.45,1010,199,0
1784044800,576.55,581.05,575.25,578.05,1054,200,0
1784048400,578.05,580.85,576.95,580.55,568,199,0
1784052000,580.65,583.55,580.15,581.95,659,200,0
1784055600,582.05,582.55,580.75,580.75,326,199,0
1784059200,580.71,580.75,578.44,579.75,327,199,0
1784062800,579.85,580.05,578.75,578.95,197,199,0
1784066400,578.95,580.65,578.95,579.65,237,199,0
1784070000,579.74,579.95,578.55,579.24,154,150,0
1784073600,578.87,580.40,578.65,579.75,170,150,0
1784077200,579.85,581.85,578.25,580.75,532,199,0
1784080800,580.65,581.85,580.05,580.85,263,199,0
1784084400,580.95,582.15,580.45,581.35,348,199,0
1784088000,581.15,581.15,579.14,579.25,239,150,0
1784091600,579.20,580.36,578.45,579.15,221,199,0
1784095200,579.15,580.55,578.85,579.95,243,199,0
1784098800,579.95,580.45,576.35,578.85,332,199,0
1784102400,578.95,579.95,577.85,579.75,293,199,0
1784106000,579.69,581.45,578.75,578.85,381,200,0
1784109600,579.05,579.25,575.54,575.54,373,199,0
1784113200,575.60,576.75,574.85,576.25,359,199,0
1784116800,576.15,576.95,575.55,576.15,295,199,0
1784120400,576.05,577.75,575.95,577.75,330,199,0
1784124000,577.65,578.05,576.85,578.05,227,199,0
1784127600,578.05,583.55,576.15,581.65,862,200,0
1784131200,581.65,584.39,580.05,581.65,1049,200,0
1784134800,581.75,582.75,579.25,580.75,878,200,0
1784138400,580.75,581.35,579.35,580.75,538,200,0
1784142000,580.75,580.75,575.55,577.65,506,200,0
1784145600,577.65,579.85,577.35,579.15,388,200,0
1784149200,579.05,580.95,578.55,578.85,382,199,0
1784152800,578.85,579.45,577.65,578.55,311,200,0
1784156400,578.55,580.35,578.35,580.12,225,150,0
1784160000,580.05,580.45,579.65,580.15,175,150,0
1784163600,580.15,580.96,579.75,580.15,273,151,0
1784167200,580.15,580.75,579.05,579.54,205,199,0
1784170800,579.55,581.45,577.05,578.55,465,200,0
1784174400,578.65,579.45,576.85,578.90,369,199,0
1784178000,578.95,579.55,578.45,579.35,265,199,0
1784181600,579.35,580.55,579.15,580.45,240,199,0
1784185200,580.45,581.15,579.65,579.85,201,150,0
1784188800,579.90,584.85,579.90,582.75,407,199,0
1784192400,582.74,583.83,580.65,582.05,268,199,0
1784196000,582.10,582.15,578.05,579.05,524,199,0
1784199600,578.95,579.15,573.53,575.95,751,199,0
1784203200,575.94,577.05,575.75,576.55,333,200,0
1784206800,576.55,577.25,576.15,576.65,214,199,0
1784210400,576.75,577.70,575.25,577.15,314,199,0
1784214000,577.05,577.15,574.65,575.65,477,199,0
1784217600,575.75,578.65,575.15,577.45,568,200,0
1784221200,577.35,580.25,577.15,578.85,567,200,0
1784224800,578.95,580.05,576.25,578.65,529,150,0
1784228400,578.65,578.65,575.95,576.15,337,199,0
1784232000,576.05,576.05,573.25,574.25,406,199,0
1784235600,574.30,575.75,574.05,575.15,275,199,0
1784239200,575.05,575.48,574.15,574.95,250,199,0
1784242800,574.85,575.05,573.75,574.15,195,150,0
1784246400,574.37,575.85,574.05,575.35,159,150,0
1784250000,575.44,576.05,572.65,572.75,263,199,0
1784253600,572.65,572.95,570.65,571.45,308,199,0
1784257200,571.55,572.95,569.85,572.94,431,199,0
1784260800,572.95,573.94,570.34,570.75,411,150,0
1784264400,570.65,571.45,569.35,570.05,394,199,0
1784268000,570.15,572.55,569.75,571.45,308,150,0
1784271600,571.35,571.75,569.35,570.95,298,200,0
1784275200,570.85,570.85,566.25,566.85,385,199,0
1784278800,566.75,569.05,566.25,569.05,324,199,0
1784282400,568.95,569.15,565.15,565.15,286,199,0
1784286000,565.15,565.15,561.85,563.65,394,199,0
1784289600,563.65,564.65,563.20,563.45,315,199,0
1784293200,563.35,564.65,562.85,563.25,311,199,0
1784296800,563.15,563.95,561.95,563.85,322,200,0
1784300400,563.94,564.15,560.45,560.55,363,199,0
1784304000,560.55,560.55,554.55,559.55,1126,200,0
1784307600,559.64,561.98,559.25,560.85,665,200,0
1784311200,560.75,561.95,558.25,561.95,610,200,0
1784314800,561.85,563.85,561.25,563.15,465,200,0
1784318400,563.25,566.75,563.25,565.15,536,199,0
1784322000,565.25,566.95,564.75,566.35,361,200,0
1784325600,566.25,567.15,564.65,567.15,340,150,0
1784329200,567.05,567.35,566.11,567.14,252,150,0
1784340000,566.76,567.70,565.65,567.15,157,150,0
1784343600,567.25,568.15,566.55,566.95,170,150,0
1784347200,566.85,566.85,565.65,565.85,138,151,0
1784350800,565.85,567.45,565.35,566.75,212,199,0
1784354400,566.79,567.87,566.79,567.45,160,199,0
1784358000,567.55,567.55,565.95,566.25,185,177,0
1784361600,566.25,566.75,565.94,566.65,199,150,0
1784365200,566.75,567.45,565.45,566.15,179,150,0
1784368800,566.15,566.95,566.15,566.85,170,150,0
1784372400,566.85,567.85,566.65,566.85,179,150,0
1784376000,566.95,567.89,566.65,567.45,179,150,0
1784379600,567.45,568.80,567.35,568.55,161,150,0
1784383200,568.55,569.48,568.55,568.75,194,150,0
1784386800,568.75,570.75,567.95,570.34,257,199,0
1784390400,570.35,570.35,568.04,568.55,237,150,0
1784394000,568.55,570.05,568.05,569.85,225,199,0
1784397600,569.85,569.95,568.74,569.75,162,150,0
1784401200,569.75,570.35,569.05,570.15,158,150,0
1784404800,570.05,571.75,569.49,570.35,263,199,0
1784408400,570.35,571.45,569.35,569.65,263,199,0
1784412000,569.65,570.45,569.45,569.75,168,150,0
1784415600,569.75,571.27,569.55,570.75,175,150,0
1784419200,570.84,571.45,569.15,569.75,199,150,0
1784422800,569.75,570.45,568.85,569.35,182,199,0
1784426400,569.25,569.99,568.75,569.75,136,199,0
1784430000,569.75,570.65,569.75,570.15,129,150,0
1784433600,570.35,570.35,569.31,569.65,144,150,0
1784437200,569.65,571.55,569.55,570.05,225,150,0
1784440800,570.05,570.25,567.75,568.15,170,150,0
1784444400,568.15,568.35,566.35,567.85,213,199,0
1784448000,567.85,568.38,567.54,567.85,174,150,0
1784451600,567.85,568.35,567.65,568.35,163,150,0
1784455200,568.35,568.65,567.55,568.05,152,150,0
1784458800,568.05,568.55,567.45,567.80,219,150,0
1784462400,567.85,567.95,566.25,567.05,168,150,0
1784466000,567.05,567.95,566.55,567.35,182,150,0
1784469600,567.35,569.05,566.85,567.15,212,150,0
1784473200,567.15,567.15,566.04,567.05,256,199,0
1784476800,567.05,567.45,566.25,567.35,192,150,0
1784480400,567.35,569.15,566.75,568.75,242,199,0
1784484000,568.75,569.85,568.35,569.15,203,150,0
1784487600,569.15,569.45,567.15,567.25,230,199,0
1784491200,567.25,568.75,566.15,567.25,313,199,0
1784494800,567.25,567.25,565.64,566.35,296,199,0
1784498400,566.44,567.25,565.75,567.25,155,150,0
1784502000,567.29,568.96,567.29,568.96,167,150,0
1784505600,569.04,569.04,567.05,567.65,172,150,0
1784509200,567.55,570.85,567.35,569.75,613,199,0
1784512800,569.65,570.85,568.85,570.05,410,200,0
1784516400,570.09,573.05,567.55,568.45,648,200,0
1784520000,568.55,571.85,567.29,568.15,613,200,0
1784523600,568.15,570.65,567.75,569.45,609,200,0
1784527200,569.43,570.05,568.15,569.15,446,199,0
1784530800,569.25,569.25,566.35,566.35,331,199,0
1784534400,566.45,566.55,562.95,564.24,628,200,0
1784538000,564.15,564.75,561.85,563.35,519,199,0
1784541600,563.45,565.85,562.75,565.65,404,199,0
1784545200,565.75,566.05,563.35,564.35,455,199,0
1784548800,564.35,566.05,563.84,564.94,228,199,0
1784552400,564.95,566.75,564.75,565.75,230,199,0
1784556000,565.75,570.45,565.44,570.25,512,199,0
1784559600,570.15,570.15,568.15,568.45,338,199,0
1784563200,568.39,569.05,565.15,565.85,527,150,0
1784566800,565.85,567.54,564.05,566.65,807,200,0
1784570400,566.74,573.75,566.65,573.05,641,199,0
1784574000,573.15,573.95,571.55,572.45,373,199,0
1784577600,572.45,573.85,571.35,573.15,273,200,0
1784581200,573.15,574.45,571.05,571.35,352,199,0
1784584800,571.25,571.65,570.15,570.45,303,200,0
1784588400,570.55,572.05,569.95,571.78,208,150,0
1784592000,571.95,572.09,570.25,570.25,200,150,0
1784595600,570.25,570.25,568.95,569.30,198,150,0
1784599200,569.05,570.49,568.85,570.15,206,199,0
1784602800,570.15,572.58,569.64,572.45,346,199,0
1784606400,572.45,573.05,571.05,571.15,241,199,0
1784610000,571.14,572.95,570.25,572.35,237,199,0
1784613600,572.35,574.30,572.35,574.15,273,150,0
1784617200,574.15,575.04,572.74,572.95,223,199,0
1784620800,572.95,574.75,572.85,573.85,260,200,0
1784624400,573.85,575.95,573.84,575.25,277,199,0
1784628000,575.25,575.85,574.22,575.85,256,199,0
1784631600,575.85,577.45,575.25,576.85,348,150,0
1784635200,576.75,578.88,576.15,578.55,286,150,0
1784638800,578.55,578.90,576.45,576.85,289,199,0
1784642400,576.95,577.05,575.45,575.85,211,199,0
1784646000,575.85,577.15,575.34,576.85,280,199,0
1784649600,576.85,577.05,575.35,576.75,369,199,0
1784653200,576.85,576.85,573.45,574.85,484,199,0
1784656800,574.85,574.95,573.65,574.25,279,199,0
1784660400,574.22,574.65,572.95,573.75,285,199,0
1784664000,573.65,573.95,571.55,572.05,335,199,0
1784667600,572.15,572.85,571.25,572.25,243,199,0
1784671200,572.25,572.35,571.65,571.75,263,150,0
1784674800,571.85,572.65,571.55,572.34,130,150,0
1784678400,571.90,573.05,571.65,572.45,155,150,0
1784682000,572.45,572.55,571.25,571.85,164,151,0
1784685600,571.85,573.15,570.85,573.05,191,150,0
1784689200,573.09,574.65,572.55,573.75,297,199,0
1784692800,573.75,573.85,571.95,572.25,233,199,0
1784696400,572.35,573.05,571.55,571.65,229,150,0
1784700000,571.65,571.85,569.85,570.05,263,199,0
1784703600,570.05,571.55,569.55,571.14,227,199,0
1784707200,571.15,571.15,567.54,568.15,280,199,0
1784710800,568.19,568.65,566.05,566.85,292,199,0
1784714400,566.95,567.35,566.35,567.15,246,199,0
1784718000,567.15,569.25,566.95,569.05,270,199,0
1784721600,568.95,570.35,568.05,570.05,254,199,0
1784725200,570.05,570.85,569.85,569.95,242,199,0
1784728800,569.95,570.85,569.55,570.05,236,150,0
1784732400,570.05,570.05,568.55,569.25,236,199,0
1784736000,569.25,571.75,569.05,571.45,337,199,0
1784739600,571.35,574.05,569.55,570.15,457,150,0
1784743200,570.15,572.35,570.15,571.65,396,199,0
1784746800,571.55,574.15,570.05,573.85,378,200,0
1784750400,573.85,574.45,570.65,570.85,335,199,0
1784754000,570.95,571.45,568.65,569.25,282,199,0
1784757600,569.25,569.45,567.95,569.15,162,199,0
1784761200,569.05,569.95,568.65,569.74,197,150,0
1784764800,569.65,571.15,569.65,570.25,150,199,0
1784768400,570.35,570.45,569.15,570.35,216,199,0
1784772000,570.35,570.35,568.35,570.05,179,150,0
1784775600,570.05,571.25,569.84,570.35,242,199,0
1784779200,570.25,570.82,569.05,569.80,267,200,0
1784782800,569.85,570.05,568.95,569.85,198,199,0
1784786400,569.95,570.15,568.65,569.35,222,150,0
1784790000,569.35,569.55,568.55,568.85,210,199,0
1784793600,568.85,569.65,568.05,568.95,185,199,0
1784797200,568.95,569.55,568.44,569.35,175,199,0
1784800800,569.35,569.35,567.25,568.85,242,150,0
1784804400,568.95,570.55,568.75,569.65,184,199,0
1784808000,569.55,570.15,568.15,568.35,222,199,0
1784811600,568.35,569.25,568.15,569.05,166,199,0
1784815200,569.05,570.05,568.55,568.95,211,199,0
1784818800,568.99,569.35,565.85,567.95,368,200,0
1784822400,567.95,568.45,565.35,565.35,601,199,0
1784826000,565.45,567.15,564.95,565.85,521,199,0
1784829600,565.85,566.85,562.75,566.65,508,199,0
1784833200,566.65,566.75,565.25,565.69,329,199,0
1784836800,565.55,566.75,564.15,564.55,298,199,0
1784840400,564.65,566.75,564.65,566.25,272,150,0
1784844000,566.35,566.59,564.45,565.75,218,199,0
1784847600,565.65,567.85,565.65,567.05,178,150,0
1784851200,566.75,566.77,565.75,566.35,151,150,0
1784854800,566.35,566.85,565.14,566.85,200,199,0
1784858400,566.95,567.30,566.05,566.35,156,150,0
1784862000,566.35,567.00,564.85,566.85,324,150,0
1784865600,566.85,567.55,566.35,566.85,215,199,0
1784869200,566.85,567.35,565.45,566.35,267,199,0
1784872800,566.35,569.35,565.95,568.15,236,199,0
1784876400,568.25,568.25,566.15,566.25,163,199,0
1784880000,566.25,566.85,565.85,566.65,190,150,0
1784883600,566.65,568.25,566.55,567.65,207,150,0
1784887200,567.65,570.35,567.65,568.55,316,199,0
1784890800,568.55,568.65,567.25,567.35,153,199,0
1784894400,567.35,567.45,565.55,567.45,223,199,0
1784898000,567.49,567.75,565.85,566.05,181,200,0
1784901600,566.15,566.15,564.25,565.95,292,200,0
1784905200,565.95,565.95,562.05,562.95,366,199,0
1784908800,562.85,562.95,555.14,557.85,1221,200,0
1784912400,557.95,559.55,555.55,559.55,622,200,0
1784916000,559.55,561.65,558.54,560.45,531,199,0
1784919600,560.35,560.96,558.85,559.45,307,199,0
1784923200,559.45,561.75,559.25,561.34,265,199,0
1784926800,561.25,561.75,560.25,561.35,220,199,0
1784930400,561.24,565.35,561.24,564.25,679,200,0
1784934000,564.35,564.75,563.85,564.37,193,150,0
1784944800,564.08,564.30,563.24,563.75,145,150,0
1784948400,563.79,564.15,563.25,563.85,145,150,0
1784952000,563.85,564.35,563.05,563.95,176,150,0
1784955600,563.95,564.95,563.45,564.95,139,150,0
1784959200,564.95,565.25,563.85,564.15,140,199,0
1784962800,564.15,564.55,563.85,564.35,110,199,0
1784966400,564.36,564.85,563.55,563.75,118,199,0
1784970000,563.75,564.00,563.05,563.85,146,150,0
1784973600,563.85,563.95,562.75,563.65,124,150,0
1784977200,563.65,564.35,563.25,563.85,180,150,0
1784980800,563.85,564.85,563.33,564.55,137,150,0
1784984400,564.55,565.05,564.32,564.65,121,150,0
1784988000,564.65,565.15,563.95,564.65,124,150,0
1784991600,564.75,565.85,564.05,565.79,143,150,0
1784995200,565.99,568.25,565.68,567.25,230,150,0
1784998800,567.25,567.25,565.55,566.15,179,150,0
1785002400,566.15,566.65,565.45,566.45,174,199,0
1785006000,566.35,567.15,565.44,566.25,204,199,0
1785009600,566.25,567.85,565.85,567.25,183,150,0
1785013200,567.15,568.05,567.05,567.85,148,199,0
1785016800,567.95,567.95,567.35,567.65,107,199,0
1785020400,567.65,568.20,567.35,567.83,107,150,0
1785024000,567.72,569.04,567.25,567.75,168,150,0
1785027600,567.84,568.85,567.65,568.45,145,150,0
1785031200,568.45,568.70,567.85,567.85,97,150,0
1785034800,567.95,569.45,567.95,569.05,87,199,0
1785038400,569.25,569.40,568.65,569.15,137,150,0
1785042000,569.15,569.25,568.55,569.25,137,150,0
1785045600,569.25,569.75,569.05,569.35,122,150,0
1785049200,569.35,570.25,568.91,569.75,137,150,0
1785052800,569.75,570.87,569.45,570.15,158,150,0
1785056400,570.15,571.35,569.34,571.35,182,199,0
1785060000,571.25,571.95,570.35,570.55,173,199,0
1785063600,570.55,571.01,570.05,570.65,142,150,0
1785067200,570.65,571.45,570.05,570.44,135,150,0
1785070800,570.45,570.45,569.65,569.95,127,199,0
1785074400,569.95,570.15,569.25,569.55,120,150,0
1785078000,569.55,570.86,569.15,569.75,180,150,0
1785081600,569.75,570.85,568.95,570.45,201,150,0
1785085200,570.45,571.85,570.45,571.75,351,199,0
1785088800,571.75,572.95,571.45,572.85,309,199,0
1785092400,572.90,573.75,572.05,572.35,248,199,0
1785096000,572.35,572.75,571.68,571.85,168,150,0
1785099600,571.85,572.57,571.25,571.95,131,150,0
1785103200,572.05,572.94,571.75,572.65,117,177,0
1785106800,572.65,572.75,571.95,572.30,109,150,0
1785110400,572.35,573.25,571.75,572.75,164,150,0
1785114000,572.75,575.55,572.75,574.55,485,199,0
1785117600,574.59,575.45,572.75,574.25,394,199,0
1785121200,574.35,574.65,571.35,571.65,334,199,0
1785124800,571.55,572.55,570.55,572.45,290,150,0
1785128400,572.45,573.15,571.75,571.95,279,199,0
1785132000,571.95,572.65,571.55,572.65,224,150,0
1785135600,572.65,573.65,572.15,572.55,286,199,0
1785139200,572.55,574.75,572.45,574.45,266,199,0
1785142800,574.45,575.85,573.74,574.05,394,199,0
1785146400,573.95,574.45,573.45,573.65,246,199,0
1785150000,573.75,574.05,572.45,572.55,274,199,0
1785153600,572.45,572.45,570.75,571.55,241,199,0
1785157200,571.65,573.15,571.13,572.75,202,150,0
1785160800,572.75,573.05,571.65,571.95,255,199,0
1785164400,571.94,572.75,569.85,572.55,344,199,0
1785168000,572.65,575.95,571.74,573.45,767,200,0
1785171600,573.45,574.34,564.65,566.65,1638,200,0
1785175200,566.55,569.45,565.95,567.45,900,200,0
1785178800,567.55,571.35,566.85,570.75,528,199,0
1785182400,570.75,573.85,570.35,573.65,431,199,0
1785186000,573.75,574.55,572.35,574.45,443,199,0
1785189600,574.55,575.05,573.74,574.65,363,199,0
1785193200,574.75,574.85,573.15,573.80,182,150,0
1785196800,573.55,574.05,572.25,573.05,181,199,0
1785200400,573.05,573.05,564.65,565.45,855,199,0
1785204000,565.55,567.25,564.35,565.25,1120,200,0
1785207600,565.35,566.15,563.85,564.75,640,200,0
1785211200,564.79,565.45,561.15,564.15,921,200,0
1785214800,564.05,564.79,563.15,564.15,356,200,0
1785218400,564.20,565.85,563.95,565.45,238,199,0
1785222000,565.45,565.75,563.85,563.95,212,199,0
1785225600,563.95,565.75,563.85,564.44,258,199,0
1785229200,564.54,564.55,563.55,564.45,253,199,0
1785232800,564.45,564.95,563.95,564.85,203,199,0
1785236400,564.75,565.05,563.85,564.35,223,150,0
1785240000,564.24,566.35,564.05,564.85,196,199,0
1785243600,564.75,565.95,564.44,564.74,244,199,0
1785247200,564.75,566.25,564.44,565.95,290,200,0
1785250800,565.90,567.75,565.55,567.54,273,199,0
1785254400,567.54,568.25,562.54,564.64,648,199,0
1785258000,564.64,568.45,563.74,567.74,725,200,0
1785261600,567.74,574.74,567.04,572.44,1007,200,0
1785265200,572.54,573.04,570.04,570.84,497,200,0
1785268800,570.74,570.74,566.14,567.54,567,199,0
1785272400,567.64,568.84,567.54,568.64,332,199,0
1785276000,568.74,569.95,568.64,569.94,238,199,0
1785279600,570.05,570.75,569.65,570.23,247,173,0
1785283200,570.75,571.05,570.14,570.54,170,199,0
1785286800,570.60,571.04,567.74,567.94,295,200,0
1785290400,567.94,570.44,567.34,570.34,245,199,0
1785294000,570.34,572.55,570.34,571.04,284,199,0
1785297600,570.94,571.54,569.44,569.54,281,200,0
1785301200,569.44,570.84,568.74,569.55,382,199,0
1785304800,569.64,569.64,566.14,566.54,422,173,0
1785308400,566.64,567.94,565.04,567.74,509,200,0
1785312000,567.75,569.04,567.24,568.65,293,199,0
1785315600,568.55,571.14,567.94,570.24,292,199,0
1785319200,570.25,571.04,569.64,570.99,180,199,0
1785322800,571.05,571.24,569.34,570.35,214,199,0
1785326400,570.35,572.34,570.34,572.04,204,199,0
1785330000,572.14,572.35,569.40,569.84,171,199,0
1785333600,569.84,570.55,569.24,569.84,180,199,0
1785337200,569.85,569.85,567.54,568.54,269,199,0
1785340800,568.54,569.25,567.45,569.25,557,200,0
1785344400,569.24,569.54,566.44,567.45,631,200,0
1785348000,567.44,568.45,566.64,567.64,453,200,0
1785351600,567.64,568.45,566.44,567.94,395,200,0
1785355200,567.94,569.24,567.54,569.04,356,199,0
1785358800,568.94,572.54,567.44,571.45,1292,200,0
1785362400,571.40,572.04,566.84,567.65,1090,200,0
1785366000,567.54,568.64,565.34,566.59,833,173,0
1785369600,565.25,568.15,564.34,568.04,391,199,0
1785373200,568.14,571.04,568.14,570.14,345,199,0
1785376800,570.14,571.75,569.94,571.14,248,199,0
1785380400,571.24,572.55,570.24,571.04,279,199,0
1785384000,571.15,575.44,570.94,574.94,358,199,0
1785387600,575.00,576.74,573.74,573.94,283,199,0
1785391200,573.94,574.05,572.54,572.64,228,199,0
1785394800,572.74,572.74,570.74,571.04,227,199,0
1785398400,571.04,572.54,570.64,572.14,255,199,0
1785402000,572.14,573.44,571.84,573.34,174,199,0
1785405600,573.34,575.24,573.34,573.74,233,200,0
1785409200,573.84,578.44,573.44,577.94,341,199,0
1785412800,578.05,579.15,577.44,578.94,264,200,0
1785416400,578.94,587.75,578.84,586.65,971,199,0
1785420000,586.75,590.59,585.34,588.25,963,200,0
1785423600,588.30,589.25,585.04,585.95,575,200,0
1785427200,586.04,588.55,584.74,587.15,560,200,0
1785430800,587.05,587.95,585.54,587.05,451,200,0
1785434400,587.05,590.75,586.65,590.75,869,200,0
1785438000,590.85,593.45,590.64,593.05,923,174,0
1785441600,593.09,595.75,591.85,593.65,613,199,0
1785445200,593.49,595.45,593.45,595.35,550,200,0
1785448800,595.29,595.65,593.35,593.95,352,199,0
1785452400,594.05,594.65,591.95,592.26,290,174,0
1785456000,591.95,592.25,590.45,590.65,167,199,0
1785459600,590.55,592.85,590.05,591.95,255,199,0
1785463200,591.95,593.65,591.25,591.25,312,199,0
1785466800,591.25,592.25,589.55,589.75,318,199,0
1785470400,589.85,593.55,588.05,588.65,702,200,0
1785474000,588.65,589.25,586.64,587.15,440,199,0
1785477600,587.14,589.05,584.95,588.45,522,200,0
1785481200,588.45,589.05,587.65,588.25,312,199,0
1785484800,588.25,590.05,588.25,589.15,262,199,0
1785488400,589.15,592.45,589.15,591.95,811,199,0
1785492000,592.05,592.25,589.15,589.15,823,200,0
1785495600,589.20,592.75,589.15,592.25,707,200,0
1785499200,592.15,592.15,589.25,590.05,630,200,0
1785502800,589.95,592.49,587.44,592.05,572,174,0
1785506400,592.05,593.35,590.75,591.44,480,199,0
1785510000,591.44,592.05,589.05,591.65,569,200,0
1785513600,591.75,594.89,587.05,587.84,1143,200,0
1785517200,587.65,588.15,584.24,585.74,1758,200,0
1785520800,585.64,585.75,583.15,584.54,887,200,0
1785524400,584.54,586.95,584.24,586.45,557,200,0
1785528000,586.49,589.05,585.94,588.05,370,199,0
1785531600,588.04,588.75,586.75,588.15,365,199,0
1785535200,588.05,588.45,587.05,587.25,395,199,0
1785538800,587.35,588.05,585.94,586.12,358,173,0
1785549600,585.85,586.84,585.85,586.14,160,199,0
1785553200,586.24,588.25,586.24,587.75,225,199,0
1785556800,587.85,589.05,587.45,589.05,180,199,0
1785560400,589.05,589.85,588.55,589.85,162,199,0
1785564000,589.85,590.55,588.05,588.45,221,199,0
1785567600,588.45,592.05,587.94,590.94,298,199,0
1785571200,590.95,591.15,589.35,589.95,238,199,0
1785574800,589.95,591.59,589.65,590.35,251,199,0
1785578400,590.35,590.95,589.15,589.25,207,199,0
1785582000,589.25,589.65,584.64,584.84,296,199,0
1785585600,584.75,585.04,582.54,582.84,456,199,0
1785589200,582.95,583.24,578.94,579.44,579,200,0
1785592800,579.54,579.75,578.34,578.84,392,199,0
1785596400,578.94,579.04,576.64,576.74,419,199,0
1785600000,576.64,578.37,576.34,577.64,492,150,0
1785603600,577.74,578.74,576.74,577.44,414,199,0
1785607200,577.34,577.44,574.84,574.94,316,199,0
1785610800,574.94,577.15,574.84,577.14,208,199,0
1785614400,577.14,577.35,575.14,575.95,201,199,0
1785618000,575.95,576.44,572.54,575.44,511,200,0
1785621600,575.34,576.84,574.64,574.65,240,173,0
1785625200,574.54,575.46,573.74,575.37,178,173,0
1785628800,574.95,575.05,573.84,574.75,151,199,0
1785632400,574.85,575.15,574.54,574.74,139,199,0
1785636000,574.75,574.95,574.04,574.04,148,199,0
1785639600,574.04,575.64,573.84,573.84,89,199,0
1785643200,574.43,576.75,573.34,576.25,210,150,0
1785646800,576.24,580.04,576.04,580.04,617,173,0
1785650400,580.14,581.85,579.84,581.14,286,199,0
1785654000,581.14,584.25,581.14,583.74,431,200,0
1785657600,583.65,584.44,582.64,583.54,301,199,0
1785661200,583.64,584.44,582.24,583.94,240,200,0
1785664800,583.94,585.04,583.35,584.34,268,199,0
1785668400,584.44,584.45,582.54,582.54,217,199,0
1785672000,582.54,583.45,581.44,582.64,218,199,0
1785675600,582.64,583.05,581.74,582.74,182,199,0
1785679200,582.84,582.84,580.54,581.04,333,199,0
1785682800,581.05,581.74,580.24,580.84,253,200,0
1785686400,580.75,582.60,580.44,581.95,290,199,0
1785690000,581.85,584.24,581.34,583.24,283,200,0
1785693600,583.25,586.55,583.14,585.34,325,199,0
1785697200,585.24,587.85,584.94,586.65,441,199,0
1785700800,586.59,587.25,586.24,586.75,257,199,0
1785704400,586.75,590.05,586.74,588.24,357,199,0
1785708000,588.25,588.75,587.45,588.35,195,199,0
1785711600,588.35,588.85,587.34,588.67,185,174,0
1785715200,588.85,589.85,588.05,588.75,272,199,0
1785718800,588.75,589.85,586.64,587.35,387,199,0
1785722400,587.25,587.75,586.84,587.44,238,200,0
1785726000,587.44,587.44,583.24,583.94,307,199,0
1785729600,583.94,584.34,582.94,583.44,319,200,0
1785733200,583.34,585.45,582.94,584.84,298,200,0
1785736800,584.74,584.85,582.05,582.14,319,199,0
1785740400,582.10,583.44,581.54,581.54,279,199,0
1785744000,581.45,582.64,581.14,581.94,214,199,0
1785747600,581.94,582.45,580.84,581.44,232,199,0
1785751200,581.40,583.14,580.84,582.54,310,199,0
1785754800,582.54,583.24,580.04,583.14,376,199,0
1785758400,583.14,585.65,582.74,585.54,366,199,0
1785762000,585.64,586.65,585.14,586.15,321,199,0
1785765600,586.15,586.85,584.74,584.84,333,173,0
1785769200,584.84,586.55,584.24,585.84,340,199,0
1785772800,585.84,587.45,583.44,587.25,775,199,0
1785776400,587.19,589.35,585.54,588.75,1108,200,0
1785780000,588.65,592.85,588.44,591.55,672,200,0
1785783600,591.55,593.35,590.85,591.45,391,199,0
1785787200,591.55,592.85,590.25,591.25,350,199,0
1785790800,591.25,591.65,590.25,590.55,219,199,0
1785794400,590.55,591.75,590.45,590.45,177,199,0
1785798000,590.55,591.55,590.05,590.79,157,174,0
1785801600,589.75,589.75,588.85,588.95,165,174,0
1785805200,588.95,589.75,588.15,588.75,179,199,0
1785808800,588.75,589.15,588.04,588.35,153,199,0
1785812400,588.35,589.35,587.84,588.15,285,199,0
1785816000,588.15,591.25,588.05,591.25,345,199,0
1785819600,591.35,591.55,589.55,590.05,210,199,0
1785823200,590.05,590.55,589.15,589.85,150,199,0
1785826800,589.85,592.15,589.55,590.95,166,199,0
1785830400,591.04,591.05,588.65,589.15,120,177,0
1785834000,589.12,590.55,588.83,589.75,179,177,0
1785837600,589.75,590.05,588.55,589.45,174,199,0
1785841200,589.55,589.85,587.75,588.85,189,199,0
1785844800,588.85,588.85,587.15,587.95,157,199,0
1785848400,588.05,589.55,586.84,588.85,202,199,0
1785852000,588.85,590.85,588.34,590.65,185,199,0
1785855600,590.65,591.05,589.15,590.74,159,199,0
1785859200,590.75,590.95,587.75,588.14,435,199,0
1785862800,588.25,594.05,587.65,593.15,589,200,0
1785866400,593.25,593.85,590.45,592.24,427,199,0
1785870000,592.35,593.59,591.25,592.25,273,199,0
1785873600,592.25,593.15,591.35,591.75,200,199,0
1785877200,591.75,594.15,591.75,593.15,181,199,0
1785880800,593.15,593.45,592.54,592.85,139,199,0
1785884400,592.75,593.75,591.65,593.31,192,174,0
1785888000,592.74,593.15,592.35,593.15,77,199,0
1785891600,593.05,593.39,592.35,593.05,129,199,0
1785895200,593.05,593.85,592.05,592.35,168,199,0
1785898800,592.35,601.75,591.65,595.15,1504,199,0
1785902400,595.25,603.75,595.25,602.45,647,199,0
1785906000,602.65,604.55,599.65,602.95,604,199,0
1785909600,602.85,602.85,597.05,597.95,458,199,0
1785913200,598.05,598.75,597.15,598.35,383,200,0
1785916800,598.25,601.95,598.04,601.25,468,200,0
1785920400,601.15,601.35,599.85,600.15,281,199,0
1785924000,600.15,600.54,597.55,599.25,351,199,0
1785927600,599.25,600.05,598.15,598.35,440,199,0
1785931200,598.35,598.75,596.85,597.25,368,200,0
1785934800,597.15,597.15,594.35,596.35,689,199,0
1785938400,596.45,597.25,595.45,595.75,394,199,0
1785942000,595.75,599.05,595.55,598.45,659,200,0
1785945600,598.50,600.05,596.95,599.75,1025,200,0
1785949200,599.65,601.99,597.95,601.95,687,200,0
1785952800,601.95,602.95,598.75,598.99,596,199,0
1785956400,599.05,601.65,597.74,598.15,613,199,0
1785960000,598.25,600.05,596.05,599.95,455,199,0
1785963600,599.95,600.95,598.95,599.25,420,199,0
1785967200,599.15,599.85,598.55,598.65,333,199,0
1785970800,598.74,598.85,596.55,596.70,332,174,0
1785974400,595.45,595.87,594.35,594.55,212,174,0
1785978000,594.59,594.75,591.14,591.45,389,199,0
1785981600,591.35,593.25,590.85,592.85,314,200,0
1785985200,592.95,596.05,592.85,594.75,315,199,0
1785988800,594.75,594.95,592.99,593.05,254,199,0
1785992400,593.05,593.45,590.95,592.55,325,200,0
1785996000,592.55,593.55,592.05,593.55,205,199,0
1785999600,593.55,594.95,592.95,594.45,235,199,0
1786003200,594.45,597.35,594.25,595.85,295,199,0
1786006800,595.85,595.85,593.85,594.25,186,199,0
1786010400,594.25,595.25,593.85,594.45,188,199,0
1786014000,594.45,595.25,593.65,594.55,275,199,0
1786017600,594.49,594.75,592.35,593.65,334,199,0
1786021200,593.65,593.95,592.05,592.35,180,199,0
1786024800,592.35,593.35,591.35,592.95,211,199,0
1786028400,592.95,593.35,591.65,592.05,162,199,0
1786032000,592.05,592.35,590.05,591.94,494,200,0
1786035600,591.95,593.15,590.45,592.35,458,200,0
1786039200,592.35,593.65,591.45,591.45,336,199,0
1786042800,591.55,591.95,590.55,591.95,331,199,0
1786046400,592.05,592.75,591.45,592.05,275,199,0
1786050000,592.14,592.45,589.75,590.65,242,199,0
1786053600,590.65,590.75,588.85,589.45,243,200,0
1786057200,589.35,590.83,589.25,590.83,205,174,0
1786060800,590.55,591.45,590.45,591.15,195,199,0
1786064400,591.25,591.85,590.55,590.85,176,199,0
1786068000,590.85,591.35,589.85,591.25,169,199,0
1786071600,591.25,592.45,590.95,591.95,242,199,0
1786075200,592.05,593.05,591.84,592.45,342,200,0
1786078800,592.35,593.05,591.15,592.45,427,199,0
1786082400,592.49,593.65,591.85,591.85,353,200,0
1786086000,591.95,592.05,586.04,586.45,833,200,0
1786089600,586.19,587.25,585.14,586.84,417,200,0
1786093200,586.74,587.15,585.54,586.04,362,200,0
1786096800,586.14,587.45,584.34,584.54,390,199,0
1786100400,584.44,587.95,584.34,587.65,412,199,0
1786104000,587.65,589.65,587.65,589.05,338,199,0
1786107600,589.15,589.85,588.65,589.25,156,199,0
1786111200,589.25,590.85,589.25,590.35,270,199,0
1786114800,590.35,592.05,589.65,591.85,823,199,0
1786118400,591.95,592.35,590.05,591.65,718,200,0
1786122000,591.75,592.25,589.35,590.05,897,200,0
1786125600,590.15,591.85,590.04,591.35,402,200,0
1786129200,591.45,593.45,591.45,591.65,380,199,0
1786132800,591.59,591.95,590.05,590.95,347,199,0
1786136400,590.95,591.45,590.15,590.35,216,199,0
1786140000,590.45,592.45,590.25,592.45,230,199,0
1786143600,592.55,592.75,591.35,592.02,158,174,0
1786154400,592.30,592.30,591.35,591.55,93,150,0
1786158000,591.55,591.55,589.65,590.54,144,177,0
1786161600,590.54,590.62,589.55,590.51,123,176,0
1786165200,590.51,590.75,589.75,590.55,126,176,0
1786168800,590.55,592.75,590.35,592.35,160,199,0
1786172400,592.25,592.65,591.55,592.55,144,199,0
1786176000,592.55,592.79,591.95,592.35,155,199,0
1786179600,592.35,594.25,592.25,593.65,262,199,0
1786183200,593.65,594.15,593.25,593.55,152,199,0
1786186800,593.55,593.85,592.65,593.45,137,199,0
1786190400,593.55,594.55,593.15,593.76,260,174,0
1786194000,593.82,594.95,593.75,594.04,150,150,0
1786197600,594.04,595.55,593.95,595.45,133,199,0
1786201200,595.55,595.65,594.35,595.05,154,199,0
1786204800,595.05,598.15,594.85,597.15,183,199,0
1786208400,597.25,611.05,597.25,602.45,3475,200,0
1786212000,602.25,605.45,602.25,604.25,762,200,0
1786215600,604.35,606.55,602.35,604.45,571,199,0
1786219200,604.45,605.15,602.95,603.65,245,199,0
1786222800,603.65,603.95,602.75,602.95,162,199,0
1786226400,602.95,602.95,601.85,602.25,174,199,0
1786230000,602.25,602.25,600.85,601.40,173,174,0
1786233600,601.05,601.95,600.65,600.75,212,199,0
1786237200,600.75,600.85,598.25,599.35,313,199,0
1786240800,599.35,600.75,599.15,599.60,201,200,0
1786244400,599.75,601.95,599.75,601.65,147,200,0
1786248000,602.85,603.65,601.35,601.85,315,200,0
1786251600,601.85,601.95,599.45,600.15,259,174,0
1786255200,600.15,601.25,599.15,599.45,233,199,0
1786258800,599.45,600.95,599.45,600.35,198,199,0
1786262400,600.35,601.25,600.15,600.95,168,199,0
1786266000,600.95,602.75,600.95,602.75,188,199,0
1786269600,602.75,602.85,600.65,602.25,277,199,0
1786273200,602.25,602.75,600.49,601.05,210,199,0
1786276800,601.05,601.65,600.15,601.65,157,199,0
1786280400,601.65,603.65,601.65,603.35,146,199,0
1786284000,603.45,603.65,602.95,603.05,118,199,0
1786287600,603.05,604.25,602.25,603.35,153,199,0
1786291200,603.35,608.35,603.35,606.45,549,199,0
1786294800,606.45,610.55,606.15,607.25,784,199,0
1786298400,607.25,608.55,606.85,607.75,226,199,0
1786302000,607.75,608.35,606.65,607.85,208,199,0
1786305600,607.85,608.45,607.65,607.75,158,199,0
1786309200,607.75,608.32,606.75,607.55,138,177,0
1786312800,607.55,608.25,606.65,606.75,110,199,0
1786316400,606.75,607.82,606.65,607.74,103,177,0
1786320000,606.95,607.95,606.95,607.75,103,199,0
1786323600,607.85,609.85,602.54,604.25,572,199,0
1786327200,604.25,604.85,600.89,601.25,438,199,0
1786330800,601.15,605.75,600.95,602.95,724,200,0
1786334400,603.05,605.95,602.65,603.95,461,199,0
1786338000,603.95,603.95,601.25,602.15,486,199,0
1786341600,602.15,602.55,600.15,601.45,392,199,0
1786345200,601.35,602.25,600.05,600.55,313,199,0
1786348800,600.40,602.55,600.35,601.85,245,199,0
1786352400,601.95,603.15,601.95,602.95,199,199,0
1786356000,602.95,603.85,602.05,602.95,144,199,0
1786359600,602.95,603.95,602.75,603.55,172,199,0
1786363200,603.55,603.55,602.45,603.15,158,199,0
1786366800,603.25,605.55,603.25,605.35,167,199,0
1786370400,605.35,605.55,603.55,604.15,183,199,0
1786374000,604.05,604.55,601.25,601.55,284,199,0
1786377600,601.45,601.95,598.45,599.05,675,200,0
1786381200,599.05,601.55,598.85,600.35,530,200,0
1786384800,600.45,600.65,598.65,599.95,593,199,0
1786388400,599.95,601.35,596.55,597.45,553,200,0
1786392000,597.55,599.45,596.25,599.05,339,199,0
1786395600,599.05,599.55,598.05,599.05,198,200,0
1786399200,598.95,600.05,598.95,599.55,181,199,0
1786402800,599.55,600.45,599.35,600.32,113,174,0
1786406400,599.45,599.65,598.15,598.15,140,199,0
1786410000,598.05,599.05,597.45,598.25,206,199,0
1786413600,598.25,598.75,597.25,598.15,176,199,0
1786417200,598.25,599.15,597.95,598.75,209,199,0
1786420800,598.65,599.65,598.45,599.05,167,199,0
1786424400,599.05,599.65,598.75,599.45,122,199,0
1786428000,599.45,599.95,598.95,599.25,126,199,0
1786431600,599.25,599.74,598.65,598.75,95,177,0
1786435200,598.75,599.65,598.15,598.65,130,199,0
1786438800,598.65,599.55,597.45,597.65,186,199,0
1786442400,597.55,601.45,597.35,601.45,283,199,0
1786446000,601.55,605.35,601.15,604.45,444,199,0
1786449600,604.55,606.95,604.05,606.35,302,199,0
1786453200,606.35,607.55,605.75,607.15,253,199,0
1786456800,607.25,607.55,605.55,607.55,207,199,0
1786460400,607.65,613.95,607.65,611.25,1195,200,0
1786464000,611.45,612.85,609.14,610.75,631,199,0
1786467600,610.75,610.85,605.65,606.65,665,199,0
1786471200,606.65,608.75,604.65,607.45,583,200,0
1786474800,607.35,609.15,606.75,608.35,394,199,0
1786478400,608.45,609.45,608.15,609.25,227,199,0
1786482000,609.25,609.65,607.25,609.05,298,200,0
1786485600,609.05,610.75,607.95,610.55,220,199,0
1786489200,610.65,612.33,610.15,611.94,291,181,0
1786492800,612.15,612.55,610.79,611.65,312,199,0
1786496400,611.70,613.85,611.35,613.55,193,199,0
1786500000,613.55,616.75,612.55,615.65,330,199,0
1786503600,615.75,616.65,613.45,616.65,344,199,0
1786507200,616.65,619.35,614.75,617.45,405,200,0
1786510800,617.55,618.25,614.45,615.05,318,199,0
1786514400,614.95,614.95,611.95,612.25,273,199,0
1786518000,612.15,614.75,611.65,613.65,320,199,0
1786521600,613.65,613.85,611.65,612.15,234,199,0
1786525200,612.15,612.35,607.95,610.45,757,199,0
1786528800,610.45,611.35,610.05,611.35,230,199,0
1786532400,611.30,611.95,608.95,609.45,334,199,0
1786536000,609.35,612.65,609.15,612.65,379,199,0
1786539600,612.65,613.85,612.05,612.75,352,199,0
1786543200,612.75,613.75,612.10,613.75,180,199,0
1786546800,613.75,614.55,609.09,611.85,706,199,0
1786550400,611.85,612.95,611.15,611.35,588,199,0
1786554000,611.34,613.05,608.15,608.45,771,200,0
1786557600,608.35,610.45,607.85,609.85,345,199,0
1786561200,609.75,610.15,609.25,609.35,246,199,0
1786564800,609.35,610.55,609.24,609.55,210,199,0
1786568400,609.55,610.25,608.85,609.35,185,199,0
1786572000,609.35,609.85,608.05,608.75,182,199,0
1786575600,608.75,611.32,608.75,611.32,152,175,0
1786579200,610.85,610.85,607.75,608.75,293,199,0
1786582800,608.75,609.65,608.15,608.85,218,199,0
1786586400,608.85,609.85,608.55,609.25,197,199,0
1786590000,609.25,610.74,608.90,609.55,215,199,0
1786593600,609.55,610.55,608.75,610.05,211,199,0
1786597200,610.05,610.25,608.95,610.05,190,199,0
1786600800,610.05,611.35,609.45,611.25,204,199,0
1786604400,611.20,611.85,610.59,611.45,243,199,0
1786608000,611.55,613.75,611.55,612.75,275,199,0
1786611600,612.75,612.75,609.85,611.65,274,199,0
1786615200,611.65,612.95,611.65,612.65,193,199,0
1786618800,612.75,613.25,612.15,613.05,170,199,0
1786622400,613.05,613.05,610.35,610.95,175,199,0
1786626000,611.05,611.05,609.15,609.35,237,199,0
1786629600,609.35,610.25,606.75,607.85,320,199,0
1786633200,607.85,609.05,607.35,608.55,239,199,0
1786636800,608.65,610.25,608.05,609.45,306,199,0
1786640400,609.45,610.45,608.65,608.75,340,199,0
1786644000,608.84,609.25,605.45,606.35,422,199,0
1786647600,606.45,608.35,604.05,606.15,722,199,0
1786651200,606.05,607.65,605.95,606.95,292,199,0
1786654800,606.95,608.55,606.35,608.25,266,199,0
1786658400,608.35,609.05,608.05,608.75,227,199,0
1786662000,608.69,609.95,608.45,609.46,187,175,0
1786665600,609.65,610.45,609.35,609.85,159,199,0
1786669200,609.85,610.75,609.65,609.65,198,199,0
1786672800,609.65,610.15,609.25,609.55,123,199,0
1786676400,609.65,610.35,609.25,609.95,181,199,0
1786680000,609.95,610.05,608.95,610.05,160,199,0
1786683600,610.05,611.35,608.75,611.25,187,199,0
1786687200,611.25,611.75,610.14,610.65,170,199,0
1786690800,610.65,611.55,609.45,609.54,153,199,0
1786694400,609.55,609.95,608.95,609.15,130,199,0
1786698000,609.15,609.15,606.75,607.25,199,199,0
1786701600,607.15,608.15,606.25,606.25,151,199,0
1786705200,606.25,607.45,605.25,607.45,254,199,0
1786708800,607.45,607.75,606.15,606.25,191,199,0
1786712400,606.25,606.75,604.25,604.85,249,199,0
1786716000,604.85,605.15,602.35,603.75,417,199,0
1786719600,603.75,604.85,603.35,603.55,272,200,0
1786723200,603.55,603.85,602.35,602.95,509,199,0
1786726800,602.95,604.45,601.75,602.65,553,200,0
1786730400,602.65,605.95,602.55,605.55,328,199,0
1786734000,605.55,606.05,605.05,605.95,285,199,0
1786737600,606.05,606.35,604.55,605.05,237,199,0
1786741200,605.15,606.32,604.55,605.75,264,151,0
1786744800,605.75,606.54,604.98,606.46,336,152,0
1786748400,606.43,607.15,606.00,606.77,216,153,0
1786759200,606.46,608.40,606.42,608.00,336,151,0
1786762800,608.04,608.06,606.91,607.90,342,175,0
1786766400,607.99,608.58,607.29,607.71,302,151,0
1786770000,607.71,608.69,607.55,608.56,179,151,0
1786773600,608.66,610.86,608.63,610.36,355,151,0
1786777200,610.46,612.32,610.09,611.52,352,151,0
1786780800,611.53,611.89,610.17,610.70,258,175,0
1786784400,610.73,612.20,610.73,611.88,258,151,0
1786788000,611.96,612.31,610.73,611.54,210,175,0
1786791600,611.62,612.10,610.56,610.63,260,175,0
1786795200,610.67,611.38,609.95,611.07,269,151,0
1786798800,611.15,611.24,610.30,610.55,240,151,0
1786802400,610.45,611.15,610.24,610.75,172,199,0
1786806000,610.75,611.85,605.75,606.37,189,151,0
1786809600,606.48,609.45,605.17,608.65,264,153,0
1786813200,608.65,609.55,607.65,609.45,161,199,0
1786816800,609.55,610.75,609.35,610.65,234,199,0
1786820400,610.65,611.10,610.00,610.12,200,151,0
1786824000,610.09,611.11,609.48,609.53,205,174,0
1786827600,609.54,610.31,608.85,608.85,176,151,0
1786831200,608.84,610.27,608.69,610.11,243,151,0
1786834800,610.16,610.65,609.28,609.38,158,151,0
1786838400,609.46,610.03,608.97,609.02,241,151,0
1786842000,609.01,609.30,608.04,608.18,239,151,0
1786845600,607.99,608.02,606.19,606.46,256,151,0
1786849200,606.58,607.19,605.93,606.19,145,151,0
1786852800,607.07,607.19,605.23,605.77,250,151,0
1786856400,605.77,607.01,605.08,605.97,285,151,0
1786860000,605.95,606.37,605.03,605.22,144,151,0
1786863600,605.21,605.83,604.44,604.68,173,151,0
1786867200,605.66,606.06,604.60,604.90,258,151,0
1786870800,604.79,605.53,602.99,603.94,247,151,0
1786874400,603.95,605.25,603.79,604.31,157,151,0
1786878000,604.31,607.04,603.59,606.14,293,151,0
1786881600,606.05,607.13,605.57,605.97,281,151,0
1786885200,605.93,606.26,605.16,605.44,205,151,0
1786888800,605.45,606.29,605.09,605.55,181,151,0
1786892400,605.70,607.09,605.42,606.04,200,151,0
1786896000,606.06,607.85,606.06,606.15,162,151,0
1786899600,606.16,607.73,605.92,606.55,166,151,0
1786903200,606.49,607.51,605.74,606.12,129,151,0
1786906800,606.12,606.85,605.62,606.03,335,174,0
1786910400,606.10,606.84,604.75,604.89,344,151,0
1786914000,604.90,605.45,604.00,604.03,225,151,0
1786917600,604.08,605.70,604.03,604.94,239,151,0
1786921200,604.83,605.16,603.66,604.25,228,151,0
1786924800,604.76,604.97,601.94,602.85,393,151,0
1786928400,602.85,603.35,600.25,601.25,429,200,0
1786932000,601.15,603.05,600.55,601.75,284,199,0
1786935600,601.75,601.85,599.85,601.35,354,200,0
1786939200,601.25,603.95,601.25,602.05,510,199,0
1786942800,602.15,604.45,600.95,603.55,341,199,0
1786946400,603.55,604.45,602.95,603.95,194,199,0
1786950000,604.05,605.15,603.75,605.15,148,199,0
1786953600,605.15,605.75,604.15,605.04,154,177,0
1786957200,604.97,606.25,604.35,605.35,220,177,0
1786960800,605.45,605.45,603.85,603.85,197,199,0
1786964400,603.95,604.35,603.04,603.75,195,199,0
1786968000,603.75,604.05,602.45,603.05,125,199,0
1786971600,603.05,604.45,602.24,604.05,217,177,0
1786975200,604.05,604.35,603.45,603.85,123,199,0
1786978800,603.85,603.85,602.75,602.85,127,199,0
1786982400,602.85,605.85,602.75,604.75,224,199,0
1786986000,604.75,606.55,603.84,606.35,334,199,0
1786989600,606.35,606.75,604.85,606.05,349,199,0
1786993200,606.15,606.75,605.75,606.35,234,199,0
1786996800,606.35,606.75,604.54,604.95,311,199,0
1787000400,604.85,606.15,604.75,605.24,232,199,0
1787004000,605.24,605.24,603.75,604.15,176,199,0
1787007600,604.15,605.21,603.85,605.21,115,175,0
1787011200,604.95,604.95,603.85,603.95,102,199,0
1787014800,603.95,604.35,603.55,603.65,116,199,0
1787018400,603.65,605.35,603.25,604.65,135,199,0
1787022000,604.65,604.75,603.85,604.15,97,199,0
1787025600,604.15,604.55,602.45,602.85,113,199,0
1787029200,602.85,602.85,600.95,601.95,193,199,0
1787032800,601.85,602.55,601.85,602.55,125,199,0
1787036400,602.55,603.26,601.85,602.45,118,177,0
1787040000,602.45,602.85,602.15,602.55,110,176,0
1787043600,602.55,604.05,602.15,603.25,138,199,0
1787047200,603.15,603.25,602.05,602.15,104,199,0
1787050800,602.15,602.15,600.75,601.55,146,199,0
1787054400,601.55,601.75,599.95,600.05,141,199,0
1787058000,600.05,600.45,599.75,600.05,121,199,0
1787061600,599.95,601.55,599.95,601.05,138,199,0
1787065200,601.05,601.05,600.04,600.05,113,199,0
1787068800,600.05,600.05,598.75,599.15,201,199,0
1787072400,599.15,603.05,599.15,601.45,425,200,0
1787076000,601.49,602.85,601.45,602.25,247,199,0
1787079600,602.25,603.35,601.95,602.75,162,199,0
1787083200,602.75,602.75,601.45,601.65,108,199,0
1787086800,601.55,602.85,601.55,602.25,111,199,0
1787090400,602.25,602.97,601.85,601.95,119,176,0
1787094000,601.95,602.62,601.55,602.53,103,175,0
1787097600,601.95,602.59,601.25,601.55,72,176,0
1787101200,601.55,602.76,601.35,602.64,102,177,0
1787104800,602.63,603.31,602.05,602.85,103,177,0
1787108400,602.95,603.65,601.75,602.75,198,199,0
1787112000,602.75,603.65,602.45,602.45,154,199,0
1787115600,602.45,602.45,600.45,600.95,136,199,0
1787119200,600.95,601.65,600.75,600.95,117,199,0
1787122800,600.95,601.83,600.65,600.85,117,177,0
1787126400,600.85,600.95,600.35,600.45,98,199,0
1787130000,600.45,601.35,600.25,601.35,116,177,0
1787133600,601.35,601.93,600.85,600.85,97,177,0
1787137200,600.85,602.35,600.65,601.65,133,199,0
1787140800,601.65,602.30,601.55,601.97,77,177,0
1787144400,601.96,602.22,600.95,602.22,88,177,0
1787148000,602.24,602.35,601.25,601.65,145,177,0
1787151600,601.65,604.35,601.65,603.25,349,199,0
1787155200,603.35,604.75,603.05,603.35,625,200,0
1787158800,603.45,608.29,603.05,607.75,610,199,0
1787162400,607.79,619.05,607.75,615.45,3716,200,0
1787166000,615.55,619.25,615.25,617.65,1475,200,0
1787169600,617.75,618.15,613.34,616.15,980,200,0
1787173200,616.25,616.85,615.04,616.15,483,199,0
1787176800,616.15,616.75,613.25,615.65,551,176,0
1787180400,615.75,623.69,615.45,623.27,1363,176,0
1787184000,625.25,635.35,624.55,633.55,4188,200,0
1787187600,633.65,634.35,626.05,627.05,2539,200,0
1787191200,627.15,628.05,624.75,626.35,1154,200,0
1787194800,626.45,629.15,626.15,627.65,1212,200,0
1787198400,627.75,628.25,623.05,624.65,926,200,0
1787202000,624.55,625.65,623.05,623.25,619,200,0
1787205600,623.15,627.55,621.34,625.35,1123,200,0
1787209200,625.55,626.65,623.75,625.75,367,199,0
1787212800,625.65,626.75,623.54,623.94,402,199,0
1787216400,624.00,630.25,623.35,629.15,579,200,0
1787220000,629.14,631.65,626.85,629.25,765,200,0
1787223600,629.45,643.74,629.24,639.64,3221,200,0
1787227200,639.54,643.84,639.24,641.74,1575,200,0
1787230800,641.84,645.74,640.74,642.94,1792,200,0
1787234400,642.84,647.94,641.44,644.64,1801,200,0
1787238000,644.54,645.14,638.74,642.04,2169,200,0
1787241600,642.10,643.70,636.94,640.44,2470,200,0
1787245200,640.44,644.05,639.35,641.14,1738,200,0
1787248800,641.14,651.54,640.94,651.54,2368,200,0
1787252400,651.64,653.15,646.84,652.85,1900,200,0
1787256000,652.95,653.44,650.34,652.14,1337,200,0
1787259600,652.25,652.94,645.95,646.44,1467,200,0
1787263200,646.35,649.84,645.75,649.34,992,200,0
1787266800,649.45,653.35,649.04,652.74,548,177,0
1787270400,652.15,653.95,651.64,652.84,494,200,0
1787274000,652.90,654.95,651.10,652.85,1219,199,0
1787277600,652.84,657.25,652.65,653.64,1024,200,0
1787281200,653.75,657.05,652.14,655.64,2320,200,0
1787284800,655.55,665.75,655.04,660.44,3930,200,0
1787288400,660.55,662.75,657.74,657.94,2181,200,0
1787292000,658.04,661.45,656.34,660.05,1319,200,0
1787295600,660.15,661.45,657.84,659.65,967,200,0
1787299200,659.59,663.74,659.04,663.65,1281,200,0
1787302800,663.55,671.95,662.85,665.74,1957,200,0
1787306400,665.65,672.45,665.55,668.95,3379,200,0
1787310000,668.90,685.15,668.35,684.25,5007,200,0
1787313600,684.05,684.65,666.84,677.25,8132,200,0
1787317200,677.35,679.45,674.45,677.25,3428,200,0
1787320800,677.25,679.45,670.25,673.90,4230,151,0
1787324400,673.95,679.21,672.42,678.07,1914,151,0
1787328000,678.08,679.85,672.82,678.77,2992,151,0
1787331600,678.72,679.01,674.09,677.75,2499,151,0
1787335200,677.70,681.01,673.52,673.93,1866,151,0
1787338800,673.98,681.32,668.96,679.73,1860,151,0
1787342400,679.75,681.71,676.05,678.15,1029,151,0
1787346000,678.25,681.15,672.74,675.55,568,199,0
1787349600,675.65,676.25,671.85,671.85,547,200,0
1787353200,671.95,675.49,670.75,675.49,500,151,0
1787364000,690.57,690.95,685.05,685.95,902,151,0
1787367600,686.05,687.75,680.85,687.55,1025,200,0
1787371200,687.55,691.25,685.55,687.05,848,200,0
1787374800,687.25,713.45,687.25,711.45,1233,200,0
1787378400,711.55,720.85,709.45,717.15,1411,200,0
1787382000,717.45,724.35,713.94,723.84,1192,200,0
1787385600,723.45,725.05,682.70,697.55,2109,200,0
1787389200,697.65,699.95,691.54,699.85,1372,200,0
1787392800,699.75,707.05,697.05,705.05,1230,200,0
1787396400,705.24,708.95,694.95,697.05,1278,200,0
1787400000,696.95,702.85,691.85,696.65,1237,200,0
1787403600,696.95,696.95,683.35,689.95,1275,200,0
1787407200,689.95,694.45,688.35,693.15,777,200,0
1787410800,693.05,697.04,691.84,693.75,788,200,0
1787414400,693.75,695.05,691.25,694.25,752,200,0
1787418000,694.45,694.85,689.15,690.95,976,200,0
1787421600,691.05,692.15,687.45,687.45,816,200,0
1787425200,687.55,696.45,687.35,695.44,597,200,0
1787428800,695.55,697.05,693.05,695.15,507,200,0
1787432400,695.15,697.85,695.05,697.35,458,200,0
1787436000,697.45,698.75,695.65,697.65,423,200,0
1787439600,697.75,699.35,696.25,697.11,475,151,0
1787443200,693.82,696.95,691.05,691.75,531,151,0
1787446800,692.05,696.05,690.85,692.65,734,200,0
1787450400,692.75,695.25,690.45,694.25,441,200,0
1787454000,694.35,697.25,692.65,697.25,290,200,0
1787457600,699.94,699.94,696.25,697.25,630,151,0
1787461200,697.15,697.15,691.44,692.95,609,151,0
1787464800,693.05,694.15,687.55,688.34,615,200,0
1787468400,688.25,689.35,680.15,680.95,844,200,0
1787472000,680.65,684.45,676.15,681.95,1168,200,0
1787475600,681.85,685.95,679.85,683.95,698,200,0
1787479200,683.94,687.95,682.34,682.85,550,200,0
1787482800,682.95,688.95,682.55,688.05,528,199,0
1787486400,687.95,688.95,686.35,688.15,417,200,0
1787490000,688.25,691.15,688.05,688.85,431,200,0
1787493600,688.95,694.55,688.95,694.15,490,200,0
1787497200,694.15,694.15,691.35,693.35,421,200,0
1787500800,693.35,698.95,693.05,697.35,900,151,0
1787504400,697.45,698.45,689.24,694.65,741,200,0
1787508000,694.54,696.35,692.45,694.05,620,200,0
1787511600,694.15,697.95,694.15,697.85,410,200,0
1787515200,697.85,699.15,695.15,696.55,500,200,0
1787518800,696.65,699.25,695.65,698.65,377,200,0
1787522400,698.75,699.25,696.35,697.84,393,200,0
1787526000,697.85,699.35,696.84,699.35,344,151,0
1787529600,702.44,706.25,701.55,702.25,596,151,0
1787533200,702.25,703.95,699.25,702.15,918,200,0
1787536800,702.45,703.65,698.75,701.35,690,200,0
1787540400,701.45,703.75,697.55,703.75,843,200,0
1787544000,703.85,703.95,693.85,694.35,949,200,0
1787547600,694.25,700.95,692.65,699.15,715,200,0
1787551200,698.95,699.35,694.65,694.85,639,200,0
1787554800,695.15,697.25,693.55,695.65,546,200,0
1787558400,695.45,699.25,694.84,698.25,615,200,0
1787562000,698.15,699.55,695.75,698.75,537,200,0
1787565600,698.75,702.45,697.05,697.75,512,200,0
1787569200,697.84,697.95,691.95,695.10,623,151,0
1787572800,695.07,698.75,694.70,698.55,415,151,0
1787576400,698.55,701.05,697.84,698.55,768,200,0
1787580000,698.45,706.25,696.25,702.85,1317,200,0
1787583600,702.95,706.35,699.35,704.65,1490,200,0
1787587200,704.75,707.15,695.35,698.75,3332,200,0
1787590800,698.85,708.04,698.65,706.15,2666,200,0
1787594400,706.05,715.85,702.85,704.85,2572,200,0
1787598000,704.95,711.35,703.14,703.65,929,200,0
1787601600,703.85,704.95,697.65,701.65,1194,200,0
1787605200,701.65,704.35,700.55,701.95,705,200,0
1787608800,702.05,703.25,699.85,701.65,758,200,0
1787612400,701.46,703.24,699.85,702.38,499,151,0
1787616000,704.24,704.25,701.95,702.85,243,151,0
1787619600,702.85,703.15,700.35,700.45,432,200,0
1787623200,700.45,703.45,699.15,703.35,339,200,0
1787626800,703.25,710.25,702.65,709.05,742,200,0
1787630400,709.15,711.45,707.35,709.35,598,200,0
1787634000,709.44,718.15,707.34,713.25,1065,200,0
1787637600,713.35,716.95,712.95,714.45,731,200,0
1787641200,714.45,717.05,712.45,713.45,733,200,0
1787644800,713.65,717.54,712.94,715.55,535,200,0
1787648400,715.65,716.55,710.35,712.05,483,200,0
1787652000,711.85,714.95,701.54,705.35,692,200,0
1787655600,705.45,707.75,702.45,703.25,524,200,0
1787659200,703.25,703.25,696.15,697.95,690,200,0
1787662800,697.85,699.65,696.35,698.55,577,199,0
1787666400,698.55,699.25,695.74,695.85,680,200,0
1787670000,695.80,697.15,692.09,696.65,1276,200,0
1787673600,696.69,697.25,689.55,693.35,2496,200,0
1787677200,693.45,698.35,692.35,697.25,1610,200,0
1787680800,697.35,699.29,695.15,699.04,869,200,0
1787684400,699.05,699.55,696.54,697.64,606,200,0
1787688000,697.65,699.64,695.75,699.14,702,200,0
1787691600,699.16,700.45,698.25,698.75,463,200,0
1787695200,698.72,699.15,695.65,697.15,481,200,0
1787698800,697.25,697.44,691.25,691.54,943,151,0
1787702400,692.10,692.55,687.24,691.85,1091,151,0
1787706000,691.85,696.45,691.85,696.15,489,200,0
1787709600,696.15,696.59,692.15,693.34,546,200,0
1787713200,693.55,693.85,690.35,692.65,887,153,0
1787716800,692.55,695.55,692.34,693.64,542,200,0
1787720400,693.65,697.25,692.75,696.65,498,199,0
1787724000,696.65,697.10,694.00,695.05,410,200,0
1787727600,695.02,696.51,693.15,693.25,524,199,0
1787731200,693.25,695.75,691.85,695.25,537,200,0
1787734800,695.25,696.80,694.05,696.75,494,200,0
1787738400,696.75,699.25,696.25,697.75,606,200,0
1787742000,697.70,698.45,695.15,696.15,568,199,0
1787745600,696.15,697.75,693.25,694.15,610,200,0
1787749200,694.25,707.35,693.75,706.05,838,200,0
1787752800,706.05,706.95,700.44,701.25,830,199,0
1787756400,701.35,703.05,696.07,700.74,1639,200,0
1787760000,700.69,701.45,695.95,700.45,1835,200,0
1787763600,700.55,701.74,692.45,692.95,1585,200,0
1787767200,692.85,697.05,691.15,696.15,1363,200,0
1787770800,696.19,697.25,693.75,694.95,812,200,0
1787774400,695.05,701.15,694.74,698.55,823,200,0
1787778000,698.65,699.05,696.35,697.35,503,199,0
1787781600,697.25,699.75,696.99,698.55,492,199,0
1787785200,698.45,699.35,696.55,698.32,462,151,0
1787788800,698.26,702.55,698.05,702.25,539,151,0
1787792400,702.35,706.65,701.95,703.45,693,200,0
1787796000,703.25,707.55,703.05,706.65,568,199,0
1787799600,706.75,706.75,702.35,702.45,447,199,0
1787803200,702.35,704.55,701.25,703.94,566,200,0
1787806800,703.75,704.65,701.84,702.05,380,199,0
1787810400,702.05,703.25,701.45,702.55,353,199,0
1787814000,702.65,703.35,700.25,701.35,356,199,0
1787817600,701.35,704.55,700.55,704.35,355,199,0
1787821200,704.35,704.95,702.35,704.85,296,199,0
1787824800,704.85,706.95,704.15,706.54,319,199,0
1787828400,706.55,711.75,706.35,709.35,1174,200,0
1787832000,709.35,714.75,708.15,711.75,1038,200,0
1787835600,711.65,712.95,704.25,706.35,1061,200,0
1787839200,706.25,707.65,704.75,705.85,665,199,0
1787842800,705.85,706.65,692.15,704.65,531,151,0
1787846400,704.65,707.85,703.95,707.65,636,199,0
1787850000,707.55,710.75,704.84,709.05,657,200,0
1787853600,709.05,712.65,708.35,710.35,676,200,0
1787857200,710.55,712.64,710.05,711.05,816,200,0
1787860800,711.15,713.25,708.79,709.95,735,200,0
1787864400,709.95,710.05,705.55,709.65,794,200,0
1787868000,709.75,710.87,708.85,709.05,522,200,0
1787871600,709.09,709.65,707.95,709.25,366,151,0
1787875200,708.65,709.85,708.45,709.74,381,151,0
1787878800,709.85,711.85,709.85,711.55,328,199,0
1787882400,711.55,711.95,710.74,711.05,257,199,0
1787886000,711.05,713.95,710.38,712.05,542,151,0
1787889600,712.15,717.94,712.05,712.95,813,199,0
1787893200,712.95,713.35,705.25,706.85,961,199,0
1787896800,706.85,710.35,705.85,708.65,524,200,0
1787900400,708.65,710.15,706.25,708.45,514,200,0
1787904000,708.45,712.15,707.35,711.15,477,199,0
1787907600,711.15,713.25,711.15,711.75,338,199,0
1787911200,711.85,711.85,705.25,705.85,389,199,0
1787914800,705.85,708.45,704.35,704.55,547,199,0
1787918400,704.65,705.65,703.45,703.45,516,199,0
1787922000,703.51,706.25,702.05,705.75,442,199,0
1787925600,705.80,706.95,704.93,705.25,305,199,0
1787929200,705.25,706.15,703.55,704.35,367,199,0
1787932800,704.25,705.15,702.39,704.45,602,199,0
1787936400,704.39,706.55,694.85,703.65,2524,200,0
1787940000,703.70,704.95,694.84,695.05,1181,200,0
1787943600,694.95,695.35,685.55,692.25,2506,200,0
1787947200,692.35,695.05,691.45,692.45,903,200,0
1787950800,692.34,692.55,684.55,687.15,914,200,0
1787954400,687.25,689.55,687.14,687.95,486,199,0
1787958000,687.84,688.55,687.04,687.72,400,151,0
1787968800,689.04,690.45,688.75,690.45,184,151,0
1787972400,690.45,691.45,689.85,689.85,261,200,0
1787976000,689.85,690.75,689.35,689.95,241,151,0
1787979600,689.99,690.35,688.54,689.35,286,199,0
1787983200,689.35,689.69,687.35,687.55,270,151,0
1787986800,687.55,689.35,686.95,689.04,293,151,0
1787990400,689.05,690.25,689.05,689.95,244,151,0
1787994000,689.95,689.95,685.95,686.35,275,151,0
1787997600,686.35,687.15,685.74,687.05,224,199,0
1788001200,687.04,687.65,686.15,686.95,224,151,0
1788004800,687.05,687.85,686.55,687.55,285,151,0
1788008400,687.55,688.78,686.93,687.85,241,199,0
1788012000,687.85,688.55,687.55,688.25,223,151,0
1788015600,688.25,688.65,686.35,687.45,256,199,0
1788019200,687.45,687.75,686.65,687.65,217,151,0
1788022800,687.65,691.55,687.40,690.85,313,199,0
1788026400,690.95,690.95,689.05,689.85,263,199,0
1788030000,689.85,691.44,689.65,690.15,298,199,0
1788033600,690.15,690.95,689.25,689.75,230,199,0
1788037200,689.74,692.69,689.64,692.35,285,199,0
1788040800,692.35,693.25,691.93,692.45,233,199,0
1788044400,692.45,692.75,691.25,691.88,177,151,0
1788048000,691.45,692.05,691.25,691.55,176,151,0
1788051600,691.65,692.35,691.24,692.15,190,199,0
1788055200,692.15,692.25,690.95,691.45,215,151,0
1788058800,691.35,692.24,690.75,691.25,101,199,0
1788062400,691.49,691.55,689.55,690.55,224,151,0
1788066000,690.55,693.55,690.35,692.64,340,151,0
1788069600,692.64,694.55,692.59,693.55,308,151,0
1788073200,693.55,694.18,691.25,692.64,251,151,0
1788076800,692.65,693.55,692.65,693.45,180,151,0
1788080400,693.45,693.65,692.63,693.55,192,151,0
1788084000,693.75,693.94,692.04,692.15,184,151,0
1788087600,692.15,693.35,691.24,693.15,234,199,0
1788091200,693.10,694.16,690.50,690.85,262,151,0
1788094800,690.85,691.37,690.55,691.35,197,199,0
1788098400,691.35,693.05,691.34,691.95,228,151,0
1788102000,691.95,695.45,691.95,695.45,398,199,0
1788105600,695.55,699.15,694.35,698.35,440,200,0
1788109200,698.35,698.65,696.34,697.65,347,199,0
1788112800,697.71,698.75,695.63,698.45,389,199,0
1788116400,698.55,703.05,698.05,702.75,829,200,0
1788120000,702.69,702.75,697.24,699.95,623,200,0
1788123600,699.95,701.65,698.74,700.75,291,199,0
1788127200,700.75,700.85,697.35,698.55,318,199,0
1788130800,698.65,699.35,695.35,696.74,488,151,0
1788134400,694.55,696.45,693.55,695.75,388,199,0
1788138000,695.75,696.95,691.65,692.75,664,200,0
1788141600,692.65,692.75,678.35,683.65,2129,200,0
1788145200,683.55,687.35,681.35,685.14,812,200,0
1788148800,685.05,685.55,681.45,681.75,777,200,0
1788152400,681.65,684.55,681.05,682.15,559,200,0
1788156000,682.27,685.75,681.65,684.25,390,199,0
1788159600,684.25,684.35,681.75,682.32,375,199,0
1788163200,682.35,686.15,682.05,685.65,454,199,0
1788166800,685.45,686.85,684.85,685.55,423,199,0
1788170400,685.45,687.15,685.24,685.65,380,199,0
1788174000,685.65,687.15,683.74,686.55,443,199,0
1788177600,686.45,688.45,685.15,685.35,446,199,0
1788181200,685.35,688.65,684.35,688.05,345,199,0
1788184800,687.94,687.94,685.85,686.15,313,199,0
1788188400,686.14,688.25,683.45,685.15,631,199,0
1788192000,685.15,686.65,684.04,684.35,865,200,0
1788195600,684.45,690.35,683.75,689.55,995,200,0
1788199200,689.79,690.15,686.95,688.45,711,200,0
1788202800,688.55,689.55,687.04,688.05,588,200,0
1788206400,688.04,692.15,687.65,691.84,541,200,0
1788210000,691.84,693.55,690.95,691.75,444,199,0
1788213600,691.75,693.55,690.25,690.45,378,199,0
1788217200,690.55,691.95,689.15,690.44,357,151,0
1788220800,690.31,691.95,689.15,691.65,273,151,0
1788224400,691.65,692.05,689.55,690.05,194,199,0
1788228000,689.95,690.35,688.95,690.35,212,151,0
1788231600,690.35,692.95,690.15,692.15,283,199,0
1788235200,692.25,693.05,689.74,690.55,396,200,0
1788238800,690.55,691.25,689.05,691.25,371,200,0
1788242400,691.25,693.65,690.95,692.25,298,151,0
1788246000,692.35,692.95,690.94,691.10,271,199,0
1788249600,691.15,693.25,690.25,692.85,354,200,0
1788253200,692.75,692.75,689.14,689.35,273,200,0
1788256800,689.35,689.69,687.79,689.34,336,199,0
1788260400,689.35,689.55,684.75,685.05,730,200,0
1788264000,685.05,685.65,684.25,684.85,346,199,0
1788267600,684.75,687.35,684.35,685.45,449,199,0
1788271200,685.55,686.95,684.65,686.25,344,199,0
1788274800,686.29,686.45,683.65,685.65,484,199,0
1788278400,685.55,686.34,682.75,685.95,999,200,0
1788282000,686.05,687.55,685.64,686.25,548,200,0
1788285600,686.14,686.45,684.14,685.65,486,151,0
1788289200,685.65,685.75,681.54,682.85,513,200,0
1788292800,682.85,684.95,681.65,681.75,430,199,0
1788296400,681.74,682.15,673.54,678.35,895,200,0
1788300000,678.35,680.35,678.05,678.75,432,199,0
1788303600,678.85,680.25,678.05,680.15,321,151,0
1788307200,679.85,679.95,676.35,679.55,348,199,0
1788310800,679.55,680.35,678.15,679.95,296,199,0
1788314400,679.95,682.95,679.45,681.95,268,199,0
1788318000,681.95,686.25,681.75,682.85,676,200,0
1788321600,682.85,683.95,678.55,681.55,709,151,0
1788325200,681.45,684.65,680.55,684.35,789,200,0
1788328800,684.35,688.55,684.14,686.55,533,200,0
1788332400,686.55,686.85,685.03,686.85,280,199,0
1788336000,686.85,688.75,685.45,688.15,402,199,0
1788339600,688.25,688.55,685.85,687.25,350,199,0
1788343200,687.35,688.25,686.65,686.65,225,199,0
1788346800,686.75,687.15,682.05,682.55,383,199,0
1788350400,682.55,685.55,680.75,682.55,589,199,0
1788354000,682.65,682.95,679.39,681.95,673,200,0
1788357600,681.95,683.30,680.04,682.95,599,199,0
1788361200,682.85,684.55,681.85,682.25,456,199,0
1788364800,682.25,688.55,682.25,686.59,929,200,0
1788368400,686.65,688.35,685.15,685.25,810,199,0
1788372000,685.25,687.05,682.95,686.64,846,200,0
1788375600,686.75,688.15,685.35,685.45,499,199,0
1788379200,685.49,687.05,683.65,686.75,613,200,0
1788382800,686.75,687.05,685.14,686.25,359,200,0
1788386400,686.15,686.85,684.54,685.65,307,199,0
1788390000,685.75,686.97,685.24,686.79,349,151,0
1788393600,687.03,687.55,686.35,686.35,266,151,0
1788397200,686.35,686.45,684.45,685.25,280,152,0
1788400800,685.25,688.05,684.75,687.75,235,199,0
1788404400,687.85,689.05,685.74,686.35,385,199,0
1788408000,686.35,691.15,685.35,689.35,548,200,0
1788411600,689.35,694.16,688.94,693.35,471,200,0
1788415200,693.45,693.45,690.85,691.65,337,199,0
1788418800,691.65,693.85,690.85,693.85,348,200,0
1788422400,693.95,694.64,688.75,694.45,620,200,0
1788426000,694.55,698.04,694.04,696.95,382,199,0
1788429600,696.91,698.75,696.05,697.22,633,200,0
1788433200,697.25,702.45,697.25,700.45,724,199,0
1788436800,700.45,702.17,699.55,699.85,567,199,0
1788440400,699.79,705.25,699.55,704.45,677,200,0
1788444000,704.45,714.85,704.04,710.65,1522,200,0
1788447600,710.69,714.35,709.84,712.95,1280,200,0
1788451200,712.89,713.95,708.14,711.05,1439,200,0
1788454800,710.95,721.99,710.44,721.65,2050,200,0
1788458400,721.55,727.35,717.55,726.85,1699,200,0
1788462000,726.99,727.15,717.95,721.25,1201,199,0
1788465600,721.15,721.89,719.05,721.15,677,199,0
1788469200,721.25,722.25,719.09,721.35,551,199,0
1788472800,721.35,724.15,720.44,723.65,748,200,0
1788476400,723.75,724.05,721.54,723.60,721,151,0
1788480000,722.97,726.85,722.65,724.15,711,151,0
1788483600,724.14,724.67,719.85,722.85,855,200,0
1788487200,722.75,724.48,722.45,724.25,467,199,0
1788490800,724.25,729.25,720.75,720.85,1120,199,0
1788494400,720.95,722.85,718.09,721.45,1081,200,0
1788498000,721.45,723.45,719.54,723.45,578,200,0
1788501600,723.40,724.45,722.55,722.65,539,199,0
1788505200,722.65,728.65,722.65,725.29,598,199,0
1788508800,725.14,725.85,722.25,723.95,570,200,0
1788512400,723.94,724.45,718.85,719.45,676,199,0
1788516000,719.49,721.45,712.95,713.45,885,200,0
1788519600,713.55,718.45,712.75,718.15,961,200,0
1788523200,718.25,719.75,716.35,717.85,808,199,0
1788526800,717.75,721.55,715.05,721.55,663,200,0
1788530400,721.55,724.15,720.85,723.45,511,199,0
1788534000,723.45,726.55,709.75,714.45,4933,200,0
1788537600,714.40,717.85,711.15,714.24,1984,200,0
1788541200,714.35,715.68,707.99,710.75,1606,200,0
1788544800,710.84,716.85,709.85,715.85,680,200,0
1788548400,715.75,720.65,715.34,718.65,566,200,0
1788552000,718.75,718.85,715.73,715.95,509,199,0
1788555600,716.05,718.25,715.55,718.05,304,199,0
1788559200,718.05,720.47,718.05,719.25,307,199,0
1788562800,719.30,720.45,717.34,717.49,331,151,0
1788573600,717.93,720.65,717.44,720.45,216,151,0
1788577200,720.55,721.15,718.65,718.85,326,199,0
1788580800,718.85,723.05,718.64,719.55,389,199,0
1788584400,719.65,721.05,718.95,720.15,335,200,0
1788588000,720.15,724.25,720.05,722.65,325,199,0
1788591600,722.65,722.65,720.65,720.65,278,199,0
1788595200,720.75,722.15,719.89,721.75,287,199,0
1788598800,721.75,727.05,720.95,726.55,450,199,0
1788602400,726.55,738.85,725.59,737.54,1854,200,0
1788606000,737.39,751.69,737.35,749.05,2219,200,0
1788609600,749.09,751.05,743.25,746.75,1742,200,0
1788613200,746.65,750.05,745.84,747.15,886,199,0
1788616800,747.05,756.05,745.05,747.05,1251,200,0
1788620400,747.05,765.13,747.05,762.34,1622,151,0
1788624000,762.45,766.95,758.45,760.25,2267,200,0
1788627600,760.15,769.45,759.45,769.25,1899,200,0
1788631200,769.05,771.84,764.95,769.25,1330,200,0
1788634800,769.35,776.45,766.85,772.74,1758,200,0
1788638400,772.95,779.85,772.75,775.25,1890,200,0
1788642000,775.35,778.35,774.25,775.94,953,200,0
1788645600,775.94,778.95,772.25,772.50,1265,199,0
1788649200,772.18,773.19,768.85,769.58,1031,151,0
1788652800,769.91,771.40,768.65,770.35,703,151,0
1788656400,770.45,770.85,768.08,769.45,705,200,0
1788660000,769.35,769.85,762.75,765.45,1403,200,0
1788663600,765.45,767.95,765.05,767.05,365,200,0
1788667200,766.11,767.50,762.34,764.14,1072,151,0
1788670800,764.24,765.05,760.15,763.25,901,200,0
1788674400,763.09,765.05,762.65,763.95,720,200,0
1788678000,763.95,764.45,760.85,762.15,637,200,0
1788681600,762.15,763.65,760.22,761.05,775,199,0
1788685200,761.05,762.79,758.69,759.45,709,200,0
1788688800,759.45,760.15,754.00,755.65,1009,199,0
1788692400,755.75,756.65,753.15,756.15,663,199,0
1788696000,755.89,758.05,755.75,756.65,789,200,0
1788699600,756.55,757.65,755.43,756.65,514,153,0
1788703200,756.69,757.95,755.85,757.45,584,199,0
1788706800,757.45,757.75,753.55,754.75,576,199,0
1788710400,754.85,754.85,749.35,750.25,843,200,0
1788714000,750.15,750.15,740.35,740.85,1721,200,0
1788717600,740.94,745.35,739.35,745.05,880,200,0
1788721200,745.05,747.75,744.15,746.75,633,199,0
1788724800,746.79,747.60,745.62,747.25,680,199,0
1788728400,747.25,748.95,746.75,748.65,517,199,0
1788732000,748.65,749.45,747.50,748.15,476,151,0
1788735600,748.05,750.63,747.92,750.51,381,151,0
1788739200,750.87,752.75,750.15,750.45,681,151,0
1788742800,750.45,750.85,747.36,750.55,956,200,0
1788746400,750.55,753.95,750.15,752.15,826,200,0
1788750000,752.05,755.45,749.14,749.60,960,200,0
1788753600,749.55,750.05,744.65,747.65,1213,200,0
1788757200,747.65,754.75,746.24,747.35,2069,200,0
1788760800,747.55,748.99,743.82,745.05,1130,199,0
1788764400,745.15,746.45,744.34,746.05,702,200,0
1788768000,746.05,749.15,745.55,747.55,785,200,0
1788771600,747.55,748.25,743.95,744.25,623,199,0
1788775200,744.25,744.45,738.95,742.65,971,200,0
1788778800,742.85,744.35,742.65,743.95,484,199,0
1788782400,743.95,745.79,741.39,741.65,480,199,0
1788786000,741.65,743.94,741.45,742.55,522,199,0
1788789600,742.60,743.85,742.15,743.75,437,199,0
1788793200,743.85,746.25,743.35,746.15,506,199,0
1788796800,746.14,746.65,742.95,744.55,632,199,0
1788800400,744.45,744.65,739.85,742.45,796,200,0
1788804000,742.45,742.45,732.09,733.55,1258,199,0
1788807600,733.65,738.95,733.39,738.75,641,199,0
1788811200,738.75,740.35,738.15,739.55,389,151,0
1788814800,739.54,740.05,737.45,738.65,468,199,0
1788818400,738.65,740.85,737.85,740.65,338,199,0
1788822000,740.65,740.85,737.75,739.20,372,151,0
1788825600,739.17,739.17,737.50,738.25,317,151,0
1788829200,738.25,738.85,734.90,737.25,647,199,0
1788832800,737.25,739.85,737.15,738.85,395,200,0
1788836400,738.85,740.25,737.25,739.55,594,200,0
1788840000,739.55,741.95,739.25,741.65,530,199,0
1788843600,741.65,742.55,737.35,737.35,565,199,0
1788847200,737.35,744.25,735.85,741.95,999,200,0
1788850800,741.75,745.85,740.75,744.45,896,200,0
1788854400,744.55,753.55,742.74,750.05,2007,200,0
1788858000,750.15,750.44,744.45,746.65,1674,200,0
1788861600,746.84,756.65,746.65,753.75,1537,200,0
1788865200,753.65,760.25,752.55,754.15,2429,200,0
1788868800,754.15,756.05,749.55,753.75,1555,200,0
1788872400,753.65,757.29,752.49,755.25,1234,200,0
1788876000,755.35,755.85,749.65,751.45,1627,200,0
1788879600,751.55,751.95,748.55,750.85,1409,200,0
1788883200,750.75,751.95,741.35,746.05,2974,200,0
1788886800,746.09,750.75,745.05,749.85,2232,200,0
1788890400,749.75,756.15,748.24,755.49,1657,200,0
1788894000,755.55,757.14,752.54,754.85,1452,200,0
1788897600,754.94,755.75,750.95,751.15,976,200,0
1788901200,751.15,753.45,746.75,748.45,1195,200,0
1788904800,748.55,749.44,746.45,747.85,1240,200,0
1788908400,747.95,750.68,747.85,750.19,984,151,0
1788912000,750.58,752.05,750.09,750.84,1013,151,0
1788915600,750.90,753.95,750.05,753.95,613,199,0
1788919200,753.95,753.95,751.20,751.25,307,151,0
1788922800,751.25,755.75,751.24,753.65,719,199,0
1788926400,753.55,755.15,749.35,753.65,1100,199,0
1788930000,753.60,754.05,750.35,750.74,770,200,0
1788933600,750.65,750.75,746.25,748.54,858,200,0
1788937200,748.54,754.45,748.54,753.64,1326,199,0
1788940800,753.75,754.21,749.32,750.65,1081,200,0
1788944400,750.75,755.35,750.25,754.05,936,200,0
1788948000,754.15,756.75,751.95,753.75,1010,199,0
1788951600,753.60,756.76,752.95,756.65,936,199,0
1788955200,756.65,756.89,749.85,750.25,1464,151,0
1788958800,750.19,751.45,748.55,749.75,1395,200,0
1788962400,749.65,750.65,746.90,749.25,1216,200,0
1788966000,749.35,750.66,748.65,749.45,965,200,0
1788969600,749.35,750.05,744.05,744.25,1755,200,0
1788973200,744.20,745.80,740.65,742.65,2107,200,0
1788976800,742.75,745.25,733.75,738.05,3652,200,0
1788980400,737.99,740.85,736.85,739.75,1368,200,0
1788984000,739.65,741.35,739.05,740.35,865,200,0
1788987600,740.35,740.57,738.65,738.85,647,200,0
1788991200,738.90,740.65,735.44,736.15,1145,200,0
1788994800,736.25,737.05,731.15,733.00,1122,151,0
1788998400,732.44,732.45,721.34,724.35,1308,151,0
1789002000,724.50,724.95,716.29,717.85,2332,200,0
1789005600,717.79,722.55,717.65,721.45,750,199,0
1789009200,721.54,723.15,719.25,719.85,1039,200,0
1789012800,719.79,723.55,715.29,719.75,1808,200,0
1789016400,719.75,724.05,719.45,724.05,931,200,0
1789020000,724.05,725.15,721.85,722.55,700,200,0
1789023600,722.45,722.65,720.84,721.45,654,200,0
1789027200,721.45,722.45,719.65,722.35,1144,200,0
1789030800,722.25,722.25,717.13,719.95,1175,200,0
1789034400,719.85,719.95,714.25,717.95,1046,200,0
1789038000,717.95,718.46,717.05,717.25,632,200,0
1789041600,717.25,717.95,714.35,716.25,585,200,0
1789045200,716.15,717.59,715.15,715.85,518,199,0
1789048800,715.75,717.85,714.35,715.35,590,199,0
1789052400,715.25,717.05,702.65,704.45,3319,200,0
1789056000,704.25,709.85,703.84,709.37,2460,200,0
1789059600,709.45,710.75,705.85,708.75,1352,200,0
1789063200,708.75,709.45,705.35,706.75,911,200,0
1789066800,706.65,708.15,703.34,707.35,1124,151,0
1789070400,707.35,712.45,706.95,711.55,923,200,0
1789074000,711.59,712.75,709.04,712.75,620,199,0
1789077600,712.65,714.75,711.95,713.29,866,200,0
1789081200,713.35,715.15,712.84,714.09,595,151,0
1789084800,713.75,714.25,712.65,713.25,479,151,0
1789088400,713.49,714.65,710.25,710.75,724,199,0
1789092000,710.65,711.55,707.35,707.55,1050,200,0
1789095600,707.75,712.49,707.55,712.35,946,200,0
1789099200,712.45,713.75,709.65,712.35,948,200,0
1789102800,712.20,712.55,709.25,710.14,732,200,0
1789106400,710.05,711.55,709.05,711.15,679,199,0
1789110000,711.15,716.35,711.04,715.65,664,200,0
1789113600,715.75,716.35,714.24,715.65,512,200,0
1789117200,715.69,716.05,713.05,714.25,396,200,0
1789120800,714.15,714.99,711.85,712.75,395,199,0
1789124400,712.75,714.95,711.49,712.85,521,199,0
1789128000,712.91,713.25,710.05,711.85,507,199,0
1789131600,711.65,713.85,711.15,711.45,478,199,0
1789135200,711.39,712.15,709.25,712.15,900,200,0
1789138800,712.15,723.49,705.54,722.55,5121,200,0
1789142400,722.45,736.05,716.05,735.74,4244,200,0
1789146000,735.85,740.45,729.14,732.15,4227,200,0
1789149600,732.15,739.45,725.45,727.45,3067,200,0
1789153200,727.35,732.55,726.35,729.25,2219,200,0
1789156800,729.25,729.85,725.45,726.45,899,200,0
1789160400,726.45,726.95,719.65,721.25,1711,153,0
1789164000,721.45,724.99,720.24,723.95,948,200,0
1789167600,724.05,726.55,723.25,725.31,720,151,0
1789178400,723.72,726.75,722.85,725.75,510,151,0
1789182000,725.65,727.45,725.05,725.65,390,199,0
1789185600,725.65,729.85,724.95,729.15,445,199,0
1789189200,729.25,730.85,728.15,730.75,432,200,0
1789192800,730.65,735.15,730.65,732.45,675,199,0
1789196400,732.35,734.25,732.05,732.54,441,199,0
1789200000,732.54,734.25,731.05,731.95,427,199,0
1789203600,731.95,732.45,730.55,730.75,368,199,0
1789207200,730.75,733.65,730.75,732.55,316,199,0
1789210800,732.65,734.23,731.74,734.21,329,151,0
1789214400,734.21,736.05,733.45,734.45,400,151,0
1789218000,734.55,738.95,734.45,736.85,471,199,0
1789221600,736.85,737.15,735.01,735.65,362,199,0
1789225200,735.75,736.45,734.75,735.25,342,199,0
1789228800,735.25,735.95,734.04,735.75,435,152,0
1789232400,735.85,735.85,733.65,734.85,337,199,0
1789236000,734.95,736.15,734.13,734.25,339,151,0
1789239600,734.25,734.35,731.05,731.15,311,199,0
1789243200,731.15,731.45,729.45,729.95,166,199,0
1789246800,729.95,729.95,728.05,728.45,197,151,0
1789250400,728.45,728.54,724.05,725.15,266,151,0
1789254000,725.25,726.37,724.99,725.79,189,151,0
1789257600,725.96,726.35,725.35,725.55,188,151,0
1789261200,725.55,726.27,724.45,725.15,224,151,0
1789264800,725.15,726.95,725.15,726.65,196,151,0
1789268400,726.65,726.85,725.98,726.55,124,151,0
1789272000,727.27,728.85,726.95,727.25,241,151,0
1789275600,727.25,727.95,726.55,726.95,219,151,0
1789279200,726.85,727.65,726.05,726.05,308,199,0
1789282800,725.95,726.45,725.27,725.35,214,151,0
1789286400,725.35,725.90,724.95,725.35,176,151,0
1789290000,725.29,725.43,720.55,721.05,290,151,0
1789293600,720.95,722.55,720.65,721.25,291,151,0
1789297200,721.25,721.55,716.45,717.15,485,199,0
1789300800,717.15,718.05,713.54,715.45,466,199,0
1789304400,715.45,715.65,713.45,714.15,310,199,0
1789308000,714.25,715.85,713.05,715.45,349,199,0
1789311600,715.35,716.05,714.04,714.55,245,199,0
1789315200,714.55,717.45,712.05,717.05,339,199,0
1789318800,717.05,719.25,717.05,717.75,289,200,0
1789322400,717.85,718.85,716.45,718.05,252,199,0
1789326000,718.05,720.55,718.05,720.25,286,199,0
1789329600,720.25,721.45,719.95,720.25,185,199,0
1789333200,720.25,721.45,719.95,721.25,229,199,0
1789336800,721.25,722.15,719.85,720.25,222,199,0
1789340400,720.25,721.85,720.25,721.73,152,151,0
1789344000,721.44,721.95,721.14,721.24,136,151,0
1789347600,721.25,721.25,714.35,715.05,1265,200,0
1789351200,714.95,716.25,714.55,715.45,724,200,0
1789354800,715.59,719.64,712.85,718.15,886,199,0
1789358400,718.15,719.55,713.95,719.25,726,199,0
1789362000,719.25,724.05,718.14,722.64,878,200,0
1789365600,722.65,724.15,720.65,721.75,430,200,0
1789369200,721.75,724.99,721.40,723.95,402,200,0
1789372800,724.05,725.16,723.45,724.35,387,199,0
1789376400,724.45,725.89,721.50,722.85,465,200,0
1789380000,722.85,724.55,722.14,724.15,390,200,0
1789383600,724.24,725.24,722.85,723.25,560,199,0
1789387200,723.25,727.75,721.05,723.95,772,200,0
1789390800,724.05,724.45,721.84,722.11,491,199,0
1789394400,722.14,722.55,720.25,721.35,467,200,0
1789398000,721.25,722.55,719.15,719.25,516,200,0
1789401600,719.20,722.55,716.15,719.95,1734,200,0
1789405200,719.85,722.94,718.75,720.75,1410,200,0
1789408800,720.65,722.25,719.15,721.55,981,200,0
1789412400,721.65,725.75,721.25,724.05,764,200,0
1789416000,723.99,726.25,722.95,725.55,572,200,0
1789419600,725.49,727.65,725.14,726.45,548,199,0
1789423200,726.35,726.35,723.94,724.45,492,200,0
1789426800,724.55,732.65,724.55,726.35,1164,151,0
1789430400,724.25,725.15,722.54,722.75,794,200,0
1789434000,722.89,723.85,716.14,721.85,1092,199,0
1789437600,721.65,721.84,718.35,719.55,721,151,0
1789441200,719.55,719.64,717.75,718.35,402,199,0
1789444800,718.35,720.35,717.25,719.25,416,151,0
1789448400,719.25,721.45,718.85,720.95,454,151,0
1789452000,720.85,721.59,718.25,720.35,474,151,0
1789455600,720.45,720.75,718.95,719.65,502,199,0
1789459200,719.65,721.16,717.65,720.65,586,200,0
1789462800,720.75,722.65,716.65,717.65,303,199,0
1789466400,717.65,718.25,713.85,714.15,546,199,0
1789470000,714.25,716.75,713.35,716.65,604,199,0
1789473600,716.45,717.59,715.73,716.75,260,199,0
1789477200,716.85,719.55,716.65,718.65,384,199,0
1789480800,718.65,719.55,716.55,717.95,481,200,0
1789484400,717.95,720.55,717.15,719.45,526,199,0
1789488000,719.39,721.35,714.05,719.35,1721,199,0
1789491600,719.25,720.55,710.34,714.75,2721,200,0
1789495200,714.64,718.95,713.85,717.75,1366,200,0
1789498800,717.75,720.05,715.45,718.69,602,200,0
1789502400,718.65,724.35,716.54,722.35,1097,200,0
1789506000,722.34,724.85,706.60,717.25,9111,200,0
1789509600,717.39,721.75,716.25,718.65,2804,200,0
1789513200,718.75,719.65,711.34,714.50,1015,151,0
1789516800,713.23,714.79,709.75,710.15,543,151,0
1789520400,710.25,713.65,708.24,712.35,945,200,0
1789524000,712.35,714.45,710.69,711.05,456,199,0
1789527600,711.14,714.96,710.85,713.05,526,200,0
1789531200,713.05,713.95,707.85,707.85,574,199,0
1789534800,707.84,714.05,707.25,711.95,841,200,0
1789538400,712.05,714.86,711.95,713.35,585,151,0
1789542000,713.35,715.35,713.15,714.45,452,200,0
1789545600,714.49,714.95,712.35,714.35,690,199,0
1789549200,714.45,714.85,710.85,713.55,384,151,0
1789552800,713.55,714.15,708.44,708.85,672,199,0
1789556400,708.65,708.75,703.54,706.25,928,200,0
1789560000,706.23,710.15,706.15,709.85,527,199,0
1789563600,709.95,711.19,709.65,710.55,453,200,0
1789567200,710.65,715.05,710.35,713.55,728,151,0
1789570800,713.55,713.85,711.15,711.94,593,200,0
1789574400,711.95,712.35,709.24,710.35,1097,200,0
1789578000,710.25,711.05,707.44,708.55,1222,200,0
1789581600,708.75,712.85,707.85,710.74,1116,200,0
1789585200,710.75,713.15,709.85,712.54,609,200,0
1789588800,712.45,713.45,708.19,712.05,1107,199,0
1789592400,712.15,720.35,709.65,714.64,8488,200,0
1789596000,714.75,719.35,711.85,718.44,2828,200,0
1789599600,718.45,721.05,718.05,719.95,752,151,0
1789603200,719.66,720.36,718.65,719.94,340,151,0
1789606800,720.05,720.25,717.24,718.05,589,200,0
1789610400,718.04,725.95,717.54,725.14,791,200,0
1789614000,725.10,728.15,723.45,723.45,963,200,0
1789617600,723.55,728.25,722.35,724.75,988,152,0
1789621200,724.84,725.05,721.63,722.95,812,200,0
1789624800,722.97,725.45,722.95,724.64,579,199,0
1789628400,724.64,724.74,721.65,724.74,446,199,0
1789632000,724.85,725.95,724.11,724.15,471,199,0
1789635600,724.15,725.65,723.18,724.95,473,199,0
1789639200,724.95,726.55,723.40,723.45,448,199,0
1789642800,723.50,725.95,723.39,725.35,607,199,0
1789646400,725.35,726.65,724.35,724.65,420,200,0
1789650000,724.59,724.75,721.55,722.55,383,200,0
1789653600,722.55,723.65,719.93,723.65,403,151,0
1789657200,723.66,731.89,723.25,727.95,1442,200,0
1789660800,728.05,729.35,722.48,726.35,1450,199,0
1789664400,726.45,728.85,723.65,724.95,1644,200,0
1789668000,725.05,727.95,723.75,727.05,868,200,0
1789671600,727.15,727.95,725.35,727.95,847,200,0
1789675200,727.95,729.65,727.44,728.25,654,200,0
1789678800,728.34,728.75,726.48,727.15,376,199,0
1789682400,727.15,732.85,727.05,731.75,538,200,0
1789686000,731.85,735.85,730.75,734.24,552,151,0
1789689600,733.66,734.19,732.82,733.05,232,151,0
1789693200,732.95,734.85,732.59,734.85,565,199,0
1789696800,734.84,738.75,734.55,737.55,501,199,0
1789700400,737.65,738.98,734.35,737.05,659,200,0
1789704000,737.04,743.45,736.55,742.65,921,200,0
1789707600,742.74,751.35,742.45,747.65,1212,200,0
1789711200,747.75,753.15,746.45,750.45,1354,200,0
1789714800,750.55,752.00,748.05,750.85,1021,200,0
1789718400,750.91,753.65,750.00,751.55,1245,200,0
1789722000,751.55,754.45,750.95,754.25,712,200,0
1789725600,754.19,758.55,752.25,752.25,1441,200,0
1789729200,752.29,754.15,750.55,754.05,1374,200,0
1789732800,754.00,754.85,749.15,750.45,1515,200,0
1789736400,750.49,752.55,748.50,751.75,1023,200,0
1789740000,751.75,753.05,747.85,748.25,1025,200,0
1789743600,748.34,748.95,744.32,745.45,975,151,0
1789747200,745.45,761.55,745.21,757.95,3565,151,0
1789750800,758.07,761.05,754.39,759.65,4107,151,0
1789754400,759.75,759.95,753.15,756.15,2236,200,0
1789758000,756.25,760.55,755.34,757.55,1835,200,0
1789761600,757.65,760.90,755.95,760.75,1137,200,0
1789765200,760.65,764.44,759.85,763.65,1222,200,0
1789768800,763.69,768.24,763.39,765.34,2308,200,0
1789772400,765.40,765.55,762.22,763.01,1026,151,0
1789783200,763.44,764.05,759.95,760.44,639,151,0
1789786800,760.55,763.55,759.05,763.35,950,200,0
1789790400,763.44,763.55,758.85,761.84,1054,200,0
1789794000,761.75,763.75,760.55,761.05,618,200,0
1789797600,761.05,761.95,757.95,758.55,700,200,0
1789801200,758.75,766.75,758.54,759.25,1071,199,0
1789804800,759.45,763.75,759.35,762.95,1026,200,0
1789808400,762.95,763.75,760.15,761.05,818,199,0
1789812000,760.95,761.95,759.14,759.65,796,199,0
1789815600,759.75,765.95,759.15,764.84,1317,200,0
1789819200,765.05,769.35,763.24,765.55,1250,200,0
1789822800,765.45,766.65,764.04,764.05,531,199,0
1789826400,764.05,767.05,763.65,766.87,802,200,0
1789830000,766.95,773.03,766.05,772.48,980,151,0
1789833600,772.59,772.59,767.55,768.95,1224,151,0
1789837200,769.05,772.35,768.35,769.15,1041,200,0
1789840800,769.35,770.75,765.85,766.15,1043,200,0
1789844400,766.20,767.65,763.89,767.35,940,200,0
1789848000,767.45,767.85,760.75,761.55,1106,200,0
1789851600,761.65,762.85,760.15,762.25,796,200,0
1789855200,762.35,762.95,761.40,761.95,693,151,0
1789858800,761.90,762.25,759.45,761.23,885,151,0
1789862400,761.27,761.27,756.00,758.74,1468,151,0
1789866000,758.64,760.95,756.74,760.75,778,151,0
1789869600,760.75,762.65,760.65,761.15,651,153,0
1789873200,761.25,761.45,760.13,761.15,339,199,0
1789876800,762.55,763.35,758.65,759.94,781,151,0
1789880400,759.89,762.06,745.44,746.85,1986,151,0
1789884000,746.75,752.15,744.94,749.35,2064,151,0
1789887600,749.25,749.59,745.91,747.85,1117,200,0
1789891200,747.89,750.45,747.50,750.35,1087,200,0
1789894800,750.25,752.25,748.75,750.55,1660,200,0
1789898400,750.59,751.20,746.75,746.95,873,151,0
1789902000,746.85,749.95,746.75,747.95,1204,200,0
1789905600,747.85,751.85,747.75,749.55,765,200,0
1789909200,749.65,750.45,746.95,747.94,911,199,0
1789912800,747.94,752.16,747.45,751.45,646,152,0
1789916400,751.45,752.85,749.95,751.55,745,200,0
1789920000,751.45,752.75,749.44,750.95,754,200,0
1789923600,750.95,754.25,750.85,752.35,906,200,0
1789927200,752.35,756.45,752.34,756.35,1114,200,0
1789930800,756.39,763.85,755.27,762.64,1339,200,0
1789934400,762.64,765.75,759.34,763.05,1307,200,0
1789938000,762.95,771.15,762.74,765.54,1604,200,0
1789941600,765.65,770.05,765.65,768.64,870,200,0
1789945200,768.55,770.75,765.35,767.39,938,151,0
1789948800,765.24,765.95,761.35,764.85,1046,151,0
1789952400,764.90,777.05,763.75,773.55,2061,200,0
1789956000,773.65,775.15,770.44,771.55,1470,200,0
1789959600,771.45,781.55,771.25,778.95,3234,200,0
1789963200,778.85,783.85,773.25,773.45,2639,200,0
1789966800,773.55,782.45,772.45,776.65,2082,200,0
1789970400,776.65,778.65,774.83,776.05,1908,200,0
1789974000,776.15,776.85,771.29,772.75,942,200,0
1789977600,772.85,774.45,769.95,771.95,875,200,0
1789981200,772.05,773.95,769.95,771.44,1274,200,0
1789984800,771.45,772.94,765.15,767.75,1506,200,0
1789988400,767.65,781.75,767.45,780.75,3712,200,0
1789992000,780.65,785.85,778.55,783.15,4107,200,0
1789995600,783.25,785.35,781.04,783.95,1752,200,0
1789999200,783.85,793.14,783.15,789.55,1370,200,0
1790002800,789.45,790.75,786.55,789.35,2484,200,0
1790006400,789.25,795.20,785.04,793.25,2804,200,0
1790010000,793.49,798.35,790.54,796.45,3313,200,0
1790013600,796.35,806.75,796.25,801.94,4483,200,0
1790017200,802.15,802.75,793.64,797.15,2659,200,0
1790020800,797.14,798.55,792.44,795.15,1435,200,0
1790024400,795.05,800.55,793.94,800.25,1277,200,0
1790028000,800.15,801.15,797.65,799.05,1516,200,0
1790031600,799.19,805.64,798.74,802.84,1396,200,0
1790121600,784.41,784.55,782.95,783.05,675,151,0
1790125200,782.99,784.40,781.15,783.85,619,200,0
