time,open,high,low,close,tick_volume,spread,real_volume
1764118800,0.27450,0.27479,0.27404,0.27434,44,27,0
1764122400,0.27437,0.27482,0.27410,0.27472,185,26,0
1764126000,0.27470,0.27547,0.27468,0.27509,196,26,0
1764129600,0.27507,0.27522,0.27439,0.27443,148,26,0
1764133200,0.27444,0.27468,0.27381,0.27402,197,26,0
1764136800,0.27402,0.27431,0.27374,0.27425,225,27,0
1764140400,0.27425,0.27472,0.27411,0.27449,195,26,0
1764144000,0.27461,0.27461,0.27410,0.27430,147,27,0
1764147600,0.27421,0.27475,0.27418,0.27475,189,27,0
1764151200,0.27473,0.27486,0.27388,0.27388,227,26,0
1764154800,0.27388,0.27411,0.27360,0.27411,187,26,0
1764158400,0.27404,0.27474,0.27380,0.27470,171,26,0
1764162000,0.27465,0.27511,0.27463,0.27511,162,26,0
1764165600,0.27509,0.27521,0.27445,0.27447,314,27,0
1764169200,0.27446,0.27507,0.27419,0.27486,273,26,0
1764172800,0.27484,0.27532,0.27392,0.27407,482,27,0
1764176400,0.27414,0.27465,0.27392,0.27434,430,26,0
1764180000,0.27441,0.27468,0.27406,0.27418,283,27,0
1764183600,0.27423,0.27543,0.27415,0.27537,403,27,0
1764187200,0.27541,0.27648,0.27520,0.27647,453,27,0
1764190800,0.27648,0.27672,0.27617,0.27668,225,26,0
1764194400,0.27668,0.27707,0.27632,0.27660,231,26,0
1764198000,0.27660,0.27662,0.27609,0.27624,225,26,0
1764201600,0.27628,0.27652,0.27612,0.27639,163,26,0
1764205200,0.27637,0.27651,0.27603,0.27632,168,27,0
1764208800,0.27636,0.27677,0.27583,0.27661,338,26,0
1764212400,0.27661,0.27693,0.27597,0.27656,279,26,0
1764216000,0.27657,0.27691,0.27614,0.27635,347,27,0
1764219600,0.27633,0.27671,0.27628,0.27646,203,27,0
1764223200,0.27650,0.27691,0.27643,0.27648,205,26,0
1764226800,0.27648,0.27652,0.27566,0.27585,239,26,0
1764230400,0.27589,0.27652,0.27588,0.27648,108,26,0
1764234000,0.27648,0.27662,0.27637,0.27656,174,26,0
1764237600,0.27656,0.27661,0.27615,0.27634,107,26,0
1764241200,0.27634,0.27671,0.27608,0.27642,178,26,0
1764244800,0.27644,0.27713,0.27627,0.27711,181,26,0
1764248400,0.27712,0.27771,0.27711,0.27765,159,26,0
1764252000,0.27766,0.27793,0.27714,0.27754,228,26,0
1764255600,0.27753,0.27771,0.27698,0.27737,217,26,0
1764259200,0.27738,0.27781,0.27730,0.27777,149,26,0
1764262800,0.27778,0.27821,0.27748,0.27821,193,26,0
1764266400,0.27821,0.27934,0.27813,0.27906,256,26,0
1764270000,0.27906,0.27962,0.27898,0.27949,160,26,0
1764273600,0.27949,0.28016,0.27900,0.27930,300,26,0
1764277200,0.27924,0.27952,0.27908,0.27947,174,26,0
1764280800,0.27952,0.28014,0.27951,0.27996,183,26,0
1764284400,0.28001,0.28026,0.27983,0.28011,179,26,0
1764288000,0.28010,0.28021,0.27898,0.27971,205,26,0
1764291600,0.27971,0.28016,0.27952,0.28009,172,26,0
1764295200,0.28011,0.28032,0.27960,0.27986,241,26,0
1764298800,0.27980,0.28002,0.27942,0.27960,288,26,0
1764302400,0.27963,0.27996,0.27950,0.27994,285,27,0
1764306000,0.27992,0.28004,0.27967,0.27986,252,26,0
1764309600,0.27984,0.28001,0.27949,0.27992,185,26,0
1764313200,0.27980,0.28170,0.27978,0.28132,371,27,0
1764316800,0.28135,0.28159,0.28019,0.28084,268,26,0
1764320400,0.28084,0.28091,0.27969,0.27982,291,26,0
1764324000,0.27983,0.28046,0.27938,0.28025,383,27,0
1764327600,0.28030,0.28061,0.27984,0.28037,287,27,0
1764331200,0.28029,0.28073,0.28027,0.28070,166,26,0
1764334800,0.28075,0.28075,0.27988,0.28018,258,26,0
1764338400,0.28019,0.28041,0.27978,0.27992,157,26,0
1764342000,0.27991,0.28046,0.27967,0.27989,346,27,0
1764345600,0.27989,0.28025,0.27953,0.28014,385,27,0
1764349200,0.28015,0.28015,0.27967,0.28005,263,27,0
1764352800,0.28011,0.28065,0.27959,0.28035,369,27,0
1764356400,0.28034,0.28053,0.28011,0.28047,396,27,0
1764360000,0.28047,0.28059,0.27989,0.28045,306,27,0
1764363600,0.28045,0.28113,0.28035,0.28107,270,27,0
1764367200,0.28105,0.28171,0.28094,0.28170,264,26,0
1764370800,0.28172,0.28202,0.28081,0.28109,329,26,0
1764439200,0.28127,0.28129,0.28125,0.28127,10,27,0
1764468000,0.28076,0.28082,0.28000,0.28007,191,26,0
1764471600,0.28010,0.28064,0.27993,0.28028,180,26,0
1764475200,0.28028,0.28042,0.27988,0.28004,144,26,0
1764478800,0.28004,0.28022,0.27930,0.27981,204,27,0
1764482400,0.27961,0.27982,0.27911,0.27977,151,27,0
1764486000,0.27977,0.27982,0.27942,0.27975,199,26,0
1764489600,0.27975,0.27992,0.27953,0.27956,128,26,0
1764493200,0.27956,0.28021,0.27956,0.28021,139,26,0
1764496800,0.28020,0.28181,0.28013,0.28075,600,27,0
1764500400,0.28079,0.28086,0.28015,0.28045,240,27,0
1764504000,0.28046,0.28061,0.28000,0.28041,161,26,0
1764507600,0.28041,0.28091,0.28036,0.28084,205,27,0
1764511200,0.28084,0.28103,0.28068,0.28091,237,26,0
1764514800,0.28090,0.28173,0.28080,0.28168,238,26,0
1764518400,0.28171,0.28261,0.28133,0.28242,259,26,0
1764522000,0.28242,0.28265,0.28169,0.28207,195,27,0
1764525600,0.28210,0.28231,0.28166,0.28222,260,27,0
1764529200,0.28222,0.28251,0.28207,0.28238,170,27,0
1764532800,0.28238,0.28314,0.28146,0.28232,255,26,0
1764536400,0.28232,0.28241,0.28190,0.28219,212,26,0
1764540000,0.28219,0.28241,0.28179,0.28214,169,26,0
1764543600,0.28214,0.28214,0.28152,0.28190,242,27,0
1764547200,0.28192,0.28222,0.28162,0.28201,172,26,0
1764550800,0.28194,0.28197,0.28107,0.28109,349,27,0
1764554400,0.28104,0.28143,0.27698,0.27702,1630,27,0
1764558000,0.27702,0.27798,0.27688,0.27784,755,27,0
1764561600,0.27784,0.27845,0.27688,0.27769,607,27,0
1764565200,0.27769,0.27791,0.27660,0.27683,590,26,0
1764568800,0.27682,0.27784,0.27592,0.27666,581,27,0
1764572400,0.27664,0.27761,0.27657,0.27751,464,27,0
1764576000,0.27752,0.27856,0.27729,0.27827,293,27,0
1764579600,0.27826,0.27835,0.27606,0.27617,417,27,0
1764583200,0.27617,0.27634,0.27555,0.27596,367,27,0
1764586800,0.27592,0.27746,0.27590,0.27728,365,27,0
1764590400,0.27730,0.27790,0.27698,0.27712,246,26,0
1764594000,0.27712,0.27742,0.27686,0.27726,185,26,0
1764597600,0.27727,0.27784,0.27611,0.27680,351,26,0
1764601200,0.27686,0.27789,0.27664,0.27708,412,27,0
1764604800,0.27708,0.27846,0.27690,0.27824,451,26,0
1764608400,0.27826,0.27840,0.27632,0.27787,1147,27,0
1764612000,0.27790,0.27885,0.27764,0.27833,670,27,0
1764615600,0.27835,0.27879,0.27731,0.27731,487,27,0
1764619200,0.27730,0.27738,0.27566,0.27628,565,27,0
1764622800,0.27628,0.27635,0.27510,0.27556,362,27,0
1764626400,0.27548,0.27710,0.27548,0.27697,611,27,0
1764630000,0.27700,0.27785,0.27696,0.27784,399,26,0
1764633600,0.27787,0.27813,0.27750,0.27774,292,26,0
1764637200,0.27776,0.27796,0.27643,0.27649,271,27,0
1764640800,0.27647,0.27682,0.27619,0.27677,292,27,0
1764644400,0.27675,0.27782,0.27666,0.27709,417,26,0
1764648000,0.27709,0.27728,0.27676,0.27709,211,26,0
1764651600,0.27717,0.27717,0.27667,0.27690,155,26,0
1764655200,0.27686,0.27697,0.27640,0.27652,252,26,0
1764658800,0.27652,0.27707,0.27634,0.27683,177,26,0
1764662400,0.27680,0.27721,0.27655,0.27699,137,27,0
1764666000,0.27701,0.27711,0.27635,0.27696,174,27,0
1764669600,0.27698,0.27788,0.27630,0.27635,554,27,0
1764673200,0.27637,0.27701,0.27631,0.27692,267,26,0
1764676800,0.27694,0.27828,0.27677,0.27809,306,26,0
1764680400,0.27797,0.27811,0.27737,0.27738,295,27,0
1764684000,0.27737,0.27755,0.27711,0.27750,287,26,0
1764687600,0.27749,0.27810,0.27730,0.27789,437,26,0
1764691200,0.27794,0.27979,0.27794,0.27937,1184,27,0
1764694800,0.27935,0.28215,0.27932,0.28215,1660,27,0
1764698400,0.28213,0.28287,0.28143,0.28181,1165,27,0
1764702000,0.28178,0.28243,0.28156,0.28202,632,27,0
1764705600,0.28194,0.28301,0.28194,0.28263,495,26,0
1764709200,0.28263,0.28278,0.28135,0.28166,412,27,0
1764712800,0.28168,0.28193,0.28060,0.28153,602,27,0
1764716400,0.28155,0.28166,0.28093,0.28105,347,27,0
1764720000,0.28109,0.28130,0.28056,0.28084,337,26,0
1764723600,0.28083,0.28101,0.28044,0.28066,271,27,0
1764727200,0.28071,0.28088,0.28026,0.28075,380,26,0
1764730800,0.28080,0.28103,0.28025,0.28071,377,26,0
1764734400,0.28072,0.28133,0.27982,0.28004,544,27,0
1764738000,0.28003,0.28041,0.27958,0.27966,419,26,0
1764741600,0.27959,0.28018,0.27934,0.27995,521,27,0
1764745200,0.27992,0.28060,0.27968,0.28038,512,26,0
1764748800,0.28039,0.28092,0.27947,0.27986,468,27,0
1764752400,0.27985,0.28035,0.27893,0.27983,327,27,0
1764756000,0.27980,0.28010,0.27967,0.27985,288,27,0
1764759600,0.27986,0.28004,0.27914,0.27919,453,27,0
1764763200,0.27912,0.27915,0.27844,0.27899,297,26,0
1764766800,0.27899,0.28019,0.27866,0.28001,361,26,0
1764770400,0.28000,0.28046,0.27958,0.27991,411,27,0
1764774000,0.27979,0.28026,0.27957,0.27974,391,27,0
1764777600,0.27968,0.27968,0.27765,0.27848,1002,27,0
1764781200,0.27820,0.27927,0.27801,0.27905,656,27,0
1764784800,0.27916,0.27920,0.27832,0.27841,404,27,0
1764788400,0.27837,0.27893,0.27834,0.27843,343,27,0
1764792000,0.27845,0.27891,0.27839,0.27862,365,27,0
1764795600,0.27861,0.27922,0.27841,0.27876,200,26,0
1764799200,0.27875,0.27968,0.27875,0.27947,300,27,0
1764802800,0.27943,0.28030,0.27929,0.28010,366,26,0
1764806400,0.28014,0.28068,0.27966,0.28041,422,27,0
1764810000,0.28045,0.28083,0.28006,0.28009,362,26,0
1764813600,0.28015,0.28035,0.27946,0.27972,365,27,0
1764817200,0.27969,0.28015,0.27930,0.27950,352,27,0
1764820800,0.27952,0.27986,0.27937,0.27959,251,27,0
1764824400,0.27959,0.28021,0.27934,0.27962,421,26,0
1764828000,0.27968,0.28023,0.27956,0.27983,402,26,0
1764831600,0.27980,0.27995,0.27937,0.27964,307,26,0
1764835200,0.27964,0.27975,0.27906,0.27920,259,26,0
1764838800,0.27915,0.27971,0.27893,0.27958,247,26,0
1764842400,0.27953,0.28010,0.27937,0.27977,210,26,0
1764846000,0.27976,0.28047,0.27971,0.28004,259,27,0
1764849600,0.28012,0.28041,0.28002,0.28031,202,26,0
1764853200,0.28031,0.28071,0.28021,0.28065,209,26,0
1764856800,0.28065,0.28157,0.28062,0.28088,287,27,0
1764860400,0.28088,0.28233,0.28088,0.28181,389,26,0
1764864000,0.28177,0.28236,0.28120,0.28131,343,26,0
1764867600,0.28129,0.28256,0.28129,0.28251,312,27,0
1764871200,0.28253,0.28355,0.28240,0.28339,318,27,0
1764874800,0.28339,0.28382,0.28234,0.28299,285,27,0
1764878400,0.28295,0.28332,0.28277,0.28295,203,26,0
1764882000,0.28298,0.28346,0.28141,0.28324,463,27,0
1764885600,0.28324,0.28494,0.28316,0.28487,339,26,0
1764889200,0.28487,0.28549,0.28436,0.28470,297,26,0
1764892800,0.28476,0.28530,0.28476,0.28521,117,26,0
1764896400,0.28526,0.28609,0.28520,0.28601,173,26,0
1764900000,0.28605,0.28685,0.28592,0.28621,323,26,0
1764903600,0.28617,0.28660,0.28607,0.28636,234,26,0
1764907200,0.28641,0.28696,0.28571,0.28691,297,27,0
1764910800,0.28692,0.28782,0.28691,0.28751,270,26,0
1764914400,0.28748,0.28778,0.28607,0.28649,384,27,0
1764918000,0.28643,0.28655,0.28531,0.28559,263,27,0
1764921600,0.28551,0.28647,0.28539,0.28637,252,27,0
1764925200,0.28639,0.28657,0.28612,0.28649,184,26,0
1764928800,0.28650,0.28676,0.28622,0.28637,226,26,0
1764932400,0.28639,0.28650,0.28402,0.28445,725,27,0
1764936000,0.28441,0.28566,0.28438,0.28551,357,27,0
1764939600,0.28550,0.28567,0.28494,0.28518,353,27,0
1764943200,0.28514,0.28572,0.28499,0.28534,260,27,0
1764946800,0.28534,0.28535,0.28359,0.28393,611,27,0
1764950400,0.28390,0.28483,0.28359,0.28436,575,26,0
1764954000,0.28442,0.28667,0.28436,0.28613,976,27,0
1764957600,0.28614,0.28627,0.28343,0.28422,1528,27,0
1764961200,0.28424,0.28518,0.28406,0.28514,652,27,0
1764964800,0.28513,0.28595,0.28500,0.28550,603,27,0
1764968400,0.28555,0.28623,0.28506,0.28606,504,27,0
1764972000,0.28608,0.28620,0.28588,0.28613,185,27,0
1764975600,0.28618,0.28623,0.28494,0.28516,262,26,0
1764986400,0.28533,0.28583,0.28521,0.28583,119,27,0
1764990000,0.28581,0.28605,0.28570,0.28575,154,26,0
1764993600,0.28575,0.28591,0.28549,0.28591,131,26,0
1764997200,0.28591,0.28623,0.28591,0.28621,123,26,0
1765000800,0.28623,0.28702,0.28622,0.28676,203,27,0
1765004400,0.28680,0.28734,0.28653,0.28732,161,26,0
1765008000,0.28732,0.28846,0.28716,0.28820,228,26,0
1765011600,0.28821,0.28842,0.28792,0.28842,160,26,0
1765015200,0.28842,0.28843,0.28713,0.28773,246,27,0
1765018800,0.28773,0.28908,0.28770,0.28877,302,26,0
1765022400,0.28875,0.28932,0.28855,0.28931,227,27,0
1765026000,0.28931,0.28971,0.28917,0.28937,212,26,0
1765029600,0.28942,0.28991,0.28934,0.28960,180,26,0
1765033200,0.28963,0.29015,0.28908,0.28923,247,27,0
1765036800,0.28917,0.28982,0.28917,0.28943,245,26,0
1765040400,0.28947,0.29009,0.28947,0.29002,221,26,0
1765044000,0.29003,0.29007,0.28691,0.28710,488,27,0
1765047600,0.28709,0.28732,0.28626,0.28626,324,27,0
1765051200,0.28623,0.28682,0.28603,0.28671,254,27,0
1765054800,0.28663,0.28692,0.28597,0.28681,231,26,0
1765058400,0.28681,0.28702,0.28677,0.28690,139,26,0
1765062000,0.28687,0.28732,0.28666,0.28724,165,27,0
1765065600,0.28722,0.28742,0.28701,0.28731,167,26,0
1765069200,0.28731,0.28751,0.28681,0.28681,227,26,0
1765072800,0.28681,0.28681,0.28620,0.28654,257,26,0
1765076400,0.28650,0.28655,0.28617,0.28644,129,27,0
1765080000,0.28694,0.28733,0.28670,0.28726,171,26,0
1765083600,0.28723,0.28723,0.28678,0.28691,188,26,0
1765087200,0.28688,0.28692,0.28635,0.28637,154,26,0
1765090800,0.28637,0.28671,0.28575,0.28575,190,26,0
1765094400,0.28576,0.28581,0.28502,0.28531,183,26,0
1765098000,0.28531,0.28580,0.28423,0.28578,295,26,0
1765101600,0.28579,0.28586,0.28508,0.28521,219,27,0
1765105200,0.28516,0.28530,0.28403,0.28421,303,26,0
1765108800,0.28421,0.28452,0.28379,0.28424,150,26,0
1765112400,0.28422,0.28471,0.28422,0.28441,187,26,0
1765116000,0.28440,0.28492,0.28417,0.28450,151,26,0
1765119600,0.28449,0.28477,0.28435,0.28469,261,26,0
1765123200,0.28481,0.28518,0.28366,0.28388,557,27,0
1765126800,0.28376,0.28490,0.28376,0.28456,492,26,0
1765130400,0.28458,0.28532,0.28411,0.28531,368,26,0
1765134000,0.28536,0.28638,0.28511,0.28634,496,27,0
1765137600,0.28638,0.28674,0.28610,0.28671,165,26,0
1765141200,0.28674,0.28754,0.28656,0.28730,146,26,0
1765144800,0.28730,0.28743,0.28684,0.28705,125,26,0
1765148400,0.28708,0.28751,0.28602,0.28637,280,26,0
1765152000,0.28635,0.28637,0.28527,0.28599,355,26,0
1765155600,0.28596,0.28662,0.28584,0.28646,175,26,0
1765159200,0.28648,0.28712,0.28648,0.28706,156,26,0
1765162800,0.28706,0.28752,0.28699,0.28746,222,26,0
1765166400,0.28744,0.28781,0.28713,0.28745,182,26,0
1765170000,0.28745,0.28759,0.28668,0.28682,155,26,0
1765173600,0.28681,0.28697,0.28624,0.28679,192,26,0
1765177200,0.28679,0.28679,0.28615,0.28615,155,27,0
1765180800,0.28628,0.28691,0.28579,0.28670,187,26,0
1765184400,0.28670,0.28691,0.28650,0.28667,165,26,0
1765188000,0.28667,0.28721,0.28654,0.28669,161,26,0
1765191600,0.28671,0.28691,0.28608,0.28632,241,26,0
1765195200,0.28631,0.28653,0.28611,0.28630,136,26,0
1765198800,0.28641,0.28641,0.28580,0.28593,147,26,0
1765202400,0.28593,0.28601,0.28515,0.28515,228,26,0
1765206000,0.28515,0.28564,0.28507,0.28533,238,26,0
1765209600,0.28533,0.28542,0.28424,0.28434,331,26,0
1765213200,0.28440,0.28455,0.28408,0.28409,337,26,0
1765216800,0.28401,0.28401,0.28256,0.28280,370,27,0
1765220400,0.28279,0.28370,0.28249,0.28363,212,27,0
1765224000,0.28364,0.28371,0.28313,0.28334,208,27,0
1765227600,0.28332,0.28362,0.28308,0.28315,150,26,0
1765231200,0.28313,0.28313,0.28260,0.28267,124,26,0
1765234800,0.28263,0.28311,0.28251,0.28283,152,26,0
1765238400,0.28279,0.28279,0.28234,0.28235,153,26,0
1765242000,0.28234,0.28243,0.28101,0.28103,246,26,0
1765245600,0.28096,0.28112,0.27974,0.28021,280,26,0
1765249200,0.28015,0.28088,0.28013,0.28044,265,27,0
1765252800,0.28046,0.28075,0.28039,0.28053,189,26,0
1765256400,0.28042,0.28081,0.27992,0.27998,219,27,0
1765260000,0.28004,0.28148,0.28004,0.28086,316,26,0
1765263600,0.28087,0.28111,0.28065,0.28091,171,26,0
1765267200,0.28094,0.28096,0.28023,0.28072,185,26,0
1765270800,0.28074,0.28114,0.28068,0.28094,143,26,0
1765274400,0.28105,0.28114,0.28071,0.28074,158,26,0
1765278000,0.28092,0.28102,0.28053,0.28063,156,27,0
1765281600,0.28072,0.28072,0.28028,0.28061,118,26,0
1765285200,0.28061,0.28071,0.28025,0.28039,133,26,0
1765288800,0.28039,0.28088,0.28017,0.28044,162,26,0
1765292400,0.28046,0.28091,0.28023,0.28060,181,26,0
1765296000,0.28060,0.28072,0.28000,0.28031,261,26,0
1765299600,0.28031,0.28082,0.27948,0.27997,597,27,0
1765303200,0.27996,0.28226,0.27987,0.28165,848,27,0
1765306800,0.28165,0.28240,0.28145,0.28172,426,27,0
1765310400,0.28175,0.28181,0.28134,0.28171,202,26,0
1765314000,0.28171,0.28291,0.28137,0.28256,254,27,0
1765317600,0.28260,0.28312,0.28255,0.28311,226,26,0
1765321200,0.28311,0.28331,0.28174,0.28217,281,26,0
1765324800,0.28221,0.28302,0.28214,0.28247,200,26,0
1765328400,0.28247,0.28281,0.28185,0.28211,187,26,0
1765332000,0.28211,0.28277,0.28181,0.28199,283,27,0
1765335600,0.28204,0.28241,0.28199,0.28223,178,26,0
1765339200,0.28216,0.28222,0.28193,0.28219,122,27,0
1765342800,0.28220,0.28241,0.28182,0.28188,142,26,0
1765346400,0.28186,0.28191,0.28013,0.28015,246,26,0
1765350000,0.28016,0.28053,0.27932,0.27932,294,27,0
1765353600,0.27935,0.27989,0.27921,0.27960,221,27,0
1765357200,0.27962,0.28028,0.27945,0.28026,157,26,0
1765360800,0.28019,0.28020,0.27947,0.27961,139,26,0
1765364400,0.27961,0.27982,0.27926,0.27971,168,26,0
1765368000,0.27965,0.27972,0.27867,0.27891,247,27,0
1765371600,0.27895,0.27922,0.27863,0.27880,214,27,0
1765375200,0.27880,0.27891,0.27834,0.27863,190,26,0
1765378800,0.27865,0.27892,0.27771,0.27784,202,26,0
1765382400,0.27788,0.27789,0.27657,0.27747,414,26,0
1765386000,0.27745,0.27806,0.27734,0.27795,256,26,0
1765389600,0.27797,0.27797,0.27692,0.27710,216,26,0
1765393200,0.27708,0.27721,0.27661,0.27676,205,26,0
1765396800,0.27672,0.27815,0.27660,0.27764,409,27,0
1765400400,0.27756,0.27887,0.27700,0.27823,978,27,0
1765404000,0.27825,0.28004,0.27806,0.27967,798,27,0
1765407600,0.27972,0.28041,0.27948,0.28019,407,27,0
1765411200,0.28021,0.28045,0.27942,0.27966,307,26,0
1765414800,0.27962,0.28002,0.27947,0.27976,214,26,0
1765418400,0.27980,0.28024,0.27907,0.27920,365,27,0
1765422000,0.27916,0.27933,0.27823,0.27838,385,27,0
1765425600,0.27836,0.27871,0.27797,0.27812,447,27,0
1765429200,0.27824,0.27851,0.27769,0.27818,504,26,0
1765432800,0.27826,0.27941,0.27815,0.27914,347,26,0
1765436400,0.27912,0.27951,0.27882,0.27936,236,26,0
1765440000,0.27936,0.27962,0.27890,0.27910,176,26,0
1765443600,0.27906,0.27906,0.27847,0.27869,192,26,0
1765447200,0.27860,0.27896,0.27833,0.27882,200,26,0
1765450800,0.27882,0.28034,0.27876,0.28033,307,27,0
1765454400,0.28035,0.28063,0.28009,0.28047,186,26,0
1765458000,0.28048,0.28061,0.27952,0.27958,195,26,0
1765461600,0.27959,0.28031,0.27959,0.28031,132,26,0
1765465200,0.28031,0.28097,0.28005,0.28073,352,27,0
1765468800,0.28077,0.28140,0.28046,0.28070,526,27,0
1765472400,0.28071,0.28124,0.28023,0.28067,428,27,0
1765476000,0.28069,0.28168,0.28051,0.28069,311,27,0
1765479600,0.28069,0.28091,0.28024,0.28039,251,26,0
1765483200,0.28031,0.28032,0.27910,0.27971,585,27,0
1765486800,0.27972,0.28001,0.27941,0.27987,259,26,0
1765490400,0.27985,0.28062,0.27984,0.28048,271,27,0
1765494000,0.28045,0.28104,0.28020,0.28062,406,27,0
1765497600,0.28061,0.28071,0.28001,0.28051,329,26,0
1765501200,0.28051,0.28062,0.28009,0.28023,164,26,0
1765504800,0.28023,0.28062,0.27929,0.27930,213,27,0
1765508400,0.27937,0.28022,0.27933,0.28021,240,26,0
1765512000,0.28014,0.28031,0.27969,0.27975,178,26,0
1765515600,0.27978,0.28011,0.27941,0.27971,133,26,0
1765519200,0.27965,0.27981,0.27931,0.27943,145,26,0
1765522800,0.27943,0.27971,0.27906,0.27915,212,26,0
1765526400,0.27912,0.27952,0.27906,0.27937,189,26,0
1765530000,0.27937,0.27961,0.27827,0.27855,291,26,0
1765533600,0.27855,0.27864,0.27733,0.27750,324,27,0
1765537200,0.27750,0.27771,0.27664,0.27720,240,27,0
1765540800,0.27716,0.27747,0.27695,0.27696,177,26,0
1765544400,0.27696,0.27746,0.27664,0.27736,174,27,0
1765548000,0.27736,0.27736,0.27677,0.27712,186,26,0
1765551600,0.27714,0.27737,0.27680,0.27711,238,26,0
1765555200,0.27711,0.27721,0.27648,0.27683,243,26,0
1765558800,0.27681,0.27681,0.27415,0.27441,924,26,0
1765562400,0.27443,0.27517,0.27397,0.27487,876,27,0
1765566000,0.27487,0.27503,0.27411,0.27425,297,27,0
1765569600,0.27424,0.27472,0.27384,0.27436,310,26,0
1765573200,0.27433,0.27511,0.27433,0.27506,355,27,0
1765576800,0.27505,0.27512,0.27442,0.27463,215,27,0
1765580400,0.27459,0.27482,0.27416,0.27421,193,26,0
1765591200,0.27342,0.27394,0.27306,0.27368,360,26,0
1765594800,0.27368,0.27412,0.27356,0.27391,159,26,0
1765598400,0.27383,0.27480,0.27365,0.27451,206,26,0
1765602000,0.27443,0.27471,0.27356,0.27366,261,26,0
1765605600,0.27366,0.27422,0.27355,0.27363,255,27,0
1765609200,0.27368,0.27401,0.27344,0.27401,162,27,0
1765612800,0.27401,0.27401,0.27332,0.27354,163,26,0
1765616400,0.27354,0.27371,0.27288,0.27322,169,26,0
1765620000,0.27310,0.27311,0.27252,0.27266,263,27,0
1765623600,0.27266,0.27321,0.27259,0.27288,155,26,0
1765627200,0.27288,0.27311,0.27219,0.27227,198,26,0
1765630800,0.27226,0.27271,0.27207,0.27221,166,26,0
1765634400,0.27206,0.27222,0.27152,0.27202,199,26,0
1765638000,0.27190,0.27221,0.27164,0.27201,173,26,0
1765641600,0.27201,0.27261,0.27177,0.27241,220,26,0
1765645200,0.27241,0.27242,0.27166,0.27172,190,26,0
1765648800,0.27169,0.27202,0.27145,0.27167,197,27,0
1765652400,0.27168,0.27172,0.27130,0.27135,181,27,0
1765656000,0.27136,0.27161,0.27115,0.27139,152,26,0
1765659600,0.27139,0.27172,0.27135,0.27160,157,26,0
1765663200,0.27160,0.27171,0.27117,0.27131,145,27,0
1765666800,0.27130,0.27130,0.27056,0.27079,194,26,0
1765670400,0.27101,0.27101,0.27067,0.27070,122,26,0
1765674000,0.27069,0.27093,0.27047,0.27083,146,26,0
1765677600,0.27078,0.27207,0.27024,0.27183,343,26,0
1765681200,0.27183,0.27249,0.27182,0.27249,105,27,0
1765684800,0.27324,0.27361,0.27298,0.27346,202,26,0
1765688400,0.27354,0.27387,0.27345,0.27372,165,26,0
1765692000,0.27372,0.27442,0.27337,0.27345,270,27,0
1765695600,0.27340,0.27390,0.27320,0.27347,167,26,0
1765699200,0.27354,0.27421,0.27346,0.27413,174,26,0
1765702800,0.27411,0.27452,0.27361,0.27451,175,26,0
1765706400,0.27445,0.27461,0.27423,0.27433,157,26,0
1765710000,0.27429,0.27522,0.27429,0.27459,201,26,0
1765713600,0.27464,0.27542,0.27462,0.27525,192,26,0
1765717200,0.27525,0.27551,0.27379,0.27424,457,27,0
1765720800,0.27420,0.27541,0.27388,0.27514,356,26,0
1765724400,0.27517,0.27541,0.27489,0.27521,268,26,0
1765728000,0.27520,0.27569,0.27456,0.27486,273,26,0
1765731600,0.27493,0.27564,0.27478,0.27546,260,26,0
1765735200,0.27549,0.27641,0.27542,0.27633,304,26,0
1765738800,0.27633,0.27653,0.27562,0.27594,277,26,0
1765742400,0.27597,0.27670,0.27591,0.27659,194,26,0
1765746000,0.27672,0.27707,0.27633,0.27658,222,26,0
1765749600,0.27659,0.27722,0.27614,0.27715,327,26,0
1765753200,0.27714,0.27721,0.27659,0.27681,228,26,0
1765756800,0.27681,0.27722,0.27621,0.27667,332,26,0
1765760400,0.27667,0.27708,0.27583,0.27708,391,27,0
1765764000,0.27709,0.27816,0.27707,0.27805,496,26,0
1765767600,0.27810,0.27960,0.27810,0.27960,440,26,0
1765771200,0.27962,0.28072,0.27954,0.28071,423,27,0
1765774800,0.28073,0.28259,0.28045,0.28166,705,27,0
1765778400,0.28165,0.28223,0.28006,0.28061,474,27,0
1765782000,0.28056,0.28092,0.28014,0.28080,223,26,0
1765785600,0.28084,0.28131,0.28067,0.28112,190,26,0
1765789200,0.28116,0.28142,0.28087,0.28107,214,27,0
1765792800,0.28107,0.28109,0.27990,0.28017,281,26,0
1765796400,0.28021,0.28122,0.27997,0.28112,200,26,0
1765800000,0.28115,0.28175,0.28095,0.28160,295,27,0
1765803600,0.28160,0.28172,0.28123,0.28164,203,27,0
1765807200,0.28165,0.28190,0.28113,0.28190,213,26,0
1765810800,0.28190,0.28201,0.28113,0.28145,307,27,0
1765814400,0.28144,0.28209,0.28053,0.28084,679,27,0
1765818000,0.28084,0.28084,0.27891,0.28034,1272,27,0
1765821600,0.28034,0.28094,0.27927,0.27944,738,27,0
1765825200,0.27944,0.27961,0.27848,0.27850,618,27,0
1765828800,0.27851,0.27910,0.27777,0.27792,622,27,0
1765832400,0.27785,0.27865,0.27744,0.27855,593,27,0
1765836000,0.27857,0.27874,0.27735,0.27737,442,27,0
1765839600,0.27735,0.27826,0.27716,0.27815,252,26,0
1765843200,0.27814,0.27832,0.27782,0.27813,276,27,0
1765846800,0.27813,0.27860,0.27767,0.27797,374,27,0
1765850400,0.27802,0.27908,0.27799,0.27829,388,27,0
1765854000,0.27827,0.27861,0.27797,0.27813,241,26,0
1765857600,0.27812,0.27851,0.27764,0.27770,239,26,0
1765861200,0.27772,0.27784,0.27726,0.27775,249,27,0
1765864800,0.27791,0.27841,0.27782,0.27841,254,26,0
1765868400,0.27841,0.27888,0.27836,0.27883,194,26,0
1765872000,0.27892,0.27921,0.27880,0.27918,161,26,0
1765875600,0.27918,0.27919,0.27786,0.27831,290,26,0
1765879200,0.27825,0.27899,0.27805,0.27888,317,26,0
1765882800,0.27888,0.27943,0.27872,0.27923,235,27,0
1765886400,0.27921,0.27975,0.27878,0.27918,322,26,0
1765890000,0.27915,0.27967,0.27881,0.27961,208,27,0
1765893600,0.27960,0.27998,0.27950,0.27978,293,26,0
1765897200,0.27981,0.28002,0.27888,0.27933,607,26,0
1765900800,0.27930,0.28056,0.27903,0.28018,645,27,0
1765904400,0.28022,0.28127,0.27956,0.28114,577,27,0
1765908000,0.28118,0.28179,0.28062,0.28078,386,27,0
1765911600,0.28078,0.28102,0.28027,0.28051,310,27,0
1765915200,0.28051,0.28071,0.28008,0.28023,261,27,0
1765918800,0.28022,0.28072,0.27973,0.28063,241,26,0
1765922400,0.28062,0.28072,0.27988,0.27990,224,26,0
1765926000,0.28011,0.28042,0.27989,0.28027,185,26,0
1765929600,0.28029,0.28041,0.27962,0.28020,178,26,0
1765933200,0.28020,0.28052,0.27990,0.27994,214,26,0
1765936800,0.28002,0.28002,0.27912,0.27919,206,26,0
1765940400,0.27919,0.28022,0.27913,0.28016,216,26,0
1765944000,0.28013,0.28061,0.27977,0.28057,211,26,0
1765947600,0.28058,0.28062,0.28028,0.28034,145,26,0
1765951200,0.28034,0.28042,0.27912,0.27921,236,27,0
1765954800,0.27921,0.28013,0.27907,0.28001,289,26,0
1765958400,0.28001,0.28013,0.27944,0.27969,230,26,0
1765962000,0.27971,0.28017,0.27868,0.27896,321,27,0
1765965600,0.27894,0.27911,0.27849,0.27892,247,26,0
1765969200,0.27891,0.27921,0.27873,0.27887,176,26,0
1765972800,0.27887,0.27913,0.27861,0.27892,150,26,0
1765976400,0.27893,0.27931,0.27891,0.27922,129,26,0
1765980000,0.27922,0.27943,0.27880,0.27943,215,26,0
1765983600,0.27943,0.28021,0.27925,0.27992,297,27,0
1765987200,0.27995,0.28119,0.27938,0.28091,556,26,0
1765990800,0.28091,0.28194,0.27941,0.27956,1354,27,0
1765994400,0.27954,0.28006,0.27790,0.27964,1074,27,0
1765998000,0.27964,0.27997,0.27912,0.27941,755,27,0
1766001600,0.27944,0.27959,0.27866,0.27884,409,27,0
1766005200,0.27883,0.27921,0.27865,0.27897,326,26,0
1766008800,0.27898,0.27922,0.27858,0.27897,208,26,0
1766012400,0.27901,0.27931,0.27861,0.27875,213,26,0
1766016000,0.27882,0.27959,0.27866,0.27931,222,26,0
1766019600,0.27924,0.27942,0.27878,0.27933,182,26,0
1766023200,0.27927,0.27941,0.27889,0.27921,180,26,0
1766026800,0.27914,0.27921,0.27865,0.27892,185,26,0
1766030400,0.27892,0.27921,0.27875,0.27900,148,26,0
1766034000,0.27900,0.27912,0.27827,0.27827,144,26,0
1766037600,0.27840,0.27872,0.27724,0.27724,229,26,0
1766041200,0.27724,0.27752,0.27696,0.27729,176,26,0
1766044800,0.27734,0.27741,0.27662,0.27683,160,27,0
1766048400,0.27681,0.27721,0.27676,0.27703,168,26,0
1766052000,0.27700,0.27711,0.27676,0.27683,174,26,0
1766055600,0.27683,0.27736,0.27681,0.27701,210,26,0
1766059200,0.27701,0.27751,0.27698,0.27733,143,26,0
1766062800,0.27733,0.27847,0.27711,0.27830,212,26,0
1766066400,0.27835,0.27907,0.27823,0.27872,295,26,0
1766070000,0.27872,0.27979,0.27848,0.27935,650,27,0
1766073600,0.27937,0.28085,0.27937,0.28071,944,27,0
1766077200,0.28077,0.28167,0.28031,0.28048,741,27,0
1766080800,0.28048,0.28183,0.28048,0.28126,465,26,0
1766084400,0.28128,0.28132,0.27854,0.27979,1385,27,0
1766088000,0.27978,0.28035,0.27917,0.27969,376,26,0
1766091600,0.27971,0.27978,0.27833,0.27854,812,27,0
1766095200,0.27849,0.27911,0.27840,0.27884,421,26,0
1766098800,0.27876,0.27937,0.27865,0.27885,387,27,0
1766102400,0.27886,0.27923,0.27873,0.27892,257,26,0
1766106000,0.27891,0.27942,0.27884,0.27902,205,26,0
1766109600,0.27900,0.27921,0.27813,0.27843,267,26,0
1766113200,0.27838,0.27853,0.27789,0.27814,210,26,0
1766116800,0.27817,0.27832,0.27775,0.27784,274,26,0
1766120400,0.27785,0.27969,0.27778,0.27855,898,27,0
1766124000,0.27855,0.27919,0.27854,0.27917,268,27,0
1766127600,0.27920,0.27931,0.27796,0.27816,314,26,0
1766131200,0.27815,0.27869,0.27806,0.27854,230,26,0
1766134800,0.27860,0.27953,0.27843,0.27941,454,26,0
1766138400,0.27937,0.27947,0.27874,0.27923,309,26,0
1766142000,0.27922,0.27991,0.27917,0.27944,271,26,0
1766145600,0.27952,0.27956,0.27911,0.27951,204,26,0
1766149200,0.27951,0.27951,0.27817,0.27843,291,27,0
1766152800,0.27843,0.27861,0.27799,0.27842,264,26,0
1766156400,0.27844,0.27852,0.27777,0.27798,232,27,0
1766160000,0.27790,0.27913,0.27770,0.27838,840,27,0
1766163600,0.27840,0.27974,0.27793,0.27849,1126,27,0
1766167200,0.27844,0.27912,0.27796,0.27820,488,27,0
1766170800,0.27819,0.27890,0.27795,0.27829,572,27,0
1766174400,0.27829,0.27901,0.27828,0.27897,316,26,0
1766178000,0.27897,0.27969,0.27882,0.27918,302,26,0
1766181600,0.27917,0.27990,0.27916,0.27966,251,27,0
1766185200,0.27967,0.28011,0.27962,0.28007,192,26,0
1766196000,0.27977,0.28021,0.27924,0.28021,244,27,0
1766199600,0.28016,0.28028,0.27957,0.27973,147,26,0
1766203200,0.27973,0.28003,0.27944,0.27946,148,26,0
1766206800,0.27946,0.27992,0.27946,0.27961,193,26,0
1766210400,0.27961,0.27961,0.27910,0.27910,146,26,0
1766214000,0.27911,0.27961,0.27886,0.27961,183,26,0
1766217600,0.27961,0.27972,0.27866,0.27892,190,26,0
1766221200,0.27901,0.27905,0.27860,0.27874,150,26,0
1766224800,0.27870,0.27902,0.27855,0.27867,158,26,0
1766228400,0.27868,0.27884,0.27838,0.27838,193,26,0
1766232000,0.27835,0.27921,0.27823,0.27921,173,26,0
1766235600,0.27921,0.27931,0.27882,0.27923,223,27,0
1766239200,0.27920,0.27941,0.27892,0.27904,167,26,0
1766242800,0.27904,0.27952,0.27865,0.27946,277,26,0
1766246400,0.27946,0.27995,0.27941,0.27988,173,26,0
1766250000,0.27988,0.27988,0.27926,0.27977,206,26,0
1766253600,0.27977,0.28012,0.27965,0.28006,159,26,0
1766257200,0.28001,0.28021,0.27964,0.28011,181,26,0
1766260800,0.28007,0.28021,0.27968,0.27984,188,26,0
1766264400,0.27984,0.28011,0.27972,0.27986,154,26,0
1766268000,0.27986,0.27993,0.27947,0.27993,164,27,0
1766271600,0.27993,0.28021,0.27986,0.28016,129,26,0
1766275200,0.28001,0.28031,0.27967,0.28023,174,26,0
1766278800,0.28031,0.28167,0.28023,0.28167,286,26,0
1766282400,0.28166,0.28212,0.28090,0.28171,351,26,0
1766286000,0.28171,0.28182,0.28155,0.28180,92,27,0
1766289600,0.28184,0.28224,0.28154,0.28221,218,26,0
1766293200,0.28221,0.28302,0.28220,0.28298,205,26,0
1766296800,0.28300,0.28325,0.28298,0.28323,136,26,0
1766300400,0.28322,0.28351,0.28217,0.28251,251,26,0
1766304000,0.28250,0.28282,0.28246,0.28279,173,26,0
1766307600,0.28279,0.28377,0.28240,0.28370,228,27,0
1766311200,0.28372,0.28402,0.28367,0.28398,203,26,0
1766314800,0.28398,0.28457,0.28379,0.28451,222,26,0
1766318400,0.28453,0.28540,0.28451,0.28535,234,26,0
1766322000,0.28535,0.28583,0.28479,0.28557,284,27,0
1766325600,0.28557,0.28563,0.28487,0.28524,290,27,0
1766329200,0.28542,0.28588,0.28490,0.28577,785,27,0
1766332800,0.28576,0.28615,0.28517,0.28564,453,27,0
1766336400,0.28564,0.28654,0.28564,0.28652,276,27,0
1766340000,0.28651,0.28727,0.28651,0.28679,298,26,0
1766343600,0.28679,0.28725,0.28668,0.28725,306,27,0
1766347200,0.28725,0.28758,0.28672,0.28756,256,26,0
1766350800,0.28753,0.28827,0.28751,0.28811,245,26,0
1766354400,0.28807,0.28832,0.28722,0.28781,254,26,0
1766358000,0.28779,0.28838,0.28746,0.28832,252,26,0
1766361600,0.28834,0.28834,0.28759,0.28802,293,26,0
1766365200,0.28806,0.28842,0.28772,0.28806,296,27,0
1766368800,0.28808,0.28830,0.28727,0.28738,606,26,0
1766372400,0.28733,0.28891,0.28732,0.28839,397,26,0
1766376000,0.28839,0.28847,0.28708,0.28821,544,26,0
1766379600,0.28822,0.28841,0.28782,0.28840,262,27,0
1766383200,0.28834,0.28834,0.28642,0.28663,370,27,0
1766386800,0.28668,0.28721,0.28649,0.28716,278,26,0
1766390400,0.28716,0.28721,0.28681,0.28691,235,26,0
1766394000,0.28690,0.28762,0.28690,0.28761,252,27,0
1766397600,0.28758,0.28762,0.28690,0.28732,333,26,0
1766401200,0.28732,0.28791,0.28696,0.28701,323,26,0
1766404800,0.28701,0.28711,0.28498,0.28529,633,27,0
1766408400,0.28526,0.28565,0.28509,0.28534,346,27,0
1766412000,0.28534,0.28555,0.28428,0.28457,692,26,0
1766415600,0.28456,0.28462,0.28313,0.28330,523,26,0
1766419200,0.28330,0.28404,0.28296,0.28318,836,27,0
1766422800,0.28317,0.28411,0.28290,0.28381,676,27,0
1766426400,0.28378,0.28430,0.28315,0.28407,487,27,0
1766430000,0.28408,0.28489,0.28386,0.28458,298,26,0
1766433600,0.28460,0.28521,0.28392,0.28419,400,26,0
1766437200,0.28427,0.28460,0.28395,0.28425,463,27,0
1766440800,0.28422,0.28460,0.28394,0.28397,438,27,0
1766444400,0.28398,0.28430,0.28380,0.28401,291,26,0
1766448000,0.28404,0.28422,0.28361,0.28418,326,26,0
1766451600,0.28419,0.28461,0.28386,0.28408,390,26,0
1766455200,0.28407,0.28435,0.28367,0.28371,359,27,0
1766458800,0.28369,0.28406,0.28326,0.28360,265,26,0
1766462400,0.28367,0.28394,0.28347,0.28388,329,26,0
1766466000,0.28388,0.28412,0.28364,0.28392,267,26,0
1766469600,0.28391,0.28421,0.28361,0.28394,229,26,0
1766473200,0.28392,0.28458,0.28386,0.28430,246,26,0
1766476800,0.28428,0.28455,0.28340,0.28343,430,26,0
1766480400,0.28343,0.28372,0.28319,0.28363,279,26,0
1766484000,0.28362,0.28431,0.28325,0.28425,292,26,0
1766487600,0.28425,0.28429,0.28331,0.28360,253,26,0
1766491200,0.28360,0.28392,0.28312,0.28386,334,27,0
1766494800,0.28386,0.28402,0.28361,0.28398,223,26,0
1766498400,0.28398,0.28401,0.28346,0.28395,310,27,0
1766502000,0.28393,0.28404,0.28352,0.28393,330,27,0
1766505600,0.28392,0.28404,0.28243,0.28276,704,26,0
1766509200,0.28276,0.28292,0.28204,0.28217,516,27,0
1766512800,0.28217,0.28332,0.28210,0.28312,344,26,0
1766516400,0.28302,0.28331,0.28235,0.28235,228,26,0
1766520000,0.28237,0.28301,0.28231,0.28241,277,26,0
1766523600,0.28239,0.28263,0.28220,0.28255,213,26,0
1766527200,0.28255,0.28286,0.28197,0.28208,394,26,0
1766530800,0.28208,0.28301,0.28197,0.28295,360,26,0
1766534400,0.28295,0.28337,0.28275,0.28321,424,27,0
1766538000,0.28317,0.28341,0.28292,0.28325,259,26,0
1766541600,0.28328,0.28417,0.28324,0.28401,338,27,0
1766545200,0.28401,0.28421,0.28374,0.28416,208,26,0
1766548800,0.28416,0.28421,0.28307,0.28335,374,27,0
1766552400,0.28332,0.28348,0.28275,0.28318,390,27,0
1766556000,0.28316,0.28322,0.28292,0.28318,137,26,0
1766559600,0.28318,0.28341,0.28300,0.28335,180,26,0
1766563200,0.28336,0.28341,0.28151,0.28195,431,26,0
1766566800,0.28200,0.28262,0.28180,0.28206,349,27,0
1766570400,0.28209,0.28281,0.28209,0.28249,385,27,0
1766574000,0.28249,0.28338,0.28239,0.28326,277,26,0
1766577600,0.28326,0.28337,0.28268,0.28326,317,26,0
1766581200,0.28327,0.28334,0.28265,0.28282,258,26,0
1766584800,0.28287,0.28333,0.28266,0.28319,277,27,0
1766588400,0.28321,0.28357,0.28287,0.28319,335,27,0
1766592000,0.28319,0.28332,0.28223,0.28241,557,26,0
1766595600,0.28235,0.28250,0.28076,0.28140,652,27,0
1766599200,0.28142,0.28153,0.28104,0.28134,424,26,0
1766602800,0.28136,0.28212,0.28131,0.28178,250,27,0
1766606400,0.28183,0.28190,0.28075,0.28122,244,27,0
1766610000,0.28122,0.28131,0.28063,0.28087,272,26,0
1766613600,0.28085,0.28131,0.28077,0.28099,217,26,0
1766617200,0.28097,0.28122,0.28058,0.28062,215,26,0
1766620800,0.28056,0.28090,0.28005,0.28007,460,27,0
1766624400,0.28009,0.28045,0.27883,0.28002,618,26,0
1766628000,0.28011,0.28054,0.27971,0.28027,282,26,0
1766631600,0.28032,0.28082,0.28013,0.28043,265,26,0
1766635200,0.28037,0.28038,0.27987,0.28029,232,27,0
1766638800,0.28031,0.28041,0.27993,0.28001,199,26,0
1766642400,0.28001,0.28011,0.27978,0.27986,206,26,0
1766646000,0.27986,0.28032,0.27979,0.27995,239,26,0
1766649600,0.27994,0.28041,0.27992,0.27998,222,26,0
1766653200,0.28000,0.28040,0.27977,0.28023,219,26,0
1766656800,0.28023,0.28026,0.27918,0.27918,275,27,0
1766660400,0.27918,0.27924,0.27847,0.27861,298,26,0
1766664000,0.27861,0.27861,0.27796,0.27832,226,27,0
1766667600,0.27833,0.27882,0.27825,0.27846,194,26,0
1766671200,0.27846,0.27881,0.27824,0.27881,200,26,0
1766674800,0.27880,0.27892,0.27854,0.27860,194,26,0
1766678400,0.27858,0.27902,0.27817,0.27861,213,26,0
1766682000,0.27861,0.27900,0.27739,0.27740,408,26,0
1766685600,0.27729,0.27772,0.27629,0.27740,392,26,0
1766689200,0.27747,0.27791,0.27728,0.27779,206,26,0
1766692800,0.27779,0.27817,0.27755,0.27810,239,26,0
1766696400,0.27808,0.27862,0.27805,0.27850,196,26,0
1766700000,0.27852,0.27881,0.27825,0.27846,210,26,0
1766703600,0.27845,0.27892,0.27833,0.27860,205,26,0
1766707200,0.27860,0.27902,0.27846,0.27871,337,26,0
1766710800,0.27869,0.27870,0.27789,0.27840,444,27,0
1766714400,0.27838,0.27927,0.27801,0.27856,432,26,0
1766718000,0.27847,0.27892,0.27836,0.27853,215,26,0
1766721600,0.27858,0.27993,0.27854,0.27943,623,26,0
1766725200,0.27945,0.27982,0.27939,0.27957,226,26,0
1766728800,0.27960,0.27991,0.27932,0.27932,170,27,0
1766732400,0.27933,0.27976,0.27933,0.27958,197,27,0
1766736000,0.27962,0.27992,0.27948,0.27991,168,26,0
1766739600,0.27983,0.27996,0.27963,0.27965,260,26,0
1766743200,0.27972,0.27991,0.27842,0.27901,277,26,0
1766746800,0.27901,0.27921,0.27878,0.27909,188,26,0
1766750400,0.27908,0.27912,0.27803,0.27823,307,26,0
1766754000,0.27826,0.27842,0.27798,0.27825,168,26,0
1766757600,0.27826,0.27882,0.27821,0.27847,201,26,0
1766761200,0.27853,0.27864,0.27807,0.27818,238,27,0
1766764800,0.27815,0.27842,0.27773,0.27803,424,26,0
1766768400,0.27802,0.27802,0.27719,0.27761,498,27,0
1766772000,0.27761,0.27781,0.27733,0.27734,218,27,0
1766775600,0.27735,0.27802,0.27732,0.27733,219,26,0
1766779200,0.27732,0.27792,0.27726,0.27761,177,27,0
1766782800,0.27762,0.27814,0.27755,0.27770,142,26,0
1766786400,0.27768,0.27867,0.27764,0.27855,188,26,0
1766790000,0.27855,0.27931,0.27842,0.27902,199,27,0
1766800800,0.27927,0.28011,0.27926,0.27988,167,26,0
1766804400,0.27987,0.28022,0.27926,0.27939,202,26,0
1766808000,0.27938,0.28002,0.27938,0.27988,149,26,0
1766811600,0.27989,0.28011,0.27983,0.27998,126,26,0
1766815200,0.27998,0.28001,0.27947,0.27955,176,26,0
1766818800,0.27955,0.27972,0.27884,0.27931,192,26,0
1766822400,0.27918,0.27931,0.27898,0.27922,130,26,0
1766826000,0.27922,0.27925,0.27886,0.27891,141,26,0
1766829600,0.27891,0.27912,0.27866,0.27889,151,26,0
1766833200,0.27889,0.27912,0.27831,0.27844,222,26,0
1766836800,0.27843,0.27912,0.27821,0.27911,252,26,0
1766840400,0.27911,0.27942,0.27887,0.27934,210,26,0
1766844000,0.27934,0.28031,0.27911,0.28003,289,27,0
1766847600,0.28006,0.28032,0.27990,0.28031,217,26,0
1766851200,0.28022,0.28032,0.27946,0.27971,280,26,0
1766854800,0.27971,0.28021,0.27944,0.28016,188,26,0
1766858400,0.28016,0.28169,0.28011,0.28150,295,26,0
1766862000,0.28152,0.28214,0.28145,0.28190,284,26,0
1766865600,0.28191,0.28251,0.28175,0.28199,230,26,0
1766869200,0.28200,0.28241,0.28191,0.28226,185,26,0
1766872800,0.28234,0.28351,0.28234,0.28351,251,26,0
1766876400,0.28351,0.28372,0.28299,0.28367,232,26,0
1766880000,0.28369,0.28421,0.28369,0.28418,250,27,0
1766883600,0.28418,0.28472,0.28398,0.28467,254,26,0
1766887200,0.28471,0.28525,0.28450,0.28481,208,27,0
1766890800,0.28481,0.28502,0.28409,0.28441,139,26,0
1766894400,0.28415,0.28431,0.28342,0.28387,261,27,0
1766898000,0.28387,0.28391,0.28329,0.28362,238,26,0
1766901600,0.28363,0.28363,0.28294,0.28335,183,26,0
1766905200,0.28334,0.28371,0.28333,0.28361,208,27,0
1766908800,0.28361,0.28372,0.28323,0.28361,184,26,0
1766912400,0.28363,0.28371,0.28334,0.28361,187,26,0
1766916000,0.28356,0.28362,0.28321,0.28342,226,26,0
1766919600,0.28342,0.28342,0.28311,0.28341,186,26,0
1766923200,0.28341,0.28392,0.28330,0.28334,230,26,0
1766926800,0.28335,0.28362,0.28295,0.28310,203,26,0
1766930400,0.28310,0.28452,0.28303,0.28438,292,26,0
1766934000,0.28438,0.28451,0.28345,0.28353,214,26,0
1766937600,0.28355,0.28402,0.28354,0.28393,221,26,0
1766941200,0.28386,0.28430,0.28356,0.28358,204,27,0
1766944800,0.28359,0.28432,0.28356,0.28370,281,26,0
1766948400,0.28381,0.28422,0.28374,0.28415,161,26,0
1766952000,0.28415,0.28431,0.28355,0.28429,360,26,0
1766955600,0.28428,0.28472,0.28419,0.28454,190,26,0
1766959200,0.28453,0.28490,0.28426,0.28455,249,26,0
1766962800,0.28454,0.28487,0.28405,0.28487,213,26,0
1766966400,0.28486,0.28523,0.28453,0.28522,171,26,0
1766970000,0.28522,0.28522,0.28468,0.28470,191,26,0
1766973600,0.28471,0.28490,0.28399,0.28457,319,26,0
1766977200,0.28458,0.28533,0.28458,0.28526,216,26,0
1766980800,0.28530,0.28561,0.28496,0.28559,250,26,0
1766984400,0.28557,0.28559,0.28488,0.28514,254,27,0
1766988000,0.28513,0.28521,0.28464,0.28496,300,26,0
1766991600,0.28488,0.28504,0.28392,0.28408,313,26,0
1766995200,0.28408,0.28471,0.28401,0.28447,231,26,0
1766998800,0.28448,0.28550,0.28402,0.28440,581,26,0
1767002400,0.28440,0.28441,0.28249,0.28276,452,27,0
1767006000,0.28274,0.28314,0.28192,0.28216,590,27,0
1767009600,0.28216,0.28231,0.28156,0.28190,392,27,0
1767013200,0.28188,0.28213,0.28162,0.28183,315,26,0
1767016800,0.28183,0.28192,0.28119,0.28179,514,26,0
1767020400,0.28179,0.28181,0.28111,0.28141,274,26,0
1767024000,0.28140,0.28224,0.28120,0.28125,467,27,0
1767027600,0.28125,0.28219,0.28117,0.28205,293,26,0
1767031200,0.28207,0.28265,0.28153,0.28245,322,27,0
1767034800,0.28245,0.28271,0.28229,0.28267,190,26,0
1767038400,0.28280,0.28301,0.28251,0.28278,236,26,0
1767042000,0.28277,0.28363,0.28276,0.28362,238,26,0
1767045600,0.28365,0.28382,0.28317,0.28382,190,26,0
1767049200,0.28378,0.28421,0.28370,0.28414,194,26,0
1767052800,0.28416,0.28418,0.28312,0.28398,238,26,0
1767056400,0.28404,0.28485,0.28403,0.28478,190,26,0
1767060000,0.28479,0.28506,0.28418,0.28423,269,26,0
1767063600,0.28412,0.28464,0.28396,0.28454,176,27,0
1767067200,0.28457,0.28479,0.28437,0.28471,250,26,0
1767070800,0.28474,0.28493,0.28451,0.28490,188,26,0
1767074400,0.28491,0.28523,0.28490,0.28520,180,26,0
1767078000,0.28521,0.28534,0.28467,0.28522,314,27,0
1767081600,0.28512,0.28553,0.28511,0.28533,175,26,0
1767085200,0.28534,0.28551,0.28432,0.28434,223,26,0
1767088800,0.28431,0.28490,0.28431,0.28482,325,26,0
1767092400,0.28484,0.28535,0.28475,0.28524,173,26,0
1767096000,0.28525,0.28561,0.28504,0.28553,210,27,0
1767099600,0.28554,0.28581,0.28511,0.28513,282,26,0
1767103200,0.28515,0.28535,0.28501,0.28524,292,26,0
1767106800,0.28521,0.28548,0.28508,0.28526,267,26,0
1767110400,0.28526,0.28562,0.28503,0.28546,395,27,0
1767114000,0.28548,0.28555,0.28472,0.28479,416,27,0
1767117600,0.28479,0.28532,0.28478,0.28519,263,26,0
1767121200,0.28518,0.28542,0.28491,0.28527,313,26,0
1767124800,0.28525,0.28532,0.28491,0.28505,210,26,0
1767128400,0.28504,0.28543,0.28471,0.28539,341,27,0
1767132000,0.28537,0.28651,0.28537,0.28643,335,26,0
1767135600,0.28641,0.28662,0.28619,0.28642,172,26,0
1767139200,0.28640,0.28652,0.28556,0.28610,334,26,0
1767142800,0.28614,0.28642,0.28599,0.28604,210,26,0
1767146400,0.28612,0.28642,0.28587,0.28635,161,26,0
1767150000,0.28635,0.28651,0.28599,0.28623,166,26,0
1767153600,0.28623,0.28632,0.28571,0.28580,150,26,0
1767157200,0.28580,0.28583,0.28517,0.28538,156,26,0
1767160800,0.28539,0.28572,0.28526,0.28540,120,26,0
1767164400,0.28551,0.28562,0.28534,0.28554,117,26,0
1767168000,0.28554,0.28561,0.28475,0.28481,177,26,0
1767171600,0.28481,0.28481,0.28383,0.28412,231,27,0
1767175200,0.28412,0.28412,0.28335,0.28363,177,26,0
1767178800,0.28361,0.28362,0.28295,0.28322,215,27,0
1767182400,0.28318,0.28331,0.28267,0.28292,165,26,0
1767186000,0.28279,0.28351,0.28274,0.28351,204,26,0
1767189600,0.28344,0.28362,0.28296,0.28324,179,26,0
1767193200,0.28324,0.28345,0.28245,0.28262,156,26,0
1767196800,0.28262,0.28302,0.28189,0.28223,291,27,0
1767200400,0.28223,0.28311,0.28205,0.28305,316,27,0
1767204000,0.28301,0.28371,0.28271,0.28341,320,27,0
1767207600,0.28335,0.28378,0.28255,0.28269,209,26,0
1767211200,0.28267,0.28302,0.28262,0.28280,164,26,0
1767214800,0.28272,0.28331,0.28272,0.28290,188,27,0
1767218400,0.28285,0.28313,0.28271,0.28310,164,27,0
1767222000,0.28310,0.28352,0.28291,0.28337,144,26,0
1767225600,0.28340,0.28412,0.28339,0.28412,181,26,0
1767229200,0.28412,0.28462,0.28390,0.28433,195,27,0
1767232800,0.28434,0.28437,0.28365,0.28369,184,26,0
1767236400,0.28369,0.28412,0.28363,0.28391,133,26,0
1767240000,0.28391,0.28412,0.28360,0.28380,96,26,0
1767243600,0.28380,0.28412,0.28349,0.28361,142,26,0
1767247200,0.28352,0.28362,0.28323,0.28360,114,26,0
1767250800,0.28362,0.28412,0.28344,0.28411,126,26,0
1767254400,0.28411,0.28461,0.28378,0.28461,143,26,0
1767258000,0.28467,0.28552,0.28456,0.28456,258,26,0
1767261600,0.28463,0.28521,0.28458,0.28495,134,26,0
1767265200,0.28495,0.28521,0.28458,0.28483,144,26,0
1767268800,0.28479,0.28531,0.28469,0.28512,126,27,0
1767272400,0.28502,0.28552,0.28372,0.28428,256,26,0
1767276000,0.28425,0.28452,0.28393,0.28441,184,26,0
1767279600,0.28441,0.28461,0.28407,0.28441,162,26,0
1767283200,0.28433,0.28439,0.28365,0.28401,193,27,0
1767286800,0.28386,0.28461,0.28357,0.28451,183,26,0
1767290400,0.28451,0.28482,0.28440,0.28458,165,26,0
1767294000,0.28460,0.28512,0.28452,0.28501,208,27,0
1767297600,0.28501,0.28532,0.28485,0.28523,143,26,0
1767301200,0.28523,0.28531,0.28500,0.28522,122,26,0
1767304800,0.28521,0.28531,0.28462,0.28482,168,26,0
1767308400,0.28482,0.28541,0.28480,0.28527,146,26,0
1767312000,0.28529,0.28612,0.28529,0.28592,172,26,0
1767315600,0.28596,0.28686,0.28571,0.28673,193,26,0
1767319200,0.28687,0.28703,0.28596,0.28603,220,27,0
1767322800,0.28603,0.28631,0.28590,0.28631,117,26,0
1767326400,0.28631,0.28631,0.28571,0.28594,113,26,0
1767330000,0.28594,0.28631,0.28582,0.28585,146,27,0
1767333600,0.28588,0.28588,0.28526,0.28532,158,26,0
1767337200,0.28533,0.28571,0.28525,0.28561,134,26,0
1767340800,0.28561,0.28571,0.28533,0.28537,118,26,0
1767344400,0.28542,0.28612,0.28525,0.28547,190,26,0
1767348000,0.28539,0.28561,0.28498,0.28508,160,27,0
1767351600,0.28521,0.28521,0.28408,0.28443,293,26,0
1767355200,0.28446,0.28496,0.28426,0.28471,250,26,0
1767358800,0.28455,0.28492,0.28450,0.28482,148,26,0
1767362400,0.28485,0.28492,0.28463,0.28483,151,26,0
1767366000,0.28483,0.28531,0.28454,0.28501,179,26,0
1767369600,0.28502,0.28574,0.28489,0.28562,320,26,0
1767373200,0.28563,0.28624,0.28505,0.28558,426,27,0
1767376800,0.28557,0.28641,0.28536,0.28633,438,27,0
1767380400,0.28629,0.28712,0.28627,0.28678,256,26,0
1767384000,0.28682,0.28711,0.28631,0.28646,240,26,0
1767387600,0.28647,0.28692,0.28628,0.28671,174,26,0
1767391200,0.28671,0.28711,0.28648,0.28686,155,26,0
1767394800,0.28686,0.28787,0.28683,0.28761,213,26,0
1767405600,0.28870,0.28974,0.28846,0.28870,347,26,0
1767409200,0.28872,0.28892,0.28837,0.28882,231,26,0
1767412800,0.28882,0.28911,0.28874,0.28901,201,26,0
1767416400,0.28901,0.28911,0.28842,0.28871,131,26,0
1767420000,0.28871,0.28881,0.28767,0.28821,165,26,0
1767423600,0.28821,0.28834,0.28760,0.28832,190,26,0
1767427200,0.28834,0.28884,0.28812,0.28870,177,26,0
1767430800,0.28871,0.28884,0.28771,0.28795,302,26,0
1767434400,0.28801,0.28851,0.28801,0.28841,175,26,0
1767438000,0.28841,0.28852,0.28789,0.28802,143,26,0
1767441600,0.28802,0.28842,0.28785,0.28838,167,26,0
1767445200,0.28838,0.28862,0.28804,0.28841,170,27,0
1767448800,0.28841,0.28883,0.28833,0.28882,134,26,0
1767452400,0.28882,0.29080,0.28874,0.29049,324,26,0
1767456000,0.29051,0.29113,0.29029,0.29101,157,26,0
1767459600,0.29101,0.29136,0.29048,0.29121,180,26,0
1767463200,0.29121,0.29208,0.29121,0.29201,182,27,0
1767466800,0.29201,0.29263,0.29181,0.29262,169,26,0
1767470400,0.29262,0.29315,0.29250,0.29312,153,26,0
1767474000,0.29312,0.29349,0.29298,0.29346,163,26,0
1767477600,0.29348,0.29383,0.29329,0.29381,155,26,0
1767481200,0.29381,0.29434,0.29377,0.29417,136,26,0
1767484800,0.29421,0.29486,0.29406,0.29477,236,26,0
1767488400,0.29485,0.29547,0.29483,0.29547,168,26,0
1767492000,0.29546,0.29581,0.29455,0.29513,406,26,0
1767495600,0.29511,0.29531,0.29493,0.29525,87,26,0
1767499200,0.29534,0.29536,0.29487,0.29524,176,26,0
1767502800,0.29524,0.29543,0.29474,0.29482,155,26,0
1767506400,0.29476,0.29482,0.29415,0.29427,171,26,0
1767510000,0.29431,0.29462,0.29373,0.29387,175,26,0
1767513600,0.29378,0.29392,0.29345,0.29371,171,26,0
1767517200,0.29381,0.29422,0.29362,0.29422,138,26,0
1767520800,0.29423,0.29451,0.29335,0.29374,251,26,0
1767524400,0.29370,0.29414,0.29350,0.29352,187,26,0
1767528000,0.29352,0.29371,0.29307,0.29342,172,26,0
1767531600,0.29342,0.29382,0.29319,0.29355,151,26,0
1767535200,0.29355,0.29402,0.29355,0.29395,184,26,0
1767538800,0.29395,0.29443,0.29365,0.29412,209,26,0
1767542400,0.29407,0.29440,0.29325,0.29439,243,26,0
1767546000,0.29439,0.29461,0.29424,0.29439,173,26,0
1767549600,0.29439,0.29471,0.29372,0.29405,184,26,0
1767553200,0.29402,0.29461,0.29402,0.29458,140,26,0
1767556800,0.29456,0.29467,0.29373,0.29439,197,26,0
1767560400,0.29439,0.29441,0.29358,0.29415,185,26,0
1767564000,0.29406,0.29421,0.29333,0.29336,181,26,0
1767567600,0.29345,0.29370,0.29319,0.29348,142,26,0
1767571200,0.29353,0.29382,0.29319,0.29375,139,26,0
1767574800,0.29375,0.29391,0.29339,0.29379,144,26,0
1767578400,0.29379,0.29431,0.29342,0.29421,238,26,0
1767582000,0.29417,0.29473,0.29403,0.29416,278,26,0
1767585600,0.29421,0.29441,0.29373,0.29406,160,26,0
1767589200,0.29402,0.29469,0.29391,0.29456,129,26,0
1767592800,0.29456,0.29481,0.29401,0.29481,209,26,0
1767596400,0.29481,0.29501,0.29415,0.29426,195,26,0
1767600000,0.29426,0.29451,0.29381,0.29449,219,26,0
1767603600,0.29450,0.29556,0.29443,0.29449,345,27,0
1767607200,0.29461,0.29472,0.29269,0.29279,340,26,0
1767610800,0.29279,0.29289,0.29171,0.29189,349,27,0
1767614400,0.29187,0.29231,0.29141,0.29211,241,27,0
1767618000,0.29209,0.29251,0.29185,0.29241,143,26,0
1767621600,0.29229,0.29231,0.29171,0.29221,188,26,0
1767625200,0.29208,0.29242,0.29172,0.29234,191,26,0
1767628800,0.29232,0.29251,0.29166,0.29226,254,27,0
1767632400,0.29228,0.29284,0.29193,0.29273,264,26,0
1767636000,0.29272,0.29285,0.29213,0.29235,301,26,0
1767639600,0.29230,0.29246,0.29144,0.29179,244,26,0
1767643200,0.29177,0.29212,0.29142,0.29200,178,26,0
1767646800,0.29191,0.29215,0.29144,0.29184,189,27,0
1767650400,0.29187,0.29262,0.29186,0.29245,222,26,0
1767654000,0.29237,0.29262,0.29205,0.29222,127,26,0
1767657600,0.29223,0.29251,0.29199,0.29231,176,26,0
1767661200,0.29225,0.29232,0.29173,0.29187,164,26,0
1767664800,0.29187,0.29252,0.29153,0.29213,203,27,0
1767668400,0.29212,0.29282,0.29212,0.29271,196,26,0
1767672000,0.29263,0.29282,0.29243,0.29282,158,26,0
1767675600,0.29282,0.29301,0.29256,0.29291,186,26,0
1767679200,0.29293,0.29321,0.29221,0.29226,163,26,0
1767682800,0.29223,0.29282,0.29223,0.29265,121,26,0
1767686400,0.29264,0.29312,0.29264,0.29270,181,26,0
1767690000,0.29272,0.29312,0.29206,0.29287,212,26,0
1767693600,0.29288,0.29311,0.29185,0.29191,193,26,0
1767697200,0.29190,0.29204,0.29086,0.29091,239,26,0
1767700800,0.29086,0.29141,0.29072,0.29131,175,27,0
1767704400,0.29131,0.29171,0.29110,0.29140,151,26,0
1767708000,0.29140,0.29181,0.29113,0.29174,153,27,0
1767711600,0.29174,0.29201,0.29135,0.29181,136,26,0
1767715200,0.29181,0.29299,0.29152,0.29212,535,27,0
1767718800,0.29203,0.29248,0.29170,0.29177,352,27,0
1767722400,0.29178,0.29222,0.29132,0.29205,406,27,0
1767726000,0.29231,0.29241,0.29110,0.29115,343,26,0
1767729600,0.29116,0.29191,0.29093,0.29177,304,27,0
1767733200,0.29177,0.29221,0.29153,0.29170,168,26,0
1767736800,0.29170,0.29245,0.29138,0.29245,193,26,0
1767740400,0.29244,0.29321,0.29218,0.29302,217,26,0
1767744000,0.29303,0.29340,0.29276,0.29336,203,26,0
1767747600,0.29336,0.29401,0.29323,0.29395,146,26,0
1767751200,0.29396,0.29481,0.29363,0.29363,247,26,0
1767754800,0.29364,0.29440,0.29363,0.29392,216,26,0
1767758400,0.29392,0.29451,0.29376,0.29451,142,27,0
1767762000,0.29451,0.29481,0.29421,0.29439,176,26,0
1767765600,0.29441,0.29482,0.29436,0.29466,141,26,0
1767769200,0.29466,0.29502,0.29456,0.29467,152,26,0
1767772800,0.29468,0.29491,0.29453,0.29465,138,26,0
1767776400,0.29465,0.29471,0.29409,0.29468,133,26,0
1767780000,0.29468,0.29496,0.29422,0.29494,170,26,0
1767783600,0.29485,0.29530,0.29436,0.29441,296,27,0
1767787200,0.29441,0.29578,0.29431,0.29462,306,27,0
1767790800,0.29461,0.29511,0.29449,0.29489,148,26,0
1767794400,0.29491,0.29603,0.29449,0.29574,254,26,0
1767798000,0.29580,0.29667,0.29528,0.29657,305,27,0
1767801600,0.29653,0.29656,0.29542,0.29646,493,27,0
1767805200,0.29645,0.29645,0.29535,0.29627,524,27,0
1767808800,0.29621,0.29821,0.29615,0.29759,622,26,0
1767812400,0.29766,0.29838,0.29754,0.29784,224,27,0
1767816000,0.29783,0.29849,0.29761,0.29807,242,27,0
1767819600,0.29802,0.29803,0.29619,0.29722,453,26,0
1767823200,0.29722,0.29789,0.29691,0.29779,291,27,0
1767826800,0.29776,0.29830,0.29761,0.29830,181,26,0
1767830400,0.29824,0.29828,0.29774,0.29787,191,26,0
1767834000,0.29787,0.29816,0.29741,0.29796,272,26,0
1767837600,0.29797,0.29828,0.29657,0.29710,256,26,0
1767841200,0.29708,0.29836,0.29708,0.29826,207,26,0
1767844800,0.29828,0.29828,0.29707,0.29765,226,27,0
1767848400,0.29762,0.29842,0.29750,0.29772,261,27,0
1767852000,0.29771,0.29826,0.29757,0.29808,227,26,0
1767855600,0.29813,0.29838,0.29764,0.29779,202,26,0
1767859200,0.29786,0.29803,0.29595,0.29612,433,27,0
1767862800,0.29606,0.29666,0.29545,0.29638,435,27,0
1767866400,0.29637,0.29643,0.29473,0.29491,315,27,0
1767870000,0.29499,0.29572,0.29488,0.29548,275,26,0
1767873600,0.29542,0.29627,0.29499,0.29619,265,26,0
1767877200,0.29618,0.29642,0.29590,0.29639,197,26,0
1767880800,0.29639,0.29639,0.29559,0.29585,228,26,0
1767884400,0.29584,0.29645,0.29543,0.29623,255,27,0
1767888000,0.29623,0.29623,0.29468,0.29522,597,26,0
1767891600,0.29516,0.29583,0.29480,0.29546,456,27,0
1767895200,0.29544,0.29544,0.29436,0.29470,343,26,0
1767898800,0.29470,0.29491,0.29437,0.29463,273,27,0
1767902400,0.29459,0.29485,0.29392,0.29461,296,26,0
1767906000,0.29461,0.29482,0.29428,0.29445,150,27,0
1767909600,0.29471,0.29521,0.29417,0.29501,178,27,0
1767913200,0.29501,0.29542,0.29501,0.29512,125,26,0
1767916800,0.29513,0.29532,0.29468,0.29511,130,26,0
1767920400,0.29511,0.29522,0.29446,0.29456,146,26,0
1767924000,0.29453,0.29511,0.29446,0.29507,151,26,0
1767927600,0.29507,0.29511,0.29417,0.29439,295,26,0
1767931200,0.29436,0.29462,0.29400,0.29423,237,26,0
1767934800,0.29423,0.29423,0.29358,0.29378,169,26,0
1767938400,0.29378,0.29382,0.29310,0.29339,203,26,0
1767942000,0.29339,0.29371,0.29329,0.29365,160,26,0
1767945600,0.29362,0.29431,0.29362,0.29398,196,27,0
1767949200,0.29399,0.29411,0.29318,0.29318,160,26,0
1767952800,0.29318,0.29341,0.29239,0.29254,276,26,0
1767956400,0.29254,0.29287,0.29214,0.29224,210,26,0
1767960000,0.29225,0.29331,0.29221,0.29267,281,26,0
1767963600,0.29267,0.29326,0.29265,0.29301,227,26,0
1767967200,0.29294,0.29371,0.29272,0.29358,210,26,0
1767970800,0.29362,0.29487,0.29362,0.29481,297,26,0
1767974400,0.29481,0.29559,0.29437,0.29549,430,27,0
1767978000,0.29548,0.29671,0.29506,0.29636,782,27,0
1767981600,0.29637,0.29725,0.29614,0.29724,605,27,0
1767985200,0.29711,0.29725,0.29652,0.29719,268,27,0
1767988800,0.29721,0.29781,0.29701,0.29763,266,26,0
1767992400,0.29768,0.29804,0.29746,0.29802,199,26,0
1767996000,0.29796,0.29871,0.29790,0.29863,208,26,0
1767999600,0.29868,0.29943,0.29793,0.29815,344,27,0
1768010400,0.29826,0.29836,0.29737,0.29799,229,26,0
1768014000,0.29798,0.29849,0.29792,0.29843,118,26,0
1768017600,0.29844,0.29846,0.29806,0.29806,112,26,0
1768021200,0.29805,0.29823,0.29785,0.29795,126,26,0
1768024800,0.29801,0.29801,0.29695,0.29751,188,26,0
1768028400,0.29750,0.29803,0.29749,0.29801,119,26,0
1768032000,0.29801,0.29864,0.29798,0.29864,128,26,0
1768035600,0.29871,0.29875,0.29766,0.29768,190,26,0
1768039200,0.29783,0.29811,0.29743,0.29792,232,26,0
1768042800,0.29791,0.29833,0.29720,0.29773,187,27,0
1768046400,0.29773,0.29794,0.29727,0.29784,150,27,0
1768050000,0.29784,0.29835,0.29778,0.29829,147,26,0
1768053600,0.29830,0.29847,0.29794,0.29811,141,26,0
1768057200,0.29805,0.29807,0.29749,0.29766,223,26,0
1768060800,0.29762,0.29856,0.29758,0.29838,178,26,0
1768064400,0.29851,0.29918,0.29830,0.29893,188,26,0
1768068000,0.29893,0.29917,0.29871,0.29911,193,26,0
1768071600,0.29903,0.29927,0.29890,0.29921,186,26,0
1768075200,0.29923,0.29974,0.29901,0.29921,229,26,0
1768078800,0.29921,0.29921,0.29880,0.29915,132,26,0
1768082400,0.29915,0.30011,0.29906,0.30008,154,26,0
1768086000,0.30009,0.30081,0.29964,0.29969,251,26,0
1768089600,0.29971,0.30101,0.29937,0.30096,270,26,0
1768093200,0.30096,0.30226,0.30082,0.30222,229,27,0
1768096800,0.30219,0.30310,0.30152,0.30284,438,26,0
1768100400,0.30282,0.30307,0.30226,0.30256,152,26,0
1768104000,0.30219,0.30251,0.29921,0.29959,358,26,0
1768107600,0.29957,0.30003,0.29897,0.29986,250,27,0
1768111200,0.29986,0.30049,0.29920,0.30049,154,26,0
1768114800,0.30056,0.30104,0.29984,0.30025,223,27,0
1768118400,0.30027,0.30099,0.29932,0.29953,257,26,0
1768122000,0.29955,0.29983,0.29840,0.29857,230,27,0
1768125600,0.29837,0.29894,0.29808,0.29878,262,26,0
1768129200,0.29871,0.29917,0.29841,0.29872,204,26,0
1768132800,0.29879,0.29929,0.29853,0.29874,190,26,0
1768136400,0.29878,0.29930,0.29840,0.29928,199,26,0
1768140000,0.29928,0.29928,0.29827,0.29836,204,26,0
1768143600,0.29820,0.29964,0.29818,0.29956,241,26,0
1768147200,0.29958,0.29982,0.29944,0.29953,195,26,0
1768150800,0.29956,0.29971,0.29892,0.29902,279,27,0
1768154400,0.29903,0.30003,0.29885,0.29960,368,26,0
1768158000,0.29960,0.30100,0.29960,0.30086,219,26,0
1768161600,0.30082,0.30274,0.30082,0.30273,292,26,0
1768165200,0.30273,0.30314,0.30142,0.30222,427,26,0
1768168800,0.30222,0.30222,0.29928,0.29976,551,26,0
1768172400,0.29953,0.29971,0.29879,0.29950,299,26,0
1768176000,0.29953,0.29972,0.29912,0.29912,198,26,0
1768179600,0.29910,0.29980,0.29865,0.29919,285,27,0
1768183200,0.29918,0.29931,0.29864,0.29885,266,26,0
1768186800,0.29884,0.29901,0.29832,0.29845,278,26,0
1768190400,0.29871,0.29941,0.29834,0.29890,318,26,0
1768194000,0.29893,0.29957,0.29883,0.29888,246,27,0
1768197600,0.29885,0.29912,0.29863,0.29879,213,26,0
1768201200,0.29879,0.29881,0.29848,0.29871,156,26,0
1768204800,0.29871,0.29871,0.29745,0.29766,302,26,0
1768208400,0.29764,0.29789,0.29696,0.29738,261,26,0
1768212000,0.29729,0.29811,0.29678,0.29792,462,27,0
1768215600,0.29791,0.29827,0.29790,0.29798,166,27,0
1768219200,0.29798,0.29811,0.29719,0.29738,249,26,0
1768222800,0.29742,0.29761,0.29722,0.29731,159,26,0
1768226400,0.29731,0.29775,0.29720,0.29773,172,27,0
1768230000,0.29774,0.29776,0.29722,0.29762,230,27,0
1768233600,0.29760,0.29782,0.29712,0.29761,426,27,0
1768237200,0.29756,0.29847,0.29696,0.29844,465,27,0
1768240800,0.29848,0.29923,0.29839,0.29898,311,26,0
1768244400,0.29898,0.29919,0.29800,0.29831,463,26,0
1768248000,0.29828,0.29896,0.29796,0.29894,315,27,0
1768251600,0.29895,0.29969,0.29875,0.29968,216,26,0
1768255200,0.29970,0.29971,0.29911,0.29957,208,26,0
1768258800,0.29957,0.29981,0.29931,0.29976,208,26,0
1768262400,0.29973,0.30058,0.29944,0.29970,279,27,0
1768266000,0.29971,0.29981,0.29921,0.29962,151,26,0
1768269600,0.29963,0.30011,0.29917,0.30000,200,26,0
1768273200,0.29998,0.30046,0.29899,0.29901,253,27,0
1768276800,0.29889,0.29902,0.29846,0.29871,151,27,0
1768280400,0.29874,0.29986,0.29874,0.29977,156,26,0
1768284000,0.29975,0.29991,0.29857,0.29857,227,26,0
1768287600,0.29857,0.29912,0.29806,0.29824,207,26,0
1768291200,0.29825,0.29910,0.29823,0.29868,205,26,0
1768294800,0.29880,0.29952,0.29869,0.29903,261,26,0
1768298400,0.29902,0.29941,0.29855,0.29858,303,26,0
1768302000,0.29857,0.29912,0.29845,0.29891,273,27,0
1768305600,0.29894,0.29912,0.29840,0.29862,186,26,0
1768309200,0.29862,0.29881,0.29816,0.29819,162,26,0
1768312800,0.29817,0.29881,0.29814,0.29870,138,26,0
1768316400,0.29870,0.29942,0.29866,0.29876,385,26,0
1768320000,0.29884,0.29925,0.29865,0.29916,415,26,0
1768323600,0.29911,0.30298,0.29906,0.30110,1199,27,0
1768327200,0.30107,0.30191,0.30074,0.30185,431,26,0
1768330800,0.30189,0.30250,0.30143,0.30166,340,26,0
1768334400,0.30166,0.30319,0.30166,0.30319,363,27,0
1768338000,0.30325,0.30459,0.30325,0.30430,517,27,0
1768341600,0.30433,0.30642,0.30431,0.30584,659,27,0
1768345200,0.30586,0.30624,0.30388,0.30492,451,27,0
1768348800,0.30492,0.30654,0.30454,0.30509,876,27,0
1768352400,0.30513,0.30711,0.30477,0.30690,477,27,0
1768356000,0.30694,0.30720,0.30558,0.30560,512,27,0
1768359600,0.30563,0.30563,0.30423,0.30444,438,27,0
1768363200,0.30452,0.30473,0.30380,0.30441,326,27,0
1768366800,0.30436,0.30456,0.30385,0.30442,299,26,0
1768370400,0.30441,0.30488,0.30429,0.30438,411,26,0
1768374000,0.30442,0.30445,0.30250,0.30321,348,26,0
1768377600,0.30318,0.30371,0.30209,0.30371,556,27,0
1768381200,0.30364,0.30457,0.30242,0.30261,447,26,0
1768384800,0.30260,0.30298,0.30109,0.30145,614,26,0
1768388400,0.30146,0.30262,0.30121,0.30221,397,27,0
1768392000,0.30216,0.30261,0.30132,0.30156,415,27,0
1768395600,0.30159,0.30205,0.30069,0.30116,515,27,0
1768399200,0.30113,0.30269,0.30089,0.30218,409,26,0
1768402800,0.30221,0.30248,0.30162,0.30234,385,27,0
1768406400,0.30239,0.30414,0.30231,0.30314,1000,27,0
1768410000,0.30311,0.30320,0.30165,0.30267,1055,27,0
1768413600,0.30266,0.30404,0.30231,0.30387,733,27,0
1768417200,0.30384,0.30454,0.30263,0.30298,625,27,0
1768420800,0.30296,0.30296,0.30099,0.30131,681,27,0
1768424400,0.30134,0.30272,0.30130,0.30255,545,27,0
1768428000,0.30259,0.30297,0.30242,0.30273,401,27,0
1768431600,0.30271,0.30374,0.30257,0.30299,338,26,0
1768435200,0.30297,0.30373,0.30249,0.30355,350,27,0
1768438800,0.30355,0.30478,0.30331,0.30433,409,27,0
1768442400,0.30427,0.30432,0.30313,0.30343,520,27,0
1768446000,0.30348,0.30421,0.30320,0.30394,430,27,0
1768449600,0.30395,0.30535,0.30377,0.30489,509,27,0
1768453200,0.30491,0.30543,0.30400,0.30446,483,27,0
1768456800,0.30445,0.30581,0.30445,0.30581,289,26,0
1768460400,0.30579,0.30627,0.30435,0.30537,444,27,0
1768464000,0.30530,0.30620,0.30477,0.30522,357,27,0
1768467600,0.30520,0.30643,0.30473,0.30563,496,27,0
1768471200,0.30566,0.30671,0.30548,0.30611,646,27,0
1768474800,0.30613,0.30667,0.30169,0.30448,1465,27,0
1768478400,0.30448,0.30518,0.30402,0.30431,633,27,0
1768482000,0.30429,0.30544,0.30419,0.30506,318,26,0
1768485600,0.30513,0.30637,0.30458,0.30627,443,26,0
1768489200,0.30634,0.30850,0.30618,0.30783,784,27,0
1768492800,0.30775,0.30826,0.30649,0.30684,778,27,0
1768496400,0.30689,0.30808,0.30621,0.30795,909,27,0
1768500000,0.30792,0.30921,0.30721,0.30885,488,27,0
1768503600,0.30894,0.30970,0.30847,0.30861,515,27,0
1768507200,0.30863,0.30897,0.30753,0.30849,507,27,0
1768510800,0.30847,0.30968,0.30785,0.30959,581,27,0
1768514400,0.30955,0.31038,0.30903,0.31034,470,27,0
1768518000,0.31028,0.31177,0.31011,0.31173,388,27,0
1768521600,0.31172,0.31210,0.31122,0.31178,414,27,0
1768525200,0.31172,0.31243,0.31061,0.31231,519,27,0
1768528800,0.31236,0.31252,0.31050,0.31093,561,27,0
1768532400,0.31097,0.31112,0.31053,0.31102,264,26,0
1768536000,0.31097,0.31119,0.31054,0.31119,227,26,0
1768539600,0.31118,0.31231,0.31104,0.31181,243,26,0
1768543200,0.31179,0.31179,0.30944,0.30954,412,27,0
1768546800,0.30952,0.30991,0.30871,0.30985,376,26,0
1768550400,0.30991,0.31028,0.30925,0.30934,245,26,0
1768554000,0.30936,0.30936,0.30794,0.30835,308,27,0
1768557600,0.30837,0.30845,0.30750,0.30775,259,27,0
1768561200,0.30774,0.30780,0.30590,0.30729,429,26,0
1768564800,0.30728,0.30783,0.30697,0.30725,297,27,0
1768568400,0.30726,0.30835,0.30648,0.30830,434,26,0
1768572000,0.30827,0.30887,0.30788,0.30827,418,26,0
1768575600,0.30827,0.30841,0.30698,0.30773,456,27,0
1768579200,0.30767,0.30774,0.30663,0.30671,537,27,0
1768582800,0.30672,0.30685,0.30536,0.30554,773,27,0
1768586400,0.30551,0.30663,0.30491,0.30656,733,27,0
1768590000,0.30655,0.30802,0.30631,0.30771,443,27,0
1768593600,0.30764,0.30806,0.30693,0.30696,312,27,0
1768597200,0.30699,0.30841,0.30690,0.30834,191,27,0
1768600800,0.30833,0.31023,0.30823,0.31005,429,26,0
1768604400,0.31005,0.31061,0.30988,0.31010,270,26,0
1768615200,0.30929,0.30962,0.30864,0.30961,301,26,0
1768618800,0.30953,0.31038,0.30914,0.30958,261,26,0
1768622400,0.30958,0.31025,0.30928,0.31016,272,26,0
1768626000,0.31021,0.31052,0.30996,0.31007,176,27,0
1768629600,0.31010,0.31174,0.30960,0.31166,274,27,0
1768633200,0.31169,0.31186,0.31075,0.31114,212,26,0
1768636800,0.31114,0.31179,0.31076,0.31151,280,27,0
1768640400,0.31151,0.31181,0.31060,0.31141,343,27,0
1768644000,0.31156,0.31167,0.30894,0.30912,388,27,0
1768647600,0.30931,0.31151,0.30918,0.31082,355,27,0
1768651200,0.31083,0.31215,0.31065,0.31184,325,26,0
1768654800,0.31177,0.31305,0.31140,0.31241,454,27,0
1768658400,0.31241,0.31292,0.31151,0.31225,467,27,0
1768662000,0.31232,0.31357,0.31184,0.31327,375,27,0
1768665600,0.31326,0.31447,0.31325,0.31375,522,27,0
1768669200,0.31376,0.31516,0.31372,0.31438,532,27,0
1768672800,0.31442,0.31574,0.31413,0.31466,516,27,0
1768676400,0.31467,0.31573,0.31435,0.31563,252,26,0
1768680000,0.31564,0.31635,0.31541,0.31541,336,26,0
1768683600,0.31541,0.31641,0.31517,0.31604,218,26,0
1768687200,0.31602,0.31776,0.31568,0.31736,529,27,0
1768690800,0.31736,0.31838,0.31735,0.31822,334,27,0
1768694400,0.31833,0.31882,0.31801,0.31817,283,26,0
1768698000,0.31818,0.31921,0.31806,0.31840,304,26,0
1768701600,0.31841,0.31907,0.31684,0.31714,773,27,0
1768705200,0.31714,0.31752,0.31688,0.31743,192,27,0
1768708800,0.31792,0.31925,0.31779,0.31871,444,27,0
1768712400,0.31869,0.32021,0.31850,0.32021,321,26,0
1768716000,0.32022,0.32026,0.31878,0.31915,377,27,0
1768719600,0.31917,0.32072,0.31917,0.32032,346,26,0
1768723200,0.32029,0.32040,0.31878,0.31922,424,27,0
1768726800,0.31922,0.31982,0.31763,0.31794,437,26,0
1768730400,0.31786,0.31786,0.31463,0.31513,907,27,0
1768734000,0.31502,0.31672,0.31476,0.31665,588,27,0
1768737600,0.31681,0.31716,0.31631,0.31692,359,26,0
1768741200,0.31692,0.31791,0.31645,0.31704,445,27,0
1768744800,0.31703,0.31706,0.31529,0.31577,456,27,0
1768748400,0.31574,0.31673,0.31512,0.31669,349,27,0
1768752000,0.31666,0.31839,0.31608,0.31836,491,27,0
1768755600,0.31833,0.31951,0.31831,0.31929,398,27,0
1768759200,0.31928,0.31974,0.31812,0.31849,388,27,0
1768762800,0.31872,0.31881,0.31804,0.31839,298,27,0
1768766400,0.31842,0.31991,0.31842,0.31968,456,27,0
1768770000,0.31969,0.31981,0.31836,0.31860,334,26,0
1768773600,0.31886,0.32027,0.31883,0.32023,275,26,0
1768777200,0.32023,0.32033,0.31900,0.31916,278,26,0
1768780800,0.31918,0.32031,0.31914,0.31995,329,26,0
1768784400,0.31995,0.32032,0.31718,0.31743,1113,26,0
1768788000,0.31744,0.31744,0.31388,0.31560,2833,27,0
1768791600,0.31555,0.31797,0.31520,0.31711,845,27,0
1768795200,0.31713,0.31787,0.31683,0.31723,413,26,0
1768798800,0.31712,0.31863,0.31712,0.31848,425,27,0
1768802400,0.31847,0.32049,0.31822,0.31939,1011,27,0
1768806000,0.31940,0.31972,0.31873,0.31972,472,27,0
1768809600,0.31970,0.32000,0.31722,0.31769,526,26,0
1768813200,0.31772,0.31801,0.31576,0.31686,452,27,0
1768816800,0.31691,0.31702,0.31574,0.31616,569,27,0
1768820400,0.31617,0.31625,0.31321,0.31414,804,27,0
1768824000,0.31401,0.31588,0.31354,0.31580,577,27,0
1768827600,0.31575,0.31575,0.31444,0.31504,447,27,0
1768831200,0.31502,0.31502,0.31389,0.31440,633,27,0
1768834800,0.31440,0.31508,0.31384,0.31399,385,26,0
1768838400,0.31394,0.31394,0.31091,0.31199,926,26,0
1768842000,0.31194,0.31194,0.30765,0.31000,1402,27,0
1768845600,0.31004,0.31061,0.30918,0.30950,941,27,0
1768849200,0.30955,0.30961,0.30772,0.30806,772,27,0
1768852800,0.30797,0.30902,0.30795,0.30898,396,27,0
1768856400,0.30894,0.30942,0.30863,0.30902,390,26,0
1768860000,0.30900,0.31053,0.30900,0.31037,369,27,0
1768863600,0.31036,0.31146,0.30978,0.31137,384,27,0
1768867200,0.31135,0.31162,0.31027,0.31140,483,27,0
1768870800,0.31140,0.31216,0.31094,0.31168,351,27,0
1768874400,0.31167,0.31180,0.30977,0.30982,397,27,0
1768878000,0.30981,0.31123,0.30979,0.31099,221,26,0
1768881600,0.31098,0.31098,0.30994,0.31022,285,27,0
1768885200,0.31022,0.31041,0.30994,0.31013,202,27,0
1768888800,0.31015,0.31194,0.30993,0.31178,317,26,0
1768892400,0.31199,0.31378,0.31177,0.31264,570,27,0
1768896000,0.31262,0.31292,0.31180,0.31181,444,27,0
1768899600,0.31188,0.31217,0.30620,0.30650,1003,27,0
1768903200,0.30641,0.30674,0.30551,0.30643,725,27,0
1768906800,0.30642,0.30648,0.30244,0.30313,791,27,0
1768910400,0.30309,0.30474,0.30285,0.30340,737,27,0
1768914000,0.30340,0.30413,0.30285,0.30393,420,27,0
1768917600,0.30392,0.30392,0.30175,0.30193,577,27,0
1768921200,0.30193,0.30248,0.30126,0.30139,547,27,0
1768924800,0.30141,0.30232,0.30072,0.30129,761,27,0
1768928400,0.30131,0.30140,0.29716,0.29760,1172,27,0
1768932000,0.29761,0.29823,0.29738,0.29796,614,26,0
1768935600,0.29799,0.29845,0.29740,0.29776,522,27,0
1768939200,0.29778,0.29795,0.29658,0.29715,353,26,0
1768942800,0.29715,0.29764,0.29678,0.29742,313,27,0
1768946400,0.29731,0.29771,0.29684,0.29725,335,27,0
1768950000,0.29724,0.29781,0.29711,0.29761,237,26,0
1768953600,0.29762,0.29848,0.29723,0.29736,547,26,0
1768957200,0.29741,0.29758,0.29641,0.29649,408,27,0
1768960800,0.29653,0.29726,0.29609,0.29724,415,27,0
1768964400,0.29722,0.29739,0.29656,0.29708,264,26,0
1768968000,0.29710,0.29753,0.29691,0.29733,194,26,0
1768971600,0.29737,0.29765,0.29720,0.29748,154,26,0
1768975200,0.29744,0.29841,0.29744,0.29791,232,26,0
1768978800,0.29791,0.29791,0.29734,0.29779,167,27,0
1768982400,0.29779,0.29792,0.29717,0.29744,177,26,0
1768986000,0.29744,0.29787,0.29665,0.29780,261,26,0
1768989600,0.29783,0.29794,0.29576,0.29608,357,26,0
1768993200,0.29607,0.29641,0.29561,0.29570,275,27,0
1768996800,0.29569,0.29631,0.29549,0.29577,307,26,0
1769000400,0.29579,0.29672,0.29490,0.29507,358,26,0
1769004000,0.29508,0.29551,0.29473,0.29529,332,26,0
1769007600,0.29529,0.29561,0.29476,0.29497,252,27,0
1769011200,0.29494,0.29716,0.29490,0.29657,762,27,0
1769014800,0.29652,0.29921,0.29652,0.29903,695,27,0
1769018400,0.29903,0.29909,0.29677,0.29688,764,27,0
1769022000,0.29689,0.29844,0.29675,0.29810,725,27,0
1769025600,0.29811,0.29845,0.29751,0.29778,479,27,0
1769029200,0.29772,0.29868,0.29702,0.29861,817,27,0
1769032800,0.29860,0.29941,0.29833,0.29895,515,27,0
1769036400,0.29898,0.29970,0.29872,0.29944,289,26,0
1769040000,0.29946,0.30023,0.29921,0.29926,302,27,0
1769043600,0.29924,0.29936,0.29869,0.29901,280,27,0
1769047200,0.29896,0.29931,0.29869,0.29877,238,26,0
1769050800,0.29882,0.29971,0.29877,0.29962,220,26,0
1769054400,0.29968,0.30026,0.29942,0.29944,277,27,0
1769058000,0.29961,0.29962,0.29909,0.29939,194,26,0
1769061600,0.29938,0.29982,0.29930,0.29980,136,26,0
1769065200,0.29980,0.30112,0.29945,0.30094,257,26,0
1769068800,0.30088,0.30126,0.30008,0.30017,310,26,0
1769072400,0.30017,0.30043,0.29892,0.29910,417,27,0
1769076000,0.29909,0.29976,0.29801,0.29952,536,26,0
1769079600,0.29951,0.30031,0.29916,0.30011,269,26,0
1769083200,0.30014,0.30018,0.29931,0.29942,222,26,0
1769086800,0.29937,0.29951,0.29893,0.29913,308,26,0
1769090400,0.29913,0.30048,0.29900,0.30042,302,27,0
1769094000,0.30036,0.30085,0.29975,0.30038,425,26,0
1769097600,0.30037,0.30106,0.29917,0.29991,712,27,0
1769101200,0.29991,0.30056,0.29950,0.29996,848,27,0
1769104800,0.30003,0.30104,0.29981,0.30101,449,27,0
1769108400,0.30101,0.30303,0.30100,0.30256,539,27,0
1769112000,0.30256,0.30321,0.30227,0.30312,483,26,0
1769115600,0.30314,0.30400,0.30276,0.30397,562,27,0
1769119200,0.30396,0.30657,0.30395,0.30638,602,27,0
1769122800,0.30636,0.30706,0.30615,0.30674,434,27,0
1769126400,0.30679,0.30763,0.30622,0.30626,515,27,0
1769130000,0.30626,0.30643,0.30473,0.30514,374,27,0
1769133600,0.30512,0.30752,0.30512,0.30687,454,27,0
1769137200,0.30688,0.30732,0.30624,0.30727,251,26,0
1769140800,0.30729,0.30815,0.30723,0.30811,228,26,0
1769144400,0.30816,0.30921,0.30816,0.30898,291,26,0
1769148000,0.30909,0.31001,0.30766,0.30834,519,27,0
1769151600,0.30836,0.30953,0.30778,0.30951,415,27,0
1769155200,0.30940,0.31075,0.30774,0.30818,741,27,0
1769158800,0.30818,0.30923,0.30800,0.30913,314,27,0
1769162400,0.30913,0.30926,0.30818,0.30821,348,27,0
1769166000,0.30819,0.30861,0.30774,0.30824,370,27,0
1769169600,0.30821,0.30976,0.30790,0.30825,532,27,0
1769173200,0.30826,0.30826,0.30590,0.30606,501,26,0
1769176800,0.30594,0.30615,0.30493,0.30499,447,26,0
1769180400,0.30498,0.30498,0.30169,0.30272,640,27,0
1769184000,0.30269,0.30343,0.29852,0.29862,1132,27,0
1769187600,0.29870,0.29958,0.29766,0.29872,1034,27,0
1769191200,0.29874,0.30055,0.29853,0.29955,872,27,0
1769194800,0.29957,0.30048,0.29893,0.29918,892,27,0
1769198400,0.29919,0.29932,0.29848,0.29848,641,27,0
1769202000,0.29849,0.29909,0.29814,0.29896,651,27,0
1769205600,0.29900,0.29900,0.29791,0.29824,527,26,0
1769209200,0.29824,0.29842,0.29581,0.29585,752,26,0
1769220000,0.29750,0.29769,0.29675,0.29740,304,26,0
1769223600,0.29740,0.29791,0.29725,0.29781,168,26,0
1769227200,0.29781,0.29791,0.29682,0.29691,189,26,0
1769230800,0.29688,0.29712,0.29652,0.29681,247,26,0
1769234400,0.29669,0.29731,0.29623,0.29712,213,26,0
1769238000,0.29712,0.29731,0.29674,0.29702,174,26,0
1769241600,0.29702,0.29705,0.29650,0.29691,146,26,0
1769245200,0.29691,0.29712,0.29648,0.29673,187,26,0
1769248800,0.29721,0.29781,0.29691,0.29723,242,27,0
1769252400,0.29723,0.29725,0.29634,0.29667,206,26,0
1769256000,0.29667,0.29701,0.29461,0.29467,434,26,0
1769259600,0.29465,0.29501,0.29437,0.29490,267,27,0
1769263200,0.29490,0.29502,0.29353,0.29381,335,26,0
1769266800,0.29381,0.29521,0.29381,0.29503,270,26,0
1769270400,0.29501,0.29612,0.29496,0.29604,305,26,0
1769274000,0.29605,0.29622,0.29540,0.29577,218,26,0
1769277600,0.29578,0.29592,0.29558,0.29572,238,27,0
1769281200,0.29572,0.29592,0.29537,0.29581,232,27,0
1769284800,0.29584,0.29651,0.29555,0.29643,222,27,0
1769288400,0.29643,0.29732,0.29603,0.29615,312,26,0
1769292000,0.29619,0.29634,0.29469,0.29523,321,27,0
1769295600,0.29525,0.29582,0.29511,0.29550,207,26,0
1769299200,0.29549,0.29567,0.29506,0.29535,203,26,0
1769302800,0.29536,0.29542,0.29488,0.29504,241,27,0
1769306400,0.29504,0.29549,0.29474,0.29531,225,27,0
1769310000,0.29536,0.29551,0.29508,0.29541,151,27,0
1769313600,0.29548,0.29571,0.29515,0.29534,198,27,0
1769317200,0.29533,0.29571,0.29513,0.29564,155,26,0
1769320800,0.29563,0.29598,0.29507,0.29589,215,26,0
1769324400,0.29592,0.29601,0.29522,0.29523,179,26,0
1769328000,0.29523,0.29572,0.29517,0.29553,182,26,0
1769331600,0.29553,0.29574,0.29529,0.29533,156,27,0
1769335200,0.29532,0.29609,0.29530,0.29579,245,26,0
1769338800,0.29584,0.29722,0.29584,0.29701,234,26,0
1769342400,0.29697,0.29722,0.29634,0.29705,284,26,0
1769346000,0.29705,0.29722,0.29673,0.29707,172,27,0
1769349600,0.29707,0.29793,0.29697,0.29742,281,26,0
1769353200,0.29740,0.29838,0.29722,0.29834,235,26,0
1769356800,0.29823,0.29865,0.29721,0.29792,328,26,0
1769360400,0.29779,0.29801,0.29755,0.29775,180,26,0
1769364000,0.29774,0.29782,0.29667,0.29731,673,27,0
1769367600,0.29736,0.29746,0.29655,0.29712,255,26,0
1769371200,0.29711,0.29755,0.29585,0.29591,595,27,0
1769374800,0.29587,0.29609,0.29387,0.29428,705,27,0
1769378400,0.29426,0.29482,0.29423,0.29475,318,26,0
1769382000,0.29475,0.29541,0.29475,0.29510,249,26,0
1769385600,0.29491,0.29531,0.29443,0.29501,277,27,0
1769389200,0.29500,0.29581,0.29467,0.29526,338,26,0
1769392800,0.29527,0.29615,0.29526,0.29613,287,27,0
1769396400,0.29615,0.29672,0.29580,0.29632,311,26,0
1769400000,0.29635,0.29650,0.29603,0.29636,233,27,0
1769403600,0.29661,0.29661,0.29602,0.29629,196,26,0
1769407200,0.29633,0.29693,0.29633,0.29654,188,27,0
1769410800,0.29681,0.29712,0.29663,0.29686,180,26,0
1769414400,0.29683,0.29712,0.29668,0.29694,178,27,0
1769418000,0.29687,0.29690,0.29564,0.29600,239,26,0
1769421600,0.29604,0.29634,0.29564,0.29607,289,26,0
1769425200,0.29603,0.29606,0.29482,0.29486,375,26,0
1769428800,0.29487,0.29551,0.29485,0.29534,206,26,0
1769432400,0.29545,0.29561,0.29486,0.29521,210,27,0
1769436000,0.29512,0.29516,0.29457,0.29486,203,26,0
1769439600,0.29512,0.29551,0.29452,0.29470,352,27,0
1769443200,0.29467,0.29474,0.29432,0.29462,380,26,0
1769446800,0.29462,0.29565,0.29446,0.29454,481,26,0
1769450400,0.29454,0.29605,0.29434,0.29593,350,27,0
1769454000,0.29588,0.29632,0.29572,0.29619,191,26,0
1769457600,0.29619,0.29621,0.29556,0.29598,248,27,0
1769461200,0.29603,0.29662,0.29596,0.29642,173,26,0
1769464800,0.29642,0.29692,0.29631,0.29666,180,26,0
1769468400,0.29664,0.29664,0.29606,0.29642,195,26,0
1769472000,0.29640,0.29672,0.29627,0.29651,209,26,0
1769475600,0.29651,0.29677,0.29621,0.29630,213,26,0
1769479200,0.29630,0.29642,0.29570,0.29611,210,26,0
1769482800,0.29608,0.29631,0.29570,0.29581,166,26,0
1769486400,0.29601,0.29612,0.29522,0.29525,203,26,0
1769490000,0.29523,0.29601,0.29522,0.29563,192,26,0
1769493600,0.29561,0.29581,0.29533,0.29546,207,26,0
1769497200,0.29571,0.29581,0.29534,0.29570,158,26,0
1769500800,0.29581,0.29581,0.29523,0.29551,151,26,0
1769504400,0.29540,0.29551,0.29487,0.29509,169,26,0
1769508000,0.29508,0.29542,0.29414,0.29417,244,27,0
1769511600,0.29414,0.29476,0.29400,0.29403,202,26,0
1769515200,0.29401,0.29451,0.29377,0.29415,247,26,0
1769518800,0.29421,0.29451,0.29360,0.29360,205,27,0
1769522400,0.29361,0.29412,0.29352,0.29376,201,26,0
1769526000,0.29378,0.29402,0.29302,0.29339,263,26,0
1769529600,0.29336,0.29344,0.29263,0.29270,433,27,0
1769533200,0.29266,0.29351,0.29262,0.29330,330,27,0
1769536800,0.29341,0.29491,0.29338,0.29452,629,27,0
1769540400,0.29452,0.29474,0.29351,0.29381,455,27,0
1769544000,0.29381,0.29426,0.29339,0.29407,313,27,0
1769547600,0.29405,0.29442,0.29401,0.29437,186,26,0
1769551200,0.29427,0.29485,0.29411,0.29457,432,27,0
1769554800,0.29455,0.29458,0.29410,0.29436,249,26,0
1769558400,0.29437,0.29461,0.29409,0.29415,273,26,0
1769562000,0.29414,0.29451,0.29397,0.29438,200,26,0
1769565600,0.29438,0.29441,0.29343,0.29373,311,27,0
1769569200,0.29378,0.29412,0.29319,0.29322,215,26,0
1769572800,0.29322,0.29369,0.29322,0.29359,228,26,0
1769576400,0.29361,0.29411,0.29297,0.29300,233,26,0
1769580000,0.29299,0.29304,0.29247,0.29290,252,26,0
1769583600,0.29295,0.29331,0.29279,0.29303,208,26,0
1769587200,0.29303,0.29351,0.29274,0.29326,218,26,0
1769590800,0.29341,0.29341,0.29282,0.29328,182,26,0
1769594400,0.29324,0.29342,0.29162,0.29178,323,26,0
1769598000,0.29180,0.29232,0.29141,0.29167,500,27,0
1769601600,0.29172,0.29228,0.29154,0.29199,418,26,0
1769605200,0.29198,0.29259,0.29161,0.29256,443,27,0
1769608800,0.29257,0.29277,0.29203,0.29224,338,26,0
1769612400,0.29227,0.29233,0.29201,0.29217,269,26,0
1769616000,0.29214,0.29241,0.29045,0.29078,482,26,0
1769619600,0.29083,0.29145,0.29051,0.29073,422,27,0
1769623200,0.29084,0.29112,0.29040,0.29076,325,26,0
1769626800,0.29072,0.29321,0.29055,0.29305,539,26,0
1769630400,0.29309,0.29348,0.29286,0.29341,364,26,0
1769634000,0.29339,0.29377,0.29312,0.29342,395,26,0
1769637600,0.29344,0.29432,0.29308,0.29335,439,26,0
1769641200,0.29339,0.29441,0.29322,0.29421,231,27,0
1769644800,0.29429,0.29485,0.29415,0.29483,319,27,0
1769648400,0.29481,0.29531,0.29435,0.29508,347,27,0
1769652000,0.29515,0.29541,0.29484,0.29529,291,26,0
1769655600,0.29527,0.29541,0.29457,0.29468,233,26,0
1769659200,0.29469,0.29501,0.29396,0.29429,430,26,0
1769662800,0.29428,0.29452,0.29387,0.29407,281,27,0
1769666400,0.29400,0.29455,0.29399,0.29448,222,26,0
1769670000,0.29454,0.29482,0.29419,0.29474,210,26,0
1769673600,0.29467,0.29511,0.29347,0.29366,281,26,0
1769677200,0.29367,0.29482,0.29365,0.29460,218,26,0
1769680800,0.29460,0.29471,0.29380,0.29433,294,27,0
1769684400,0.29430,0.29492,0.29409,0.29471,237,26,0
1769688000,0.29473,0.29493,0.29431,0.29485,217,27,0
1769691600,0.29483,0.29502,0.29443,0.29445,235,27,0
1769695200,0.29447,0.29482,0.29428,0.29471,241,26,0
1769698800,0.29464,0.29495,0.29450,0.29470,267,26,0
1769702400,0.29472,0.29477,0.29292,0.29297,600,27,0
1769706000,0.29300,0.29358,0.29123,0.29168,1551,27,0
1769709600,0.29167,0.29167,0.29036,0.29128,734,27,0
1769713200,0.29126,0.29208,0.29096,0.29096,544,27,0
1769716800,0.29095,0.29144,0.29014,0.29016,543,26,0
1769720400,0.29013,0.29310,0.28943,0.29293,835,27,0
1769724000,0.29287,0.29321,0.29234,0.29294,378,27,0
1769727600,0.29289,0.29474,0.29263,0.29470,475,27,0
1769731200,0.29476,0.29487,0.29443,0.29468,383,27,0
1769734800,0.29469,0.29522,0.29420,0.29481,382,26,0
1769738400,0.29481,0.29523,0.29426,0.29435,309,27,0
1769742000,0.29434,0.29465,0.29227,0.29259,1126,27,0
1769745600,0.29254,0.29283,0.29119,0.29178,944,27,0
1769749200,0.29181,0.29273,0.29166,0.29237,476,27,0
1769752800,0.29236,0.29264,0.29192,0.29256,336,27,0
1769756400,0.29257,0.29262,0.29134,0.29193,297,27,0
1769760000,0.29196,0.29196,0.29036,0.29081,580,27,0
1769763600,0.29085,0.29178,0.29046,0.29046,633,26,0
1769767200,0.29045,0.29060,0.28913,0.28930,656,27,0
1769770800,0.28934,0.28972,0.28847,0.28907,738,26,0
1769774400,0.28902,0.28913,0.28770,0.28873,640,27,0
1769778000,0.28876,0.28993,0.28861,0.28984,404,27,0
1769781600,0.28982,0.28989,0.28867,0.28968,491,27,0
1769785200,0.28968,0.29166,0.28968,0.29151,804,27,0
1769788800,0.29150,0.29237,0.29043,0.29070,956,27,0
1769792400,0.29074,0.29152,0.29017,0.29138,1086,27,0
1769796000,0.29139,0.29258,0.29129,0.29237,615,27,0
1769799600,0.29237,0.29283,0.29202,0.29282,564,27,0
1769803200,0.29282,0.29376,0.29158,0.29358,1223,27,0
1769806800,0.29362,0.29477,0.29361,0.29450,642,27,0
1769810400,0.29449,0.29515,0.29250,0.29272,993,27,0
1769814000,0.29274,0.29397,0.29272,0.29373,456,27,0
1769824800,0.29412,0.29413,0.29305,0.29311,298,26,0
1769828400,0.29307,0.29353,0.29246,0.29246,233,27,0
1769832000,0.29245,0.29292,0.29244,0.29261,215,26,0
1769835600,0.29260,0.29291,0.29246,0.29267,152,26,0
1769839200,0.29267,0.29292,0.29211,0.29211,177,26,0
1769842800,0.29214,0.29251,0.29143,0.29149,235,26,0
1769846400,0.29149,0.29202,0.29123,0.29141,281,26,0
1769850000,0.29129,0.29192,0.29113,0.29166,259,26,0
1769853600,0.29161,0.29171,0.29072,0.29076,537,27,0
1769857200,0.29072,0.29102,0.29033,0.29061,232,27,0
1769860800,0.29061,0.29102,0.29035,0.29076,200,26,0
1769864400,0.29076,0.29156,0.29064,0.29152,293,27,0
1769868000,0.29154,0.29171,0.28921,0.28923,505,26,0
1769871600,0.28928,0.28978,0.28832,0.28865,763,27,0
1769875200,0.28865,0.28874,0.28644,0.28699,2397,26,0
1769878800,0.28696,0.28765,0.28635,0.28693,1548,27,0
1769882400,0.28692,0.28785,0.28596,0.28599,1921,27,0
1769886000,0.28601,0.28633,0.28387,0.28452,3080,27,0
1769889600,0.28451,0.28488,0.28234,0.28382,3245,27,0
1769893200,0.28382,0.28564,0.28353,0.28514,2147,27,0
1769896800,0.28509,0.28536,0.28374,0.28430,1446,27,0
1769900400,0.28432,0.28601,0.28383,0.28573,912,27,0
1769904000,0.28578,0.28582,0.28508,0.28527,627,27,0
1769907600,0.28533,0.28654,0.28490,0.28638,825,27,0
1769911200,0.28633,0.28634,0.28542,0.28580,866,27,0
1769914800,0.28581,0.28628,0.28569,0.28618,255,27,0
1769918400,0.28568,0.28609,0.28541,0.28577,364,27,0
1769922000,0.28581,0.28600,0.28552,0.28569,289,27,0
1769925600,0.28570,0.28655,0.28521,0.28560,421,26,0
1769929200,0.28560,0.28575,0.28512,0.28515,461,27,0
1769932800,0.28519,0.28678,0.28518,0.28661,465,27,0
1769936400,0.28658,0.28749,0.28619,0.28695,431,27,0
1769940000,0.28694,0.28709,0.28617,0.28629,476,26,0
1769943600,0.28631,0.28671,0.28599,0.28643,428,27,0
1769947200,0.28640,0.28643,0.28487,0.28501,623,26,0
1769950800,0.28505,0.28582,0.28505,0.28554,435,26,0
1769954400,0.28553,0.28561,0.28492,0.28520,362,26,0
1769958000,0.28522,0.28601,0.28522,0.28544,461,27,0
1769961600,0.28543,0.28553,0.28442,0.28543,927,27,0
1769965200,0.28543,0.28557,0.28387,0.28399,1290,27,0
1769968800,0.28399,0.28409,0.28290,0.28322,1535,27,0
1769972400,0.28324,0.28482,0.28314,0.28453,567,27,0
1769976000,0.28453,0.28611,0.28453,0.28590,986,27,0
1769979600,0.28589,0.28669,0.28582,0.28608,640,27,0
1769983200,0.28606,0.28610,0.28436,0.28543,985,27,0
1769986800,0.28539,0.28549,0.28407,0.28416,814,27,0
1769990400,0.28419,0.28535,0.28405,0.28477,945,27,0
1769994000,0.28480,0.28518,0.28349,0.28450,1386,27,0
1769997600,0.28451,0.28530,0.28389,0.28464,1063,27,0
1770001200,0.28461,0.28474,0.28337,0.28385,1183,27,0
1770004800,0.28386,0.28386,0.28307,0.28309,690,27,0
1770008400,0.28314,0.28325,0.28121,0.28234,1915,27,0
1770012000,0.28235,0.28335,0.28139,0.28268,1147,27,0
1770015600,0.28269,0.28272,0.28112,0.28134,1072,27,0
1770019200,0.28133,0.28270,0.28057,0.28253,1776,27,0
1770022800,0.28260,0.28356,0.28243,0.28337,1136,27,0
1770026400,0.28329,0.28426,0.28317,0.28379,953,27,0
1770030000,0.28379,0.28430,0.28311,0.28353,1173,27,0
1770033600,0.28352,0.28392,0.28315,0.28372,729,27,0
1770037200,0.28371,0.28410,0.28308,0.28336,631,27,0
1770040800,0.28336,0.28358,0.28261,0.28268,476,26,0
1770044400,0.28263,0.28327,0.28260,0.28324,270,26,0
1770048000,0.28321,0.28329,0.28227,0.28278,815,26,0
1770051600,0.28277,0.28399,0.28251,0.28398,967,27,0
1770055200,0.28398,0.28459,0.28350,0.28386,991,27,0
1770058800,0.28383,0.28426,0.28339,0.28353,575,27,0
1770062400,0.28350,0.28382,0.28308,0.28315,447,27,0
1770066000,0.28314,0.28351,0.28252,0.28260,428,26,0
1770069600,0.28259,0.28298,0.28242,0.28285,365,27,0
1770073200,0.28284,0.28330,0.28257,0.28327,444,26,0
1770076800,0.28327,0.28371,0.28293,0.28312,453,26,0
1770080400,0.28305,0.28319,0.28282,0.28308,347,27,0
1770084000,0.28312,0.28321,0.28244,0.28287,427,26,0
1770087600,0.28276,0.28383,0.28248,0.28366,339,26,0
1770091200,0.28367,0.28367,0.28264,0.28277,328,27,0
1770094800,0.28274,0.28341,0.28248,0.28314,298,26,0
1770098400,0.28314,0.28342,0.28298,0.28311,192,27,0
1770102000,0.28309,0.28322,0.28279,0.28298,142,27,0
1770105600,0.28298,0.28351,0.28283,0.28323,245,26,0
1770109200,0.28316,0.28371,0.28313,0.28340,312,26,0
1770112800,0.28341,0.28376,0.28325,0.28339,343,27,0
1770116400,0.28346,0.28359,0.28292,0.28301,368,27,0
1770120000,0.28298,0.28371,0.28273,0.28273,228,26,0
1770123600,0.28272,0.28321,0.28271,0.28301,133,26,0
1770127200,0.28301,0.28336,0.28280,0.28281,159,26,0
1770130800,0.28281,0.28311,0.28270,0.28300,128,26,0
1770134400,0.28300,0.28312,0.28257,0.28257,224,27,0
1770138000,0.28271,0.28304,0.28266,0.28291,266,27,0
1770141600,0.28292,0.28342,0.28269,0.28277,381,27,0
1770145200,0.28283,0.28313,0.28232,0.28271,287,27,0
1770148800,0.28269,0.28317,0.28085,0.28085,829,27,0
1770152400,0.28086,0.28381,0.28083,0.28340,1352,27,0
1770156000,0.28339,0.28585,0.28314,0.28581,1179,27,0
1770159600,0.28579,0.28667,0.28565,0.28646,762,27,0
1770163200,0.28638,0.28651,0.28581,0.28594,676,27,0
1770166800,0.28589,0.28589,0.28527,0.28580,564,27,0
1770170400,0.28577,0.28661,0.28566,0.28643,446,27,0
1770174000,0.28643,0.28705,0.28625,0.28649,481,27,0
1770177600,0.28652,0.28674,0.28584,0.28638,407,26,0
1770181200,0.28633,0.28681,0.28632,0.28669,460,26,0
1770184800,0.28671,0.28692,0.28638,0.28653,332,27,0
1770188400,0.28654,0.28680,0.28632,0.28639,386,27,0
1770192000,0.28640,0.28703,0.28634,0.28696,399,26,0
1770195600,0.28699,0.28732,0.28657,0.28659,514,27,0
1770199200,0.28664,0.28671,0.28630,0.28649,388,27,0
1770202800,0.28648,0.28690,0.28633,0.28676,344,26,0
1770206400,0.28676,0.28726,0.28656,0.28723,293,27,0
1770210000,0.28725,0.28725,0.28652,0.28665,488,26,0
1770213600,0.28667,0.28674,0.28442,0.28444,412,26,0
1770217200,0.28433,0.28465,0.28398,0.28416,673,27,0
1770220800,0.28416,0.28468,0.28332,0.28351,922,27,0
1770224400,0.28351,0.28423,0.28344,0.28367,1149,27,0
1770228000,0.28364,0.28383,0.28255,0.28290,1081,27,0
1770231600,0.28290,0.28311,0.28169,0.28220,1171,27,0
1770235200,0.28222,0.28429,0.28173,0.28403,1587,27,0
1770238800,0.28403,0.28453,0.28335,0.28414,1092,27,0
1770242400,0.28410,0.28429,0.28326,0.28350,603,27,0
1770246000,0.28358,0.28360,0.28233,0.28256,700,27,0
1770249600,0.28257,0.28354,0.28184,0.28210,771,27,0
1770253200,0.28214,0.28326,0.28205,0.28309,571,27,0
1770256800,0.28312,0.28321,0.28242,0.28243,391,26,0
1770260400,0.28244,0.28357,0.28183,0.28190,918,27,0
1770264000,0.28191,0.28197,0.28076,0.28117,1199,27,0
1770267600,0.28118,0.28197,0.28012,0.28102,1341,27,0
1770271200,0.28105,0.28162,0.28022,0.28079,1202,27,0
1770274800,0.28078,0.28101,0.27993,0.28030,1296,27,0
1770278400,0.28034,0.28051,0.27954,0.28033,1047,27,0
1770282000,0.28033,0.28105,0.28026,0.28035,700,27,0
1770285600,0.28033,0.28035,0.27964,0.28005,793,27,0
1770289200,0.28006,0.28120,0.28006,0.28111,744,26,0
1770292800,0.28113,0.28132,0.28009,0.28026,719,27,0
1770296400,0.28025,0.28035,0.27833,0.27866,1761,27,0
1770300000,0.27865,0.27883,0.27700,0.27729,1549,27,0
1770303600,0.27730,0.27845,0.27725,0.27761,1076,27,0
1770307200,0.27763,0.27947,0.27736,0.27814,2367,27,0
1770310800,0.27814,0.27828,0.27582,0.27719,3017,27,0
1770314400,0.27716,0.27819,0.27637,0.27789,2209,27,0
1770318000,0.27796,0.27801,0.27623,0.27637,2058,27,0
1770321600,0.27641,0.27666,0.27248,0.27324,2213,27,0
1770325200,0.27324,0.27335,0.27229,0.27250,1745,27,0
1770328800,0.27249,0.27263,0.27067,0.27136,3378,27,0
1770332400,0.27135,0.27235,0.26994,0.27032,3162,27,0
1770336000,0.27032,0.27105,0.26914,0.26986,2138,27,0
1770339600,0.26991,0.27079,0.26836,0.26850,2086,27,0
1770343200,0.26852,0.26957,0.26611,0.26932,4730,27,0
1770346800,0.26937,0.27118,0.26908,0.27105,1676,27,0
1770350400,0.27107,0.27211,0.26972,0.26988,1514,27,0
1770354000,0.26988,0.27015,0.26904,0.26915,1238,27,0
1770357600,0.26915,0.27052,0.26898,0.26942,900,27,0
1770361200,0.26941,0.27151,0.26927,0.27151,886,27,0
1770364800,0.27155,0.27167,0.26868,0.26885,1049,27,0
1770368400,0.26885,0.26930,0.26816,0.26858,992,27,0
1770372000,0.26863,0.26974,0.26772,0.26891,1173,27,0
1770375600,0.26891,0.27002,0.26794,0.26992,2542,27,0
1770379200,0.26988,0.26990,0.26850,0.26953,1485,27,0
1770382800,0.26955,0.26992,0.26883,0.26923,811,27,0
1770386400,0.26920,0.26920,0.26828,0.26851,662,27,0
1770390000,0.26854,0.26989,0.26837,0.26972,1526,27,0
1770393600,0.26970,0.27108,0.26909,0.27074,1699,27,0
1770397200,0.27077,0.27206,0.27045,0.27204,1463,27,0
1770400800,0.27208,0.27291,0.27172,0.27289,902,27,0
1770404400,0.27287,0.27374,0.27257,0.27288,954,27,0
1770408000,0.27289,0.27325,0.27180,0.27243,1132,27,0
1770411600,0.27251,0.27285,0.27186,0.27245,919,27,0
1770415200,0.27241,0.27321,0.27227,0.27276,780,27,0
1770418800,0.27273,0.27333,0.27225,0.27325,519,26,0
1770429600,0.27398,0.27413,0.27275,0.27334,753,27,0
1770433200,0.27335,0.27381,0.27294,0.27353,397,27,0
1770436800,0.27353,0.27395,0.27338,0.27395,312,26,0
1770440400,0.27395,0.27474,0.27395,0.27469,463,26,0
1770444000,0.27474,0.27553,0.27471,0.27544,390,26,0
1770447600,0.27545,0.27573,0.27440,0.27520,512,27,0
1770451200,0.27518,0.27605,0.27466,0.27476,570,27,0
1770454800,0.27476,0.27514,0.27320,0.27351,1489,27,0
1770458400,0.27344,0.27457,0.27329,0.27426,593,26,0
1770462000,0.27426,0.27465,0.27356,0.27383,395,27,0
1770465600,0.27377,0.27402,0.27335,0.27401,345,27,0
1770469200,0.27390,0.27449,0.27380,0.27424,354,27,0
1770472800,0.27410,0.27554,0.27410,0.27502,869,27,0
1770476400,0.27504,0.27571,0.27480,0.27569,494,26,0
1770480000,0.27571,0.27580,0.27464,0.27484,536,26,0
1770483600,0.27481,0.27572,0.27468,0.27531,605,27,0
1770487200,0.27530,0.27587,0.27504,0.27578,2214,27,0
1770490800,0.27582,0.27661,0.27567,0.27649,421,27,0
1770494400,0.27649,0.27730,0.27649,0.27723,536,27,0
1770498000,0.27726,0.27752,0.27697,0.27752,279,27,0
1770501600,0.27752,0.27765,0.27707,0.27748,340,26,0
1770505200,0.27748,0.27787,0.27679,0.27780,303,26,0
1770508800,0.27780,0.27852,0.27770,0.27840,311,27,0
1770512400,0.27840,0.27852,0.27749,0.27784,397,27,0
1770516000,0.27787,0.27800,0.27674,0.27711,444,27,0
1770519600,0.27716,0.27751,0.27671,0.27672,174,27,0
1770523200,0.27730,0.27752,0.27719,0.27738,220,26,0
1770526800,0.27741,0.27746,0.27655,0.27666,283,26,0
1770530400,0.27665,0.27669,0.27598,0.27667,282,26,0
1770534000,0.27667,0.27678,0.27595,0.27601,219,27,0
1770537600,0.27601,0.27651,0.27594,0.27641,272,26,0
1770541200,0.27643,0.27691,0.27620,0.27686,297,26,0
1770544800,0.27686,0.27786,0.27633,0.27742,767,26,0
1770548400,0.27741,0.27741,0.27684,0.27693,488,27,0
1770552000,0.27692,0.27751,0.27692,0.27746,380,27,0
1770555600,0.27746,0.27842,0.27742,0.27833,440,26,0
1770559200,0.27832,0.27925,0.27831,0.27924,407,26,0
1770562800,0.27923,0.27927,0.27799,0.27839,562,27,0
1770566400,0.27838,0.27868,0.27829,0.27856,350,27,0
1770570000,0.27856,0.27894,0.27825,0.27883,470,27,0
1770573600,0.27883,0.27941,0.27847,0.27859,477,26,0
1770577200,0.27859,0.27911,0.27844,0.27902,360,26,0
1770580800,0.27902,0.27912,0.27850,0.27884,321,27,0
1770584400,0.27884,0.27930,0.27867,0.27925,236,27,0
1770588000,0.27927,0.27927,0.27877,0.27877,254,26,0
1770591600,0.27875,0.27886,0.27809,0.27836,292,26,0
1770595200,0.27838,0.27882,0.27792,0.27805,286,26,0
1770598800,0.27806,0.27861,0.27743,0.27744,794,27,0
1770602400,0.27740,0.27769,0.27709,0.27740,441,26,0
1770606000,0.27738,0.27821,0.27702,0.27720,522,27,0
1770609600,0.27719,0.27800,0.27712,0.27773,345,26,0
1770613200,0.27774,0.27907,0.27774,0.27891,415,27,0
1770616800,0.27888,0.27902,0.27878,0.27887,165,26,0
1770620400,0.27888,0.27911,0.27852,0.27861,223,27,0
1770624000,0.27861,0.27869,0.27812,0.27829,319,26,0
1770627600,0.27826,0.27862,0.27787,0.27805,332,26,0
1770631200,0.27801,0.27875,0.27757,0.27875,514,26,0
1770634800,0.27874,0.27902,0.27834,0.27839,432,27,0
1770638400,0.27836,0.27843,0.27698,0.27713,671,27,0
1770642000,0.27713,0.27734,0.27677,0.27719,436,27,0
1770645600,0.27720,0.27819,0.27707,0.27815,425,26,0
1770649200,0.27816,0.27868,0.27774,0.27778,456,27,0
1770652800,0.27780,0.27787,0.27581,0.27692,1226,27,0
1770656400,0.27695,0.27807,0.27661,0.27747,874,26,0
1770660000,0.27745,0.27829,0.27688,0.27822,678,26,0
1770663600,0.27823,0.27863,0.27812,0.27853,458,26,0
1770667200,0.27855,0.27877,0.27814,0.27839,401,26,0
1770670800,0.27839,0.27872,0.27832,0.27864,299,26,0
1770674400,0.27863,0.27892,0.27829,0.27855,279,27,0
1770678000,0.27855,0.27863,0.27830,0.27854,298,26,0
1770681600,0.27854,0.27911,0.27851,0.27893,297,27,0
1770685200,0.27892,0.27901,0.27842,0.27891,239,26,0
1770688800,0.27891,0.27924,0.27838,0.27882,299,26,0
1770692400,0.27883,0.27921,0.27867,0.27903,281,27,0
1770696000,0.27906,0.28001,0.27890,0.27995,361,26,0
1770699600,0.27996,0.28022,0.27806,0.27827,636,27,0
1770703200,0.27828,0.27861,0.27781,0.27783,206,26,0
1770706800,0.27777,0.27793,0.27732,0.27744,348,26,0
1770710400,0.27740,0.27762,0.27662,0.27674,466,27,0
1770714000,0.27673,0.27722,0.27654,0.27662,267,26,0
1770717600,0.27660,0.27698,0.27631,0.27695,306,27,0
1770721200,0.27694,0.27717,0.27612,0.27624,351,26,0
1770724800,0.27623,0.27642,0.27573,0.27624,288,26,0
1770728400,0.27624,0.27658,0.27603,0.27619,367,27,0
1770732000,0.27615,0.27682,0.27615,0.27628,312,26,0
1770735600,0.27637,0.27763,0.27607,0.27757,421,27,0
1770739200,0.27761,0.27807,0.27674,0.27770,966,27,0
1770742800,0.27767,0.27789,0.27723,0.27733,554,26,0
1770746400,0.27737,0.27802,0.27727,0.27783,306,27,0
1770750000,0.27777,0.27799,0.27752,0.27783,300,26,0
1770753600,0.27781,0.27790,0.27691,0.27729,404,27,0
1770757200,0.27727,0.27802,0.27727,0.27778,279,27,0
1770760800,0.27780,0.27785,0.27703,0.27762,269,26,0
1770764400,0.27761,0.27801,0.27735,0.27782,271,26,0
1770768000,0.27787,0.27862,0.27777,0.27811,277,26,0
1770771600,0.27810,0.27821,0.27742,0.27783,223,26,0
1770775200,0.27784,0.27802,0.27747,0.27774,221,27,0
1770778800,0.27765,0.27811,0.27728,0.27745,173,27,0
1770782400,0.27745,0.27761,0.27677,0.27691,250,26,0
1770786000,0.27693,0.27701,0.27603,0.27606,587,26,0
1770789600,0.27610,0.27624,0.27516,0.27533,584,26,0
1770793200,0.27531,0.27582,0.27510,0.27541,255,27,0
1770796800,0.27541,0.27541,0.27409,0.27409,590,26,0
1770800400,0.27409,0.27501,0.27390,0.27456,402,26,0
1770804000,0.27457,0.27468,0.27367,0.27370,275,26,0
1770807600,0.27376,0.27411,0.27373,0.27392,262,27,0
1770811200,0.27392,0.27411,0.27346,0.27372,400,27,0
1770814800,0.27372,0.27428,0.27355,0.27375,348,27,0
1770818400,0.27391,0.27393,0.27358,0.27383,359,26,0
1770822000,0.27383,0.27515,0.27377,0.27490,669,26,0
1770825600,0.27491,0.27580,0.27459,0.27490,1243,27,0
1770829200,0.27481,0.27542,0.27415,0.27497,1257,27,0
1770832800,0.27499,0.27622,0.27485,0.27507,671,27,0
1770836400,0.27508,0.27613,0.27488,0.27602,419,26,0
1770840000,0.27602,0.27673,0.27586,0.27664,305,27,0
1770843600,0.27667,0.27716,0.27642,0.27658,410,27,0
1770847200,0.27659,0.27731,0.27657,0.27700,289,26,0
1770850800,0.27702,0.27774,0.27700,0.27774,302,26,0
1770854400,0.27777,0.27802,0.27724,0.27733,357,27,0
1770858000,0.27734,0.27810,0.27675,0.27810,439,26,0
1770861600,0.27808,0.27881,0.27794,0.27876,268,27,0
1770865200,0.27876,0.27893,0.27822,0.27826,183,27,0
1770868800,0.27823,0.27872,0.27823,0.27855,172,26,0
1770872400,0.27853,0.27853,0.27796,0.27848,235,27,0
1770876000,0.27848,0.27908,0.27757,0.27765,535,27,0
1770879600,0.27771,0.27860,0.27753,0.27848,483,26,0
1770883200,0.27847,0.27902,0.27847,0.27896,228,27,0
1770886800,0.27896,0.27946,0.27896,0.27907,362,26,0
1770890400,0.27905,0.27927,0.27859,0.27891,259,27,0
1770894000,0.27891,0.27898,0.27791,0.27799,506,27,0
1770897600,0.27801,0.27831,0.27786,0.27826,245,27,0
1770901200,0.27824,0.27843,0.27782,0.27802,324,26,0
1770904800,0.27804,0.27831,0.27778,0.27803,279,26,0
1770908400,0.27804,0.27847,0.27780,0.27833,343,27,0
1770912000,0.27836,0.27841,0.27763,0.27788,578,27,0
1770915600,0.27787,0.27800,0.27707,0.27715,833,27,0
1770919200,0.27717,0.27725,0.27594,0.27604,1189,27,0
1770922800,0.27608,0.27647,0.27576,0.27599,689,27,0
1770926400,0.27600,0.27690,0.27578,0.27679,511,26,0
1770930000,0.27670,0.27765,0.27670,0.27746,288,26,0
1770933600,0.27745,0.27820,0.27745,0.27807,317,26,0
1770937200,0.27807,0.27912,0.27807,0.27881,303,26,0
1770940800,0.27889,0.28011,0.27889,0.27969,424,26,0
1770944400,0.27968,0.27987,0.27944,0.27978,257,27,0
1770948000,0.27990,0.28025,0.27940,0.27983,366,26,0
1770951600,0.27991,0.28033,0.27975,0.28008,214,26,0
1770955200,0.28006,0.28021,0.27860,0.27889,367,26,0
1770958800,0.27881,0.27903,0.27839,0.27864,280,26,0
1770962400,0.27868,0.27882,0.27813,0.27872,253,26,0
1770966000,0.27873,0.27883,0.27809,0.27824,231,26,0
1770969600,0.27832,0.27832,0.27766,0.27822,242,27,0
1770973200,0.27820,0.27831,0.27769,0.27794,212,26,0
1770976800,0.27794,0.27861,0.27774,0.27841,249,27,0
1770980400,0.27832,0.27834,0.27761,0.27771,194,27,0
1770984000,0.27771,0.27812,0.27748,0.27809,226,27,0
1770987600,0.27808,0.27809,0.27691,0.27705,311,26,0
1770991200,0.27702,0.27722,0.27679,0.27709,315,26,0
1770994800,0.27706,0.27767,0.27669,0.27730,469,27,0
1770998400,0.27730,0.27809,0.27690,0.27781,614,27,0
1771002000,0.27786,0.27880,0.27769,0.27823,775,27,0
1771005600,0.27822,0.27931,0.27809,0.27892,377,26,0
1771009200,0.27893,0.28011,0.27893,0.27983,323,27,0
1771012800,0.27972,0.28058,0.27934,0.28055,334,27,0
1771016400,0.28058,0.28131,0.28037,0.28071,287,26,0
1771020000,0.28073,0.28137,0.28068,0.28124,225,27,0
1771023600,0.28127,0.28212,0.28127,0.28212,187,26,0
1771038000,0.28231,0.28241,0.28206,0.28211,46,27,0
1771041600,0.28207,0.28252,0.28207,0.28250,156,26,0
1771045200,0.28250,0.28287,0.28246,0.28268,180,26,0
1771048800,0.28268,0.28271,0.28191,0.28200,213,26,0
1771052400,0.28197,0.28271,0.28197,0.28265,128,26,0
1771056000,0.28258,0.28272,0.28247,0.28267,119,26,0
1771059600,0.28271,0.28282,0.28241,0.28253,179,26,0
1771063200,0.28247,0.28276,0.28179,0.28213,270,27,0
1771066800,0.28213,0.28241,0.28199,0.28214,166,26,0
1771070400,0.28214,0.28282,0.28197,0.28274,165,26,0
1771074000,0.28274,0.28362,0.28272,0.28332,261,26,0
1771077600,0.28331,0.28372,0.28322,0.28339,236,27,0
1771081200,0.28342,0.28348,0.28264,0.28316,325,26,0
1771084800,0.28319,0.28332,0.28286,0.28297,198,27,0
1771088400,0.28294,0.28325,0.28272,0.28272,243,26,0
1771092000,0.28273,0.28305,0.28220,0.28277,440,27,0
1771095600,0.28279,0.28312,0.28271,0.28283,204,26,0
1771099200,0.28281,0.28321,0.28266,0.28286,214,26,0
1771102800,0.28283,0.28312,0.28266,0.28274,208,26,0
1771106400,0.28272,0.28292,0.28242,0.28249,208,27,0
1771110000,0.28251,0.28272,0.28207,0.28249,318,26,0
1771113600,0.28246,0.28284,0.28236,0.28248,256,26,0
1771117200,0.28247,0.28257,0.28203,0.28226,311,27,0
1771120800,0.28232,0.28256,0.28185,0.28190,263,27,0
1771124400,0.28190,0.28208,0.28156,0.28168,133,27,0
1771128000,0.28152,0.28191,0.28121,0.28161,292,27,0
1771131600,0.28161,0.28174,0.28079,0.28148,406,27,0
1771135200,0.28147,0.28211,0.28145,0.28197,312,27,0
1771138800,0.28200,0.28212,0.28134,0.28145,299,27,0
1771142400,0.28147,0.28172,0.28133,0.28171,220,26,0
1771146000,0.28173,0.28214,0.28142,0.28179,271,27,0
1771149600,0.28180,0.28195,0.28114,0.28136,393,27,0
1771153200,0.28136,0.28151,0.28082,0.28100,186,26,0
1771156800,0.28100,0.28102,0.28037,0.28082,315,26,0
1771160400,0.28082,0.28102,0.28067,0.28077,184,26,0
1771164000,0.28076,0.28111,0.27951,0.27985,520,27,0
1771167600,0.27998,0.28072,0.27993,0.28021,519,27,0
1771171200,0.28028,0.28045,0.27981,0.28014,353,26,0
1771174800,0.28013,0.28066,0.27983,0.28042,483,26,0
1771178400,0.28042,0.28044,0.27991,0.28026,336,27,0
1771182000,0.28026,0.28031,0.27947,0.27986,498,27,0
1771185600,0.27987,0.28001,0.27943,0.27964,422,27,0
1771189200,0.27964,0.27994,0.27946,0.27974,456,27,0
1771192800,0.27975,0.28001,0.27952,0.27988,422,27,0
1771196400,0.27988,0.28022,0.27979,0.27984,216,26,0
1771200000,0.27986,0.28074,0.27955,0.28052,358,26,0
1771203600,0.28053,0.28056,0.27995,0.28020,318,26,0
1771207200,0.28019,0.28061,0.28016,0.28039,263,26,0
1771210800,0.28036,0.28064,0.27961,0.28010,229,27,0
1771214400,0.28010,0.28021,0.27961,0.27966,180,26,0
1771218000,0.27966,0.27992,0.27918,0.27937,210,26,0
1771221600,0.27936,0.28002,0.27925,0.27999,207,26,0
1771225200,0.27999,0.28021,0.27962,0.27964,252,26,0
1771228800,0.27963,0.27994,0.27941,0.27959,176,26,0
1771232400,0.27958,0.27969,0.27925,0.27943,248,27,0
1771236000,0.27935,0.27972,0.27916,0.27940,191,26,0
1771239600,0.27939,0.28055,0.27936,0.28028,262,26,0
1771243200,0.28034,0.28045,0.28010,0.28038,243,26,0
1771246800,0.28042,0.28057,0.28006,0.28044,253,26,0
1771250400,0.28052,0.28114,0.28035,0.28113,387,27,0
1771254000,0.28116,0.28137,0.28014,0.28079,545,27,0
1771257600,0.28076,0.28172,0.28068,0.28166,321,26,0
1771261200,0.28174,0.28206,0.28128,0.28189,509,27,0
1771264800,0.28189,0.28287,0.28179,0.28223,388,26,0
1771268400,0.28233,0.28281,0.28184,0.28280,235,26,0
1771272000,0.28280,0.28312,0.28255,0.28267,205,26,0
1771275600,0.28268,0.28351,0.28268,0.28329,180,26,0
1771279200,0.28329,0.28435,0.28329,0.28425,218,27,0
1771282800,0.28426,0.28506,0.28422,0.28489,264,26,0
1771286400,0.28498,0.28517,0.28332,0.28393,457,27,0
1771290000,0.28393,0.28451,0.28375,0.28431,283,26,0
1771293600,0.28433,0.28509,0.28406,0.28491,291,26,0
1771297200,0.28484,0.28525,0.28473,0.28492,162,26,0
1771300800,0.28492,0.28505,0.28410,0.28448,349,26,0
1771304400,0.28448,0.28451,0.28359,0.28401,257,26,0
1771308000,0.28399,0.28415,0.28372,0.28415,220,26,0
1771311600,0.28414,0.28422,0.28353,0.28412,231,26,0
1771315200,0.28422,0.28452,0.28420,0.28431,169,26,0
1771318800,0.28429,0.28442,0.28386,0.28421,259,27,0
1771322400,0.28422,0.28444,0.28384,0.28392,298,26,0
1771326000,0.28393,0.28414,0.28155,0.28254,511,27,0
1771329600,0.28259,0.28259,0.28133,0.28134,454,27,0
1771333200,0.28137,0.28165,0.28065,0.28083,324,26,0
1771336800,0.28083,0.28116,0.28067,0.28101,355,26,0
1771340400,0.28102,0.28140,0.27999,0.28055,496,27,0
1771344000,0.28054,0.28121,0.27991,0.28011,851,27,0
1771347600,0.28011,0.28033,0.27915,0.28001,657,26,0
1771351200,0.28001,0.28114,0.27956,0.28089,744,27,0
1771354800,0.28088,0.28098,0.28001,0.28044,623,27,0
1771358400,0.28044,0.28202,0.28035,0.28195,458,27,0
1771362000,0.28199,0.28213,0.28165,0.28186,356,26,0
1771365600,0.28177,0.28213,0.28164,0.28197,312,26,0
1771369200,0.28197,0.28202,0.28148,0.28181,242,26,0
1771372800,0.28184,0.28239,0.28164,0.28209,332,27,0
1771376400,0.28209,0.28211,0.28140,0.28193,222,26,0
1771380000,0.28192,0.28201,0.28121,0.28141,248,27,0
1771383600,0.28138,0.28156,0.28076,0.28117,311,27,0
1771387200,0.28118,0.28133,0.28086,0.28106,244,26,0
1771390800,0.28106,0.28132,0.28073,0.28123,223,27,0
1771394400,0.28129,0.28199,0.28108,0.28187,283,26,0
1771398000,0.28189,0.28193,0.28115,0.28116,194,26,0
1771401600,0.28117,0.28142,0.28115,0.28131,123,26,0
1771405200,0.28131,0.28161,0.28120,0.28151,154,26,0
1771408800,0.28151,0.28154,0.28084,0.28101,275,26,0
1771412400,0.28101,0.28102,0.28031,0.28038,224,26,0
1771416000,0.28037,0.28071,0.27981,0.27997,238,27,0
1771419600,0.27996,0.28041,0.27986,0.27987,288,26,0
1771423200,0.27986,0.27989,0.27904,0.27933,444,27,0
1771426800,0.27935,0.27972,0.27921,0.27965,360,26,0
1771430400,0.27963,0.27992,0.27936,0.27984,504,27,0
1771434000,0.27985,0.28079,0.27969,0.27987,514,26,0
1771437600,0.27977,0.27992,0.27926,0.27963,418,27,0
1771441200,0.27958,0.27981,0.27934,0.27936,284,26,0
1771444800,0.27934,0.27972,0.27914,0.27927,381,27,0
1771448400,0.27924,0.27960,0.27822,0.27830,582,27,0
1771452000,0.27831,0.27843,0.27762,0.27816,455,27,0
1771455600,0.27815,0.27934,0.27809,0.27899,367,26,0
1771459200,0.27898,0.27915,0.27853,0.27868,362,26,0
1771462800,0.27869,0.27877,0.27820,0.27857,267,26,0
1771466400,0.27857,0.27861,0.27803,0.27857,306,26,0
1771470000,0.27859,0.27998,0.27853,0.27979,293,27,0
1771473600,0.27982,0.27995,0.27956,0.27990,171,27,0
1771477200,0.27990,0.28001,0.27954,0.27975,153,26,0
1771480800,0.27978,0.28002,0.27955,0.27964,151,26,0
1771484400,0.27965,0.28002,0.27964,0.27992,190,26,0
1771488000,0.27992,0.28048,0.27988,0.28031,242,27,0
1771491600,0.28031,0.28042,0.27961,0.27993,230,26,0
1771495200,0.28001,0.28002,0.27906,0.27941,257,26,0
1771498800,0.27945,0.27972,0.27908,0.27962,230,26,0
1771502400,0.27961,0.28092,0.27932,0.28076,492,26,0
1771506000,0.28075,0.28092,0.27955,0.27985,339,27,0
1771509600,0.27984,0.28002,0.27953,0.27973,302,27,0
1771513200,0.27971,0.27971,0.27895,0.27917,599,27,0
1771516800,0.27918,0.27989,0.27876,0.27978,610,27,0
1771520400,0.27974,0.28041,0.27945,0.28035,573,27,0
1771524000,0.28039,0.28288,0.28022,0.28219,818,27,0
1771527600,0.28222,0.28261,0.28198,0.28222,590,27,0
1771531200,0.28225,0.28371,0.28218,0.28368,430,26,0
1771534800,0.28366,0.28377,0.28293,0.28377,425,27,0
1771538400,0.28376,0.28452,0.28375,0.28442,267,26,0
1771542000,0.28444,0.28467,0.28420,0.28455,232,26,0
1771545600,0.28456,0.28485,0.28408,0.28455,290,26,0
1771549200,0.28455,0.28511,0.28425,0.28463,298,26,0
1771552800,0.28462,0.28526,0.28425,0.28458,536,26,0
1771556400,0.28456,0.28482,0.28303,0.28319,469,26,0
1771560000,0.28321,0.28352,0.28295,0.28324,345,26,0
1771563600,0.28326,0.28353,0.28271,0.28313,330,27,0
1771567200,0.28328,0.28378,0.28319,0.28367,241,26,0
1771570800,0.28366,0.28370,0.28313,0.28320,299,26,0
1771574400,0.28323,0.28368,0.28312,0.28368,200,26,0
1771578000,0.28368,0.28368,0.28308,0.28325,271,26,0
1771581600,0.28327,0.28341,0.28255,0.28314,317,26,0
1771585200,0.28303,0.28343,0.28279,0.28340,313,27,0
1771588800,0.28345,0.28531,0.28320,0.28483,607,27,0
1771592400,0.28485,0.28507,0.28438,0.28464,433,26,0
1771596000,0.28464,0.28487,0.28431,0.28480,332,27,0
1771599600,0.28479,0.28492,0.28382,0.28450,474,27,0
1771603200,0.28447,0.28642,0.28430,0.28558,741,27,0
1771606800,0.28561,0.28745,0.28496,0.28593,2547,27,0
1771610400,0.28594,0.28661,0.28426,0.28537,1029,27,0
1771614000,0.28537,0.28569,0.28460,0.28546,567,27,0
1771617600,0.28547,0.28562,0.28481,0.28482,462,27,0
1771621200,0.28483,0.28504,0.28445,0.28501,233,27,0
1771624800,0.28501,0.28536,0.28501,0.28536,237,26,0
1771628400,0.28536,0.28571,0.28506,0.28536,237,27,0
1771639200,0.28510,0.28551,0.28491,0.28518,237,26,0
1771642800,0.28516,0.28521,0.28485,0.28509,184,26,0
1771646400,0.28509,0.28512,0.28463,0.28463,193,26,0
1771650000,0.28467,0.28471,0.28428,0.28450,174,26,0
1771653600,0.28450,0.28462,0.28425,0.28455,131,26,0
1771657200,0.28453,0.28461,0.28424,0.28433,135,26,0
1771660800,0.28433,0.28462,0.28421,0.28458,182,26,0
1771664400,0.28459,0.28495,0.28457,0.28495,143,26,0
1771668000,0.28495,0.28516,0.28473,0.28512,167,26,0
1771671600,0.28508,0.28673,0.28491,0.28641,271,26,0
1771675200,0.28646,0.28663,0.28633,0.28650,144,26,0
1771678800,0.28650,0.28656,0.28562,0.28602,267,26,0
1771682400,0.28599,0.28605,0.28580,0.28598,165,27,0
1771686000,0.28599,0.28603,0.28563,0.28589,207,27,0
1771689600,0.28579,0.28619,0.28567,0.28592,303,27,0
1771693200,0.28593,0.28733,0.28591,0.28721,231,26,0
1771696800,0.28721,0.28755,0.28708,0.28728,251,26,0
1771700400,0.28729,0.28759,0.28682,0.28719,219,26,0
1771704000,0.28721,0.28820,0.28715,0.28820,263,26,0
1771707600,0.28818,0.28876,0.28803,0.28872,181,26,0
1771711200,0.28874,0.28901,0.28865,0.28885,251,26,0
1771714800,0.28885,0.28931,0.28882,0.28929,228,26,0
1771718400,0.28928,0.28941,0.28837,0.28843,401,27,0
1771722000,0.28846,0.28884,0.28823,0.28884,212,26,0
1771725600,0.28886,0.28898,0.28843,0.28893,260,27,0
1771729200,0.28897,0.28932,0.28897,0.28914,75,27,0
1771732800,0.28915,0.28942,0.28817,0.28858,275,26,0
1771736400,0.28858,0.28882,0.28824,0.28864,206,26,0
1771740000,0.28851,0.28862,0.28746,0.28759,179,26,0
1771743600,0.28764,0.28786,0.28714,0.28778,221,26,0
1771747200,0.28779,0.28844,0.28767,0.28836,164,26,0
1771750800,0.28836,0.28846,0.28758,0.28765,230,26,0
1771754400,0.28765,0.28772,0.28710,0.28743,221,26,0
1771758000,0.28745,0.28893,0.28733,0.28883,287,27,0
1771761600,0.28879,0.28912,0.28873,0.28886,209,26,0
1771765200,0.28886,0.28902,0.28796,0.28842,328,27,0
1771768800,0.28843,0.28863,0.28800,0.28848,296,27,0
1771772400,0.28846,0.28899,0.28845,0.28846,334,27,0
1771776000,0.28842,0.28903,0.28830,0.28900,292,27,0
1771779600,0.28900,0.28932,0.28884,0.28910,242,26,0
1771783200,0.28911,0.28961,0.28885,0.28948,283,26,0
1771786800,0.28947,0.29037,0.28944,0.29024,400,27,0
1771790400,0.29023,0.29072,0.28958,0.28992,271,26,0
1771794000,0.28990,0.29022,0.28956,0.29017,203,27,0
1771797600,0.29021,0.29031,0.28978,0.28999,195,26,0
1771801200,0.28995,0.29091,0.28995,0.29081,184,26,0
1771804800,0.29081,0.29102,0.29004,0.29027,261,26,0
1771808400,0.29026,0.29049,0.28991,0.29026,260,26,0
1771812000,0.29023,0.29027,0.28922,0.28953,348,27,0
1771815600,0.28956,0.28956,0.28654,0.28658,1705,27,0
1771819200,0.28657,0.28766,0.28633,0.28737,616,27,0
1771822800,0.28735,0.28760,0.28683,0.28690,329,27,0
1771826400,0.28692,0.28701,0.28615,0.28646,302,26,0
1771830000,0.28647,0.28744,0.28634,0.28686,450,26,0
1771833600,0.28688,0.28752,0.28682,0.28734,305,26,0
1771837200,0.28736,0.28771,0.28711,0.28748,234,27,0
1771840800,0.28754,0.28755,0.28677,0.28705,235,26,0
1771844400,0.28705,0.28867,0.28688,0.28798,546,26,0
1771848000,0.28802,0.28815,0.28763,0.28783,386,26,0
1771851600,0.28776,0.28816,0.28673,0.28675,286,27,0
1771855200,0.28679,0.28692,0.28404,0.28428,488,27,0
1771858800,0.28417,0.28498,0.28378,0.28457,507,27,0
1771862400,0.28459,0.28481,0.28413,0.28422,539,27,0
1771866000,0.28425,0.28427,0.28327,0.28332,514,27,0
1771869600,0.28333,0.28333,0.28233,0.28267,551,27,0
1771873200,0.28265,0.28274,0.28128,0.28155,599,27,0
1771876800,0.28151,0.28218,0.28117,0.28194,325,26,0
1771880400,0.28191,0.28221,0.28175,0.28195,305,26,0
1771884000,0.28190,0.28190,0.28043,0.28069,482,26,0
1771887600,0.28080,0.28141,0.28076,0.28111,235,26,0
1771891200,0.28112,0.28146,0.28077,0.28097,440,26,0
1771894800,0.28094,0.28164,0.28094,0.28159,437,27,0
1771898400,0.28155,0.28218,0.28092,0.28218,443,27,0
1771902000,0.28222,0.28222,0.28116,0.28178,734,26,0
1771905600,0.28177,0.28236,0.28154,0.28236,338,27,0
1771909200,0.28239,0.28243,0.28153,0.28168,377,27,0
1771912800,0.28171,0.28190,0.28131,0.28179,351,27,0
1771916400,0.28179,0.28182,0.28070,0.28103,281,26,0
1771920000,0.28099,0.28175,0.28083,0.28153,218,26,0
1771923600,0.28153,0.28153,0.28069,0.28096,271,26,0
1771927200,0.28091,0.28101,0.28055,0.28078,289,26,0
1771930800,0.28075,0.28083,0.28006,0.28041,298,26,0
1771934400,0.28041,0.28052,0.27975,0.27991,268,27,0
1771938000,0.27992,0.28032,0.27981,0.28022,267,27,0
1771941600,0.28021,0.28124,0.28004,0.28105,360,26,0
1771945200,0.28103,0.28118,0.28014,0.28071,348,27,0
1771948800,0.28071,0.28071,0.27980,0.28036,531,27,0
1771952400,0.28037,0.28152,0.27987,0.28147,410,27,0
1771956000,0.28149,0.28240,0.28136,0.28201,664,27,0
1771959600,0.28202,0.28229,0.28166,0.28184,343,27,0
1771963200,0.28184,0.28230,0.28179,0.28216,214,26,0
1771966800,0.28217,0.28241,0.28210,0.28238,176,27,0
1771970400,0.28238,0.28301,0.28231,0.28287,200,26,0
1771974000,0.28285,0.28321,0.28237,0.28307,269,26,0
1771977600,0.28307,0.28346,0.28277,0.28301,206,26,0
1771981200,0.28301,0.28351,0.28256,0.28348,189,26,0
1771984800,0.28348,0.28395,0.28309,0.28394,263,27,0
1771988400,0.28403,0.28531,0.28377,0.28477,591,27,0
1771992000,0.28473,0.28562,0.28471,0.28545,385,27,0
1771995600,0.28557,0.28626,0.28535,0.28587,371,27,0
1771999200,0.28588,0.28662,0.28559,0.28653,253,26,0
1772002800,0.28657,0.28662,0.28542,0.28603,366,26,0
1772006400,0.28604,0.28629,0.28572,0.28573,289,26,0
1772010000,0.28575,0.28621,0.28572,0.28614,205,26,0
1772013600,0.28616,0.28702,0.28587,0.28643,309,26,0
1772017200,0.28643,0.28659,0.28584,0.28627,330,26,0
1772020800,0.28628,0.28641,0.28554,0.28589,318,26,0
1772024400,0.28583,0.28586,0.28483,0.28527,401,27,0
1772028000,0.28517,0.28551,0.28487,0.28537,385,27,0
1772031600,0.28538,0.28564,0.28533,0.28561,237,26,0
1772035200,0.28561,0.28601,0.28542,0.28592,253,27,0
1772038800,0.28592,0.28600,0.28425,0.28435,753,27,0
1772042400,0.28433,0.28519,0.28430,0.28485,630,27,0
1772046000,0.28485,0.28518,0.28424,0.28510,625,26,0
1772049600,0.28502,0.28589,0.28455,0.28576,463,27,0
1772053200,0.28569,0.28652,0.28563,0.28631,370,27,0
1772056800,0.28632,0.28632,0.28505,0.28520,383,27,0
1772060400,0.28519,0.28621,0.28487,0.28594,616,27,0
1772064000,0.28592,0.28628,0.28558,0.28595,513,27,0
1772067600,0.28586,0.28587,0.28459,0.28502,569,27,0
1772071200,0.28491,0.28633,0.28456,0.28542,617,27,0
1772074800,0.28546,0.28582,0.28531,0.28558,217,26,0
1772078400,0.28560,0.28562,0.28487,0.28521,364,26,0
1772082000,0.28512,0.28532,0.28483,0.28512,285,27,0
1772085600,0.28514,0.28736,0.28497,0.28708,522,26,0
1772089200,0.28710,0.28743,0.28649,0.28686,340,26,0
1772092800,0.28685,0.28718,0.28648,0.28661,316,27,0
1772096400,0.28660,0.28672,0.28597,0.28627,243,26,0
1772100000,0.28625,0.28643,0.28563,0.28575,285,26,0
1772103600,0.28579,0.28621,0.28567,0.28600,287,27,0
1772107200,0.28604,0.28625,0.28561,0.28582,317,27,0
1772110800,0.28574,0.28628,0.28567,0.28625,427,27,0
1772114400,0.28625,0.28654,0.28609,0.28642,268,26,0
1772118000,0.28639,0.28661,0.28606,0.28643,246,26,0
1772121600,0.28649,0.28660,0.28582,0.28611,593,27,0
1772125200,0.28610,0.28635,0.28546,0.28608,656,27,0
1772128800,0.28602,0.28605,0.28466,0.28481,513,27,0
1772132400,0.28483,0.28505,0.28470,0.28499,281,27,0
1772136000,0.28493,0.28504,0.28452,0.28487,359,26,0
1772139600,0.28485,0.28587,0.28478,0.28563,357,27,0
1772143200,0.28565,0.28597,0.28537,0.28555,276,27,0
1772146800,0.28554,0.28575,0.28548,0.28575,195,26,0
1772150400,0.28574,0.28576,0.28534,0.28547,265,27,0
1772154000,0.28542,0.28561,0.28527,0.28551,185,27,0
1772157600,0.28554,0.28562,0.28509,0.28527,186,26,0
1772161200,0.28527,0.28538,0.28487,0.28501,251,26,0
1772164800,0.28501,0.28501,0.28432,0.28462,182,26,0
1772168400,0.28462,0.28462,0.28409,0.28425,232,26,0
1772172000,0.28426,0.28498,0.28413,0.28478,300,26,0
1772175600,0.28476,0.28502,0.28459,0.28492,210,26,0
1772179200,0.28492,0.28501,0.28419,0.28461,214,26,0
1772182800,0.28461,0.28491,0.28426,0.28475,283,26,0
1772186400,0.28475,0.28521,0.28449,0.28521,212,26,0
1772190000,0.28521,0.28531,0.28450,0.28484,362,26,0
1772193600,0.28484,0.28496,0.28393,0.28411,446,27,0
1772197200,0.28412,0.28446,0.28365,0.28430,578,26,0
1772200800,0.28435,0.28462,0.28379,0.28396,354,27,0
1772204400,0.28395,0.28404,0.28344,0.28376,421,26,0
1772208000,0.28375,0.28383,0.28336,0.28346,414,27,0
1772211600,0.28343,0.28365,0.28270,0.28307,614,27,0
1772215200,0.28307,0.28328,0.28210,0.28221,485,27,0
1772218800,0.28222,0.28226,0.28145,0.28193,464,27,0
1772222400,0.28192,0.28221,0.28157,0.28197,285,26,0
1772226000,0.28197,0.28217,0.28122,0.28173,459,27,0
1772229600,0.28171,0.28242,0.28163,0.28232,285,26,0
1772233200,0.28231,0.28263,0.28214,0.28253,290,26,0
1772244000,0.28255,0.28266,0.28193,0.28210,348,26,0
1772247600,0.28208,0.28250,0.28197,0.28235,290,26,0
1772251200,0.28235,0.28258,0.28210,0.28251,215,27,0
1772254800,0.28241,0.28262,0.28222,0.28224,239,26,0
1772258400,0.28219,0.28261,0.28209,0.28238,182,26,0
1772262000,0.28238,0.28262,0.28210,0.28223,219,26,0
1772265600,0.28223,0.28258,0.28029,0.28053,1213,26,0
1772269200,0.28053,0.28111,0.28004,0.28031,758,26,0
1772272800,0.28025,0.28042,0.27848,0.27859,563,27,0
1772276400,0.27858,0.27975,0.27834,0.27845,748,27,0
1772280000,0.27840,0.27892,0.27819,0.27887,326,27,0
1772283600,0.27887,0.27932,0.27870,0.27890,413,27,0
1772287200,0.27888,0.27922,0.27877,0.27912,219,27,0
1772290800,0.27916,0.27991,0.27900,0.27986,425,27,0
1772294400,0.27988,0.28014,0.27920,0.27935,650,26,0
1772298000,0.27943,0.28011,0.27918,0.28004,415,26,0
1772301600,0.28007,0.28042,0.27971,0.28032,377,27,0
1772305200,0.28033,0.28128,0.28000,0.28112,440,27,0
1772308800,0.28115,0.28184,0.28102,0.28178,317,27,0
1772312400,0.28178,0.28191,0.28136,0.28170,450,26,0
1772316000,0.28168,0.28196,0.28133,0.28163,364,27,0
1772319600,0.28163,0.28189,0.28149,0.28172,371,26,0
1772323200,0.28171,0.28202,0.28141,0.28143,437,27,0
1772326800,0.28146,0.28181,0.28125,0.28160,248,26,0
1772330400,0.28161,0.28171,0.28119,0.28139,258,27,0
1772334000,0.28139,0.28161,0.28096,0.28123,221,26,0
1772337600,0.28294,0.28338,0.28191,0.28200,767,27,0
1772341200,0.28203,0.28211,0.28144,0.28147,320,26,0
1772344800,0.28150,0.28211,0.28149,0.28193,347,26,0
1772348400,0.28193,0.28221,0.28181,0.28204,321,26,0
1772352000,0.28208,0.28222,0.28180,0.28182,432,27,0
1772355600,0.28187,0.28191,0.28127,0.28138,327,26,0
1772359200,0.28138,0.28160,0.28078,0.28094,410,27,0
1772362800,0.28096,0.28115,0.28067,0.28069,414,26,0
1772366400,0.28068,0.28121,0.28064,0.28081,386,27,0
1772370000,0.28082,0.28101,0.28036,0.28073,443,27,0
1772373600,0.28072,0.28081,0.28038,0.28043,315,27,0
1772377200,0.28039,0.28218,0.28037,0.28176,592,27,0
1772380800,0.28177,0.28201,0.28118,0.28129,503,27,0
1772384400,0.28129,0.28167,0.28128,0.28145,138,26,0
1772388000,0.28143,0.28171,0.28086,0.28095,282,26,0
1772391600,0.28094,0.28126,0.28076,0.28079,535,26,0
1772395200,0.28080,0.28125,0.28073,0.28090,486,26,0
1772398800,0.28092,0.28097,0.28025,0.28033,352,27,0
1772402400,0.28033,0.28067,0.27943,0.27977,703,27,0
1772406000,0.27974,0.28011,0.27954,0.27993,308,26,0
1772409600,0.27988,0.28089,0.27981,0.28016,649,27,0
1772413200,0.28013,0.28074,0.28006,0.28030,491,27,0
1772416800,0.28031,0.28103,0.28028,0.28071,510,26,0
1772420400,0.28064,0.28165,0.28063,0.28152,474,27,0
1772424000,0.28155,0.28162,0.28088,0.28108,344,27,0
1772427600,0.28108,0.28131,0.28075,0.28093,281,26,0
1772431200,0.28095,0.28103,0.28045,0.28090,349,26,0
1772434800,0.28083,0.28111,0.28050,0.28078,267,26,0
1772438400,0.28081,0.28121,0.28058,0.28086,378,26,0
1772442000,0.28101,0.28145,0.28048,0.28099,543,26,0
1772445600,0.28097,0.28131,0.28067,0.28108,391,26,0
1772449200,0.28114,0.28188,0.28114,0.28139,357,26,0
1772452800,0.28141,0.28154,0.28093,0.28116,258,26,0
1772456400,0.28116,0.28133,0.28088,0.28117,287,26,0
1772460000,0.28121,0.28151,0.28099,0.28140,290,26,0
1772463600,0.28151,0.28152,0.28105,0.28115,259,26,0
1772467200,0.28114,0.28183,0.28098,0.28173,411,26,0
1772470800,0.28171,0.28289,0.28163,0.28218,827,27,0
1772474400,0.28216,0.28259,0.28209,0.28216,502,27,0
1772478000,0.28213,0.28252,0.28162,0.28184,373,27,0
1772481600,0.28180,0.28231,0.28172,0.28205,334,26,0
1772485200,0.28203,0.28241,0.28182,0.28241,266,26,0
1772488800,0.28231,0.28268,0.28186,0.28234,299,26,0
1772492400,0.28233,0.28282,0.28233,0.28265,244,26,0
1772496000,0.28275,0.28284,0.28236,0.28269,462,27,0
1772499600,0.28271,0.28321,0.28264,0.28299,361,27,0
1772503200,0.28299,0.28328,0.28276,0.28303,352,27,0
1772506800,0.28304,0.28321,0.28255,0.28265,340,27,0
1772510400,0.28264,0.28316,0.28246,0.28278,304,27,0
1772514000,0.28278,0.28312,0.28248,0.28270,232,27,0
1772517600,0.28271,0.28301,0.28230,0.28235,228,27,0
1772521200,0.28235,0.28271,0.28117,0.28186,345,26,0
1772524800,0.28186,0.28211,0.28153,0.28183,398,27,0
1772528400,0.28183,0.28212,0.28173,0.28183,196,26,0
1772532000,0.28178,0.28193,0.28094,0.28114,647,27,0
1772535600,0.28106,0.28141,0.28040,0.28076,486,26,0
1772539200,0.28075,0.28101,0.28035,0.28077,324,27,0
1772542800,0.28076,0.28131,0.28047,0.28091,293,26,0
1772546400,0.28095,0.28152,0.28034,0.28059,315,27,0
1772550000,0.28062,0.28092,0.28039,0.28053,271,26,0
1772553600,0.28071,0.28104,0.27969,0.28011,742,27,0
1772557200,0.28012,0.28054,0.27982,0.28045,710,27,0
1772560800,0.28042,0.28087,0.27995,0.28026,851,26,0
1772564400,0.28025,0.28046,0.28012,0.28040,227,26,0
1772568000,0.28040,0.28072,0.28024,0.28041,194,27,0
1772571600,0.28041,0.28068,0.28017,0.28045,288,27,0
1772575200,0.28038,0.28072,0.28031,0.28041,178,27,0
1772578800,0.28041,0.28052,0.28013,0.28023,141,26,0
1772582400,0.28021,0.28052,0.28015,0.28021,158,26,0
1772586000,0.28021,0.28052,0.28010,0.28024,144,26,0
1772589600,0.28026,0.28026,0.27859,0.27882,256,26,0
1772593200,0.27882,0.27908,0.27858,0.27895,401,27,0
1772596800,0.27895,0.28070,0.27881,0.28019,431,26,0
1772600400,0.28021,0.28024,0.27958,0.28001,421,27,0
1772604000,0.27998,0.28011,0.27971,0.27988,240,26,0
1772607600,0.27989,0.28041,0.27984,0.28030,269,27,0
1772611200,0.28041,0.28280,0.28022,0.28275,421,27,0
1772614800,0.28274,0.28330,0.28167,0.28299,774,27,0
1772618400,0.28305,0.28387,0.28264,0.28353,547,27,0
1772622000,0.28361,0.28417,0.28342,0.28363,490,26,0
1772625600,0.28366,0.28401,0.28305,0.28340,395,26,0
1772629200,0.28334,0.28401,0.28327,0.28397,260,26,0
1772632800,0.28401,0.28480,0.28358,0.28421,478,27,0
1772636400,0.28421,0.28451,0.28365,0.28404,346,26,0
1772640000,0.28405,0.28481,0.28401,0.28432,741,27,0
1772643600,0.28431,0.28584,0.28431,0.28576,635,27,0
1772647200,0.28582,0.28617,0.28518,0.28572,472,27,0
1772650800,0.28573,0.28669,0.28568,0.28641,398,26,0
1772654400,0.28642,0.28665,0.28588,0.28664,317,27,0
1772658000,0.28663,0.28757,0.28661,0.28747,282,26,0
1772661600,0.28748,0.28773,0.28654,0.28686,387,27,0
1772665200,0.28684,0.28731,0.28665,0.28709,244,26,0
1772668800,0.28712,0.28782,0.28673,0.28687,418,26,0
1772672400,0.28692,0.28754,0.28621,0.28660,441,27,0
1772676000,0.28667,0.28762,0.28662,0.28709,395,27,0
1772679600,0.28704,0.28735,0.28660,0.28684,384,26,0
1772683200,0.28685,0.28780,0.28682,0.28713,343,27,0
1772686800,0.28702,0.28720,0.28427,0.28466,449,27,0
1772690400,0.28467,0.28506,0.28430,0.28491,372,27,0
1772694000,0.28483,0.28502,0.28411,0.28423,316,26,0
1772697600,0.28426,0.28473,0.28407,0.28469,255,26,0
1772701200,0.28469,0.28471,0.28357,0.28383,305,27,0
1772704800,0.28384,0.28412,0.28344,0.28411,267,26,0
1772708400,0.28411,0.28438,0.28385,0.28426,215,26,0
1772712000,0.28427,0.28450,0.28392,0.28442,339,27,0
1772715600,0.28445,0.28451,0.28382,0.28401,203,27,0
1772719200,0.28401,0.28411,0.28369,0.28377,261,27,0
1772722800,0.28377,0.28377,0.28301,0.28314,333,26,0
1772726400,0.28316,0.28317,0.28232,0.28304,757,26,0
1772730000,0.28303,0.28311,0.28229,0.28303,485,27,0
1772733600,0.28298,0.28302,0.28214,0.28244,475,27,0
1772737200,0.28244,0.28250,0.28208,0.28232,227,26,0
1772740800,0.28228,0.28252,0.28217,0.28249,229,27,0
1772744400,0.28247,0.28272,0.28234,0.28244,209,26,0
1772748000,0.28241,0.28271,0.28238,0.28253,227,27,0
1772751600,0.28254,0.28701,0.28253,0.28411,1058,26,0
1772755200,0.28408,0.28515,0.28367,0.28500,549,27,0
1772758800,0.28501,0.28552,0.28478,0.28500,300,27,0
1772762400,0.28503,0.28531,0.28478,0.28529,211,26,0
1772766000,0.28527,0.28531,0.28459,0.28478,294,26,0
1772769600,0.28484,0.28517,0.28481,0.28501,288,26,0
1772773200,0.28500,0.28531,0.28491,0.28505,221,26,0
1772776800,0.28504,0.28539,0.28481,0.28528,320,26,0
1772780400,0.28530,0.28617,0.28500,0.28565,412,26,0
1772784000,0.28565,0.28645,0.28554,0.28615,338,26,0
1772787600,0.28615,0.28662,0.28588,0.28595,328,26,0
1772791200,0.28601,0.28611,0.28517,0.28559,295,27,0
1772794800,0.28563,0.28660,0.28556,0.28631,488,26,0
1772798400,0.28624,0.28682,0.28624,0.28678,257,27,0
1772802000,0.28674,0.28681,0.28637,0.28659,274,26,0
1772805600,0.28651,0.28691,0.28613,0.28684,367,27,0
1772809200,0.28683,0.28696,0.28552,0.28566,515,27,0
1772812800,0.28566,0.28576,0.28506,0.28533,560,26,0
1772816400,0.28535,0.28561,0.28480,0.28513,343,27,0
1772820000,0.28514,0.28551,0.28498,0.28529,238,27,0
1772823600,0.28525,0.28563,0.28503,0.28527,375,27,0
1772827200,0.28524,0.28551,0.28482,0.28482,310,26,0
1772830800,0.28486,0.28498,0.28446,0.28461,278,26,0
1772834400,0.28461,0.28481,0.28443,0.28461,233,27,0
1772838000,0.28460,0.28472,0.28421,0.28425,281,26,0
1772848800,0.28421,0.28458,0.28413,0.28452,253,27,0
1772852400,0.28452,0.28472,0.28424,0.28464,229,26,0
1772856000,0.28464,0.28476,0.28410,0.28416,190,26,0
1772859600,0.28416,0.28441,0.28375,0.28400,280,26,0
1772863200,0.28398,0.28401,0.28346,0.28370,218,27,0
1772866800,0.28370,0.28382,0.28324,0.28347,223,26,0
1772870400,0.28343,0.28382,0.28323,0.28346,228,27,0
1772874000,0.28346,0.28362,0.28312,0.28351,173,26,0
1772877600,0.28349,0.28362,0.28285,0.28321,181,26,0
1772881200,0.28321,0.28342,0.28302,0.28326,146,26,0
1772884800,0.28326,0.28361,0.28318,0.28340,149,26,0
1772888400,0.28340,0.28402,0.28328,0.28391,267,26,0
1772892000,0.28391,0.28421,0.28372,0.28401,178,26,0
1772895600,0.28402,0.28431,0.28389,0.28408,164,26,0
1772899200,0.28421,0.28431,0.28379,0.28420,185,26,0
1772902800,0.28423,0.28475,0.28423,0.28466,177,26,0
1772906400,0.28466,0.28511,0.28452,0.28491,249,27,0
1772910000,0.28475,0.28551,0.28475,0.28537,173,27,0
1772913600,0.28538,0.28604,0.28509,0.28591,189,26,0
1772917200,0.28591,0.28602,0.28485,0.28523,282,26,0
1772920800,0.28521,0.28601,0.28521,0.28598,157,26,0
1772924400,0.28596,0.28654,0.28591,0.28642,226,26,0
1772928000,0.28646,0.28660,0.28550,0.28602,275,27,0
1772931600,0.28611,0.28642,0.28605,0.28641,162,26,0
1772935200,0.28635,0.28663,0.28617,0.28651,171,26,0
1772938800,0.28651,0.28661,0.28635,0.28649,64,26,0
1772942400,0.28667,0.28692,0.28605,0.28623,244,26,0
1772946000,0.28630,0.28661,0.28595,0.28599,160,26,0
1772949600,0.28600,0.28641,0.28572,0.28595,207,26,0
1772953200,0.28611,0.28631,0.28600,0.28609,135,26,0
1772956800,0.28609,0.28631,0.28572,0.28589,152,26,0
1772960400,0.28588,0.28642,0.28539,0.28631,201,26,0
1772964000,0.28620,0.28646,0.28594,0.28637,186,26,0
1772967600,0.28639,0.28661,0.28621,0.28641,164,26,0
1772971200,0.28632,0.28702,0.28631,0.28678,365,27,0
1772974800,0.28678,0.28685,0.28566,0.28573,274,26,0
1772978400,0.28573,0.28687,0.28550,0.28681,300,27,0
1772982000,0.28682,0.28737,0.28593,0.28708,353,27,0
1772985600,0.28710,0.28788,0.28704,0.28788,220,27,0
1772989200,0.28787,0.28842,0.28779,0.28837,285,26,0
1772992800,0.28835,0.28958,0.28785,0.28839,370,27,0
1772996400,0.28840,0.28921,0.28831,0.28909,255,26,0
1773000000,0.28914,0.28942,0.28889,0.28921,199,27,0
1773003600,0.28922,0.28971,0.28901,0.28970,280,26,0
1773007200,0.28971,0.29031,0.28964,0.29020,275,26,0
1773010800,0.29021,0.29057,0.28955,0.29021,339,26,0
1773014400,0.29021,0.29022,0.28864,0.28889,579,27,0
1773018000,0.28892,0.28925,0.28844,0.28880,326,26,0
1773021600,0.28897,0.28962,0.28896,0.28906,347,26,0
1773025200,0.28903,0.28951,0.28893,0.28927,251,26,0
1773028800,0.28931,0.28952,0.28870,0.28898,277,27,0
1773032400,0.28899,0.29064,0.28889,0.29008,406,26,0
1773036000,0.29013,0.29031,0.28843,0.28858,315,26,0
1773039600,0.28869,0.28931,0.28862,0.28884,266,26,0
1773043200,0.28884,0.28884,0.28737,0.28806,418,27,0
1773046800,0.28806,0.28835,0.28755,0.28791,289,27,0
1773050400,0.28793,0.28813,0.28740,0.28763,309,26,0
1773054000,0.28764,0.28797,0.28720,0.28745,323,27,0
1773057600,0.28750,0.28750,0.28477,0.28491,520,27,0
1773061200,0.28491,0.28547,0.28429,0.28497,374,26,0
1773064800,0.28500,0.28500,0.28405,0.28480,454,27,0
1773068400,0.28479,0.28531,0.28431,0.28494,607,26,0
1773072000,0.28482,0.28497,0.28423,0.28459,578,27,0
1773075600,0.28462,0.28538,0.28462,0.28519,321,26,0
1773079200,0.28522,0.28548,0.28503,0.28523,263,26,0
1773082800,0.28531,0.28561,0.28504,0.28552,304,26,0
1773086400,0.28552,0.28618,0.28504,0.28546,359,27,0
1773090000,0.28549,0.28586,0.28516,0.28572,363,27,0
1773093600,0.28573,0.28602,0.28569,0.28581,197,26,0
1773097200,0.28584,0.28594,0.28553,0.28574,242,27,0
1773100800,0.28570,0.28582,0.28535,0.28573,219,26,0
1773104400,0.28573,0.28581,0.28501,0.28541,129,26,0
1773108000,0.28523,0.28564,0.28493,0.28530,217,26,0
1773111600,0.28526,0.28562,0.28508,0.28555,276,27,0
1773115200,0.28557,0.28625,0.28527,0.28575,401,27,0
1773118800,0.28570,0.28584,0.28538,0.28577,249,26,0
1773122400,0.28576,0.28612,0.28571,0.28586,156,27,0
1773126000,0.28584,0.28601,0.28559,0.28586,205,26,0
1773129600,0.28584,0.28612,0.28560,0.28598,164,26,0
1773133200,0.28598,0.28619,0.28570,0.28606,259,26,0
1773136800,0.28609,0.28626,0.28529,0.28549,301,26,0
1773140400,0.28551,0.28573,0.28482,0.28528,305,26,0
1773144000,0.28526,0.28552,0.28470,0.28494,308,26,0
1773147600,0.28494,0.28519,0.28362,0.28372,391,26,0
1773151200,0.28370,0.28475,0.28356,0.28439,352,26,0
1773154800,0.28443,0.28465,0.28312,0.28366,417,27,0
1773158400,0.28366,0.28456,0.28339,0.28437,690,27,0
1773162000,0.28433,0.28447,0.28381,0.28397,538,27,0
1773165600,0.28390,0.28463,0.28376,0.28400,434,27,0
1773169200,0.28405,0.28460,0.28379,0.28433,423,27,0
1773172800,0.28442,0.28442,0.28373,0.28413,485,27,0
1773176400,0.28414,0.28512,0.28400,0.28495,310,27,0
1773180000,0.28495,0.28521,0.28455,0.28465,235,26,0
1773183600,0.28473,0.28537,0.28470,0.28506,324,27,0
1773187200,0.28506,0.28545,0.28494,0.28511,216,26,0
1773190800,0.28512,0.28585,0.28512,0.28540,223,26,0
1773194400,0.28549,0.28570,0.28509,0.28520,243,26,0
1773198000,0.28519,0.28582,0.28519,0.28579,164,26,0
1773201600,0.28583,0.28592,0.28497,0.28574,216,26,0
1773205200,0.28574,0.28654,0.28552,0.28643,253,26,0
1773208800,0.28643,0.28672,0.28631,0.28655,155,26,0
1773212400,0.28657,0.28671,0.28629,0.28646,183,26,0
1773216000,0.28646,0.28761,0.28646,0.28710,213,26,0
1773219600,0.28704,0.28721,0.28664,0.28673,275,26,0
1773223200,0.28675,0.28745,0.28656,0.28707,391,26,0
1773226800,0.28705,0.28776,0.28703,0.28776,188,26,0
1773230400,0.28776,0.28822,0.28776,0.28801,218,26,0
1773234000,0.28801,0.28821,0.28756,0.28765,260,27,0
1773237600,0.28764,0.28892,0.28761,0.28834,415,26,0
1773241200,0.28837,0.28917,0.28834,0.28897,611,27,0
1773244800,0.28904,0.28975,0.28903,0.28954,487,26,0
1773248400,0.28959,0.29023,0.28959,0.29021,463,27,0
1773252000,0.29022,0.29063,0.29021,0.29058,266,27,0
1773255600,0.29066,0.29146,0.28986,0.29042,535,27,0
1773259200,0.29041,0.29120,0.28951,0.29009,589,27,0
1773262800,0.29009,0.29036,0.28953,0.28998,325,26,0
1773266400,0.28998,0.29109,0.28996,0.29107,248,26,0
1773270000,0.29107,0.29111,0.29036,0.29052,303,26,0
1773273600,0.29042,0.29057,0.29010,0.29040,262,27,0
1773277200,0.29042,0.29121,0.29042,0.29121,342,27,0
1773280800,0.29121,0.29187,0.29020,0.29045,469,27,0
1773284400,0.29045,0.29061,0.28980,0.28997,349,26,0
1773288000,0.29000,0.29021,0.28954,0.28984,311,26,0
1773291600,0.28978,0.29012,0.28928,0.28952,292,26,0
1773295200,0.28950,0.28982,0.28900,0.28951,237,27,0
1773298800,0.28951,0.28962,0.28913,0.28951,164,26,0
1773302400,0.28951,0.29015,0.28942,0.28953,276,26,0
1773306000,0.28971,0.28971,0.28942,0.28949,245,26,0
1773309600,0.28947,0.28974,0.28924,0.28973,264,27,0
1773313200,0.28973,0.29002,0.28950,0.28975,308,26,0
1773316800,0.28974,0.29016,0.28900,0.28920,296,27,0
1773320400,0.28916,0.28921,0.28870,0.28888,227,26,0
1773324000,0.28886,0.28896,0.28828,0.28853,231,27,0
1773327600,0.28851,0.28871,0.28827,0.28858,395,27,0
1773331200,0.28861,0.28933,0.28839,0.28921,653,27,0
1773334800,0.28923,0.28946,0.28896,0.28934,359,26,0
1773338400,0.28934,0.28952,0.28868,0.28885,353,27,0
1773342000,0.28885,0.28932,0.28874,0.28883,247,26,0
1773345600,0.28883,0.28901,0.28848,0.28858,241,26,0
1773349200,0.28858,0.28885,0.28825,0.28849,276,26,0
1773352800,0.28871,0.28882,0.28847,0.28849,170,26,0
1773356400,0.28846,0.28944,0.28843,0.28903,315,27,0
1773360000,0.28893,0.28899,0.28851,0.28886,265,26,0
1773363600,0.28892,0.28902,0.28857,0.28876,288,26,0
1773367200,0.28876,0.29011,0.28849,0.28999,772,27,0
1773370800,0.29003,0.29038,0.28976,0.29009,339,27,0
1773374400,0.29015,0.29019,0.28950,0.28979,309,27,0
1773378000,0.28981,0.29002,0.28952,0.28960,179,27,0
1773381600,0.28955,0.28992,0.28918,0.28966,170,26,0
1773385200,0.28971,0.28981,0.28942,0.28949,193,26,0
1773388800,0.28949,0.28971,0.28894,0.28924,236,26,0
1773392400,0.28918,0.28922,0.28875,0.28881,231,26,0
1773396000,0.28879,0.28963,0.28875,0.28937,291,26,0
1773399600,0.28937,0.28942,0.28871,0.28910,254,27,0
1773403200,0.28912,0.28941,0.28821,0.28847,395,26,0
1773406800,0.28845,0.28862,0.28824,0.28838,199,26,0
1773410400,0.28835,0.28903,0.28818,0.28878,397,26,0
1773414000,0.28872,0.28898,0.28843,0.28884,684,27,0
1773417600,0.28887,0.29031,0.28887,0.28962,875,27,0
1773421200,0.28963,0.29002,0.28913,0.28931,634,27,0
1773424800,0.28931,0.28982,0.28918,0.28970,561,26,0
1773428400,0.28965,0.29034,0.28959,0.29034,504,27,0
1773432000,0.29032,0.29116,0.29027,0.29053,342,27,0
1773435600,0.29053,0.29168,0.29049,0.29154,346,26,0
1773439200,0.29155,0.29212,0.29134,0.29146,192,26,0
1773442800,0.29149,0.29222,0.29145,0.29193,321,26,0
1773453600,0.29310,0.29382,0.29247,0.29297,471,27,0
1773457200,0.29291,0.29350,0.29280,0.29311,380,26,0
1773460800,0.29310,0.29346,0.29297,0.29330,169,26,0
1773464400,0.29333,0.29391,0.29333,0.29391,163,27,0
1773468000,0.29388,0.29432,0.29359,0.29380,251,26,0
1773471600,0.29378,0.29441,0.29378,0.29429,216,27,0
1773475200,0.29425,0.29452,0.29308,0.29382,317,27,0
1773478800,0.29382,0.29393,0.29350,0.29387,193,26,0
1773482400,0.29391,0.29391,0.29296,0.29315,347,27,0
1773486000,0.29316,0.29391,0.29314,0.29351,273,26,0
1773489600,0.29351,0.29411,0.29338,0.29397,254,26,0
1773493200,0.29405,0.29481,0.29404,0.29464,236,26,0
1773496800,0.29464,0.29696,0.29464,0.29693,482,26,0
1773500400,0.29694,0.29711,0.29620,0.29628,331,26,0
1773504000,0.29631,0.29729,0.29630,0.29721,309,26,0
1773507600,0.29727,0.29813,0.29719,0.29794,278,27,0
1773511200,0.29797,0.29856,0.29789,0.29851,226,26,0
1773514800,0.29851,0.29879,0.29653,0.29681,419,27,0
1773518400,0.29680,0.29718,0.29620,0.29655,256,26,0
1773522000,0.29656,0.29691,0.29626,0.29686,163,26,0
1773525600,0.29685,0.29685,0.29636,0.29672,160,26,0
1773529200,0.29672,0.29722,0.29660,0.29684,291,26,0
1773532800,0.29682,0.29746,0.29679,0.29742,215,27,0
1773536400,0.29743,0.29801,0.29733,0.29757,207,26,0
1773540000,0.29758,0.29781,0.29708,0.29761,265,27,0
1773543600,0.29761,0.29761,0.29693,0.29701,102,26,0
1773547200,0.29685,0.29710,0.29660,0.29685,185,26,0
1773550800,0.29685,0.29702,0.29631,0.29678,181,26,0
1773554400,0.29677,0.29681,0.29620,0.29629,189,26,0
1773558000,0.29621,0.29631,0.29585,0.29592,213,26,0
1773561600,0.29592,0.29612,0.29567,0.29609,178,27,0
1773565200,0.29609,0.29612,0.29572,0.29606,158,26,0
1773568800,0.29605,0.29672,0.29595,0.29659,212,26,0
1773572400,0.29659,0.29720,0.29655,0.29683,217,26,0
1773576000,0.29684,0.29702,0.29639,0.29640,180,26,0
1773579600,0.29640,0.29771,0.29611,0.29719,313,26,0
1773583200,0.29720,0.29761,0.29691,0.29758,241,26,0
1773586800,0.29757,0.29819,0.29725,0.29770,389,26,0
1773590400,0.29772,0.29792,0.29718,0.29735,220,27,0
1773594000,0.29734,0.29861,0.29730,0.29852,199,27,0
1773597600,0.29853,0.29856,0.29786,0.29813,264,26,0
1773601200,0.29815,0.29861,0.29804,0.29837,245,26,0
1773604800,0.29837,0.29838,0.29768,0.29812,240,27,0
1773608400,0.29806,0.29892,0.29796,0.29871,256,26,0
1773612000,0.29866,0.29866,0.29809,0.29819,220,26,0
1773615600,0.29818,0.29843,0.29796,0.29806,377,27,0
1773619200,0.29817,0.29858,0.29791,0.29819,466,27,0
1773622800,0.29822,0.29865,0.29812,0.29838,400,27,0
1773626400,0.29833,0.29845,0.29756,0.29791,263,26,0
1773630000,0.29791,0.29792,0.29740,0.29771,233,26,0
1773633600,0.29766,0.29788,0.29708,0.29725,160,26,0
1773637200,0.29725,0.29805,0.29698,0.29767,614,26,0
1773640800,0.29763,0.29805,0.29760,0.29773,413,26,0
1773644400,0.29772,0.29819,0.29768,0.29815,361,27,0
1773648000,0.29814,0.29822,0.29750,0.29750,250,26,0
1773651600,0.29749,0.29761,0.29617,0.29640,288,26,0
1773655200,0.29638,0.29661,0.29597,0.29637,318,27,0
1773658800,0.29634,0.29817,0.29614,0.29780,600,27,0
1773662400,0.29797,0.29813,0.29759,0.29803,401,26,0
1773666000,0.29805,0.29827,0.29769,0.29819,357,26,0
1773669600,0.29818,0.29844,0.29802,0.29813,440,27,0
1773673200,0.29812,0.29827,0.29787,0.29810,495,26,0
1773676800,0.29811,0.29815,0.29738,0.29748,529,27,0
1773680400,0.29754,0.29776,0.29726,0.29762,361,27,0
1773684000,0.29760,0.29846,0.29737,0.29838,376,27,0
1773687600,0.29835,0.29848,0.29622,0.29654,443,27,0
1773691200,0.29661,0.29692,0.29644,0.29679,448,27,0
1773694800,0.29679,0.29711,0.29559,0.29569,365,26,0
1773698400,0.29571,0.29571,0.29513,0.29551,272,26,0
1773702000,0.29548,0.29581,0.29510,0.29535,772,27,0
1773705600,0.29539,0.29560,0.29482,0.29529,666,27,0
1773709200,0.29528,0.29554,0.29497,0.29520,420,26,0
1773712800,0.29520,0.29541,0.29486,0.29530,833,27,0
1773716400,0.29535,0.29598,0.29501,0.29536,724,27,0
1773720000,0.29540,0.29628,0.29527,0.29610,435,27,0
1773723600,0.29609,0.29699,0.29581,0.29676,575,27,0
1773727200,0.29677,0.29702,0.29617,0.29645,471,26,0
1773730800,0.29644,0.29652,0.29581,0.29628,340,26,0
1773734400,0.29630,0.29712,0.29610,0.29708,235,26,0
1773738000,0.29710,0.29872,0.29709,0.29858,215,26,0
1773741600,0.29861,0.29975,0.29861,0.29975,481,27,0
1773745200,0.29975,0.30254,0.29959,0.30102,1050,27,0
1773748800,0.30114,0.30166,0.30016,0.30161,798,26,0
1773752400,0.30155,0.30264,0.30101,0.30170,644,27,0
1773756000,0.30174,0.30265,0.30174,0.30208,586,27,0
1773759600,0.30208,0.30237,0.30154,0.30219,642,26,0
1773763200,0.30225,0.30442,0.30206,0.30442,701,27,0
1773766800,0.30450,0.30470,0.30303,0.30407,950,27,0
1773770400,0.30411,0.30453,0.30332,0.30393,496,26,0
1773774000,0.30392,0.30534,0.30357,0.30518,423,26,0
1773777600,0.30518,0.30550,0.30377,0.30431,486,27,0
1773781200,0.30432,0.30583,0.30424,0.30572,499,27,0
1773784800,0.30573,0.30645,0.30471,0.30580,660,27,0
1773788400,0.30581,0.30615,0.30524,0.30596,556,26,0
1773792000,0.30600,0.30714,0.30548,0.30595,862,27,0
1773795600,0.30594,0.30709,0.30592,0.30658,568,27,0
1773799200,0.30660,0.30862,0.30656,0.30809,1103,27,0
1773802800,0.30810,0.30903,0.30790,0.30892,575,27,0
1773806400,0.30891,0.30899,0.30763,0.30776,579,27,0
1773810000,0.30777,0.30777,0.30529,0.30569,544,26,0
1773813600,0.30570,0.30617,0.30400,0.30421,615,27,0
1773817200,0.30415,0.30432,0.30271,0.30276,395,26,0
1773820800,0.30277,0.30322,0.30218,0.30228,318,27,0
1773824400,0.30229,0.30250,0.30105,0.30154,828,27,0
1773828000,0.30151,0.30298,0.30093,0.30246,640,27,0
1773831600,0.30244,0.30272,0.30198,0.30236,439,26,0
1773835200,0.30232,0.30405,0.30201,0.30337,632,27,0
1773838800,0.30339,0.30342,0.30178,0.30231,1017,27,0
1773842400,0.30235,0.30243,0.29884,0.29954,1098,27,0
1773846000,0.29956,0.30131,0.29914,0.30128,963,27,0
1773849600,0.30129,0.30165,0.30025,0.30076,1143,27,0
1773853200,0.30095,0.30223,0.30062,0.30183,916,27,0
1773856800,0.30182,0.30282,0.30134,0.30213,553,27,0
1773860400,0.30215,0.30282,0.30127,0.30261,717,27,0
1773864000,0.30258,0.30327,0.30184,0.30202,900,27,0
1773867600,0.30201,0.30393,0.30198,0.30373,786,27,0
1773871200,0.30372,0.30379,0.30241,0.30264,559,27,0
1773874800,0.30267,0.30397,0.30265,0.30369,920,27,0
1773878400,0.30370,0.30381,0.30315,0.30367,421,27,0
1773882000,0.30369,0.30431,0.30337,0.30425,392,27,0
1773885600,0.30424,0.30489,0.30338,0.30364,660,26,0
1773889200,0.30367,0.30490,0.30309,0.30440,424,27,0
1773892800,0.30443,0.30507,0.30323,0.30332,523,27,0
1773896400,0.30328,0.30466,0.30317,0.30387,537,27,0
1773900000,0.30382,0.30450,0.30341,0.30343,590,27,0
1773903600,0.30342,0.30386,0.30327,0.30378,409,27,0
1773907200,0.30378,0.30465,0.30316,0.30347,539,27,0
1773910800,0.30344,0.30355,0.30226,0.30229,797,27,0
1773914400,0.30230,0.30323,0.30104,0.30147,552,27,0
1773918000,0.30147,0.30262,0.30086,0.30179,798,27,0
1773921600,0.30179,0.30315,0.30169,0.30237,506,27,0
1773925200,0.30240,0.30352,0.30215,0.30264,434,26,0
1773928800,0.30266,0.30285,0.30146,0.30147,607,27,0
1773932400,0.30144,0.30292,0.30106,0.30284,801,27,0
1773936000,0.30284,0.30300,0.30190,0.30272,688,27,0
1773939600,0.30272,0.30290,0.29931,0.29963,977,27,0
1773943200,0.29958,0.30015,0.29867,0.30013,1002,27,0
1773946800,0.30009,0.30087,0.29898,0.30057,650,27,0
1773950400,0.30053,0.30085,0.29951,0.30040,636,27,0
1773954000,0.30040,0.30082,0.29993,0.30065,735,27,0
1773957600,0.30065,0.30222,0.30038,0.30213,413,27,0
1773961200,0.30216,0.30311,0.30210,0.30276,362,26,0
1773964800,0.30275,0.30399,0.30260,0.30395,706,27,0
1773968400,0.30397,0.30445,0.30261,0.30324,377,27,0
1773972000,0.30324,0.30436,0.30289,0.30357,440,27,0
1773975600,0.30357,0.30420,0.30343,0.30376,331,26,0
1773979200,0.30380,0.30448,0.30342,0.30375,399,27,0
1773982800,0.30377,0.30422,0.30359,0.30377,325,26,0
1773986400,0.30380,0.30403,0.30333,0.30343,271,26,0
1773990000,0.30343,0.30354,0.30292,0.30322,255,26,0
1773993600,0.30322,0.30363,0.30284,0.30306,251,27,0
1773997200,0.30305,0.30459,0.30253,0.30398,476,26,0
1774000800,0.30402,0.30563,0.30369,0.30498,575,27,0
1774004400,0.30493,0.30531,0.30454,0.30525,409,26,0
1774008000,0.30524,0.30740,0.30515,0.30678,942,27,0
1774011600,0.30678,0.30711,0.30559,0.30596,492,27,0
1774015200,0.30600,0.30698,0.30485,0.30581,510,26,0
1774018800,0.30566,0.30682,0.30532,0.30593,839,27,0
1774022400,0.30593,0.30644,0.30537,0.30583,751,27,0
1774026000,0.30586,0.30795,0.30518,0.30765,735,27,0
1774029600,0.30765,0.30784,0.30664,0.30751,565,26,0
1774033200,0.30755,0.30876,0.30725,0.30852,559,26,0
1774036800,0.30852,0.30918,0.30773,0.30849,608,27,0
1774040400,0.30850,0.30974,0.30849,0.30950,607,27,0
1774044000,0.30957,0.31026,0.30898,0.30953,700,27,0
1774047600,0.30957,0.31021,0.30887,0.30911,580,27,0
1774058400,0.30922,0.30971,0.30769,0.30838,562,26,0
1774062000,0.30840,0.30841,0.30748,0.30812,306,27,0
1774065600,0.30809,0.30811,0.30736,0.30792,337,27,0
1774069200,0.30790,0.30861,0.30737,0.30851,349,26,0
1774072800,0.30853,0.30946,0.30834,0.30877,599,27,0
1774076400,0.30889,0.30901,0.30845,0.30888,278,26,0
1774080000,0.30886,0.31271,0.30879,0.31182,829,27,0
1774083600,0.31185,0.31283,0.30894,0.30903,1045,27,0
1774087200,0.30900,0.30917,0.30810,0.30862,747,27,0
1774090800,0.30852,0.30987,0.30839,0.30934,789,27,0
1774094400,0.30938,0.31025,0.30875,0.31022,584,27,0
1774098000,0.31022,0.31040,0.30935,0.30979,443,27,0
1774101600,0.30981,0.31042,0.30890,0.30904,423,26,0
1774105200,0.30905,0.30918,0.30818,0.30876,503,27,0
1774108800,0.30876,0.30880,0.30776,0.30809,535,27,0
1774112400,0.30803,0.30913,0.30788,0.30888,537,27,0
1774116000,0.30890,0.30935,0.30825,0.30890,682,27,0
1774119600,0.30887,0.31137,0.30867,0.31133,639,26,0
1774123200,0.31133,0.31139,0.31024,0.31038,415,26,0
1774126800,0.31039,0.31082,0.30994,0.31032,320,26,0
1774130400,0.31035,0.31091,0.31008,0.31027,292,27,0
1774134000,0.31039,0.31102,0.31021,0.31074,344,26,0
1774137600,0.31071,0.31201,0.31059,0.31178,390,27,0
1774141200,0.31177,0.31312,0.31080,0.31168,1109,27,0
1774144800,0.31166,0.31215,0.30995,0.31054,1482,27,0
1774148400,0.31054,0.31112,0.31012,0.31035,386,27,0
1774152000,0.31056,0.31063,0.30816,0.30866,670,27,0
1774155600,0.30864,0.30894,0.30773,0.30868,818,27,0
1774159200,0.30870,0.30905,0.30772,0.30814,511,27,0
1774162800,0.30815,0.30895,0.30784,0.30848,360,26,0
1774166400,0.30845,0.30998,0.30806,0.30992,455,27,0
1774170000,0.30993,0.31018,0.30814,0.30833,479,27,0
1774173600,0.30834,0.30907,0.30817,0.30867,531,26,0
1774177200,0.30856,0.30980,0.30854,0.30942,397,27,0
1774180800,0.30944,0.30969,0.30877,0.30949,422,27,0
1774184400,0.30947,0.31101,0.30947,0.31031,620,27,0
1774188000,0.31028,0.31333,0.31021,0.31270,895,27,0
1774191600,0.31273,0.31387,0.31212,0.31286,1295,27,0
1774195200,0.31294,0.31481,0.31262,0.31353,1283,27,0
1774198800,0.31358,0.31446,0.31358,0.31434,532,27,0
1774202400,0.31433,0.31699,0.31433,0.31661,1090,27,0
1774206000,0.31661,0.31749,0.31636,0.31731,798,27,0
1774209600,0.31728,0.31800,0.31690,0.31756,741,27,0
1774213200,0.31743,0.31813,0.31738,0.31749,595,27,0
1774216800,0.31749,0.31863,0.31721,0.31741,526,27,0
1774220400,0.31734,0.31769,0.31312,0.31337,1297,27,0
1774224000,0.31340,0.31389,0.31096,0.31123,1140,27,0
1774227600,0.31125,0.31147,0.30971,0.31004,743,27,0
1774231200,0.30993,0.31095,0.30917,0.31003,1213,27,0
1774234800,0.30999,0.31181,0.30991,0.31006,900,27,0
1774238400,0.31007,0.31007,0.30866,0.30905,788,27,0
1774242000,0.30907,0.30961,0.30804,0.30868,763,27,0
1774245600,0.30860,0.30900,0.30811,0.30895,544,26,0
1774249200,0.30889,0.30915,0.30758,0.30825,678,27,0
1774252800,0.30828,0.30858,0.30632,0.30646,832,27,0
1774256400,0.30648,0.30787,0.30548,0.30765,1224,27,0
1774260000,0.30772,0.30845,0.30704,0.30731,936,27,0
1774263600,0.30729,0.30732,0.30588,0.30684,688,27,0
1774267200,0.30688,0.30771,0.30648,0.30677,767,26,0
1774270800,0.30675,0.31049,0.30658,0.30776,2416,27,0
1774274400,0.30777,0.30919,0.30756,0.30876,1148,27,0
1774278000,0.30877,0.31055,0.30831,0.31053,1137,27,0
1774281600,0.31053,0.31061,0.30652,0.30765,1031,27,0
1774285200,0.30763,0.30763,0.30439,0.30528,1543,27,0
1774288800,0.30536,0.30647,0.30526,0.30559,1048,27,0
1774292400,0.30558,0.30578,0.30442,0.30448,920,27,0
1774296000,0.30449,0.30498,0.30288,0.30358,976,27,0
1774299600,0.30358,0.30523,0.30352,0.30423,882,27,0
1774303200,0.30426,0.30426,0.30368,0.30384,658,27,0
1774306800,0.30393,0.30558,0.30347,0.30498,958,27,0
1774310400,0.30498,0.30600,0.30427,0.30580,712,27,0
1774314000,0.30579,0.30800,0.30521,0.30787,752,27,0
1774317600,0.30776,0.30872,0.30667,0.30838,1276,27,0
1774321200,0.30837,0.30899,0.30802,0.30805,782,27,0
1774324800,0.30806,0.30920,0.30790,0.30843,684,27,0
1774328400,0.30841,0.31011,0.30828,0.30966,568,26,0
1774332000,0.30965,0.31010,0.30891,0.30997,713,27,0
1774335600,0.30994,0.31056,0.30933,0.30987,697,27,0
1774339200,0.30983,0.31073,0.30979,0.31027,617,27,0
1774342800,0.31024,0.31041,0.30973,0.30984,854,27,0
1774346400,0.30988,0.31016,0.30890,0.30941,666,27,0
1774350000,0.30940,0.30959,0.30786,0.30890,789,27,0
1774353600,0.30886,0.31008,0.30860,0.30986,408,27,0
1774357200,0.30988,0.31131,0.30988,0.31018,626,27,0
1774360800,0.31022,0.31168,0.30992,0.31080,630,27,0
1774364400,0.31077,0.31101,0.30933,0.30992,1108,27,0
1774368000,0.30993,0.31072,0.30841,0.30920,1160,27,0
1774371600,0.30920,0.31017,0.30890,0.30982,859,27,0
1774375200,0.30986,0.31025,0.30885,0.30979,888,27,0
1774378800,0.30982,0.31066,0.30938,0.30980,882,27,0
1774382400,0.30980,0.31032,0.30958,0.30986,736,27,0
1774386000,0.30995,0.31008,0.30831,0.30834,529,27,0
1774389600,0.30826,0.30969,0.30826,0.30831,912,27,0
1774393200,0.30835,0.30866,0.30671,0.30761,1240,27,0
1774396800,0.30764,0.30813,0.30723,0.30729,925,27,0
1774400400,0.30727,0.30727,0.30558,0.30559,1172,27,0
1774404000,0.30559,0.30632,0.30498,0.30588,1532,27,0
1774407600,0.30587,0.30740,0.30568,0.30728,988,27,0
1774411200,0.30728,0.30757,0.30655,0.30690,973,27,0
1774414800,0.30690,0.30731,0.30616,0.30711,994,27,0
1774418400,0.30713,0.30725,0.30620,0.30649,718,27,0
1774422000,0.30652,0.30727,0.30625,0.30721,297,27,0
1774425600,0.30724,0.30767,0.30691,0.30721,189,26,0
1774429200,0.30723,0.30768,0.30718,0.30756,230,26,0
1774432800,0.30759,0.30821,0.30750,0.30764,713,27,0
1774436400,0.30767,0.30898,0.30763,0.30882,635,27,0
1774440000,0.30879,0.30959,0.30879,0.30924,754,27,0
1774443600,0.30919,0.30964,0.30895,0.30943,845,27,0
1774447200,0.30944,0.31047,0.30910,0.30924,1299,27,0
1774450800,0.30924,0.30992,0.30909,0.30982,979,27,0
1774454400,0.30983,0.31074,0.30938,0.31058,934,27,0
1774458000,0.31057,0.31114,0.31018,0.31104,1142,27,0
1774461600,0.31104,0.31266,0.31104,0.31262,915,27,0
1774465200,0.31260,0.31422,0.31244,0.31352,786,27,0
1774468800,0.31356,0.31381,0.31202,0.31364,827,27,0
1774472400,0.31366,0.31461,0.31357,0.31438,631,27,0
1774476000,0.31441,0.31505,0.31417,0.31503,637,27,0
1774479600,0.31508,0.31560,0.31330,0.31398,1357,27,0
1774483200,0.31397,0.31602,0.31397,0.31589,951,27,0
1774486800,0.31585,0.31628,0.31378,0.31411,862,27,0
1774490400,0.31411,0.31441,0.31263,0.31294,1413,27,0
1774494000,0.31303,0.31412,0.31287,0.31391,737,27,0
1774497600,0.31397,0.31402,0.31309,0.31365,695,27,0
1774501200,0.31352,0.31433,0.31307,0.31433,654,27,0
1774504800,0.31439,0.31544,0.31424,0.31534,513,27,0
1774508400,0.31534,0.31587,0.31406,0.31409,982,27,0
1774512000,0.31410,0.31473,0.31398,0.31459,606,27,0
1774515600,0.31459,0.31483,0.31409,0.31428,655,27,0
1774519200,0.31431,0.31481,0.31410,0.31462,947,27,0
1774522800,0.31466,0.31488,0.31194,0.31209,942,27,0
1774526400,0.31211,0.31211,0.31023,0.31069,1397,27,0
1774530000,0.31072,0.31190,0.31022,0.31160,968,27,0
1774533600,0.31161,0.31271,0.31033,0.31097,1202,27,0
1774537200,0.31098,0.31128,0.31026,0.31114,1145,27,0
1774540800,0.31113,0.31177,0.30994,0.31082,1441,27,0
1774544400,0.31079,0.31110,0.31013,0.31071,2899,27,0
1774548000,0.31072,0.31122,0.31057,0.31115,1013,27,0
1774551600,0.31117,0.31135,0.30960,0.31036,853,27,0
1774555200,0.31036,0.31070,0.31000,0.31022,601,26,0
1774558800,0.31022,0.31025,0.30860,0.30885,906,27,0
1774562400,0.30884,0.30951,0.30838,0.30934,1229,27,0
1774566000,0.30930,0.31087,0.30922,0.31054,922,27,0
1774569600,0.31055,0.31141,0.31041,0.31128,522,26,0
1774573200,0.31130,0.31136,0.31085,0.31114,341,27,0
1774576800,0.31114,0.31153,0.31058,0.31082,473,27,0
1774580400,0.31081,0.31135,0.31020,0.31055,376,27,0
1774584000,0.31054,0.31082,0.31015,0.31026,369,27,0
1774587600,0.31024,0.31098,0.31011,0.31068,353,27,0
1774591200,0.31069,0.31401,0.31029,0.31389,710,27,0
1774594800,0.31406,0.31527,0.31373,0.31432,1000,27,0
1774598400,0.31430,0.31507,0.31365,0.31469,702,27,0
1774602000,0.31470,0.31649,0.31446,0.31609,801,27,0
1774605600,0.31607,0.31695,0.31525,0.31540,1128,27,0
1774609200,0.31539,0.31539,0.31259,0.31334,1023,27,0
1774612800,0.31335,0.31485,0.31151,0.31169,1703,27,0
1774616400,0.31170,0.31175,0.31022,0.31053,1120,27,0
1774620000,0.31051,0.31219,0.31039,0.31202,941,27,0
1774623600,0.31199,0.31275,0.31002,0.31013,1390,27,0
1774627200,0.31009,0.31009,0.30757,0.30804,1233,27,0
1774630800,0.30804,0.31031,0.30738,0.30872,1193,27,0
1774634400,0.30872,0.30885,0.30762,0.30809,1030,27,0
1774638000,0.30812,0.30975,0.30790,0.30850,795,27,0
1774641600,0.30852,0.30979,0.30851,0.30926,991,27,0
1774645200,0.30923,0.31062,0.30844,0.31010,942,27,0
1774648800,0.31009,0.31119,0.30957,0.31110,759,27,0
1774652400,0.31101,0.31184,0.31040,0.31052,754,27,0
1774663200,0.31100,0.31120,0.30978,0.30998,624,27,0
1774666800,0.30998,0.31027,0.30933,0.30962,548,27,0
1774670400,0.30960,0.31052,0.30953,0.30995,572,27,0
1774674000,0.31002,0.31107,0.30998,0.31003,448,27,0
1774677600,0.30995,0.31076,0.30956,0.31014,492,27,0
1774681200,0.31015,0.31032,0.30979,0.31024,348,27,0
1774684800,0.31023,0.31169,0.31004,0.31119,653,27,0
1774688400,0.31119,0.31151,0.31085,0.31132,311,27,0
1774692000,0.31133,0.31251,0.31120,0.31153,491,27,0
1774695600,0.31157,0.31223,0.31095,0.31118,530,27,0
1774699200,0.31121,0.31165,0.31022,0.31090,532,26,0
1774702800,0.31092,0.31413,0.31082,0.31403,638,27,0
1774706400,0.31408,0.31561,0.31348,0.31440,885,27,0
1774710000,0.31435,0.31643,0.31424,0.31636,978,27,0
1774713600,0.31634,0.31684,0.31538,0.31583,896,27,0
1774717200,0.31589,0.31627,0.31438,0.31506,702,27,0
1774720800,0.31510,0.31689,0.31505,0.31562,775,26,0
1774724400,0.31562,0.31727,0.31559,0.31681,280,26,0
1774728000,0.31676,0.31798,0.31676,0.31783,363,27,0
1774731600,0.31785,0.31819,0.31710,0.31775,427,27,0
1774735200,0.31779,0.31802,0.31587,0.31650,368,27,0
1774738800,0.31646,0.31654,0.31577,0.31627,767,27,0
1774742400,0.31629,0.31670,0.31559,0.31627,678,27,0
1774746000,0.31629,0.31668,0.31564,0.31616,537,26,0
1774749600,0.31619,0.31722,0.31551,0.31577,795,27,0
1774753200,0.31576,0.31576,0.31540,0.31570,40,27,0
1774756800,0.31555,0.31727,0.31548,0.31599,677,27,0
1774760400,0.31603,0.31634,0.31523,0.31555,497,27,0
1774764000,0.31552,0.31577,0.31496,0.31505,482,26,0
1774767600,0.31503,0.31529,0.31448,0.31498,384,27,0
1774771200,0.31497,0.31630,0.31458,0.31605,478,27,0
1774774800,0.31600,0.31660,0.31499,0.31517,537,27,0
1774778400,0.31514,0.31804,0.31465,0.31741,694,27,0
1774782000,0.31738,0.31961,0.31721,0.31918,641,27,0
1774785600,0.31922,0.31988,0.31876,0.31964,570,27,0
1774789200,0.31964,0.31969,0.31733,0.31826,976,27,0
1774792800,0.31831,0.31916,0.31828,0.31914,585,26,0
1774796400,0.31913,0.31942,0.31864,0.31910,521,27,0
1774800000,0.31904,0.31949,0.31768,0.31794,948,27,0
1774803600,0.31793,0.31949,0.31786,0.31857,707,27,0
1774807200,0.31857,0.31870,0.31730,0.31771,667,27,0
1774810800,0.31772,0.31812,0.31748,0.31764,218,26,0
1774814400,0.31801,0.31911,0.31781,0.31840,756,26,0
1774818000,0.31843,0.31934,0.31826,0.31929,389,27,0
1774821600,0.31927,0.32007,0.31910,0.32004,424,27,0
1774825200,0.32004,0.32394,0.32000,0.32317,1547,27,0
1774828800,0.32322,0.32338,0.32242,0.32274,850,27,0
1774832400,0.32274,0.32419,0.32101,0.32189,1577,27,0
1774836000,0.32189,0.32288,0.32111,0.32139,1165,27,0
1774839600,0.32144,0.32212,0.31982,0.32012,1544,27,0
1774843200,0.32009,0.32231,0.32001,0.32228,1404,27,0
1774846800,0.32227,0.32272,0.32140,0.32242,1077,27,0
1774850400,0.32243,0.32286,0.32203,0.32286,648,27,0
1774854000,0.32288,0.32324,0.32082,0.32137,887,27,0
1774857600,0.32140,0.32339,0.32127,0.32305,1134,27,0
1774861200,0.32303,0.32314,0.32187,0.32191,605,27,0
1774864800,0.32191,0.32264,0.32187,0.32226,536,27,0
1774868400,0.32224,0.32242,0.32120,0.32122,447,27,0
1774872000,0.32130,0.32277,0.32124,0.32274,567,26,0
1774875600,0.32275,0.32374,0.32264,0.32347,625,26,0
1774879200,0.32349,0.32374,0.32259,0.32357,938,27,0
1774882800,0.32356,0.32409,0.31752,0.31769,1531,27,0
1774886400,0.31772,0.31921,0.31647,0.31881,2262,27,0
1774890000,0.31886,0.31890,0.31607,0.31689,1883,27,0
1774893600,0.31692,0.31814,0.31668,0.31776,1387,27,0
1774897200,0.31778,0.31887,0.31689,0.31886,1059,27,0
1774900800,0.31889,0.31943,0.31802,0.31928,1207,27,0
1774904400,0.31927,0.32121,0.31873,0.32048,1147,27,0
1774908000,0.32046,0.32071,0.31861,0.31992,1158,27,0
1774911600,0.31993,0.32020,0.31885,0.31966,772,27,0
1774915200,0.31966,0.32004,0.31922,0.31940,761,27,0
1774918800,0.31940,0.32027,0.31936,0.31981,608,27,0
1774922400,0.31982,0.31984,0.31887,0.31969,646,27,0
1774926000,0.31971,0.31985,0.31832,0.31907,1051,27,0
1774929600,0.31907,0.31994,0.31861,0.31951,1234,27,0
1774933200,0.31959,0.32008,0.31855,0.31858,666,27,0
1774936800,0.31856,0.31921,0.31807,0.31842,978,27,0
1774940400,0.31843,0.32009,0.31837,0.31990,582,26,0
1774944000,0.31990,0.32101,0.31975,0.32035,580,27,0
1774947600,0.32040,0.32098,0.32002,0.32073,615,27,0
1774951200,0.32074,0.32148,0.32051,0.32068,568,27,0
1774954800,0.32068,0.32069,0.31800,0.31879,952,27,0
1774958400,0.31884,0.31888,0.31742,0.31836,876,27,0
1774962000,0.31836,0.31873,0.31666,0.31689,521,27,0
1774965600,0.31691,0.31691,0.31501,0.31512,1137,27,0
1774969200,0.31510,0.31591,0.31437,0.31570,1260,27,0
1774972800,0.31569,0.31569,0.31463,0.31505,761,27,0
1774976400,0.31506,0.31513,0.31223,0.31259,1470,27,0
1774980000,0.31255,0.31262,0.31116,0.31171,1545,27,0
1774983600,0.31169,0.31171,0.31007,0.31097,1912,27,0
1774987200,0.31097,0.31376,0.31074,0.31257,2030,27,0
1774990800,0.31264,0.31284,0.31221,0.31258,849,27,0
1774994400,0.31260,0.31297,0.31222,0.31263,696,27,0
1774998000,0.31264,0.31320,0.31238,0.31293,584,27,0
1775001600,0.31291,0.31373,0.31280,0.31287,794,27,0
1775005200,0.31290,0.31358,0.31243,0.31303,829,27,0
1775008800,0.31309,0.31390,0.31292,0.31299,604,27,0
1775012400,0.31297,0.31386,0.31270,0.31370,727,27,0
1775016000,0.31371,0.31440,0.31351,0.31393,606,27,0
1775019600,0.31397,0.31471,0.31385,0.31450,305,26,0
1775023200,0.31454,0.31607,0.31454,0.31604,392,27,0
1775026800,0.31599,0.31634,0.31554,0.31604,688,27,0
1775030400,0.31607,0.31613,0.31541,0.31546,756,27,0
1775034000,0.31547,0.31637,0.31463,0.31533,778,27,0
1775037600,0.31533,0.31552,0.31451,0.31537,614,27,0
1775041200,0.31535,0.31586,0.31452,0.31505,629,27,0
1775044800,0.31506,0.31521,0.31453,0.31492,418,27,0
1775048400,0.31492,0.31580,0.31451,0.31565,490,27,0
1775052000,0.31565,0.31585,0.31535,0.31539,390,27,0
1775055600,0.31531,0.31575,0.31488,0.31524,606,27,0
1775059200,0.31524,0.31565,0.31471,0.31526,789,27,0
1775062800,0.31523,0.31571,0.31478,0.31554,741,27,0
1775066400,0.31557,0.31569,0.31463,0.31494,700,27,0
1775070000,0.31496,0.31571,0.31484,0.31539,518,26,0
1775073600,0.31540,0.31551,0.31416,0.31463,709,27,0
1775077200,0.31470,0.31592,0.31429,0.31573,1014,27,0
1775080800,0.31552,0.31588,0.31494,0.31526,615,27,0
1775084400,0.31526,0.31565,0.31470,0.31548,553,27,0
1775088000,0.31549,0.31561,0.31472,0.31525,861,27,0
1775091600,0.31524,0.31593,0.31474,0.31560,656,27,0
1775095200,0.31564,0.31584,0.31506,0.31519,551,26,0
1775098800,0.31522,0.31585,0.31488,0.31547,590,26,0
1775102400,0.31549,0.31595,0.31480,0.31526,1347,27,0
1775106000,0.31525,0.31562,0.31439,0.31441,1091,27,0
1775109600,0.31446,0.31464,0.31397,0.31398,791,27,0
1775113200,0.31398,0.31457,0.31390,0.31402,936,27,0
1775116800,0.31403,0.31501,0.31399,0.31495,710,27,0
1775120400,0.31495,0.31556,0.31479,0.31524,681,27,0
1775124000,0.31522,0.31540,0.31504,0.31538,539,26,0
1775127600,0.31536,0.31566,0.31501,0.31502,519,26,0
1775131200,0.31503,0.31522,0.31486,0.31504,526,27,0
1775134800,0.31504,0.31590,0.31494,0.31552,569,27,0
1775138400,0.31557,0.31561,0.31504,0.31538,567,27,0
1775142000,0.31533,0.31609,0.31531,0.31576,800,26,0
1775145600,0.31571,0.31619,0.31550,0.31566,1007,27,0
1775149200,0.31566,0.31603,0.31497,0.31500,1174,27,0
1775152800,0.31502,0.31512,0.31432,0.31444,607,27,0
1775156400,0.31439,0.31515,0.31428,0.31482,531,27,0
1775160000,0.31484,0.31487,0.31246,0.31379,960,27,0
1775163600,0.31375,0.31481,0.31344,0.31473,401,27,0
1775167200,0.31472,0.31507,0.31430,0.31503,428,27,0
1775170800,0.31503,0.31521,0.31463,0.31472,346,26,0
1775174400,0.31478,0.31521,0.31455,0.31491,392,27,0
1775178000,0.31492,0.31510,0.31452,0.31465,490,27,0
1775181600,0.31470,0.31531,0.31467,0.31494,324,27,0
1775185200,0.31492,0.31522,0.31455,0.31497,362,26,0
1775188800,0.31497,0.31502,0.31441,0.31444,401,27,0
1775192400,0.31446,0.31459,0.31399,0.31430,522,27,0
1775196000,0.31429,0.31475,0.31408,0.31423,349,26,0
1775199600,0.31422,0.31451,0.31402,0.31431,279,26,0
1775203200,0.31435,0.31502,0.31433,0.31491,346,27,0
1775206800,0.31493,0.31521,0.31472,0.31498,342,26,0
1775210400,0.31494,0.31496,0.31435,0.31441,399,26,0
1775214000,0.31440,0.31470,0.31417,0.31444,382,27,0
1775217600,0.31443,0.31449,0.31235,0.31305,714,27,0
1775221200,0.31300,0.31362,0.31276,0.31360,367,27,0
1775224800,0.31360,0.31381,0.31271,0.31299,542,27,0
1775228400,0.31298,0.31382,0.31297,0.31381,580,27,0
1775232000,0.31375,0.31396,0.31320,0.31347,450,27,0
1775235600,0.31347,0.31385,0.31308,0.31377,308,27,0
1775239200,0.31378,0.31401,0.31354,0.31392,327,26,0
1775242800,0.31395,0.31463,0.31376,0.31410,351,27,0
1775246400,0.31410,0.31455,0.31377,0.31451,298,26,0
1775250000,0.31450,0.31466,0.31402,0.31414,237,26,0
1775253600,0.31415,0.31461,0.31402,0.31449,258,26,0
1775257200,0.31449,0.31462,0.31407,0.31425,239,27,0
1775268000,0.31493,0.31522,0.31471,0.31479,184,26,0
1775271600,0.31485,0.31538,0.31470,0.31531,272,27,0
1775275200,0.31531,0.31575,0.31507,0.31527,254,27,0
1775278800,0.31533,0.31533,0.31454,0.31488,328,27,0
1775282400,0.31490,0.31532,0.31477,0.31520,228,27,0
1775286000,0.31520,0.31542,0.31480,0.31517,294,27,0
1775289600,0.31518,0.31536,0.31490,0.31530,335,26,0
1775293200,0.31532,0.31571,0.31521,0.31534,281,26,0
1775296800,0.31538,0.31601,0.31527,0.31576,271,26,0
1775300400,0.31577,0.31719,0.31577,0.31702,477,27,0
1775304000,0.31701,0.31766,0.31692,0.31705,411,26,0
1775307600,0.31706,0.31754,0.31691,0.31725,363,27,0
1775311200,0.31725,0.31771,0.31573,0.31674,569,27,0
1775314800,0.31674,0.31694,0.31640,0.31657,472,27,0
1775318400,0.31662,0.31689,0.31652,0.31680,604,27,0
1775322000,0.31681,0.31711,0.31649,0.31678,454,26,0
1775325600,0.31677,0.31694,0.31614,0.31650,550,27,0
1775329200,0.31651,0.31720,0.31643,0.31696,412,26,0
1775332800,0.31696,0.31731,0.31651,0.31701,368,27,0
1775336400,0.31698,0.31736,0.31677,0.31723,248,27,0
1775340000,0.31725,0.31742,0.31712,0.31719,324,27,0
1775343600,0.31721,0.31762,0.31719,0.31741,200,26,0
1775347200,0.31734,0.31739,0.31702,0.31726,435,27,0
1775350800,0.31725,0.31761,0.31713,0.31739,342,26,0
1775354400,0.31741,0.31761,0.31706,0.31710,238,26,0
1775358000,0.31708,0.31718,0.31664,0.31715,151,27,0
1775361600,0.31709,0.31722,0.31672,0.31705,236,26,0
1775365200,0.31705,0.31771,0.31689,0.31749,237,27,0
1775368800,0.31750,0.31781,0.31723,0.31755,192,27,0
1775372400,0.31754,0.31781,0.31739,0.31759,218,26,0
1775376000,0.31757,0.31781,0.31696,0.31718,241,27,0
1775379600,0.31720,0.31782,0.31691,0.31748,420,26,0
1775383200,0.31749,0.31781,0.31724,0.31748,211,27,0
1775386800,0.31743,0.31781,0.31736,0.31781,277,27,0
1775390400,0.31766,0.31782,0.31696,0.31710,219,26,0
1775394000,0.31710,0.31751,0.31705,0.31725,255,27,0
1775397600,0.31724,0.31818,0.31718,0.31787,312,27,0
1775401200,0.31787,0.31907,0.31782,0.31834,717,26,0
1775404800,0.31832,0.31908,0.31832,0.31903,560,27,0
1775408400,0.31906,0.31920,0.31841,0.31869,443,26,0
1775412000,0.31869,0.31876,0.31803,0.31841,982,27,0
1775415600,0.31845,0.31909,0.31833,0.31901,559,27,0
1775419200,0.31900,0.31927,0.31871,0.31907,550,27,0
1775422800,0.31908,0.31952,0.31887,0.31897,377,26,0
1775426400,0.31897,0.31933,0.31871,0.31889,645,26,0
1775430000,0.31892,0.31922,0.31811,0.31819,559,27,0
1775433600,0.31819,0.31861,0.31802,0.31847,765,27,0
1775437200,0.31847,0.31892,0.31839,0.31885,800,26,0
1775440800,0.31883,0.31892,0.31824,0.31849,578,27,0
1775444400,0.31855,0.31915,0.31853,0.31875,390,27,0
1775448000,0.31877,0.31922,0.31864,0.31895,243,27,0
1775451600,0.31897,0.31903,0.31774,0.31786,442,26,0
1775455200,0.31797,0.31869,0.31780,0.31800,462,27,0
1775458800,0.31802,0.31831,0.31726,0.31728,295,26,0
1775462400,0.31726,0.31771,0.31714,0.31759,240,27,0
1775466000,0.31756,0.31763,0.31704,0.31759,356,26,0
1775469600,0.31759,0.31765,0.31724,0.31761,238,26,0
1775473200,0.31759,0.31763,0.31710,0.31726,305,27,0
1775476800,0.31726,0.31767,0.31660,0.31684,581,27,0
1775480400,0.31685,0.31720,0.31646,0.31691,308,27,0
1775484000,0.31692,0.31826,0.31691,0.31820,415,27,0
1775487600,0.31820,0.31838,0.31777,0.31818,460,27,0
1775491200,0.31819,0.31845,0.31729,0.31784,579,26,0
1775494800,0.31767,0.31789,0.31728,0.31762,524,27,0
1775498400,0.31758,0.31766,0.31716,0.31743,339,27,0
1775502000,0.31755,0.31756,0.31603,0.31611,404,26,0
1775505600,0.31609,0.31635,0.31586,0.31618,429,27,0
1775509200,0.31619,0.31619,0.31534,0.31561,378,27,0
1775512800,0.31562,0.31602,0.31537,0.31584,347,27,0
1775516400,0.31576,0.31587,0.31532,0.31547,278,27,0
1775520000,0.31548,0.31573,0.31505,0.31569,592,27,0
1775523600,0.31566,0.31636,0.31554,0.31597,637,27,0
1775527200,0.31596,0.31696,0.31535,0.31609,701,27,0
1775530800,0.31610,0.31658,0.31585,0.31597,620,27,0
1775534400,0.31597,0.31644,0.31581,0.31600,563,27,0
1775538000,0.31601,0.31628,0.31588,0.31620,287,26,0
1775541600,0.31626,0.31633,0.31547,0.31569,376,26,0
1775545200,0.31567,0.31612,0.31552,0.31612,267,26,0
1775548800,0.31601,0.31623,0.31581,0.31613,195,26,0
1775552400,0.31614,0.31625,0.31546,0.31611,446,27,0
1775556000,0.31611,0.31641,0.31576,0.31596,303,26,0
1775559600,0.31589,0.31607,0.31561,0.31584,385,26,0
1775563200,0.31587,0.31590,0.31446,0.31478,685,27,0
1775566800,0.31478,0.31511,0.31381,0.31440,648,27,0
1775570400,0.31441,0.31454,0.31361,0.31415,600,27,0
1775574000,0.31417,0.31420,0.31362,0.31377,631,27,0
1775577600,0.31370,0.31404,0.31313,0.31367,583,26,0
1775581200,0.31372,0.31392,0.31292,0.31305,794,27,0
1775584800,0.31301,0.31383,0.31292,0.31359,571,27,0
1775588400,0.31357,0.31401,0.31314,0.31374,738,27,0
1775592000,0.31373,0.31414,0.31362,0.31397,548,27,0
1775595600,0.31398,0.31399,0.31318,0.31367,470,27,0
1775599200,0.31367,0.31411,0.31348,0.31389,907,27,0
1775602800,0.31389,0.31448,0.31378,0.31428,665,27,0
1775606400,0.31426,0.31481,0.31408,0.31462,1328,27,0
1775610000,0.31468,0.31523,0.31442,0.31511,1059,27,0
1775613600,0.31511,0.31555,0.31471,0.31522,1258,27,0
1775617200,0.31521,0.31538,0.31416,0.31500,752,27,0
1775620800,0.31503,0.31513,0.31427,0.31446,457,27,0
1775624400,0.31450,0.31501,0.31409,0.31489,586,27,0
1775628000,0.31489,0.31575,0.31485,0.31571,568,27,0
1775631600,0.31573,0.31641,0.31536,0.31622,668,27,0
1775635200,0.31625,0.31639,0.31599,0.31604,322,26,0
1775638800,0.31605,0.31611,0.31536,0.31556,441,27,0
1775642400,0.31557,0.31622,0.31550,0.31591,444,27,0
1775646000,0.31593,0.31605,0.31542,0.31570,607,27,0
1775649600,0.31572,0.31626,0.31572,0.31602,353,26,0
1775653200,0.31607,0.31657,0.31594,0.31656,416,26,0
1775656800,0.31654,0.31767,0.31648,0.31759,441,27,0
1775660400,0.31757,0.31784,0.31722,0.31722,375,26,0
1775664000,0.31720,0.31800,0.31719,0.31724,706,26,0
1775667600,0.31726,0.31795,0.31685,0.31731,960,27,0
1775671200,0.31736,0.31763,0.31715,0.31738,434,27,0
1775674800,0.31738,0.31776,0.31699,0.31776,387,27,0
1775678400,0.31779,0.31812,0.31762,0.31783,341,26,0
1775682000,0.31780,0.31807,0.31710,0.31723,476,27,0
1775685600,0.31724,0.31777,0.31718,0.31754,404,27,0
1775689200,0.31754,0.31780,0.31732,0.31749,384,26,0
1775692800,0.31750,0.31780,0.31720,0.31767,514,27,0
1775696400,0.31770,0.31784,0.31729,0.31760,427,27,0
1775700000,0.31755,0.31784,0.31724,0.31756,419,27,0
1775703600,0.31757,0.31833,0.31725,0.31736,606,26,0
1775707200,0.31737,0.31751,0.31665,0.31693,357,27,0
1775710800,0.31691,0.31742,0.31635,0.31650,327,26,0
1775714400,0.31646,0.31693,0.31629,0.31680,335,26,0
1775718000,0.31681,0.31710,0.31663,0.31691,280,26,0
1775721600,0.31691,0.31713,0.31670,0.31675,300,26,0
1775725200,0.31677,0.31732,0.31671,0.31727,327,27,0
1775728800,0.31727,0.31741,0.31614,0.31659,297,27,0
1775732400,0.31658,0.31681,0.31642,0.31663,328,27,0
1775736000,0.31659,0.31702,0.31644,0.31670,233,26,0
1775739600,0.31671,0.31770,0.31628,0.31729,383,26,0
1775743200,0.31731,0.31762,0.31711,0.31742,433,27,0
1775746800,0.31742,0.31847,0.31732,0.31817,523,27,0
1775750400,0.31818,0.31844,0.31759,0.31802,634,26,0
1775754000,0.31804,0.31863,0.31793,0.31839,487,27,0
1775757600,0.31840,0.31858,0.31790,0.31847,796,27,0
1775761200,0.31849,0.31893,0.31838,0.31884,626,27,0
1775764800,0.31886,0.31901,0.31870,0.31874,434,26,0
1775768400,0.31871,0.31915,0.31850,0.31908,353,26,0
1775772000,0.31909,0.31962,0.31899,0.31956,359,26,0
1775775600,0.31956,0.32032,0.31956,0.32010,296,27,0
1775779200,0.32011,0.32021,0.31910,0.31931,679,27,0
1775782800,0.31934,0.31995,0.31932,0.31984,648,27,0
1775786400,0.31982,0.32011,0.31947,0.32006,451,27,0
1775790000,0.32007,0.32051,0.31983,0.32045,385,27,0
1775793600,0.32051,0.32056,0.32015,0.32033,347,26,0
1775797200,0.32033,0.32048,0.31953,0.32001,355,26,0
1775800800,0.32001,0.32013,0.31946,0.32011,318,27,0
1775804400,0.32012,0.32029,0.31918,0.31925,322,27,0
1775808000,0.31921,0.31972,0.31894,0.31913,314,26,0
1775811600,0.31915,0.31945,0.31886,0.31915,358,27,0
1775815200,0.31910,0.31972,0.31910,0.31961,278,27,0
1775818800,0.31956,0.31971,0.31895,0.31912,291,27,0
1775822400,0.31918,0.31964,0.31903,0.31949,249,26,0
1775826000,0.31946,0.31952,0.31904,0.31928,261,26,0
1775829600,0.31928,0.31942,0.31893,0.31904,269,27,0
1775833200,0.31903,0.31922,0.31767,0.31779,514,26,0
1775836800,0.31768,0.31841,0.31760,0.31837,410,27,0
1775840400,0.31836,0.31842,0.31777,0.31785,469,27,0
1775844000,0.31779,0.31788,0.31750,0.31758,336,26,0
1775847600,0.31757,0.31781,0.31736,0.31748,367,27,0
1775851200,0.31742,0.31814,0.31716,0.31812,289,27,0
1775854800,0.31812,0.31814,0.31688,0.31691,417,26,0
1775858400,0.31690,0.31697,0.31646,0.31660,347,27,0
1775862000,0.31660,0.31763,0.31655,0.31745,449,26,0
1775872800,0.31867,0.31902,0.31867,0.31895,242,26,0
1775876400,0.31895,0.31902,0.31825,0.31863,292,26,0
1775880000,0.31865,0.31882,0.31820,0.31877,256,27,0
1775883600,0.31877,0.31884,0.31832,0.31863,233,26,0
1775887200,0.31863,0.31881,0.31735,0.31738,415,27,0
1775890800,0.31736,0.31827,0.31734,0.31799,285,26,0
1775894400,0.31798,0.31862,0.31773,0.31853,227,26,0
1775898000,0.31855,0.31881,0.31842,0.31861,189,27,0
1775901600,0.31862,0.31864,0.31826,0.31849,204,26,0
1775905200,0.31841,0.31861,0.31807,0.31822,195,26,0
1775908800,0.31820,0.31861,0.31797,0.31846,287,26,0
1775912400,0.31846,0.31852,0.31803,0.31847,214,27,0
1775916000,0.31847,0.31862,0.31712,0.31755,554,27,0
1775919600,0.31754,0.31799,0.31741,0.31788,299,26,0
1775923200,0.31790,0.31801,0.31743,0.31788,300,27,0
1775926800,0.31786,0.31832,0.31782,0.31801,208,26,0
1775930400,0.31821,0.31821,0.31766,0.31819,325,26,0
1775934000,0.31818,0.31867,0.31818,0.31854,353,27,0
1775937600,0.31856,0.31922,0.31852,0.31922,263,26,0
1775941200,0.31915,0.31956,0.31910,0.31946,466,26,0
1775944800,0.31944,0.31962,0.31920,0.31947,291,26,0
1775948400,0.31947,0.31963,0.31926,0.31937,276,26,0
1775952000,0.31937,0.31971,0.31907,0.31939,323,26,0
1775955600,0.31941,0.31962,0.31866,0.31872,258,26,0
1775959200,0.31872,0.31891,0.31825,0.31852,192,27,0
1775962800,0.31857,0.31882,0.31822,0.31874,175,27,0
1775966400,0.31882,0.31912,0.31812,0.31817,563,27,0
1775970000,0.31816,0.31980,0.31800,0.31948,593,27,0
1775973600,0.31951,0.32004,0.31949,0.31991,412,27,0
1775977200,0.31989,0.32037,0.31968,0.32010,558,27,0
1775980800,0.32013,0.32024,0.31979,0.31998,426,26,0
1775984400,0.31999,0.32012,0.31934,0.31992,387,27,0
1775988000,0.31989,0.32003,0.31949,0.31983,373,26,0
1775991600,0.31988,0.32055,0.31978,0.32041,301,26,0
1775995200,0.32044,0.32124,0.32042,0.32122,409,27,0
1775998800,0.32123,0.32210,0.32106,0.32119,564,27,0
1776002400,0.32117,0.32155,0.32099,0.32137,326,26,0
1776006000,0.32135,0.32172,0.32085,0.32134,626,27,0
1776009600,0.32133,0.32165,0.32102,0.32148,560,27,0
1776013200,0.32147,0.32201,0.32132,0.32191,438,26,0
1776016800,0.32191,0.32239,0.32095,0.32234,630,27,0
1776020400,0.32231,0.32270,0.32191,0.32198,545,27,0
1776024000,0.32195,0.32210,0.32115,0.32147,503,26,0
1776027600,0.32148,0.32220,0.32140,0.32212,573,27,0
1776031200,0.32211,0.32241,0.32202,0.32228,306,27,0
1776034800,0.32230,0.32258,0.32193,0.32227,370,27,0
1776038400,0.32225,0.32241,0.32172,0.32210,722,27,0
1776042000,0.32208,0.32235,0.32147,0.32195,829,27,0
1776045600,0.32193,0.32212,0.32084,0.32084,444,27,0
1776049200,0.32082,0.32203,0.32073,0.32167,610,27,0
1776052800,0.32165,0.32186,0.32119,0.32151,462,27,0
1776056400,0.32151,0.32151,0.31999,0.32014,495,26,0
1776060000,0.32012,0.32051,0.31996,0.32033,300,26,0
1776063600,0.32033,0.32046,0.31989,0.31994,329,27,0
1776067200,0.31995,0.32025,0.31964,0.32019,257,27,0
1776070800,0.32017,0.32042,0.31987,0.32036,268,26,0
1776074400,0.32040,0.32185,0.32027,0.32146,581,26,0
1776078000,0.32149,0.32210,0.32136,0.32205,462,27,0
1776081600,0.32208,0.32208,0.32148,0.32191,486,26,0
1776085200,0.32193,0.32194,0.32122,0.32142,467,27,0
1776088800,0.32144,0.32161,0.32119,0.32142,417,27,0
1776092400,0.32132,0.32139,0.32034,0.32034,581,27,0
1776096000,0.32034,0.32050,0.31992,0.32029,686,27,0
1776099600,0.32031,0.32050,0.31941,0.31970,553,27,0
1776103200,0.31967,0.32049,0.31953,0.31985,694,27,0
1776106800,0.31988,0.31989,0.31899,0.31932,617,26,0
1776110400,0.31931,0.31941,0.31880,0.31928,383,27,0
1776114000,0.31934,0.31941,0.31882,0.31902,316,27,0
1776117600,0.31900,0.31998,0.31888,0.31976,721,26,0
1776121200,0.31974,0.32049,0.31951,0.32046,405,26,0
1776124800,0.32048,0.32069,0.32015,0.32058,476,27,0
1776128400,0.32057,0.32118,0.32040,0.32100,672,26,0
1776132000,0.32105,0.32112,0.31992,0.32000,666,26,0
1776135600,0.32001,0.32032,0.31961,0.32030,530,27,0
1776139200,0.32030,0.32132,0.32028,0.32115,418,27,0
1776142800,0.32116,0.32142,0.32051,0.32071,338,27,0
1776146400,0.32070,0.32070,0.32002,0.32021,259,26,0
1776150000,0.32021,0.32041,0.32011,0.32036,222,26,0
1776153600,0.32036,0.32114,0.32021,0.32114,402,26,0
1776157200,0.32118,0.32139,0.32072,0.32127,307,27,0
1776160800,0.32127,0.32135,0.32047,0.32123,577,26,0
1776164400,0.32124,0.32140,0.32069,0.32116,477,27,0
1776168000,0.32116,0.32127,0.32078,0.32098,351,27,0
1776171600,0.32101,0.32142,0.32051,0.32111,401,26,0
1776175200,0.32108,0.32115,0.32055,0.32106,504,27,0
1776178800,0.32104,0.32128,0.32067,0.32116,484,27,0
1776182400,0.32115,0.32135,0.32036,0.32073,716,27,0
1776186000,0.32071,0.32132,0.32022,0.32114,764,27,0
1776189600,0.32114,0.32181,0.32100,0.32158,587,27,0
1776193200,0.32162,0.32180,0.32136,0.32164,517,27,0
1776196800,0.32164,0.32242,0.32156,0.32241,406,26,0
1776200400,0.32240,0.32313,0.32211,0.32312,566,27,0
1776204000,0.32313,0.32324,0.32278,0.32304,310,26,0
1776207600,0.32304,0.32322,0.32270,0.32310,300,26,0
1776211200,0.32318,0.32332,0.32285,0.32311,483,27,0
1776214800,0.32318,0.32337,0.32264,0.32275,487,27,0
1776218400,0.32278,0.32343,0.32278,0.32342,369,26,0
1776222000,0.32344,0.32408,0.32344,0.32403,360,27,0
1776225600,0.32401,0.32467,0.32397,0.32407,314,26,0
1776229200,0.32421,0.32432,0.32320,0.32398,504,26,0
1776232800,0.32396,0.32412,0.32365,0.32397,294,27,0
1776236400,0.32397,0.32411,0.32330,0.32330,275,27,0
1776240000,0.32330,0.32351,0.32257,0.32289,342,26,0
1776243600,0.32287,0.32335,0.32264,0.32323,285,27,0
1776247200,0.32325,0.32390,0.32282,0.32296,538,27,0
1776250800,0.32299,0.32307,0.32217,0.32218,388,27,0
1776254400,0.32215,0.32244,0.32123,0.32213,593,27,0
1776258000,0.32213,0.32270,0.32193,0.32223,368,27,0
1776261600,0.32218,0.32238,0.32154,0.32166,513,27,0
1776265200,0.32162,0.32677,0.32147,0.32661,1633,27,0
1776268800,0.32662,0.32695,0.32586,0.32610,739,27,0
1776272400,0.32620,0.32674,0.32558,0.32607,819,27,0
1776276000,0.32606,0.32718,0.32602,0.32692,607,27,0
1776279600,0.32698,0.32706,0.32627,0.32684,385,26,0
1776283200,0.32683,0.32759,0.32656,0.32743,448,27,0
1776286800,0.32742,0.32802,0.32732,0.32794,330,26,0
1776290400,0.32795,0.32835,0.32690,0.32728,632,27,0
1776294000,0.32729,0.32784,0.32711,0.32769,453,26,0
1776297600,0.32770,0.32789,0.32722,0.32726,433,27,0
1776301200,0.32725,0.32747,0.32697,0.32724,566,26,0
1776304800,0.32724,0.32729,0.32603,0.32690,502,27,0
1776308400,0.32689,0.32729,0.32592,0.32608,703,27,0
1776312000,0.32604,0.32606,0.32542,0.32550,411,27,0
1776315600,0.32549,0.32584,0.32520,0.32526,499,26,0
1776319200,0.32527,0.32547,0.32475,0.32501,437,27,0
1776322800,0.32501,0.32511,0.32470,0.32510,315,26,0
1776326400,0.32508,0.32561,0.32501,0.32543,247,27,0
1776330000,0.32543,0.32585,0.32513,0.32571,230,26,0
1776333600,0.32547,0.32564,0.32519,0.32559,243,26,0
1776337200,0.32558,0.32582,0.32536,0.32558,342,27,0
1776340800,0.32559,0.32613,0.32519,0.32610,373,27,0
1776344400,0.32611,0.32662,0.32587,0.32652,384,27,0
1776348000,0.32651,0.32712,0.32643,0.32703,242,26,0
1776351600,0.32703,0.32732,0.32604,0.32620,620,27,0
1776355200,0.32620,0.32700,0.32588,0.32693,901,27,0
1776358800,0.32686,0.32762,0.32637,0.32689,733,27,0
1776362400,0.32696,0.32697,0.32526,0.32555,852,27,0
1776366000,0.32555,0.32650,0.32507,0.32629,577,26,0
1776369600,0.32631,0.32690,0.32592,0.32595,414,27,0
1776373200,0.32592,0.32617,0.32559,0.32575,366,27,0
1776376800,0.32571,0.32678,0.32561,0.32628,667,27,0
1776380400,0.32630,0.32697,0.32579,0.32697,486,26,0
1776384000,0.32694,0.32716,0.32683,0.32685,385,27,0
1776387600,0.32687,0.32712,0.32674,0.32685,274,26,0
1776391200,0.32686,0.32712,0.32642,0.32681,210,26,0
1776394800,0.32681,0.32685,0.32613,0.32627,434,27,0
1776398400,0.32630,0.32672,0.32592,0.32635,302,26,0
1776402000,0.32641,0.32661,0.32608,0.32622,277,26,0
1776405600,0.32629,0.32632,0.32503,0.32506,269,27,0
1776409200,0.32506,0.32571,0.32499,0.32510,316,26,0
1776412800,0.32507,0.32559,0.32449,0.32546,365,27,0
1776416400,0.32546,0.32604,0.32539,0.32591,394,26,0
1776420000,0.32590,0.32602,0.32485,0.32492,415,27,0
1776423600,0.32493,0.32494,0.32408,0.32453,692,26,0
1776427200,0.32452,0.32489,0.32377,0.32379,506,26,0
1776430800,0.32378,0.32450,0.32285,0.32350,574,26,0
1776434400,0.32346,0.32412,0.32321,0.32388,478,27,0
1776438000,0.32388,0.32420,0.32341,0.32377,562,27,0
1776441600,0.32372,0.32489,0.32355,0.32487,1132,27,0
1776445200,0.32485,0.32493,0.32426,0.32446,680,27,0
1776448800,0.32446,0.32488,0.32361,0.32482,678,27,0
1776452400,0.32484,0.32545,0.32468,0.32539,596,27,0
1776456000,0.32539,0.32622,0.32501,0.32612,564,26,0
1776459600,0.32605,0.32682,0.32605,0.32678,308,27,0
1776463200,0.32680,0.32691,0.32597,0.32666,535,27,0
1776466800,0.32669,0.32742,0.32657,0.32710,336,27,0
1776477600,0.32705,0.32776,0.32697,0.32741,274,27,0
1776481200,0.32740,0.32802,0.32685,0.32690,427,27,0
1776484800,0.32690,0.32697,0.32649,0.32681,275,26,0
1776488400,0.32667,0.32731,0.32651,0.32719,271,26,0
1776492000,0.32719,0.32731,0.32655,0.32659,232,26,0
1776495600,0.32650,0.32661,0.32602,0.32639,311,27,0
1776499200,0.32639,0.32671,0.32609,0.32665,188,26,0
1776502800,0.32666,0.32726,0.32642,0.32708,396,26,0
1776506400,0.32708,0.32754,0.32661,0.32713,292,26,0
1776510000,0.32712,0.32769,0.32688,0.32741,426,27,0
1776513600,0.32738,0.32743,0.32687,0.32713,399,27,0
1776517200,0.32715,0.32790,0.32686,0.32776,400,27,0
1776520800,0.32775,0.32802,0.32707,0.32774,479,26,0
1776524400,0.32777,0.32825,0.32706,0.32812,575,27,0
1776528000,0.32815,0.32846,0.32765,0.32795,521,26,0
1776531600,0.32795,0.32939,0.32795,0.32935,376,27,0
1776535200,0.32938,0.32985,0.32875,0.32912,488,27,0
1776538800,0.32917,0.32949,0.32868,0.32927,512,27,0
1776542400,0.32926,0.32960,0.32897,0.32959,343,26,0
1776546000,0.32960,0.32984,0.32880,0.32927,458,27,0
1776549600,0.32920,0.32943,0.32857,0.32942,443,26,0
1776553200,0.32942,0.32952,0.32827,0.32874,508,27,0
1776556800,0.32878,0.32929,0.32834,0.32906,445,27,0
1776560400,0.32907,0.32934,0.32867,0.32929,354,26,0
1776564000,0.32930,0.32937,0.32887,0.32911,244,26,0
1776567600,0.32908,0.32940,0.32870,0.32885,235,27,0
1776571200,0.32835,0.32839,0.32706,0.32710,390,27,0
1776574800,0.32709,0.32777,0.32691,0.32743,370,27,0
1776578400,0.32741,0.32763,0.32713,0.32752,366,27,0
1776582000,0.32754,0.32784,0.32723,0.32747,386,27,0
1776585600,0.32740,0.32835,0.32722,0.32817,388,27,0
1776589200,0.32818,0.32956,0.32813,0.32935,462,27,0
1776592800,0.32935,0.32973,0.32891,0.32955,360,26,0
1776596400,0.32954,0.33379,0.32954,0.33354,623,27,0
1776600000,0.33368,0.33433,0.33219,0.33280,854,27,0
1776603600,0.33280,0.33366,0.33075,0.33113,669,27,0
1776607200,0.33111,0.33127,0.32840,0.32950,696,27,0
1776610800,0.32943,0.32972,0.32912,0.32942,489,27,0
1776614400,0.32947,0.33092,0.32937,0.33026,427,27,0
1776618000,0.33026,0.33173,0.33006,0.33166,622,27,0
1776621600,0.33168,0.33398,0.33159,0.33391,896,27,0
1776625200,0.33398,0.33629,0.33362,0.33484,620,27,0
1776628800,0.33487,0.33506,0.33286,0.33340,679,27,0
1776632400,0.33345,0.33345,0.33229,0.33261,447,27,0
1776636000,0.33247,0.33262,0.33156,0.33167,403,27,0
1776639600,0.33161,0.33279,0.33029,0.33033,594,27,0
1776643200,0.33034,0.33034,0.32880,0.32959,661,27,0
1776646800,0.32948,0.32975,0.32886,0.32917,873,27,0
1776650400,0.32917,0.32946,0.32775,0.32868,860,27,0
1776654000,0.32872,0.32994,0.32816,0.32978,570,27,0
1776657600,0.32978,0.33076,0.32978,0.33073,319,27,0
1776661200,0.33071,0.33177,0.33068,0.33175,536,27,0
1776664800,0.33175,0.33230,0.33127,0.33224,415,27,0
1776668400,0.33227,0.33265,0.33141,0.33183,365,27,0
1776672000,0.33197,0.33220,0.33105,0.33133,591,27,0
1776675600,0.33135,0.33173,0.33050,0.33136,637,27,0
1776679200,0.33136,0.33154,0.32975,0.33027,981,27,0
1776682800,0.33043,0.33043,0.32860,0.32942,765,27,0
1776686400,0.32949,0.33026,0.32901,0.32984,636,26,0
1776690000,0.32984,0.33113,0.32961,0.32977,835,27,0
1776693600,0.32973,0.32985,0.32844,0.32880,766,27,0
1776697200,0.32879,0.32922,0.32776,0.32817,790,27,0
1776700800,0.32812,0.32853,0.32758,0.32779,744,27,0
1776704400,0.32773,0.32828,0.32648,0.32743,963,27,0
1776708000,0.32744,0.32799,0.32711,0.32730,603,26,0
1776711600,0.32730,0.32779,0.32593,0.32726,796,26,0
1776715200,0.32728,0.32803,0.32713,0.32780,561,26,0
1776718800,0.32780,0.32821,0.32718,0.32753,621,27,0
1776722400,0.32754,0.32813,0.32734,0.32800,492,27,0
1776726000,0.32800,0.32828,0.32777,0.32798,394,27,0
1776729600,0.32797,0.32848,0.32792,0.32801,431,27,0
1776733200,0.32796,0.32829,0.32763,0.32801,306,27,0
1776736800,0.32790,0.32906,0.32783,0.32843,413,27,0
1776740400,0.32843,0.32881,0.32797,0.32819,384,26,0
1776744000,0.32819,0.32861,0.32809,0.32843,249,26,0
1776747600,0.32843,0.32852,0.32787,0.32827,233,26,0
1776751200,0.32834,0.32863,0.32813,0.32835,255,26,0
1776754800,0.32834,0.32842,0.32810,0.32830,167,26,0
1776758400,0.32830,0.32852,0.32814,0.32818,200,26,0
1776762000,0.32826,0.32889,0.32820,0.32881,230,26,0
1776765600,0.32881,0.32936,0.32843,0.32859,406,26,0
1776769200,0.32850,0.32890,0.32806,0.32860,371,27,0
1776772800,0.32849,0.32882,0.32820,0.32845,332,27,0
1776776400,0.32841,0.32884,0.32819,0.32868,213,26,0
1776780000,0.32868,0.32898,0.32845,0.32878,233,26,0
1776783600,0.32877,0.32927,0.32859,0.32899,315,26,0
1776787200,0.32902,0.32998,0.32898,0.32964,404,27,0
1776790800,0.32978,0.33090,0.32926,0.33055,651,26,0
1776794400,0.33068,0.33155,0.32947,0.32989,702,27,0
1776798000,0.32993,0.33179,0.32926,0.33135,821,27,0
1776801600,0.33137,0.33173,0.33076,0.33125,599,27,0
1776805200,0.33127,0.33306,0.33122,0.33258,638,27,0
1776808800,0.33261,0.33282,0.33078,0.33181,826,27,0
1776812400,0.33181,0.33466,0.33179,0.33404,1074,27,0
1776816000,0.33411,0.33513,0.33382,0.33395,804,27,0
1776819600,0.33398,0.33421,0.33279,0.33332,641,27,0
1776823200,0.33326,0.33342,0.33213,0.33267,506,27,0
1776826800,0.33278,0.33494,0.33128,0.33228,1142,27,0
1776830400,0.33229,0.33349,0.33198,0.33297,576,27,0
1776834000,0.33306,0.33330,0.33171,0.33232,821,27,0
1776837600,0.33231,0.33234,0.33077,0.33215,610,27,0
1776841200,0.33214,0.33214,0.33125,0.33161,443,26,0
1776844800,0.33162,0.33292,0.33124,0.33251,733,27,0
1776848400,0.33250,0.33371,0.33242,0.33333,421,27,0
1776852000,0.33337,0.33338,0.33215,0.33224,373,27,0
1776855600,0.33225,0.33245,0.33193,0.33244,232,26,0
1776859200,0.33243,0.33282,0.33146,0.33272,405,27,0
1776862800,0.33270,0.33356,0.33241,0.33354,452,27,0
1776866400,0.33354,0.33491,0.33270,0.33411,604,27,0
1776870000,0.33416,0.33471,0.33227,0.33278,757,27,0
1776873600,0.33281,0.33353,0.33092,0.33136,928,27,0
1776877200,0.33129,0.33136,0.32720,0.32864,2180,27,0
1776880800,0.32862,0.32921,0.32790,0.32864,998,27,0
1776884400,0.32866,0.32889,0.32767,0.32848,624,27,0
1776888000,0.32848,0.32862,0.32769,0.32859,511,26,0
1776891600,0.32860,0.32863,0.32767,0.32857,488,27,0
1776895200,0.32855,0.32912,0.32844,0.32907,580,27,0
1776898800,0.32904,0.32917,0.32852,0.32913,512,27,0
1776902400,0.32913,0.32950,0.32807,0.32921,636,27,0
1776906000,0.32921,0.32987,0.32883,0.32974,566,26,0
1776909600,0.32976,0.32991,0.32908,0.32925,401,27,0
1776913200,0.32930,0.32966,0.32841,0.32941,889,27,0
1776916800,0.32940,0.32975,0.32878,0.32943,499,27,0
1776920400,0.32940,0.32956,0.32844,0.32883,509,27,0
1776924000,0.32881,0.32914,0.32841,0.32909,446,27,0
1776927600,0.32908,0.32915,0.32817,0.32860,366,27,0
1776931200,0.32860,0.32861,0.32729,0.32781,355,27,0
1776934800,0.32771,0.32775,0.32608,0.32699,737,27,0
1776938400,0.32696,0.32790,0.32663,0.32763,572,27,0
1776942000,0.32760,0.32842,0.32726,0.32823,480,27,0
1776945600,0.32821,0.32877,0.32764,0.32781,517,26,0
1776949200,0.32783,0.32836,0.32739,0.32786,487,26,0
1776952800,0.32786,0.32791,0.32739,0.32752,373,27,0
1776956400,0.32753,0.32809,0.32673,0.32781,680,27,0
1776960000,0.32781,0.32812,0.32721,0.32738,425,26,0
1776963600,0.32735,0.32818,0.32731,0.32806,481,27,0
1776967200,0.32804,0.32833,0.32786,0.32831,476,27,0
1776970800,0.32835,0.33003,0.32832,0.32871,677,27,0
1776974400,0.32870,0.32889,0.32838,0.32867,546,27,0
1776978000,0.32867,0.32880,0.32796,0.32816,531,27,0
1776981600,0.32816,0.32878,0.32816,0.32875,354,27,0
1776985200,0.32873,0.32892,0.32851,0.32884,216,27,0
1776988800,0.32879,0.32921,0.32858,0.32874,331,27,0
1776992400,0.32874,0.32933,0.32855,0.32884,382,26,0
1776996000,0.32883,0.32894,0.32822,0.32855,263,27,0
1776999600,0.32860,0.32870,0.32750,0.32804,528,27,0
1777003200,0.32806,0.32861,0.32768,0.32804,427,26,0
1777006800,0.32803,0.32803,0.32725,0.32790,419,26,0
1777010400,0.32805,0.32871,0.32791,0.32847,380,26,0
1777014000,0.32840,0.32840,0.32725,0.32749,300,27,0
1777017600,0.32749,0.32802,0.32724,0.32736,410,27,0
1777021200,0.32738,0.32765,0.32708,0.32717,363,27,0
1777024800,0.32714,0.32783,0.32697,0.32783,329,27,0
1777028400,0.32778,0.32782,0.32716,0.32728,323,26,0
1777032000,0.32725,0.32795,0.32723,0.32778,326,26,0
1777035600,0.32775,0.32802,0.32764,0.32786,324,27,0
1777039200,0.32787,0.32815,0.32747,0.32762,356,27,0
1777042800,0.32762,0.32800,0.32747,0.32769,301,27,0
1777046400,0.32770,0.32802,0.32746,0.32797,304,26,0
1777050000,0.32800,0.32801,0.32591,0.32651,570,27,0
1777053600,0.32645,0.32683,0.32465,0.32524,807,27,0
1777057200,0.32503,0.32503,0.31890,0.32321,2918,27,0
1777060800,0.32316,0.32384,0.32300,0.32342,669,27,0
1777064400,0.32339,0.32371,0.32326,0.32370,416,27,0
1777068000,0.32371,0.32432,0.32330,0.32377,369,27,0
1777071600,0.32379,0.32385,0.32253,0.32304,541,26,0
1777082400,0.32347,0.32354,0.32238,0.32283,333,26,0
1777086000,0.32286,0.32315,0.32229,0.32243,497,27,0
1777089600,0.32246,0.32268,0.32167,0.32187,431,27,0
1777093200,0.32185,0.32273,0.32166,0.32248,355,27,0
1777096800,0.32249,0.32322,0.32233,0.32318,197,26,0
1777100400,0.32317,0.32352,0.32304,0.32343,160,26,0
1777104000,0.32332,0.32372,0.32322,0.32360,221,26,0
1777107600,0.32361,0.32375,0.32312,0.32349,256,27,0
1777111200,0.32349,0.32368,0.32283,0.32316,296,26,0
1777114800,0.32317,0.32341,0.32165,0.32201,503,26,0
1777118400,0.32202,0.32242,0.32159,0.32173,488,26,0
1777122000,0.32174,0.32219,0.32128,0.32175,428,27,0
1777125600,0.32177,0.32261,0.32174,0.32239,262,26,0
1777129200,0.32239,0.32291,0.32209,0.32286,386,26,0
1777132800,0.32290,0.32293,0.32228,0.32258,362,27,0
1777136400,0.32260,0.32312,0.32220,0.32272,303,27,0
1777140000,0.32272,0.32381,0.32259,0.32328,328,26,0
1777143600,0.32334,0.32393,0.32334,0.32386,415,27,0
1777147200,0.32385,0.32434,0.32344,0.32396,420,27,0
1777150800,0.32388,0.32427,0.32357,0.32386,358,26,0
1777154400,0.32386,0.32430,0.32350,0.32363,462,26,0
1777158000,0.32364,0.32395,0.32342,0.32365,335,27,0
1777161600,0.32364,0.32410,0.32298,0.32354,631,26,0
1777165200,0.32356,0.32412,0.32350,0.32403,329,27,0
1777168800,0.32403,0.32420,0.32338,0.32341,276,27,0
1777172400,0.32336,0.32387,0.32332,0.32375,227,27,0
1777176000,0.32381,0.32408,0.32351,0.32387,387,27,0
1777179600,0.32391,0.32403,0.32345,0.32377,321,27,0
1777183200,0.32375,0.32380,0.32324,0.32339,299,26,0
1777186800,0.32340,0.32381,0.32329,0.32365,234,26,0
1777190400,0.32365,0.32381,0.32315,0.32361,152,26,0
1777194000,0.32361,0.32371,0.32281,0.32326,107,26,0
1777197600,0.32326,0.32402,0.32325,0.32354,193,26,0
1777201200,0.32354,0.32382,0.32289,0.32337,329,26,0
1777204800,0.32351,0.32430,0.32315,0.32389,305,27,0
1777208400,0.32394,0.32398,0.32342,0.32359,256,26,0
1777212000,0.32353,0.32365,0.32247,0.32267,500,27,0
1777215600,0.32267,0.32333,0.32250,0.32329,296,27,0
1777219200,0.32329,0.32350,0.32297,0.32321,253,26,0
1777222800,0.32321,0.32345,0.32304,0.32333,263,26,0
1777226400,0.32338,0.32351,0.32303,0.32340,219,26,0
1777230000,0.32337,0.32373,0.32322,0.32363,241,27,0
1777233600,0.32364,0.32385,0.32325,0.32374,276,27,0
1777237200,0.32372,0.32399,0.32353,0.32378,356,27,0
1777240800,0.32379,0.32398,0.32344,0.32344,301,26,0
1777244400,0.32350,0.32370,0.32303,0.32316,303,26,0
1777248000,0.32317,0.32352,0.32303,0.32338,398,26,0
1777251600,0.32334,0.32348,0.32295,0.32329,387,27,0
1777255200,0.32327,0.32382,0.32270,0.32272,432,26,0
1777258800,0.32269,0.32360,0.32255,0.32352,505,27,0
1777262400,0.32356,0.32377,0.32281,0.32320,491,26,0
1777266000,0.32327,0.32335,0.32264,0.32281,353,26,0
1777269600,0.32282,0.32365,0.32257,0.32334,301,27,0
1777273200,0.32338,0.32396,0.32311,0.32361,311,27,0
1777276800,0.32359,0.32369,0.32301,0.32355,490,26,0
1777280400,0.32354,0.32364,0.32324,0.32361,263,27,0
1777284000,0.32365,0.32369,0.32311,0.32327,243,26,0
1777287600,0.32327,0.32413,0.32302,0.32366,421,26,0
1777291200,0.32376,0.32506,0.32334,0.32459,817,27,0
1777294800,0.32460,0.32521,0.32460,0.32511,273,27,0
1777298400,0.32510,0.32541,0.32467,0.32516,334,26,0
1777302000,0.32516,0.32561,0.32475,0.32518,356,26,0
1777305600,0.32510,0.32561,0.32442,0.32539,356,26,0
1777309200,0.32546,0.32601,0.32525,0.32537,445,27,0
1777312800,0.32535,0.32536,0.32412,0.32467,660,27,0
1777316400,0.32461,0.32501,0.32430,0.32480,401,26,0
1777320000,0.32481,0.32552,0.32480,0.32533,188,26,0
1777323600,0.32533,0.32561,0.32482,0.32547,301,26,0
1777327200,0.32549,0.32565,0.32509,0.32546,362,26,0
1777330800,0.32545,0.32581,0.32525,0.32550,259,26,0
1777334400,0.32556,0.32612,0.32524,0.32524,304,27,0
1777338000,0.32524,0.32581,0.32514,0.32531,241,27,0
1777341600,0.32514,0.32531,0.32477,0.32506,182,27,0
1777345200,0.32502,0.32557,0.32475,0.32485,301,26,0
1777348800,0.32485,0.32491,0.32404,0.32449,350,27,0
1777352400,0.32450,0.32461,0.32420,0.32438,395,27,0
1777356000,0.32438,0.32454,0.32346,0.32387,376,27,0
1777359600,0.32389,0.32431,0.32354,0.32403,263,26,0
1777363200,0.32395,0.32423,0.32368,0.32381,251,26,0
1777366800,0.32382,0.32411,0.32285,0.32332,406,26,0
1777370400,0.32331,0.32361,0.32298,0.32312,376,27,0
1777374000,0.32316,0.32331,0.32266,0.32290,337,26,0
1777377600,0.32288,0.32329,0.32273,0.32277,397,27,0
1777381200,0.32276,0.32351,0.32272,0.32308,298,27,0
1777384800,0.32310,0.32361,0.32286,0.32313,582,26,0
1777388400,0.32313,0.32364,0.32302,0.32343,431,27,0
1777392000,0.32342,0.32353,0.32279,0.32303,502,27,0
1777395600,0.32304,0.32365,0.32265,0.32327,510,27,0
1777399200,0.32322,0.32356,0.32209,0.32312,565,27,0
1777402800,0.32306,0.32320,0.32268,0.32303,297,26,0
1777406400,0.32303,0.32364,0.32293,0.32335,226,26,0
1777410000,0.32336,0.32339,0.32241,0.32316,496,27,0
1777413600,0.32314,0.32342,0.32282,0.32297,315,27,0
1777417200,0.32297,0.32331,0.32216,0.32223,357,26,0
1777420800,0.32223,0.32274,0.32213,0.32235,520,26,0
1777424400,0.32232,0.32277,0.32217,0.32275,286,26,0
1777428000,0.32274,0.32291,0.32240,0.32267,278,26,0
1777431600,0.32266,0.32267,0.32217,0.32259,311,26,0
1777435200,0.32257,0.32263,0.32134,0.32141,284,26,0
1777438800,0.32140,0.32191,0.32128,0.32176,242,26,0
1777442400,0.32176,0.32205,0.32149,0.32162,306,26,0
1777446000,0.32172,0.32186,0.32108,0.32114,608,27,0
1777449600,0.32114,0.32231,0.32099,0.32173,510,27,0
1777453200,0.32174,0.32201,0.32171,0.32191,340,27,0
1777456800,0.32197,0.32241,0.32166,0.32186,345,26,0
1777460400,0.32193,0.32385,0.32179,0.32302,667,27,0
1777464000,0.32299,0.32339,0.32194,0.32289,629,27,0
1777467600,0.32291,0.32312,0.32230,0.32303,453,27,0
1777471200,0.32304,0.32328,0.32250,0.32275,383,26,0
1777474800,0.32276,0.32330,0.32255,0.32320,465,26,0
1777478400,0.32312,0.32327,0.32252,0.32295,587,27,0
1777482000,0.32293,0.32324,0.32249,0.32307,548,27,0
1777485600,0.32308,0.32322,0.32225,0.32234,564,27,0
1777489200,0.32237,0.32321,0.32210,0.32301,524,27,0
1777492800,0.32300,0.32317,0.32264,0.32300,443,27,0
1777496400,0.32299,0.32311,0.32231,0.32289,691,27,0
1777500000,0.32289,0.32329,0.32278,0.32294,469,27,0
1777503600,0.32296,0.32369,0.32282,0.32305,523,27,0
1777507200,0.32306,0.32335,0.32286,0.32326,593,27,0
1777510800,0.32324,0.32352,0.32299,0.32304,519,27,0
1777514400,0.32302,0.32314,0.32268,0.32276,444,27,0
1777518000,0.32279,0.32317,0.32272,0.32292,479,27,0
1777521600,0.32311,0.32361,0.32291,0.32333,640,27,0
1777525200,0.32336,0.32372,0.32334,0.32348,597,27,0
1777528800,0.32345,0.32398,0.32345,0.32393,409,26,0
1777532400,0.32393,0.32422,0.32370,0.32371,363,27,0
1777536000,0.32369,0.32436,0.32351,0.32426,310,26,0
1777539600,0.32432,0.32445,0.32350,0.32359,285,27,0
1777543200,0.32360,0.32451,0.32359,0.32429,380,26,0
1777546800,0.32431,0.32461,0.32413,0.32426,308,26,0
1777550400,0.32427,0.32582,0.32418,0.32537,417,27,0
1777554000,0.32540,0.32654,0.32531,0.32540,608,27,0
1777557600,0.32540,0.32561,0.32513,0.32518,493,27,0
1777561200,0.32518,0.32611,0.32518,0.32564,411,26,0
1777564800,0.32565,0.32574,0.32486,0.32531,404,27,0
1777568400,0.32531,0.32563,0.32507,0.32533,513,27,0
1777572000,0.32535,0.32556,0.32494,0.32539,445,27,0
1777575600,0.32537,0.32622,0.32537,0.32596,335,27,0
1777579200,0.32593,0.32601,0.32555,0.32592,310,27,0
1777582800,0.32601,0.32627,0.32576,0.32612,212,27,0
1777586400,0.32613,0.32654,0.32593,0.32641,290,26,0
1777590000,0.32643,0.32661,0.32624,0.32632,237,26,0
1777593600,0.32631,0.32671,0.32621,0.32631,80,27,0
1777597200,0.32631,0.32642,0.32587,0.32626,156,26,0
1777600800,0.32621,0.32648,0.32601,0.32628,249,26,0
1777604400,0.32628,0.32722,0.32628,0.32637,404,27,0
1777608000,0.32637,0.32643,0.32547,0.32582,399,27,0
1777611600,0.32584,0.32606,0.32555,0.32571,332,26,0
1777615200,0.32568,0.32623,0.32560,0.32590,380,26,0
1777618800,0.32589,0.32601,0.32525,0.32576,307,27,0
1777622400,0.32580,0.32614,0.32573,0.32604,228,27,0
1777626000,0.32603,0.32622,0.32578,0.32618,267,26,0
1777629600,0.32617,0.32623,0.32568,0.32573,294,27,0
1777633200,0.32574,0.32580,0.32526,0.32570,391,27,0
1777636800,0.32570,0.32618,0.32558,0.32606,289,27,0
1777640400,0.32601,0.32632,0.32492,0.32551,311,27,0
1777644000,0.32550,0.32590,0.32538,0.32588,263,26,0
1777647600,0.32588,0.32646,0.32565,0.32615,380,27,0
1777651200,0.32615,0.32662,0.32588,0.32588,405,26,0
1777654800,0.32588,0.32641,0.32543,0.32584,332,26,0
1777658400,0.32582,0.32624,0.32535,0.32588,288,27,0
1777662000,0.32586,0.32606,0.32561,0.32597,208,27,0
1777665600,0.32594,0.32658,0.32567,0.32631,199,26,0
1777669200,0.32635,0.32672,0.32607,0.32651,191,26,0
1777672800,0.32644,0.32661,0.32631,0.32641,186,26,0
1777676400,0.32639,0.32672,0.32602,0.32650,225,27,0
1777687200,0.32664,0.32677,0.32625,0.32677,380,27,0
1777690800,0.32678,0.32693,0.32599,0.32615,397,26,0
1777694400,0.32615,0.32652,0.32604,0.32643,318,27,0
1777698000,0.32643,0.32691,0.32637,0.32689,284,26,0
1777701600,0.32684,0.32712,0.32674,0.32709,237,26,0
1777705200,0.32712,0.32795,0.32692,0.32755,460,27,0
1777708800,0.32757,0.32883,0.32754,0.32855,393,27,0
1777712400,0.32863,0.32911,0.32841,0.32856,367,26,0
1777716000,0.32856,0.32881,0.32814,0.32864,275,26,0
1777719600,0.32871,0.32989,0.32871,0.32971,356,27,0
1777723200,0.32973,0.32994,0.32945,0.32980,245,27,0
1777726800,0.32986,0.33142,0.32975,0.33057,510,26,0
1777730400,0.33057,0.33065,0.32979,0.32980,339,26,0
1777734000,0.32978,0.33053,0.32907,0.33048,448,26,0
1777737600,0.33047,0.33140,0.33046,0.33131,517,27,0
1777741200,0.33133,0.33182,0.33098,0.33139,373,27,0
1777744800,0.33141,0.33242,0.33141,0.33206,397,26,0
1777748400,0.33206,0.33387,0.32938,0.32961,873,27,0
1777752000,0.32961,0.33217,0.32952,0.33174,552,26,0
1777755600,0.33172,0.33267,0.33051,0.33079,561,27,0
1777759200,0.33082,0.33109,0.33043,0.33092,298,27,0
1777762800,0.33089,0.33122,0.33058,0.33113,268,26,0
1777766400,0.33114,0.33126,0.33014,0.33021,491,27,0
1777770000,0.33026,0.33026,0.32967,0.33002,342,26,0
1777773600,0.32997,0.33015,0.32958,0.32975,328,27,0
1777777200,0.32977,0.33065,0.32968,0.33064,220,27,0
1777780800,0.33052,0.33052,0.32999,0.33010,306,26,0
1777784400,0.33010,0.33013,0.32912,0.32965,537,26,0
1777788000,0.32965,0.32997,0.32955,0.32983,264,27,0
1777791600,0.32988,0.32999,0.32924,0.32964,237,26,0
1777795200,0.32968,0.34349,0.32916,0.34006,4034,27,0
1777798800,0.34009,0.34057,0.33644,0.33672,1291,26,0
1777802400,0.33672,0.33726,0.33612,0.33723,377,26,0
1777806000,0.33723,0.33906,0.33679,0.33883,796,27,0
1777809600,0.33878,0.34034,0.33817,0.33969,699,27,0
1777813200,0.33969,0.34035,0.33742,0.33758,596,27,0
1777816800,0.33746,0.33802,0.33552,0.33595,722,27,0
1777820400,0.33594,0.33685,0.33526,0.33677,579,27,0
1777824000,0.33678,0.33817,0.33678,0.33799,464,27,0
1777827600,0.33806,0.33837,0.33712,0.33771,437,27,0
1777831200,0.33776,0.33900,0.33771,0.33808,209,26,0
1777834800,0.33815,0.33834,0.33669,0.33694,432,27,0
1777838400,0.33694,0.33798,0.33671,0.33771,352,26,0
1777842000,0.33773,0.33903,0.33773,0.33870,457,27,0
1777845600,0.33871,0.33888,0.33809,0.33829,363,26,0
1777849200,0.33831,0.33956,0.33831,0.33939,372,27,0
1777852800,0.33942,0.33943,0.33721,0.33778,528,27,0
1777856400,0.33778,0.33864,0.33713,0.33735,422,27,0
1777860000,0.33735,0.33835,0.33735,0.33831,314,26,0
1777863600,0.33831,0.33868,0.33744,0.33770,560,26,0
1777867200,0.33771,0.33856,0.33729,0.33816,371,27,0
1777870800,0.33817,0.33841,0.33732,0.33819,422,26,0
1777874400,0.33816,0.33823,0.33741,0.33766,370,26,0
1777878000,0.33764,0.33781,0.33721,0.33772,426,26,0
1777881600,0.33764,0.33927,0.33740,0.33886,467,26,0
1777885200,0.33888,0.34006,0.33851,0.33967,477,26,0
1777888800,0.33966,0.34018,0.33871,0.33888,592,27,0
1777892400,0.33885,0.33926,0.33828,0.33910,380,27,0
1777896000,0.33911,0.33964,0.33863,0.33957,320,27,0
1777899600,0.33956,0.34056,0.33843,0.34046,1071,27,0
1777903200,0.34047,0.34047,0.33938,0.33960,502,27,0
1777906800,0.33968,0.34033,0.33600,0.33816,1230,27,0
1777910400,0.33815,0.33831,0.33699,0.33790,865,27,0
1777914000,0.33782,0.33955,0.33775,0.33913,824,27,0
1777917600,0.33910,0.33960,0.33873,0.33944,757,27,0
1777921200,0.33949,0.34036,0.33941,0.34026,501,26,0
1777924800,0.34023,0.34160,0.34016,0.34073,606,27,0
1777928400,0.34074,0.34075,0.33902,0.33956,675,27,0
1777932000,0.33957,0.33981,0.33893,0.33933,1159,27,0
1777935600,0.33932,0.34089,0.33883,0.34059,614,26,0
1777939200,0.34056,0.34126,0.33935,0.34041,789,27,0
1777942800,0.34041,0.34054,0.33970,0.34012,435,27,0
1777946400,0.34010,0.34099,0.34001,0.34027,378,27,0
1777950000,0.34025,0.34167,0.34003,0.34156,618,26,0
1777953600,0.34154,0.34158,0.34000,0.34030,428,27,0
1777957200,0.34035,0.34053,0.33945,0.33958,562,27,0
1777960800,0.33959,0.34009,0.33847,0.33882,519,27,0
1777964400,0.33882,0.33896,0.33835,0.33865,302,27,0
1777968000,0.33865,0.33921,0.33863,0.33887,464,27,0
1777971600,0.33883,0.34002,0.33861,0.33971,417,27,0
1777975200,0.33972,0.34069,0.33972,0.34032,425,26,0
1777978800,0.34036,0.34084,0.33966,0.33983,378,27,0
1777982400,0.33981,0.34020,0.33921,0.34010,434,26,0
1777986000,0.34009,0.34105,0.33963,0.34103,619,27,0
1777989600,0.34101,0.34148,0.33845,0.33929,906,27,0
1777993200,0.33927,0.33927,0.33717,0.33770,1132,27,0
1777996800,0.33770,0.33945,0.33762,0.33919,517,27,0
1778000400,0.33943,0.34078,0.33916,0.34066,754,27,0
1778004000,0.34069,0.34289,0.34064,0.34264,805,27,0
1778007600,0.34266,0.34416,0.34223,0.34340,751,27,0
1778011200,0.34341,0.34405,0.34307,0.34381,691,27,0
1778014800,0.34379,0.34540,0.34379,0.34494,668,27,0
1778018400,0.34498,0.34575,0.34388,0.34420,886,27,0
1778022000,0.34417,0.34435,0.34356,0.34407,596,27,0
1778025600,0.34411,0.34497,0.34368,0.34464,783,27,0
1778029200,0.34464,0.34533,0.34442,0.34486,548,26,0
1778032800,0.34484,0.34501,0.34394,0.34433,415,27,0
1778036400,0.34435,0.34523,0.34376,0.34499,621,27,0
1778040000,0.34499,0.34511,0.34312,0.34335,642,27,0
1778043600,0.34337,0.34398,0.34312,0.34313,593,27,0
1778047200,0.34313,0.34313,0.34266,0.34299,555,26,0
1778050800,0.34296,0.34338,0.34288,0.34321,307,26,0
1778054400,0.34322,0.34460,0.34292,0.34361,619,27,0
1778058000,0.34360,0.34409,0.34268,0.34297,874,27,0
1778061600,0.34300,0.34324,0.34236,0.34247,781,27,0
1778065200,0.34247,0.34257,0.34160,0.34256,709,27,0
1778068800,0.34256,0.34308,0.34242,0.34283,649,27,0
1778072400,0.34285,0.34344,0.34250,0.34284,531,26,0
1778076000,0.34283,0.34338,0.34257,0.34309,232,27,0
1778079600,0.34306,0.34377,0.34202,0.34328,580,27,0
1778083200,0.34329,0.34522,0.34307,0.34414,1857,27,0
1778086800,0.34419,0.34506,0.34347,0.34347,984,27,0
1778090400,0.34347,0.34455,0.34338,0.34450,739,27,0
1778094000,0.34453,0.34675,0.34429,0.34633,815,27,0
1778097600,0.34630,0.34663,0.34534,0.34587,720,27,0
1778101200,0.34595,0.34668,0.34560,0.34647,631,27,0
1778104800,0.34644,0.34712,0.34631,0.34631,470,26,0
1778108400,0.34631,0.34646,0.34564,0.34619,471,27,0
1778112000,0.34618,0.34662,0.34504,0.34548,639,27,0
1778115600,0.34550,0.34629,0.34531,0.34568,684,27,0
1778119200,0.34568,0.34665,0.34552,0.34587,462,27,0
1778122800,0.34588,0.34687,0.34582,0.34622,609,27,0
1778126400,0.34618,0.34694,0.34533,0.34533,553,27,0
1778130000,0.34536,0.34556,0.34472,0.34515,428,27,0
1778133600,0.34525,0.34525,0.34440,0.34463,420,27,0
1778137200,0.34468,0.34493,0.34362,0.34409,636,27,0
1778140800,0.34409,0.34482,0.34396,0.34428,482,27,0
1778144400,0.34424,0.34528,0.34399,0.34498,591,27,0
1778148000,0.34497,0.34503,0.34410,0.34417,507,27,0
1778151600,0.34417,0.34498,0.34397,0.34493,492,27,0
1778155200,0.34495,0.34603,0.34450,0.34603,553,26,0
1778158800,0.34603,0.34678,0.34579,0.34649,795,27,0
1778162400,0.34651,0.34676,0.34575,0.34650,584,27,0
1778166000,0.34648,0.34670,0.34595,0.34636,535,27,0
1778169600,0.34635,0.34815,0.34617,0.34794,928,27,0
1778173200,0.34793,0.34887,0.34736,0.34815,1016,27,0
1778176800,0.34815,0.34827,0.34726,0.34791,941,27,0
1778180400,0.34796,0.34908,0.34756,0.34898,659,26,0
1778184000,0.34899,0.34938,0.34845,0.34938,546,27,0
1778187600,0.34937,0.34945,0.34902,0.34930,345,27,0
1778191200,0.34916,0.34940,0.34848,0.34904,393,27,0
1778194800,0.34903,0.34906,0.34712,0.34731,686,27,0
1778198400,0.34736,0.34811,0.34726,0.34780,402,27,0
1778202000,0.34779,0.34871,0.34768,0.34834,500,26,0
1778205600,0.34836,0.34887,0.34812,0.34858,424,27,0
1778209200,0.34857,0.34886,0.34774,0.34875,569,27,0
1778212800,0.34878,0.34878,0.34738,0.34746,459,27,0
1778216400,0.34748,0.34771,0.34662,0.34682,417,27,0
1778220000,0.34680,0.34760,0.34664,0.34751,423,27,0
1778223600,0.34753,0.34770,0.34719,0.34732,343,27,0
1778227200,0.34733,0.34832,0.34708,0.34796,465,26,0
1778230800,0.34799,0.34914,0.34794,0.34909,492,27,0
1778234400,0.34913,0.35151,0.34895,0.35123,863,27,0
1778238000,0.35129,0.35132,0.34897,0.34915,738,27,0
1778241600,0.34919,0.34959,0.34847,0.34895,899,27,0
1778245200,0.34895,0.34905,0.34748,0.34764,734,27,0
1778248800,0.34764,0.34803,0.34734,0.34795,469,27,0
1778252400,0.34796,0.34876,0.34780,0.34809,542,27,0
1778256000,0.34814,0.34923,0.34803,0.34879,723,27,0
1778259600,0.34879,0.34951,0.34845,0.34927,685,27,0
1778263200,0.34929,0.34996,0.34902,0.34956,592,27,0
1778266800,0.34957,0.35064,0.34942,0.35044,471,27,0
1778270400,0.35043,0.35053,0.34957,0.34978,321,27,0
1778274000,0.34977,0.35011,0.34937,0.34963,179,26,0
1778277600,0.34963,0.35021,0.34905,0.34905,235,27,0
1778281200,0.34905,0.35002,0.34902,0.34971,290,26,0
1778292000,0.35015,0.35060,0.34970,0.34997,452,27,0
1778295600,0.35000,0.35067,0.34952,0.34955,543,26,0
1778299200,0.34956,0.35070,0.34946,0.35024,477,27,0
1778302800,0.35031,0.35053,0.34980,0.34997,426,27,0
1778306400,0.34997,0.35057,0.34961,0.35052,423,27,0
1778310000,0.35051,0.35170,0.35044,0.35170,391,26,0
1778313600,0.35173,0.35306,0.35173,0.35237,576,27,0
1778317200,0.35240,0.35295,0.35216,0.35235,377,27,0
1778320800,0.35233,0.35261,0.35080,0.35093,399,27,0
1778324400,0.35094,0.35095,0.34986,0.35084,553,27,0
1778328000,0.35084,0.35156,0.35031,0.35155,557,27,0
1778331600,0.35156,0.35187,0.35114,0.35122,414,27,0
1778335200,0.35124,0.35285,0.35117,0.35266,571,27,0
1778338800,0.35261,0.35325,0.35158,0.35168,626,27,0
1778342400,0.35163,0.35182,0.35055,0.35127,492,27,0
1778346000,0.35127,0.35248,0.35126,0.35208,521,26,0
1778349600,0.35205,0.35240,0.35003,0.35169,659,27,0
1778353200,0.35170,0.35170,0.35011,0.35017,498,27,0
1778356800,0.35017,0.35038,0.34943,0.35009,419,26,0
1778360400,0.35010,0.35072,0.34971,0.35031,407,27,0
1778364000,0.35030,0.35108,0.35026,0.35066,398,27,0
1778367600,0.35061,0.35104,0.35001,0.35020,386,26,0
1778371200,0.35024,0.35051,0.34974,0.35007,325,27,0
1778374800,0.35010,0.35037,0.34982,0.34988,263,27,0
1778378400,0.34982,0.35011,0.34956,0.34984,284,27,0
1778382000,0.34990,0.35024,0.34955,0.34977,268,27,0
1778385600,0.34994,0.35049,0.34987,0.35017,354,26,0
1778389200,0.35017,0.35081,0.35009,0.35044,257,26,0
1778392800,0.35038,0.35101,0.35008,0.35059,271,26,0
1778396400,0.35057,0.35063,0.34988,0.34998,254,26,0
1778400000,0.34992,0.35000,0.34809,0.34894,685,27,0
1778403600,0.34891,0.34940,0.34873,0.34927,540,27,0
1778407200,0.34927,0.34952,0.34875,0.34942,547,27,0
1778410800,0.34944,0.34952,0.34877,0.34915,454,27,0
1778414400,0.34913,0.34957,0.34868,0.34897,485,27,0
1778418000,0.34900,0.34907,0.34820,0.34871,509,27,0
1778421600,0.34867,0.35025,0.34867,0.35024,533,27,0
1778425200,0.35027,0.35073,0.34939,0.35072,428,26,0
1778428800,0.35079,0.35132,0.35062,0.35096,344,26,0
1778432400,0.35097,0.35101,0.35051,0.35082,312,26,0
1778436000,0.35082,0.35088,0.34973,0.35019,418,27,0
1778439600,0.35020,0.35096,0.35019,0.35077,440,27,0
1778443200,0.35076,0.35208,0.35067,0.35203,564,27,0
1778446800,0.35196,0.35199,0.35108,0.35151,404,27,0
1778450400,0.35153,0.35153,0.35100,0.35120,358,27,0
1778454000,0.35117,0.35135,0.35032,0.35100,826,27,0
1778457600,0.35096,0.35156,0.35040,0.35055,809,27,0
1778461200,0.35055,0.35111,0.35043,0.35057,493,27,0
1778464800,0.35057,0.35094,0.35015,0.35045,446,26,0
1778468400,0.35042,0.35045,0.34886,0.34935,827,27,0
1778472000,0.34929,0.35007,0.34897,0.34981,385,27,0
1778475600,0.34986,0.35014,0.34936,0.34971,437,26,0
1778479200,0.34972,0.34991,0.34898,0.34930,434,26,0
1778482800,0.34925,0.34979,0.34912,0.34962,300,27,0
1778486400,0.34962,0.35004,0.34957,0.34982,248,26,0
1778490000,0.34983,0.34984,0.34933,0.34946,346,27,0
1778493600,0.34944,0.34991,0.34939,0.34969,377,26,0
1778497200,0.34967,0.35033,0.34947,0.35032,313,27,0
1778500800,0.35032,0.35073,0.35022,0.35063,311,27,0
1778504400,0.35065,0.35130,0.35048,0.35085,390,27,0
1778508000,0.35085,0.35141,0.35054,0.35107,360,27,0
1778511600,0.35107,0.35243,0.35074,0.35196,857,27,0
1778515200,0.35201,0.35213,0.35130,0.35141,533,27,0
1778518800,0.35145,0.35153,0.35069,0.35088,416,26,0
1778522400,0.35087,0.35111,0.35036,0.35067,443,27,0
1778526000,0.35065,0.35123,0.35003,0.35078,723,27,0
1778529600,0.35080,0.35114,0.35060,0.35079,481,27,0
1778533200,0.35079,0.35139,0.35053,0.35135,716,27,0
1778536800,0.35135,0.35149,0.35003,0.35022,624,27,0
1778540400,0.35022,0.35087,0.35016,0.35062,494,27,0
1778544000,0.35060,0.35092,0.35023,0.35070,510,27,0
1778547600,0.35068,0.35105,0.35043,0.35096,609,27,0
1778551200,0.35102,0.35118,0.35073,0.35086,509,27,0
1778554800,0.35093,0.35109,0.34988,0.35039,595,27,0
1778558400,0.35037,0.35081,0.34996,0.35004,593,27,0
1778562000,0.35004,0.35016,0.34728,0.34849,679,27,0
1778565600,0.34837,0.34955,0.34792,0.34858,750,26,0
1778569200,0.34849,0.34861,0.34788,0.34808,563,27,0
1778572800,0.34810,0.34873,0.34807,0.34846,397,26,0
1778576400,0.34845,0.34903,0.34785,0.34863,712,27,0
1778580000,0.34862,0.34913,0.34834,0.34863,665,26,0
1778583600,0.34861,0.34937,0.34851,0.34927,588,27,0
1778587200,0.34927,0.34940,0.34884,0.34907,432,27,0
1778590800,0.34904,0.34911,0.34830,0.34843,333,27,0
1778594400,0.34838,0.34902,0.34832,0.34891,451,27,0
1778598000,0.34891,0.34930,0.34860,0.34896,491,27,0
1778601600,0.34895,0.34911,0.34755,0.34773,658,27,0
1778605200,0.34773,0.34828,0.34742,0.34787,536,27,0
1778608800,0.34789,0.34808,0.34734,0.34787,537,27,0
1778612400,0.34775,0.34801,0.34703,0.34732,531,27,0
1778616000,0.34730,0.34824,0.34669,0.34818,528,27,0
1778619600,0.34819,0.34900,0.34808,0.34892,339,27,0
1778623200,0.34892,0.34972,0.34888,0.34931,382,27,0
1778626800,0.34930,0.34984,0.34907,0.34963,501,27,0
1778630400,0.34970,0.34996,0.34938,0.34964,663,26,0
1778634000,0.34967,0.35021,0.34895,0.34913,391,26,0
1778637600,0.34911,0.34941,0.34830,0.34886,251,26,0
1778641200,0.34882,0.34901,0.34818,0.34835,298,27,0
1778644800,0.34839,0.34898,0.34834,0.34870,277,26,0
1778648400,0.34871,0.34922,0.34855,0.34870,222,27,0
1778652000,0.34872,0.34895,0.34851,0.34895,259,27,0
1778655600,0.34895,0.34922,0.34857,0.34913,259,27,0
1778659200,0.34916,0.34938,0.34875,0.34883,379,27,0
1778662800,0.34884,0.34981,0.34875,0.34963,383,27,0
1778666400,0.34964,0.34974,0.34922,0.34946,250,26,0
1778670000,0.34961,0.34980,0.34899,0.34980,456,27,0
1778673600,0.34982,0.35049,0.34958,0.35033,434,27,0
1778677200,0.35035,0.35126,0.35027,0.35083,424,27,0
1778680800,0.35084,0.35121,0.35065,0.35066,363,26,0
1778684400,0.35067,0.35091,0.34932,0.34999,724,26,0
1778688000,0.35002,0.35047,0.34879,0.34895,567,27,0
1778691600,0.34891,0.35012,0.34844,0.34995,528,27,0
1778695200,0.34993,0.35013,0.34889,0.34934,602,27,0
1778698800,0.34937,0.35018,0.34932,0.34990,580,27,0
1778702400,0.34987,0.35066,0.34985,0.35017,565,27,0
1778706000,0.35026,0.35034,0.34970,0.34977,372,26,0
1778709600,0.34975,0.35026,0.34962,0.34980,317,27,0
1778713200,0.34981,0.35021,0.34956,0.34998,291,26,0
1778716800,0.34995,0.34998,0.34928,0.34942,377,27,0
1778720400,0.34942,0.34979,0.34898,0.34931,297,26,0
1778724000,0.34931,0.34980,0.34927,0.34933,193,27,0
1778727600,0.34928,0.34961,0.34905,0.34925,295,26,0
1778731200,0.34929,0.34981,0.34914,0.34970,254,26,0
1778734800,0.34972,0.35033,0.34931,0.35014,348,27,0
1778738400,0.35015,0.35023,0.34948,0.34957,377,27,0
1778742000,0.34954,0.35062,0.34950,0.35062,299,27,0
1778745600,0.35058,0.35064,0.35023,0.35052,346,27,0
1778749200,0.35047,0.35124,0.35038,0.35073,338,27,0
1778752800,0.35072,0.35086,0.35025,0.35078,284,27,0
1778756400,0.35076,0.35208,0.35048,0.35194,454,27,0
1778760000,0.35196,0.35286,0.35196,0.35279,420,27,0
1778763600,0.35280,0.35539,0.35232,0.35428,1008,27,0
1778767200,0.35434,0.35474,0.35383,0.35395,450,27,0
1778770800,0.35392,0.35494,0.35347,0.35460,467,27,0
1778774400,0.35461,0.35498,0.35401,0.35441,404,26,0
1778778000,0.35434,0.35520,0.35356,0.35409,758,27,0
1778781600,0.35409,0.35454,0.35373,0.35393,467,27,0
1778785200,0.35394,0.35445,0.35351,0.35412,652,27,0
1778788800,0.35413,0.35425,0.35359,0.35398,505,26,0
1778792400,0.35395,0.35456,0.35361,0.35404,472,27,0
1778796000,0.35404,0.35469,0.35381,0.35440,469,26,0
1778799600,0.35438,0.35500,0.35373,0.35412,504,27,0
1778803200,0.35411,0.35420,0.35202,0.35274,390,27,0
1778806800,0.35278,0.35354,0.35271,0.35347,321,26,0
1778810400,0.35347,0.35392,0.35304,0.35342,388,27,0
1778814000,0.35325,0.35398,0.35315,0.35328,405,27,0
1778817600,0.35329,0.35333,0.35208,0.35247,368,26,0
1778821200,0.35244,0.35332,0.35207,0.35318,390,27,0
1778824800,0.35303,0.35338,0.35205,0.35321,452,27,0
1778828400,0.35322,0.35369,0.35304,0.35355,346,26,0
1778832000,0.35355,0.35380,0.35261,0.35271,501,27,0
1778835600,0.35270,0.35336,0.35239,0.35311,523,27,0
1778839200,0.35313,0.35345,0.35115,0.35143,684,27,0
1778842800,0.35142,0.35206,0.35100,0.35201,481,27,0
1778846400,0.35203,0.35220,0.35139,0.35146,393,26,0
1778850000,0.35148,0.35179,0.35127,0.35179,419,27,0
1778853600,0.35176,0.35211,0.35111,0.35185,541,27,0
1778857200,0.35185,0.35200,0.35128,0.35141,489,27,0
1778860800,0.35142,0.35159,0.34962,0.34990,831,27,0
1778864400,0.34996,0.35081,0.34952,0.35012,829,27,0
1778868000,0.35011,0.35093,0.34999,0.35076,503,27,0
1778871600,0.35078,0.35207,0.35072,0.35199,466,27,0
1778875200,0.35195,0.35200,0.35144,0.35180,482,27,0
1778878800,0.35176,0.35179,0.35125,0.35156,433,27,0
1778882400,0.35152,0.35180,0.35145,0.35166,447,27,0
1778886000,0.35166,0.35167,0.35097,0.35127,400,27,0
1778896800,0.35168,0.35189,0.35138,0.35174,248,27,0
1778900400,0.35176,0.35200,0.35131,0.35152,370,27,0
1778904000,0.35155,0.35193,0.35140,0.35174,289,27,0
1778907600,0.35176,0.35191,0.35095,0.35115,303,27,0
1778911200,0.35110,0.35133,0.35098,0.35124,256,26,0
1778914800,0.35123,0.35162,0.35027,0.35087,351,26,0
1778918400,0.35089,0.35121,0.35033,0.35118,286,26,0
1778922000,0.35118,0.35120,0.35053,0.35094,451,27,0
1778925600,0.35097,0.35145,0.34851,0.35110,1696,27,0
1778929200,0.35111,0.35201,0.35105,0.35146,568,27,0
1778932800,0.35144,0.35171,0.35062,0.35112,664,27,0
1778936400,0.35114,0.35199,0.35071,0.35184,386,27,0
1778940000,0.35190,0.35291,0.35137,0.35165,608,27,0
1778943600,0.35163,0.35163,0.35107,0.35109,318,27,0
1778947200,0.35109,0.35140,0.35036,0.35135,394,27,0
1778950800,0.35136,0.35161,0.35060,0.35150,341,26,0
1778954400,0.35150,0.35266,0.35149,0.35253,453,27,0
1778958000,0.35253,0.35436,0.35253,0.35418,526,27,0
1778961600,0.35417,0.35430,0.35338,0.35407,347,27,0
1778965200,0.35408,0.35425,0.35360,0.35394,334,27,0
1778968800,0.35394,0.35443,0.35374,0.35434,267,27,0
1778972400,0.35431,0.35475,0.35386,0.35394,362,26,0
1778976000,0.35393,0.35457,0.35384,0.35457,316,27,0
1778979600,0.35458,0.35507,0.35441,0.35458,357,27,0
1778983200,0.35455,0.35509,0.35446,0.35472,344,26,0
1778986800,0.35473,0.35545,0.35436,0.35458,299,27,0
1778990400,0.35401,0.35401,0.35298,0.35327,385,27,0
1778994000,0.35327,0.35371,0.35316,0.35365,253,26,0
1778997600,0.35364,0.35392,0.35313,0.35381,258,27,0
1779001200,0.35382,0.35412,0.35359,0.35366,254,26,0
1779004800,0.35365,0.35394,0.35359,0.35392,279,26,0
1779008400,0.35391,0.35437,0.35369,0.35372,291,27,0
1779012000,0.35373,0.35434,0.35357,0.35416,242,26,0
1779015600,0.35417,0.35472,0.35396,0.35440,269,26,0
1779019200,0.35437,0.35466,0.35407,0.35458,299,27,0
1779022800,0.35466,0.35522,0.35466,0.35511,311,27,0
1779026400,0.35509,0.35619,0.35490,0.35606,465,27,0
1779030000,0.35607,0.35661,0.35605,0.35624,359,26,0
1779033600,0.35626,0.35661,0.35571,0.35624,355,26,0
1779037200,0.35624,0.35720,0.35617,0.35700,498,27,0
1779040800,0.35702,0.35720,0.35660,0.35705,293,27,0
1779044400,0.35708,0.35712,0.35642,0.35647,305,26,0
1779048000,0.35647,0.35702,0.35560,0.35582,335,27,0
1779051600,0.35581,0.35641,0.35576,0.35581,304,26,0
1779055200,0.35582,0.35644,0.35579,0.35581,243,27,0
1779058800,0.35578,0.35578,0.35539,0.35552,299,27,0
1779062400,0.35553,0.35605,0.35539,0.35602,385,26,0
1779066000,0.35604,0.35622,0.35555,0.35579,359,27,0
1779069600,0.35577,0.35589,0.35443,0.35498,776,27,0
1779073200,0.35499,0.35502,0.35405,0.35413,531,27,0
1779076800,0.35412,0.35478,0.35381,0.35454,465,27,0
1779080400,0.35455,0.35571,0.35449,0.35521,440,27,0
1779084000,0.35519,0.35689,0.35514,0.35663,550,27,0
1779087600,0.35664,0.35667,0.35613,0.35638,421,27,0
1779091200,0.35639,0.35665,0.35590,0.35607,440,27,0
1779094800,0.35604,0.35645,0.35501,0.35562,621,27,0
1779098400,0.35561,0.35618,0.35496,0.35587,544,27,0
1779102000,0.35588,0.35615,0.35491,0.35523,398,26,0
1779105600,0.35524,0.35524,0.35421,0.35468,456,27,0
1779109200,0.35467,0.35691,0.35446,0.35681,598,26,0
1779112800,0.35682,0.35689,0.35560,0.35594,768,27,0
1779116400,0.35595,0.35688,0.35569,0.35685,583,27,0
1779120000,0.35682,0.35806,0.35677,0.35748,882,27,0
1779123600,0.35744,0.35768,0.35582,0.35615,782,27,0
1779127200,0.35613,0.35613,0.35343,0.35400,1280,27,0
1779130800,0.35403,0.35547,0.35388,0.35539,715,27,0
1779134400,0.35539,0.35576,0.35482,0.35532,494,27,0
1779138000,0.35533,0.35539,0.35423,0.35466,472,26,0
1779141600,0.35474,0.35627,0.35468,0.35602,468,27,0
1779145200,0.35602,0.35646,0.35569,0.35572,463,27,0
1779148800,0.35571,0.35624,0.35539,0.35548,497,27,0
1779152400,0.35546,0.35608,0.35537,0.35560,433,27,0
1779156000,0.35559,0.35572,0.35518,0.35528,375,27,0
1779159600,0.35528,0.35606,0.35496,0.35538,505,26,0
1779163200,0.35536,0.35545,0.35507,0.35533,436,27,0
1779166800,0.35543,0.35755,0.35537,0.35621,777,27,0
1779170400,0.35621,0.35701,0.35570,0.35674,472,27,0
1779174000,0.35675,0.35701,0.35643,0.35663,447,27,0
1779177600,0.35664,0.35708,0.35619,0.35639,403,27,0
1779181200,0.35640,0.35702,0.35625,0.35651,300,26,0
1779184800,0.35650,0.35670,0.35607,0.35631,384,26,0
1779188400,0.35631,0.35635,0.35485,0.35495,423,27,0
1779192000,0.35503,0.35517,0.35373,0.35424,636,27,0
1779195600,0.35422,0.35543,0.35410,0.35491,630,27,0
1779199200,0.35492,0.35526,0.35455,0.35492,547,27,0
1779202800,0.35492,0.35562,0.35474,0.35548,458,26,0
1779206400,0.35550,0.35658,0.35544,0.35599,672,27,0
1779210000,0.35600,0.35607,0.35417,0.35421,770,27,0
1779213600,0.35419,0.35459,0.35380,0.35416,600,27,0
1779217200,0.35410,0.35519,0.35405,0.35510,496,27,0
1779220800,0.35513,0.35517,0.35438,0.35461,459,27,0
1779224400,0.35463,0.35535,0.35461,0.35515,357,27,0
1779228000,0.35517,0.35546,0.35499,0.35541,326,26,0
1779231600,0.35541,0.35601,0.35539,0.35579,253,26,0
1779235200,0.35578,0.35585,0.35550,0.35563,354,27,0
1779238800,0.35564,0.35596,0.35524,0.35594,298,27,0
1779242400,0.35588,0.35604,0.35588,0.35598,296,27,0
1779246000,0.35600,0.35640,0.35544,0.35611,416,26,0
1779249600,0.35612,0.35627,0.35554,0.35562,380,27,0
1779253200,0.35560,0.35594,0.35537,0.35591,315,27,0
1779256800,0.35593,0.35602,0.35500,0.35527,437,26,0
1779260400,0.35527,0.35591,0.35516,0.35517,412,27,0
1779264000,0.35524,0.35570,0.35484,0.35525,527,27,0
1779267600,0.35526,0.35640,0.35508,0.35632,394,26,0
1779271200,0.35636,0.35677,0.35599,0.35671,386,27,0
1779274800,0.35672,0.35688,0.35619,0.35631,454,27,0
1779278400,0.35626,0.35691,0.35618,0.35691,339,27,0
1779282000,0.35708,0.35803,0.35701,0.35756,640,27,0
1779285600,0.35757,0.35804,0.35711,0.35796,636,27,0
1779289200,0.35796,0.35886,0.35776,0.35838,603,27,0
1779292800,0.35837,0.35868,0.35708,0.35759,725,27,0
1779296400,0.35759,0.35863,0.35756,0.35841,506,26,0
1779300000,0.35842,0.35844,0.35755,0.35812,591,27,0
1779303600,0.35812,0.35867,0.35776,0.35840,612,27,0
1779307200,0.35837,0.35872,0.35806,0.35857,404,27,0
1779310800,0.35860,0.35911,0.35844,0.35887,470,27,0
1779314400,0.35886,0.35944,0.35884,0.35935,451,27,0
1779318000,0.35935,0.35968,0.35898,0.35937,365,27,0
1779321600,0.35938,0.35982,0.35928,0.35968,212,26,0
1779325200,0.35967,0.35968,0.35895,0.35918,270,26,0
1779328800,0.35916,0.35924,0.35874,0.35886,384,27,0
1779332400,0.35886,0.35943,0.35845,0.35886,479,27,0
1779336000,0.35886,0.35914,0.35844,0.35878,474,27,0
1779339600,0.35875,0.35955,0.35843,0.35953,437,27,0
1779343200,0.35956,0.35959,0.35901,0.35909,322,26,0
1779346800,0.35908,0.35952,0.35882,0.35942,397,27,0
1779350400,0.35947,0.36056,0.35935,0.36048,574,27,0
1779354000,0.36048,0.36073,0.36005,0.36033,489,27,0
1779357600,0.36034,0.36038,0.35861,0.35939,340,26,0
1779361200,0.35939,0.35982,0.35926,0.35943,134,26,0
1779364800,0.35944,0.36137,0.35944,0.36111,480,26,0
1779368400,0.36109,0.36162,0.36091,0.36111,655,27,0
1779372000,0.36109,0.36152,0.36070,0.36120,503,27,0
1779375600,0.36118,0.36348,0.36118,0.36272,1030,27,0
1779379200,0.36270,0.36355,0.36164,0.36180,886,27,0
1779382800,0.36177,0.36216,0.36125,0.36185,593,27,0
1779386400,0.36186,0.36322,0.36183,0.36302,680,27,0
1779390000,0.36303,0.36401,0.36297,0.36370,927,27,0
1779393600,0.36370,0.36447,0.36337,0.36411,648,26,0
1779397200,0.36409,0.36444,0.36391,0.36436,432,26,0
1779400800,0.36434,0.36448,0.36384,0.36407,330,27,0
1779404400,0.36413,0.36416,0.36324,0.36369,336,26,0
1779408000,0.36366,0.36423,0.36335,0.36413,315,26,0
1779411600,0.36413,0.36516,0.36408,0.36493,237,27,0
1779415200,0.36489,0.36532,0.36449,0.36523,224,27,0
1779418800,0.36518,0.36587,0.36489,0.36524,301,26,0
1779422400,0.36522,0.36524,0.36456,0.36519,484,27,0
1779426000,0.36521,0.36623,0.36409,0.36455,531,27,0
1779429600,0.36452,0.36478,0.36355,0.36475,386,26,0
1779433200,0.36472,0.36499,0.36396,0.36449,341,26,0
1779436800,0.36448,0.36487,0.36417,0.36424,349,27,0
1779440400,0.36426,0.36552,0.36423,0.36515,460,27,0
1779444000,0.36512,0.36518,0.36429,0.36476,389,27,0
1779447600,0.36470,0.36505,0.36395,0.36485,487,27,0
1779451200,0.36484,0.36502,0.36433,0.36438,284,27,0
1779454800,0.36437,0.36521,0.36405,0.36463,350,27,0
1779458400,0.36454,0.36514,0.36439,0.36456,286,27,0
1779462000,0.36454,0.36500,0.36332,0.36354,515,27,0
1779465600,0.36358,0.36402,0.35946,0.35975,784,27,0
1779469200,0.35960,0.36127,0.35954,0.36123,726,27,0
1779472800,0.36125,0.36236,0.36122,0.36223,587,27,0
1779476400,0.36225,0.36297,0.36210,0.36239,421,27,0
1779480000,0.36241,0.36293,0.36231,0.36245,369,26,0
1779483600,0.36250,0.36266,0.36186,0.36238,432,26,0
1779487200,0.36237,0.36258,0.36168,0.36211,791,27,0
1779490800,0.36210,0.36261,0.36176,0.36210,393,27,0
1779501600,0.36257,0.36279,0.36147,0.36187,386,26,0
1779505200,0.36184,0.36235,0.36112,0.36155,476,27,0
1779508800,0.36157,0.36263,0.36153,0.36248,241,26,0
1779512400,0.36249,0.36303,0.36227,0.36291,260,27,0
1779516000,0.36290,0.36308,0.36281,0.36296,177,26,0
1779519600,0.36295,0.36311,0.36191,0.36204,255,26,0
1779523200,0.36200,0.36222,0.36126,0.36148,304,26,0
1779526800,0.36147,0.36174,0.36122,0.36126,285,27,0
1779530400,0.36125,0.36159,0.35986,0.36041,699,27,0
1779534000,0.36033,0.36047,0.35952,0.36006,478,27,0
1779537600,0.36001,0.36063,0.35936,0.36032,305,27,0
1779541200,0.36034,0.36194,0.35836,0.35918,899,27,0
1779544800,0.35917,0.35926,0.35872,0.35921,385,27,0
1779548400,0.35907,0.35916,0.35818,0.35896,425,26,0
1779552000,0.35892,0.35910,0.35876,0.35891,339,26,0
1779555600,0.35890,0.35910,0.35863,0.35902,318,26,0
1779559200,0.35900,0.35972,0.35892,0.35958,271,26,0
1779562800,0.35958,0.35980,0.35900,0.35968,400,27,0
1779566400,0.35971,0.36013,0.35969,0.36006,293,27,0
1779570000,0.36008,0.36085,0.36005,0.36066,328,27,0
1779573600,0.36065,0.36122,0.36061,0.36114,249,27,0
1779577200,0.36113,0.36149,0.36097,0.36147,530,26,0
1779580800,0.36145,0.36209,0.36125,0.36158,620,27,0
1779584400,0.36156,0.36232,0.36156,0.36229,503,27,0
1779588000,0.36225,0.36282,0.36225,0.36261,250,26,0
1779591600,0.36256,0.36262,0.36185,0.36193,170,27,0
1779595200,0.36203,0.36282,0.36187,0.36231,296,26,0
1779598800,0.36230,0.36252,0.36184,0.36218,203,26,0
1779602400,0.36222,0.36334,0.36222,0.36280,353,27,0
1779606000,0.36279,0.36371,0.36279,0.36321,235,26,0
1779609600,0.36322,0.36323,0.36263,0.36291,275,26,0
1779613200,0.36290,0.36297,0.36254,0.36257,248,26,0
1779616800,0.36257,0.36270,0.36188,0.36261,297,26,0
1779620400,0.36263,0.36269,0.36235,0.36265,256,27,0
1779624000,0.36293,0.36395,0.36271,0.36373,317,26,0
1779627600,0.36375,0.36421,0.36371,0.36385,264,26,0
1779631200,0.36386,0.36473,0.36384,0.36430,398,27,0
1779634800,0.36432,0.36548,0.36428,0.36530,514,27,0
1779638400,0.36538,0.36580,0.36463,0.36478,475,26,0
1779642000,0.36479,0.36576,0.36467,0.36540,570,27,0
1779645600,0.36546,0.36588,0.36472,0.36497,355,27,0
1779649200,0.36498,0.36552,0.36487,0.36543,330,27,0
1779652800,0.36547,0.36690,0.36547,0.36671,375,26,0
1779656400,0.36671,0.36771,0.36638,0.36757,387,27,0
1779660000,0.36756,0.36761,0.36702,0.36732,324,27,0
1779663600,0.36733,0.36751,0.36465,0.36467,433,26,0
1779667200,0.36468,0.36504,0.36418,0.36423,402,27,0
1779670800,0.36426,0.36521,0.36415,0.36505,344,27,0
1779674400,0.36499,0.36551,0.36499,0.36541,245,26,0
1779678000,0.36538,0.36591,0.36507,0.36511,367,27,0
1779681600,0.36511,0.36546,0.36477,0.36483,244,27,0
1779685200,0.36493,0.36526,0.36477,0.36504,219,26,0
1779688800,0.36496,0.36498,0.36355,0.36405,324,27,0
1779692400,0.36399,0.36524,0.36399,0.36523,268,27,0
1779696000,0.36523,0.36665,0.36497,0.36662,345,27,0
1779699600,0.36660,0.36761,0.36599,0.36681,540,26,0
1779703200,0.36680,0.36741,0.36629,0.36653,288,26,0
1779706800,0.36653,0.36720,0.36608,0.36715,173,26,0
1779710400,0.36717,0.36751,0.36653,0.36658,255,27,0
1779714000,0.36658,0.36672,0.36577,0.36595,315,27,0
1779717600,0.36593,0.36631,0.36525,0.36623,323,26,0
1779721200,0.36622,0.36960,0.36606,0.36940,622,27,0
1779724800,0.36940,0.37017,0.36823,0.37004,474,26,0
1779728400,0.36994,0.37295,0.36994,0.37282,1330,27,0
1779732000,0.37284,0.37358,0.36714,0.37028,985,27,0
1779735600,0.37028,0.37367,0.37018,0.37315,1043,27,0
1779739200,0.37317,0.37369,0.37229,0.37230,522,27,0
1779742800,0.37234,0.37308,0.37210,0.37255,352,27,0
1779746400,0.37254,0.37273,0.37116,0.37129,434,26,0
1779750000,0.37129,0.37138,0.37069,0.37130,305,27,0
1779753600,0.37130,0.37172,0.37082,0.37162,426,27,0
1779757200,0.37163,0.37208,0.37092,0.37155,371,27,0
1779760800,0.37152,0.37211,0.37144,0.37145,208,27,0
1779764400,0.37147,0.37248,0.37091,0.37130,439,26,0
1779768000,0.37129,0.37347,0.37100,0.37338,541,27,0
1779771600,0.37340,0.37478,0.37305,0.37421,513,27,0
1779775200,0.37425,0.37451,0.37307,0.37387,477,27,0
1779778800,0.37388,0.37600,0.37370,0.37556,463,27,0
1779782400,0.37557,0.37560,0.37435,0.37460,416,27,0
1779786000,0.37461,0.37471,0.37284,0.37346,518,27,0
1779789600,0.37348,0.37348,0.37271,0.37296,365,27,0
1779793200,0.37295,0.37475,0.37274,0.37454,377,27,0
1779796800,0.37455,0.37479,0.37247,0.37272,742,27,0
1779800400,0.37270,0.37287,0.37208,0.37231,662,27,0
1779804000,0.37233,0.37594,0.37226,0.37552,613,26,0
1779807600,0.37551,0.37687,0.37546,0.37590,3221,27,0
1779811200,0.37590,0.37641,0.37385,0.37503,1605,27,0
1779814800,0.37498,0.37504,0.37263,0.37501,1071,27,0
1779818400,0.37500,0.37639,0.37482,0.37542,1019,27,0
1779822000,0.37548,0.37564,0.37435,0.37486,510,27,0
1779825600,0.37488,0.37501,0.37392,0.37432,425,27,0
1779829200,0.37427,0.37478,0.37358,0.37394,309,27,0
1779832800,0.37393,0.37452,0.37346,0.37389,331,27,0
1779836400,0.37385,0.37451,0.37366,0.37440,259,27,0
1779840000,0.37441,0.37525,0.37428,0.37518,491,27,0
1779843600,0.37519,0.37585,0.37488,0.37575,364,26,0
1779847200,0.37576,0.37590,0.37527,0.37540,229,27,0
1779850800,0.37535,0.37563,0.37399,0.37479,416,27,0
1779854400,0.37480,0.37515,0.37419,0.37470,316,26,0
1779858000,0.37474,0.37500,0.37376,0.37415,432,27,0
1779861600,0.37416,0.37416,0.37308,0.37320,381,27,0
1779865200,0.37316,0.37372,0.37287,0.37332,430,27,0
1779868800,0.37329,0.37368,0.37305,0.37352,310,27,0
1779872400,0.37348,0.37349,0.37239,0.37283,257,26,0
1779876000,0.37282,0.37364,0.37274,0.37317,310,27,0
1779879600,0.37319,0.37401,0.37303,0.37391,300,26,0
1779883200,0.37372,0.37390,0.37260,0.37280,328,27,0
1779886800,0.37278,0.37301,0.37243,0.37295,315,27,0
1779890400,0.37299,0.37438,0.37255,0.37374,557,27,0
1779894000,0.37376,0.37418,0.37307,0.37314,540,27,0
1779897600,0.37316,0.37359,0.37200,0.37201,677,27,0
1779901200,0.37189,0.37189,0.36980,0.37001,884,27,0
1779904800,0.37001,0.37162,0.36980,0.37096,474,27,0
1779908400,0.37096,0.37137,0.37022,0.37035,428,26,0
1779912000,0.37035,0.37058,0.36959,0.36996,470,27,0
1779915600,0.36996,0.37117,0.36842,0.36988,588,27,0
1779919200,0.36992,0.37007,0.36903,0.36927,422,27,0
1779922800,0.36927,0.36972,0.36894,0.36957,335,27,0
1779926400,0.36962,0.37050,0.36759,0.36842,745,27,0
1779930000,0.36842,0.36869,0.36801,0.36817,390,27,0
1779933600,0.36815,0.36847,0.36777,0.36781,347,27,0
1779937200,0.36777,0.36841,0.36762,0.36782,412,27,0
1779940800,0.36783,0.36807,0.36646,0.36713,543,27,0
1779944400,0.36719,0.36791,0.36672,0.36729,326,26,0
1779948000,0.36731,0.36801,0.36554,0.36656,594,27,0
1779951600,0.36655,0.36659,0.36531,0.36550,546,27,0
1779955200,0.36551,0.36551,0.36391,0.36438,615,27,0
1779958800,0.36434,0.36441,0.35964,0.36003,1099,27,0
1779962400,0.36008,0.36091,0.35930,0.36071,353,27,0
1779966000,0.36071,0.36071,0.35831,0.35901,638,26,0
1779969600,0.35896,0.35896,0.34767,0.35387,2592,27,0
1779973200,0.35383,0.35383,0.34852,0.34924,1864,27,0
1779976800,0.34927,0.35051,0.34831,0.34973,1019,27,0
1779980400,0.34972,0.35043,0.34858,0.34887,825,27,0
1779984000,0.34884,0.34915,0.34763,0.34838,887,27,0
1779987600,0.34849,0.35013,0.34788,0.35005,926,27,0
1779991200,0.35003,0.35086,0.34984,0.35002,403,27,0
1779994800,0.35001,0.35193,0.34993,0.35156,693,27,0
1779998400,0.35154,0.35342,0.35125,0.35330,283,26,0
1780002000,0.35326,0.35385,0.35312,0.35356,355,27,0
1780005600,0.35358,0.35372,0.35219,0.35244,300,27,0
1780009200,0.35239,0.35384,0.35225,0.35334,261,27,0
1780012800,0.35344,0.35388,0.35260,0.35291,270,27,0
1780016400,0.35281,0.35291,0.35151,0.35187,339,27,0
1780020000,0.35194,0.35275,0.35173,0.35260,250,27,0
1780023600,0.35256,0.35282,0.35142,0.35173,515,27,0
1780027200,0.35176,0.35236,0.35107,0.35156,412,26,0
1780030800,0.35156,0.35177,0.35104,0.35126,392,26,0
1780034400,0.35130,0.35156,0.34977,0.34984,356,27,0
1780038000,0.34984,0.35060,0.34962,0.35010,312,27,0
1780041600,0.35008,0.35101,0.35002,0.35037,237,26,0
1780045200,0.35037,0.35072,0.34989,0.35010,283,27,0
1780048800,0.35011,0.35041,0.34614,0.34626,648,26,0
1780052400,0.34625,0.34684,0.33923,0.34277,2729,27,0
1780056000,0.34277,0.34407,0.34270,0.34298,486,27,0
1780059600,0.34296,0.34312,0.34096,0.34134,536,27,0
1780063200,0.34132,0.34252,0.34103,0.34186,505,26,0
1780066800,0.34182,0.34303,0.34105,0.34303,507,27,0
1780070400,0.34308,0.34725,0.34307,0.34703,918,27,0
1780074000,0.34706,0.34762,0.34560,0.34676,816,27,0
1780077600,0.34677,0.34776,0.34599,0.34750,683,27,0
1780081200,0.34754,0.34755,0.34316,0.34389,782,27,0
1780084800,0.34380,0.34502,0.34308,0.34419,449,27,0
1780088400,0.34423,0.34488,0.34351,0.34376,410,27,0
1780092000,0.34374,0.34387,0.34314,0.34355,409,27,0
1780095600,0.34356,0.34405,0.34318,0.34364,332,27,0
1780106400,0.34425,0.34452,0.34382,0.34412,272,26,0
1780110000,0.34409,0.34462,0.34369,0.34442,390,27,0
1780113600,0.34444,0.34472,0.34393,0.34434,271,27,0
1780117200,0.34433,0.34528,0.34433,0.34493,340,27,0
1780120800,0.34492,0.34498,0.34233,0.34279,561,27,0
1780124400,0.34274,0.34311,0.34172,0.34222,383,26,0
1780128000,0.34220,0.34246,0.34130,0.34221,567,27,0
1780131600,0.34222,0.34291,0.34222,0.34289,274,27,0
1780135200,0.34288,0.34311,0.34165,0.34173,321,26,0
1780138800,0.34172,0.34241,0.34146,0.34211,404,26,0
1780142400,0.34206,0.34307,0.34189,0.34305,387,27,0
1780146000,0.34306,0.34373,0.34283,0.34355,311,27,0
1780149600,0.34360,0.34441,0.34348,0.34413,287,26,0
1780153200,0.34412,0.34453,0.34319,0.34386,426,27,0
1780156800,0.34384,0.34431,0.34337,0.34392,320,27,0
1780160400,0.34392,0.34431,0.34294,0.34390,426,27,0
1780164000,0.34389,0.34813,0.34372,0.34723,901,27,0
1780167600,0.34719,0.34933,0.34711,0.34828,645,27,0
1780171200,0.34825,0.34891,0.34732,0.34770,413,27,0
1780174800,0.34770,0.34822,0.34725,0.34750,287,27,0
1780178400,0.34747,0.34781,0.34694,0.34708,250,26,0
1780182000,0.34704,0.34741,0.34648,0.34705,238,26,0
1780185600,0.34697,0.34723,0.34674,0.34702,318,27,0
1780189200,0.34708,0.34732,0.34641,0.34724,345,27,0
1780192800,0.34730,0.34793,0.34698,0.34789,223,27,0
1780196400,0.34800,0.34800,0.34675,0.34687,197,27,0
1780200000,0.34683,0.34697,0.34632,0.34647,347,27,0
1780203600,0.34649,0.34649,0.34517,0.34540,252,27,0
1780207200,0.34547,0.34592,0.34529,0.34581,199,26,0
1780210800,0.34581,0.34591,0.34553,0.34557,202,27,0
1780214400,0.34555,0.34737,0.34545,0.34734,252,26,0
1780218000,0.34711,0.34754,0.34651,0.34710,212,27,0
1780221600,0.34706,0.34721,0.34652,0.34694,203,27,0
1780225200,0.34702,0.34821,0.34702,0.34794,226,26,0
1780228800,0.34795,0.35036,0.34771,0.34878,479,27,0
1780232400,0.34877,0.34995,0.34866,0.34941,269,26,0
1780236000,0.34941,0.34941,0.34815,0.34840,221,26,0
1780239600,0.34841,0.34882,0.34783,0.34849,251,27,0
1780243200,0.34848,0.34921,0.34829,0.34882,210,26,0
1780246800,0.34878,0.34901,0.34793,0.34901,309,27,0
1780250400,0.34901,0.34901,0.34798,0.34842,161,26,0
1780254000,0.34846,0.34929,0.34831,0.34871,401,26,0
1780257600,0.34856,0.34932,0.34844,0.34915,241,27,0
1780261200,0.34918,0.34950,0.34860,0.34908,201,26,0
1780264800,0.34916,0.35008,0.34898,0.34991,271,26,0
1780268400,0.34994,0.35011,0.34950,0.34988,231,27,0
1780272000,0.34991,0.35058,0.34965,0.35041,298,27,0
1780275600,0.35029,0.35081,0.35013,0.35025,315,27,0
1780279200,0.35026,0.35107,0.35026,0.35107,278,26,0
1780282800,0.35099,0.35181,0.35064,0.35179,341,27,0
1780286400,0.35181,0.35195,0.35014,0.35028,298,27,0
1780290000,0.35028,0.35070,0.34985,0.35051,254,26,0
1780293600,0.35035,0.35052,0.35007,0.35026,215,26,0
1780297200,0.35029,0.35082,0.35009,0.35077,259,27,0
1780300800,0.35091,0.35235,0.35083,0.35183,342,27,0
1780304400,0.35197,0.35206,0.35072,0.35108,378,27,0
1780308000,0.35110,0.35119,0.35027,0.35037,305,27,0
1780311600,0.35051,0.35182,0.35039,0.35177,402,27,0
1780315200,0.35177,0.35183,0.35082,0.35085,299,27,0
1780318800,0.35083,0.35143,0.34965,0.35061,390,26,0
1780322400,0.35091,0.35101,0.34940,0.34964,432,27,0
1780326000,0.34969,0.34989,0.34824,0.34833,547,27,0
1780329600,0.34828,0.34930,0.34802,0.34862,599,27,0
1780333200,0.34863,0.34911,0.34659,0.34703,480,27,0
1780336800,0.34702,0.34702,0.34568,0.34635,396,27,0
1780340400,0.34642,0.34691,0.34596,0.34682,273,26,0
1780344000,0.34678,0.34678,0.34526,0.34531,325,26,0
1780347600,0.34530,0.34581,0.34424,0.34451,261,27,0
1780351200,0.34436,0.34441,0.34320,0.34359,309,27,0
1780354800,0.34357,0.34381,0.34251,0.34296,284,27,0
1780358400,0.34298,0.34370,0.34280,0.34365,380,27,0
1780362000,0.34353,0.34399,0.34321,0.34356,351,27,0
1780365600,0.34357,0.34377,0.34315,0.34322,314,26,0
1780369200,0.34321,0.34331,0.34252,0.34261,351,26,0
1780372800,0.34262,0.34282,0.34194,0.34231,354,27,0
1780376400,0.34232,0.34294,0.34196,0.34286,444,27,0
1780380000,0.34290,0.34296,0.34096,0.34167,410,27,0
1780383600,0.34175,0.34194,0.34094,0.34180,367,27,0
1780387200,0.34182,0.34229,0.34152,0.34201,273,26,0
1780390800,0.34177,0.34189,0.33877,0.33940,586,27,0
1780394400,0.33942,0.34098,0.33898,0.34083,546,27,0
1780398000,0.34082,0.34095,0.33983,0.34010,521,26,0
1780401600,0.34006,0.34099,0.33989,0.34061,613,27,0
1780405200,0.34033,0.34121,0.33993,0.33997,284,27,0
1780408800,0.33992,0.34273,0.33981,0.34273,503,26,0
1780412400,0.34274,0.34308,0.33925,0.33990,661,27,0
1780416000,0.33990,0.34148,0.33971,0.33992,742,27,0
1780419600,0.33990,0.34006,0.33582,0.33690,1731,27,0
1780423200,0.33686,0.33714,0.33571,0.33654,1102,27,0
1780426800,0.33659,0.33775,0.33616,0.33733,723,27,0
1780430400,0.33730,0.33861,0.33725,0.33741,481,26,0
1780434000,0.33742,0.33769,0.33603,0.33645,394,27,0
1780437600,0.33650,0.33663,0.33418,0.33486,644,27,0
1780441200,0.33484,0.33538,0.33398,0.33429,602,27,0
1780444800,0.33427,0.33585,0.33410,0.33529,549,27,0
1780448400,0.33526,0.33560,0.33132,0.33260,1123,26,0
1780452000,0.33261,0.33262,0.33120,0.33184,1479,27,0
1780455600,0.33184,0.33290,0.33098,0.33261,703,26,0
1780459200,0.33260,0.33351,0.33169,0.33208,442,26,0
1780462800,0.33212,0.33246,0.33190,0.33219,277,27,0
1780466400,0.33209,0.33242,0.32900,0.32910,892,27,0
1780470000,0.32910,0.33138,0.32845,0.33114,841,27,0
1780473600,0.33118,0.33327,0.33117,0.33276,702,27,0
1780477200,0.33285,0.33369,0.33248,0.33362,320,27,0
1780480800,0.33360,0.33360,0.33272,0.33312,540,27,0
1780484400,0.33322,0.33341,0.33269,0.33293,272,27,0
1780488000,0.33295,0.33304,0.33162,0.33202,413,27,0
1780491600,0.33201,0.33271,0.33118,0.33184,313,26,0
1780495200,0.33180,0.33265,0.33162,0.33178,404,27,0
1780498800,0.33174,0.33262,0.33137,0.33241,356,26,0
1780502400,0.33242,0.33411,0.33232,0.33334,604,27,0
1780506000,0.33332,0.33499,0.33273,0.33454,596,27,0
1780509600,0.33448,0.33559,0.33359,0.33542,490,26,0
1780513200,0.33549,0.33568,0.33287,0.33312,684,27,0
1780516800,0.33321,0.33469,0.33291,0.33334,450,27,0
1780520400,0.33340,0.33424,0.33284,0.33424,322,27,0
1780524000,0.33461,0.33491,0.33325,0.33346,401,27,0
1780527600,0.33346,0.33396,0.33238,0.33252,506,27,0
1780531200,0.33252,0.33415,0.33246,0.33408,451,27,0
1780534800,0.33409,0.33447,0.33324,0.33327,302,27,0
1780538400,0.33326,0.33352,0.33246,0.33280,379,26,0
1780542000,0.33281,0.33316,0.33177,0.33213,553,27,0
1780545600,0.33217,0.33226,0.32898,0.32969,1057,27,0
1780549200,0.32971,0.33145,0.32851,0.33075,1554,27,0
1780552800,0.33076,0.33274,0.33076,0.33274,619,27,0
1780556400,0.33274,0.33308,0.33210,0.33241,529,27,0
1780560000,0.33242,0.33243,0.33064,0.33140,701,27,0
1780563600,0.33136,0.33307,0.33101,0.33126,981,27,0
1780567200,0.33135,0.33155,0.32990,0.33030,716,27,0
1780570800,0.33029,0.33035,0.32849,0.32927,902,27,0
1780574400,0.32928,0.32935,0.32563,0.32633,1446,27,0
1780578000,0.32638,0.32647,0.32516,0.32594,993,27,0
1780581600,0.32595,0.32800,0.32584,0.32734,883,27,0
1780585200,0.32736,0.32988,0.32724,0.32988,910,27,0
1780588800,0.32972,0.32973,0.32793,0.32808,757,27,0
1780592400,0.32811,0.32877,0.32779,0.32845,554,27,0
1780596000,0.32847,0.33066,0.32841,0.33064,754,27,0
1780599600,0.33064,0.33100,0.32888,0.33040,805,26,0
1780603200,0.33038,0.33038,0.32909,0.33030,598,27,0
1780606800,0.33029,0.33202,0.33029,0.33152,529,27,0
1780610400,0.33144,0.33191,0.33106,0.33132,257,26,0
1780614000,0.33130,0.33165,0.33108,0.33136,253,27,0
1780617600,0.33136,0.33201,0.32990,0.33048,518,27,0
1780621200,0.33043,0.33104,0.33008,0.33072,515,27,0
1780624800,0.33073,0.33231,0.33068,0.33208,323,27,0
1780628400,0.33199,0.33207,0.32738,0.32744,662,27,0
1780632000,0.32743,0.32776,0.32625,0.32776,573,26,0
1780635600,0.32769,0.32803,0.32542,0.32587,462,27,0
1780639200,0.32587,0.32718,0.32513,0.32696,651,27,0
1780642800,0.32684,0.32902,0.32684,0.32877,540,27,0
1780646400,0.32880,0.32898,0.32611,0.32627,758,26,0
1780650000,0.32619,0.32623,0.32294,0.32299,1490,27,0
1780653600,0.32303,0.32535,0.32117,0.32514,1584,27,0
1780657200,0.32514,0.32565,0.32362,0.32408,587,27,0
1780660800,0.32402,0.32612,0.32325,0.32595,547,27,0
1780664400,0.32593,0.32676,0.32292,0.32472,1115,27,0
1780668000,0.32473,0.32542,0.32410,0.32478,2077,27,0
1780671600,0.32479,0.32624,0.32438,0.32469,702,26,0
1780675200,0.32472,0.32656,0.32388,0.32391,1380,27,0
1780678800,0.32397,0.32501,0.32273,0.32296,1847,27,0
1780682400,0.32296,0.32304,0.31930,0.31947,1366,27,0
1780686000,0.31943,0.32312,0.31794,0.32295,2376,27,0
1780689600,0.32289,0.32315,0.32014,0.32140,1030,27,0
1780693200,0.32143,0.32162,0.31852,0.31891,1267,27,0
1780696800,0.31890,0.32148,0.31820,0.32086,1330,27,0
1780700400,0.32086,0.32291,0.32009,0.32240,1067,27,0
1780711200,0.32103,0.32106,0.31874,0.31936,809,27,0
1780714800,0.31939,0.32034,0.31895,0.31983,537,27,0
1780718400,0.31981,0.32069,0.31964,0.32009,466,27,0
1780722000,0.32010,0.32010,0.31904,0.31917,430,27,0
1780725600,0.31919,0.31957,0.31870,0.31897,422,27,0
1780729200,0.31906,0.31987,0.31721,0.31763,890,27,0
1780732800,0.31757,0.31986,0.31721,0.31954,886,27,0
1780736400,0.31949,0.32115,0.31949,0.31999,856,27,0
1780740000,0.32000,0.32153,0.31998,0.32011,673,27,0
1780743600,0.32015,0.32015,0.31891,0.31925,614,27,0
1780747200,0.31927,0.32029,0.31896,0.31898,564,27,0
1780750800,0.31907,0.31907,0.31749,0.31778,764,27,0
1780754400,0.31769,0.31961,0.31764,0.31939,442,26,0
1780758000,0.31942,0.32046,0.31835,0.32030,521,27,0
1780761600,0.32029,0.32061,0.31948,0.32027,401,27,0
1780765200,0.32024,0.32095,0.32012,0.32056,312,26,0
1780768800,0.32057,0.32158,0.31999,0.32151,514,27,0
1780772400,0.32152,0.32191,0.32112,0.32153,502,27,0
1780776000,0.32157,0.32162,0.32032,0.32076,445,27,0
1780779600,0.32079,0.32246,0.32075,0.32244,338,26,0
1780783200,0.32222,0.32312,0.32175,0.32211,280,26,0
1780786800,0.32195,0.32232,0.32169,0.32212,308,26,0
1780790400,0.32214,0.32290,0.32191,0.32285,472,27,0
1780794000,0.32288,0.32339,0.32253,0.32303,515,26,0
1780797600,0.32302,0.32409,0.32302,0.32392,333,27,0
1780801200,0.32388,0.32398,0.32318,0.32325,186,27,0
1780804800,0.32277,0.32408,0.32277,0.32374,612,27,0
1780808400,0.32366,0.32395,0.32317,0.32366,363,27,0
1780812000,0.32367,0.32379,0.32312,0.32357,263,27,0
1780815600,0.32356,0.32437,0.32326,0.32437,318,27,0
1780819200,0.32433,0.32552,0.32431,0.32511,487,27,0
1780822800,0.32513,0.32659,0.32463,0.32646,560,27,0
1780826400,0.32643,0.32821,0.32643,0.32734,702,27,0
1780830000,0.32730,0.32847,0.32660,0.32843,614,26,0
1780833600,0.32842,0.32921,0.32788,0.32880,495,27,0
1780837200,0.32881,0.32942,0.32796,0.32838,284,26,0
1780840800,0.32838,0.32902,0.32819,0.32858,345,27,0
1780844400,0.32859,0.32871,0.32701,0.32795,682,27,0
1780848000,0.32794,0.32794,0.32719,0.32775,287,27,0
1780851600,0.32775,0.32854,0.32770,0.32784,380,27,0
1780855200,0.32784,0.32850,0.32754,0.32772,389,27,0
1780858800,0.32770,0.32797,0.32653,0.32662,430,27,0
1780862400,0.32663,0.32742,0.32621,0.32681,381,26,0
1780866000,0.32676,0.32737,0.32634,0.32683,308,26,0
1780869600,0.32683,0.32689,0.32442,0.32481,693,27,0
1780873200,0.32472,0.32568,0.32470,0.32556,293,26,0
1780876800,0.32557,0.32564,0.32408,0.32430,470,27,0
1780880400,0.32442,0.32710,0.32418,0.32571,1284,27,0
1780884000,0.32575,0.32659,0.32550,0.32655,517,27,0
1780887600,0.32658,0.32722,0.32563,0.32676,519,27,0
1780891200,0.32680,0.32692,0.32568,0.32588,345,27,0
1780894800,0.32588,0.32695,0.32578,0.32657,336,27,0
1780898400,0.32642,0.32689,0.32599,0.32642,501,27,0
1780902000,0.32640,0.32726,0.32610,0.32675,539,27,0
1780905600,0.32674,0.32755,0.32629,0.32669,291,27,0
1780909200,0.32666,0.32742,0.32666,0.32705,328,26,0
1780912800,0.32706,0.32722,0.32599,0.32643,459,27,0
1780916400,0.32630,0.32682,0.32538,0.32601,442,27,0
1780920000,0.32601,0.32681,0.32587,0.32616,487,27,0
1780923600,0.32615,0.32674,0.32565,0.32583,469,27,0
1780927200,0.32586,0.32775,0.32550,0.32738,477,27,0
1780930800,0.32738,0.32739,0.32630,0.32663,625,26,0
1780934400,0.32665,0.32691,0.32573,0.32592,491,27,0
1780938000,0.32591,0.32669,0.32579,0.32610,466,26,0
1780941600,0.32610,0.32690,0.32587,0.32590,478,27,0
1780945200,0.32591,0.32605,0.32517,0.32526,515,26,0
1780948800,0.32530,0.32570,0.32510,0.32530,366,27,0
1780952400,0.32529,0.32604,0.32514,0.32557,351,26,0
1780956000,0.32557,0.32628,0.32548,0.32628,284,26,0
1780959600,0.32628,0.32659,0.32564,0.32649,363,27,0
1780963200,0.32648,0.32743,0.32648,0.32695,410,26,0
1780966800,0.32694,0.32699,0.32634,0.32662,330,27,0
1780970400,0.32662,0.32695,0.32591,0.32642,368,27,0
1780974000,0.32642,0.32642,0.32498,0.32499,535,27,0
1780977600,0.32504,0.32559,0.32476,0.32540,302,26,0
1780981200,0.32540,0.32541,0.32415,0.32499,381,26,0
1780984800,0.32498,0.32541,0.32437,0.32502,333,27,0
1780988400,0.32499,0.32522,0.32441,0.32490,391,27,0
1780992000,0.32492,0.32551,0.32422,0.32451,318,26,0
1780995600,0.32451,0.32521,0.32390,0.32397,268,26,0
1780999200,0.32405,0.32405,0.32292,0.32295,545,27,0
1781002800,0.32287,0.32351,0.32235,0.32246,347,26,0
1781006400,0.32270,0.32274,0.32066,0.32093,551,27,0
1781010000,0.32098,0.32172,0.32008,0.32166,590,27,0
1781013600,0.32167,0.32252,0.32126,0.32243,334,27,0
1781017200,0.32242,0.32305,0.32242,0.32299,377,27,0
1781020800,0.32300,0.32316,0.32137,0.32299,609,27,0
1781024400,0.32300,0.32311,0.32064,0.32134,878,27,0
1781028000,0.32135,0.32244,0.32100,0.32139,686,27,0
1781031600,0.32149,0.32174,0.32054,0.32169,850,27,0
1781035200,0.32173,0.32288,0.32171,0.32280,440,27,0
1781038800,0.32283,0.32346,0.32241,0.32280,375,27,0
1781042400,0.32282,0.32324,0.32256,0.32322,346,27,0
1781046000,0.32320,0.32367,0.32251,0.32264,276,27,0
1781049600,0.32250,0.32273,0.32195,0.32202,524,27,0
1781053200,0.32203,0.32251,0.32191,0.32207,383,27,0
1781056800,0.32208,0.32271,0.32199,0.32261,342,27,0
1781060400,0.32273,0.32275,0.32161,0.32205,316,27,0
1781064000,0.32201,0.32229,0.32133,0.32177,289,27,0
1781067600,0.32179,0.32199,0.32042,0.32080,366,27,0
1781071200,0.32083,0.32221,0.32083,0.32096,306,26,0
1781074800,0.32095,0.32141,0.32071,0.32090,248,26,0
1781078400,0.32088,0.32224,0.32088,0.32199,483,27,0
1781082000,0.32198,0.32230,0.32144,0.32184,303,27,0
1781085600,0.32175,0.32284,0.32166,0.32225,512,27,0
1781089200,0.32220,0.32221,0.32129,0.32178,406,27,0
1781092800,0.32179,0.32267,0.32151,0.32253,483,27,0
1781096400,0.32253,0.32277,0.32185,0.32238,362,26,0
1781100000,0.32236,0.32268,0.32160,0.32251,689,27,0
1781103600,0.32254,0.32290,0.32172,0.32245,706,26,0
1781107200,0.32245,0.32303,0.32162,0.32169,883,27,0
1781110800,0.32174,0.32242,0.32105,0.32179,596,27,0
1781114400,0.32182,0.32277,0.32173,0.32243,741,27,0
1781118000,0.32243,0.32296,0.32213,0.32262,439,26,0
1781121600,0.32266,0.32269,0.32105,0.32127,386,26,0
1781125200,0.32116,0.32150,0.32081,0.32108,261,26,0
1781128800,0.32125,0.32150,0.32087,0.32119,244,27,0
1781132400,0.32132,0.32167,0.32090,0.32106,278,27,0
1781136000,0.32109,0.32165,0.32067,0.32075,325,27,0
1781139600,0.32077,0.32155,0.32064,0.32105,326,26,0
1781143200,0.32102,0.32112,0.32035,0.32077,240,26,0
1781146800,0.32076,0.32111,0.32038,0.32053,256,26,0
1781150400,0.32049,0.32158,0.32045,0.32134,213,26,0
1781154000,0.32131,0.32194,0.32079,0.32121,233,27,0
1781157600,0.32111,0.32194,0.32072,0.32159,408,27,0
1781161200,0.32161,0.32181,0.32127,0.32181,201,26,0
1781164800,0.32181,0.32181,0.32118,0.32163,195,26,0
1781168400,0.32160,0.32213,0.32153,0.32169,284,27,0
1781172000,0.32191,0.32211,0.32158,0.32180,219,26,0
1781175600,0.32175,0.32252,0.32175,0.32225,278,26,0
1781179200,0.32230,0.32272,0.32184,0.32218,228,27,0
1781182800,0.32220,0.32266,0.32130,0.32161,444,26,0
1781186400,0.32159,0.32182,0.32092,0.32152,271,26,0
1781190000,0.32151,0.32215,0.32114,0.32166,419,26,0
1781193600,0.32167,0.32178,0.32041,0.32139,356,27,0
1781197200,0.32140,0.32157,0.32040,0.32083,360,27,0
1781200800,0.32088,0.32116,0.31952,0.31958,405,27,0
1781204400,0.31955,0.31986,0.30927,0.31443,1843,27,0
1781208000,0.31433,0.31590,0.31260,0.31470,1645,27,0
1781211600,0.31472,0.31495,0.31078,0.31338,2151,27,0
1781215200,0.31338,0.31362,0.31235,0.31270,843,27,0
1781218800,0.31271,0.31274,0.31192,0.31240,602,27,0
1781222400,0.31242,0.31294,0.31179,0.31254,740,27,0
1781226000,0.31256,0.31609,0.31236,0.31554,969,27,0
1781229600,0.31553,0.31687,0.31499,0.31678,1162,27,0
1781233200,0.31679,0.31679,0.31542,0.31586,741,27,0
1781236800,0.31585,0.31593,0.31467,0.31467,429,27,0
1781240400,0.31468,0.31567,0.31443,0.31562,414,27,0
1781244000,0.31565,0.31625,0.31478,0.31487,814,27,0
1781247600,0.31489,0.31519,0.31442,0.31444,402,26,0
1781251200,0.31436,0.31499,0.31259,0.31282,602,27,0
1781254800,0.31283,0.31326,0.31234,0.31246,695,27,0
1781258400,0.31248,0.31356,0.31248,0.31354,440,27,0
1781262000,0.31348,0.31355,0.31269,0.31273,379,26,0
1781265600,0.31274,0.31302,0.31202,0.31245,446,26,0
1781269200,0.31243,0.31244,0.31167,0.31205,428,27,0
1781272800,0.31202,0.31237,0.31145,0.31173,451,26,0
1781276400,0.31167,0.31200,0.31142,0.31190,359,27,0
1781280000,0.31190,0.31284,0.31170,0.31279,481,27,0
1781283600,0.31278,0.31356,0.31250,0.31353,426,26,0
1781287200,0.31356,0.31401,0.31278,0.31332,989,27,0
1781290800,0.31326,0.31435,0.31220,0.31315,1124,27,0
1781294400,0.31316,0.31405,0.31302,0.31394,459,26,0
1781298000,0.31401,0.31464,0.31378,0.31464,597,27,0
1781301600,0.31464,0.31492,0.31413,0.31459,472,26,0
1781305200,0.31453,0.31512,0.31443,0.31490,360,26,0
1781316000,0.31516,0.31551,0.31486,0.31505,174,27,0
1781319600,0.31489,0.31531,0.31455,0.31489,235,26,0
1781323200,0.31492,0.31541,0.31479,0.31532,193,26,0
1781326800,0.31539,0.31559,0.31427,0.31464,180,26,0
1781330400,0.31470,0.31522,0.31418,0.31473,265,27,0
1781334000,0.31478,0.31561,0.31476,0.31515,193,26,0
1781337600,0.31527,0.31551,0.31489,0.31540,146,26,0
1781341200,0.31540,0.31561,0.31495,0.31525,172,26,0
1781344800,0.31524,0.31541,0.31477,0.31525,220,27,0
1781348400,0.31520,0.31572,0.31500,0.31552,221,26,0
1781352000,0.31553,0.31663,0.31553,0.31635,299,26,0
1781355600,0.31626,0.31671,0.31607,0.31624,210,26,0
1781359200,0.31624,0.31672,0.31592,0.31654,218,26,0
1781362800,0.31651,0.31671,0.31616,0.31650,185,27,0
1781366400,0.31650,0.31719,0.31648,0.31705,177,26,0
1781370000,0.31707,0.31751,0.31696,0.31726,266,26,0
1781373600,0.31727,0.31741,0.31638,0.31666,197,27,0
1781377200,0.31670,0.31699,0.31640,0.31698,287,27,0
1781380800,0.31701,0.31731,0.31674,0.31698,200,26,0
1781384400,0.31697,0.31742,0.31694,0.31701,155,26,0
1781388000,0.31701,0.31812,0.31701,0.31798,208,27,0
1781391600,0.31798,0.31822,0.31779,0.31800,161,26,0
1781395200,0.31798,0.31821,0.31627,0.31683,278,26,0
1781398800,0.31682,0.31702,0.31620,0.31653,298,26,0
1781402400,0.31657,0.31701,0.31655,0.31689,197,26,0
1781406000,0.31694,0.31711,0.31628,0.31647,147,27,0
1781409600,0.31571,0.31591,0.31495,0.31495,218,26,0
1781413200,0.31494,0.31571,0.31491,0.31523,181,26,0
1781416800,0.31523,0.31551,0.31477,0.31522,179,26,0
1781420400,0.31526,0.31581,0.31512,0.31527,187,26,0
1781424000,0.31534,0.31581,0.31517,0.31526,165,26,0
1781427600,0.31517,0.31561,0.31490,0.31557,214,26,0
1781431200,0.31554,0.31660,0.31535,0.31660,285,26,0
1781434800,0.31656,0.31722,0.31616,0.31697,237,26,0
1781438400,0.31698,0.31761,0.31670,0.31714,273,27,0
1781442000,0.31717,0.31811,0.31717,0.31751,157,26,0
1781445600,0.31752,0.31802,0.31752,0.31797,127,26,0
1781449200,0.31795,0.31820,0.31746,0.31763,209,27,0
1781452800,0.31766,0.31777,0.31623,0.31654,434,27,0
1781456400,0.31647,0.31733,0.31639,0.31733,280,26,0
1781460000,0.31731,0.31832,0.31731,0.31831,229,26,0
1781463600,0.31812,0.31832,0.31766,0.31771,195,27,0
1781467200,0.31772,0.31872,0.31771,0.31813,130,26,0
1781470800,0.31811,0.31881,0.31806,0.31865,109,26,0
1781474400,0.31865,0.31892,0.31790,0.31850,160,26,0
1781478000,0.31844,0.31872,0.31815,0.31839,133,26,0
1781481600,0.31853,0.31922,0.31843,0.31886,246,26,0
1781485200,0.31886,0.31982,0.31854,0.31955,672,27,0
1781488800,0.31956,0.32268,0.31923,0.32163,337,26,0
1781492400,0.32164,0.32194,0.31944,0.31974,619,27,0
1781496000,0.31979,0.32041,0.31912,0.32014,243,26,0
1781499600,0.32014,0.32215,0.32004,0.32052,345,26,0
1781503200,0.32052,0.32107,0.32036,0.32093,286,26,0
1781506800,0.32093,0.32103,0.32045,0.32074,247,27,0
1781510400,0.32068,0.32101,0.32013,0.32044,186,26,0
1781514000,0.32043,0.32050,0.31968,0.31976,260,27,0
1781517600,0.31974,0.31993,0.31952,0.31965,309,26,0
1781521200,0.31964,0.32021,0.31952,0.31962,288,27,0
1781524800,0.31961,0.32004,0.31920,0.31986,329,27,0
1781528400,0.31998,0.32031,0.31948,0.31991,298,26,0
1781532000,0.31999,0.32062,0.31903,0.32033,575,26,0
1781535600,0.32028,0.32087,0.32023,0.32076,320,26,0
1781539200,0.32076,0.32147,0.31946,0.31962,532,27,0
1781542800,0.31967,0.31967,0.31805,0.31863,555,27,0
1781546400,0.31873,0.31956,0.31845,0.31925,439,27,0
1781550000,0.31926,0.31926,0.31837,0.31884,493,27,0
1781553600,0.31884,0.31971,0.31849,0.31948,354,27,0
1781557200,0.31942,0.31982,0.31914,0.31951,256,27,0
1781560800,0.31948,0.31981,0.31934,0.31958,283,27,0
1781564400,0.31962,0.31988,0.31951,0.31980,242,27,0
1781568000,0.31975,0.31978,0.31940,0.31967,282,26,0
1781571600,0.31964,0.31991,0.31807,0.31842,399,27,0
1781575200,0.31843,0.31857,0.31777,0.31786,281,27,0
1781578800,0.31779,0.31832,0.31724,0.31816,272,27,0
1781582400,0.31800,0.31892,0.31790,0.31877,166,27,0
1781586000,0.31877,0.31878,0.31706,0.31706,327,27,0
1781589600,0.31707,0.31772,0.31706,0.31747,291,26,0
1781593200,0.31744,0.31744,0.31698,0.31713,182,26,0
1781596800,0.31714,0.31801,0.31703,0.31761,197,26,0
1781600400,0.31758,0.31821,0.31749,0.31791,211,27,0
1781604000,0.31788,0.31802,0.31747,0.31764,242,26,0
1781607600,0.31764,0.31772,0.31672,0.31690,343,27,0
1781611200,0.31702,0.31782,0.31684,0.31717,214,27,0
1781614800,0.31717,0.31771,0.31691,0.31737,263,27,0
1781618400,0.31737,0.31751,0.31636,0.31680,255,27,0
1781622000,0.31680,0.31758,0.31658,0.31720,375,27,0
1781625600,0.31714,0.31773,0.31663,0.31697,458,27,0
1781629200,0.31697,0.31724,0.31557,0.31653,488,27,0
1781632800,0.31657,0.31713,0.31639,0.31696,314,27,0
1781636400,0.31689,0.31722,0.31653,0.31658,363,27,0
1781640000,0.31657,0.31781,0.31657,0.31768,244,26,0
1781643600,0.31768,0.31793,0.31667,0.31711,284,26,0
1781647200,0.31690,0.31711,0.31575,0.31600,247,26,0
1781650800,0.31600,0.31661,0.31567,0.31593,296,26,0
1781654400,0.31593,0.31671,0.31547,0.31629,248,26,0
1781658000,0.31629,0.31671,0.31582,0.31650,216,26,0
1781661600,0.31648,0.31692,0.31624,0.31649,201,26,0
1781665200,0.31650,0.31702,0.31614,0.31621,203,26,0
1781668800,0.31661,0.31692,0.31620,0.31662,206,27,0
1781672400,0.31663,0.31722,0.31659,0.31695,123,26,0
1781676000,0.31695,0.31721,0.31659,0.31690,129,26,0
1781679600,0.31722,0.31741,0.31689,0.31696,137,26,0
1781683200,0.31695,0.31784,0.31686,0.31771,184,26,0
1781686800,0.31775,0.31822,0.31755,0.31795,211,26,0
1781690400,0.31797,0.31872,0.31792,0.31851,254,27,0
1781694000,0.31851,0.31883,0.31821,0.31867,325,26,0
1781697600,0.31865,0.31982,0.31865,0.31970,245,26,0
1781701200,0.31974,0.32036,0.31927,0.31968,303,27,0
1781704800,0.31968,0.32006,0.31934,0.31973,302,26,0
1781708400,0.31981,0.32025,0.31945,0.32007,349,27,0
1781712000,0.32004,0.32024,0.31981,0.32020,284,26,0
1781715600,0.32005,0.32111,0.31992,0.32026,337,26,0
1781719200,0.32026,0.32141,0.32017,0.32123,288,27,0
1781722800,0.32128,0.32198,0.32089,0.32140,383,26,0
1781726400,0.32141,0.32161,0.32097,0.32142,216,26,0
1781730000,0.32114,0.32128,0.31969,0.32040,646,27,0
1781733600,0.32043,0.32060,0.31918,0.31972,690,27,0
1781737200,0.31973,0.32031,0.31932,0.32016,327,26,0
1781740800,0.32017,0.32071,0.31967,0.32024,326,27,0
1781744400,0.32031,0.32069,0.31979,0.32052,302,26,0
1781748000,0.32057,0.32162,0.32035,0.32146,279,26,0
1781751600,0.32148,0.32231,0.32073,0.32102,420,27,0
1781755200,0.32102,0.32151,0.32089,0.32090,207,27,0
1781758800,0.32099,0.32151,0.32089,0.32115,157,26,0
1781762400,0.32106,0.32113,0.32057,0.32078,264,26,0
1781766000,0.32071,0.32088,0.31958,0.32009,440,27,0
1781769600,0.32007,0.32007,0.31954,0.31991,295,27,0
1781773200,0.31992,0.32041,0.31970,0.32001,290,27,0
1781776800,0.31998,0.32086,0.31989,0.32043,263,27,0
1781780400,0.32041,0.32094,0.32032,0.32082,426,27,0
1781784000,0.32084,0.32141,0.32048,0.32093,299,27,0
1781787600,0.32092,0.32112,0.32036,0.32059,321,26,0
1781791200,0.32060,0.32061,0.31910,0.31937,446,27,0
1781794800,0.31937,0.32012,0.31924,0.31954,283,26,0
1781798400,0.31954,0.31992,0.31917,0.31936,291,27,0
1781802000,0.31936,0.32011,0.31914,0.31931,278,27,0
1781805600,0.31933,0.31951,0.31701,0.31712,749,27,0
1781809200,0.31753,0.31862,0.31719,0.31852,586,27,0
1781812800,0.31846,0.31885,0.31817,0.31875,289,26,0
1781816400,0.31883,0.31941,0.31851,0.31914,302,26,0
1781820000,0.31909,0.31994,0.31886,0.31961,267,27,0
1781823600,0.31962,0.32006,0.31937,0.31983,356,27,0
1781827200,0.31974,0.32041,0.31969,0.31992,227,27,0
1781830800,0.31993,0.32051,0.31980,0.32010,192,27,0
1781834400,0.32017,0.32072,0.32012,0.32053,226,26,0
1781838000,0.32053,0.32093,0.32025,0.32054,222,26,0
1781841600,0.32048,0.32101,0.32038,0.32091,164,26,0
1781845200,0.32091,0.32112,0.32072,0.32096,135,26,0
1781848800,0.32112,0.32142,0.32049,0.32111,375,26,0
1781852400,0.32104,0.32106,0.32014,0.32028,359,27,0
1781856000,0.32029,0.32050,0.31987,0.32029,272,27,0
1781859600,0.32029,0.32071,0.32010,0.32024,224,27,0
1781863200,0.32026,0.32041,0.31987,0.32019,191,27,0
1781866800,0.32015,0.32067,0.32015,0.32051,164,26,0
1781870400,0.32054,0.32169,0.32035,0.32155,338,27,0
1781874000,0.32157,0.32181,0.32107,0.32126,300,27,0
1781877600,0.32125,0.32181,0.32103,0.32153,230,27,0
1781881200,0.32156,0.32291,0.32152,0.32285,317,27,0
1781884800,0.32285,0.32321,0.31909,0.31946,942,27,0
1781888400,0.31958,0.32071,0.31952,0.32049,298,26,0
1781892000,0.32048,0.32086,0.32033,0.32084,196,27,0
1781895600,0.32087,0.32209,0.32080,0.32189,431,27,0
1781899200,0.32188,0.32227,0.32167,0.32224,276,26,0
1781902800,0.32225,0.32252,0.32203,0.32217,213,26,0
1781906400,0.32211,0.32291,0.32211,0.32275,235,26,0
1781910000,0.32273,0.32291,0.32239,0.32290,165,26,0
1781920800,0.32292,0.32372,0.32277,0.32366,209,26,0
1781924400,0.32363,0.32380,0.32254,0.32269,363,27,0
1781928000,0.32266,0.32313,0.32208,0.32265,297,27,0
1781931600,0.32261,0.32291,0.32201,0.32245,249,26,0
1781935200,0.32245,0.32271,0.32212,0.32230,184,26,0
1781938800,0.32230,0.32241,0.32178,0.32215,201,26,0
1781942400,0.32218,0.32231,0.32157,0.32192,300,27,0
1781946000,0.32189,0.32242,0.32184,0.32190,229,26,0
1781949600,0.32185,0.32251,0.32162,0.32219,194,26,0
1781953200,0.32231,0.32271,0.32176,0.32242,197,26,0
1781956800,0.32243,0.32328,0.32195,0.32325,290,27,0
1781960400,0.32321,0.32398,0.32317,0.32392,234,27,0
1781964000,0.32392,0.32443,0.32379,0.32432,199,26,0
1781967600,0.32434,0.32525,0.32413,0.32522,308,26,0
1781971200,0.32505,0.32609,0.32491,0.32601,224,26,0
1781974800,0.32601,0.32601,0.32322,0.32499,750,26,0
1781978400,0.32497,0.32543,0.32315,0.32399,602,27,0
1781982000,0.32400,0.32502,0.32368,0.32488,261,27,0
1781985600,0.32485,0.32492,0.32413,0.32439,257,26,0
1781989200,0.32441,0.32532,0.32441,0.32522,112,26,0
1781992800,0.32522,0.32551,0.32506,0.32547,120,26,0
1781996400,0.32547,0.32562,0.32535,0.32554,95,26,0
1782000000,0.32547,0.32641,0.32538,0.32635,181,26,0
1782003600,0.32609,0.32672,0.32602,0.32640,279,27,0
1782007200,0.32635,0.32671,0.32610,0.32647,161,26,0
1782010800,0.32664,0.32669,0.32630,0.32656,114,26,0
1782014400,0.32634,0.32664,0.32607,0.32653,142,26,0
1782018000,0.32652,0.32682,0.32640,0.32670,119,26,0
1782021600,0.32670,0.32682,0.32583,0.32603,196,27,0
1782025200,0.32596,0.32632,0.32562,0.32571,141,26,0
1782028800,0.32576,0.32651,0.32575,0.32618,177,26,0
1782032400,0.32618,0.32623,0.32561,0.32575,159,26,0
1782036000,0.32572,0.32731,0.32562,0.32727,219,27,0
1782039600,0.32727,0.32742,0.32668,0.32680,246,26,0
1782043200,0.32679,0.32731,0.32666,0.32671,222,26,0
1782046800,0.32673,0.32682,0.32626,0.32654,314,26,0
1782050400,0.32657,0.32688,0.32605,0.32650,280,27,0
1782054000,0.32651,0.32661,0.32597,0.32643,209,26,0
1782057600,0.32644,0.32671,0.32620,0.32627,147,27,0
1782061200,0.32628,0.32661,0.32608,0.32641,179,26,0
1782064800,0.32641,0.32691,0.32619,0.32651,163,26,0
1782068400,0.32650,0.32722,0.32621,0.32714,212,26,0
1782072000,0.32714,0.32742,0.32693,0.32721,136,26,0
1782075600,0.32721,0.32752,0.32709,0.32721,179,26,0
1782079200,0.32721,0.32781,0.32721,0.32768,136,26,0
1782082800,0.32755,0.32791,0.32739,0.32755,144,26,0
1782086400,0.32756,0.32765,0.32683,0.32737,362,26,0
1782090000,0.32733,0.32812,0.32720,0.32781,210,27,0
1782093600,0.32780,0.32811,0.32684,0.32749,265,26,0
1782097200,0.32750,0.32768,0.32717,0.32766,268,26,0
1782100800,0.32764,0.32822,0.32754,0.32817,329,27,0
1782104400,0.32811,0.32823,0.32770,0.32794,185,26,0
1782108000,0.32785,0.32821,0.32743,0.32792,217,26,0
1782111600,0.32795,0.32812,0.32767,0.32804,219,26,0
1782115200,0.32802,0.32851,0.32801,0.32830,149,26,0
1782118800,0.32827,0.32912,0.32816,0.32903,2098,26,0
1782122400,0.32904,0.33009,0.32902,0.32996,720,26,0
1782126000,0.32999,0.33043,0.32978,0.33039,224,26,0
1782129600,0.33054,0.33149,0.33023,0.33045,361,26,0
1782133200,0.33043,0.33113,0.33037,0.33075,205,27,0
1782136800,0.33081,0.33142,0.33081,0.33099,251,26,0
1782140400,0.33099,0.33162,0.33089,0.33125,268,26,0
1782144000,0.33125,0.33151,0.33066,0.33127,289,26,0
1782147600,0.33129,0.33201,0.33119,0.33162,269,26,0
1782151200,0.33158,0.33194,0.32803,0.32967,643,27,0
1782154800,0.32975,0.33300,0.32942,0.33283,750,27,0
1782158400,0.33285,0.33294,0.33134,0.33203,346,26,0
1782162000,0.33210,0.33252,0.33181,0.33216,279,26,0
1782165600,0.33213,0.33252,0.33151,0.33188,295,26,0
1782169200,0.33190,0.33335,0.33180,0.33331,242,26,0
1782172800,0.33328,0.33352,0.33286,0.33324,253,27,0
1782176400,0.33324,0.33361,0.33307,0.33326,302,27,0
1782180000,0.33325,0.33391,0.33320,0.33364,177,26,0
1782183600,0.33364,0.33400,0.33292,0.33369,257,26,0
1782187200,0.33363,0.33364,0.33306,0.33341,218,27,0
1782190800,0.33341,0.33362,0.33288,0.33324,216,27,0
1782194400,0.33323,0.33332,0.33257,0.33324,239,26,0
1782198000,0.33324,0.33351,0.33198,0.33211,286,27,0
1782201600,0.33214,0.33233,0.33095,0.33187,467,27,0
1782205200,0.33190,0.33193,0.33054,0.33142,667,27,0
1782208800,0.33145,0.33204,0.33114,0.33133,425,26,0
1782212400,0.33132,0.33150,0.32990,0.32991,810,27,0
1782216000,0.32980,0.33021,0.32907,0.32956,460,27,0
1782219600,0.32942,0.32976,0.32814,0.32849,444,27,0
1782223200,0.32847,0.32977,0.32847,0.32961,399,26,0
1782226800,0.32958,0.32963,0.32881,0.32904,248,26,0
1782230400,0.32906,0.32975,0.32891,0.32939,440,26,0
1782234000,0.32939,0.33001,0.32914,0.32923,329,27,0
1782237600,0.32917,0.33008,0.32907,0.32939,452,27,0
1782241200,0.32935,0.33062,0.32916,0.33034,436,27,0
1782244800,0.33029,0.33041,0.32950,0.32957,253,27,0
1782248400,0.32953,0.32971,0.32893,0.32910,348,27,0
1782252000,0.32910,0.32914,0.32794,0.32845,286,26,0
1782255600,0.32844,0.32901,0.32830,0.32856,219,26,0
1782259200,0.32859,0.32913,0.32818,0.32901,262,26,0
1782262800,0.32902,0.32941,0.32855,0.32910,223,26,0
1782266400,0.32908,0.32931,0.32862,0.32884,253,26,0
1782270000,0.32884,0.32916,0.32846,0.32899,232,26,0
1782273600,0.32899,0.32921,0.32836,0.32852,187,27,0
1782277200,0.32852,0.32901,0.32815,0.32835,182,26,0
1782280800,0.32835,0.32943,0.32835,0.32921,215,26,0
1782284400,0.32921,0.32931,0.32875,0.32922,168,26,0
1782288000,0.32920,0.32951,0.32882,0.32889,203,26,0
1782291600,0.32888,0.32891,0.32837,0.32857,164,26,0
1782295200,0.32857,0.32903,0.32853,0.32888,219,27,0
1782298800,0.32889,0.33065,0.32868,0.33036,259,26,0
1782302400,0.33038,0.33111,0.33038,0.33095,241,27,0
1782306000,0.33096,0.33161,0.33007,0.33116,347,27,0
1782309600,0.33119,0.33130,0.33059,0.33113,309,26,0
1782313200,0.33124,0.33131,0.33079,0.33099,238,26,0
1782316800,0.33117,0.33121,0.32826,0.32893,887,27,0
1782320400,0.32894,0.32923,0.32847,0.32880,516,27,0
1782324000,0.32881,0.32910,0.32656,0.32700,667,27,0
1782327600,0.32700,0.32735,0.32526,0.32571,1006,27,0
1782331200,0.32569,0.32599,0.32458,0.32488,1079,27,0
1782334800,0.32487,0.32601,0.32461,0.32584,710,27,0
1782338400,0.32586,0.32612,0.32500,0.32546,615,27,0
1782342000,0.32542,0.32727,0.32522,0.32723,664,27,0
1782345600,0.32709,0.32734,0.32669,0.32731,456,27,0
1782349200,0.32731,0.32795,0.32706,0.32732,428,27,0
1782352800,0.32733,0.32748,0.32676,0.32715,423,27,0
1782356400,0.32712,0.32752,0.32685,0.32740,341,26,0
1782360000,0.32738,0.32771,0.32678,0.32740,431,27,0
1782363600,0.32739,0.32761,0.32699,0.32741,389,27,0
1782367200,0.32743,0.32762,0.32695,0.32699,177,26,0
1782370800,0.32702,0.32781,0.32695,0.32781,227,26,0
1782374400,0.32781,0.33032,0.32766,0.32947,527,26,0
1782378000,0.32948,0.32969,0.32857,0.32874,385,27,0
1782381600,0.32880,0.32942,0.32874,0.32925,289,27,0
1782385200,0.32923,0.32939,0.32867,0.32901,290,27,0
1782388800,0.32902,0.32924,0.32854,0.32913,261,27,0
1782392400,0.32913,0.32931,0.32838,0.32857,218,26,0
1782396000,0.32855,0.32892,0.32807,0.32811,282,26,0
1782399600,0.32819,0.32831,0.32638,0.32666,482,26,0
1782403200,0.32666,0.32713,0.32174,0.32195,1005,27,0
1782406800,0.32327,0.32367,0.32229,0.32297,1565,27,0
1782410400,0.32302,0.32350,0.32221,0.32298,661,27,0
1782414000,0.32298,0.32378,0.32242,0.32375,643,27,0
1782417600,0.32375,0.32444,0.32310,0.32411,505,27,0
1782421200,0.32408,0.32430,0.32362,0.32414,463,27,0
1782424800,0.32415,0.32415,0.32331,0.32338,336,27,0
1782428400,0.32346,0.32408,0.32342,0.32349,278,27,0
1782432000,0.32351,0.32438,0.32334,0.32385,334,26,0
1782435600,0.32382,0.32405,0.32345,0.32379,299,27,0
1782439200,0.32358,0.32393,0.32331,0.32349,325,27,0
1782442800,0.32351,0.32398,0.32330,0.32361,223,26,0
1782446400,0.32365,0.32387,0.32283,0.32307,225,26,0
1782450000,0.32307,0.32312,0.32117,0.32117,700,27,0
1782453600,0.32131,0.32199,0.32069,0.32199,835,27,0
1782457200,0.32199,0.32220,0.32135,0.32150,307,27,0
1782460800,0.32152,0.32195,0.32107,0.32171,280,27,0
1782464400,0.32169,0.32273,0.32125,0.32268,417,27,0
1782468000,0.32264,0.32283,0.32210,0.32255,360,27,0
1782471600,0.32256,0.32261,0.32196,0.32222,319,27,0
1782475200,0.32222,0.32228,0.32184,0.32187,258,27,0
1782478800,0.32190,0.32224,0.32163,0.32167,351,27,0
1782482400,0.32168,0.32190,0.32149,0.32150,255,26,0
1782486000,0.32153,0.32160,0.32003,0.32004,611,27,0
1782489600,0.32007,0.32007,0.31746,0.31961,982,27,0
1782493200,0.31960,0.32001,0.31877,0.31889,615,27,0
1782496800,0.31885,0.32043,0.31855,0.31985,555,27,0
1782500400,0.31983,0.32006,0.31856,0.31882,663,27,0
1782504000,0.31875,0.32007,0.31860,0.31999,375,27,0
1782507600,0.31996,0.32012,0.31944,0.31976,169,26,0
1782511200,0.31976,0.32022,0.31947,0.31953,115,26,0
1782514800,0.31955,0.32065,0.31941,0.31944,345,27,0
1782525600,0.31993,0.32042,0.31991,0.32027,220,26,0
1782529200,0.32031,0.32040,0.31930,0.32002,331,26,0
1782532800,0.32001,0.32032,0.31991,0.31992,185,26,0
1782536400,0.31993,0.32102,0.31991,0.32068,270,26,0
1782540000,0.32068,0.32068,0.32008,0.32031,188,26,0
1782543600,0.32031,0.32091,0.32031,0.32069,201,26,0
1782547200,0.32070,0.32072,0.32037,0.32057,177,27,0
1782550800,0.32068,0.32077,0.32022,0.32048,177,26,0
1782554400,0.32057,0.32108,0.32046,0.32095,184,26,0
1782558000,0.32081,0.32093,0.32059,0.32079,195,27,0
1782561600,0.32076,0.32103,0.32053,0.32101,251,27,0
1782565200,0.32095,0.32142,0.32047,0.32070,245,27,0
1782568800,0.32073,0.32112,0.32063,0.32106,249,27,0
1782572400,0.32109,0.32109,0.32031,0.32060,197,26,0
1782576000,0.32060,0.32081,0.32029,0.32048,185,26,0
1782579600,0.32045,0.32071,0.32010,0.32054,242,26,0
1782583200,0.32054,0.32082,0.32039,0.32061,152,26,0
1782586800,0.32052,0.32092,0.32041,0.32091,191,26,0
1782590400,0.32090,0.32091,0.32029,0.32055,184,27,0
1782594000,0.32053,0.32101,0.32034,0.32069,157,26,0
1782597600,0.32067,0.32081,0.32022,0.32032,159,26,0
1782601200,0.32033,0.32051,0.32024,0.32039,111,27,0
1782604800,0.32036,0.32102,0.32035,0.32057,167,26,0
1782608400,0.32058,0.32111,0.32034,0.32068,237,27,0
1782612000,0.32066,0.32122,0.32048,0.32096,216,26,0
1782615600,0.32104,0.32210,0.32089,0.32159,189,27,0
1782619200,0.32182,0.32211,0.32160,0.32192,170,26,0
1782622800,0.32192,0.32222,0.32171,0.32182,152,26,0
1782626400,0.32171,0.32261,0.32171,0.32243,224,26,0
1782630000,0.32244,0.32261,0.32194,0.32232,142,26,0
1782633600,0.32252,0.32252,0.32147,0.32196,225,26,0
1782637200,0.32194,0.32211,0.32093,0.32117,244,26,0
1782640800,0.32120,0.32181,0.32099,0.32143,202,26,0
1782644400,0.32143,0.32171,0.32102,0.32163,209,26,0
1782648000,0.32166,0.32220,0.32142,0.32209,176,27,0
1782651600,0.32214,0.32332,0.32186,0.32273,289,26,0
1782655200,0.32273,0.32342,0.32268,0.32342,277,27,0
1782658800,0.32344,0.32415,0.32313,0.32404,305,26,0
1782662400,0.32384,0.32416,0.32335,0.32354,258,27,0
1782666000,0.32362,0.32422,0.32280,0.32341,348,27,0
1782669600,0.32341,0.32361,0.32289,0.32318,300,26,0
1782673200,0.32320,0.32361,0.32288,0.32318,387,27,0
1782676800,0.32316,0.32326,0.32239,0.32276,276,27,0
1782680400,0.32274,0.32294,0.32254,0.32288,236,26,0
1782684000,0.32285,0.32313,0.32245,0.32262,240,26,0
1782687600,0.32259,0.32302,0.32240,0.32298,197,27,0
1782691200,0.32294,0.32322,0.32205,0.32207,307,26,0
1782694800,0.32210,0.32279,0.32145,0.32164,475,27,0
1782698400,0.32158,0.32238,0.32158,0.32187,303,26,0
1782702000,0.32180,0.32211,0.32130,0.32208,366,27,0
1782705600,0.32205,0.32212,0.32161,0.32197,238,26,0
1782709200,0.32184,0.32201,0.32110,0.32144,348,27,0
1782712800,0.32153,0.32201,0.32142,0.32195,254,27,0
1782716400,0.32195,0.32232,0.32180,0.32204,210,26,0
1782720000,0.32214,0.32253,0.32185,0.32251,245,26,0
1782723600,0.32248,0.32362,0.32246,0.32297,444,26,0
1782727200,0.32298,0.32392,0.32278,0.32378,241,26,0
1782730800,0.32379,0.32422,0.32370,0.32388,297,26,0
1782734400,0.32391,0.32461,0.32357,0.32377,286,27,0
1782738000,0.32378,0.32395,0.32297,0.32335,291,26,0
1782741600,0.32335,0.32345,0.32171,0.32201,521,26,0
1782745200,0.32198,0.32223,0.32117,0.32142,773,27,0
1782748800,0.32156,0.32248,0.32152,0.32165,550,27,0
1782752400,0.32166,0.32210,0.32141,0.32198,459,27,0
1782756000,0.32198,0.32342,0.32171,0.32319,465,27,0
1782759600,0.32328,0.32328,0.32099,0.32102,425,26,0
1782763200,0.32102,0.32213,0.32039,0.32163,709,27,0
1782766800,0.32162,0.32181,0.32090,0.32125,269,26,0
1782770400,0.32128,0.32150,0.32075,0.32149,295,27,0
1782774000,0.32148,0.32170,0.32122,0.32136,220,26,0
1782777600,0.32147,0.32168,0.32113,0.32162,410,27,0
1782781200,0.32162,0.32168,0.32102,0.32104,447,27,0
1782784800,0.32105,0.32141,0.32079,0.32104,213,26,0
1782788400,0.32104,0.32131,0.31931,0.31954,418,26,0
1782792000,0.31954,0.31971,0.31872,0.31921,347,26,0
1782795600,0.31921,0.32005,0.31877,0.32005,227,26,0
1782799200,0.32004,0.32010,0.31919,0.31955,252,26,0
1782802800,0.31955,0.32011,0.31920,0.31968,208,26,0
1782806400,0.31964,0.32019,0.31943,0.31991,213,26,0
1782810000,0.31991,0.32002,0.31915,0.31947,150,26,0
1782813600,0.31950,0.31960,0.31872,0.31898,241,27,0
1782817200,0.31899,0.31904,0.31832,0.31837,362,26,0
1782820800,0.31833,0.31860,0.31735,0.31740,281,27,0
1782824400,0.31741,0.31781,0.31675,0.31691,299,27,0
1782828000,0.31679,0.31761,0.31661,0.31700,355,27,0
1782831600,0.31699,0.31741,0.31637,0.31641,402,27,0
1782835200,0.31663,0.31761,0.31617,0.31632,586,27,0
1782838800,0.31631,0.31697,0.31595,0.31595,392,26,0
1782842400,0.31596,0.31702,0.31583,0.31649,372,27,0
1782846000,0.31654,0.31654,0.31385,0.31413,509,27,0
1782849600,0.31410,0.31541,0.31400,0.31429,329,27,0
1782853200,0.31429,0.31511,0.31400,0.31466,353,27,0
1782856800,0.31465,0.31544,0.31449,0.31469,282,26,0
1782860400,0.31471,0.31539,0.31434,0.31448,244,27,0
1782864000,0.31443,0.31527,0.31443,0.31472,256,27,0
1782867600,0.31468,0.31512,0.31448,0.31512,229,26,0
1782871200,0.31517,0.31542,0.31491,0.31505,180,27,0
1782874800,0.31502,0.31522,0.31400,0.31425,321,27,0
1782878400,0.31420,0.31481,0.31368,0.31444,450,27,0
1782882000,0.31450,0.31552,0.31439,0.31525,270,26,0
1782885600,0.31535,0.31652,0.31534,0.31636,342,27,0
1782889200,0.31649,0.31681,0.31614,0.31635,188,27,0
1782892800,0.31635,0.31760,0.31617,0.31650,210,27,0
1782896400,0.31651,0.31685,0.31606,0.31620,326,26,0
1782900000,0.31622,0.31651,0.31598,0.31625,226,26,0
1782903600,0.31623,0.31631,0.31565,0.31592,244,26,0
1782907200,0.31593,0.31681,0.31593,0.31664,246,26,0
1782910800,0.31663,0.31681,0.31607,0.31651,168,26,0
1782914400,0.31651,0.31731,0.31625,0.31705,259,27,0
1782918000,0.31705,0.31732,0.31619,0.31656,264,26,0
1782921600,0.31664,0.31730,0.31618,0.31730,426,27,0
1782925200,0.31730,0.31810,0.31698,0.31712,575,27,0
1782928800,0.31721,0.31869,0.31721,0.31746,489,27,0
1782932400,0.31745,0.31806,0.31735,0.31762,294,27,0
1782936000,0.31758,0.31832,0.31750,0.31806,215,26,0
1782939600,0.31805,0.31805,0.31730,0.31734,197,26,0
1782943200,0.31735,0.31753,0.31683,0.31709,190,26,0
1782946800,0.31710,0.31720,0.31657,0.31682,252,26,0
1782950400,0.31682,0.31762,0.31674,0.31711,314,26,0
1782954000,0.31708,0.31721,0.31622,0.31625,313,26,0
1782957600,0.31619,0.31619,0.31548,0.31567,231,26,0
1782961200,0.31577,0.31621,0.31531,0.31605,260,27,0
1782964800,0.31605,0.31641,0.31594,0.31611,160,26,0
1782968400,0.31616,0.31661,0.31602,0.31620,145,26,0
1782972000,0.31621,0.31641,0.31564,0.31619,255,26,0
1782975600,0.31617,0.31642,0.31577,0.31605,200,26,0
1782979200,0.31604,0.31611,0.31523,0.31540,225,26,0
1782982800,0.31525,0.31571,0.31482,0.31520,190,26,0
1782986400,0.31520,0.31670,0.31497,0.31667,275,26,0
1782990000,0.31671,0.31739,0.31658,0.31731,300,27,0
1782993600,0.31721,0.31731,0.31640,0.31673,483,26,0
1782997200,0.31677,0.31681,0.31626,0.31626,214,27,0
1783000800,0.31628,0.31754,0.31627,0.31704,295,27,0
1783004400,0.31706,0.31737,0.31667,0.31668,297,27,0
1783008000,0.31684,0.31862,0.31672,0.31844,602,27,0
1783011600,0.31811,0.31924,0.31773,0.31826,692,27,0
1783015200,0.31831,0.31835,0.31742,0.31807,264,26,0
1783018800,0.31817,0.31855,0.31739,0.31765,414,27,0
1783022400,0.31765,0.31811,0.31729,0.31729,237,26,0
1783026000,0.31728,0.31791,0.31715,0.31715,203,26,0
1783029600,0.31713,0.31751,0.31672,0.31672,229,26,0
1783033200,0.31669,0.31771,0.31669,0.31737,210,26,0
1783036800,0.31740,0.31751,0.31668,0.31724,208,27,0
1783040400,0.31706,0.31751,0.31689,0.31701,205,26,0
1783044000,0.31701,0.31771,0.31692,0.31719,156,26,0
1783047600,0.31718,0.31747,0.31662,0.31712,265,26,0
1783051200,0.31712,0.31761,0.31688,0.31688,203,26,0
1783054800,0.31693,0.31722,0.31643,0.31689,195,26,0
1783058400,0.31688,0.31741,0.31645,0.31699,176,26,0
1783062000,0.31704,0.31751,0.31678,0.31690,152,26,0
1783065600,0.31711,0.31741,0.31656,0.31702,180,26,0
1783069200,0.31699,0.31921,0.31674,0.31847,443,27,0
1783072800,0.31871,0.31911,0.31847,0.31902,247,26,0
1783076400,0.31902,0.31951,0.31867,0.31937,250,26,0
1783080000,0.31936,0.31982,0.31921,0.31962,222,27,0
1783083600,0.31958,0.32022,0.31925,0.31973,351,27,0
1783087200,0.31975,0.32022,0.31968,0.32003,278,27,0
1783090800,0.32006,0.32054,0.31977,0.32029,233,26,0
1783094400,0.32030,0.32097,0.32009,0.32083,223,27,0
1783098000,0.32076,0.32112,0.31985,0.32029,360,27,0
1783101600,0.32041,0.32109,0.32006,0.32044,342,27,0
1783105200,0.32051,0.32079,0.31997,0.32011,265,27,0
1783108800,0.32006,0.32061,0.32006,0.32035,172,26,0
1783112400,0.32039,0.32081,0.32026,0.32063,160,26,0
1783116000,0.32050,0.32112,0.32047,0.32104,179,26,0
1783119600,0.32099,0.32213,0.32099,0.32180,340,26,0
1783130400,0.32268,0.32345,0.32262,0.32329,212,26,0
1783134000,0.32333,0.32427,0.32331,0.32403,310,26,0
1783137600,0.32400,0.32400,0.32334,0.32351,329,26,0
1783141200,0.32352,0.32421,0.32333,0.32377,183,26,0
1783144800,0.32375,0.32391,0.32295,0.32377,239,26,0
1783148400,0.32370,0.32391,0.32324,0.32334,186,27,0
1783152000,0.32333,0.32351,0.32246,0.32260,253,26,0
1783155600,0.32264,0.32304,0.32239,0.32304,219,26,0
1783159200,0.32303,0.32372,0.32276,0.32369,207,26,0
1783162800,0.32368,0.32405,0.32348,0.32396,246,26,0
1783166400,0.32399,0.32447,0.32374,0.32444,178,26,0
1783170000,0.32451,0.32532,0.32420,0.32511,205,27,0
1783173600,0.32510,0.32546,0.32479,0.32544,255,26,0
1783177200,0.32540,0.32572,0.32476,0.32563,233,26,0
1783180800,0.32561,0.32624,0.32524,0.32552,260,26,0
1783184400,0.32556,0.32563,0.32516,0.32530,237,26,0
1783188000,0.32529,0.32584,0.32496,0.32559,344,26,0
1783191600,0.32556,0.32595,0.32530,0.32584,297,26,0
1783195200,0.32583,0.32612,0.32513,0.32574,249,26,0
1783198800,0.32578,0.32628,0.32565,0.32613,169,26,0
1783202400,0.32613,0.32622,0.32562,0.32617,179,26,0
1783206000,0.32617,0.32627,0.32562,0.32591,181,26,0
1783209600,0.32587,0.32611,0.32535,0.32566,365,27,0
1783213200,0.32565,0.32591,0.32522,0.32530,237,26,0
1783216800,0.32530,0.32531,0.32470,0.32498,216,26,0
1783220400,0.32501,0.32556,0.32484,0.32485,156,27,0
1783224000,0.32483,0.32491,0.32428,0.32482,230,27,0
1783227600,0.32482,0.32501,0.32396,0.32411,219,26,0
1783231200,0.32417,0.32448,0.32378,0.32422,241,27,0
1783234800,0.32426,0.32462,0.32409,0.32453,194,26,0
1783238400,0.32450,0.32501,0.32441,0.32461,191,27,0
1783242000,0.32461,0.32502,0.32437,0.32497,137,26,0
1783245600,0.32497,0.32501,0.32469,0.32477,91,26,0
1783249200,0.32491,0.32491,0.32465,0.32484,93,26,0
1783252800,0.32484,0.32505,0.32461,0.32480,95,26,0
1783256400,0.32481,0.32542,0.32465,0.32515,122,26,0
1783260000,0.32542,0.32581,0.32492,0.32575,177,26,0
1783263600,0.32577,0.32938,0.32577,0.32883,807,26,0
1783267200,0.32896,0.32910,0.32787,0.32820,403,27,0
1783270800,0.32826,0.32945,0.32826,0.32906,468,26,0
1783274400,0.32906,0.33010,0.32858,0.32903,619,27,0
1783278000,0.32919,0.32991,0.32793,0.32815,448,27,0
1783281600,0.32828,0.32836,0.32779,0.32802,259,26,0
1783285200,0.32806,0.32861,0.32801,0.32846,214,26,0
1783288800,0.32846,0.32851,0.32761,0.32809,202,27,0
1783292400,0.32813,0.32825,0.32756,0.32773,176,26,0
1783296000,0.32775,0.32842,0.32767,0.32795,302,26,0
1783299600,0.32797,0.32890,0.32792,0.32875,374,26,0
1783303200,0.32883,0.32922,0.32874,0.32919,196,26,0
1783306800,0.32923,0.32941,0.32830,0.32908,354,27,0
1783310400,0.32907,0.33004,0.32862,0.32980,296,26,0
1783314000,0.32979,0.33002,0.32937,0.32946,238,26,0
1783317600,0.32946,0.32947,0.32779,0.32861,331,26,0
1783321200,0.32862,0.32897,0.32821,0.32879,171,26,0
1783324800,0.32881,0.32931,0.32859,0.32916,258,26,0
1783328400,0.32920,0.32951,0.32827,0.32874,281,26,0
1783332000,0.32873,0.32876,0.32772,0.32773,281,27,0
1783335600,0.32770,0.32773,0.32663,0.32673,451,27,0
1783339200,0.32674,0.32730,0.32617,0.32662,353,27,0
1783342800,0.32658,0.32711,0.32645,0.32678,255,27,0
1783346400,0.32673,0.32774,0.32595,0.32753,365,26,0
1783350000,0.32752,0.32841,0.32650,0.32650,698,27,0
1783353600,0.32657,0.32766,0.32628,0.32728,561,27,0
1783357200,0.32723,0.32734,0.32672,0.32701,367,27,0
1783360800,0.32692,0.32754,0.32601,0.32730,527,26,0
1783364400,0.32729,0.32775,0.32667,0.32686,612,27,0
1783368000,0.32686,0.32889,0.32685,0.32877,367,27,0
1783371600,0.32878,0.32893,0.32810,0.32839,197,27,0
1783375200,0.32842,0.32871,0.32793,0.32822,260,27,0
1783378800,0.32823,0.32925,0.32813,0.32901,258,27,0
1783382400,0.32898,0.32966,0.32881,0.32929,524,26,0
1783386000,0.32932,0.32944,0.32864,0.32897,205,26,0
1783389600,0.32895,0.32961,0.32887,0.32953,199,26,0
1783393200,0.32948,0.32981,0.32921,0.32979,341,27,0
1783396800,0.32974,0.32974,0.32887,0.32894,273,27,0
1783400400,0.32896,0.32974,0.32894,0.32974,272,27,0
1783404000,0.32975,0.32980,0.32915,0.32966,234,26,0
1783407600,0.32968,0.33033,0.32948,0.33015,228,26,0
1783411200,0.33014,0.33067,0.32953,0.32980,304,27,0
1783414800,0.32982,0.33013,0.32884,0.32921,301,26,0
1783418400,0.32918,0.32951,0.32898,0.32916,198,26,0
1783422000,0.32919,0.32981,0.32864,0.32959,306,27,0
1783425600,0.32959,0.33062,0.32951,0.33061,306,27,0
1783429200,0.33052,0.33062,0.33007,0.33043,230,27,0
1783432800,0.33041,0.33083,0.32986,0.33083,294,27,0
1783436400,0.33083,0.33131,0.33018,0.33079,353,27,0
1783440000,0.33078,0.33101,0.33024,0.33099,295,27,0
1783443600,0.33097,0.33137,0.33041,0.33129,375,27,0
1783447200,0.33128,0.33202,0.33106,0.33147,341,27,0
1783450800,0.33145,0.33227,0.33077,0.33211,392,27,0
1783454400,0.33208,0.33292,0.33208,0.33229,267,26,0
1783458000,0.33226,0.33239,0.33158,0.33160,300,26,0
1783461600,0.33163,0.33174,0.33089,0.33152,313,26,0
1783465200,0.33155,0.33165,0.33088,0.33120,199,26,0
1783468800,0.33121,0.33165,0.33084,0.33125,335,26,0
1783472400,0.33124,0.33172,0.33096,0.33166,302,26,0
1783476000,0.33165,0.33188,0.33130,0.33139,193,26,0
1783479600,0.33134,0.33190,0.33132,0.33167,279,26,0
1783483200,0.33171,0.33171,0.33004,0.33012,484,27,0
1783486800,0.33014,0.33068,0.32921,0.33065,510,27,0
1783490400,0.33065,0.33069,0.33022,0.33040,264,27,0
1783494000,0.33040,0.33061,0.32931,0.32970,313,27,0
1783497600,0.32969,0.32981,0.32886,0.32909,339,27,0
1783501200,0.32906,0.32906,0.32859,0.32868,253,27,0
1783504800,0.32865,0.32949,0.32825,0.32937,304,26,0
1783508400,0.32934,0.32948,0.32736,0.32738,737,27,0
1783512000,0.32735,0.32778,0.32720,0.32721,343,26,0
1783515600,0.32723,0.32770,0.32717,0.32744,331,27,0
1783519200,0.32740,0.32749,0.32660,0.32724,389,27,0
1783522800,0.32719,0.32768,0.32702,0.32724,328,26,0
1783526400,0.32723,0.32825,0.32720,0.32806,486,27,0
1783530000,0.32807,0.32902,0.32805,0.32858,385,27,0
1783533600,0.32862,0.32874,0.32785,0.32823,403,27,0
1783537200,0.32823,0.32940,0.32823,0.32908,364,26,0
1783540800,0.32907,0.32964,0.32896,0.32934,283,26,0
1783544400,0.32938,0.33035,0.32912,0.33021,317,26,0
1783548000,0.33021,0.33029,0.32950,0.32973,242,26,0
1783551600,0.32972,0.33015,0.32930,0.32930,206,26,0
1783555200,0.32938,0.32981,0.32933,0.32962,243,26,0
1783558800,0.32960,0.32987,0.32916,0.32922,255,26,0
1783562400,0.32921,0.32924,0.32784,0.32813,275,26,0
1783566000,0.32817,0.32852,0.32772,0.32779,267,26,0
1783569600,0.32782,0.32895,0.32756,0.32775,468,27,0
1783573200,0.32777,0.32832,0.32745,0.32764,355,27,0
1783576800,0.32773,0.32901,0.32764,0.32897,396,26,0
1783580400,0.32900,0.33050,0.32875,0.33003,319,27,0
1783584000,0.33006,0.33102,0.33005,0.33099,399,26,0
1783587600,0.33098,0.33133,0.33060,0.33109,321,26,0
1783591200,0.33111,0.33163,0.33081,0.33154,306,26,0
1783594800,0.33150,0.33156,0.33052,0.33052,326,26,0
1783598400,0.33052,0.33131,0.33040,0.33103,189,26,0
1783602000,0.33106,0.33149,0.33081,0.33133,248,27,0
1783605600,0.33135,0.33145,0.33026,0.33057,264,27,0
1783609200,0.33051,0.33080,0.32998,0.33058,461,27,0
1783612800,0.33059,0.33149,0.33054,0.33100,307,27,0
1783616400,0.33098,0.33132,0.33055,0.33113,326,26,0
1783620000,0.33110,0.33162,0.33106,0.33106,312,26,0
1783623600,0.33102,0.33209,0.33099,0.33176,337,27,0
1783627200,0.33173,0.33236,0.33154,0.33181,439,26,0
1783630800,0.33183,0.33200,0.33138,0.33167,229,26,0
1783634400,0.33181,0.33191,0.33137,0.33148,208,26,0
1783638000,0.33151,0.33193,0.33144,0.33182,121,26,0
1783641600,0.33184,0.33231,0.33164,0.33204,216,26,0
1783645200,0.33206,0.33242,0.33199,0.33228,149,26,0
1783648800,0.33228,0.33241,0.33117,0.33186,191,26,0
1783652400,0.33195,0.33209,0.33117,0.33171,257,27,0
1783656000,0.33174,0.33201,0.33134,0.33143,312,26,0
1783659600,0.33141,0.33181,0.33116,0.33164,224,26,0
1783663200,0.33158,0.33158,0.33090,0.33116,234,26,0
1783666800,0.33115,0.33152,0.33110,0.33149,165,26,0
1783670400,0.33149,0.33315,0.33121,0.33290,370,26,0
1783674000,0.33291,0.33335,0.33178,0.33190,317,27,0
1783677600,0.33191,0.33211,0.32977,0.33012,442,26,0
1783681200,0.33004,0.33062,0.32987,0.33036,397,27,0
1783684800,0.33028,0.33047,0.32968,0.32970,291,26,0
1783688400,0.32978,0.33019,0.32907,0.32919,283,26,0
1783692000,0.32917,0.32961,0.32905,0.32922,201,26,0
1783695600,0.32921,0.33041,0.32913,0.33009,305,26,0
1783699200,0.33008,0.33095,0.32981,0.33056,360,26,0
1783702800,0.33052,0.33069,0.32971,0.33068,408,26,0
1783706400,0.33068,0.33091,0.33015,0.33050,277,27,0
1783710000,0.33049,0.33081,0.33024,0.33055,216,26,0
1783713600,0.33054,0.33054,0.32972,0.33008,194,27,0
1783717200,0.33008,0.33042,0.32965,0.33023,171,27,0
1783720800,0.33021,0.33101,0.32999,0.33058,198,27,0
1783724400,0.33060,0.33081,0.33009,0.33054,203,26,0
1783735200,0.33026,0.33052,0.32993,0.33013,166,26,0
1783738800,0.33015,0.33041,0.32976,0.33001,209,27,0
1783742400,0.33001,0.33032,0.32954,0.32960,181,27,0
1783746000,0.32958,0.33022,0.32949,0.33011,152,26,0
1783749600,0.32997,0.33011,0.32954,0.32974,117,26,0
1783753200,0.32974,0.33001,0.32950,0.33001,84,26,0
1783756800,0.33001,0.33001,0.32954,0.32974,110,26,0
1783760400,0.32953,0.33001,0.32949,0.33001,106,26,0
1783764000,0.33001,0.33001,0.32910,0.32914,170,26,0
1783767600,0.32914,0.32952,0.32843,0.32890,383,26,0
1783771200,0.32892,0.32961,0.32891,0.32944,229,26,0
1783774800,0.32942,0.32942,0.32903,0.32919,126,26,0
1783778400,0.32923,0.33072,0.32923,0.33034,197,26,0
1783782000,0.33043,0.33121,0.33043,0.33120,255,26,0
1783785600,0.33112,0.33141,0.33068,0.33120,233,26,0
1783789200,0.33122,0.33151,0.33106,0.33128,192,26,0
1783792800,0.33130,0.33171,0.33075,0.33114,324,26,0
1783796400,0.33113,0.33122,0.33044,0.33081,227,26,0
1783800000,0.33084,0.33122,0.33057,0.33106,141,26,0
1783803600,0.33104,0.33112,0.33072,0.33077,161,26,0
1783807200,0.33075,0.33102,0.33045,0.33071,140,26,0
1783810800,0.33059,0.33091,0.33047,0.33047,138,26,0
1783814400,0.33050,0.33101,0.33037,0.33063,173,26,0
1783818000,0.33064,0.33070,0.32987,0.33017,225,26,0
1783821600,0.33020,0.33022,0.32939,0.32947,249,27,0
1783825200,0.32945,0.32963,0.32913,0.32928,167,27,0
1783828800,0.32929,0.32981,0.32923,0.32947,177,26,0
1783832400,0.32948,0.32948,0.32911,0.32917,132,26,0
1783836000,0.32916,0.32984,0.32915,0.32984,221,26,0
1783839600,0.32982,0.33001,0.32944,0.32950,135,26,0
1783843200,0.32948,0.32971,0.32929,0.32961,167,26,0
1783846800,0.32959,0.32981,0.32929,0.32972,161,26,0
1783850400,0.32973,0.32991,0.32947,0.32971,177,26,0
1783854000,0.32958,0.32981,0.32928,0.32980,184,26,0
1783857600,0.32980,0.33031,0.32973,0.33008,205,26,0
1783861200,0.33008,0.33041,0.32996,0.33019,113,27,0
1783864800,0.33021,0.33189,0.33019,0.33130,277,26,0
1783868400,0.33132,0.33188,0.33107,0.33177,273,26,0
1783872000,0.33178,0.33202,0.33046,0.33053,241,26,0
1783875600,0.33055,0.33138,0.33053,0.33131,242,26,0
1783879200,0.33133,0.33174,0.33065,0.33082,236,27,0
1783882800,0.33084,0.33107,0.33028,0.33090,252,26,0
1783886400,0.33089,0.33132,0.33070,0.33102,205,26,0
1783890000,0.33105,0.33161,0.33099,0.33154,186,26,0
1783893600,0.33145,0.33162,0.33120,0.33145,172,27,0
1783897200,0.33146,0.33162,0.33098,0.33137,169,26,0
1783900800,0.33138,0.33154,0.33089,0.33131,282,26,0
1783904400,0.33127,0.33144,0.33076,0.33135,332,26,0
1783908000,0.33133,0.33135,0.33076,0.33110,252,27,0
1783911600,0.33110,0.33204,0.33076,0.33136,527,27,0
1783915200,0.33134,0.33157,0.33097,0.33105,318,26,0
1783918800,0.33103,0.33151,0.33069,0.33089,249,26,0
1783922400,0.33088,0.33097,0.32992,0.33015,616,27,0
1783926000,0.33021,0.33051,0.32997,0.33031,219,26,0
1783929600,0.33033,0.33071,0.32994,0.33041,249,26,0
1783933200,0.33040,0.33051,0.32932,0.32954,205,26,0
1783936800,0.32958,0.32983,0.32923,0.32954,238,26,0
1783940400,0.32959,0.33012,0.32923,0.32967,223,26,0
1783944000,0.32967,0.33041,0.32928,0.33000,268,26,0
1783947600,0.33001,0.33012,0.32565,0.32721,815,27,0
1783951200,0.32722,0.32763,0.32704,0.32716,332,27,0
1783954800,0.32713,0.32714,0.32592,0.32638,562,27,0
1783958400,0.32635,0.32653,0.32567,0.32576,604,27,0
1783962000,0.32579,0.32633,0.32551,0.32625,573,27,0
1783965600,0.32626,0.32631,0.32569,0.32580,330,26,0
1783969200,0.32581,0.32614,0.32529,0.32544,391,26,0
1783972800,0.32545,0.32592,0.32497,0.32533,497,27,0
1783976400,0.32532,0.32561,0.32490,0.32548,334,27,0
1783980000,0.32549,0.32580,0.32503,0.32554,379,26,0
1783983600,0.32541,0.32571,0.32510,0.32516,226,26,0
1783987200,0.32516,0.32591,0.32435,0.32452,340,26,0
1783990800,0.32448,0.32471,0.32367,0.32399,344,26,0
1783994400,0.32398,0.32472,0.32342,0.32408,405,26,0
1783998000,0.32407,0.32412,0.32333,0.32383,509,27,0
1784001600,0.32383,0.32432,0.32355,0.32403,326,27,0
1784005200,0.32406,0.32439,0.32377,0.32390,361,26,0
1784008800,0.32397,0.32488,0.32396,0.32484,399,27,0
1784012400,0.32490,0.32501,0.32447,0.32492,190,26,0
1784016000,0.32490,0.32539,0.32446,0.32463,531,27,0
1784019600,0.32461,0.32536,0.32442,0.32483,781,27,0
1784023200,0.32482,0.32493,0.32444,0.32481,234,27,0
1784026800,0.32480,0.32491,0.32434,0.32477,176,26,0
1784030400,0.32478,0.32511,0.32441,0.32452,232,27,0
1784034000,0.32453,0.32502,0.32439,0.32477,254,27,0
1784037600,0.32461,0.32541,0.32445,0.32531,274,26,0
1784041200,0.32532,0.32565,0.32468,0.32563,589,26,0
1784044800,0.32566,0.32566,0.32489,0.32521,541,27,0
1784048400,0.32519,0.32548,0.32464,0.32543,437,27,0
1784052000,0.32541,0.32621,0.32528,0.32538,533,27,0
1784055600,0.32542,0.32544,0.32451,0.32478,572,27,0
1784059200,0.32475,0.32551,0.32464,0.32518,297,26,0
1784062800,0.32515,0.32542,0.32465,0.32510,137,26,0
1784066400,0.32510,0.32541,0.32478,0.32531,129,26,0
1784070000,0.32531,0.32531,0.32476,0.32486,115,26,0
1784073600,0.32483,0.32531,0.32477,0.32504,148,26,0
1784077200,0.32504,0.32601,0.32479,0.32565,333,26,0
1784080800,0.32563,0.32592,0.32551,0.32562,225,27,0
1784084400,0.32563,0.32581,0.32536,0.32545,240,26,0
1784088000,0.32544,0.32602,0.32538,0.32559,215,26,0
1784091600,0.32559,0.32592,0.32525,0.32571,180,26,0
1784095200,0.32560,0.32691,0.32560,0.32675,270,27,0
1784098800,0.32680,0.32714,0.32624,0.32626,222,27,0
1784102400,0.32628,0.32672,0.32607,0.32654,273,26,0
1784106000,0.32653,0.32705,0.32633,0.32704,367,26,0
1784109600,0.32703,0.32783,0.32691,0.32739,379,26,0
1784113200,0.32741,0.32771,0.32711,0.32744,308,27,0
1784116800,0.32745,0.32805,0.32745,0.32798,212,26,0
1784120400,0.32799,0.32841,0.32767,0.32792,250,27,0
1784124000,0.32794,0.32819,0.32756,0.32779,264,27,0
1784127600,0.32780,0.32834,0.32754,0.32825,419,27,0
1784131200,0.32824,0.32857,0.32663,0.32700,606,27,0
1784134800,0.32708,0.32744,0.32679,0.32722,417,26,0
1784138400,0.32721,0.32748,0.32698,0.32732,376,27,0
1784142000,0.32734,0.32752,0.32320,0.32417,1665,27,0
1784145600,0.32416,0.32477,0.32381,0.32464,407,26,0
1784149200,0.32461,0.32491,0.32410,0.32434,275,26,0
1784152800,0.32428,0.32448,0.32367,0.32369,410,27,0
1784156400,0.32369,0.32502,0.32348,0.32438,353,26,0
1784160000,0.32440,0.32497,0.32385,0.32407,369,27,0
1784163600,0.32407,0.32462,0.32394,0.32416,247,26,0
1784167200,0.32427,0.32441,0.32396,0.32422,207,26,0
1784170800,0.32421,0.32432,0.32346,0.32390,333,26,0
1784174400,0.32390,0.32431,0.32385,0.32418,245,27,0
1784178000,0.32417,0.32471,0.32415,0.32468,156,26,0
1784181600,0.32468,0.32474,0.32275,0.32310,524,27,0
1784185200,0.32310,0.32392,0.32308,0.32360,245,26,0
1784188800,0.32360,0.32422,0.32349,0.32395,233,26,0
1784192400,0.32395,0.32461,0.32372,0.32430,241,26,0
1784196000,0.32432,0.32452,0.32356,0.32373,339,26,0
1784199600,0.32370,0.32384,0.32285,0.32317,525,27,0
1784203200,0.32313,0.32337,0.32257,0.32265,392,27,0
1784206800,0.32265,0.32313,0.32255,0.32298,234,26,0
1784210400,0.32300,0.32336,0.32273,0.32291,408,27,0
1784214000,0.32290,0.32321,0.32252,0.32290,323,27,0
1784217600,0.32291,0.32318,0.32224,0.32286,485,27,0
1784221200,0.32287,0.32332,0.32253,0.32282,490,26,0
1784224800,0.32284,0.32357,0.32266,0.32315,351,27,0
1784228400,0.32314,0.32314,0.32246,0.32276,312,27,0
1784232000,0.32272,0.32291,0.32232,0.32257,265,27,0
1784235600,0.32260,0.32301,0.32243,0.32267,200,26,0
1784239200,0.32268,0.32312,0.32256,0.32275,182,27,0
1784242800,0.32275,0.32332,0.32267,0.32293,205,26,0
1784246400,0.32293,0.32323,0.32274,0.32321,224,26,0
1784250000,0.32324,0.32351,0.32294,0.32309,208,26,0
1784253600,0.32308,0.32322,0.32253,0.32275,220,27,0
1784257200,0.32274,0.32304,0.32191,0.32304,405,26,0
1784260800,0.32299,0.32349,0.32241,0.32248,347,26,0
1784264400,0.32250,0.32270,0.32109,0.32136,318,27,0
1784268000,0.32149,0.32201,0.32119,0.32125,252,27,0
1784271600,0.32138,0.32191,0.32106,0.32161,256,26,0
1784275200,0.32167,0.32192,0.32128,0.32148,210,27,0
1784278800,0.32139,0.32200,0.32125,0.32179,269,26,0
1784282400,0.32175,0.32311,0.32080,0.32219,480,27,0
1784286000,0.32219,0.32239,0.32183,0.32205,292,26,0
1784289600,0.32201,0.32216,0.32172,0.32175,156,26,0
1784293200,0.32186,0.32221,0.32173,0.32209,201,26,0
1784296800,0.32207,0.32281,0.32193,0.32238,454,27,0
1784300400,0.32239,0.32264,0.32229,0.32235,492,26,0
1784304000,0.32236,0.32287,0.32223,0.32277,788,27,0
1784307600,0.32277,0.32318,0.32239,0.32257,559,27,0
1784311200,0.32258,0.32289,0.32233,0.32262,713,27,0
1784314800,0.32263,0.32311,0.32228,0.32271,524,26,0
1784318400,0.32273,0.32327,0.32267,0.32272,457,26,0
1784322000,0.32271,0.32290,0.32240,0.32266,404,27,0
1784325600,0.32275,0.32291,0.32222,0.32240,648,26,0
1784329200,0.32242,0.32281,0.32230,0.32275,456,27,0
1784340000,0.32248,0.32262,0.32229,0.32232,440,27,0
1784343600,0.32232,0.32257,0.32230,0.32254,360,26,0
1784347200,0.32254,0.32277,0.32231,0.32253,324,26,0
1784350800,0.32255,0.32271,0.32211,0.32231,278,26,0
1784354400,0.32231,0.32251,0.32178,0.32181,268,27,0
1784358000,0.32183,0.32201,0.32164,0.32165,228,26,0
1784361600,0.32167,0.32201,0.32154,0.32160,205,27,0
1784365200,0.32159,0.32181,0.32142,0.32171,140,26,0
1784368800,0.32176,0.32211,0.32163,0.32200,252,26,0
1784372400,0.32198,0.32316,0.32169,0.32301,442,26,0
1784376000,0.32301,0.32353,0.32259,0.32312,444,27,0
1784379600,0.32310,0.32370,0.32267,0.32271,512,27,0
1784383200,0.32272,0.32351,0.32256,0.32344,382,27,0
1784386800,0.32344,0.32352,0.32295,0.32334,345,27,0
1784390400,0.32330,0.32352,0.32299,0.32347,435,26,0
1784394000,0.32333,0.32391,0.32229,0.32262,696,27,0
1784397600,0.32266,0.32275,0.32184,0.32235,533,26,0
1784401200,0.32230,0.32306,0.32216,0.32270,496,27,0
1784404800,0.32269,0.32524,0.32214,0.32435,1186,27,0
1784408400,0.32444,0.32542,0.32444,0.32493,613,26,0
1784412000,0.32493,0.32564,0.32486,0.32549,808,27,0
1784415600,0.32550,0.32612,0.32550,0.32553,274,27,0
1784419200,0.32550,0.32573,0.32512,0.32514,1154,27,0
1784422800,0.32516,0.32591,0.32516,0.32553,550,27,0
1784426400,0.32552,0.32570,0.32542,0.32544,342,26,0
1784430000,0.32544,0.32610,0.32543,0.32583,300,27,0
1784433600,0.32575,0.32592,0.32546,0.32555,600,27,0
1784437200,0.32555,0.32605,0.32535,0.32540,428,26,0
1784440800,0.32540,0.32583,0.32538,0.32565,919,27,0
1784444400,0.32566,0.32591,0.32550,0.32561,719,27,0
1784448000,0.32561,0.32564,0.32527,0.32542,475,27,0
1784451600,0.32545,0.32547,0.32511,0.32526,841,27,0
1784455200,0.32528,0.32562,0.32496,0.32556,588,27,0
1784458800,0.32553,0.32642,0.32543,0.32581,476,27,0
1784462400,0.32583,0.32670,0.32565,0.32663,469,27,0
1784466000,0.32665,0.32714,0.32657,0.32696,679,27,0
1784469600,0.32697,0.32742,0.32680,0.32707,756,27,0
1784473200,0.32709,0.32762,0.32675,0.32706,830,26,0
1784476800,0.32706,0.32708,0.32666,0.32702,876,27,0
1784480400,0.32705,0.32707,0.32655,0.32683,695,27,0
1784484000,0.32681,0.32712,0.32671,0.32706,925,27,0
1784487600,0.32705,0.32717,0.32678,0.32693,925,27,0
1784491200,0.32695,0.32697,0.32647,0.32654,1132,27,0
1784494800,0.32655,0.32690,0.32612,0.32687,694,27,0
1784498400,0.32686,0.32691,0.32652,0.32665,943,27,0
1784502000,0.32663,0.32684,0.32638,0.32676,884,27,0
1784505600,0.32679,0.32699,0.32672,0.32694,719,27,0
1784509200,0.32695,0.32704,0.32652,0.32688,709,27,0
1784512800,0.32688,0.32707,0.32653,0.32653,520,26,0
1784516400,0.32653,0.32714,0.32628,0.32677,772,27,0
1784520000,0.32685,0.32722,0.32627,0.32653,507,27,0
1784523600,0.32652,0.32673,0.32607,0.32626,449,26,0
1784527200,0.32624,0.32627,0.32591,0.32627,442,27,0
1784530800,0.32626,0.32638,0.32607,0.32611,366,26,0
1784534400,0.32610,0.32629,0.32573,0.32621,509,27,0
1784538000,0.32625,0.32651,0.32582,0.32627,627,27,0
1784541600,0.32625,0.32626,0.32557,0.32590,494,27,0
1784545200,0.32591,0.32597,0.32503,0.32562,653,27,0
1784548800,0.32561,0.32612,0.32540,0.32571,507,27,0
1784552400,0.32573,0.32654,0.32548,0.32592,801,27,0
1784556000,0.32585,0.32621,0.32524,0.32601,826,27,0
1784559600,0.32595,0.32605,0.32534,0.32553,541,26,0
1784563200,0.32557,0.32600,0.32516,0.32523,729,27,0
1784566800,0.32509,0.32548,0.32496,0.32524,524,27,0
1784570400,0.32523,0.32585,0.32488,0.32536,733,27,0
1784574000,0.32540,0.32640,0.32538,0.32599,820,27,0
1784577600,0.32599,0.32649,0.32585,0.32622,357,27,0
1784581200,0.32623,0.32679,0.32613,0.32637,504,27,0
1784584800,0.32639,0.32671,0.32620,0.32663,426,26,0
1784588400,0.32664,0.32693,0.32639,0.32646,366,26,0
1784592000,0.32645,0.32678,0.32626,0.32640,564,27,0
1784595600,0.32641,0.32655,0.32619,0.32654,304,26,0
1784599200,0.32651,0.32672,0.32646,0.32666,306,26,0
1784602800,0.32665,0.32682,0.32614,0.32647,481,27,0
1784606400,0.32645,0.32655,0.32541,0.32591,312,26,0
1784610000,0.32595,0.32596,0.32559,0.32577,335,26,0
1784613600,0.32576,0.32594,0.32557,0.32572,393,26,0
1784617200,0.32570,0.32581,0.32550,0.32552,370,26,0
1784620800,0.32552,0.32602,0.32552,0.32589,415,26,0
1784624400,0.32590,0.32652,0.32581,0.32648,528,27,0
1784628000,0.32647,0.32662,0.32620,0.32642,656,27,0
1784631600,0.32652,0.32665,0.32606,0.32620,838,27,0
1784635200,0.32622,0.32661,0.32615,0.32661,626,27,0
1784638800,0.32661,0.32665,0.32626,0.32653,722,27,0
1784642400,0.32653,0.32762,0.32653,0.32720,628,27,0
1784646000,0.32722,0.32765,0.32721,0.32762,441,27,0
1784649600,0.32765,0.32892,0.32765,0.32861,315,26,0
1784653200,0.32861,0.32882,0.32821,0.32836,335,27,0
1784656800,0.32836,0.32859,0.32804,0.32843,593,26,0
1784660400,0.32843,0.32863,0.32799,0.32800,705,27,0
1784664000,0.32800,0.32842,0.32799,0.32803,600,27,0
1784667600,0.32804,0.33020,0.32804,0.32951,263,26,0
1784671200,0.32955,0.32986,0.32902,0.32914,716,27,0
1784674800,0.32910,0.32952,0.32909,0.32947,658,27,0
1784678400,0.32944,0.32959,0.32885,0.32889,894,26,0
1784682000,0.32890,0.32926,0.32876,0.32911,498,26,0
1784685600,0.32909,0.32953,0.32906,0.32944,363,26,0
1784689200,0.32949,0.32972,0.32900,0.32906,518,27,0
1784692800,0.32907,0.32926,0.32865,0.32912,345,26,0
1784696400,0.32911,0.32932,0.32885,0.32920,260,26,0
1784700000,0.32911,0.32919,0.32823,0.32862,550,26,0
1784703600,0.32868,0.32906,0.32864,0.32904,287,27,0
1784707200,0.32904,0.32910,0.32843,0.32868,708,27,0
1784710800,0.32870,0.32871,0.32840,0.32862,823,27,0
1784714400,0.32859,0.32893,0.32826,0.32892,701,27,0
1784718000,0.32893,0.32908,0.32856,0.32897,723,27,0
1784721600,0.32899,0.32954,0.32898,0.32950,636,27,0
1784725200,0.32950,0.33022,0.32947,0.33017,390,27,0
1784728800,0.33017,0.33051,0.32959,0.32978,971,27,0
1784732400,0.32979,0.33007,0.32921,0.32943,1190,27,0
1784736000,0.32943,0.32993,0.32921,0.32937,991,27,0
1784739600,0.32936,0.32955,0.32759,0.32800,1183,27,0
1784743200,0.32801,0.32836,0.32785,0.32811,584,26,0
1784746800,0.32812,0.32833,0.32783,0.32826,692,27,0
1784750400,0.32825,0.32848,0.32815,0.32829,382,27,0
1784754000,0.32829,0.32851,0.32804,0.32817,371,27,0
1784757600,0.32829,0.32841,0.32789,0.32820,372,26,0
1784761200,0.32817,0.32862,0.32814,0.32828,395,26,0
1784764800,0.32829,0.32848,0.32805,0.32815,395,27,0
1784768400,0.32817,0.32852,0.32806,0.32840,303,26,0
1784772000,0.32840,0.32877,0.32838,0.32868,402,27,0
1784775600,0.32866,0.32876,0.32831,0.32867,354,27,0
1784779200,0.32864,0.32899,0.32844,0.32898,401,26,0
1784782800,0.32900,0.32919,0.32894,0.32905,205,26,0
1784786400,0.32905,0.32905,0.32793,0.32830,445,27,0
1784790000,0.32828,0.32870,0.32812,0.32843,294,26,0
1784793600,0.32843,0.32867,0.32836,0.32855,274,27,0
1784797200,0.32890,0.32912,0.32865,0.32907,229,26,0
1784800800,0.32905,0.32942,0.32877,0.32892,353,26,0
1784804400,0.32893,0.32900,0.32682,0.32740,662,27,0
1784808000,0.32750,0.32781,0.32688,0.32695,585,27,0
1784811600,0.32698,0.32804,0.32695,0.32801,369,27,0
1784815200,0.32802,0.32813,0.32638,0.32705,731,27,0
1784818800,0.32702,0.32709,0.32591,0.32625,650,27,0
1784822400,0.32624,0.32646,0.32593,0.32626,517,27,0
1784826000,0.32625,0.32649,0.32596,0.32607,376,26,0
1784829600,0.32608,0.32647,0.32593,0.32623,336,26,0
1784833200,0.32618,0.32652,0.32572,0.32619,395,27,0
1784836800,0.32618,0.32676,0.32618,0.32651,348,26,0
1784840400,0.32650,0.32691,0.32646,0.32673,223,26,0
1784844000,0.32683,0.32705,0.32670,0.32694,308,27,0
1784847600,0.32694,0.32777,0.32686,0.32775,323,27,0
1784851200,0.32760,0.32851,0.32760,0.32815,774,27,0
1784854800,0.32820,0.32838,0.32808,0.32833,822,27,0
1784858400,0.32838,0.32871,0.32822,0.32858,341,26,0
1784862000,0.32859,0.32884,0.32840,0.32842,685,26,0
1784865600,0.32840,0.32864,0.32836,0.32856,360,26,0
1784869200,0.32859,0.32869,0.32784,0.32819,312,27,0
1784872800,0.32818,0.32889,0.32803,0.32887,368,27,0
1784876400,0.32875,0.32981,0.32875,0.32902,336,26,0
1784880000,0.32904,0.32962,0.32902,0.32962,421,26,0
1784883600,0.32963,0.33032,0.32941,0.33018,453,26,0
1784887200,0.33025,0.33121,0.33016,0.33115,471,26,0
1784890800,0.33118,0.33145,0.33057,0.33091,713,26,0
1784894400,0.33089,0.33115,0.33067,0.33094,581,27,0
1784898000,0.33093,0.33163,0.33090,0.33099,500,26,0
1784901600,0.33112,0.33155,0.33097,0.33121,530,26,0
1784905200,0.33122,0.33135,0.33071,0.33080,510,26,0
1784908800,0.33080,0.33081,0.32996,0.33028,811,26,0
1784912400,0.33031,0.33054,0.32983,0.33037,589,26,0
1784916000,0.33037,0.33065,0.32987,0.33002,876,27,0
1784919600,0.33005,0.33040,0.32995,0.33026,945,27,0
1784923200,0.33017,0.33043,0.32998,0.33042,798,27,0
1784926800,0.33043,0.33043,0.32997,0.33035,489,27,0
1784930400,0.33036,0.33226,0.33005,0.33205,649,26,0
1784934000,0.33207,0.33218,0.33052,0.33090,349,27,0
1784944800,0.33025,0.33062,0.33025,0.33060,274,26,0
1784948400,0.33051,0.33096,0.33037,0.33078,390,27,0
1784952000,0.33078,0.33122,0.33056,0.33093,299,26,0
1784955600,0.33092,0.33102,0.33065,0.33092,256,26,0
1784959200,0.33077,0.33088,0.32944,0.32990,475,27,0
1784962800,0.32991,0.33021,0.32935,0.32936,384,26,0
1784966400,0.32936,0.33001,0.32936,0.32976,256,26,0
1784970000,0.32974,0.32974,0.32918,0.32926,256,26,0
1784973600,0.32923,0.32955,0.32912,0.32941,337,27,0
1784977200,0.32930,0.32942,0.32897,0.32926,475,27,0
1784980800,0.32928,0.32981,0.32926,0.32950,513,27,0
1784984400,0.32950,0.32972,0.32940,0.32943,326,26,0
1784988000,0.32943,0.32991,0.32940,0.32965,346,26,0
1784991600,0.32965,0.32982,0.32960,0.32977,430,27,0
1784995200,0.32973,0.33001,0.32947,0.32957,381,26,0
1784998800,0.32955,0.32970,0.32931,0.32961,457,27,0
1785002400,0.32962,0.33002,0.32945,0.32987,291,26,0
1785006000,0.32987,0.33185,0.32957,0.33182,391,26,0
1785009600,0.33183,0.33320,0.33150,0.33232,487,26,0
1785013200,0.33232,0.33232,0.33071,0.33094,2229,27,0
1785016800,0.33095,0.33104,0.33032,0.33034,700,26,0
1785020400,0.33030,0.33059,0.33025,0.33051,286,26,0
1785024000,0.33050,0.33113,0.33038,0.33101,515,27,0
1785027600,0.33102,0.33152,0.33090,0.33152,307,26,0
1785031200,0.33141,0.33161,0.33107,0.33140,225,26,0
1785034800,0.33140,0.33152,0.33105,0.33139,171,26,0
1785038400,0.33152,0.33153,0.33091,0.33099,292,26,0
1785042000,0.33099,0.33114,0.33079,0.33090,280,26,0
1785045600,0.33088,0.33128,0.33063,0.33096,340,26,0
1785049200,0.33082,0.33125,0.33082,0.33104,239,26,0
1785052800,0.33104,0.33132,0.33086,0.33093,401,26,0
1785056400,0.33096,0.33132,0.33062,0.33116,378,26,0
1785060000,0.33115,0.33115,0.33063,0.33072,485,27,0
1785063600,0.33070,0.33073,0.33012,0.33068,576,27,0
1785067200,0.33068,0.33192,0.33065,0.33154,483,26,0
1785070800,0.33154,0.33224,0.33099,0.33208,437,27,0
1785074400,0.33210,0.33261,0.33187,0.33201,277,26,0
1785078000,0.33200,0.33261,0.33195,0.33236,328,26,0
1785081600,0.33236,0.33271,0.33222,0.33237,311,26,0
1785085200,0.33241,0.33246,0.33214,0.33242,370,26,0
1785088800,0.33245,0.33271,0.33239,0.33254,295,26,0
1785092400,0.33253,0.33291,0.33241,0.33291,385,27,0
1785096000,0.33291,0.33291,0.33218,0.33251,205,26,0
1785099600,0.33251,0.33251,0.33189,0.33211,230,26,0
1785103200,0.33209,0.33222,0.33172,0.33184,266,26,0
1785106800,0.33184,0.33192,0.33159,0.33173,231,26,0
1785110400,0.33174,0.33226,0.33160,0.33177,652,27,0
1785114000,0.33179,0.33222,0.33179,0.33192,389,26,0
1785117600,0.33193,0.33271,0.33144,0.33219,462,26,0
1785121200,0.33215,0.33225,0.33142,0.33167,333,27,0
1785124800,0.33165,0.33181,0.33131,0.33152,189,26,0
1785128400,0.33162,0.33162,0.33110,0.33119,178,26,0
1785132000,0.33118,0.33142,0.33099,0.33114,162,26,0
1785135600,0.33129,0.33162,0.33122,0.33146,149,26,0
1785139200,0.33144,0.33191,0.33121,0.33167,213,27,0
1785142800,0.33168,0.33201,0.33165,0.33168,184,27,0
1785146400,0.33166,0.33192,0.33116,0.33118,171,27,0
1785150000,0.33117,0.33142,0.33098,0.33133,164,26,0
1785153600,0.33133,0.33181,0.33114,0.33119,221,26,0
1785157200,0.33119,0.33141,0.33029,0.33040,184,27,0
1785160800,0.33039,0.33080,0.32977,0.33031,250,26,0
1785164400,0.33029,0.33101,0.33011,0.33072,261,26,0
1785168000,0.33070,0.33081,0.33005,0.33021,306,26,0
1785171600,0.33024,0.33042,0.32851,0.32857,472,27,0
1785175200,0.32856,0.32890,0.32845,0.32845,266,27,0
1785178800,0.32834,0.32862,0.32810,0.32839,240,26,0
1785182400,0.32839,0.32851,0.32820,0.32840,218,26,0
1785186000,0.32838,0.32852,0.32743,0.32782,314,27,0
1785189600,0.32782,0.32816,0.32751,0.32762,237,27,0
1785193200,0.32765,0.32787,0.32740,0.32749,275,26,0
1785196800,0.32750,0.32758,0.32706,0.32712,311,27,0
1785200400,0.32710,0.32712,0.32580,0.32583,384,26,0
1785204000,0.32579,0.32584,0.32454,0.32474,482,27,0
1785207600,0.32474,0.32474,0.32345,0.32348,762,27,0
1785211200,0.32348,0.32397,0.32258,0.32302,403,26,0
1785214800,0.32300,0.32392,0.32282,0.32348,282,27,0
1785218400,0.32364,0.32464,0.32358,0.32420,364,27,0
1785222000,0.32419,0.32481,0.32401,0.32421,232,26,0
1785225600,0.32421,0.32438,0.32394,0.32409,177,27,0
1785229200,0.32404,0.32512,0.32404,0.32501,272,26,0
1785232800,0.32503,0.32522,0.32445,0.32504,277,27,0
1785236400,0.32486,0.32587,0.32470,0.32550,359,26,0
1785240000,0.32555,0.32611,0.32537,0.32595,287,26,0
1785243600,0.32596,0.32605,0.32534,0.32571,266,26,0
1785247200,0.32572,0.32577,0.32452,0.32486,263,27,0
1785250800,0.32489,0.32532,0.32469,0.32509,264,26,0
1785254400,0.32509,0.32521,0.32423,0.32426,508,27,0
1785258000,0.32431,0.32465,0.32407,0.32413,297,26,0
1785261600,0.32412,0.32447,0.32395,0.32429,376,27,0
1785265200,0.32425,0.32425,0.32390,0.32413,426,26,0
1785268800,0.32416,0.32430,0.32387,0.32427,452,26,0
1785272400,0.32430,0.32461,0.32402,0.32415,170,26,0
1785276000,0.32413,0.32451,0.32393,0.32416,99,26,0
1785279600,0.32417,0.32442,0.32405,0.32410,89,26,0
1785283200,0.32411,0.32471,0.32402,0.32431,261,26,0
1785286800,0.32433,0.32456,0.32393,0.32410,276,27,0
1785290400,0.32413,0.32478,0.32389,0.32449,259,26,0
1785294000,0.32447,0.32501,0.32432,0.32475,375,26,0
1785297600,0.32473,0.32493,0.32404,0.32405,355,27,0
1785301200,0.32399,0.32502,0.32394,0.32479,236,26,0
1785304800,0.32478,0.32491,0.32432,0.32453,217,26,0
1785308400,0.32452,0.32501,0.32416,0.32481,223,26,0
1785312000,0.32480,0.32542,0.32478,0.32536,131,26,0
1785315600,0.32536,0.32592,0.32532,0.32578,193,26,0
1785319200,0.32577,0.32591,0.32549,0.32572,183,26,0
1785322800,0.32570,0.32612,0.32558,0.32561,190,26,0
1785326400,0.32561,0.32601,0.32547,0.32588,253,26,0
1785330000,0.32588,0.32642,0.32571,0.32599,282,26,0
1785333600,0.32599,0.32729,0.32599,0.32657,437,27,0
1785337200,0.32653,0.32712,0.32653,0.32700,235,26,0
1785340800,0.32700,0.32711,0.32629,0.32643,280,27,0
1785344400,0.32643,0.32661,0.32608,0.32651,285,26,0
1785348000,0.32651,0.32671,0.32600,0.32603,190,26,0
1785351600,0.32601,0.32644,0.32578,0.32644,350,27,0
1785355200,0.32646,0.32647,0.32581,0.32604,306,26,0
1785358800,0.32602,0.32638,0.32496,0.32529,454,26,0
1785362400,0.32530,0.32536,0.32491,0.32532,490,27,0
1785366000,0.32534,0.32581,0.32506,0.32519,249,26,0
1785369600,0.32518,0.32600,0.32505,0.32595,418,27,0
1785373200,0.32594,0.32594,0.32534,0.32566,357,26,0
1785376800,0.32566,0.32572,0.32520,0.32553,286,26,0
1785380400,0.32553,0.32585,0.32516,0.32549,319,26,0
1785384000,0.32549,0.32641,0.32516,0.32608,400,26,0
1785387600,0.32609,0.32614,0.32527,0.32527,257,26,0
1785391200,0.32528,0.32572,0.32526,0.32538,171,26,0
1785394800,0.32539,0.32591,0.32530,0.32574,198,26,0
1785398400,0.32574,0.32603,0.32553,0.32593,157,26,0
1785402000,0.32596,0.32692,0.32590,0.32662,226,27,0
1785405600,0.32666,0.32795,0.32652,0.32749,438,27,0
1785409200,0.32750,0.32773,0.32721,0.32749,434,26,0
1785412800,0.32748,0.32824,0.32743,0.32813,333,26,0
1785416400,0.32812,0.32837,0.32772,0.32824,266,27,0
1785420000,0.32827,0.32861,0.32821,0.32840,204,26,0
1785423600,0.32837,0.32891,0.32833,0.32860,350,27,0
1785427200,0.32860,0.32875,0.32766,0.32818,368,27,0
1785430800,0.32818,0.32847,0.32770,0.32839,290,27,0
1785434400,0.32837,0.32914,0.32827,0.32898,265,26,0
1785438000,0.32899,0.32946,0.32866,0.32909,243,26,0
1785441600,0.32912,0.32916,0.32823,0.32876,227,26,0
1785445200,0.32878,0.32912,0.32864,0.32891,193,27,0
1785448800,0.32891,0.32902,0.32837,0.32872,202,27,0
1785452400,0.32877,0.32901,0.32856,0.32873,241,26,0
1785456000,0.32876,0.32902,0.32858,0.32891,265,26,0
1785459600,0.32894,0.32895,0.32857,0.32861,167,27,0
1785463200,0.32863,0.32892,0.32818,0.32826,281,26,0
1785466800,0.32829,0.32873,0.32803,0.32829,319,26,0
1785470400,0.32831,0.32899,0.32826,0.32866,324,26,0
1785474000,0.32871,0.32891,0.32798,0.32805,224,27,0
1785477600,0.32803,0.32860,0.32758,0.32797,317,27,0
1785481200,0.32805,0.32852,0.32802,0.32829,173,26,0
1785484800,0.32829,0.32872,0.32814,0.32861,165,26,0
1785488400,0.32863,0.32881,0.32802,0.32820,213,26,0
1785492000,0.32816,0.32861,0.32807,0.32826,291,26,0
1785495600,0.32824,0.32877,0.32820,0.32839,289,27,0
1785499200,0.32838,0.32881,0.32732,0.32750,346,26,0
1785502800,0.32749,0.32759,0.32561,0.32643,510,26,0
1785506400,0.32647,0.32667,0.32615,0.32656,317,27,0
1785510000,0.32656,0.32683,0.32594,0.32666,382,26,0
1785513600,0.32671,0.32688,0.32623,0.32669,448,26,0
1785517200,0.32667,0.32677,0.32563,0.32575,739,27,0
1785520800,0.32575,0.32619,0.32566,0.32600,315,27,0
1785524400,0.32597,0.32651,0.32585,0.32648,310,26,0
1785528000,0.32624,0.32662,0.32618,0.32653,193,26,0
1785531600,0.32651,0.32651,0.32568,0.32598,346,27,0
1785535200,0.32600,0.32621,0.32579,0.32590,422,27,0
1785538800,0.32592,0.32628,0.32561,0.32569,363,27,0
1785549600,0.32608,0.32615,0.32547,0.32574,321,26,0
1785553200,0.32574,0.32642,0.32553,0.32624,493,27,0
1785556800,0.32621,0.32681,0.32620,0.32665,239,26,0
1785560400,0.32664,0.32722,0.32648,0.32696,239,26,0
1785564000,0.32696,0.32711,0.32631,0.32647,221,26,0
1785567600,0.32646,0.32692,0.32590,0.32590,199,27,0
1785571200,0.32591,0.32692,0.32460,0.32691,306,26,0
1785574800,0.32691,0.32762,0.32661,0.32755,274,26,0
1785578400,0.32755,0.32761,0.32690,0.32731,291,26,0
1785582000,0.32731,0.32761,0.32695,0.32754,223,26,0
1785585600,0.32756,0.32772,0.32723,0.32733,286,27,0
1785589200,0.32735,0.32811,0.32717,0.32772,251,26,0
1785592800,0.32775,0.32792,0.32735,0.32792,178,26,0
1785596400,0.32792,0.32802,0.32723,0.32796,207,26,0
1785600000,0.32796,0.32821,0.32768,0.32805,170,26,0
1785603600,0.32802,0.32832,0.32793,0.32794,179,26,0
1785607200,0.32800,0.32831,0.32789,0.32812,168,26,0
1785610800,0.32813,0.32904,0.32790,0.32890,357,27,0
1785614400,0.32890,0.32900,0.32821,0.32857,321,27,0
1785618000,0.32856,0.32859,0.32699,0.32741,515,26,0
1785621600,0.32740,0.32761,0.32696,0.32742,179,27,0
1785625200,0.32743,0.32752,0.32697,0.32732,201,26,0
1785628800,0.32722,0.32762,0.32708,0.32721,317,26,0
1785632400,0.32721,0.32761,0.32721,0.32745,200,26,0
1785636000,0.32749,0.32791,0.32747,0.32771,148,26,0
1785639600,0.32771,0.32846,0.32767,0.32780,301,27,0
1785643200,0.32787,0.32811,0.32771,0.32795,235,27,0
1785646800,0.32794,0.32843,0.32787,0.32804,323,26,0
1785650400,0.32802,0.32822,0.32790,0.32790,147,26,0
1785654000,0.32782,0.32811,0.32758,0.32794,213,27,0
1785657600,0.32793,0.32802,0.32752,0.32761,288,27,0
1785661200,0.32761,0.32832,0.32734,0.32806,191,26,0
1785664800,0.32807,0.32820,0.32780,0.32807,203,26,0
1785668400,0.32808,0.32810,0.32703,0.32714,330,26,0
1785672000,0.32708,0.32732,0.32602,0.32635,417,26,0
1785675600,0.32633,0.32649,0.32599,0.32627,172,27,0
1785679200,0.32625,0.32652,0.32611,0.32616,228,26,0
1785682800,0.32615,0.32645,0.32596,0.32621,253,27,0
1785686400,0.32623,0.32776,0.32618,0.32731,427,27,0
1785690000,0.32736,0.32771,0.32720,0.32742,283,26,0
1785693600,0.32742,0.32751,0.32687,0.32725,208,26,0
1785697200,0.32725,0.32771,0.32706,0.32736,194,26,0
1785700800,0.32737,0.32761,0.32707,0.32719,189,26,0
1785704400,0.32731,0.32746,0.32706,0.32722,216,26,0
1785708000,0.32722,0.32732,0.32699,0.32717,198,27,0
1785711600,0.32717,0.32733,0.32691,0.32693,295,26,0
1785715200,0.32698,0.32726,0.32679,0.32700,457,26,0
1785718800,0.32701,0.32707,0.32636,0.32643,481,26,0
1785722400,0.32645,0.32673,0.32628,0.32654,354,27,0
1785726000,0.32652,0.32659,0.32539,0.32601,707,27,0
1785729600,0.32599,0.32632,0.32573,0.32613,398,27,0
1785733200,0.32614,0.32642,0.32585,0.32609,192,26,0
1785736800,0.32610,0.32636,0.32558,0.32578,323,26,0
1785740400,0.32576,0.32621,0.32561,0.32574,208,26,0
1785744000,0.32573,0.32602,0.32563,0.32587,199,26,0
1785747600,0.32587,0.32612,0.32546,0.32565,269,27,0
1785751200,0.32563,0.32592,0.32508,0.32543,306,26,0
1785754800,0.32540,0.32612,0.32528,0.32599,623,27,0
1785758400,0.32600,0.32761,0.32597,0.32720,637,27,0
1785762000,0.32724,0.32802,0.32723,0.32761,431,26,0
1785765600,0.32762,0.32787,0.32731,0.32742,474,27,0
1785769200,0.32743,0.32761,0.32670,0.32725,612,26,0
1785772800,0.32724,0.32740,0.32677,0.32713,523,27,0
1785776400,0.32712,0.32835,0.32694,0.32816,473,27,0
1785780000,0.32819,0.32932,0.32816,0.32874,520,27,0
1785783600,0.32871,0.32948,0.32871,0.32905,397,26,0
1785787200,0.32906,0.32936,0.32847,0.32855,288,26,0
1785790800,0.32855,0.32888,0.32835,0.32870,352,26,0
1785794400,0.32868,0.32891,0.32858,0.32872,433,26,0
1785798000,0.32873,0.32902,0.32848,0.32865,385,27,0
1785801600,0.32866,0.32872,0.32823,0.32838,941,27,0
1785805200,0.32837,0.32873,0.32834,0.32862,466,26,0
1785808800,0.32862,0.32872,0.32841,0.32866,338,26,0
1785812400,0.32868,0.32921,0.32831,0.32856,655,27,0
1785816000,0.32857,0.32917,0.32857,0.32892,486,27,0
1785819600,0.32901,0.32916,0.32850,0.32892,513,26,0
1785823200,0.32890,0.32900,0.32852,0.32856,527,26,0
1785826800,0.32855,0.32900,0.32851,0.32856,565,27,0
1785830400,0.32856,0.32883,0.32821,0.32858,411,27,0
1785834000,0.32855,0.32883,0.32845,0.32853,660,27,0
1785837600,0.32853,0.32928,0.32843,0.32926,538,27,0
1785841200,0.32925,0.33001,0.32892,0.32994,933,27,0
1785844800,0.32987,0.33033,0.32895,0.32919,649,27,0
1785848400,0.32918,0.32935,0.32863,0.32883,699,27,0
1785852000,0.32884,0.32939,0.32869,0.32907,518,27,0
1785855600,0.32899,0.32997,0.32887,0.32971,292,27,0
1785859200,0.32971,0.32999,0.32927,0.32940,302,26,0
1785862800,0.32944,0.32954,0.32911,0.32924,280,27,0
1785866400,0.32926,0.32954,0.32689,0.32820,530,26,0
1785870000,0.32819,0.33106,0.32787,0.33102,721,27,0
1785873600,0.33103,0.33103,0.32909,0.32931,471,26,0
1785877200,0.32916,0.32920,0.32844,0.32844,392,27,0
1785880800,0.32865,0.32891,0.32832,0.32842,268,27,0
1785884400,0.32845,0.32867,0.32713,0.32739,611,27,0
1785888000,0.32735,0.32788,0.32706,0.32716,366,27,0
1785891600,0.32716,0.32728,0.32677,0.32714,232,26,0
1785895200,0.32713,0.32742,0.32677,0.32704,356,27,0
1785898800,0.32703,0.32707,0.32599,0.32611,558,26,0
1785902400,0.32610,0.32677,0.32610,0.32675,791,27,0
1785906000,0.32672,0.32701,0.32622,0.32622,405,27,0
1785909600,0.32620,0.32651,0.32611,0.32632,359,26,0
1785913200,0.32630,0.32674,0.32608,0.32674,217,26,0
1785916800,0.32673,0.32701,0.32643,0.32673,288,27,0
1785920400,0.32675,0.32699,0.32647,0.32694,257,26,0
1785924000,0.32689,0.32715,0.32661,0.32713,307,27,0
1785927600,0.32715,0.32812,0.32686,0.32803,399,26,0
1785931200,0.32801,0.32822,0.32765,0.32802,317,27,0
1785934800,0.32805,0.32849,0.32796,0.32838,237,26,0
1785938400,0.32838,0.32892,0.32808,0.32835,368,27,0
1785942000,0.32837,0.32855,0.32801,0.32835,432,27,0
1785945600,0.32837,0.32848,0.32777,0.32809,493,26,0
1785949200,0.32799,0.32832,0.32723,0.32753,495,26,0
1785952800,0.32757,0.32760,0.32691,0.32729,388,26,0
1785956400,0.32728,0.32796,0.32728,0.32792,324,27,0
1785960000,0.32794,0.32802,0.32761,0.32781,308,27,0
1785963600,0.32783,0.32808,0.32765,0.32781,317,26,0
1785967200,0.32780,0.32791,0.32757,0.32763,280,26,0
1785970800,0.32762,0.32786,0.32739,0.32746,357,26,0
1785974400,0.32745,0.32761,0.32731,0.32735,360,27,0
1785978000,0.32735,0.32756,0.32694,0.32704,237,26,0
1785981600,0.32706,0.32732,0.32687,0.32720,196,26,0
1785985200,0.32719,0.32734,0.32682,0.32733,265,26,0
1785988800,0.32722,0.32862,0.32722,0.32846,373,26,0
1785992400,0.32849,0.32871,0.32784,0.32811,273,27,0
1785996000,0.32800,0.32817,0.32681,0.32693,253,26,0
1785999600,0.32689,0.32721,0.32612,0.32636,309,27,0
1786003200,0.32626,0.32661,0.32554,0.32646,332,26,0
1786006800,0.32643,0.32684,0.32553,0.32657,366,26,0
1786010400,0.32664,0.32722,0.32650,0.32696,355,26,0
1786014000,0.32696,0.32696,0.32629,0.32669,459,26,0
1786017600,0.32671,0.32731,0.32664,0.32722,417,26,0
1786021200,0.32725,0.32741,0.32696,0.32726,186,27,0
1786024800,0.32731,0.32742,0.32665,0.32704,238,27,0
1786028400,0.32704,0.32722,0.32669,0.32680,218,27,0
1786032000,0.32679,0.32795,0.32668,0.32764,348,26,0
1786035600,0.32764,0.32792,0.32702,0.32725,384,26,0
1786039200,0.32725,0.32753,0.32710,0.32721,314,26,0
1786042800,0.32723,0.32755,0.32680,0.32682,410,26,0
1786046400,0.32683,0.32711,0.32643,0.32669,209,26,0
1786050000,0.32667,0.32708,0.32645,0.32701,245,26,0
1786053600,0.32696,0.32702,0.32653,0.32675,261,26,0
1786057200,0.32673,0.32702,0.32660,0.32660,289,27,0
1786060800,0.32662,0.32703,0.32654,0.32692,236,26,0
1786064400,0.32688,0.32731,0.32673,0.32718,255,26,0
1786068000,0.32718,0.32722,0.32683,0.32694,118,26,0
1786071600,0.32694,0.32732,0.32668,0.32676,239,26,0
1786075200,0.32670,0.32722,0.32660,0.32702,203,26,0
1786078800,0.32707,0.32730,0.32672,0.32691,220,26,0
1786082400,0.32703,0.32795,0.32689,0.32741,294,27,0
1786086000,0.32741,0.32782,0.32724,0.32736,220,26,0
1786089600,0.32736,0.32771,0.32610,0.32643,341,26,0
1786093200,0.32644,0.32691,0.32641,0.32667,223,27,0
1786096800,0.32667,0.32702,0.32641,0.32675,184,26,0
1786100400,0.32677,0.32701,0.32665,0.32691,126,26,0
1786104000,0.32690,0.32707,0.32614,0.32655,370,27,0
1786107600,0.32657,0.32691,0.32646,0.32691,166,26,0
1786111200,0.32680,0.32801,0.32636,0.32781,348,27,0
1786114800,0.32770,0.32803,0.32735,0.32743,508,26,0
1786118400,0.32741,0.32781,0.32731,0.32746,236,26,0
1786122000,0.32744,0.32792,0.32722,0.32769,292,27,0
1786125600,0.32773,0.32831,0.32710,0.32738,311,26,0
1786129200,0.32736,0.32789,0.32708,0.32734,391,26,0
1786132800,0.32739,0.32751,0.32702,0.32713,240,26,0
1786136400,0.32709,0.32732,0.32670,0.32728,208,27,0
1786140000,0.32728,0.32742,0.32687,0.32705,171,26,0
1786143600,0.32712,0.32722,0.32683,0.32704,179,26,0
1786154400,0.32730,0.32751,0.32721,0.32724,180,26,0
1786158000,0.32724,0.32769,0.32718,0.32748,475,27,0
1786161600,0.32749,0.32776,0.32727,0.32754,471,27,0
1786165200,0.32754,0.32771,0.32738,0.32754,254,26,0
1786168800,0.32761,0.32771,0.32743,0.32744,188,26,0
1786172400,0.32742,0.32753,0.32720,0.32731,198,26,0
1786176000,0.32729,0.32759,0.32690,0.32730,260,26,0
1786179600,0.32731,0.32742,0.32695,0.32717,206,26,0
1786183200,0.32713,0.32732,0.32693,0.32712,168,26,0
1786186800,0.32710,0.32771,0.32694,0.32732,190,26,0
1786190400,0.32724,0.32788,0.32719,0.32784,230,26,0
1786194000,0.32789,0.32930,0.32786,0.32868,485,26,0
1786197600,0.32870,0.32914,0.32821,0.32861,244,26,0
1786201200,0.32859,0.32912,0.32841,0.32848,304,26,0
1786204800,0.32849,0.32891,0.32849,0.32852,231,26,0
1786208400,0.32852,0.32858,0.32810,0.32830,436,27,0
1786212000,0.32829,0.32877,0.32813,0.32863,295,27,0
1786215600,0.32863,0.32882,0.32831,0.32859,222,26,0
1786219200,0.32855,0.32881,0.32832,0.32848,279,26,0
1786222800,0.32850,0.32872,0.32844,0.32860,351,26,0
1786226400,0.32853,0.32873,0.32845,0.32857,258,26,0
1786230000,0.32854,0.32872,0.32846,0.32849,205,26,0
1786233600,0.32848,0.32862,0.32845,0.32848,346,26,0
1786237200,0.32850,0.32882,0.32842,0.32871,269,27,0
1786240800,0.32867,0.32912,0.32853,0.32881,236,26,0
1786244400,0.32882,0.32910,0.32862,0.32877,262,26,0
1786248000,0.32912,0.32981,0.32912,0.32939,183,26,0
1786251600,0.32952,0.32971,0.32937,0.32947,134,26,0
1786255200,0.32947,0.32991,0.32947,0.32963,145,26,0
1786258800,0.32961,0.32999,0.32961,0.32967,173,27,0
1786262400,0.32972,0.33012,0.32972,0.33008,213,27,0
1786266000,0.33011,0.33022,0.32948,0.32958,260,26,0
1786269600,0.32961,0.32972,0.32918,0.32924,285,26,0
1786273200,0.32935,0.32962,0.32901,0.32931,593,27,0
1786276800,0.32931,0.32954,0.32917,0.32944,371,27,0
1786280400,0.32944,0.32957,0.32896,0.32934,647,26,0
1786284000,0.32930,0.32973,0.32920,0.32971,153,26,0
1786287600,0.32954,0.32982,0.32951,0.32964,143,26,0
1786291200,0.32965,0.33002,0.32946,0.32957,211,26,0
1786294800,0.32959,0.33002,0.32956,0.32964,223,26,0
1786298400,0.32964,0.32980,0.32949,0.32962,583,27,0
1786302000,0.32965,0.32981,0.32934,0.32944,349,27,0
1786305600,0.32948,0.32992,0.32943,0.32972,180,27,0
1786309200,0.32972,0.32981,0.32938,0.32959,149,26,0
1786312800,0.32958,0.32971,0.32932,0.32961,116,27,0
1786316400,0.32962,0.32981,0.32945,0.32947,152,26,0
1786320000,0.32947,0.32955,0.32920,0.32943,382,26,0
1786323600,0.32947,0.32986,0.32929,0.32930,316,27,0
1786327200,0.32929,0.32971,0.32926,0.32945,252,27,0
1786330800,0.32949,0.33073,0.32927,0.33019,404,26,0
1786334400,0.33014,0.33062,0.33006,0.33020,294,27,0
1786338000,0.33018,0.33024,0.32984,0.33004,231,26,0
1786341600,0.33004,0.33015,0.32952,0.32959,309,26,0
1786345200,0.32956,0.32988,0.32953,0.32977,249,27,0
1786348800,0.32966,0.33002,0.32950,0.32975,308,26,0
1786352400,0.32974,0.32994,0.32937,0.32947,312,26,0
1786356000,0.32944,0.32991,0.32931,0.32975,275,27,0
1786359600,0.32975,0.33052,0.32941,0.33025,401,27,0
1786363200,0.33023,0.33051,0.33003,0.33016,239,26,0
1786366800,0.33017,0.33152,0.33015,0.33152,196,27,0
1786370400,0.33152,0.33152,0.33099,0.33117,160,26,0
1786374000,0.33113,0.33172,0.33113,0.33172,157,26,0
1786377600,0.33169,0.33172,0.33020,0.33036,223,26,0
1786381200,0.33048,0.33112,0.33048,0.33074,393,26,0
1786384800,0.33078,0.33100,0.33043,0.33046,308,27,0
1786388400,0.33041,0.33098,0.33039,0.33074,346,27,0
1786392000,0.33075,0.33114,0.33054,0.33096,185,27,0
1786395600,0.33101,0.33112,0.33044,0.33077,244,26,0
1786399200,0.33079,0.33101,0.33038,0.33048,244,27,0
1786402800,0.33042,0.33091,0.33038,0.33057,189,26,0
1786406400,0.33056,0.33091,0.33048,0.33064,176,26,0
1786410000,0.33066,0.33082,0.33003,0.33041,217,26,0
1786413600,0.33041,0.33071,0.33002,0.33042,147,26,0
1786417200,0.33040,0.33092,0.33038,0.33075,279,27,0
1786420800,0.33074,0.33121,0.33061,0.33090,294,27,0
1786424400,0.33093,0.33113,0.33066,0.33110,169,26,0
1786428000,0.33110,0.33112,0.33062,0.33106,152,26,0
1786431600,0.33105,0.33161,0.33104,0.33134,152,26,0
1786435200,0.33133,0.33171,0.33124,0.33134,136,26,0
1786438800,0.33136,0.33162,0.33116,0.33139,166,26,0
1786442400,0.33140,0.33199,0.33124,0.33176,206,27,0
1786446000,0.33179,0.33202,0.33107,0.33179,276,27,0
1786449600,0.33178,0.33470,0.33170,0.33457,983,27,0
1786453200,0.33466,0.33740,0.33464,0.33602,1661,27,0
1786456800,0.33602,0.33652,0.33562,0.33622,670,27,0
1786460400,0.33627,0.33695,0.33540,0.33596,433,27,0
1786464000,0.33589,0.33631,0.33499,0.33546,623,26,0
1786467600,0.33546,0.33631,0.33455,0.33468,810,27,0
1786471200,0.33469,0.33511,0.33400,0.33458,710,27,0
1786474800,0.33463,0.33505,0.33411,0.33442,663,27,0
1786478400,0.33436,0.33483,0.33429,0.33478,302,26,0
1786482000,0.33482,0.33523,0.33455,0.33502,445,27,0
1786485600,0.33497,0.33511,0.33466,0.33501,229,26,0
1786489200,0.33502,0.33522,0.33478,0.33501,229,26,0
1786492800,0.33500,0.33548,0.33479,0.33494,504,26,0
1786496400,0.33497,0.33530,0.33477,0.33479,256,27,0
1786500000,0.33480,0.33502,0.33465,0.33488,195,26,0
1786503600,0.33489,0.33551,0.33461,0.33470,416,27,0
1786507200,0.33472,0.33485,0.33405,0.33456,281,26,0
1786510800,0.33455,0.33461,0.33408,0.33410,137,26,0
1786514400,0.33412,0.33423,0.33317,0.33416,425,27,0
1786518000,0.33416,0.33442,0.33397,0.33424,215,27,0
1786521600,0.33421,0.33519,0.33398,0.33512,293,26,0
1786525200,0.33514,0.33624,0.33485,0.33618,610,27,0
1786528800,0.33618,0.33648,0.33551,0.33596,547,27,0
1786532400,0.33596,0.33611,0.33548,0.33605,380,26,0
1786536000,0.33604,0.33644,0.33581,0.33589,507,27,0
1786539600,0.33589,0.33721,0.33589,0.33664,364,26,0
1786543200,0.33665,0.33732,0.33656,0.33671,214,26,0
1786546800,0.33668,0.33670,0.33571,0.33603,547,27,0
1786550400,0.33602,0.33615,0.33557,0.33579,310,27,0
1786554000,0.33579,0.33595,0.33518,0.33522,366,27,0
1786557600,0.33523,0.33601,0.33517,0.33570,416,26,0
1786561200,0.33572,0.33601,0.33519,0.33556,303,26,0
1786564800,0.33558,0.33611,0.33550,0.33601,246,26,0
1786568400,0.33601,0.33612,0.33553,0.33559,237,27,0
1786572000,0.33563,0.33581,0.33522,0.33538,261,26,0
1786575600,0.33539,0.33591,0.33536,0.33548,221,26,0
1786579200,0.33546,0.33579,0.33533,0.33538,451,26,0
1786582800,0.33537,0.33582,0.33531,0.33542,247,26,0
1786586400,0.33541,0.33611,0.33539,0.33601,275,26,0
1786590000,0.33601,0.33635,0.33525,0.33563,388,27,0
1786593600,0.33555,0.33632,0.33530,0.33570,272,26,0
1786597200,0.33578,0.33612,0.33572,0.33601,212,26,0
1786600800,0.33590,0.33601,0.33538,0.33578,335,27,0
1786604400,0.33577,0.33606,0.33545,0.33549,297,26,0
1786608000,0.33549,0.33727,0.33532,0.33727,306,27,0
1786611600,0.33725,0.33817,0.33697,0.33729,515,27,0
1786615200,0.33730,0.33771,0.33667,0.33672,412,27,0
1786618800,0.33676,0.33717,0.33547,0.33551,760,27,0
1786622400,0.33546,0.33555,0.33351,0.33352,500,26,0
1786626000,0.33388,0.33422,0.33334,0.33353,325,26,0
1786629600,0.33352,0.33391,0.33331,0.33365,205,27,0
1786633200,0.33357,0.33432,0.33353,0.33404,261,26,0
1786636800,0.33406,0.33442,0.33386,0.33437,267,27,0
1786640400,0.33436,0.33481,0.33422,0.33460,357,26,0
1786644000,0.33458,0.33471,0.33393,0.33414,271,26,0
1786647600,0.33406,0.33449,0.33363,0.33377,451,27,0
1786651200,0.33381,0.33441,0.33341,0.33355,221,26,0
1786654800,0.33370,0.33383,0.33292,0.33340,301,27,0
1786658400,0.33337,0.33386,0.33326,0.33376,224,27,0
1786662000,0.33379,0.33432,0.33358,0.33400,190,27,0
1786665600,0.33403,0.33422,0.33384,0.33404,309,26,0
1786669200,0.33400,0.33452,0.33400,0.33418,258,26,0
1786672800,0.33418,0.33451,0.33384,0.33430,124,26,0
1786676400,0.33431,0.33438,0.33388,0.33400,332,26,0
1786680000,0.33407,0.33451,0.33404,0.33416,173,26,0
1786683600,0.33419,0.33442,0.33412,0.33426,176,26,0
1786687200,0.33428,0.33442,0.33347,0.33353,283,26,0
1786690800,0.33351,0.33412,0.33351,0.33402,197,26,0
1786694400,0.33412,0.33442,0.33373,0.33375,186,26,0
1786698000,0.33368,0.33392,0.33332,0.33363,273,27,0
1786701600,0.33363,0.33449,0.33359,0.33391,277,27,0
1786705200,0.33392,0.33411,0.33285,0.33336,379,26,0
1786708800,0.33336,0.33362,0.33297,0.33326,216,26,0
1786712400,0.33328,0.33351,0.33308,0.33319,251,26,0
1786716000,0.33319,0.33368,0.33270,0.33301,409,27,0
1786719600,0.33299,0.33332,0.33271,0.33318,349,27,0
1786723200,0.33316,0.33316,0.33210,0.33228,381,27,0
1786726800,0.33226,0.33301,0.33211,0.33249,240,26,0
1786730400,0.33247,0.33288,0.33204,0.33212,251,27,0
1786734000,0.33211,0.33217,0.33133,0.33212,401,26,0
1786737600,0.33215,0.33246,0.33198,0.33226,324,26,0
1786741200,0.33226,0.33281,0.33223,0.33250,226,26,0
1786744800,0.33249,0.33276,0.33240,0.33266,223,26,0
1786748400,0.33271,0.33272,0.33247,0.33264,108,26,0
1786759200,0.33247,0.33268,0.33238,0.33245,275,26,0
1786762800,0.33245,0.33251,0.33159,0.33207,511,26,0
1786766400,0.33210,0.33253,0.33203,0.33252,209,26,0
1786770000,0.33253,0.33293,0.33245,0.33280,708,27,0
1786773600,0.33280,0.33310,0.33270,0.33284,265,26,0
1786777200,0.33286,0.33312,0.33258,0.33263,246,26,0
1786780800,0.33263,0.33263,0.33206,0.33226,255,26,0
1786784400,0.33226,0.33247,0.33219,0.33246,421,26,0
1786788000,0.33245,0.33271,0.33218,0.33226,346,26,0
1786791600,0.33233,0.33233,0.33199,0.33208,373,27,0
1786795200,0.33207,0.33222,0.33198,0.33199,384,26,0
1786798800,0.33201,0.33201,0.33121,0.33184,498,27,0
1786802400,0.33181,0.33181,0.33045,0.33091,428,26,0
1786806000,0.33083,0.33181,0.33049,0.33084,244,26,0
1786809600,0.33084,0.33112,0.33075,0.33083,345,27,0
1786813200,0.33082,0.33116,0.33072,0.33086,534,27,0
1786816800,0.33085,0.33131,0.33085,0.33114,413,26,0
1786820400,0.33109,0.33224,0.33109,0.33182,460,27,0
1786824000,0.33180,0.33193,0.33148,0.33158,419,26,0
1786827600,0.33157,0.33192,0.33127,0.33158,353,26,0
1786831200,0.33161,0.33183,0.33129,0.33139,348,26,0
1786834800,0.33138,0.33144,0.33115,0.33120,221,26,0
1786838400,0.33119,0.33142,0.33113,0.33117,353,27,0
1786842000,0.33117,0.33131,0.33109,0.33122,421,26,0
1786845600,0.33122,0.33127,0.33086,0.33096,277,27,0
1786849200,0.33096,0.33107,0.33080,0.33082,282,27,0
1786852800,0.33069,0.33106,0.33061,0.33106,310,26,0
1786856400,0.33106,0.33118,0.33089,0.33094,267,26,0
1786860000,0.33094,0.33103,0.33057,0.33061,355,27,0
1786863600,0.33065,0.33092,0.33060,0.33079,214,26,0
1786867200,0.33080,0.33110,0.33067,0.33071,217,27,0
1786870800,0.33069,0.33094,0.33067,0.33075,267,26,0
1786874400,0.33076,0.33102,0.33065,0.33077,288,27,0
1786878000,0.33077,0.33091,0.33051,0.33075,255,26,0
1786881600,0.33078,0.33097,0.33070,0.33092,547,26,0
1786885200,0.33093,0.33115,0.33089,0.33099,147,26,0
1786888800,0.33101,0.33147,0.33097,0.33141,218,26,0
1786892400,0.33139,0.33164,0.33133,0.33152,144,26,0
1786896000,0.33152,0.33176,0.33118,0.33127,305,27,0
1786899600,0.33130,0.33164,0.33105,0.33142,277,26,0
1786903200,0.33142,0.33174,0.33139,0.33167,315,26,0
1786906800,0.33168,0.33204,0.33158,0.33190,357,26,0
1786910400,0.33192,0.33221,0.33175,0.33185,300,26,0
1786914000,0.33181,0.33195,0.33161,0.33161,292,27,0
1786917600,0.33161,0.33173,0.33132,0.33143,293,27,0
1786921200,0.33145,0.33166,0.33122,0.33136,359,27,0
1786924800,0.33137,0.33152,0.33108,0.33109,472,27,0
1786928400,0.33110,0.33119,0.33076,0.33101,483,26,0
1786932000,0.33102,0.33109,0.33073,0.33088,464,26,0
1786935600,0.33088,0.33112,0.33079,0.33093,326,26,0
1786939200,0.33086,0.33241,0.33086,0.33197,352,26,0
1786942800,0.33198,0.33230,0.33182,0.33212,309,27,0
1786946400,0.33214,0.33231,0.33194,0.33217,186,26,0
1786950000,0.33219,0.33234,0.33194,0.33226,262,26,0
1786953600,0.33225,0.33251,0.33202,0.33227,306,26,0
1786957200,0.33225,0.33272,0.33215,0.33256,344,26,0
1786960800,0.33257,0.33277,0.33230,0.33249,324,26,0
1786964400,0.33256,0.33283,0.33249,0.33273,312,26,0
1786968000,0.33270,0.33337,0.33261,0.33282,412,27,0
1786971600,0.33286,0.33299,0.33204,0.33243,350,27,0
1786975200,0.33245,0.33254,0.33199,0.33207,314,27,0
1786978800,0.33211,0.33223,0.33142,0.33164,353,27,0
1786982400,0.33164,0.33183,0.33144,0.33172,335,26,0
1786986000,0.33170,0.33170,0.33128,0.33135,461,27,0
1786989600,0.33134,0.33156,0.32922,0.32932,626,27,0
1786993200,0.32928,0.33126,0.32792,0.33126,495,26,0
1786996800,0.33124,0.33124,0.32982,0.33063,581,27,0
1787000400,0.33062,0.33112,0.33052,0.33076,341,26,0
1787004000,0.33075,0.33112,0.33063,0.33109,330,26,0
1787007600,0.33105,0.33122,0.33087,0.33104,297,27,0
1787011200,0.33102,0.33116,0.33087,0.33104,327,26,0
1787014800,0.33106,0.33121,0.33076,0.33110,289,27,0
1787018400,0.33107,0.33141,0.33084,0.33096,258,26,0
1787022000,0.33096,0.33121,0.33070,0.33086,384,27,0
1787025600,0.33085,0.33101,0.33073,0.33084,249,26,0
1787029200,0.33084,0.33140,0.33046,0.33094,385,26,0
1787032800,0.33103,0.33217,0.33097,0.33155,511,26,0
1787036400,0.33159,0.33174,0.33127,0.33171,252,27,0
1787040000,0.33171,0.33182,0.33128,0.33135,251,26,0
1787043600,0.33136,0.33271,0.33127,0.33271,217,26,0
1787047200,0.33281,0.33362,0.33281,0.33313,189,26,0
1787050800,0.33309,0.33328,0.33226,0.33240,270,26,0
1787054400,0.33236,0.33291,0.33236,0.33273,389,26,0
1787058000,0.33273,0.33309,0.33204,0.33238,536,26,0
1787061600,0.33262,0.33296,0.33223,0.33250,318,26,0
1787065200,0.33250,0.33255,0.33208,0.33238,445,27,0
1787068800,0.33235,0.33258,0.33186,0.33218,440,26,0
1787072400,0.33216,0.33248,0.33196,0.33199,535,26,0
1787076000,0.33201,0.33258,0.33083,0.33171,528,26,0
1787079600,0.33170,0.33464,0.33169,0.33453,548,27,0
1787083200,0.33452,0.33504,0.33346,0.33366,487,27,0
1787086800,0.33366,0.33384,0.33325,0.33333,453,26,0
1787090400,0.33334,0.33334,0.33272,0.33279,573,26,0
1787094000,0.33278,0.33290,0.33251,0.33258,550,27,0
1787097600,0.33260,0.33300,0.33252,0.33276,574,26,0
1787101200,0.33280,0.33307,0.33246,0.33255,437,27,0
1787104800,0.33256,0.33273,0.33244,0.33248,262,26,0
1787108400,0.33249,0.33294,0.33160,0.33238,506,27,0
1787112000,0.33238,0.33252,0.33203,0.33237,347,27,0
1787115600,0.33233,0.33241,0.33184,0.33187,274,27,0
1787119200,0.33187,0.33292,0.33176,0.33276,253,26,0
1787122800,0.33277,0.33291,0.33242,0.33269,181,26,0
1787126400,0.33271,0.33302,0.33254,0.33273,266,26,0
1787130000,0.33273,0.33311,0.33271,0.33298,181,26,0
1787133600,0.33294,0.33332,0.33267,0.33313,310,26,0
1787137200,0.33308,0.33315,0.33271,0.33282,289,27,0
1787140800,0.33281,0.33301,0.33254,0.33268,330,27,0
1787144400,0.33274,0.33292,0.33225,0.33235,396,26,0
1787148000,0.33235,0.33242,0.33215,0.33227,167,26,0
1787151600,0.33231,0.33264,0.33186,0.33216,310,26,0
1787155200,0.33213,0.33263,0.33200,0.33222,303,26,0
1787158800,0.33223,0.33266,0.33183,0.33241,433,27,0
1787162400,0.33239,0.33385,0.33213,0.33333,954,27,0
1787166000,0.33336,0.33371,0.33313,0.33342,458,27,0
1787169600,0.33339,0.33351,0.33222,0.33239,472,27,0
1787173200,0.33237,0.33237,0.33114,0.33184,521,27,0
1787176800,0.33172,0.33210,0.33146,0.33183,402,27,0
1787180400,0.33183,0.33330,0.33176,0.33309,532,26,0
1787184000,0.33309,0.33380,0.33270,0.33378,1088,27,0
1787187600,0.33369,0.33389,0.33272,0.33360,591,27,0
1787191200,0.33360,0.33463,0.33357,0.33463,444,27,0
1787194800,0.33472,0.33484,0.33401,0.33422,292,27,0
1787198400,0.33423,0.33427,0.33352,0.33352,335,27,0
1787202000,0.33352,0.33384,0.33339,0.33341,234,27,0
1787205600,0.33338,0.33338,0.33187,0.33188,514,27,0
1787209200,0.33187,0.33252,0.33179,0.33237,164,26,0
1787212800,0.33237,0.33311,0.33200,0.33293,191,26,0
1787216400,0.33299,0.33327,0.33280,0.33304,216,26,0
1787220000,0.33306,0.33391,0.33303,0.33387,334,27,0
1787223600,0.33391,0.33471,0.33378,0.33448,577,27,0
1787227200,0.33448,0.33502,0.33426,0.33450,356,27,0
1787230800,0.33447,0.33735,0.33427,0.33615,928,27,0
1787234400,0.33626,0.33769,0.33626,0.33707,693,27,0
1787238000,0.33700,0.33782,0.33646,0.33736,646,27,0
1787241600,0.33739,0.33890,0.33727,0.33786,754,27,0
1787245200,0.33790,0.33909,0.33764,0.33818,360,27,0
1787248800,0.33818,0.33868,0.33790,0.33834,434,27,0
1787252400,0.33844,0.33980,0.33837,0.33954,641,27,0
1787256000,0.33951,0.34029,0.33855,0.33878,511,27,0
1787259600,0.33878,0.33918,0.33841,0.33871,376,27,0
1787263200,0.33869,0.33963,0.33851,0.33928,276,27,0
1787266800,0.33931,0.34021,0.33920,0.34007,241,26,0
1787270400,0.34006,0.34013,0.33929,0.33944,252,26,0
1787274000,0.33945,0.33998,0.33924,0.33942,227,26,0
1787277600,0.33946,0.33996,0.33680,0.33709,613,27,0
1787281200,0.33706,0.33855,0.33699,0.33793,633,27,0
1787284800,0.33790,0.33835,0.33767,0.33781,578,27,0
1787288400,0.33778,0.33802,0.33755,0.33789,304,26,0
1787292000,0.33794,0.33832,0.33782,0.33803,218,27,0
1787295600,0.33798,0.33816,0.33743,0.33771,199,26,0
1787299200,0.33771,0.33800,0.33747,0.33799,216,26,0
1787302800,0.33795,0.33820,0.33782,0.33802,269,26,0
1787306400,0.33807,0.33910,0.33805,0.33895,524,27,0
1787310000,0.33900,0.34024,0.33874,0.34020,735,26,0
1787313600,0.34019,0.34172,0.33923,0.34115,1266,27,0
1787317200,0.34115,0.34143,0.33979,0.34009,670,27,0
1787320800,0.34010,0.34010,0.33899,0.33991,592,27,0
1787324400,0.33994,0.34088,0.33968,0.34072,443,26,0
1787328000,0.34066,0.34066,0.33962,0.33984,559,27,0
1787331600,0.33981,0.33998,0.33928,0.33975,413,27,0
1787335200,0.33975,0.34036,0.33970,0.33990,330,27,0
1787338800,0.33983,0.34046,0.33954,0.34031,350,26,0
1787342400,0.34035,0.34045,0.33972,0.33986,346,26,0
1787346000,0.33988,0.34023,0.33943,0.33996,331,27,0
1787349600,0.33993,0.34012,0.33951,0.33993,229,26,0
1787353200,0.33997,0.34109,0.33983,0.34098,296,27,0
1787364000,0.34313,0.34351,0.34259,0.34340,479,27,0
1787367600,0.34343,0.34421,0.34314,0.34416,481,27,0
1787371200,0.34416,0.34514,0.34313,0.34362,411,26,0
1787374800,0.34363,0.34584,0.34324,0.34564,712,27,0
1787378400,0.34562,0.34753,0.34557,0.34715,635,27,0
1787382000,0.34717,0.35199,0.34631,0.35056,1340,27,0
1787385600,0.35055,0.35125,0.33663,0.34589,2202,27,0
1787389200,0.34588,0.34596,0.34498,0.34573,819,27,0
1787392800,0.34581,0.34642,0.34509,0.34517,490,26,0
1787396400,0.34518,0.34556,0.34372,0.34431,704,27,0
1787400000,0.34435,0.34441,0.34317,0.34383,716,27,0
1787403600,0.34380,0.34382,0.34268,0.34280,725,27,0
1787407200,0.34283,0.34307,0.34173,0.34286,530,27,0
1787410800,0.34284,0.34333,0.34261,0.34296,319,27,0
1787414400,0.34288,0.34355,0.34283,0.34352,318,27,0
1787418000,0.34351,0.34373,0.34293,0.34362,441,27,0
1787421600,0.34362,0.34418,0.34361,0.34379,357,27,0
1787425200,0.34380,0.34448,0.34380,0.34440,292,26,0
1787428800,0.34441,0.34452,0.34401,0.34452,242,26,0
1787432400,0.34453,0.34569,0.34432,0.34546,324,27,0
1787436000,0.34543,0.34552,0.34495,0.34538,204,27,0
1787439600,0.34541,0.34563,0.34491,0.34544,328,26,0
1787443200,0.34543,0.34547,0.34435,0.34445,449,27,0
1787446800,0.34450,0.34481,0.34421,0.34479,319,26,0
1787450400,0.34485,0.34498,0.34395,0.34410,277,27,0
1787454000,0.34410,0.34493,0.34385,0.34479,224,26,0
1787457600,0.34536,0.34564,0.34522,0.34535,359,27,0
1787461200,0.34540,0.34555,0.34361,0.34364,465,26,0
1787464800,0.34367,0.34368,0.34271,0.34289,402,27,0
1787468400,0.34291,0.34301,0.34184,0.34198,456,27,0
1787472000,0.34175,0.34282,0.34173,0.34198,496,27,0
1787475600,0.34190,0.34213,0.34169,0.34181,377,26,0
1787479200,0.34181,0.34247,0.34164,0.34225,325,27,0
1787482800,0.34237,0.34299,0.34228,0.34297,309,27,0
1787486400,0.34301,0.34312,0.34206,0.34258,338,26,0
1787490000,0.34253,0.34383,0.34248,0.34372,387,27,0
1787493600,0.34375,0.34405,0.34341,0.34380,380,27,0
1787497200,0.34379,0.34381,0.34324,0.34367,270,27,0
1787500800,0.34369,0.34426,0.34357,0.34420,365,27,0
1787504400,0.34428,0.34436,0.34270,0.34331,526,27,0
1787508000,0.34335,0.34377,0.34311,0.34321,306,26,0
1787511600,0.34329,0.34365,0.34317,0.34333,243,26,0
1787515200,0.34335,0.34384,0.34302,0.34336,317,27,0
1787518800,0.34336,0.34373,0.34320,0.34372,178,26,0
1787522400,0.34372,0.34381,0.34348,0.34367,138,26,0
1787526000,0.34358,0.34378,0.34327,0.34337,206,26,0
1787529600,0.34339,0.34459,0.34339,0.34402,426,26,0
1787533200,0.34411,0.34426,0.34363,0.34386,246,27,0
1787536800,0.34388,0.34404,0.34350,0.34371,235,26,0
1787540400,0.34377,0.34434,0.34263,0.34343,536,27,0
1787544000,0.34341,0.34354,0.34293,0.34297,354,27,0
1787547600,0.34301,0.34355,0.34276,0.34310,291,26,0
1787551200,0.34309,0.34343,0.34273,0.34313,222,26,0
1787554800,0.34315,0.34406,0.34315,0.34376,263,26,0
1787558400,0.34380,0.34475,0.34371,0.34463,389,27,0
1787562000,0.34471,0.34484,0.34402,0.34409,295,26,0
1787565600,0.34403,0.34449,0.34356,0.34373,283,27,0
1787569200,0.34382,0.34382,0.34267,0.34315,401,26,0
1787572800,0.34319,0.34385,0.34313,0.34385,221,26,0
1787576400,0.34384,0.34398,0.34309,0.34318,330,26,0
1787580000,0.34311,0.34410,0.34310,0.34401,364,27,0
1787583600,0.34401,0.34484,0.34339,0.34467,465,27,0
1787587200,0.34466,0.34472,0.34350,0.34351,676,27,0
1787590800,0.34351,0.34424,0.34344,0.34397,540,27,0
1787594400,0.34400,0.34445,0.34279,0.34306,686,27,0
1787598000,0.34307,0.34373,0.34292,0.34308,307,26,0
1787601600,0.34306,0.34334,0.34241,0.34288,661,27,0
1787605200,0.34290,0.34360,0.34290,0.34346,297,27,0
1787608800,0.34346,0.34367,0.34320,0.34350,319,27,0
1787612400,0.34351,0.34361,0.34299,0.34337,245,26,0
1787616000,0.34342,0.34401,0.34334,0.34382,175,26,0
1787619600,0.34383,0.34418,0.34372,0.34405,184,27,0
1787623200,0.34405,0.34489,0.34383,0.34481,251,26,0
1787626800,0.34478,0.34566,0.34445,0.34560,420,27,0
1787630400,0.34556,0.34582,0.34539,0.34579,318,27,0
1787634000,0.34580,0.34659,0.34555,0.34559,575,26,0
1787637600,0.34559,0.34565,0.34437,0.34438,493,27,0
1787641200,0.34448,0.34478,0.34338,0.34411,478,27,0
1787644800,0.34410,0.34441,0.34394,0.34435,319,27,0
1787648400,0.34432,0.34451,0.34405,0.34417,239,26,0
1787652000,0.34414,0.34452,0.34349,0.34362,491,27,0
1787655600,0.34353,0.34366,0.34260,0.34302,473,26,0
1787659200,0.34301,0.34316,0.34175,0.34190,522,26,0
1787662800,0.34196,0.34264,0.34141,0.34234,446,27,0
1787666400,0.34235,0.34282,0.34216,0.34219,320,27,0
1787670000,0.34218,0.34271,0.34183,0.34263,406,27,0
1787673600,0.34260,0.34261,0.34099,0.34130,627,27,0
1787677200,0.34128,0.34237,0.34125,0.34159,555,26,0
1787680800,0.34161,0.34172,0.34133,0.34168,332,27,0
1787684400,0.34168,0.34171,0.34080,0.34119,317,27,0
1787688000,0.34108,0.34115,0.34035,0.34069,324,26,0
1787691600,0.34063,0.34084,0.33945,0.33980,414,27,0
1787695200,0.33979,0.33986,0.33795,0.33807,1144,27,0
1787698800,0.33806,0.33809,0.33721,0.33729,869,27,0
1787702400,0.33730,0.33761,0.33691,0.33729,500,27,0
1787706000,0.33730,0.33771,0.33638,0.33663,345,27,0
1787709600,0.33665,0.33674,0.33551,0.33588,387,27,0
1787713200,0.33589,0.33589,0.33479,0.33488,574,27,0
1787716800,0.33488,0.33621,0.33485,0.33605,280,27,0
1787720400,0.33606,0.33680,0.33525,0.33679,357,27,0
1787724000,0.33682,0.33758,0.33678,0.33709,261,27,0
1787727600,0.33708,0.33815,0.33706,0.33765,268,26,0
1787731200,0.33769,0.33911,0.33751,0.33854,313,27,0
1787734800,0.33858,0.33863,0.33740,0.33785,346,27,0
1787738400,0.33785,0.33810,0.33682,0.33682,460,26,0
1787742000,0.33685,0.33792,0.33636,0.33723,394,27,0
1787745600,0.33717,0.33729,0.33602,0.33612,357,27,0
1787749200,0.33616,0.33617,0.33561,0.33607,355,27,0
1787752800,0.33607,0.33641,0.33458,0.33511,393,27,0
1787756400,0.33508,0.33575,0.33499,0.33541,395,27,0
1787760000,0.33541,0.33541,0.33381,0.33445,527,27,0
1787763600,0.33441,0.33456,0.33390,0.33432,424,27,0
1787767200,0.33432,0.33528,0.33397,0.33412,364,27,0
1787770800,0.33414,0.33441,0.33378,0.33387,352,26,0
1787774400,0.33386,0.33501,0.33381,0.33496,332,27,0
1787778000,0.33496,0.33555,0.33460,0.33545,318,26,0
1787781600,0.33549,0.33579,0.33498,0.33571,285,27,0
1787785200,0.33561,0.33561,0.33500,0.33559,214,26,0
1787788800,0.33559,0.33588,0.33474,0.33531,326,27,0
1787792400,0.33534,0.33632,0.33533,0.33587,261,27,0
1787796000,0.33581,0.33593,0.33524,0.33571,263,26,0
1787799600,0.33578,0.33578,0.33481,0.33510,254,27,0
1787803200,0.33506,0.33553,0.33493,0.33540,211,27,0
1787806800,0.33541,0.33571,0.33468,0.33476,200,26,0
1787810400,0.33471,0.33483,0.33322,0.33395,563,26,0
1787814000,0.33398,0.33439,0.33362,0.33394,219,26,0
1787817600,0.33393,0.33457,0.33375,0.33457,230,26,0
1787821200,0.33464,0.33478,0.33400,0.33460,208,26,0
1787824800,0.33462,0.33501,0.33443,0.33491,177,26,0
1787828400,0.33501,0.33641,0.33469,0.33605,458,27,0
1787832000,0.33595,0.33648,0.33581,0.33609,332,27,0
1787835600,0.33609,0.33632,0.33521,0.33542,282,26,0
1787839200,0.33545,0.33655,0.33542,0.33649,257,26,0
1787842800,0.33648,0.33822,0.33648,0.33821,318,27,0
1787846400,0.33818,0.33825,0.33636,0.33697,502,27,0
1787850000,0.33696,0.33797,0.33696,0.33737,372,27,0
1787853600,0.33736,0.33762,0.33703,0.33708,271,26,0
1787857200,0.33708,0.33827,0.33674,0.33737,356,26,0
1787860800,0.33739,0.33807,0.33724,0.33780,259,27,0
1787864400,0.33780,0.33801,0.33648,0.33741,322,26,0
1787868000,0.33741,0.33761,0.33702,0.33720,196,26,0
1787871600,0.33720,0.33781,0.33720,0.33740,143,26,0
1787875200,0.33736,0.33762,0.33696,0.33761,196,26,0
1787878800,0.33761,0.33762,0.33703,0.33706,140,26,0
1787882400,0.33706,0.33772,0.33698,0.33725,163,26,0
1787886000,0.33726,0.33832,0.33705,0.33832,271,27,0
1787889600,0.33837,0.33929,0.33827,0.33861,327,27,0
1787893200,0.33864,0.33864,0.33783,0.33811,251,26,0
1787896800,0.33813,0.33852,0.33774,0.33821,230,26,0
1787900400,0.33823,0.33865,0.33808,0.33859,252,26,0
1787904000,0.33853,0.33902,0.33834,0.33890,196,26,0
1787907600,0.33890,0.34022,0.33888,0.33988,210,26,0
1787911200,0.33993,0.33997,0.33900,0.33932,218,27,0
1787914800,0.33932,0.33963,0.33874,0.33918,279,26,0
1787918400,0.33914,0.34007,0.33869,0.33873,308,26,0
1787922000,0.33875,0.34042,0.33812,0.34023,317,27,0
1787925600,0.34025,0.34095,0.34022,0.34080,231,26,0
1787929200,0.34080,0.34107,0.34066,0.34102,264,27,0
1787932800,0.34105,0.34152,0.34061,0.34114,372,26,0
1787936400,0.34111,0.34116,0.33981,0.34040,593,27,0
1787940000,0.34040,0.34087,0.33944,0.33952,377,26,0
1787943600,0.33954,0.33994,0.33828,0.33888,690,27,0
1787947200,0.33890,0.33951,0.33871,0.33941,265,26,0
1787950800,0.33940,0.33990,0.33913,0.33965,225,27,0
1787954400,0.33968,0.34113,0.33968,0.34096,260,26,0
1787958000,0.34097,0.34141,0.34052,0.34117,224,26,0
1787968800,0.34146,0.34152,0.34091,0.34100,160,26,0
1787972400,0.34104,0.34193,0.34032,0.34032,400,26,0
1787976000,0.34033,0.34091,0.34033,0.34084,192,27,0
1787979600,0.34083,0.34121,0.34058,0.34079,185,26,0
1787983200,0.34076,0.34076,0.34008,0.34018,189,27,0
1787986800,0.34020,0.34051,0.33982,0.33989,175,26,0
1787990400,0.33989,0.34022,0.33924,0.33925,202,27,0
1787994000,0.33925,0.33926,0.33721,0.33821,283,26,0
1787997600,0.33821,0.33881,0.33790,0.33871,236,26,0
1788001200,0.33873,0.33873,0.33793,0.33812,175,26,0
1788004800,0.33808,0.33842,0.33791,0.33811,181,26,0
1788008400,0.33811,0.33847,0.33803,0.33819,184,26,0
1788012000,0.33820,0.33841,0.33805,0.33808,141,26,0
1788015600,0.33806,0.33871,0.33797,0.33827,176,26,0
1788019200,0.33826,0.33861,0.33804,0.33811,199,26,0
1788022800,0.33811,0.33835,0.33783,0.33835,250,27,0
1788026400,0.33834,0.33834,0.33772,0.33809,164,26,0
1788030000,0.33804,0.33832,0.33769,0.33791,195,26,0
1788033600,0.33791,0.33837,0.33758,0.33827,226,26,0
1788037200,0.33826,0.33872,0.33823,0.33863,193,26,0
1788040800,0.33860,0.33932,0.33857,0.33909,178,26,0
1788044400,0.33907,0.33981,0.33884,0.33965,144,27,0
1788048000,0.33951,0.34033,0.33937,0.34023,174,27,0
1788051600,0.34021,0.34083,0.34018,0.34074,111,27,0
1788055200,0.34077,0.34096,0.34052,0.34064,148,26,0
1788058800,0.34062,0.34095,0.34024,0.34035,98,26,0
1788062400,0.34009,0.34051,0.33956,0.33966,211,26,0
1788066000,0.33969,0.33982,0.33923,0.33951,167,26,0
1788069600,0.33954,0.34012,0.33954,0.33984,129,26,0
1788073200,0.33986,0.34047,0.33980,0.34045,182,26,0
1788076800,0.34061,0.34081,0.34035,0.34071,140,26,0
1788080400,0.34073,0.34095,0.34034,0.34050,149,26,0
1788084000,0.34050,0.34081,0.34018,0.34030,154,26,0
1788087600,0.34033,0.34062,0.34008,0.34031,149,26,0
1788091200,0.34031,0.34062,0.34004,0.34035,158,26,0
1788094800,0.34035,0.34051,0.34007,0.34015,113,26,0
1788098400,0.34014,0.34042,0.34008,0.34027,117,26,0
1788102000,0.34030,0.34065,0.34013,0.34019,189,27,0
1788105600,0.34020,0.34061,0.34011,0.34046,177,26,0
1788109200,0.34046,0.34052,0.34004,0.34026,140,26,0
1788112800,0.34026,0.34032,0.33967,0.33980,161,26,0
1788116400,0.33980,0.34124,0.33973,0.34116,298,27,0
1788120000,0.34116,0.34126,0.34047,0.34071,192,26,0
1788123600,0.34071,0.34071,0.34018,0.34028,178,26,0
1788127200,0.34020,0.34032,0.33988,0.34001,137,26,0
1788130800,0.34000,0.34021,0.33927,0.33927,193,27,0
1788134400,0.33921,0.33926,0.33860,0.33867,279,26,0
1788138000,0.33867,0.33875,0.33768,0.33769,205,27,0
1788141600,0.33764,0.33768,0.33544,0.33581,559,27,0
1788145200,0.33575,0.33598,0.33495,0.33540,474,27,0
1788148800,0.33541,0.33623,0.33536,0.33564,357,27,0
1788152400,0.33565,0.33634,0.33551,0.33564,305,26,0
1788156000,0.33566,0.33641,0.33553,0.33595,248,27,0
1788159600,0.33596,0.33667,0.33594,0.33596,276,27,0
1788163200,0.33590,0.33675,0.33581,0.33630,250,26,0
1788166800,0.33630,0.33682,0.33617,0.33673,289,27,0
1788170400,0.33669,0.33695,0.33641,0.33652,228,26,0
1788174000,0.33650,0.33650,0.33586,0.33604,187,26,0
1788177600,0.33606,0.33632,0.33414,0.33415,369,27,0
1788181200,0.33415,0.33575,0.33385,0.33524,417,26,0
1788184800,0.33514,0.33526,0.33389,0.33390,391,27,0
1788188400,0.33390,0.33468,0.33378,0.33409,360,26,0
1788192000,0.33409,0.33442,0.33142,0.33164,468,26,0
1788195600,0.33159,0.33326,0.33120,0.33259,543,27,0
1788199200,0.33265,0.33284,0.33194,0.33259,374,27,0
1788202800,0.33252,0.33308,0.33231,0.33281,445,27,0
1788206400,0.33276,0.33361,0.33252,0.33305,195,27,0
1788210000,0.33304,0.33377,0.33292,0.33371,207,26,0
1788213600,0.33371,0.33382,0.33316,0.33326,190,27,0
1788217200,0.33320,0.33329,0.33268,0.33274,183,27,0
1788220800,0.33272,0.33307,0.33256,0.33267,247,26,0
1788224400,0.33275,0.33281,0.33207,0.33218,231,26,0
1788228000,0.33217,0.33252,0.33189,0.33234,215,26,0
1788231600,0.33229,0.33231,0.33139,0.33168,295,26,0
1788235200,0.33168,0.33231,0.33121,0.33147,226,27,0
1788238800,0.33133,0.33222,0.33114,0.33148,322,26,0
1788242400,0.33154,0.33211,0.33150,0.33190,151,26,0
1788246000,0.33190,0.33221,0.33115,0.33126,262,26,0
1788249600,0.33128,0.33165,0.33111,0.33118,220,27,0
1788253200,0.33116,0.33159,0.33106,0.33117,246,26,0
1788256800,0.33118,0.33138,0.33090,0.33138,201,26,0
1788260400,0.33133,0.33133,0.32929,0.32947,518,27,0
1788264000,0.32947,0.33001,0.32865,0.32875,353,27,0
1788267600,0.32876,0.32891,0.32711,0.32780,643,27,0
1788271200,0.32777,0.32890,0.32728,0.32837,453,27,0
1788274800,0.32836,0.32837,0.32405,0.32524,1158,27,0
1788278400,0.32526,0.32572,0.32521,0.32525,403,27,0
1788282000,0.32527,0.32528,0.32421,0.32438,583,27,0
1788285600,0.32437,0.32522,0.32314,0.32363,727,27,0
1788289200,0.32355,0.32357,0.32146,0.32230,958,27,0
1788292800,0.32230,0.32261,0.32139,0.32141,398,26,0
1788296400,0.32140,0.32163,0.32084,0.32135,393,26,0
1788300000,0.32137,0.32326,0.32129,0.32306,412,27,0
1788303600,0.32305,0.32332,0.32207,0.32243,287,26,0
1788307200,0.32245,0.32301,0.32223,0.32291,204,26,0
1788310800,0.32291,0.32292,0.32176,0.32200,196,27,0
1788314400,0.32200,0.32222,0.32147,0.32164,337,26,0
1788318000,0.32163,0.32231,0.32092,0.32101,266,27,0
1788321600,0.32100,0.32201,0.32093,0.32101,296,26,0
1788325200,0.32099,0.32201,0.32085,0.32138,233,26,0
1788328800,0.32134,0.32155,0.32110,0.32151,229,27,0
1788332400,0.32151,0.32192,0.32128,0.32146,182,26,0
1788336000,0.32143,0.32281,0.32127,0.32225,255,27,0
1788339600,0.32224,0.32271,0.32198,0.32261,276,27,0
1788343200,0.32259,0.32320,0.32219,0.32247,448,27,0
1788346800,0.32244,0.32277,0.32185,0.32223,333,27,0
1788350400,0.32221,0.32291,0.32138,0.32208,306,27,0
1788354000,0.32207,0.32240,0.32176,0.32231,331,27,0
1788357600,0.32230,0.32281,0.32197,0.32251,245,26,0
1788361200,0.32246,0.32435,0.32236,0.32318,393,27,0
1788364800,0.32322,0.32458,0.32316,0.32442,497,27,0
1788368400,0.32441,0.32534,0.32406,0.32466,426,27,0
1788372000,0.32467,0.32467,0.32340,0.32386,330,27,0
1788375600,0.32386,0.32387,0.32313,0.32313,272,27,0
1788379200,0.32315,0.32381,0.32302,0.32361,201,27,0
1788382800,0.32361,0.32481,0.32325,0.32455,224,26,0
1788386400,0.32455,0.32481,0.32382,0.32398,227,26,0
1788390000,0.32392,0.32429,0.32379,0.32417,194,26,0
1788393600,0.32420,0.32471,0.32414,0.32441,181,27,0
1788397200,0.32441,0.32471,0.32398,0.32445,155,26,0
1788400800,0.32443,0.32522,0.32434,0.32494,168,26,0
1788404400,0.32489,0.32502,0.32407,0.32453,259,26,0
1788408000,0.32454,0.32502,0.32430,0.32444,212,26,0
1788411600,0.32450,0.32531,0.32450,0.32505,219,26,0
1788415200,0.32510,0.32568,0.32506,0.32552,151,26,0
1788418800,0.32554,0.32601,0.32554,0.32573,133,26,0
1788422400,0.32602,0.32622,0.32511,0.32588,169,26,0
1788426000,0.32589,0.32651,0.32587,0.32596,135,26,0
1788429600,0.32621,0.32641,0.32569,0.32579,169,27,0
1788433200,0.32601,0.32651,0.32583,0.32623,137,26,0
1788436800,0.32623,0.32716,0.32617,0.32688,175,26,0
1788440400,0.32684,0.32810,0.32679,0.32803,316,27,0
1788444000,0.32805,0.32825,0.32728,0.32756,207,26,0
1788447600,0.32756,0.32802,0.32732,0.32770,282,26,0
1788451200,0.32770,0.32892,0.32763,0.32884,330,27,0
1788454800,0.32884,0.32962,0.32853,0.32960,487,27,0
1788458400,0.32965,0.33151,0.32955,0.33140,668,27,0
1788462000,0.33148,0.33194,0.33123,0.33180,408,27,0
1788465600,0.33183,0.33183,0.33123,0.33151,223,27,0
1788469200,0.33143,0.33151,0.33049,0.33092,283,26,0
1788472800,0.33102,0.33132,0.33075,0.33108,180,26,0
1788476400,0.33131,0.33181,0.33091,0.33162,169,26,0
1788480000,0.33160,0.33181,0.33096,0.33114,180,26,0
1788483600,0.33112,0.33112,0.32997,0.33009,158,27,0
1788487200,0.33010,0.33071,0.33009,0.33037,139,26,0
1788490800,0.33023,0.33041,0.32923,0.32926,188,27,0
1788494400,0.32928,0.33002,0.32928,0.32938,160,26,0
1788498000,0.32951,0.32963,0.32899,0.32921,232,27,0
1788501600,0.32921,0.32942,0.32894,0.32902,162,26,0
1788505200,0.32903,0.32912,0.32851,0.32874,231,27,0
1788508800,0.32874,0.32881,0.32810,0.32837,211,26,0
1788512400,0.32837,0.32842,0.32760,0.32794,260,26,0
1788516000,0.32796,0.32812,0.32747,0.32760,213,27,0
1788519600,0.32760,0.32832,0.32708,0.32821,306,26,0
1788523200,0.32821,0.32871,0.32743,0.32759,442,27,0
1788526800,0.32759,0.32851,0.32744,0.32836,173,26,0
1788530400,0.32835,0.32962,0.32815,0.32935,306,26,0
1788534000,0.32934,0.32951,0.32716,0.32811,731,27,0
1788537600,0.32807,0.32956,0.32805,0.32951,504,27,0
1788541200,0.32957,0.32957,0.32855,0.32895,312,27,0
1788544800,0.32896,0.33021,0.32887,0.32991,264,27,0
1788548400,0.32998,0.33061,0.32987,0.33035,146,26,0
1788552000,0.33035,0.33081,0.33020,0.33070,94,26,0
1788555600,0.33070,0.33182,0.33070,0.33166,190,26,0
1788559200,0.33168,0.33191,0.33127,0.33138,153,26,0
1788562800,0.33139,0.33171,0.33098,0.33124,167,27,0
1788573600,0.33138,0.33146,0.33069,0.33099,181,26,0
1788577200,0.33096,0.33161,0.33094,0.33140,221,27,0
1788580800,0.33128,0.33162,0.33121,0.33142,151,27,0
1788584400,0.33144,0.33191,0.33107,0.33119,164,26,0
1788588000,0.33114,0.33181,0.33111,0.33168,165,26,0
1788591600,0.33168,0.33191,0.33129,0.33161,152,26,0
1788595200,0.33161,0.33191,0.33130,0.33172,172,26,0
1788598800,0.33156,0.33271,0.33150,0.33260,177,26,0
1788602400,0.33260,0.33309,0.33229,0.33254,203,26,0
1788606000,0.33254,0.33271,0.33232,0.33253,192,26,0
1788609600,0.33255,0.33282,0.33154,0.33199,245,27,0
1788613200,0.33198,0.33291,0.33198,0.33255,164,26,0
1788616800,0.33255,0.33312,0.33240,0.33300,137,26,0
1788620400,0.33300,0.33322,0.33253,0.33301,130,26,0
1788624000,0.33301,0.33321,0.33270,0.33292,131,27,0
1788627600,0.33312,0.33321,0.33267,0.33292,175,26,0
1788631200,0.33293,0.33401,0.33288,0.33383,214,26,0
1788634800,0.33383,0.33442,0.33366,0.33415,181,26,0
1788638400,0.33431,0.33435,0.33364,0.33412,161,26,0
1788642000,0.33412,0.33422,0.33378,0.33410,121,26,0
1788645600,0.33410,0.33421,0.33346,0.33370,141,27,0
1788649200,0.33375,0.33451,0.33352,0.33415,190,26,0
1788652800,0.33412,0.33462,0.33412,0.33441,143,26,0
1788656400,0.33445,0.33452,0.33362,0.33382,202,26,0
1788660000,0.33382,0.33402,0.33353,0.33364,155,26,0
1788663600,0.33364,0.33432,0.33355,0.33416,121,26,0
1788667200,0.33399,0.33431,0.33368,0.33374,164,27,0
1788670800,0.33378,0.33393,0.33272,0.33298,189,26,0
1788674400,0.33298,0.33311,0.33264,0.33276,128,26,0
1788678000,0.33276,0.33331,0.33247,0.33250,178,26,0
1788681600,0.33281,0.33371,0.33264,0.33316,179,26,0
1788685200,0.33316,0.33381,0.33309,0.33362,158,26,0
1788688800,0.33362,0.33362,0.33309,0.33345,164,26,0
1788692400,0.33343,0.33391,0.33314,0.33349,183,26,0
1788696000,0.33353,0.33411,0.33350,0.33401,204,26,0
1788699600,0.33401,0.33412,0.33373,0.33394,127,26,0
1788703200,0.33394,0.33508,0.33386,0.33483,208,26,0
1788706800,0.33485,0.33532,0.33471,0.33530,163,26,0
1788710400,0.33530,0.33541,0.33481,0.33491,181,26,0
1788714000,0.33491,0.33531,0.33454,0.33493,204,27,0
1788717600,0.33488,0.33521,0.33476,0.33499,135,26,0
1788721200,0.33499,0.33532,0.33497,0.33516,140,26,0
1788724800,0.33513,0.33541,0.33497,0.33514,126,26,0
1788728400,0.33522,0.33542,0.33484,0.33520,145,26,0
1788732000,0.33499,0.33541,0.33449,0.33452,149,26,0
1788735600,0.33453,0.33605,0.33449,0.33587,239,26,0
1788739200,0.33589,0.33605,0.33583,0.33594,161,26,0
1788742800,0.33594,0.33598,0.33520,0.33527,190,27,0
1788746400,0.33527,0.33551,0.33490,0.33490,193,26,0
1788750000,0.33489,0.33525,0.33471,0.33500,288,26,0
1788753600,0.33499,0.33525,0.33473,0.33501,206,26,0
1788757200,0.33501,0.33542,0.33475,0.33484,237,26,0
1788760800,0.33487,0.33561,0.33470,0.33542,214,26,0
1788764400,0.33547,0.33677,0.33532,0.33648,268,26,0
1788768000,0.33652,0.33716,0.33623,0.33697,257,27,0
1788771600,0.33706,0.33716,0.33626,0.33668,189,26,0
1788775200,0.33666,0.33683,0.33588,0.33615,267,26,0
1788778800,0.33611,0.33672,0.33607,0.33656,183,26,0
1788782400,0.33656,0.33671,0.33625,0.33629,329,26,0
1788786000,0.33633,0.33681,0.33613,0.33647,145,27,0
1788789600,0.33647,0.33661,0.33587,0.33606,168,26,0
1788793200,0.33606,0.33632,0.33508,0.33526,246,26,0
1788796800,0.33520,0.33551,0.33482,0.33496,219,26,0
1788800400,0.33498,0.33512,0.33433,0.33437,266,26,0
1788804000,0.33440,0.33462,0.33324,0.33336,441,27,0
1788807600,0.33339,0.33402,0.33335,0.33364,212,26,0
1788811200,0.33364,0.33411,0.33333,0.33342,175,27,0
1788814800,0.33343,0.33461,0.33326,0.33416,194,26,0
1788818400,0.33416,0.33451,0.33385,0.33436,110,26,0
1788822000,0.33435,0.33471,0.33400,0.33412,157,26,0
1788825600,0.33411,0.33471,0.33406,0.33471,134,26,0
1788829200,0.33471,0.33471,0.33362,0.33390,189,26,0
1788832800,0.33393,0.33441,0.33386,0.33411,133,26,0
1788836400,0.33412,0.33452,0.33364,0.33385,287,26,0
1788840000,0.33384,0.33462,0.33382,0.33429,177,27,0
1788843600,0.33430,0.33501,0.33426,0.33469,214,26,0
1788847200,0.33467,0.33493,0.33426,0.33469,241,26,0
1788850800,0.33471,0.33524,0.33451,0.33513,228,26,0
1788854400,0.33517,0.33703,0.33499,0.33695,360,27,0
1788858000,0.33696,0.33756,0.33694,0.33714,285,27,0
1788861600,0.33715,0.33856,0.33676,0.33790,273,26,0
1788865200,0.33788,0.33822,0.33733,0.33801,492,26,0
1788868800,0.33806,0.33911,0.33729,0.33842,404,26,0
1788872400,0.33843,0.33856,0.33718,0.33738,280,27,0
1788876000,0.33744,0.33833,0.33742,0.33818,236,27,0
1788879600,0.33816,0.33882,0.33791,0.33865,238,26,0
1788883200,0.33866,0.33892,0.33800,0.33851,339,27,0
1788886800,0.33845,0.34001,0.33842,0.34001,234,27,0
1788890400,0.33954,0.34001,0.33832,0.33899,264,26,0
1788894000,0.33896,0.33952,0.33871,0.33936,176,26,0
1788897600,0.33971,0.33971,0.33856,0.33905,245,26,0
1788901200,0.33905,0.33912,0.33835,0.33879,184,26,0
1788904800,0.33901,0.33901,0.33789,0.33798,216,26,0
1788908400,0.33806,0.33811,0.33738,0.33746,180,27,0
1788912000,0.33745,0.33811,0.33745,0.33770,135,26,0
1788915600,0.33770,0.33861,0.33757,0.33832,163,27,0
1788919200,0.33834,0.33891,0.33823,0.33850,166,26,0
1788922800,0.33852,0.33951,0.33850,0.33917,220,26,0
1788926400,0.33896,0.33941,0.33848,0.33870,192,27,0
1788930000,0.33870,0.33901,0.33815,0.33887,227,26,0
1788933600,0.33886,0.33922,0.33837,0.33885,222,26,0
1788937200,0.33890,0.33891,0.33796,0.33859,242,27,0
1788940800,0.33859,0.33881,0.33782,0.33813,218,26,0
1788944400,0.33812,0.33891,0.33770,0.33874,257,27,0
1788948000,0.33874,0.33931,0.33804,0.33892,257,26,0
1788951600,0.33891,0.33932,0.33870,0.33897,192,27,0
1788955200,0.33897,0.33911,0.33840,0.33867,133,26,0
1788958800,0.33867,0.33922,0.33832,0.33859,166,27,0
1788962400,0.33859,0.33931,0.33840,0.33921,165,26,0
1788966000,0.33921,0.33921,0.33850,0.33857,169,26,0
1788969600,0.33861,0.33893,0.33816,0.33824,234,26,0
1788973200,0.33818,0.33872,0.33815,0.33830,162,26,0
1788976800,0.33830,0.33854,0.33742,0.33800,479,27,0
1788980400,0.33799,0.34051,0.33794,0.34051,172,27,0
1788984000,0.34051,0.34058,0.33967,0.34011,180,26,0
1788987600,0.34003,0.34032,0.33964,0.33974,181,26,0
1788991200,0.33974,0.33981,0.33895,0.33927,177,26,0
1788994800,0.33934,0.33961,0.33897,0.33898,203,27,0
1788998400,0.33902,0.33946,0.33870,0.33874,161,26,0
1789002000,0.33875,0.33882,0.33776,0.33798,227,27,0
1789005600,0.33793,0.33883,0.33792,0.33872,207,26,0
1789009200,0.33873,0.33911,0.33850,0.33888,239,27,0
1789012800,0.33881,0.33941,0.33823,0.33838,294,26,0
1789016400,0.33838,0.33962,0.33827,0.33929,232,27,0
1789020000,0.33929,0.34001,0.33900,0.33915,236,26,0
1789023600,0.33915,0.34051,0.33894,0.34015,232,26,0
1789027200,0.34001,0.34042,0.33922,0.34023,240,26,0
1789030800,0.34010,0.34012,0.33933,0.33941,212,26,0
1789034400,0.33948,0.33971,0.33905,0.33914,236,26,0
1789038000,0.33909,0.33952,0.33890,0.33908,244,27,0
1789041600,0.33908,0.34021,0.33900,0.33997,215,26,0
1789045200,0.33998,0.34061,0.33981,0.33993,225,26,0
1789048800,0.33990,0.34042,0.33975,0.33988,174,26,0
1789052400,0.33991,0.34029,0.33804,0.33849,506,26,0
1789056000,0.33848,0.33871,0.33767,0.33810,390,27,0
1789059600,0.33817,0.33859,0.33800,0.33805,279,27,0
1789063200,0.33807,0.33891,0.33807,0.33891,253,26,0
1789066800,0.33877,0.33901,0.33789,0.33859,293,26,0
1789070400,0.33859,0.33963,0.33846,0.33947,292,26,0
1789074000,0.33929,0.33981,0.33878,0.33940,237,26,0
1789077600,0.33936,0.33951,0.33900,0.33920,176,26,0
1789081200,0.33919,0.33943,0.33882,0.33897,156,26,0
1789084800,0.33896,0.33999,0.33893,0.33974,166,26,0
1789088400,0.33965,0.34081,0.33965,0.33996,241,26,0
1789092000,0.33996,0.34020,0.33953,0.33981,244,26,0
1789095600,0.33982,0.34091,0.33975,0.34072,340,27,0
1789099200,0.34073,0.34092,0.34011,0.34063,180,26,0
1789102800,0.34048,0.34055,0.34003,0.34017,131,26,0
1789106400,0.34011,0.34017,0.33916,0.33950,230,26,0
1789110000,0.33951,0.33971,0.33825,0.33901,285,27,0
1789113600,0.33901,0.33912,0.33842,0.33854,179,26,0
1789117200,0.33855,0.33891,0.33805,0.33834,215,27,0
1789120800,0.33838,0.33881,0.33803,0.33806,163,26,0
1789124400,0.33822,0.33861,0.33799,0.33832,161,26,0
1789128000,0.33871,0.33881,0.33809,0.33851,175,26,0
1789131600,0.33851,0.33859,0.33726,0.33740,289,26,0
1789135200,0.33733,0.33735,0.33571,0.33601,416,27,0
1789138800,0.33597,0.33710,0.33448,0.33593,816,27,0
1789142400,0.33595,0.33729,0.33544,0.33715,609,27,0
1789146000,0.33711,0.33745,0.33592,0.33595,628,27,0
1789149600,0.33596,0.33622,0.33490,0.33492,338,26,0
1789153200,0.33489,0.33563,0.33460,0.33559,278,26,0
1789156800,0.33557,0.33671,0.33544,0.33627,191,27,0
1789160400,0.33632,0.33632,0.33572,0.33609,332,27,0
1789164000,0.33609,0.33653,0.33588,0.33647,170,26,0
1789167600,0.33647,0.33882,0.33641,0.33811,358,26,0
1789178400,0.33780,0.33841,0.33779,0.33833,193,27,0
1789182000,0.33832,0.33881,0.33807,0.33856,214,26,0
1789185600,0.33856,0.33902,0.33836,0.33877,167,27,0
1789189200,0.33878,0.33943,0.33872,0.33907,235,27,0
1789192800,0.33910,0.33962,0.33904,0.33921,166,26,0
1789196400,0.33928,0.34021,0.33906,0.34003,191,26,0
1789200000,0.34025,0.34382,0.34010,0.34342,568,26,0
1789203600,0.34343,0.34386,0.33974,0.33989,614,27,0
1789207200,0.33985,0.33987,0.33847,0.33935,369,26,0
1789210800,0.33935,0.33962,0.33899,0.33899,153,26,0
1789214400,0.33903,0.33962,0.33900,0.33951,140,26,0
1789218000,0.33932,0.33961,0.33908,0.33951,136,26,0
1789221600,0.33951,0.34082,0.33936,0.34071,164,26,0
1789225200,0.34068,0.34101,0.34067,0.34083,119,26,0
1789228800,0.34083,0.34092,0.34007,0.34026,176,26,0
1789232400,0.34025,0.34030,0.33903,0.33971,266,26,0
1789236000,0.33971,0.33986,0.33952,0.33975,177,26,0
1789239600,0.33975,0.34031,0.33966,0.34002,148,26,0
1789243200,0.34002,0.34032,0.33945,0.33988,163,26,0
1789246800,0.33973,0.34001,0.33956,0.33957,180,26,0
1789250400,0.33956,0.33971,0.33925,0.33934,154,26,0
1789254000,0.33935,0.33981,0.33935,0.33956,127,26,0
1789257600,0.33957,0.33992,0.33937,0.33946,176,26,0
1789261200,0.33951,0.34001,0.33946,0.33974,113,26,0
1789264800,0.33974,0.33981,0.33933,0.33963,123,26,0
1789268400,0.33968,0.34001,0.33952,0.33976,105,27,0
1789272000,0.33991,0.34061,0.33975,0.34048,156,27,0
1789275600,0.34048,0.34061,0.33985,0.33992,175,26,0
1789279200,0.33992,0.34011,0.33887,0.33913,180,26,0
1789282800,0.33913,0.33951,0.33903,0.33910,119,26,0
1789286400,0.33909,0.33961,0.33903,0.33929,124,26,0
1789290000,0.33924,0.33982,0.33912,0.33948,148,26,0
1789293600,0.33949,0.33991,0.33939,0.33959,157,26,0
1789297200,0.33959,0.34001,0.33924,0.33951,206,26,0
1789300800,0.33951,0.34011,0.33944,0.34004,204,26,0
1789304400,0.34006,0.34022,0.33971,0.33984,155,27,0
1789308000,0.33987,0.34121,0.33979,0.34051,201,26,0
1789311600,0.34051,0.34091,0.34036,0.34074,172,26,0
1789315200,0.34068,0.34091,0.34026,0.34072,213,27,0
1789318800,0.34059,0.34112,0.34025,0.34046,220,26,0
1789322400,0.34048,0.34125,0.34031,0.34123,193,26,0
1789326000,0.34123,0.34132,0.34069,0.34080,210,26,0
1789329600,0.34071,0.34102,0.34060,0.34101,179,27,0
1789333200,0.34101,0.34152,0.34084,0.34151,136,26,0
1789336800,0.34151,0.34152,0.34085,0.34104,151,26,0
1789340400,0.34104,0.34142,0.34099,0.34113,154,26,0
1789344000,0.34114,0.34142,0.34095,0.34112,129,26,0
1789347600,0.34112,0.34121,0.33905,0.33921,332,27,0
1789351200,0.33917,0.33919,0.33776,0.33801,221,27,0
1789354800,0.33801,0.33856,0.33715,0.33833,486,27,0
1789358400,0.33822,0.33858,0.33745,0.33781,322,27,0
1789362000,0.33785,0.33891,0.33766,0.33818,328,27,0
1789365600,0.33816,0.33881,0.33816,0.33860,191,26,0
1789369200,0.33871,0.33871,0.33815,0.33860,191,26,0
1789372800,0.33859,0.33901,0.33840,0.33871,172,26,0
1789376400,0.33871,0.33963,0.33859,0.33904,286,26,0
1789380000,0.33900,0.33952,0.33882,0.33904,149,26,0
1789383600,0.33904,0.33974,0.33853,0.33967,238,26,0
1789387200,0.33972,0.34024,0.33954,0.34017,258,26,0
1789390800,0.34030,0.34051,0.33961,0.33961,175,27,0
1789394400,0.33961,0.34002,0.33946,0.33969,191,26,0
1789398000,0.33969,0.34022,0.33946,0.33980,254,26,0
1789401600,0.33985,0.34080,0.33978,0.34032,378,27,0
1789405200,0.34033,0.34097,0.34033,0.34053,306,27,0
1789408800,0.34053,0.34057,0.33910,0.33954,384,27,0
1789412400,0.33953,0.34183,0.33928,0.34172,423,27,0
1789416000,0.34177,0.34178,0.34013,0.34041,316,27,0
1789419600,0.34040,0.34062,0.33996,0.34007,250,27,0
1789423200,0.34008,0.34070,0.33985,0.34002,216,26,0
1789426800,0.33996,0.34065,0.33957,0.33961,269,27,0
1789430400,0.33961,0.33963,0.33841,0.33847,250,26,0
1789434000,0.33848,0.33880,0.33802,0.33851,249,26,0
1789437600,0.33839,0.33842,0.33750,0.33758,275,26,0
1789441200,0.33758,0.33762,0.33666,0.33727,352,27,0
1789444800,0.33727,0.33801,0.33706,0.33771,361,27,0
1789448400,0.33771,0.33771,0.33704,0.33744,254,26,0
1789452000,0.33741,0.33771,0.33718,0.33730,179,26,0
1789455600,0.33730,0.33831,0.33703,0.33813,281,26,0
1789459200,0.33814,0.33818,0.33725,0.33732,266,26,0
1789462800,0.33733,0.33771,0.33726,0.33746,216,26,0
1789466400,0.33746,0.33783,0.33711,0.33761,230,27,0
1789470000,0.33761,0.33761,0.33697,0.33737,211,26,0
1789473600,0.33734,0.33892,0.33730,0.33826,303,27,0
1789477200,0.33817,0.33872,0.33809,0.33846,176,26,0
1789480800,0.33846,0.33854,0.33801,0.33825,190,26,0
1789484400,0.33828,0.33849,0.33797,0.33812,229,27,0
1789488000,0.33812,0.33831,0.33723,0.33748,393,26,0
1789491600,0.33756,0.33757,0.33565,0.33615,563,27,0
1789495200,0.33614,0.33637,0.33531,0.33541,425,27,0
1789498800,0.33543,0.33611,0.33431,0.33495,511,27,0
1789502400,0.33491,0.33492,0.33363,0.33391,387,27,0
1789506000,0.33396,0.33396,0.33068,0.33197,1314,27,0
1789509600,0.33197,0.33259,0.33170,0.33251,403,27,0
1789513200,0.33251,0.33251,0.33143,0.33173,303,26,0
1789516800,0.33174,0.33271,0.33160,0.33194,262,26,0
1789520400,0.33203,0.33301,0.33188,0.33293,277,26,0
1789524000,0.33292,0.33341,0.33250,0.33276,264,26,0
1789527600,0.33274,0.33331,0.33239,0.33321,345,26,0
1789531200,0.33321,0.33331,0.33174,0.33182,353,27,0
1789534800,0.33185,0.33301,0.33177,0.33252,268,26,0
1789538400,0.33250,0.33332,0.33250,0.33322,203,27,0
1789542000,0.33307,0.33431,0.33307,0.33419,224,26,0
1789545600,0.33418,0.33493,0.33388,0.33425,285,27,0
1789549200,0.33418,0.33522,0.33394,0.33502,226,26,0
1789552800,0.33506,0.33513,0.33431,0.33466,221,26,0
1789556400,0.33470,0.33495,0.33407,0.33437,262,27,0
1789560000,0.33435,0.33501,0.33430,0.33475,200,26,0
1789563600,0.33477,0.33501,0.33383,0.33456,249,26,0
1789567200,0.33456,0.33541,0.33441,0.33499,231,26,0
1789570800,0.33496,0.33496,0.33423,0.33463,196,27,0
1789574400,0.33464,0.33501,0.33427,0.33430,200,27,0
1789578000,0.33422,0.33471,0.33406,0.33429,225,27,0
1789581600,0.33428,0.33581,0.33428,0.33571,239,27,0
1789585200,0.33571,0.33601,0.33546,0.33584,257,26,0
1789588800,0.33584,0.33601,0.33475,0.33481,270,26,0
1789592400,0.33483,0.33551,0.33455,0.33514,625,26,0
1789596000,0.33511,0.33571,0.33487,0.33553,260,27,0
1789599600,0.33556,0.33581,0.33512,0.33557,196,26,0
1789603200,0.33572,0.33621,0.33554,0.33588,124,26,0
1789606800,0.33590,0.33590,0.33486,0.33490,272,26,0
1789610400,0.33491,0.33562,0.33477,0.33540,194,26,0
1789614000,0.33540,0.33591,0.33527,0.33559,243,27,0
1789617600,0.33560,0.33592,0.33546,0.33546,188,26,0
1789621200,0.33571,0.33582,0.33540,0.33567,159,26,0
1789624800,0.33568,0.33601,0.33533,0.33601,162,26,0
1789628400,0.33601,0.33601,0.33531,0.33542,139,26,0
1789632000,0.33534,0.33561,0.33508,0.33529,141,26,0
1789635600,0.33529,0.33562,0.33520,0.33535,142,26,0
1789639200,0.33537,0.33562,0.33499,0.33513,173,26,0
1789642800,0.33513,0.33521,0.33484,0.33487,152,26,0
1789646400,0.33485,0.33521,0.33449,0.33480,168,27,0
1789650000,0.33474,0.33501,0.33442,0.33467,181,26,0
1789653600,0.33465,0.33481,0.33408,0.33415,169,26,0
1789657200,0.33409,0.33472,0.33405,0.33427,258,27,0
1789660800,0.33423,0.33491,0.33401,0.33415,276,27,0
1789664400,0.33421,0.33437,0.33362,0.33417,291,27,0
1789668000,0.33420,0.33432,0.33379,0.33390,201,26,0
1789671600,0.33387,0.33412,0.33349,0.33379,248,27,0
1789675200,0.33381,0.33391,0.33338,0.33366,198,26,0
1789678800,0.33366,0.33371,0.33323,0.33341,205,26,0
1789682400,0.33335,0.33476,0.33319,0.33464,253,26,0
1789686000,0.33454,0.33532,0.33454,0.33483,223,26,0
1789689600,0.33484,0.33501,0.33462,0.33472,155,26,0
1789693200,0.33473,0.33482,0.33409,0.33440,189,27,0
1789696800,0.33436,0.33481,0.33418,0.33449,209,26,0
1789700400,0.33462,0.33481,0.33425,0.33469,292,27,0
1789704000,0.33470,0.33533,0.33453,0.33505,233,26,0
1789707600,0.33531,0.33581,0.33507,0.33571,223,26,0
1789711200,0.33571,0.33641,0.33554,0.33610,239,26,0
1789714800,0.33613,0.33642,0.33562,0.33566,225,27,0
1789718400,0.33566,0.33602,0.33555,0.33601,195,27,0
1789722000,0.33601,0.33611,0.33554,0.33598,168,27,0
1789725600,0.33598,0.33651,0.33573,0.33625,185,26,0
1789729200,0.33625,0.33692,0.33597,0.33653,219,26,0
1789732800,0.33653,0.33691,0.33646,0.33680,179,26,0
1789736400,0.33680,0.33743,0.33660,0.33722,217,26,0
1789740000,0.33717,0.33772,0.33704,0.33772,173,26,0
1789743600,0.33772,0.33791,0.33746,0.33763,190,26,0
1789747200,0.33765,0.33889,0.33765,0.33877,339,26,0
1789750800,0.33877,0.33929,0.33876,0.33912,327,26,0
1789754400,0.33913,0.33931,0.33866,0.33915,224,26,0
1789758000,0.33920,0.33981,0.33861,0.33863,222,27,0
1789761600,0.33860,0.33863,0.33775,0.33805,278,27,0
1789765200,0.33813,0.33824,0.33770,0.33821,351,27,0
1789768800,0.33809,0.33856,0.33792,0.33843,301,27,0
1789772400,0.33843,0.33859,0.33796,0.33828,236,26,0
1789783200,0.33793,0.33843,0.33793,0.33821,139,26,0
1789786800,0.33816,0.33831,0.33776,0.33810,301,27,0
1789790400,0.33811,0.33841,0.33762,0.33827,238,27,0
1789794000,0.33826,0.33892,0.33796,0.33888,241,26,0
1789797600,0.33875,0.33891,0.33833,0.33854,339,26,0
1789801200,0.33854,0.33858,0.33793,0.33795,331,27,0
1789804800,0.33801,0.33825,0.33744,0.33747,340,27,0
1789808400,0.33747,0.33771,0.33716,0.33771,336,27,0
1789812000,0.33771,0.33776,0.33738,0.33758,225,26,0
1789815600,0.33755,0.33801,0.33753,0.33789,209,26,0
1789819200,0.33791,0.33815,0.33685,0.33689,224,26,0
1789822800,0.33685,0.33761,0.33683,0.33743,220,26,0
1789826400,0.33743,0.33781,0.33735,0.33776,187,27,0
1789830000,0.33776,0.33821,0.33766,0.33795,227,26,0
1789833600,0.33794,0.33802,0.33742,0.33762,188,26,0
1789837200,0.33760,0.33792,0.33748,0.33752,203,27,0
1789840800,0.33758,0.33803,0.33758,0.33775,229,27,0
1789844400,0.33781,0.33911,0.33768,0.33900,246,26,0
1789848000,0.33898,0.33944,0.33848,0.33870,240,26,0
1789851600,0.33870,0.33911,0.33851,0.33881,233,27,0
1789855200,0.33876,0.33942,0.33866,0.33923,174,26,0
1789858800,0.33923,0.33942,0.33887,0.33911,168,27,0
1789862400,0.33912,0.33972,0.33879,0.33971,204,26,0
1789866000,0.33971,0.34031,0.33915,0.34018,219,26,0
1789869600,0.34017,0.34071,0.33941,0.33950,395,26,0
1789873200,0.33956,0.33993,0.33951,0.33973,159,27,0
1789876800,0.33972,0.34021,0.33956,0.34012,160,27,0
1789880400,0.34011,0.34061,0.33875,0.33880,426,26,0
1789884000,0.33879,0.33991,0.33873,0.33984,283,26,0
1789887600,0.33984,0.34001,0.33925,0.33985,218,26,0
1789891200,0.33983,0.34021,0.33973,0.33999,194,27,0
1789894800,0.34003,0.34052,0.33966,0.33980,226,26,0
1789898400,0.33981,0.34153,0.33976,0.34143,284,27,0
1789902000,0.34141,0.34246,0.34098,0.34126,359,27,0
1789905600,0.34130,0.34181,0.34114,0.34167,232,26,0
1789909200,0.34169,0.34276,0.34160,0.34224,298,26,0
1789912800,0.34232,0.34252,0.34180,0.34210,230,27,0
1789916400,0.34212,0.34281,0.34211,0.34236,198,27,0
1789920000,0.34242,0.34651,0.34180,0.34618,598,27,0
1789923600,0.34624,0.34678,0.34400,0.34411,504,27,0
1789927200,0.34413,0.34483,0.34404,0.34431,345,27,0
1789930800,0.34434,0.34449,0.34356,0.34384,341,27,0
1789934400,0.34363,0.34412,0.34304,0.34318,216,27,0
1789938000,0.34307,0.34362,0.34304,0.34346,176,26,0
1789941600,0.34342,0.34359,0.34254,0.34261,270,27,0
1789945200,0.34261,0.34301,0.34249,0.34258,132,26,0
1789948800,0.34256,0.34291,0.34223,0.34250,164,27,0
1789952400,0.34249,0.34291,0.34237,0.34247,152,26,0
1789956000,0.34247,0.34261,0.34229,0.34233,321,26,0
1789959600,0.34230,0.34336,0.34230,0.34275,440,27,0
1789963200,0.34274,0.34330,0.34233,0.34233,461,27,0
1789966800,0.34234,0.34343,0.34226,0.34301,308,27,0
1789970400,0.34294,0.34311,0.34256,0.34300,264,27,0
1789974000,0.34300,0.34353,0.34259,0.34343,255,27,0
1789977600,0.34349,0.34352,0.34250,0.34313,231,26,0
1789981200,0.34310,0.34342,0.34261,0.34272,244,27,0
1789984800,0.34268,0.34322,0.34255,0.34296,169,26,0
1789988400,0.34299,0.34426,0.34280,0.34411,301,27,0
1789992000,0.34411,0.34442,0.34365,0.34401,307,26,0
1789995600,0.34397,0.34471,0.34394,0.34451,178,26,0
1789999200,0.34451,0.34452,0.34401,0.34404,153,26,0
1790002800,0.34400,0.34438,0.34341,0.34411,243,27,0
1790006400,0.34415,0.34491,0.34376,0.34464,216,26,0
1790010000,0.34491,0.34522,0.34423,0.34454,328,26,0
1790013600,0.34449,0.34580,0.34398,0.34474,481,26,0
1790017200,0.34474,0.34497,0.34423,0.34433,193,26,0
1790020800,0.34433,0.34451,0.34370,0.34388,207,26,0
1790024400,0.34386,0.34403,0.34325,0.34358,252,27,0
1790028000,0.34356,0.34431,0.34351,0.34400,231,26,0
1790031600,0.34407,0.34432,0.34352,0.34376,206,26,0
1790121600,0.34153,0.34174,0.34111,0.34115,236,27,0
1790125200,0.34121,0.34181,0.34105,0.34163,165,27,0
