time,open,high,low,close,tick_volume,spread,real_volume
1764118800,2.03516,2.03520,2.03336,2.03350,618,24,0
1764122400,2.03348,2.03510,2.02837,2.03237,7505,24,0
1764126000,2.03235,2.03304,2.02901,2.03037,14451,24,0
1764129600,2.03047,2.03181,2.02993,2.03100,8299,24,0
1764133200,2.03104,2.03123,2.02816,2.02965,5723,24,0
1764136800,2.02969,2.02972,2.02760,2.02803,3391,24,0
1764140400,2.02804,2.02823,2.02660,2.02754,3907,24,0
1764144000,2.02753,2.02835,2.02615,2.02773,4996,24,0
1764147600,2.02779,2.02824,2.02500,2.02706,8870,24,0
1764151200,2.02726,2.03063,2.02624,2.02761,10563,24,0
1764154800,2.02760,2.02854,2.02568,2.02691,8882,24,0
1764158400,2.02691,2.02780,2.02565,2.02752,7400,24,0
1764162000,2.02752,2.03348,2.02566,2.02922,16262,24,0
1764165600,2.02901,2.03143,2.02291,2.03055,23244,24,0
1764169200,2.03057,2.03547,2.02846,2.03244,19523,24,0
1764172800,2.03242,2.03344,2.02941,2.03187,14151,24,0
1764176400,2.03207,2.03489,2.03007,2.03177,16883,24,0
1764180000,2.03180,2.03221,2.02945,2.02986,9629,24,0
1764183600,2.02982,2.03061,2.02948,2.03005,5847,24,0
1764187200,2.03006,2.03117,2.02911,2.02989,6019,24,0
1764190800,2.02990,2.03093,2.02919,2.03009,4176,24,0
1764194400,2.03004,2.03091,2.02994,2.03057,3650,24,0
1764198000,2.03059,2.03175,2.03032,2.03108,2111,24,0
1764201600,2.03123,2.03123,2.03038,2.03094,1262,34,0
1764205200,2.03107,2.03138,2.02890,2.03023,2743,24,0
1764208800,2.03017,2.03055,2.02953,2.02992,4211,24,0
1764212400,2.02991,2.03092,2.02915,2.02962,7015,24,0
1764216000,2.02961,2.02998,2.02841,2.02952,5959,24,0
1764219600,2.02953,2.03006,2.02888,2.02925,4314,24,0
1764223200,2.02925,2.03013,2.02822,2.02837,3983,24,0
1764226800,2.02841,2.02994,2.02791,2.02933,4631,24,0
1764230400,2.02933,2.03142,2.02843,2.02891,5856,24,0
1764234000,2.02891,2.02973,2.02647,2.02654,6430,24,0
1764237600,2.02653,2.02750,2.02568,2.02642,7605,24,0
1764241200,2.02648,2.02690,2.02390,2.02533,6414,24,0
1764244800,2.02531,2.02758,2.02482,2.02694,5468,24,0
1764248400,2.02692,2.02793,2.02602,2.02668,5784,24,0
1764252000,2.02666,2.02789,2.02572,2.02770,5489,24,0
1764255600,2.02770,2.02971,2.02734,2.02898,6519,24,0
1764259200,2.02895,2.02900,2.02724,2.02740,5567,24,0
1764262800,2.02736,2.02828,2.02593,2.02805,5768,24,0
1764266400,2.02805,2.02922,2.02709,2.02751,4060,24,0
1764270000,2.02753,2.02787,2.02620,2.02659,1593,24,0
1764273600,2.02660,2.02715,2.02630,2.02676,1095,24,0
1764277200,2.02672,2.02704,2.02656,2.02694,1034,24,0
1764280800,2.02697,2.02699,2.02653,2.02675,1726,24,0
1764284400,2.02673,2.02680,2.02593,2.02601,800,24,0
1764288000,2.02586,2.02611,2.02509,2.02524,536,32,0
1764291600,2.02518,2.02688,2.02499,2.02568,2816,24,0
1764295200,2.02567,2.02613,2.02484,2.02492,8195,24,0
1764298800,2.02490,2.02556,2.02375,2.02487,7174,24,0
1764302400,2.02487,2.02632,2.02364,2.02483,15423,24,0
1764306000,2.02488,2.02652,2.02332,2.02603,22008,24,0
1764309600,2.02607,2.02719,2.02512,2.02655,17811,24,0
1764313200,2.02661,2.02775,2.02591,2.02655,16085,24,0
1764316800,2.02661,2.02681,2.02476,2.02493,15799,24,0
1764320400,2.02486,2.02600,2.02403,2.02575,24862,24,0
1764324000,2.02573,2.02596,2.02422,2.02457,25181,24,0
1764327600,2.02459,2.02697,2.02305,2.02423,27919,24,0
1764331200,2.02421,2.02604,2.02339,2.02465,25809,24,0
1764334800,2.02468,2.02576,2.02343,2.02358,31793,29,0
1764338400,2.02357,2.02592,2.02292,2.02537,26908,29,0
1764342000,2.02534,2.02561,2.02241,2.02354,27118,29,0
1764345600,2.02342,2.02434,2.02220,2.02385,13005,29,0
1764349200,2.02384,2.02398,2.01702,2.02052,16356,29,0
1764352800,2.02049,2.02288,2.01949,2.02049,12311,29,0
1764356400,2.02051,2.02206,2.01982,2.02032,5702,29,0
1764360000,2.02029,2.02137,2.01994,2.02096,4809,29,0
1764363600,2.02094,2.02217,2.02082,2.02201,5425,29,0
1764367200,2.02202,2.02253,2.02116,2.02150,9737,29,0
1764370800,2.02153,2.02242,2.01896,2.02023,12857,29,0
1764547200,2.02155,2.02234,2.02036,2.02234,1681,55,0
1764550800,2.02231,2.02236,2.02026,2.02069,6469,29,0
1764554400,2.02068,2.02436,2.02058,2.02321,9552,29,0
1764558000,2.02321,2.02371,2.01945,2.02017,13957,29,0
1764561600,2.02019,2.02222,2.01978,2.02155,9223,29,0
1764565200,2.02157,2.02213,2.02057,2.02063,6874,29,0
1764568800,2.02065,2.02174,2.02016,2.02110,5953,29,0
1764572400,2.02109,2.02326,2.02065,2.02098,6969,29,0
1764576000,2.02098,2.02147,2.01927,2.01962,6626,29,0
1764579600,2.01971,2.02087,2.01786,2.01807,9848,29,0
1764583200,2.01806,2.01909,2.01684,2.01709,14094,29,0
1764586800,2.01708,2.02037,2.01703,2.02026,11552,29,0
1764590400,2.02022,2.02071,2.01843,2.01960,10080,29,0
1764594000,2.01959,2.02038,2.01837,2.01902,9283,24,0
1764597600,2.01902,2.02255,2.01885,2.02129,10688,24,0
1764601200,2.02128,2.02247,2.02061,2.02207,12548,24,0
1764604800,2.02205,2.02208,2.01903,2.02038,14844,24,0
1764608400,2.02036,2.02239,2.01860,2.02193,17457,24,0
1764612000,2.02180,2.02194,2.01795,2.01833,12357,24,0
1764615600,2.01836,2.01901,2.01758,2.01810,8183,24,0
1764619200,2.01810,2.01867,2.01770,2.01802,6771,24,0
1764622800,2.01801,2.01977,2.01788,2.01929,7244,24,0
1764626400,2.01927,2.01979,2.01897,2.01930,5161,24,0
1764630000,2.01933,2.01990,2.01866,2.01892,2313,24,0
1764633600,2.01907,2.01994,2.01902,2.01957,817,28,0
1764637200,2.01966,2.01969,2.01827,2.01907,2780,24,0
1764640800,2.01906,2.01980,2.01838,2.01847,4130,24,0
1764644400,2.01846,2.01943,2.01783,2.01841,6550,24,0
1764648000,2.01842,2.01935,2.01711,2.01749,4677,24,0
1764651600,2.01749,2.01847,2.01688,2.01746,4869,24,0
1764655200,2.01747,2.01817,2.01724,2.01783,3466,24,0
1764658800,2.01785,2.01805,2.01546,2.01635,2864,24,0
1764662400,2.01635,2.01675,2.01541,2.01600,4411,24,0
1764666000,2.01589,2.01652,2.01448,2.01583,5574,24,0
1764669600,2.01582,2.01674,2.01413,2.01554,8788,24,0
1764673200,2.01554,2.01835,2.01547,2.01737,8380,24,0
1764676800,2.01745,2.01747,2.01373,2.01576,9873,24,0
1764680400,2.01576,2.01613,2.01389,2.01539,7048,24,0
1764684000,2.01540,2.01593,2.01481,2.01511,7628,24,0
1764687600,2.01512,2.01515,2.01204,2.01220,8239,24,0
1764691200,2.01224,2.01386,2.01065,2.01295,13415,24,0
1764694800,2.01293,2.01309,2.00919,2.00922,15561,24,0
1764698400,2.00923,2.01200,2.00921,2.01116,14266,24,0
1764702000,2.01113,2.01270,2.01024,2.01268,8553,24,0
1764705600,2.01275,2.01334,2.01227,2.01267,6399,24,0
1764709200,2.01265,2.01303,2.01181,2.01212,5519,24,0
1764712800,2.01213,2.01239,2.01166,2.01226,5333,24,0
1764716400,2.01225,2.01312,2.01173,2.01255,2129,24,0
1764720000,2.01176,2.01237,2.01066,2.01117,888,36,0
1764723600,2.01119,2.01222,2.01076,2.01088,2748,24,0
1764727200,2.01087,2.01745,2.01027,2.01325,7969,24,0
1764730800,2.01326,2.01411,2.01128,2.01170,6739,24,0
1764734400,2.01170,2.01305,2.01054,2.01179,5153,24,0
1764738000,2.01179,2.01198,2.01042,2.01065,4424,24,0
1764741600,2.01067,2.01117,2.01027,2.01069,3541,24,0
1764745200,2.01069,2.01174,2.01035,2.01059,4477,24,0
1764748800,2.01063,2.01193,2.01048,2.01169,5373,24,0
1764752400,2.01165,2.01330,2.01125,2.01327,7616,24,0
1764756000,2.01333,2.01477,2.01246,2.01433,7939,24,0
1764759600,2.01435,2.01797,2.01383,2.01741,9872,24,0
1764763200,2.01737,2.01761,2.01544,2.01613,7196,24,0
1764766800,2.01615,2.01798,2.01566,2.01774,5851,24,0
1764770400,2.01784,2.01879,2.01758,2.01831,6210,24,0
1764774000,2.01830,2.01941,2.01743,2.01785,10927,24,0
1764777600,2.01786,2.02251,2.01761,2.02197,15472,24,0
1764781200,2.02171,2.02222,2.01826,2.02053,14955,24,0
1764784800,2.02056,2.02330,2.02034,2.02261,10307,24,0
1764788400,2.02262,2.02329,2.02193,2.02264,6914,24,0
1764792000,2.02264,2.02330,2.02216,2.02255,6500,24,0
1764795600,2.02258,2.02309,2.02214,2.02245,4002,24,0
1764799200,2.02243,2.02277,2.02174,2.02182,3383,24,0
1764802800,2.02182,2.02268,2.02177,2.02248,2108,24,0
1764806400,2.02253,2.02307,2.02253,2.02273,843,24,0
1764810000,2.02275,2.02280,2.02096,2.02101,3125,24,0
1764813600,2.02097,2.02097,2.01790,2.01819,6257,24,0
1764817200,2.01819,2.01971,2.01791,2.01908,7894,24,0
1764820800,2.01905,2.01910,2.01744,2.01841,6931,24,0
1764824400,2.01842,2.01904,2.01654,2.01706,5859,24,0
1764828000,2.01705,2.01724,2.01538,2.01570,4017,24,0
1764831600,2.01569,2.01802,2.01569,2.01731,7066,24,0
1764835200,2.01732,2.01850,2.01674,2.01740,6740,24,0
1764838800,2.01742,2.01767,2.01561,2.01578,7098,24,0
1764842400,2.01579,2.01967,2.01481,2.01828,12177,24,0
1764846000,2.01828,2.01858,2.01650,2.01715,10973,24,0
1764849600,2.01710,2.01878,2.01677,2.01852,8177,24,0
1764853200,2.01845,2.02132,2.01824,2.02064,8676,24,0
1764856800,2.02065,2.02083,2.01881,2.01996,9256,24,0
1764860400,2.01998,2.02006,2.01663,2.01901,13159,24,0
1764864000,2.01889,2.02251,2.01793,2.02217,15779,24,0
1764867600,2.02215,2.02215,2.01936,2.02010,15157,24,0
1764871200,2.02005,2.02023,2.01731,2.01754,11948,24,0
1764874800,2.01754,2.01770,2.01632,2.01668,6766,24,0
1764878400,2.01673,2.01779,2.01599,2.01687,6704,24,0
1764882000,2.01686,2.01811,2.01661,2.01692,7531,24,0
1764885600,2.01693,2.01753,2.01530,2.01539,5552,24,0
1764889200,2.01539,2.01692,2.01496,2.01617,2401,24,0
1764892800,2.01570,2.01632,2.01489,2.01608,3523,37,0
1764896400,2.01598,2.01679,2.01565,2.01643,2474,24,0
1764900000,2.01642,2.01693,2.01595,2.01634,4175,24,0
1764903600,2.01633,2.01633,2.01507,2.01586,5120,24,0
1764907200,2.01584,2.01591,2.01474,2.01507,4371,24,0
1764910800,2.01505,2.01594,2.01462,2.01469,3255,24,0
1764914400,2.01470,2.01505,2.01422,2.01469,3494,24,0
1764918000,2.01469,2.01544,2.01440,2.01509,4163,24,0
1764921600,2.01510,2.01564,2.01417,2.01458,4270,24,0
1764925200,2.01451,2.01620,2.01445,2.01545,6980,24,0
1764928800,2.01544,2.01564,2.01288,2.01456,7053,24,0
1764932400,2.01448,2.01482,2.01245,2.01248,4310,24,0
1764936000,2.01248,2.01349,2.00927,2.00998,3999,24,0
1764939600,2.00999,2.01247,2.00931,2.01203,4139,24,0
1764943200,2.01199,2.01225,2.00987,2.01061,5255,24,0
1764946800,2.01061,2.01102,2.00882,2.01007,6528,24,0
1764950400,2.01008,2.01128,2.00708,2.00835,8175,24,0
1764954000,2.00838,2.00989,2.00792,2.00857,10791,24,0
1764957600,2.00858,2.01008,2.00800,2.00812,12464,24,0
1764961200,2.00812,2.00884,2.00710,2.00762,7764,24,0
1764964800,2.00760,2.00923,2.00748,2.00842,5827,24,0
1764968400,2.00844,2.00902,2.00803,2.00824,5050,24,0
1764972000,2.00823,2.00853,2.00748,2.00805,4231,24,0
1764975600,2.00805,2.00852,2.00670,2.00736,2956,24,0
1765152000,2.00756,2.00884,2.00674,2.00875,1215,77,0
1765155600,2.00890,2.00914,2.00715,2.00836,6422,24,0
1765159200,2.00828,2.00873,2.00712,2.00782,5963,24,0
1765162800,2.00783,2.00811,2.00667,2.00753,7245,24,0
1765166400,2.00750,2.00777,2.00660,2.00660,5056,24,0
1765170000,2.00662,2.00821,2.00661,2.00772,4009,24,0
1765173600,2.00771,2.00803,2.00704,2.00756,3186,24,0
1765177200,2.00762,2.00855,2.00661,2.00686,4299,24,0
1765180800,2.00687,2.00753,2.00564,2.00630,6035,24,0
1765184400,2.00628,2.00850,2.00583,2.00744,6190,24,0
1765188000,2.00745,2.00812,2.00679,2.00718,7929,24,0
1765191600,2.00722,2.00801,2.00579,2.00664,7036,24,0
1765195200,2.00665,2.00784,2.00664,2.00692,5874,24,0
1765198800,2.00695,2.00815,2.00655,2.00748,5875,24,0
1765202400,2.00750,2.00776,2.00607,2.00620,6601,24,0
1765206000,2.00620,2.00731,2.00593,2.00677,8173,24,0
1765209600,2.00678,2.00986,2.00667,2.00980,11034,24,0
1765213200,2.00989,2.01227,2.00979,2.01144,13311,24,0
1765216800,2.01138,2.01232,2.01021,2.01135,10222,24,0
1765220400,2.01137,2.01186,2.00991,2.01001,6440,24,0
1765224000,2.01001,2.01264,2.00970,2.01232,5791,24,0
1765227600,2.01234,2.01262,2.01162,2.01196,4667,24,0
1765231200,2.01197,2.01248,2.01120,2.01123,3330,24,0
1765234800,2.01117,2.01177,2.01052,2.01102,1842,24,0
1765238400,2.01068,2.01141,2.01027,2.01111,594,32,0
1765242000,2.01114,2.01174,2.01039,2.01091,2029,24,0
1765245600,2.01091,2.01197,2.01068,2.01175,3803,24,0
1765249200,2.01179,2.01259,2.01119,2.01213,5339,24,0
1765252800,2.01212,2.01227,2.01088,2.01094,5137,24,0
1765256400,2.01094,2.01692,2.01016,2.01144,7440,24,0
1765260000,2.01142,2.01226,2.00467,2.00582,7460,24,0
1765263600,2.00581,2.00721,2.00485,2.00690,6500,24,0
1765267200,2.00689,2.00845,2.00646,2.00696,7250,24,0
1765270800,2.00695,2.00853,2.00618,2.00785,6387,24,0
1765274400,2.00786,2.01132,2.00762,2.01053,8096,24,0
1765278000,2.01057,2.01069,2.00787,2.00840,8600,24,0
1765281600,2.00840,2.00900,2.00708,2.00886,7767,24,0
1765285200,2.00886,2.00915,2.00756,2.00774,6982,24,0
1765288800,2.00773,2.00807,2.00604,2.00668,7469,24,0
1765292400,2.00669,2.00725,2.00480,2.00555,10162,24,0
1765296000,2.00557,2.00621,2.00268,2.00341,12837,24,0
1765299600,2.00336,2.00357,1.99965,2.00126,15968,24,0
1765303200,2.00128,2.00207,2.00022,2.00199,9672,24,0
1765306800,2.00194,2.00342,2.00115,2.00299,6787,24,0
1765310400,2.00301,2.00424,2.00291,2.00343,4930,24,0
1765314000,2.00339,2.00364,2.00285,2.00343,4604,24,0
1765317600,2.00344,2.00384,2.00261,2.00304,3340,24,0
1765321200,2.00309,2.00342,2.00237,2.00240,2454,24,0
1765324800,2.00210,2.00289,2.00161,2.00196,746,33,0
1765328400,2.00218,2.00356,2.00179,2.00342,2133,24,0
1765332000,2.00344,2.00347,2.00094,2.00256,5087,24,0
1765335600,2.00257,2.00494,2.00207,2.00485,5918,24,0
1765339200,2.00483,2.00651,2.00355,2.00379,5505,24,0
1765342800,2.00379,2.00454,2.00312,2.00413,4263,24,0
1765346400,2.00412,2.00447,2.00331,2.00358,3794,24,0
1765350000,2.00357,2.00500,2.00315,2.00329,4891,24,0
1765353600,2.00329,2.00339,2.00196,2.00254,4685,24,0
1765357200,2.00251,2.00454,2.00233,2.00431,6201,24,0
1765360800,2.00431,2.00458,2.00150,2.00190,9032,24,0
1765364400,2.00189,2.00306,2.00089,2.00210,8815,24,0
1765368000,2.00209,2.00309,2.00124,2.00281,7672,24,0
1765371600,2.00279,2.00336,2.00155,2.00222,6753,24,0
1765375200,2.00221,2.00310,2.00206,2.00305,7144,24,0
1765378800,2.00303,2.00701,2.00294,2.00680,10265,24,0
1765382400,2.00682,2.00846,2.00605,2.00783,12241,24,0
1765386000,2.00784,2.00956,2.00692,2.00700,11536,24,0
1765389600,2.00702,2.00875,2.00678,2.00826,8636,24,0
1765393200,2.00823,2.00920,2.00772,2.00873,5735,24,0
1765396800,2.00872,2.00874,2.00718,2.00731,5578,24,0
1765400400,2.00750,2.00774,2.00331,2.00447,31377,24,0
1765404000,2.00443,2.00513,2.00211,2.00371,16695,24,0
1765407600,2.00371,2.00479,2.00347,2.00433,3703,24,0
1765411200,2.00375,2.00565,2.00349,2.00565,1099,35,0
1765414800,2.00535,2.00681,2.00485,2.00604,3855,24,0
1765418400,2.00606,2.00979,2.00473,2.00773,8882,24,0
1765422000,2.00774,2.00828,2.00595,2.00625,9719,24,0
1765425600,2.00624,2.01024,2.00584,2.00982,8352,24,0
1765429200,2.00979,2.01406,2.00958,2.01394,9302,24,0
1765432800,2.01396,2.01608,2.01305,2.01382,6546,24,0
1765436400,2.01383,2.01506,2.01340,2.01372,7008,24,0
1765440000,2.01376,2.01610,2.01360,2.01482,7019,24,0
1765443600,2.01480,2.01525,2.01191,2.01262,8355,24,0
1765447200,2.01254,2.01313,2.01100,2.01129,9883,24,0
1765450800,2.01133,2.01193,2.00864,2.01016,9767,24,0
1765454400,2.01016,2.01155,2.00943,2.01021,8355,24,0
1765458000,2.01021,2.01094,2.00866,2.01037,7048,24,0
1765461600,2.01033,2.01210,2.00928,2.01090,8114,24,0
1765465200,2.01096,2.01242,2.00989,2.01174,12515,24,0
1765468800,2.01169,2.01489,2.01062,2.01468,13800,24,0
1765472400,2.01469,2.01518,2.01239,2.01330,15264,24,0
1765476000,2.01333,2.01510,2.01189,2.01267,12877,24,0
1765479600,2.01272,2.01280,2.01105,2.01212,8254,24,0
1765483200,2.01215,2.01226,2.01016,2.01085,5288,24,0
1765486800,2.01081,2.01087,2.00851,2.00866,4397,24,0
1765490400,2.00865,2.01024,2.00830,2.00986,3933,24,0
1765494000,2.00984,2.01014,2.00847,2.00874,2179,24,0
1765497600,2.00847,2.00941,2.00828,2.00912,1486,27,0
1765501200,2.00926,2.01022,2.00866,2.01014,2030,24,0
1765504800,2.01022,2.01034,2.00759,2.00811,5872,24,0
1765508400,2.00810,2.00939,2.00724,2.00857,6090,24,0
1765512000,2.00861,2.00938,2.00805,2.00897,4923,24,0
1765515600,2.00898,2.00940,2.00845,2.00920,3533,24,0
1765519200,2.00920,2.01049,2.00911,2.01011,3099,24,0
1765522800,2.01010,2.01033,2.00888,2.00896,3493,24,0
1765526400,2.00900,2.00972,2.00792,2.00949,4719,24,0
1765530000,2.00938,2.00951,2.00688,2.00688,7121,24,0
1765533600,2.00681,2.00690,2.00417,2.00444,8935,24,0
1765537200,2.00447,2.00689,2.00407,2.00644,8189,24,0
1765540800,2.00649,2.00776,2.00547,2.00577,6237,24,0
1765544400,2.00574,2.00694,2.00557,2.00617,6069,24,0
1765548000,2.00618,2.00707,2.00552,2.00690,6387,24,0
1765551600,2.00683,2.00812,2.00614,2.00628,8343,24,0
1765555200,2.00627,2.00708,2.00474,2.00591,11161,24,0
1765558800,2.00596,2.01131,2.00593,2.01017,16112,24,0
1765562400,2.01023,2.01240,2.00973,2.01040,15768,24,0
1765566000,2.01036,2.01051,2.00803,2.00998,8039,24,0
1765569600,2.00995,2.01024,2.00784,2.00801,6501,24,0
1765573200,2.00800,2.00938,2.00795,2.00908,5651,24,0
1765576800,2.00907,2.01071,2.00904,2.00948,5779,24,0
1765580400,2.00946,2.01001,2.00890,2.00921,2770,24,0
1765756800,2.01344,2.01400,2.01008,2.01331,6502,56,0
1765760400,2.01353,2.01371,2.01016,2.01080,4159,24,0
1765764000,2.01072,2.01113,2.00955,2.01061,6065,24,0
1765767600,2.01061,2.01067,2.00887,2.00986,7231,24,0
1765771200,2.00987,2.01212,2.00943,2.01126,7872,24,0
1765774800,2.01124,2.01125,2.00947,2.01010,6238,24,0
1765778400,2.01009,2.01130,2.00987,2.01021,4243,24,0
1765782000,2.01018,2.01099,2.00935,2.01087,4127,24,0
1765785600,2.01088,2.01134,2.01021,2.01026,5021,24,0
1765789200,2.01026,2.01116,2.00977,2.01032,6260,24,0
1765792800,2.01031,2.01136,2.00939,2.01030,8892,24,0
1765796400,2.01030,2.01358,2.01011,2.01346,7397,24,0
1765800000,2.01349,2.01400,2.01272,2.01297,6463,24,0
1765803600,2.01300,2.01419,2.01198,2.01235,5878,24,0
1765807200,2.01233,2.01347,2.01218,2.01224,6557,24,0
1765810800,2.01223,2.01306,2.01147,2.01295,8383,24,0
1765814400,2.01296,2.01525,2.01203,2.01498,11904,24,0
1765818000,2.01504,2.01634,2.01336,2.01376,15569,24,0
1765821600,2.01369,2.01527,2.01302,2.01425,12955,24,0
1765825200,2.01428,2.01509,2.01326,2.01374,7580,24,0
1765828800,2.01372,2.01486,2.01325,2.01377,6550,24,0
1765832400,2.01380,2.01402,2.01291,2.01316,4730,24,0
1765836000,2.01318,2.01447,2.01317,2.01429,4587,24,0
1765839600,2.01429,2.01465,2.01375,2.01415,2581,24,0
1765843200,2.01358,2.01441,2.01300,2.01396,1200,40,0
1765846800,2.01392,2.01448,2.01215,2.01437,2512,24,0
1765850400,2.01437,2.01711,2.01410,2.01569,5895,24,0
1765854000,2.01572,2.01887,2.01511,2.01851,9039,24,0
1765857600,2.01851,2.01889,2.01501,2.01650,7234,24,0
1765861200,2.01652,2.01654,2.01389,2.01425,6864,24,0
1765864800,2.01428,2.01451,2.01302,2.01406,4640,24,0
1765868400,2.01407,2.01501,2.01304,2.01451,5582,24,0
1765872000,2.01452,2.01493,2.01215,2.01215,5258,24,0
1765875600,2.01190,2.01539,2.01156,2.01489,6706,24,0
1765879200,2.01481,2.01706,2.01402,2.01678,8944,24,0
1765882800,2.01679,2.02129,2.01674,2.02121,8451,24,0
1765886400,2.02112,2.02331,2.02011,2.02271,7147,24,0
1765890000,2.02272,2.02354,2.02115,2.02338,5913,24,0
1765893600,2.02337,2.02480,2.02329,2.02405,7175,24,0
1765897200,2.02398,2.02448,2.01938,2.02000,17864,24,0
1765900800,2.02001,2.02049,2.01782,2.01974,17145,24,0
1765904400,2.01971,2.02308,2.01907,2.02042,17247,24,0
1765908000,2.02047,2.02422,2.02031,2.02323,12659,24,0
1765911600,2.02323,2.02423,2.02257,2.02321,8801,24,0
1765915200,2.02321,2.02435,2.02161,2.02273,8402,24,0
1765918800,2.02276,2.02394,2.02225,2.02281,9297,24,0
1765922400,2.02278,2.02441,2.02243,2.02376,6858,24,0
1765926000,2.02376,2.02495,2.02324,2.02358,2433,24,0
1765929600,2.02360,2.02408,2.02319,2.02341,1917,27,0
1765933200,2.02343,2.02484,2.02275,2.02402,2470,24,0
1765936800,2.02403,2.02780,2.02403,2.02651,4918,24,0
1765940400,2.02653,2.02656,2.02368,2.02380,7130,24,0
1765944000,2.02378,2.02553,2.02300,2.02375,6622,24,0
1765947600,2.02374,2.02491,2.02311,2.02353,4645,24,0
1765951200,2.02353,2.02497,2.02286,2.02441,4643,24,0
1765954800,2.02439,2.02481,2.02152,2.02178,5595,24,0
1765958400,2.02179,2.02297,2.02050,2.02064,6021,24,0
1765962000,2.02057,2.02096,2.01229,2.01336,11224,24,0
1765965600,2.01339,2.01437,2.01188,2.01275,9057,24,0
1765969200,2.01282,2.01470,2.01228,2.01451,7481,24,0
1765972800,2.01452,2.01498,2.01341,2.01443,6000,24,0
1765976400,2.01444,2.01515,2.01332,2.01406,5831,24,0
1765980000,2.01406,2.01487,2.01373,2.01446,5777,24,0
1765983600,2.01446,2.01730,2.01416,2.01648,9733,24,0
1765987200,2.01644,2.01808,2.01608,2.01673,10536,24,0
1765990800,2.01674,2.02679,2.01592,2.02667,13723,24,0
1765994400,2.02662,2.02702,2.02447,2.02642,13213,24,0
1765998000,2.02644,2.02715,2.02540,2.02596,8941,24,0
1766001600,2.02596,2.02725,2.02531,2.02643,7721,24,0
1766005200,2.02644,2.02661,2.02484,2.02523,5918,24,0
1766008800,2.02525,2.02577,2.02462,2.02564,4522,24,0
1766012400,2.02566,2.02569,2.02449,2.02522,2405,24,0
1766016000,2.02487,2.02551,2.02465,2.02497,1127,27,0
1766019600,2.02495,2.02613,2.02444,2.02599,2679,24,0
1766023200,2.02600,2.02687,2.02501,2.02575,4596,24,0
1766026800,2.02574,2.02757,2.02447,2.02495,6352,24,0
1766030400,2.02494,2.02652,2.02432,2.02586,6090,24,0
1766034000,2.02593,2.02694,2.02537,2.02673,4427,24,0
1766037600,2.02672,2.02690,2.02488,2.02490,3877,24,0
1766041200,2.02486,2.02540,2.02383,2.02401,4472,24,0
1766044800,2.02402,2.02463,2.02278,2.02298,5060,24,0
1766048400,2.02289,2.02357,2.02174,2.02249,6243,24,0
1766052000,2.02252,2.02428,2.02150,2.02196,8121,24,0
1766055600,2.02197,2.02203,2.01957,2.02087,7173,24,0
1766059200,2.02092,2.02115,2.01927,2.02072,4829,24,0
1766062800,2.02077,2.02133,2.02024,2.02055,4786,24,0
1766066400,2.02053,2.02792,2.01931,2.02783,10399,24,0
1766070000,2.02787,2.02901,2.02606,2.02743,15923,24,0
1766073600,2.02741,2.02834,2.02486,2.02547,16693,24,0
1766077200,2.02544,2.02573,2.02340,2.02448,14118,24,0
1766080800,2.02447,2.02463,2.02199,2.02265,10051,24,0
1766084400,2.02268,2.02482,2.02178,2.02315,10292,24,0
1766088000,2.02315,2.02360,2.02167,2.02264,6275,24,0
1766091600,2.02263,2.02383,2.02246,2.02366,6991,24,0
1766095200,2.02365,2.02422,2.02323,2.02358,5056,24,0
1766098800,2.02367,2.02438,2.02335,2.02359,2128,24,0
1766102400,2.02314,2.02408,2.02298,2.02368,5297,35,0
1766106000,2.02362,2.02397,2.02306,2.02349,2548,24,0
1766109600,2.02352,2.02361,2.02078,2.02147,5127,24,0
1766113200,2.02146,2.02377,2.02129,2.02376,5928,24,0
1766116800,2.02377,2.02464,2.02305,2.02372,5378,24,0
1766120400,2.02371,2.02444,2.02260,2.02360,6269,24,0
1766124000,2.02362,2.02393,2.02300,2.02329,4095,24,0
1766127600,2.02330,2.02538,2.02319,2.02523,4003,24,0
1766131200,2.02522,2.02646,2.02403,2.02629,5677,24,0
1766134800,2.02629,2.02644,2.02397,2.02401,7041,24,0
1766138400,2.02403,2.02572,2.02340,2.02431,7741,24,0
1766142000,2.02428,2.02579,2.02362,2.02477,7114,24,0
1766145600,2.02479,2.02572,2.02397,2.02463,5920,24,0
1766149200,2.02468,2.02505,2.02385,2.02424,5692,24,0
1766152800,2.02429,2.02521,2.02387,2.02511,5692,24,0
1766156400,2.02503,2.02514,2.02260,2.02270,8561,24,0
1766160000,2.02267,2.02403,2.01834,2.01914,11452,24,0
1766163600,2.01930,2.02228,2.01761,2.02185,11235,24,0
1766167200,2.02184,2.02246,2.02055,2.02211,7761,24,0
1766170800,2.02212,2.02291,2.02165,2.02211,4452,24,0
1766174400,2.02209,2.02376,2.02176,2.02336,3800,24,0
1766178000,2.02333,2.02341,2.02254,2.02294,3406,24,0
1766181600,2.02288,2.02384,2.02278,2.02300,3968,24,0
1766185200,2.02302,2.02499,2.02270,2.02334,2897,24,0
1766361600,2.02262,2.02472,2.02262,2.02467,831,55,0
1766365200,2.02473,2.02513,2.02301,2.02322,5178,24,0
1766368800,2.02322,2.02429,2.02270,2.02320,8328,24,0
1766372400,2.02319,2.02377,2.02220,2.02317,10454,24,0
1766376000,2.02315,2.02362,2.02213,2.02229,3583,24,0
1766379600,2.02229,2.02315,2.02171,2.02275,3592,24,0
1766383200,2.02274,2.02303,2.02155,2.02160,2989,24,0
1766386800,2.02158,2.02245,2.02115,2.02195,3989,24,0
1766390400,2.02199,2.02199,2.02030,2.02057,4217,24,0
1766394000,2.02052,2.02148,2.01978,2.02026,5653,24,0
1766397600,2.02028,2.02192,2.01994,2.02103,6322,24,0
1766401200,2.02100,2.02185,2.02026,2.02178,5485,24,0
1766404800,2.02178,2.02378,2.02176,2.02307,5762,24,0
1766408400,2.02305,2.02381,2.02231,2.02280,5242,24,0
1766412000,2.02279,2.02355,2.02066,2.02110,5764,24,0
1766415600,2.02111,2.02274,2.02044,2.02172,7564,24,0
1766419200,2.02173,2.02321,2.02116,2.02204,8436,24,0
1766422800,2.02207,2.02250,2.02040,2.02084,9654,24,0
1766426400,2.02082,2.02174,2.02017,2.02145,8450,24,0
1766430000,2.02146,2.02361,2.02146,2.02349,4987,24,0
1766433600,2.02352,2.02353,2.02175,2.02307,3813,24,0
1766437200,2.02308,2.02352,2.02196,2.02239,3533,24,0
1766440800,2.02242,2.02244,2.02160,2.02194,2995,24,0
1766444400,2.02192,2.02194,2.02114,2.02169,1636,24,0
1766448000,2.02145,2.02200,2.02134,2.02159,2099,27,0
1766451600,2.02141,2.02300,2.02113,2.02289,2066,24,0
1766455200,2.02289,2.02332,2.02111,2.02265,3718,24,0
1766458800,2.02267,2.02382,2.02176,2.02243,5724,24,0
1766462400,2.02244,2.02258,2.02116,2.02153,4965,24,0
1766466000,2.02161,2.02339,2.02139,2.02243,4680,24,0
1766469600,2.02242,2.02294,2.02199,2.02247,4359,24,0
1766473200,2.02257,2.02439,2.02257,2.02346,4780,24,0
1766476800,2.02346,2.02361,2.02174,2.02200,4054,24,0
1766480400,2.02197,2.02265,2.02014,2.02252,6426,24,0
1766484000,2.02254,2.02291,2.01907,2.01994,6351,24,0
1766487600,2.01994,2.02070,2.01751,2.01781,7139,24,0
1766491200,2.01780,2.01848,2.01654,2.01843,6008,24,0
1766494800,2.01832,2.01905,2.01721,2.01772,4620,24,0
1766498400,2.01772,2.01845,2.01679,2.01704,5214,24,0
1766502000,2.01709,2.01852,2.01568,2.01819,10459,24,0
1766505600,2.01822,2.02010,2.01688,2.01890,11756,24,0
1766509200,2.01878,2.01949,2.01408,2.01494,11221,24,0
1766512800,2.01487,2.01515,2.01374,2.01470,7418,24,0
1766516400,2.01469,2.01484,2.01355,2.01414,3947,24,0
1766520000,2.01414,2.01465,2.01364,2.01458,3053,24,0
1766523600,2.01457,2.01523,2.01421,2.01487,3106,24,0
1766527200,2.01484,2.01528,2.01442,2.01487,2472,24,0
1766530800,2.01480,2.01781,2.01469,2.01714,1858,24,0
1766534400,2.01705,2.01747,2.01647,2.01738,810,27,0
1766538000,2.01737,2.01759,2.01556,2.01606,2985,24,0
1766541600,2.01604,2.01669,2.01547,2.01650,4205,24,0
1766545200,2.01650,2.01762,2.01578,2.01580,5514,24,0
1766548800,2.01580,2.01687,2.01557,2.01639,4425,24,0
1766552400,2.01643,2.01664,2.01501,2.01598,4559,24,0
1766556000,2.01598,2.01622,2.01419,2.01439,3266,24,0
1766559600,2.01437,2.01495,2.01369,2.01404,3302,24,0
1766563200,2.01404,2.01465,2.01279,2.01323,4681,24,0
1766566800,2.01321,2.01361,2.01191,2.01285,5172,24,0
1766570400,2.01284,2.01491,2.01252,2.01429,6726,24,0
1766574000,2.01428,2.01559,2.01394,2.01425,4939,24,0
1766577600,2.01423,2.01482,2.01312,2.01346,4917,24,0
1766581200,2.01345,2.01406,2.01269,2.01373,4295,24,0
1766584800,2.01373,2.01524,2.01230,2.01426,4894,24,0
1766588400,2.01425,2.01505,2.01368,2.01371,7805,24,0
1766592000,2.01369,2.01467,2.01241,2.01252,8345,24,0
1766595600,2.01256,2.01385,2.01161,2.01226,9500,24,0
1766599200,2.01225,2.01360,2.01116,2.01302,6616,24,0
1766602800,2.01301,2.01307,2.01219,2.01228,4766,24,0
1766606400,2.01230,2.01409,2.01214,2.01369,4404,24,0
1766610000,2.01369,2.01376,2.01301,2.01333,3740,24,0
1766613600,2.01338,2.01356,2.01270,2.01313,5209,24,0
1766617200,2.01310,2.01445,2.01285,2.01339,2922,63,0
1766707200,2.01771,2.01780,2.01541,2.01543,1371,27,0
1766710800,2.01546,2.01607,2.01319,2.01447,8170,24,0
1766714400,2.01447,2.01450,2.01309,2.01348,4466,24,0
1766718000,2.01347,2.01436,2.01247,2.01367,5690,24,0
1766721600,2.01369,2.01372,2.01195,2.01217,4919,24,0
1766725200,2.01217,2.01391,2.01159,2.01357,4501,24,0
1766728800,2.01358,2.01363,2.01248,2.01261,3399,24,0
1766732400,2.01267,2.01285,2.01049,2.01110,3328,24,0
1766736000,2.01109,2.01208,2.01079,2.01118,6007,24,0
1766739600,2.01118,2.01211,2.01053,2.01147,6700,24,0
1766743200,2.01146,2.01342,2.01127,2.01299,7197,24,0
1766746800,2.01299,2.01369,2.01252,2.01327,6253,24,0
1766750400,2.01326,2.01341,2.01222,2.01233,5451,24,0
1766754000,2.01235,2.01305,2.01184,2.01258,5823,24,0
1766757600,2.01257,2.01312,2.01203,2.01223,4557,24,0
1766761200,2.01225,2.01364,2.01181,2.01237,9193,24,0
1766764800,2.01238,2.01253,2.01002,2.01178,10340,24,0
1766768400,2.01178,2.01218,2.01026,2.01120,9813,24,0
1766772000,2.01121,2.01201,2.01002,2.01056,9859,24,0
1766775600,2.01057,2.01158,2.01008,2.01130,8498,24,0
1766779200,2.01127,2.01159,2.01075,2.01102,8299,24,0
1766782800,2.01101,2.01163,2.01067,2.01151,5468,24,0
1766786400,2.01148,2.01195,2.01072,2.01104,5181,24,0
1766790000,2.01102,2.01168,2.00948,2.00957,4564,24,0
1766966400,2.01215,2.01367,2.01075,2.01161,2102,88,0
1766970000,2.01147,2.01163,2.00946,2.00998,6250,24,0
1766973600,2.01000,2.01126,2.00953,2.01111,6798,24,0
1766977200,2.01114,2.01141,2.00973,2.01041,7567,24,0
1766980800,2.01044,2.01100,2.00874,2.00916,5456,24,0
1766984400,2.00916,2.00962,2.00777,2.00831,4007,24,0
1766988000,2.00833,2.00839,2.00710,2.00743,3360,24,0
1766991600,2.00743,2.00893,2.00643,2.00885,4685,24,0
1766995200,2.00887,2.01021,2.00846,2.00986,5974,24,0
1766998800,2.00978,2.01011,2.00641,2.00897,7247,24,0
1767002400,2.00899,2.01224,2.00887,2.01162,8674,24,0
1767006000,2.01162,2.01496,2.01140,2.01353,9034,24,0
1767009600,2.01352,2.01514,2.01271,2.01447,7278,24,0
1767013200,2.01451,2.01689,2.01424,2.01466,6821,24,0
1767016800,2.01467,2.01635,2.01354,2.01529,7809,24,0
1767020400,2.01528,2.01639,2.01414,2.01575,9565,24,0
1767024000,2.01575,2.01696,2.01409,2.01673,12481,24,0
1767027600,2.01668,2.01804,2.01514,2.01616,13622,24,0
1767031200,2.01612,2.01771,2.01500,2.01685,10233,24,0
1767034800,2.01687,2.01713,2.01563,2.01605,5897,24,0
1767038400,2.01607,2.01714,2.01587,2.01694,4735,24,0
1767042000,2.01695,2.01760,2.01654,2.01696,3888,24,0
1767045600,2.01697,2.01805,2.01695,2.01789,3716,24,0
1767049200,2.01790,2.01909,2.01756,2.01836,2336,24,0
1767052800,2.01802,2.01853,2.01724,2.01755,2347,26,0
1767056400,2.01753,2.01826,2.01697,2.01762,2533,24,0
1767060000,2.01761,2.01801,2.01637,2.01651,3914,24,0
1767063600,2.01649,2.01738,2.01454,2.01484,5592,24,0
1767067200,2.01484,2.01617,2.01388,2.01395,4291,24,0
1767070800,2.01394,2.01442,2.01311,2.01378,3548,24,0
1767074400,2.01377,2.01377,2.01293,2.01328,2571,24,0
1767078000,2.01330,2.01393,2.01265,2.01291,4138,24,0
1767081600,2.01293,2.01391,2.01204,2.01218,4637,24,0
1767085200,2.01216,2.01373,2.01147,2.01366,5358,24,0
1767088800,2.01368,2.01614,2.01312,2.01444,6723,24,0
1767092400,2.01445,2.01599,2.01340,2.01558,5810,24,0
1767096000,2.01563,2.01612,2.01448,2.01557,4639,24,0
1767099600,2.01557,2.01631,2.01481,2.01528,4494,24,0
1767103200,2.01528,2.01542,2.01326,2.01378,5610,24,0
1767106800,2.01374,2.01576,2.01266,2.01477,8949,24,0
1767110400,2.01474,2.01479,2.01050,2.01125,9136,24,0
1767114000,2.01125,2.01215,2.00960,2.01064,9456,24,0
1767117600,2.01067,2.01215,2.00999,2.01090,8816,24,0
1767121200,2.01092,2.01112,2.00908,2.00936,6484,24,0
1767124800,2.00935,2.01079,2.00925,2.01061,5084,24,0
1767128400,2.01059,2.01131,2.01005,2.01090,5148,24,0
1767132000,2.01092,2.01161,2.01032,2.01146,4270,24,0
1767135600,2.01140,2.01172,2.01104,2.01121,1937,24,0
1767139200,2.01113,2.01132,2.01038,2.01101,911,27,0
1767142800,2.01102,2.01142,2.01017,2.01102,2629,24,0
1767146400,2.01102,2.01122,2.00941,2.00966,3006,24,0
1767150000,2.00965,2.01091,2.00909,2.01073,6186,24,0
1767153600,2.01072,2.01158,2.00981,2.01020,5301,24,0
1767157200,2.01019,2.01081,2.00970,2.01058,3798,24,0
1767160800,2.01066,2.01109,2.01026,2.01105,2891,24,0
1767164400,2.01106,2.01259,2.01061,2.01197,4371,24,0
1767168000,2.01198,2.01262,2.01128,2.01189,3575,24,0
1767171600,2.01179,2.01332,2.01124,2.01184,5568,24,0
1767175200,2.01181,2.01381,2.00937,2.00975,7337,24,0
1767178800,2.00978,2.01090,2.00831,2.01043,6126,24,0
1767182400,2.01048,2.01224,2.00960,2.01183,5578,24,0
1767186000,2.01183,2.01283,2.01096,2.01242,5613,24,0
1767189600,2.01253,2.01406,2.01037,2.01368,6843,24,0
1767193200,2.01365,2.01602,2.01172,2.01302,8034,24,0
1767196800,2.01301,2.01459,2.01234,2.01291,9998,24,0
1767200400,2.01291,2.01743,2.01101,2.01699,11464,24,0
1767204000,2.01700,2.01788,2.01560,2.01638,9163,24,0
1767207600,2.01641,2.01705,2.01525,2.01612,5606,24,0
1767211200,2.01613,2.01701,2.01572,2.01642,5216,24,0
1767214800,2.01640,2.01718,2.01601,2.01705,5137,24,0
1767218400,2.01704,2.02023,2.01673,2.02001,5348,24,0
1767222000,2.02000,2.02039,2.01851,2.01854,3352,24,0
1767312000,2.01743,2.01967,2.01713,2.01956,1203,106,0
1767315600,2.01971,2.02019,2.01681,2.01739,2658,24,0
1767319200,2.01736,2.01795,2.01594,2.01634,3496,24,0
1767322800,2.01634,2.01634,2.01446,2.01510,5169,24,0
1767326400,2.01507,2.01585,2.01436,2.01454,4263,24,0
1767330000,2.01454,2.01460,2.01233,2.01329,3405,24,0
1767333600,2.01323,2.01359,2.01153,2.01225,3384,24,0
1767337200,2.01226,2.01286,2.01155,2.01183,2740,24,0
1767340800,2.01184,2.01201,2.01079,2.01171,3270,24,0
1767344400,2.01155,2.01248,2.01020,2.01062,5713,24,0
1767348000,2.01060,2.01072,2.00669,2.00718,8826,24,0
1767351600,2.00717,2.00926,2.00647,2.00840,7675,24,0
1767355200,2.00843,2.00925,2.00742,2.00800,6592,24,0
1767358800,2.00800,2.00932,2.00728,2.00870,5711,24,0
1767362400,2.00870,2.00959,2.00833,2.00916,6264,24,0
1767366000,2.00916,2.01252,2.00784,2.01210,8009,24,0
1767369600,2.01209,2.01269,2.01070,2.01162,10721,24,0
1767373200,2.01162,2.01870,2.01135,2.01801,14237,24,0
1767376800,2.01808,2.01898,2.01606,2.01664,12625,24,0
1767380400,2.01664,2.01669,2.01365,2.01373,7134,24,0
1767384000,2.01374,2.01396,2.01294,2.01363,5883,24,0
1767387600,2.01363,2.01364,2.01124,2.01140,5593,24,0
1767391200,2.01140,2.01169,2.00986,2.00991,4794,24,0
1767394800,2.00993,2.01133,2.00957,2.01057,2535,24,0
1767571200,2.01184,2.01243,2.01062,2.01159,1763,50,0
1767574800,2.01174,2.01215,2.00968,2.01042,4883,24,0
1767578400,2.01041,2.01277,2.01026,2.01276,6090,24,0
1767582000,2.01275,2.01361,2.00970,2.01144,8503,24,0
1767585600,2.01146,2.01270,2.00814,2.00947,7132,24,0
1767589200,2.00948,2.01115,2.00935,2.01093,5735,24,0
1767592800,2.01090,2.01308,2.01084,2.01230,4616,24,0
1767596400,2.01224,2.01293,2.01135,2.01143,4324,24,0
1767600000,2.01141,2.01181,2.01085,2.01097,4889,24,0
1767603600,2.01094,2.01187,2.00978,2.01025,6652,24,0
1767607200,2.01026,2.01185,2.01010,2.01077,8485,24,0
1767610800,2.01072,2.01371,2.01040,2.01355,7248,24,0
1767614400,2.01354,2.01446,2.01217,2.01389,7510,24,0
1767618000,2.01388,2.01448,2.01316,2.01353,7114,24,0
1767621600,2.01352,2.01546,2.01323,2.01475,6865,24,0
1767625200,2.01469,2.01614,2.01368,2.01459,10152,24,0
1767628800,2.01458,2.01494,2.01184,2.01391,13753,24,0
1767632400,2.01378,2.01407,2.01062,2.01279,12974,24,0
1767636000,2.01280,2.01343,2.01203,2.01343,9597,24,0
1767639600,2.01340,2.01605,2.01325,2.01599,6038,24,0
1767643200,2.01597,2.01690,2.01557,2.01655,4174,24,0
1767646800,2.01658,2.01699,2.01595,2.01633,4600,24,0
1767650400,2.01634,2.01684,2.01630,2.01650,3412,24,0
1767654000,2.01646,2.01684,2.01581,2.01663,1896,24,0
1767657600,2.01667,2.01681,2.01615,2.01616,465,26,0
1767661200,2.01616,2.01652,2.01559,2.01565,1912,24,0
1767664800,2.01565,2.01713,2.01528,2.01706,4190,24,0
1767668400,2.01708,2.01876,2.01624,2.01697,6723,24,0
1767672000,2.01698,2.01718,2.01605,2.01631,4975,24,0
1767675600,2.01628,2.01741,2.01559,2.01685,4294,24,0
1767679200,2.01687,2.01706,2.01554,2.01564,3102,24,0
1767682800,2.01562,2.01573,2.01348,2.01407,3967,24,0
1767686400,2.01406,2.01467,2.01157,2.01198,5129,24,0
1767690000,2.01202,2.01388,2.01202,2.01305,5840,24,0
1767693600,2.01301,2.01613,2.01250,2.01573,9048,24,0
1767697200,2.01575,2.01677,2.01389,2.01504,8887,24,0
1767700800,2.01507,2.01521,2.01283,2.01465,6507,24,0
1767704400,2.01469,2.01506,2.01196,2.01244,5246,24,0
1767708000,2.01246,2.01300,2.01079,2.01144,6321,24,0
1767711600,2.01140,2.01154,2.00937,2.01030,9329,24,0
1767715200,2.01036,2.01064,2.00856,2.00904,11665,24,0
1767718800,2.00900,2.00937,2.00636,2.00695,12172,24,0
1767722400,2.00693,2.00722,2.00434,2.00477,9541,24,0
1767726000,2.00477,2.00583,2.00416,2.00564,5210,24,0
1767729600,2.00563,2.00594,2.00368,2.00394,4443,24,0
1767733200,2.00396,2.00519,2.00339,2.00519,3789,24,0
1767736800,2.00517,2.00543,2.00263,2.00297,3946,24,0
1767740400,2.00301,2.00382,2.00260,2.00347,1930,24,0
1767744000,2.00348,2.00394,2.00200,2.00319,498,32,0
1767747600,2.00309,2.00477,2.00271,2.00434,2037,24,0
1767751200,2.00423,2.00961,2.00305,2.00486,7946,24,0
1767754800,2.00488,2.00698,2.00067,2.00144,7718,24,0
1767758400,2.00142,2.00298,2.00086,2.00203,6023,24,0
1767762000,2.00201,2.00237,1.99952,1.99991,4687,24,0
1767765600,1.99995,1.99998,1.99665,1.99772,5213,24,0
1767769200,1.99770,2.00106,1.99760,2.00034,4729,24,0
1767772800,2.00035,2.00190,1.99944,2.00147,5152,24,0
1767776400,2.00150,2.00285,2.00149,2.00170,6264,24,0
1767780000,2.00178,2.00295,2.00099,2.00265,6954,24,0
1767783600,2.00273,2.00347,2.00178,2.00265,5682,24,0
1767787200,2.00266,2.00428,2.00228,2.00317,5800,24,0
1767790800,2.00317,2.00359,2.00242,2.00324,4474,24,0
1767794400,2.00326,2.00505,2.00285,2.00377,5824,24,0
1767798000,2.00373,2.00449,2.00219,2.00227,8431,24,0
1767801600,2.00229,2.00303,2.00045,2.00295,10339,24,0
1767805200,2.00298,2.00467,2.00137,2.00369,14303,24,0
1767808800,2.00359,2.00477,2.00221,2.00249,8388,24,0
1767812400,2.00249,2.00297,2.00149,2.00215,4719,24,0
1767816000,2.00216,2.00221,2.00052,2.00078,4388,24,0
1767819600,2.00078,2.00149,2.00044,2.00116,4223,24,0
1767823200,2.00117,2.00301,2.00112,2.00289,4670,24,0
1767826800,2.00288,2.00351,2.00218,2.00218,1702,24,0
1767830400,2.00203,2.00260,2.00178,2.00185,507,38,0
1767834000,2.00185,2.00219,2.00124,2.00200,1553,24,0
1767837600,2.00201,2.00320,2.00166,2.00261,2848,24,0
1767841200,2.00260,2.00282,2.00062,2.00094,5174,24,0
1767844800,2.00094,2.00506,2.00090,2.00472,5959,24,0
1767848400,2.00470,2.00624,2.00460,2.00539,4440,24,0
1767852000,2.00541,2.00702,2.00495,2.00697,3115,24,0
1767855600,2.00698,2.00809,2.00670,2.00745,4529,24,0
1767859200,2.00746,2.01083,2.00745,2.00851,5910,24,0
1767862800,2.00850,2.00883,2.00676,2.00779,6495,24,0
1767866400,2.00781,2.00795,2.00461,2.00665,7639,24,0
1767870000,2.00663,2.00825,2.00605,2.00763,5869,24,0
1767873600,2.00764,2.00871,2.00715,2.00730,5543,24,0
1767877200,2.00729,2.00838,2.00713,2.00730,4838,24,0
1767880800,2.00733,2.00823,2.00617,2.00640,4901,24,0
1767884400,2.00641,2.00747,2.00489,2.00554,8127,24,0
1767888000,2.00552,2.00818,2.00548,2.00800,10855,24,0
1767891600,2.00806,2.00827,2.00577,2.00650,11130,24,0
1767895200,2.00648,2.00837,2.00626,2.00634,8626,24,0
1767898800,2.00633,2.00782,2.00623,2.00670,4944,24,0
1767902400,2.00665,2.00707,2.00625,2.00637,3823,24,0
1767906000,2.00638,2.00657,2.00577,2.00655,3375,24,0
1767909600,2.00655,2.00655,2.00572,2.00611,3066,24,0
1767913200,2.00610,2.00701,2.00593,2.00596,2502,24,0
1767916800,2.00552,2.00633,2.00400,2.00400,779,36,0
1767920400,2.00401,2.00585,2.00359,2.00560,2159,24,0
1767924000,2.00561,2.00623,2.00524,2.00586,3574,24,0
1767927600,2.00587,2.00765,2.00560,2.00620,6308,24,0
1767931200,2.00620,2.00652,2.00485,2.00618,4806,24,0
1767934800,2.00617,2.00746,2.00616,2.00702,3681,24,0
1767938400,2.00705,2.00706,2.00568,2.00604,2983,24,0
1767942000,2.00602,2.00656,2.00533,2.00593,3709,24,0
1767945600,2.00593,2.00714,2.00518,2.00699,3979,24,0
1767949200,2.00705,2.00976,2.00647,2.00964,5360,24,0
1767952800,2.00965,2.01048,2.00733,2.00760,7427,24,0
1767956400,2.00759,2.00815,2.00630,2.00713,5716,24,0
1767960000,2.00709,2.00743,2.00640,2.00722,4659,24,0
1767963600,2.00724,2.00729,2.00563,2.00700,4748,24,0
1767967200,2.00697,2.01009,2.00661,2.01007,6108,24,0
1767970800,2.01008,2.01085,2.00539,2.00820,16950,24,0
1767974400,2.00815,2.00925,2.00599,2.00738,17810,24,0
1767978000,2.00743,2.01035,2.00560,2.00838,16840,24,0
1767981600,2.00839,2.00850,2.00660,2.00690,9614,24,0
1767985200,2.00689,2.00700,2.00519,2.00580,5147,24,0
1767988800,2.00582,2.00600,2.00476,2.00506,4782,24,0
1767992400,2.00504,2.00583,2.00468,2.00488,3595,24,0
1767996000,2.00483,2.00500,2.00365,2.00394,3169,24,0
1767999600,2.00395,2.00420,2.00300,2.00367,2156,24,0
1768176000,2.00525,2.00525,2.00339,2.00341,495,50,0
1768179600,2.00322,2.00364,2.00268,2.00310,2542,24,0
1768183200,2.00311,2.00467,2.00275,2.00419,8916,24,0
1768186800,2.00436,2.00518,2.00320,2.00446,9185,24,0
1768190400,2.00444,2.00518,2.00421,2.00473,6411,24,0
1768194000,2.00472,2.00499,2.00347,2.00351,4143,24,0
1768197600,2.00350,2.00480,2.00315,2.00467,3061,24,0
1768201200,2.00465,2.00619,2.00382,2.00527,3889,24,0
1768204800,2.00527,2.00616,2.00463,2.00582,3857,24,0
1768208400,2.00581,2.00588,2.00373,2.00492,6429,24,0
1768212000,2.00494,2.00728,2.00409,2.00702,8070,24,0
1768215600,2.00704,2.00757,2.00530,2.00585,6624,24,0
1768219200,2.00590,2.00741,2.00546,2.00699,5901,24,0
1768222800,2.00700,2.00784,2.00592,2.00692,5219,24,0
1768226400,2.00694,2.00868,2.00645,2.00676,6946,24,0
1768230000,2.00674,2.00806,2.00606,2.00737,9089,24,0
1768233600,2.00737,2.00903,2.00712,2.00788,12495,24,0
1768237200,2.00794,2.00828,2.00503,2.00519,10319,24,0
1768240800,2.00522,2.00555,2.00337,2.00489,8321,24,0
1768244400,2.00488,2.00579,2.00394,2.00528,6521,24,0
1768248000,2.00529,2.00551,2.00453,2.00521,4493,24,0
1768251600,2.00524,2.00559,2.00496,2.00546,4563,24,0
1768255200,2.00544,2.00590,2.00511,2.00535,2704,24,0
1768258800,2.00536,2.00729,2.00516,2.00640,2371,24,0
1768262400,2.00617,2.00705,2.00533,2.00662,655,38,0
1768266000,2.00668,2.00752,2.00627,2.00729,2672,24,0
1768269600,2.00731,2.00815,2.00669,2.00804,3400,24,0
1768273200,2.00805,2.00822,2.00623,2.00706,5755,24,0
1768276800,2.00705,2.00767,2.00611,2.00739,4821,24,0
1768280400,2.00739,2.00846,2.00700,2.00737,3435,24,0
1768284000,2.00737,2.00828,2.00716,2.00765,2947,24,0
1768287600,2.00766,2.00874,2.00747,2.00778,3931,24,0
1768291200,2.00779,2.00874,2.00696,2.00836,4599,24,0
1768294800,2.00836,2.00900,2.00760,2.00850,4976,24,0
1768298400,2.00848,2.01080,2.00800,2.01058,6542,24,0
1768302000,2.01059,2.01094,2.00975,2.01015,5892,24,0
1768305600,2.01019,2.01133,2.01019,2.01094,4713,24,0
1768309200,2.01092,2.01112,2.00897,2.00946,3933,24,0
1768312800,2.00944,2.00991,2.00860,2.00908,4384,24,0
1768316400,2.00909,2.00973,2.00468,2.00834,14690,24,0
1768320000,2.00837,2.00932,2.00602,2.00906,14085,24,0
1768323600,2.00905,2.01280,2.00869,2.01009,14034,24,0
1768327200,2.01008,2.01225,2.00986,2.01009,9458,24,0
1768330800,2.01010,2.01084,2.00915,2.01059,5581,24,0
1768334400,2.01060,2.01115,2.00960,2.01096,5433,24,0
1768338000,2.01094,2.01100,2.00987,2.01065,4728,24,0
1768341600,2.01065,2.01087,2.00959,2.00970,3880,24,0
1768345200,2.00972,2.00990,2.00867,2.00867,1528,24,0
1768348800,2.00844,2.00881,2.00671,2.00673,782,27,0
1768352400,2.00686,2.00889,2.00651,2.00889,1810,24,0
1768356000,2.00891,2.00973,2.00815,2.00964,3091,24,0
1768359600,2.00958,2.00987,2.00839,2.00857,4898,24,0
1768363200,2.00855,2.00880,2.00703,2.00737,4790,24,0
1768366800,2.00740,2.00769,2.00658,2.00680,4061,24,0
1768370400,2.00681,2.00732,2.00650,2.00682,2638,24,0
1768374000,2.00681,2.00732,2.00611,2.00677,4063,24,0
1768377600,2.00672,2.00733,2.00587,2.00670,4807,24,0
1768381200,2.00667,2.00751,2.00624,2.00732,4937,24,0
1768384800,2.00735,2.00982,2.00711,2.00908,7724,24,0
1768388400,2.00905,2.01030,2.00814,2.00959,6011,24,0
1768392000,2.00958,2.01297,2.00923,2.01236,6522,24,0
1768395600,2.01235,2.01341,2.01212,2.01268,5466,24,0
1768399200,2.01269,2.01326,2.01164,2.01232,6476,24,0
1768402800,2.01240,2.01365,2.01219,2.01276,8697,24,0
1768406400,2.01274,2.01429,2.01187,2.01320,12434,24,0
1768410000,2.01311,2.01444,2.01118,2.01333,12804,24,0
1768413600,2.01333,2.01359,2.01057,2.01307,8869,24,0
1768417200,2.01305,2.01314,2.01149,2.01243,6382,24,0
1768420800,2.01248,2.01248,2.01030,2.01038,5370,24,0
1768424400,2.01040,2.01071,2.00977,2.01060,4384,24,0
1768428000,2.01062,2.01104,2.00937,2.00938,6639,24,0
1768431600,2.00940,2.01203,2.00940,2.01067,3114,24,0
1768435200,2.01098,2.01145,2.01055,2.01082,988,44,0
1768438800,2.01066,2.01288,2.00984,2.01127,2974,24,0
1768442400,2.01126,2.01148,2.00914,2.00992,3824,24,0
1768446000,2.00994,2.01159,2.00966,2.01096,7231,24,0
1768449600,2.01096,2.01194,2.01029,2.01177,5196,24,0
1768453200,2.01182,2.01383,2.01159,2.01231,4211,24,0
1768456800,2.01229,2.01260,2.01096,2.01122,2929,24,0
1768460400,2.01120,2.01175,2.01047,2.01090,3999,24,0
1768464000,2.01091,2.01117,2.00892,2.00977,5207,24,0
1768467600,2.00993,2.01177,2.00918,2.01011,6649,24,0
1768471200,2.01011,2.01083,2.00817,2.00821,6312,24,0
1768474800,2.00829,2.00829,2.00641,2.00671,6321,24,0
1768478400,2.00670,2.00693,2.00279,2.00328,5345,24,0
1768482000,2.00331,2.00443,2.00313,2.00348,4713,24,0
1768485600,2.00349,2.00412,2.00292,2.00357,4965,24,0
1768489200,2.00356,2.00405,2.00179,2.00246,10577,24,0
1768492800,2.00251,2.00287,2.00010,2.00015,11463,24,0
1768496400,2.00019,2.00030,1.99745,1.99785,10923,24,0
1768500000,1.99784,1.99788,1.99534,1.99633,8043,24,0
1768503600,1.99633,1.99717,1.99516,1.99657,5417,24,0
1768507200,1.99661,1.99705,1.99607,1.99684,4133,24,0
1768510800,1.99686,1.99748,1.99630,1.99714,4831,24,0
1768514400,1.99715,1.99760,1.99677,1.99706,4637,24,0
1768518000,1.99700,1.99770,1.99662,1.99708,1917,24,0
1768521600,1.99695,1.99750,1.99630,1.99681,768,52,0
1768525200,1.99673,1.99731,1.99620,1.99680,2546,24,0
1768528800,1.99680,1.99725,1.99621,1.99715,3579,24,0
1768532400,1.99718,1.99767,1.99588,1.99759,5181,24,0
1768536000,1.99757,1.99857,1.99711,1.99773,5093,24,0
1768539600,1.99771,1.99776,1.99627,1.99727,3369,24,0
1768543200,1.99728,1.99750,1.99615,1.99641,2372,24,0
1768546800,1.99642,1.99735,1.99618,1.99691,2776,24,0
1768550400,1.99690,1.99791,1.99656,1.99697,3517,24,0
1768554000,1.99690,1.99840,1.99680,1.99840,4934,24,0
1768557600,1.99825,1.99870,1.99719,1.99834,5283,24,0
1768561200,1.99835,2.00007,1.99744,1.99888,4448,24,0
1768564800,1.99889,1.99981,1.99839,1.99893,4796,24,0
1768568400,1.99893,2.00010,1.99821,1.99990,4601,24,0
1768572000,1.99992,2.00038,1.99847,1.99996,6043,24,0
1768575600,1.99997,2.00348,1.99930,2.00211,8221,24,0
1768579200,2.00210,2.00403,2.00183,2.00372,9264,24,0
1768582800,2.00368,2.00416,2.00125,2.00269,15165,24,0
1768586400,2.00268,2.00352,2.00218,2.00275,10429,24,0
1768590000,2.00277,2.00343,2.00199,2.00233,5370,24,0
1768593600,2.00235,2.00274,2.00158,2.00208,3768,24,0
1768597200,2.00208,2.00255,2.00163,2.00196,4052,24,0
1768600800,2.00197,2.00228,2.00136,2.00146,3116,24,0
1768604400,2.00145,2.00222,2.00102,2.00125,2655,24,0
1768780800,2.00040,2.00136,1.99962,2.00136,3450,74,0
1768784400,2.00132,2.00444,2.00094,2.00380,8193,24,0
1768788000,2.00385,2.00491,2.00194,2.00243,8941,24,0
1768791600,2.00246,2.00459,2.00119,2.00370,7676,24,0
1768795200,2.00368,2.00388,2.00212,2.00269,6414,24,0
1768798800,2.00268,2.00320,2.00145,2.00189,5572,24,0
1768802400,2.00190,2.00226,2.00104,2.00159,4523,24,0
1768806000,2.00159,2.00210,1.99967,2.00037,5130,24,0
1768809600,2.00036,2.00157,2.00016,2.00137,4615,24,0
1768813200,2.00136,2.00270,2.00036,2.00130,7979,24,0
1768816800,2.00123,2.00268,2.00001,2.00254,7783,24,0
1768820400,2.00249,2.00317,2.00055,2.00176,7986,24,0
1768824000,2.00169,2.00191,1.99996,2.00127,5718,24,0
1768827600,2.00127,2.00136,1.99976,2.00033,4825,24,0
1768831200,2.00033,2.00076,1.99952,1.99964,5118,24,0
1768834800,1.99966,2.00071,1.99947,2.00027,5594,24,0
1768838400,2.00029,2.00103,1.99975,2.00012,5682,24,0
1768842000,2.00014,2.00084,1.99894,1.99971,7129,24,0
1768845600,1.99976,2.00100,1.99919,1.99967,4851,24,0
1768849200,1.99966,2.00017,1.99931,1.99968,2282,24,0
1768852800,1.99966,2.00023,1.99958,1.99985,1527,24,0
1768856400,1.99985,2.00004,1.99943,1.99958,679,24,0
1768860000,1.99956,1.99996,1.99940,1.99959,664,24,0
1768863600,1.99958,1.99997,1.99909,1.99910,1132,24,0
1768867200,1.99912,1.99990,1.99911,1.99944,767,27,0
1768870800,1.99945,1.99997,1.99910,1.99993,1632,24,0
1768874400,1.99994,1.99994,1.99823,1.99967,4148,24,0
1768878000,1.99970,2.00051,1.99903,2.00000,6255,24,0
1768881600,2.00001,2.00037,1.99851,1.99872,4118,24,0
1768885200,1.99873,1.99873,1.99669,1.99700,4302,24,0
1768888800,1.99699,1.99747,1.99414,1.99478,3809,24,0
1768892400,1.99479,1.99572,1.99446,1.99531,4609,24,0
1768896000,1.99533,1.99663,1.99428,1.99557,6097,24,0
1768899600,1.99545,1.99941,1.99407,1.99806,9712,24,0
1768903200,1.99807,2.00280,1.99800,2.00089,12283,24,0
1768906800,2.00080,2.00437,2.00015,2.00270,10670,24,0
1768910400,2.00264,2.00355,2.00040,2.00223,8929,24,0
1768914000,2.00226,2.00232,1.99800,1.99877,7541,24,0
1768917600,1.99879,1.99892,1.99680,1.99753,8351,24,0
1768921200,1.99754,2.00076,1.99614,1.99869,15580,24,0
1768924800,1.99864,1.99943,1.99684,1.99846,15788,24,0
1768928400,1.99858,2.00045,1.99590,1.99591,13604,24,0
1768932000,1.99592,1.99766,1.99529,1.99763,11404,24,0
1768935600,1.99763,1.99820,1.99602,1.99657,7523,24,0
1768939200,1.99660,1.99706,1.99568,1.99598,5254,24,0
1768942800,1.99595,1.99618,1.99410,1.99428,5713,24,0
1768946400,1.99427,1.99514,1.99406,1.99440,7098,24,0
1768950000,1.99438,1.99535,1.99395,1.99494,3534,24,0
1768953600,1.99506,1.99628,1.99505,1.99578,1614,51,0
1768957200,1.99595,1.99674,1.99551,1.99667,3009,24,0
1768960800,1.99661,1.99661,1.99533,1.99659,3925,24,0
1768964400,1.99656,1.99678,1.99452,1.99491,6498,24,0
1768968000,1.99493,1.99653,1.99482,1.99579,4742,24,0
1768971600,1.99578,1.99635,1.99467,1.99625,4851,24,0
1768975200,1.99626,1.99689,1.99558,1.99588,3964,24,0
1768978800,1.99591,1.99617,1.99420,1.99467,4005,24,0
1768982400,1.99467,1.99486,1.98983,1.99026,4470,24,0
1768986000,1.99025,1.99179,1.98933,1.99065,7631,24,0
1768989600,1.99069,1.99118,1.98906,1.99014,7719,24,0
1768993200,1.99007,1.99013,1.98690,1.98739,6964,24,0
1768996800,1.98738,1.98842,1.98678,1.98722,6498,24,0
1769000400,1.98721,1.98793,1.98562,1.98656,6442,24,0
1769004000,1.98657,1.98667,1.98303,1.98352,8393,24,0
1769007600,1.98352,1.98514,1.98219,1.98507,9145,24,0
1769011200,1.98513,1.98763,1.98368,1.98579,17825,24,0
1769014800,1.98580,1.98627,1.98226,1.98302,13856,24,0
1769018400,1.98302,1.98594,1.98301,1.98532,12419,24,0
1769022000,1.98533,1.98771,1.98469,1.98642,11473,24,0
1769025600,1.98643,1.98699,1.98524,1.98528,8076,24,0
1769029200,1.98526,1.98649,1.98357,1.98490,13238,24,0
1769032800,1.98489,1.98583,1.98437,1.98522,9326,24,0
1769036400,1.98525,1.98608,1.98480,1.98553,3042,24,0
1769040000,1.98575,1.98689,1.98542,1.98660,1631,50,0
1769043600,1.98668,1.98725,1.98622,1.98645,2965,24,0
1769047200,1.98646,1.98660,1.97643,1.97809,8014,24,0
1769050800,1.97817,1.97845,1.97515,1.97573,8294,24,0
1769054400,1.97572,1.97668,1.97510,1.97510,5019,24,0
1769058000,1.97509,1.97545,1.97324,1.97363,3761,24,0
1769061600,1.97365,1.97408,1.97297,1.97362,3375,24,0
1769065200,1.97361,1.97424,1.97267,1.97326,4304,24,0
1769068800,1.97325,1.97452,1.97236,1.97241,4643,24,0
1769072400,1.97244,1.97461,1.97117,1.97396,6177,24,0
1769076000,1.97389,1.97436,1.97193,1.97266,7579,24,0
1769079600,1.97267,1.97691,1.97170,1.97636,6777,24,0
1769083200,1.97636,1.97728,1.97604,1.97658,6001,24,0
1769086800,1.97657,1.97776,1.97081,1.97278,12093,24,0
1769090400,1.97275,1.97470,1.97113,1.97225,8242,24,0
1769094000,1.97225,1.97232,1.96855,1.96955,10758,24,0
1769097600,1.96954,1.97382,1.96879,1.97362,11513,24,0
1769101200,1.97342,1.97643,1.97314,1.97447,11813,24,0
1769104800,1.97458,1.97565,1.97363,1.97371,8842,24,0
1769108400,1.97373,1.97428,1.97217,1.97236,6530,24,0
1769112000,1.97235,1.97312,1.97185,1.97252,3756,24,0
1769115600,1.97257,1.97258,1.97094,1.97223,3175,24,0
1769119200,1.97221,1.97447,1.97219,1.97376,3473,24,0
1769122800,1.97370,1.97438,1.97320,1.97329,3058,24,0
1769126400,1.97321,1.97386,1.97250,1.97371,561,44,0
1769130000,1.97374,1.97472,1.97347,1.97363,2088,24,0
1769133600,1.97364,1.97369,1.97180,1.97225,3950,24,0
1769137200,1.97221,1.97248,1.97017,1.97183,6581,24,0
1769140800,1.97183,1.97305,1.97134,1.97222,4810,24,0
1769144400,1.97222,1.97323,1.97116,1.97133,4630,24,0
1769148000,1.97132,1.97245,1.97026,1.97044,3294,24,0
1769151600,1.97046,1.97152,1.97033,1.97072,4111,24,0
1769155200,1.97072,1.97104,1.96776,1.96794,6096,24,0
1769158800,1.96789,1.97301,1.96788,1.97161,9995,24,0
1769162400,1.97156,1.97234,1.97017,1.97130,9740,24,0
1769166000,1.97131,1.97831,1.97072,1.97793,9505,24,0
1769169600,1.97793,1.98015,1.97561,1.97571,6624,24,0
1769173200,1.97575,1.97642,1.97209,1.97275,8093,24,0
1769176800,1.97269,1.97390,1.97038,1.97062,6713,24,0
1769180400,1.97062,1.97458,1.97005,1.97432,7872,24,0
1769184000,1.97435,1.97445,1.97175,1.97180,9048,24,0
1769187600,1.97171,1.97439,1.97144,1.97365,9358,24,0
1769191200,1.97363,1.97668,1.97320,1.97587,10670,24,0
1769194800,1.97591,1.97738,1.97464,1.97707,11549,24,0
1769198400,1.97706,1.97784,1.97604,1.97690,8993,24,0
1769202000,1.97691,1.97865,1.97621,1.97809,7043,24,0
1769205600,1.97811,1.97855,1.97679,1.97786,7827,24,0
1769209200,1.97784,1.97836,1.97674,1.97788,6131,24,0
1769385600,1.97309,1.97547,1.97309,1.97323,4361,50,0
1769389200,1.97330,1.97889,1.97315,1.97623,8506,24,0
1769392800,1.97615,1.97660,1.97341,1.97526,10007,24,0
1769396400,1.97522,1.97606,1.97348,1.97408,10718,24,0
1769400000,1.97410,1.97589,1.97396,1.97553,8526,24,0
1769403600,1.97553,1.97628,1.97405,1.97594,5922,24,0
1769407200,1.97596,1.97638,1.97500,1.97568,4924,24,0
1769410800,1.97567,1.97644,1.97537,1.97641,5315,24,0
1769414400,1.97638,1.97698,1.97442,1.97532,6490,24,0
1769418000,1.97542,1.97730,1.97394,1.97454,9583,24,0
1769421600,1.97454,1.97534,1.97275,1.97377,12148,24,0
1769425200,1.97367,1.97609,1.97323,1.97500,10798,24,0
1769428800,1.97501,1.97511,1.97328,1.97503,7815,24,0
1769432400,1.97503,1.97643,1.97424,1.97435,7194,24,0
1769436000,1.97438,1.97462,1.97280,1.97428,7478,24,0
1769439600,1.97428,1.97535,1.97373,1.97478,9445,24,0
1769443200,1.97479,1.97563,1.97230,1.97284,10117,24,0
1769446800,1.97287,1.97728,1.97280,1.97532,11714,24,0
1769450400,1.97526,1.97826,1.97512,1.97571,11347,24,0
1769454000,1.97572,1.97606,1.97374,1.97378,7070,24,0
1769457600,1.97381,1.97564,1.97348,1.97479,5972,24,0
1769461200,1.97488,1.97754,1.97444,1.97745,5910,24,0
1769464800,1.97754,1.97793,1.97685,1.97730,5064,24,0
1769468400,1.97727,1.97786,1.97640,1.97738,3613,24,0
1769472000,1.97741,1.97879,1.97738,1.97879,1917,41,0
1769475600,1.97880,1.97915,1.97761,1.97783,3333,24,0
1769479200,1.97782,1.97929,1.97780,1.97913,5550,24,0
1769482800,1.97910,1.97931,1.97714,1.97741,7076,24,0
1769486400,1.97743,1.97831,1.97643,1.97825,5955,24,0
1769490000,1.97822,1.98074,1.97802,1.97845,4888,24,0
1769493600,1.97841,1.98000,1.97770,1.97838,4645,24,0
1769497200,1.97840,1.97961,1.97808,1.97849,4410,24,0
1769500800,1.97851,1.97935,1.97778,1.97789,5239,24,0
1769504400,1.97784,1.97864,1.97673,1.97721,7381,24,0
1769508000,1.97720,1.98020,1.97710,1.97907,9074,24,0
1769511600,1.97908,1.97917,1.97598,1.97739,8240,24,0
1769515200,1.97738,1.97792,1.97630,1.97791,8736,24,0
1769518800,1.97790,1.97844,1.97685,1.97789,6131,24,0
1769522400,1.97788,1.97863,1.97664,1.97805,11198,24,0
1769526000,1.97806,1.97883,1.97660,1.97766,12587,24,0
1769529600,1.97764,1.97895,1.97594,1.97813,15237,24,0
1769533200,1.97807,1.97914,1.97316,1.97420,16599,24,0
1769536800,1.97420,1.97539,1.97314,1.97492,12787,24,0
1769540400,1.97493,1.97575,1.97361,1.97563,10788,24,0
1769544000,1.97562,1.97650,1.97403,1.97461,8499,24,0
1769547600,1.97462,1.97492,1.97364,1.97464,6599,24,0
1769551200,1.97460,1.97847,1.97400,1.97482,22737,24,0
1769554800,1.97470,1.97596,1.97340,1.97471,12163,24,0
1769558400,1.97483,1.97532,1.97314,1.97496,1129,30,0
1769562000,1.97505,1.97652,1.97476,1.97607,5571,24,0
1769565600,1.97608,1.97673,1.96845,1.97407,14801,24,0
1769569200,1.97409,1.97612,1.97367,1.97526,11023,24,0
1769572800,1.97526,1.97641,1.97344,1.97371,8164,24,0
1769576400,1.97371,1.97445,1.97297,1.97403,6162,24,0
1769580000,1.97404,1.97508,1.97319,1.97321,4629,24,0
1769583600,1.97320,1.97379,1.97109,1.97111,8301,24,0
1769587200,1.97101,1.97244,1.96993,1.97223,8645,24,0
1769590800,1.97221,1.97277,1.96987,1.97177,11823,24,0
1769594400,1.97177,1.97201,1.96903,1.97087,14346,24,0
1769598000,1.97086,1.97144,1.96845,1.96883,11016,24,0
1769601600,1.96881,1.96928,1.96640,1.96778,9653,24,0
1769605200,1.96778,1.96904,1.96593,1.96643,9064,24,0
1769608800,1.96642,1.96995,1.96631,1.96986,10102,24,0
1769612400,1.96988,1.96989,1.96791,1.96802,11757,24,0
1769616000,1.96805,1.97014,1.96766,1.96968,13058,24,0
1769619600,1.96965,1.97108,1.96746,1.97019,28918,24,0
1769623200,1.97031,1.97222,1.96962,1.97145,15667,24,0
1769626800,1.97143,1.97171,1.96906,1.96965,8352,24,0
1769630400,1.96967,1.97157,1.96827,1.97067,10884,24,0
1769634000,1.97074,1.97128,1.96691,1.96762,22179,24,0
1769637600,1.96764,1.96775,1.96261,1.96335,12695,24,0
1769641200,1.96336,1.96365,1.96064,1.96077,6599,24,0
1769644800,1.96091,1.96173,1.96058,1.96103,3752,56,0
1769648400,1.96106,1.96447,1.96058,1.96409,7350,24,0
1769652000,1.96410,1.96480,1.96133,1.96415,10481,24,0
1769655600,1.96421,1.96579,1.96362,1.96386,10789,24,0
1769659200,1.96387,1.96451,1.95936,1.95988,9587,24,0
1769662800,1.95989,1.96001,1.95389,1.95401,9123,24,0
1769666400,1.95402,1.95482,1.95065,1.95169,8265,24,0
1769670000,1.95171,1.95341,1.95081,1.95217,7937,24,0
1769673600,1.95218,1.95426,1.95183,1.95363,8758,24,0
1769677200,1.95366,1.95724,1.95253,1.95651,10434,24,0
1769680800,1.95650,1.95895,1.95601,1.95735,12957,24,0
1769684400,1.95735,1.95753,1.95476,1.95611,10379,24,0
1769688000,1.95612,1.96020,1.95606,1.95971,9636,24,0
1769691600,1.95969,1.96195,1.95873,1.95976,9103,24,0
1769695200,1.95973,1.95994,1.95614,1.95642,8395,24,0
1769698800,1.95642,1.95646,1.95322,1.95390,13905,24,0
1769702400,1.95385,1.95846,1.95253,1.95826,17282,24,0
1769706000,1.95827,1.97259,1.95783,1.97238,46326,24,0
1769709600,1.97239,1.97248,1.96537,1.96765,28397,24,0
1769713200,1.96765,1.96770,1.96139,1.96579,19550,24,0
1769716800,1.96580,1.96631,1.96131,1.96207,15592,24,0
1769720400,1.96204,1.96315,1.96091,1.96297,11782,24,0
1769724000,1.96295,1.96315,1.95871,1.95923,8729,24,0
1769727600,1.95927,1.95992,1.95768,1.95878,5579,24,0
1769731200,1.95849,1.95896,1.95729,1.95844,965,35,0
1769734800,1.95845,1.96079,1.95756,1.95917,5168,24,0
1769738400,1.95918,1.96100,1.95807,1.96097,10460,24,0
1769742000,1.96094,1.96411,1.95968,1.96410,15373,24,0
1769745600,1.96411,1.97029,1.96383,1.96462,19997,24,0
1769749200,1.96456,1.96661,1.96362,1.96532,11453,24,0
1769752800,1.96533,1.96559,1.96343,1.96354,7806,24,0
1769756400,1.96358,1.96563,1.96327,1.96514,8557,24,0
1769760000,1.96517,1.96888,1.96391,1.96888,12213,24,0
1769763600,1.96885,1.96898,1.96580,1.96747,14177,24,0
1769767200,1.96740,1.96918,1.96428,1.96499,14391,24,0
1769770800,1.96491,1.96984,1.96316,1.96845,16440,24,0
1769774400,1.96850,1.96868,1.96342,1.96498,13311,24,0
1769778000,1.96501,1.96501,1.96140,1.96180,11891,24,0
1769781600,1.96184,1.96490,1.96042,1.96450,13352,24,0
1769785200,1.96450,1.96669,1.96041,1.96585,18371,24,0
1769788800,1.96595,1.96609,1.95737,1.95909,20965,24,0
1769792400,1.95911,1.96086,1.95493,1.95839,24721,24,0
1769796000,1.95840,1.96339,1.95840,1.96257,21942,24,0
1769799600,1.96262,1.96667,1.96206,1.96613,22689,24,0
1769803200,1.96616,1.97174,1.96383,1.96474,24288,24,0
1769806800,1.96484,1.96568,1.96299,1.96436,18830,24,0
1769810400,1.96442,1.96582,1.96409,1.96498,15016,24,0
1769814000,1.96494,1.96582,1.96421,1.96467,9289,24,0
1769990400,1.96916,1.97108,1.96762,1.97104,2506,61,0
1769994000,1.97099,1.97447,1.96802,1.96942,15485,24,0
1769997600,1.96944,1.96949,1.96530,1.96670,15631,24,0
1770001200,1.96669,1.97046,1.96586,1.96613,18819,24,0
1770004800,1.96612,1.97084,1.96552,1.97013,14908,24,0
1770008400,1.97016,1.97214,1.96858,1.97145,12969,24,0
1770012000,1.97144,1.97413,1.97024,1.97113,11556,24,0
1770015600,1.97116,1.97568,1.97084,1.97411,11994,24,0
1770019200,1.97411,1.97766,1.97296,1.97511,14729,24,0
1770022800,1.97513,1.97529,1.97015,1.97043,13963,24,0
1770026400,1.97031,1.97198,1.96831,1.97058,15142,24,0
1770030000,1.97057,1.97237,1.96795,1.96833,14656,24,0
1770033600,1.96834,1.97129,1.96752,1.96946,12282,24,0
1770037200,1.96946,1.96962,1.96618,1.96899,10634,24,0
1770040800,1.96903,1.96932,1.96638,1.96663,12658,24,0
1770044400,1.96664,1.96955,1.96448,1.96477,16804,24,0
1770048000,1.96482,1.96512,1.96090,1.96368,18238,24,0
1770051600,1.96369,1.96454,1.96022,1.96236,22142,24,0
1770055200,1.96237,1.96288,1.95900,1.96185,16176,24,0
1770058800,1.96193,1.96466,1.96133,1.96457,11842,24,0
1770062400,1.96456,1.96792,1.96446,1.96683,9687,24,0
1770066000,1.96684,1.96747,1.96604,1.96657,7646,24,0
1770069600,1.96660,1.96723,1.96567,1.96595,8364,24,0
1770073200,1.96611,1.96672,1.96536,1.96614,3087,24,0
1770076800,1.96559,1.96690,1.96497,1.96635,618,47,0
1770080400,1.96635,1.96643,1.96501,1.96510,4828,24,0
1770084000,1.96508,1.96523,1.96217,1.96307,6788,24,0
1770087600,1.96307,1.96366,1.96096,1.96137,9255,24,0
1770091200,1.96139,1.96518,1.96111,1.96397,8500,24,0
1770094800,1.96396,1.96432,1.94777,1.94861,16191,24,0
1770098400,1.94861,1.95467,1.94621,1.95295,10550,24,0
1770102000,1.95297,1.95460,1.95152,1.95383,10399,24,0
1770105600,1.95383,1.95476,1.95081,1.95098,10576,24,0
1770109200,1.95089,1.95161,1.94293,1.94465,12271,24,0
1770112800,1.94474,1.94710,1.94268,1.94671,10973,24,0
1770116400,1.94669,1.95298,1.94631,1.95068,12214,24,0
1770120000,1.95058,1.95078,1.94908,1.95006,8097,24,0
1770123600,1.95003,1.95122,1.94821,1.95017,7298,24,0
1770127200,1.95011,1.95174,1.94939,1.95103,8097,24,0
1770130800,1.95104,1.95248,1.95009,1.95049,10941,24,0
1770134400,1.95040,1.95515,1.95039,1.95489,13610,24,0
1770138000,1.95491,1.95763,1.95283,1.95351,17028,24,0
1770141600,1.95354,1.95466,1.95066,1.95164,14298,24,0
1770145200,1.95165,1.95460,1.95126,1.95345,16216,24,0
1770148800,1.95347,1.95398,1.95147,1.95389,12582,24,0
1770152400,1.95394,1.95530,1.95168,1.95337,12923,24,0
1770156000,1.95341,1.95402,1.95044,1.95059,8094,24,0
1770159600,1.95060,1.95105,1.94972,1.95037,3988,24,0
1770163200,1.95034,1.95167,1.95029,1.95106,1174,34,0
1770166800,1.95128,1.95204,1.95007,1.95022,3437,24,0
1770170400,1.95020,1.95154,1.94918,1.95092,6671,24,0
1770174000,1.95087,1.95141,1.94796,1.95014,9409,24,0
1770177600,1.95015,1.95290,1.94890,1.95219,7936,24,0
1770181200,1.95215,1.95279,1.95102,1.95184,6626,24,0
1770184800,1.95183,1.95304,1.95151,1.95275,4148,24,0
1770188400,1.95276,1.95280,1.95005,1.95106,4914,24,0
1770192000,1.95105,1.95199,1.94962,1.94973,6802,24,0
1770195600,1.94974,1.95116,1.94909,1.94976,7063,24,0
1770199200,1.94977,1.95213,1.94864,1.95094,9107,24,0
1770202800,1.95101,1.95315,1.94996,1.95261,8908,24,0
1770206400,1.95245,1.95401,1.95109,1.95399,7248,24,0
1770210000,1.95396,1.95447,1.95206,1.95238,7264,24,0
1770213600,1.95241,1.95270,1.95091,1.95157,6828,24,0
1770217200,1.95156,1.95227,1.94932,1.94973,11397,24,0
1770220800,1.94981,1.95273,1.94831,1.95175,16921,24,0
1770224400,1.95195,1.95320,1.94941,1.95235,21724,24,0
1770228000,1.95235,1.95447,1.95062,1.95234,16953,24,0
1770231600,1.95233,1.95784,1.95140,1.95518,17856,24,0
1770235200,1.95517,1.95685,1.95365,1.95564,15037,24,0
1770238800,1.95565,1.95648,1.95103,1.95218,13677,24,0
1770242400,1.95218,1.95294,1.95040,1.95098,7811,24,0
1770246000,1.95094,1.95185,1.95003,1.95039,4555,24,0
1770249600,1.95062,1.95120,1.94980,1.95047,1205,38,0
1770253200,1.95059,1.95144,1.94995,1.95077,3420,24,0
1770256800,1.95076,1.95115,1.94786,1.94917,4732,24,0
1770260400,1.94919,1.95057,1.94829,1.95042,8734,24,0
1770264000,1.95039,1.95850,1.95011,1.95664,15573,24,0
1770267600,1.95665,1.95729,1.95355,1.95634,12515,24,0
1770271200,1.95633,1.95633,1.95375,1.95468,6492,24,0
1770274800,1.95467,1.95591,1.95301,1.95347,6977,24,0
1770278400,1.95348,1.95391,1.95092,1.95160,7547,24,0
1770282000,1.95154,1.95311,1.95060,1.95232,9320,24,0
1770285600,1.95231,1.95248,1.94876,1.94934,11177,24,0
1770289200,1.94927,1.95159,1.94397,1.94703,11572,24,0
1770292800,1.94701,1.94980,1.94647,1.94787,8572,24,0
1770296400,1.94791,1.95015,1.94606,1.94991,8137,24,0
1770300000,1.95000,1.95011,1.94129,1.94845,21923,24,0
1770303600,1.94846,1.94945,1.94573,1.94914,18500,24,0
1770307200,1.94921,1.94946,1.94128,1.94213,20797,24,0
1770310800,1.94221,1.94915,1.94090,1.94562,24953,24,0
1770314400,1.94561,1.94669,1.94246,1.94305,18679,24,0
1770318000,1.94312,1.94537,1.94209,1.94385,14430,24,0
1770321600,1.94387,1.94611,1.94344,1.94567,11376,24,0
1770325200,1.94569,1.94696,1.94360,1.94664,9453,24,0
1770328800,1.94663,1.94991,1.94475,1.94961,9396,24,0
1770332400,1.94959,1.95338,1.94896,1.95240,5078,24,0
1770336000,1.95215,1.95299,1.95135,1.95278,906,33,0
1770339600,1.95283,1.95608,1.95246,1.95495,5817,24,0
1770343200,1.95496,1.95862,1.95399,1.95462,10475,24,0
1770346800,1.95457,1.95720,1.95180,1.95239,11811,24,0
1770350400,1.95241,1.95242,1.95022,1.95235,8951,24,0
1770354000,1.95237,1.95347,1.95146,1.95160,6717,24,0
1770357600,1.95165,1.95385,1.95125,1.95289,5481,24,0
1770361200,1.95288,1.95365,1.95058,1.95077,6670,24,0
1770364800,1.95076,1.95129,1.94942,1.95010,7033,24,0
1770368400,1.95011,1.95131,1.94896,1.94920,6745,24,0
1770372000,1.94929,1.95064,1.94793,1.94834,10260,24,0
1770375600,1.94836,1.94924,1.94604,1.94620,9126,24,0
1770379200,1.94618,1.94823,1.94601,1.94656,6403,24,0
1770382800,1.94655,1.94757,1.94420,1.94444,6552,24,0
1770386400,1.94443,1.94707,1.94443,1.94571,6746,24,0
1770390000,1.94573,1.94602,1.94253,1.94276,9843,24,0
1770393600,1.94282,1.94415,1.94003,1.94145,13474,24,0
1770397200,1.94143,1.94352,1.93991,1.94316,16017,24,0
1770400800,1.94315,1.94315,1.93936,1.93973,11275,24,0
1770404400,1.93971,1.94034,1.93749,1.93958,7596,24,0
1770408000,1.93957,1.93999,1.93841,1.93981,4715,24,0
1770411600,1.93981,1.94101,1.93956,1.94035,3805,24,0
1770415200,1.94038,1.94063,1.93953,1.94033,3510,24,0
1770418800,1.94031,1.94039,1.93889,1.93977,3230,24,0
1770595200,1.93735,1.93924,1.93706,1.93833,907,66,0
1770598800,1.93843,1.93872,1.93340,1.93423,9168,24,0
1770602400,1.93425,1.93779,1.93422,1.93770,9067,24,0
1770606000,1.93774,1.93889,1.93615,1.93776,9390,24,0
1770609600,1.93777,1.93791,1.93466,1.93590,7157,24,0
1770613200,1.93588,1.93690,1.93474,1.93657,4651,24,0
1770616800,1.93656,1.93713,1.93595,1.93669,3083,24,0
1770620400,1.93670,1.93730,1.93627,1.93668,3742,24,0
1770624000,1.93667,1.93747,1.93431,1.93432,9097,24,0
1770627600,1.93430,1.93451,1.93151,1.93432,9309,24,0
1770631200,1.93431,1.93464,1.93206,1.93234,10386,24,0
1770634800,1.93233,1.93408,1.93097,1.93354,8249,24,0
1770638400,1.93348,1.93928,1.93341,1.93827,9543,24,0
1770642000,1.93821,1.93969,1.93645,1.93813,10668,24,0
1770645600,1.93811,1.93840,1.93647,1.93774,8348,24,0
1770649200,1.93773,1.93782,1.93372,1.93436,12762,24,0
1770652800,1.93441,1.93459,1.92636,1.92686,17578,24,0
1770656400,1.92692,1.93156,1.92619,1.92941,14472,24,0
1770660000,1.92961,1.93112,1.92816,1.92834,9300,24,0
1770663600,1.92832,1.92936,1.92773,1.92874,5323,24,0
1770667200,1.92877,1.92969,1.92746,1.92969,6773,24,0
1770670800,1.92968,1.93033,1.92921,1.93003,4534,24,0
1770674400,1.93005,1.93085,1.92981,1.93063,4660,24,0
1770678000,1.93062,1.93132,1.93022,1.93069,3778,24,0
1770681600,1.93015,1.93162,1.92945,1.93142,909,55,0
1770685200,1.93118,1.93195,1.93090,1.93146,3907,24,0
1770688800,1.93145,1.93223,1.93079,1.93215,4755,24,0
1770692400,1.93216,1.93247,1.93042,1.93062,7127,24,0
1770696000,1.93059,1.93250,1.93024,1.93227,6220,24,0
1770699600,1.93229,1.93442,1.93207,1.93392,5499,24,0
1770703200,1.93391,1.93450,1.93283,1.93415,4100,24,0
1770706800,1.93418,1.93457,1.93334,1.93385,4483,24,0
1770710400,1.93380,1.93520,1.93366,1.93415,5373,24,0
1770714000,1.93422,1.93504,1.93317,1.93330,6178,24,0
1770717600,1.93334,1.93416,1.93189,1.93313,8356,24,0
1770721200,1.93312,1.93344,1.93048,1.93201,6715,24,0
1770724800,1.93201,1.93318,1.93115,1.93166,6100,24,0
1770728400,1.93162,1.93197,1.93082,1.93138,4857,24,0
1770732000,1.93140,1.93654,1.93102,1.93555,8665,24,0
1770735600,1.93556,1.93630,1.93252,1.93368,11991,24,0
1770739200,1.93367,1.93394,1.93047,1.93059,14554,24,0
1770742800,1.93062,1.93126,1.92892,1.92989,16023,24,0
1770746400,1.92988,1.93269,1.92888,1.93224,13431,24,0
1770750000,1.93222,1.93288,1.92873,1.92994,7691,24,0
1770753600,1.92995,1.93122,1.92931,1.92944,7298,24,0
1770757200,1.92942,1.92983,1.92826,1.92899,5165,24,0
1770760800,1.92902,1.92948,1.92827,1.92873,4798,24,0
1770764400,1.92876,1.92906,1.92760,1.92774,2247,24,0
1770768000,1.92815,1.92918,1.92781,1.92887,671,50,0
1770771600,1.92886,1.92887,1.92701,1.92714,2416,24,0
1770775200,1.92713,1.92731,1.92522,1.92584,5361,24,0
1770778800,1.92587,1.92613,1.92175,1.92292,7491,24,0
1770782400,1.92291,1.92346,1.91713,1.91849,7637,24,0
1770786000,1.91849,1.91968,1.91695,1.91749,5300,24,0
1770789600,1.91745,1.92069,1.91718,1.92049,3953,24,0
1770793200,1.92050,1.92199,1.92016,1.92099,5366,24,0
1770796800,1.92098,1.92408,1.92047,1.92345,6193,24,0
1770800400,1.92346,1.92427,1.92260,1.92365,6415,24,0
1770804000,1.92368,1.92708,1.92329,1.92528,7753,24,0
1770807600,1.92528,1.92581,1.92427,1.92505,6876,22,0
1770811200,1.92505,1.92604,1.92297,1.92489,7579,22,0
1770814800,1.92486,1.92535,1.92345,1.92503,6857,22,0
1770818400,1.92501,1.92517,1.92343,1.92356,7537,22,0
1770822000,1.92358,1.92652,1.91705,1.91728,29329,22,0
1770825600,1.91723,1.91797,1.91522,1.91612,23565,22,0
1770829200,1.91620,1.92342,1.91590,1.91793,24484,22,0
1770832800,1.91802,1.91986,1.91459,1.91515,15343,22,0
1770836400,1.91515,1.91604,1.91278,1.91288,12825,22,0
1770840000,1.91286,1.91469,1.91173,1.91192,10736,22,0
1770843600,1.91187,1.91229,1.91035,1.91197,7341,22,0
1770847200,1.91195,1.91273,1.91154,1.91183,4718,22,0
1770850800,1.91177,1.91239,1.91134,1.91186,2805,22,0
1770854400,1.91179,1.91286,1.91096,1.91191,1197,37,0
1770858000,1.91187,1.91260,1.91089,1.91199,3639,22,0
1770861600,1.91198,1.91279,1.90992,1.91008,5648,22,0
1770865200,1.91020,1.91048,1.90795,1.90928,7770,22,0
1770868800,1.90930,1.91173,1.90851,1.91068,6626,22,0
1770872400,1.91070,1.91224,1.90931,1.91183,5897,22,0
1770876000,1.91184,1.91512,1.91026,1.91491,5702,22,0
1770879600,1.91490,1.91490,1.91171,1.91179,5515,22,0
1770883200,1.91180,1.91504,1.91160,1.91470,8852,22,0
1770886800,1.91450,1.91520,1.91286,1.91474,6990,22,0
1770890400,1.91481,1.91710,1.91401,1.91591,8426,22,0
1770894000,1.91592,1.91810,1.91570,1.91592,6819,22,0
1770897600,1.91597,1.91637,1.91372,1.91459,5753,22,0
1770901200,1.91464,1.91531,1.91377,1.91451,5429,22,0
1770904800,1.91450,1.91460,1.91333,1.91349,6792,22,0
1770908400,1.91348,1.91463,1.91117,1.91139,9509,22,0
1770912000,1.91144,1.91883,1.91119,1.91828,13711,22,0
1770915600,1.91828,1.91895,1.91382,1.91394,15791,22,0
1770919200,1.91395,1.92265,1.91391,1.92069,26346,22,0
1770922800,1.92071,1.92276,1.92036,1.92183,19813,22,0
1770926400,1.92186,1.92286,1.91944,1.92028,14776,22,0
1770930000,1.92032,1.92095,1.91910,1.91986,9558,22,0
1770933600,1.91984,1.92228,1.91925,1.92182,7364,22,0
1770937200,1.92188,1.92225,1.92064,1.92083,2683,22,0
1770940800,1.92066,1.92190,1.91997,1.92152,1185,55,0
1770944400,1.92151,1.92219,1.92007,1.92121,4278,22,0
1770948000,1.92127,1.92286,1.91993,1.92280,6048,22,0
1770951600,1.92277,1.92284,1.91875,1.92121,7933,22,0
1770955200,1.92120,1.92199,1.92011,1.92091,5776,22,0
1770958800,1.92093,1.92258,1.92049,1.92193,4327,22,0
1770962400,1.92192,1.92259,1.92001,1.92165,4196,22,0
1770966000,1.92166,1.92490,1.92017,1.92411,7107,22,0
1770969600,1.92408,1.92818,1.92392,1.92723,7626,22,0
1770973200,1.92714,1.92977,1.92687,1.92822,8336,22,0
1770976800,1.92820,1.92820,1.92501,1.92511,9387,22,0
1770980400,1.92509,1.92705,1.92488,1.92622,7299,22,0
1770984000,1.92629,1.92848,1.92581,1.92820,6408,22,0
1770987600,1.92820,1.93097,1.92793,1.92927,8548,22,0
1770991200,1.92928,1.93033,1.92836,1.92914,8493,22,0
1770994800,1.92917,1.93167,1.92628,1.92810,19080,22,0
1770998400,1.92819,1.93278,1.92594,1.93245,22384,22,0
1771002000,1.93243,1.93268,1.92559,1.92786,24040,22,0
1771005600,1.92791,1.93077,1.92644,1.93035,15718,22,0
1771009200,1.93039,1.93044,1.92776,1.92860,10581,22,0
1771012800,1.92853,1.92955,1.92667,1.92814,8799,22,0
1771016400,1.92815,1.92946,1.92701,1.92921,6846,22,0
1771020000,1.92923,1.93088,1.92845,1.93019,7722,22,0
1771023600,1.93014,1.93140,1.92903,1.93061,3660,22,0
1771200000,1.93179,1.93207,1.93084,1.93087,2714,73,0
1771203600,1.93083,1.93172,1.92968,1.92977,4858,22,0
1771207200,1.92978,1.93040,1.92727,1.92738,6928,22,0
1771210800,1.92738,1.92796,1.92517,1.92575,5879,22,0
1771214400,1.92577,1.92653,1.92540,1.92591,6222,22,0
1771218000,1.92590,1.92664,1.92498,1.92555,4099,22,0
1771221600,1.92559,1.92565,1.92423,1.92462,3966,22,0
1771225200,1.92463,1.92515,1.92386,1.92433,3424,22,0
1771228800,1.92434,1.92475,1.92349,1.92474,3534,22,0
1771232400,1.92470,1.92552,1.92422,1.92492,4741,22,0
1771236000,1.92489,1.92618,1.92414,1.92435,8166,22,0
1771239600,1.92436,1.92726,1.92431,1.92611,6010,22,0
1771243200,1.92607,1.92662,1.92522,1.92633,5558,22,0
1771246800,1.92631,1.92809,1.92599,1.92613,4823,22,0
1771250400,1.92613,1.92702,1.92518,1.92534,4373,22,0
1771254000,1.92535,1.92564,1.92410,1.92457,5006,22,0
1771257600,1.92458,1.92745,1.92418,1.92646,6850,22,0
1771261200,1.92644,1.92853,1.92609,1.92846,6867,22,0
1771264800,1.92853,1.92859,1.92637,1.92682,5879,22,0
1771268400,1.92679,1.92697,1.92617,1.92661,2138,22,0
1771272000,1.92660,1.92677,1.92614,1.92676,914,22,0
1771275600,1.92674,1.92692,1.92653,1.92656,759,22,0
1771279200,1.92657,1.92666,1.92613,1.92633,595,22,0
1771282800,1.92631,1.92715,1.92620,1.92683,1075,22,0
1771286400,1.92714,1.92741,1.92635,1.92671,4351,57,0
1771290000,1.92693,1.92699,1.92593,1.92665,2431,22,0
1771293600,1.92665,1.92783,1.92573,1.92754,5201,22,0
1771297200,1.92757,1.92943,1.92518,1.92896,6700,22,0
1771300800,1.92896,1.93039,1.92796,1.92860,5034,22,0
1771304400,1.92861,1.93091,1.92853,1.92942,5240,22,0
1771308000,1.92941,1.92943,1.92569,1.92569,3510,22,0
1771311600,1.92568,1.92789,1.92536,1.92689,5851,22,0
1771315200,1.92687,1.92713,1.92569,1.92604,4058,22,0
1771318800,1.92613,1.92631,1.91867,1.91987,8772,22,0
1771322400,1.91982,1.92331,1.91876,1.92221,9193,22,0
1771326000,1.92220,1.92293,1.92144,1.92144,7111,22,0
1771329600,1.92152,1.92422,1.92098,1.92418,6567,22,0
1771333200,1.92419,1.92429,1.92060,1.92074,7589,22,0
1771336800,1.92076,1.92138,1.91969,1.92051,7696,22,0
1771340400,1.92050,1.92180,1.91660,1.91963,12326,22,0
1771344000,1.91962,1.92107,1.91652,1.92073,18541,22,0
1771347600,1.92069,1.92195,1.91646,1.91702,22016,22,0
1771351200,1.91683,1.91741,1.91386,1.91654,16086,22,0
1771354800,1.91658,1.91907,1.91596,1.91703,11194,22,0
1771358400,1.91702,1.91731,1.91256,1.91292,9627,22,0
1771362000,1.91294,1.91497,1.91249,1.91479,6216,22,0
1771365600,1.91478,1.91509,1.91412,1.91474,5103,22,0
1771369200,1.91471,1.91514,1.91408,1.91448,2149,22,0
1771372800,1.91398,1.91507,1.91294,1.91396,1550,29,0
1771376400,1.91401,1.91561,1.91366,1.91505,3349,22,0
1771380000,1.91504,1.91656,1.91458,1.91620,5887,22,0
1771383600,1.91618,1.91643,1.91513,1.91604,5959,22,0
1771387200,1.91606,1.91778,1.91552,1.91772,4423,22,0
1771390800,1.91773,1.91828,1.91687,1.91719,4257,22,0
1771394400,1.91717,1.91759,1.91637,1.91722,4155,22,0
1771398000,1.91723,1.91838,1.91702,1.91807,2569,22,0
1771401600,1.91805,1.91854,1.91687,1.91798,3561,22,0
1771405200,1.91778,1.91998,1.91722,1.91813,6554,22,0
1771408800,1.91812,1.91871,1.91654,1.91853,7829,22,0
1771412400,1.91853,1.91886,1.91629,1.91781,6143,22,0
1771416000,1.91780,1.91904,1.91729,1.91782,5242,22,0
1771419600,1.91782,1.91956,1.91778,1.91949,4140,22,0
1771423200,1.91951,1.92026,1.91820,1.91967,6891,22,0
1771426800,1.91968,1.92088,1.91889,1.92049,8488,22,0
1771430400,1.92048,1.92130,1.91640,1.91668,14581,22,0
1771434000,1.91668,1.91675,1.91385,1.91526,12041,22,0
1771437600,1.91534,1.91708,1.91515,1.91574,9499,22,0
1771441200,1.91572,1.91596,1.91325,1.91401,6549,22,0
1771444800,1.91404,1.91709,1.91387,1.91709,7714,22,0
1771448400,1.91729,1.91880,1.91553,1.91807,10868,22,0
1771452000,1.91804,1.91861,1.91640,1.91696,6166,22,0
1771455600,1.91693,1.91729,1.91573,1.91589,1814,22,0
1771459200,1.91577,1.91645,1.91562,1.91567,6397,44,0
1771462800,1.91571,1.91615,1.91524,1.91603,2368,22,0
1771466400,1.91591,1.91733,1.91307,1.91402,6431,22,0
1771470000,1.91406,1.91417,1.90957,1.90967,5767,22,0
1771473600,1.90968,1.91086,1.90866,1.90909,4010,22,0
1771477200,1.90907,1.90983,1.90848,1.90973,3533,22,0
1771480800,1.90973,1.91249,1.90954,1.91226,3379,22,0
1771484400,1.91228,1.91357,1.91170,1.91197,3593,22,0
1771488000,1.91198,1.91263,1.91006,1.91009,3655,22,0
1771491600,1.91006,1.91030,1.90851,1.90966,4820,22,0
1771495200,1.90968,1.91159,1.90869,1.91025,7233,22,0
1771498800,1.91026,1.91283,1.90954,1.91270,7426,22,0
1771502400,1.91272,1.91370,1.91177,1.91215,7814,22,0
1771506000,1.91214,1.91234,1.91041,1.91106,6945,22,0
1771509600,1.91106,1.91160,1.90931,1.91031,6878,22,0
1771513200,1.91031,1.91162,1.90831,1.90936,11460,22,0
1771516800,1.90938,1.91275,1.90867,1.91094,16192,22,0
1771520400,1.91099,1.91203,1.90618,1.90624,20128,22,0
1771524000,1.90625,1.90744,1.90523,1.90740,12954,22,0
1771527600,1.90737,1.90878,1.90607,1.90808,10326,22,0
1771531200,1.90810,1.90892,1.90719,1.90765,8359,22,0
1771534800,1.90767,1.90940,1.90761,1.90847,7362,22,0
1771538400,1.90849,1.90859,1.90720,1.90740,4847,22,0
1771542000,1.90737,1.90847,1.90694,1.90764,3609,22,0
1771545600,1.90753,1.90837,1.90739,1.90819,869,36,0
1771549200,1.90838,1.90848,1.90701,1.90754,3030,22,0
1771552800,1.90755,1.90856,1.90726,1.90787,4818,22,0
1771556400,1.90785,1.91395,1.90763,1.91227,8103,22,0
1771560000,1.91226,1.91548,1.91122,1.91403,8241,22,0
1771563600,1.91403,1.91406,1.91162,1.91210,5160,22,0
1771567200,1.91210,1.91269,1.91082,1.91109,4101,22,0
1771570800,1.91111,1.91111,1.90876,1.90876,5646,22,0
1771574400,1.90883,1.90921,1.90784,1.90784,4893,22,0
1771578000,1.90785,1.91062,1.90753,1.90933,8562,22,0
1771581600,1.90934,1.90952,1.90645,1.90670,9397,22,0
1771585200,1.90669,1.90901,1.90499,1.90784,7581,22,0
1771588800,1.90788,1.91046,1.90707,1.91011,6242,22,0
1771592400,1.91005,1.91197,1.90929,1.91131,6569,22,0
1771596000,1.91133,1.91394,1.91100,1.91278,8289,22,0
1771599600,1.91289,1.91357,1.91123,1.91231,13362,22,0
1771603200,1.91227,1.91403,1.90864,1.90915,15790,22,0
1771606800,1.90897,1.91130,1.90457,1.90518,40410,22,0
1771610400,1.90521,1.90841,1.90470,1.90633,18419,22,0
1771614000,1.90641,1.90872,1.90540,1.90614,15999,22,0
1771617600,1.90616,1.90792,1.90354,1.90396,22273,22,0
1771621200,1.90396,1.90562,1.90381,1.90490,10592,22,0
1771624800,1.90489,1.90500,1.90386,1.90432,6502,22,0
1771628400,1.90427,1.90483,1.90234,1.90288,4017,22,0
1771804800,1.90553,1.90585,1.90339,1.90523,1627,62,0
1771808400,1.90531,1.90553,1.90264,1.90273,8432,22,0
1771812000,1.90275,1.90816,1.90269,1.90745,10499,22,0
1771815600,1.90742,1.91002,1.90708,1.90926,12424,22,0
1771819200,1.90930,1.91251,1.90899,1.91163,9436,22,0
1771822800,1.91164,1.91180,1.91042,1.91179,6423,22,0
1771826400,1.91178,1.91241,1.91121,1.91209,4252,22,0
1771830000,1.91208,1.91229,1.91056,1.91132,3933,22,0
1771833600,1.91129,1.91235,1.91063,1.91073,4509,22,0
1771837200,1.91074,1.91185,1.90953,1.91013,7422,22,0
1771840800,1.91011,1.91060,1.90702,1.90807,9882,22,0
1771844400,1.90802,1.90814,1.90616,1.90673,6971,22,0
1771848000,1.90667,1.90877,1.90667,1.90849,6178,22,0
1771851600,1.90848,1.90899,1.90717,1.90796,6287,22,0
1771855200,1.90794,1.91013,1.90745,1.90890,7781,22,0
1771858800,1.90891,1.91078,1.90828,1.91069,9676,22,0
1771862400,1.91064,1.91083,1.90788,1.90984,14539,22,0
1771866000,1.90984,1.91192,1.90960,1.91125,16770,22,0
1771869600,1.91123,1.91337,1.91079,1.91293,15299,22,0
1771873200,1.91292,1.91318,1.91126,1.91176,11110,22,0
1771876800,1.91177,1.91196,1.91029,1.91175,7895,22,0
1771880400,1.91178,1.91207,1.91128,1.91184,6327,22,0
1771884000,1.91182,1.91260,1.91152,1.91182,4813,22,0
1771887600,1.91179,1.91269,1.91113,1.91202,2263,22,0
1771891200,1.91209,1.91259,1.91138,1.91157,5130,44,0
1771894800,1.91158,1.91241,1.91096,1.91153,3122,22,0
1771898400,1.91153,1.91196,1.91022,1.91042,5727,22,0
1771902000,1.91043,1.91237,1.91017,1.91122,11134,22,0
1771905600,1.91123,1.91165,1.90890,1.90905,7774,22,0
1771909200,1.90907,1.91013,1.90855,1.90891,5418,22,0
1771912800,1.90890,1.90982,1.90875,1.90978,4480,22,0
1771916400,1.90975,1.91025,1.90882,1.90899,5217,22,0
1771920000,1.90900,1.90939,1.90848,1.90881,5198,22,0
1771923600,1.90879,1.90892,1.90591,1.90679,11938,22,0
1771927200,1.90679,1.91017,1.90633,1.90886,11855,22,0
1771930800,1.90886,1.91124,1.90829,1.91110,7926,22,0
1771934400,1.91115,1.91279,1.91054,1.91259,6212,22,0
1771938000,1.91260,1.91441,1.91208,1.91370,6386,22,0
1771941600,1.91371,1.91580,1.91321,1.91526,8313,22,0
1771945200,1.91521,1.91708,1.91440,1.91699,11132,22,0
1771948800,1.91698,1.91853,1.91437,1.91748,17018,22,0
1771952400,1.91749,1.91832,1.91490,1.91614,18119,22,0
1771956000,1.91612,1.91633,1.91408,1.91459,12004,22,0
1771959600,1.91458,1.91458,1.91222,1.91330,6035,22,0
1771963200,1.91333,1.91399,1.91241,1.91274,5180,22,0
1771966800,1.91273,1.91329,1.91216,1.91225,5092,22,0
1771970400,1.91226,1.91255,1.91133,1.91178,4400,22,0
1771974000,1.91176,1.91224,1.91096,1.91123,2866,22,0
1771977600,1.91074,1.91220,1.91058,1.91087,1707,45,0
1771981200,1.91087,1.91197,1.91080,1.91185,2164,22,0
1771984800,1.91186,1.91215,1.90591,1.90806,6869,22,0
1771988400,1.90807,1.90861,1.90618,1.90748,9067,22,0
1771992000,1.90750,1.90776,1.90524,1.90537,9012,22,0
1771995600,1.90534,1.90619,1.90202,1.90288,11054,22,0
1771999200,1.90286,1.90350,1.90128,1.90191,5715,22,0
1772002800,1.90198,1.90237,1.90137,1.90155,5820,22,0
1772006400,1.90155,1.90225,1.90062,1.90130,5897,22,0
1772010000,1.90132,1.90419,1.90056,1.90399,7476,22,0
1772013600,1.90400,1.90512,1.90254,1.90466,8629,22,0
1772017200,1.90467,1.90750,1.90310,1.90747,9687,22,0
1772020800,1.90764,1.90820,1.90563,1.90750,8010,22,0
1772024400,1.90755,1.90816,1.90662,1.90733,6503,22,0
1772028000,1.90738,1.90759,1.90562,1.90661,7555,22,0
1772031600,1.90661,1.90773,1.90464,1.90520,9756,22,0
1772035200,1.90514,1.90630,1.90428,1.90623,12830,22,0
1772038800,1.90617,1.90668,1.90330,1.90364,15508,22,0
1772042400,1.90359,1.90462,1.90221,1.90443,10740,22,0
1772046000,1.90444,1.90503,1.90376,1.90407,5893,22,0
1772049600,1.90402,1.90466,1.90333,1.90355,3438,22,0
1772053200,1.90354,1.90355,1.90191,1.90248,3287,22,0
1772056800,1.90247,1.90377,1.90223,1.90353,3422,22,0
1772060400,1.90351,1.90353,1.90223,1.90304,2882,22,0
1772064000,1.90298,1.90367,1.90254,1.90346,2067,47,0
1772067600,1.90348,1.90462,1.90316,1.90399,6315,22,0
1772071200,1.90401,1.90427,1.90258,1.90266,5585,22,0
1772074800,1.90265,1.90371,1.90163,1.90325,8785,22,0
1772078400,1.90326,1.90547,1.90293,1.90414,7392,22,0
1772082000,1.90411,1.90467,1.90245,1.90295,5382,22,0
1772085600,1.90294,1.90324,1.90183,1.90259,4241,22,0
1772089200,1.90260,1.90266,1.90044,1.90081,6354,22,0
1772092800,1.90079,1.90138,1.90036,1.90118,5945,22,0
1772096400,1.90120,1.90274,1.90066,1.90176,7769,22,0
1772100000,1.90183,1.90270,1.90078,1.90120,10008,22,0
1772103600,1.90121,1.90144,1.89939,1.90019,8161,22,0
1772107200,1.90025,1.90286,1.90001,1.90259,6389,22,0
1772110800,1.90259,1.90287,1.90153,1.90251,6517,22,0
1772114400,1.90250,1.90308,1.90147,1.90287,7261,22,0
1772118000,1.90288,1.90418,1.90224,1.90356,10756,22,0
1772121600,1.90363,1.90708,1.90340,1.90651,16512,22,0
1772125200,1.90669,1.91068,1.90271,1.90357,23983,16,0
1772128800,1.90360,1.90495,1.90293,1.90413,15375,15,0
1772132400,1.90410,1.90442,1.90035,1.90049,10378,15,0
1772136000,1.90046,1.90065,1.89658,1.89718,10220,15,0
1772139600,1.89722,1.89754,1.89661,1.89725,5994,15,0
1772143200,1.89723,1.89755,1.89657,1.89711,4152,16,0
1772146800,1.89714,1.89762,1.89678,1.89719,2115,17,0
1772150400,1.89734,1.89776,1.89617,1.89735,2091,84,0
1772154000,1.89739,1.89979,1.89732,1.89941,3491,19,0
1772157600,1.89943,1.90034,1.89810,1.89968,7017,20,0
1772161200,1.89967,1.89990,1.89686,1.89689,10049,19,0
1772164800,1.89684,1.89763,1.89456,1.89479,7407,19,0
1772168400,1.89479,1.89588,1.89403,1.89527,4758,19,0
1772172000,1.89526,1.89556,1.89386,1.89411,4890,19,0
1772175600,1.89407,1.89421,1.89180,1.89294,6031,17,0
1772179200,1.89296,1.89318,1.89022,1.89029,7428,18,0
1772182800,1.89024,1.89378,1.88955,1.89338,8015,15,0
1772186400,1.89338,1.89764,1.89321,1.89699,9404,17,0
1772190000,1.89696,1.89716,1.89494,1.89544,8600,15,0
1772193600,1.89547,1.89771,1.89467,1.89528,8282,17,0
1772197200,1.89529,1.89712,1.89410,1.89458,7480,15,0
1772200800,1.89458,1.89649,1.89409,1.89577,8695,16,0
1772204400,1.89575,1.89677,1.89289,1.89402,17537,15,0
1772208000,1.89405,1.89483,1.89257,1.89285,18269,15,0
1772211600,1.89284,1.89313,1.88614,1.88641,18926,15,0
1772215200,1.88641,1.89076,1.88617,1.88950,14956,17,0
1772218800,1.88949,1.89201,1.88796,1.89155,10672,17,0
1772222400,1.89153,1.89334,1.89147,1.89280,7797,18,0
1772226000,1.89279,1.89555,1.89213,1.89481,6177,17,0
1772229600,1.89483,1.89498,1.89312,1.89351,6435,18,0
1772233200,1.89350,1.89484,1.89300,1.89430,4853,21,0
1772409600,1.90271,1.90271,1.89803,1.90136,5066,123,0
1772413200,1.90136,1.90197,1.89558,1.89969,18233,15,0
1772416800,1.89970,1.90024,1.89536,1.89591,13523,19,0
1772420400,1.89599,1.89608,1.89189,1.89260,17440,20,0
1772424000,1.89253,1.89452,1.89144,1.89176,11197,20,0
1772427600,1.89180,1.89232,1.89014,1.89131,8342,20,0
1772431200,1.89131,1.89423,1.89093,1.89408,8257,17,0
1772434800,1.89411,1.89573,1.89339,1.89529,8312,18,0
1772438400,1.89530,1.89537,1.89261,1.89350,12384,19,0
1772442000,1.89346,1.89503,1.89198,1.89304,15916,18,0
1772445600,1.89303,1.89394,1.88804,1.88887,17906,15,0
1772449200,1.88882,1.88956,1.88538,1.88904,15693,17,0
1772452800,1.88902,1.89187,1.88691,1.89100,13013,18,0
1772456400,1.89098,1.89375,1.89045,1.89329,11862,17,0
1772460000,1.89324,1.89844,1.89268,1.89764,14398,17,0
1772463600,1.89762,1.89778,1.89392,1.89608,17040,16,0
1772467200,1.89600,1.89768,1.89390,1.89515,24593,17,0
1772470800,1.89498,1.89620,1.89160,1.89439,27401,17,0
1772474400,1.89431,1.89512,1.89185,1.89493,19396,18,0
1772478000,1.89492,1.89641,1.89383,1.89383,12120,18,0
1772481600,1.89386,1.89394,1.89226,1.89286,7983,18,0
1772485200,1.89284,1.89288,1.88923,1.89019,8012,18,0
1772488800,1.89020,1.89291,1.89009,1.89102,18704,18,0
1772492400,1.89100,1.89166,1.88860,1.88925,4951,17,0
1772496000,1.88937,1.88937,1.88708,1.88723,1686,89,0
1772499600,1.88716,1.88889,1.88655,1.88771,4282,21,0
1772503200,1.88771,1.88884,1.88708,1.88873,7332,20,0
1772506800,1.88870,1.88873,1.88442,1.88843,12533,20,0
1772510400,1.88839,1.89045,1.88575,1.88675,13057,18,0
1772514000,1.88674,1.88715,1.88421,1.88477,9250,19,0
1772517600,1.88473,1.88490,1.88305,1.88386,7984,18,0
1772521200,1.88384,1.88659,1.88230,1.88516,10880,18,0
1772524800,1.88513,1.88648,1.88396,1.88406,10869,19,0
1772528400,1.88406,1.88441,1.88030,1.88403,13230,17,0
1772532000,1.88397,1.88635,1.88215,1.88612,19232,15,0
1772535600,1.88610,1.88899,1.88379,1.88864,19710,17,0
1772539200,1.88856,1.89445,1.88798,1.89138,19153,18,0
1772542800,1.89138,1.89430,1.89028,1.89178,23003,16,0
1772546400,1.89179,1.89626,1.89100,1.89463,21684,17,0
1772550000,1.89462,1.89970,1.89423,1.89690,20979,17,0
1772553600,1.89699,1.90488,1.89624,1.90442,30526,19,0
1772557200,1.90435,1.91092,1.90052,1.90145,45440,16,0
1772560800,1.90143,1.90215,1.89578,1.89708,36561,17,0
1772564400,1.89713,1.89852,1.89480,1.89748,23647,17,0
1772568000,1.89747,1.89762,1.89449,1.89576,17214,18,0
1772571600,1.89572,1.89788,1.89341,1.89630,22556,19,0
1772575200,1.89629,1.89808,1.89541,1.89696,15992,17,0
1772578800,1.89694,1.89870,1.89663,1.89779,4557,17,0
1772582400,1.89819,1.89855,1.89663,1.89694,3093,84,0
1772586000,1.89676,1.89822,1.89584,1.89672,6552,21,0
1772589600,1.89674,1.90296,1.89552,1.90099,13910,20,0
1772593200,1.90094,1.90429,1.89985,1.90204,18365,21,0
1772596800,1.90202,1.90271,1.89941,1.90139,14852,20,0
1772600400,1.90137,1.90543,1.90072,1.90337,13007,19,0
1772604000,1.90341,1.90574,1.90165,1.90351,12219,20,0
1772607600,1.90351,1.90378,1.90079,1.90229,13158,20,0
1772611200,1.90230,1.90290,1.89883,1.89907,10853,18,0
1772614800,1.89906,1.90158,1.89761,1.90017,14134,16,0
1772618400,1.90011,1.90173,1.89746,1.89984,17471,18,0
1772622000,1.89980,1.90221,1.89763,1.89801,16343,16,0
1772625600,1.89798,1.89909,1.89354,1.89859,26948,19,0
1772629200,1.89858,1.89956,1.89638,1.89753,14186,19,0
1772632800,1.89754,1.89888,1.89470,1.89573,15145,20,0
1772636400,1.89570,1.89641,1.89380,1.89405,19126,20,0
1772640000,1.89403,1.89941,1.89318,1.89628,26326,18,0
1772643600,1.89629,1.89633,1.88935,1.88992,26178,18,0
1772647200,1.88988,1.89193,1.88948,1.89042,16746,17,0
1772650800,1.89039,1.89096,1.88848,1.88949,10852,17,0
1772654400,1.88945,1.89066,1.88730,1.88816,8869,17,0
1772658000,1.88815,1.88863,1.88682,1.88824,6937,16,0
1772661600,1.88823,1.89047,1.88801,1.88979,6654,18,0
1772665200,1.88977,1.88995,1.88858,1.88924,3554,20,0
1772668800,1.88951,1.88994,1.88904,1.88956,2517,84,0
1772672400,1.88961,1.88972,1.88813,1.88933,3664,21,0
1772676000,1.88934,1.89004,1.88785,1.88916,6611,20,0
1772679600,1.88917,1.89242,1.88780,1.89193,13951,20,0
1772683200,1.89190,1.89234,1.88986,1.88993,10877,19,0
1772686800,1.88993,1.89205,1.88907,1.89158,10011,18,0
1772690400,1.89162,1.89217,1.88935,1.89065,7473,20,0
1772694000,1.89065,1.89147,1.89009,1.89122,8598,20,0
1772697600,1.89119,1.89421,1.89050,1.89180,14162,18,0
1772701200,1.89184,1.89714,1.89127,1.89638,12710,16,0
1772704800,1.89639,1.89922,1.89518,1.89529,17004,18,0
1772708400,1.89545,1.89617,1.89062,1.89539,31332,18,0
1772712000,1.89538,1.89612,1.89279,1.89452,13896,15,0
1772715600,1.89450,1.89538,1.89222,1.89495,11592,18,0
1772719200,1.89490,1.89654,1.89394,1.89580,11964,17,0
1772722800,1.89585,1.89986,1.89560,1.89835,17358,19,0
1772726400,1.89838,1.90040,1.89547,1.89616,22467,20,0
1772730000,1.89618,1.90167,1.89480,1.89960,25472,18,0
1772733600,1.89959,1.90470,1.89929,1.90155,23962,16,0
1772737200,1.90146,1.90926,1.90080,1.90849,24076,16,0
1772740800,1.90851,1.90941,1.90700,1.90764,21359,18,0
1772744400,1.90766,1.90973,1.90690,1.90770,15770,15,0
1772748000,1.90771,1.90878,1.90458,1.90494,21366,17,0
1772751600,1.90492,1.90644,1.90492,1.90571,4263,18,0
1772755200,1.90457,1.90528,1.90201,1.90465,2578,97,0
1772758800,1.90456,1.90571,1.90383,1.90533,5401,21,0
1772762400,1.90533,1.90559,1.90236,1.90271,8004,19,0
1772766000,1.90270,1.90320,1.90037,1.90067,12794,18,0
1772769600,1.90068,1.90072,1.89882,1.89956,9057,15,0
1772773200,1.89955,1.89987,1.89878,1.89949,7397,16,0
1772776800,1.89949,1.90116,1.89918,1.90095,5786,19,0
1772780400,1.90095,1.90118,1.89886,1.90012,8824,18,0
1772784000,1.90009,1.90014,1.89833,1.89917,8562,19,0
1772787600,1.89908,1.89936,1.89694,1.89791,9739,19,0
1772791200,1.89790,1.90062,1.89744,1.89864,14257,19,0
1772794800,1.89862,1.90374,1.89835,1.90345,19552,19,0
1772798400,1.90330,1.90410,1.90149,1.90297,15916,19,0
1772802000,1.90296,1.90546,1.90134,1.90435,17043,18,0
1772805600,1.90436,1.90528,1.90176,1.90353,16190,17,0
1772809200,1.90364,1.91112,1.90288,1.90981,37541,18,0
1772812800,1.90972,1.91129,1.90744,1.90842,38132,18,0
1772816400,1.90837,1.90843,1.90356,1.90719,37673,15,0
1772820000,1.90721,1.90928,1.90677,1.90787,28606,17,0
1772823600,1.90785,1.90995,1.90748,1.90953,21204,18,0
1772827200,1.90956,1.90978,1.90525,1.90692,19756,19,0
1772830800,1.90695,1.90740,1.90529,1.90531,14997,17,0
1772834400,1.90535,1.90749,1.90506,1.90672,16470,20,0
1772838000,1.90671,1.90749,1.90625,1.90741,6164,24,0
1773010800,1.90922,1.91133,1.90780,1.90913,3154,147,0
1773014400,1.90917,1.90938,1.90516,1.90717,9771,150,0
1773018000,1.90775,1.91054,1.90656,1.90908,13601,18,0
1773021600,1.90906,1.91160,1.90767,1.90982,14934,18,0
1773025200,1.90976,1.90981,1.90597,1.90694,20909,18,0
1773028800,1.90690,1.90720,1.90148,1.90164,19094,20,0
1773032400,1.90165,1.90340,1.90096,1.90157,12922,19,0
1773036000,1.90157,1.90291,1.90054,1.90159,9597,16,0
1773039600,1.90159,1.90286,1.89768,1.90112,19907,19,0
1773043200,1.90113,1.90263,1.90009,1.90202,15762,16,0
1773046800,1.90205,1.90509,1.90094,1.90356,18829,18,0
1773050400,1.90349,1.90659,1.90267,1.90428,27045,21,0
1773054000,1.90446,1.90595,1.89936,1.90128,27162,15,0
1773057600,1.90122,1.90250,1.90015,1.90194,22216,16,0
1773061200,1.90194,1.90316,1.90058,1.90292,18234,20,0
1773064800,1.90258,1.90540,1.90157,1.90435,17652,17,0
1773068400,1.90440,1.90631,1.90157,1.90313,27137,19,0
1773072000,1.90313,1.90367,1.89728,1.90104,38735,17,0
1773075600,1.90104,1.90393,1.89928,1.90107,21171,17,0
1773079200,1.90107,1.90189,1.89871,1.89908,15474,18,0
1773082800,1.89907,1.90290,1.89893,1.90275,11224,18,0
1773086400,1.90276,1.90343,1.90027,1.90060,9355,16,0
1773090000,1.90061,1.90086,1.89760,1.89955,25379,18,0
1773093600,1.89954,1.90100,1.89799,1.89874,9681,15,0
1773097200,1.89864,1.89934,1.89804,1.89811,1996,110,0
1773100800,1.89872,1.89899,1.89756,1.89830,4434,150,0
1773104400,1.89881,1.89984,1.89762,1.89911,7169,19,0
1773108000,1.89912,1.90111,1.89848,1.90029,13622,19,0
1773111600,1.90034,1.90146,1.89870,1.89926,15731,20,0
1773115200,1.89924,1.90199,1.89837,1.90146,11025,18,0
1773118800,1.90143,1.90185,1.90000,1.90046,11693,20,0
1773122400,1.90047,1.90198,1.89990,1.90110,7018,15,0
1773126000,1.90104,1.90231,1.89822,1.89860,6989,19,0
1773129600,1.89859,1.89939,1.89478,1.89619,9158,20,0
1773133200,1.89630,1.89662,1.89256,1.89459,14543,18,0
1773136800,1.89446,1.89782,1.89347,1.89679,16570,18,0
1773140400,1.89683,1.89705,1.89166,1.89211,11730,17,0
1773144000,1.89209,1.89303,1.88965,1.89157,14526,18,0
1773147600,1.89174,1.89241,1.88792,1.88812,16173,17,0
1773151200,1.88813,1.89101,1.88778,1.88905,19151,20,0
1773154800,1.88903,1.89171,1.88817,1.89047,23576,19,0
1773158400,1.89041,1.89105,1.88352,1.88452,23131,19,0
1773162000,1.88447,1.88541,1.88217,1.88230,17779,19,0
1773165600,1.88229,1.88452,1.88204,1.88286,13490,19,0
1773169200,1.88282,1.88314,1.87981,1.88119,15426,18,0
1773172800,1.88109,1.88503,1.88056,1.88253,25052,15,0
1773176400,1.88255,1.88518,1.88234,1.88463,18666,20,0
1773180000,1.88460,1.88521,1.88384,1.88436,5172,21,0
1773183600,1.88430,1.88469,1.88329,1.88418,4620,82,0
1773187200,1.88426,1.88481,1.88379,1.88428,2523,150,0
1773190800,1.88482,1.88558,1.88438,1.88482,4295,21,0
1773194400,1.88482,1.88489,1.88241,1.88356,9951,19,0
1773198000,1.88356,1.88381,1.87987,1.88053,10426,18,0
1773201600,1.88053,1.88132,1.87433,1.87682,8115,20,0
1773205200,1.87684,1.87752,1.87483,1.87507,6757,20,0
1773208800,1.87507,1.87559,1.87268,1.87326,5654,17,0
1773212400,1.87328,1.87654,1.87291,1.87457,7482,20,0
1773216000,1.87456,1.87586,1.87386,1.87477,8132,19,0
1773219600,1.87479,1.87743,1.87286,1.87530,14397,19,0
1773223200,1.87530,1.87555,1.87222,1.87481,17121,19,0
1773226800,1.87480,1.87748,1.87341,1.87703,16903,18,0
1773230400,1.87705,1.87799,1.87507,1.87727,13812,19,0
1773234000,1.87717,1.87749,1.87341,1.87583,15395,15,0
1773237600,1.87581,1.87681,1.87309,1.87487,20161,18,0
1773241200,1.87487,1.87553,1.87120,1.87194,21623,19,0
1773244800,1.87197,1.87312,1.86930,1.86977,32398,16,0
1773248400,1.86973,1.87390,1.86913,1.87383,19953,17,0
1773252000,1.87386,1.87550,1.87310,1.87463,15842,17,0
1773255600,1.87463,1.87739,1.87427,1.87677,14301,17,0
1773259200,1.87677,1.87783,1.87551,1.87629,11524,18,0
1773262800,1.87629,1.87711,1.87493,1.87496,7605,18,0
1773266400,1.87496,1.87579,1.87453,1.87492,3141,19,0
1773270000,1.87449,1.87509,1.87358,1.87434,2152,147,0
1773273600,1.87497,1.87649,1.87497,1.87578,4467,150,0
1773277200,1.87641,1.87775,1.87631,1.87705,9203,20,0
1773280800,1.87704,1.87715,1.87273,1.87278,9642,18,0
1773284400,1.87277,1.87407,1.87066,1.87224,9844,19,0
1773288000,1.87224,1.87458,1.87142,1.87388,8751,17,0
1773291600,1.87390,1.87533,1.87342,1.87355,6777,19,0
1773295200,1.87356,1.87591,1.87346,1.87569,5175,19,0
1773298800,1.87570,1.87775,1.87407,1.87670,9368,17,0
1773302400,1.87671,1.88005,1.87628,1.87790,8829,18,0
1773306000,1.87785,1.87876,1.87547,1.87699,10302,16,0
1773309600,1.87697,1.87707,1.87423,1.87508,13117,18,0
1773313200,1.87508,1.87774,1.87488,1.87643,11598,18,0
1773316800,1.87642,1.87770,1.87549,1.87712,10282,18,0
1773320400,1.87715,1.87766,1.87534,1.87718,10643,18,0
1773324000,1.87717,1.87809,1.87508,1.87599,14614,18,0
1773327600,1.87598,1.88379,1.87559,1.88367,23744,18,0
1773331200,1.88363,1.88514,1.88126,1.88367,24286,17,0
1773334800,1.88380,1.88675,1.88180,1.88302,26705,15,0
1773338400,1.88302,1.88538,1.88162,1.88316,19975,18,0
1773342000,1.88317,1.88552,1.88253,1.88518,15801,18,0
1773345600,1.88521,1.88576,1.88421,1.88434,11861,18,0
1773349200,1.88435,1.88586,1.88378,1.88582,11102,18,0
1773352800,1.88581,1.88626,1.88480,1.88545,5978,19,0
1773356400,1.88519,1.88615,1.88425,1.88603,6192,86,0
1773360000,1.88606,1.88653,1.88473,1.88506,3099,150,0
1773363600,1.88567,1.88710,1.88538,1.88672,4775,21,0
1773367200,1.88673,1.88828,1.88524,1.88622,8343,19,0
1773370800,1.88622,1.88682,1.88470,1.88589,8298,20,0
1773374400,1.88588,1.88729,1.88459,1.88649,7801,19,0
1773378000,1.88650,1.88920,1.88564,1.88737,7309,20,0
1773381600,1.88737,1.88835,1.88702,1.88747,5651,18,0
1773385200,1.88747,1.88832,1.88690,1.88760,6888,17,0
1773388800,1.88761,1.89234,1.88696,1.89184,10553,18,0
1773392400,1.89177,1.89207,1.88944,1.88973,14682,16,0
1773396000,1.88982,1.89099,1.88413,1.88423,17216,18,0
1773399600,1.88432,1.88642,1.88259,1.88460,15444,17,0
1773403200,1.88459,1.88541,1.88276,1.88369,13801,18,0
1773406800,1.88369,1.88441,1.88006,1.88019,15381,17,0
1773410400,1.88001,1.88277,1.87976,1.88069,19493,18,0
1773414000,1.88069,1.88532,1.88037,1.88384,22513,18,0
1773417600,1.88386,1.88789,1.88284,1.88686,24673,19,0
1773421200,1.88696,1.89054,1.88510,1.89047,24319,16,0
1773424800,1.89053,1.89090,1.88816,1.89032,21472,18,0
1773428400,1.89030,1.89149,1.88875,1.89123,17494,19,0
1773432000,1.89125,1.89173,1.89001,1.89070,12801,15,0
1773435600,1.89069,1.89206,1.89049,1.89194,10219,20,0
1773439200,1.89194,1.89398,1.89169,1.89372,6436,17,0
1773615600,1.89354,1.89355,1.89012,1.89136,1562,147,0
1773619200,1.89173,1.89299,1.89099,1.89168,4775,150,0
1773622800,1.89229,1.89303,1.89026,1.89090,8330,22,0
1773626400,1.89091,1.89116,1.88888,1.89043,9243,20,0
1773630000,1.89044,1.89331,1.88966,1.89060,10116,18,0
1773633600,1.89064,1.89142,1.89011,1.89135,8150,19,0
1773637200,1.89120,1.89221,1.89061,1.89152,5610,19,0
1773640800,1.89151,1.89187,1.89042,1.89179,3909,18,0
1773644400,1.89173,1.89182,1.88813,1.88890,5355,20,0
1773648000,1.88892,1.88911,1.88745,1.88792,6327,17,0
1773651600,1.88794,1.88894,1.88670,1.88834,10142,18,0
1773655200,1.88835,1.88884,1.88664,1.88713,14074,18,0
1773658800,1.88714,1.88814,1.88557,1.88576,10804,18,0
1773662400,1.88578,1.88650,1.88231,1.88249,11203,18,0
1773666000,1.88246,1.88378,1.88134,1.88349,9836,18,0
1773669600,1.88348,1.88359,1.88222,1.88314,11448,18,0
1773673200,1.88313,1.88362,1.88105,1.88161,13725,16,0
1773676800,1.88173,1.88452,1.88059,1.88263,14906,17,0
1773680400,1.88261,1.88614,1.88231,1.88537,13483,17,0
1773684000,1.88541,1.88650,1.88408,1.88594,14202,16,0
1773687600,1.88587,1.88610,1.88482,1.88536,12348,17,0
1773691200,1.88532,1.88553,1.88362,1.88425,9485,17,0
1773694800,1.88424,1.88506,1.88285,1.88390,10043,17,0
1773698400,1.88389,1.88457,1.88292,1.88343,3564,18,0
1773702000,1.88338,1.88369,1.88217,1.88314,652,66,0
1773705600,1.88345,1.88390,1.88320,1.88360,2132,150,0
1773709200,1.88421,1.88443,1.88327,1.88363,2614,17,0
1773712800,1.88361,1.88441,1.88293,1.88355,6575,20,0
1773716400,1.88357,1.88369,1.87904,1.87904,8368,20,0
1773720000,1.87905,1.88044,1.87806,1.88039,5892,18,0
1773723600,1.88035,1.88773,1.87594,1.88240,14566,16,0
1773727200,1.88245,1.88393,1.88008,1.88198,6831,17,0
1773730800,1.88199,1.88213,1.87707,1.88000,8406,16,0
1773734400,1.88000,1.88175,1.87862,1.87935,11827,16,0
1773738000,1.87936,1.88399,1.87936,1.88258,10881,18,0
1773741600,1.88259,1.88389,1.88115,1.88169,15397,20,0
1773745200,1.88161,1.88259,1.88021,1.88081,11355,17,0
1773748800,1.88080,1.88195,1.87991,1.88044,11054,17,0
1773752400,1.88046,1.88203,1.87996,1.88101,10863,15,0
1773756000,1.88103,1.88137,1.87822,1.87835,12157,16,0
1773759600,1.87837,1.87881,1.87542,1.87678,17259,16,0
1773763200,1.87679,1.88019,1.87621,1.87933,16038,17,0
1773766800,1.87932,1.88226,1.87922,1.87925,16386,16,0
1773770400,1.87926,1.87980,1.87793,1.87916,13631,17,0
1773774000,1.87914,1.87930,1.87772,1.87828,8930,16,0
1773777600,1.87827,1.88039,1.87805,1.87979,7289,17,0
1773781200,1.87981,1.88073,1.87937,1.87953,4764,17,0
1773784800,1.87950,1.88020,1.87905,1.87961,3320,17,0
1773788400,1.87921,1.88076,1.87901,1.88012,915,123,0
1773792000,1.87884,1.87952,1.87863,1.87888,2403,149,0
1773795600,1.87949,1.87998,1.87837,1.87888,6604,27,0
1773799200,1.87890,1.87994,1.87804,1.87863,10863,19,0
1773802800,1.87860,1.87861,1.87600,1.87725,6855,18,0
1773806400,1.87735,1.88035,1.87713,1.88015,5874,18,0
1773810000,1.88014,1.88041,1.87815,1.87829,4037,18,0
1773813600,1.87829,1.87940,1.87710,1.87822,4043,17,0
1773817200,1.87821,1.87938,1.87768,1.87847,5470,19,0
1773820800,1.87846,1.87861,1.87689,1.87732,6140,17,0
1773824400,1.87726,1.87882,1.87663,1.87754,7382,18,0
1773828000,1.87759,1.87922,1.87717,1.87804,9500,18,0
1773831600,1.87805,1.87874,1.87735,1.87831,7131,18,0
1773835200,1.87832,1.88005,1.87792,1.87995,6186,18,0
1773838800,1.87998,1.88223,1.87981,1.88164,12752,18,0
1773842400,1.88159,1.88644,1.88148,1.88641,22085,16,0
1773846000,1.88638,1.88830,1.88514,1.88523,22371,18,0
1773849600,1.88517,1.88606,1.88226,1.88289,20421,16,0
1773853200,1.88289,1.88343,1.88105,1.88247,16952,17,0
1773856800,1.88246,1.88340,1.88192,1.88330,12606,18,0
1773860400,1.88330,1.88445,1.88275,1.88362,10637,18,0
1773864000,1.88309,1.88539,1.88234,1.88442,19143,18,0
1773867600,1.88449,1.88733,1.88386,1.88691,12556,16,0
1773871200,1.88694,1.88872,1.88648,1.88738,7290,17,0
1773874800,1.88737,1.88741,1.88528,1.88561,1846,100,0
1773878400,1.88666,1.88698,1.88560,1.88695,3374,150,0
1773882000,1.88758,1.88821,1.88673,1.88686,6068,22,0
1773885600,1.88694,1.88816,1.88371,1.88581,11255,19,0
1773889200,1.88576,1.88763,1.88523,1.88609,10598,19,0
1773892800,1.88610,1.88756,1.88427,1.88584,11133,20,0
1773896400,1.88583,1.88605,1.88411,1.88480,5741,19,0
1773900000,1.88480,1.88584,1.88425,1.88580,5568,19,0
1773903600,1.88581,1.88629,1.88435,1.88577,6904,18,0
1773907200,1.88583,1.88660,1.88447,1.88468,10265,18,0
1773910800,1.88470,1.88823,1.88307,1.88758,15751,19,0
1773914400,1.88759,1.88775,1.88258,1.88325,19178,16,0
1773918000,1.88316,1.88422,1.88143,1.88215,29203,19,0
1773921600,1.88217,1.88386,1.88169,1.88323,16083,18,0
1773925200,1.88323,1.88794,1.88293,1.88675,14072,18,0
1773928800,1.88676,1.89528,1.88666,1.89466,30879,15,0
1773932400,1.89465,1.89971,1.89322,1.89602,52653,19,0
1773936000,1.89591,1.89760,1.89376,1.89678,47083,16,0
1773939600,1.89677,1.89938,1.89565,1.89872,32756,17,0
1773943200,1.89873,1.89892,1.89526,1.89701,22474,18,0
1773946800,1.89701,1.90050,1.89676,1.89958,12418,18,0
1773950400,1.89963,1.90009,1.89653,1.89659,10485,18,0
1773954000,1.89654,1.89679,1.89344,1.89557,31980,18,0
1773957600,1.89557,1.89621,1.89420,1.89483,5300,19,0
1773961200,1.89457,1.89556,1.89384,1.89384,2022,116,0
1773964800,1.89425,1.89519,1.89348,1.89487,3394,150,0
1773968400,1.89548,1.89618,1.89385,1.89592,5795,20,0
1773972000,1.89592,1.89703,1.89503,1.89528,8549,19,0
1773975600,1.89531,1.89533,1.89239,1.89368,10302,20,0
1773979200,1.89366,1.89417,1.89173,1.89199,6219,20,0
1773982800,1.89199,1.89332,1.89146,1.89250,5600,20,0
1773986400,1.89249,1.89365,1.89075,1.89088,3718,18,0
1773990000,1.89092,1.89170,1.88948,1.89152,5664,19,0
1773993600,1.89153,1.89359,1.89079,1.89304,6758,18,0
1773997200,1.89316,1.89394,1.89138,1.89333,12011,18,0
1774000800,1.89334,1.89478,1.89291,1.89309,13837,19,0
1774004400,1.89301,1.89481,1.89253,1.89409,15199,18,0
1774008000,1.89401,1.89555,1.89293,1.89348,16528,17,0
1774011600,1.89354,1.89365,1.89098,1.89184,13342,18,0
1774015200,1.89183,1.89258,1.89064,1.89137,18556,18,0
1774018800,1.89129,1.89608,1.89066,1.89569,23624,18,0
1774022400,1.89559,1.89590,1.89155,1.89163,28057,18,0
1774026000,1.89165,1.89358,1.89043,1.89143,30139,16,0
1774029600,1.89143,1.89349,1.89088,1.89266,18508,18,0
1774033200,1.89266,1.89661,1.89041,1.89584,15655,18,0
1774036800,1.89583,1.90113,1.89560,1.90089,14744,16,0
1774040400,1.90090,1.90162,1.89978,1.90004,12017,17,0
1774044000,1.90003,1.90106,1.89845,1.89926,7338,21,0
1774220400,1.90152,1.90253,1.90083,1.90157,1341,147,0
1774224000,1.90087,1.90140,1.89884,1.90073,5601,150,0
1774227600,1.90136,1.90244,1.90079,1.90205,8530,21,0
1774231200,1.90204,1.90471,1.90107,1.90419,14558,19,0
1774234800,1.90416,1.90758,1.90243,1.90604,18356,18,0
1774238400,1.90603,1.90843,1.90505,1.90773,12703,19,0
1774242000,1.90765,1.90879,1.90669,1.90709,10169,20,0
1774245600,1.90711,1.90925,1.90652,1.90895,7384,18,0
1774249200,1.90894,1.91129,1.90821,1.91040,9956,18,0
1774252800,1.91049,1.91131,1.90924,1.91041,14104,17,0
1774256400,1.91037,1.91277,1.90954,1.91104,18223,18,0
1774260000,1.91107,1.91347,1.90867,1.91022,26203,16,0
1774263600,1.90999,1.91223,1.90980,1.91117,19117,18,0
1774267200,1.91118,1.91915,1.91048,1.91569,22562,19,0
1774270800,1.91563,1.91853,1.90020,1.91194,162549,20,0
1774274400,1.91191,1.91405,1.90746,1.91016,87773,22,0
1774278000,1.91014,1.91377,1.90739,1.90817,72321,18,0
1774281600,1.90823,1.91016,1.90514,1.90761,53738,20,0
1774285200,1.90759,1.91505,1.90622,1.91393,41488,19,0
1774288800,1.91390,1.91739,1.91190,1.91324,26669,17,0
1774292400,1.91320,1.91466,1.91027,1.91388,16925,16,0
1774296000,1.91388,1.91613,1.91364,1.91465,18371,18,0
1774299600,1.91474,1.91641,1.91436,1.91559,10756,17,0
1774303200,1.91566,1.91623,1.91434,1.91485,4581,16,0
1774306800,1.91483,1.91631,1.91349,1.91590,1717,95,0
1774310400,1.91669,1.91721,1.91185,1.91328,4004,150,0
1774314000,1.91384,1.91623,1.91374,1.91553,6378,18,0
1774317600,1.91555,1.92213,1.91552,1.91781,17859,19,0
1774321200,1.91782,1.92189,1.91591,1.92167,17171,20,0
1774324800,1.92165,1.92326,1.92036,1.92303,15040,19,0
1774328400,1.92305,1.92352,1.92180,1.92273,10636,20,0
1774332000,1.92271,1.92360,1.92187,1.92258,8777,20,0
1774335600,1.92260,1.92444,1.92202,1.92322,12807,20,0
1774339200,1.92322,1.92416,1.91929,1.91952,14902,20,0
1774342800,1.91951,1.92240,1.91601,1.92153,21764,19,0
1774346400,1.92160,1.92419,1.91991,1.92281,25987,18,0
1774350000,1.92285,1.92516,1.92078,1.92199,18014,20,0
1774353600,1.92189,1.92334,1.92080,1.92148,15950,18,0
1774357200,1.92149,1.92437,1.92086,1.92216,19692,19,0
1774360800,1.92219,1.92684,1.92190,1.92516,21128,20,0
1774364400,1.92515,1.92540,1.92095,1.92102,32337,20,0
1774368000,1.92101,1.92429,1.91980,1.92298,44252,16,0
1774371600,1.92298,1.92416,1.91938,1.92130,31354,18,0
1774375200,1.92123,1.92213,1.91986,1.92128,18668,18,0
1774378800,1.92132,1.92610,1.92112,1.92407,31763,19,0
1774382400,1.92408,1.92427,1.92011,1.92109,18951,18,0
1774386000,1.92107,1.92110,1.91888,1.92036,11573,18,0
1774389600,1.92036,1.92075,1.91408,1.91646,25513,20,0
1774393200,1.91642,1.91761,1.91558,1.91702,9552,114,0
1774396800,1.91739,1.91791,1.91561,1.91642,5158,150,0
1774400400,1.91705,1.91860,1.91655,1.91774,6483,22,0
1774404000,1.91774,1.92173,1.91731,1.91961,12715,21,0
1774407600,1.91960,1.92165,1.91829,1.92127,12937,15,0
1774411200,1.92124,1.92246,1.92006,1.92208,9364,20,0
1774414800,1.92207,1.92262,1.92004,1.92021,7267,18,0
1774418400,1.92021,1.92065,1.91921,1.92007,5147,18,0
1774422000,1.92007,1.92057,1.91825,1.91845,7380,17,0
1774425600,1.91850,1.92010,1.91843,1.91936,7758,17,0
1774429200,1.91946,1.92253,1.91903,1.92192,12032,18,0
1774432800,1.92196,1.92400,1.91968,1.92004,20901,18,0
1774436400,1.92009,1.92351,1.91935,1.92219,12873,15,0
1774440000,1.92218,1.92556,1.92164,1.92476,10990,19,0
1774443600,1.92473,1.92644,1.92385,1.92552,12973,18,0
1774447200,1.92532,1.92715,1.92345,1.92450,19127,17,0
1774450800,1.92432,1.92492,1.92180,1.92450,19342,17,0
1774454400,1.92453,1.92470,1.91947,1.92126,21324,16,0
1774458000,1.92121,1.92341,1.92056,1.92077,19122,18,0
1774461600,1.92070,1.92243,1.91978,1.92224,16052,17,0
1774465200,1.92226,1.92271,1.92017,1.92237,11586,17,0
1774468800,1.92238,1.92330,1.92145,1.92264,10285,17,0
1774472400,1.92268,1.92401,1.92234,1.92341,9898,18,0
1774476000,1.92340,1.92366,1.92267,1.92285,3787,20,0
1774479600,1.92246,1.92320,1.92218,1.92282,3673,141,0
1774483200,1.92339,1.92457,1.92147,1.92271,2653,150,0
1774486800,1.92330,1.92538,1.92321,1.92463,4182,21,0
1774490400,1.92465,1.92563,1.92342,1.92531,7094,20,0
1774494000,1.92531,1.92551,1.92420,1.92448,8704,21,0
1774497600,1.92446,1.92559,1.92390,1.92475,7268,21,0
1774501200,1.92476,1.92476,1.92222,1.92272,6505,18,0
1774504800,1.92273,1.92318,1.92120,1.92185,4232,20,0
1774508400,1.92183,1.92264,1.92095,1.92214,6884,20,0
1774512000,1.92215,1.92343,1.92188,1.92226,9019,20,0
1774515600,1.92219,1.92398,1.92199,1.92375,9755,20,0
1774519200,1.92375,1.92446,1.92211,1.92319,12606,18,0
1774522800,1.92326,1.92636,1.92298,1.92504,11846,15,0
1774526400,1.92503,1.92615,1.92419,1.92583,10407,18,0
1774530000,1.92578,1.92864,1.92542,1.92838,9769,17,0
1774533600,1.92840,1.93098,1.92632,1.93062,12259,19,0
1774537200,1.93060,1.93117,1.92844,1.92876,18163,16,0
1774540800,1.92860,1.93339,1.92797,1.93190,24495,19,0
1774544400,1.93190,1.93229,1.93029,1.93165,18574,17,0
1774548000,1.93166,1.93375,1.93054,1.93309,12817,17,0
1774551600,1.93311,1.93441,1.93254,1.93429,9494,15,0
1774555200,1.93429,1.93432,1.93279,1.93312,9073,17,0
1774558800,1.93309,1.93599,1.93303,1.93575,7473,15,0
1774562400,1.93580,1.93603,1.92942,1.93469,23301,18,0
1774566000,1.93454,1.93655,1.93305,1.93408,2635,112,0
1774569600,1.93516,1.93549,1.93396,1.93415,2912,150,0
1774573200,1.93476,1.93644,1.93416,1.93628,4233,22,0
1774576800,1.93628,1.93944,1.93519,1.93934,9791,19,0
1774580400,1.93934,1.94009,1.93672,1.93681,8704,20,0
1774584000,1.93693,1.93711,1.93481,1.93549,6848,19,0
1774587600,1.93550,1.93570,1.93165,1.93182,7072,19,0
1774591200,1.93180,1.93249,1.93045,1.93076,5358,17,0
1774594800,1.93077,1.93400,1.93049,1.93374,7699,19,0
1774598400,1.93376,1.93470,1.93199,1.93233,7307,16,0
1774602000,1.93237,1.93422,1.93194,1.93225,8902,16,0
1774605600,1.93225,1.93368,1.92952,1.93023,12594,18,0
1774609200,1.93020,1.93191,1.92862,1.93008,11123,19,0
1774612800,1.93010,1.93107,1.92901,1.92954,10460,18,0
1774616400,1.92953,1.93036,1.92692,1.92828,10496,17,0
1774620000,1.92804,1.92946,1.92735,1.92847,10775,18,0
1774623600,1.92824,1.93199,1.92791,1.93089,16406,19,0
1774627200,1.93080,1.93318,1.92986,1.93200,18761,18,0
1774630800,1.93173,1.93366,1.92880,1.92937,19583,18,0
1774634400,1.92922,1.93014,1.92798,1.92844,13438,18,0
1774638000,1.92852,1.93223,1.92620,1.93148,11214,17,0
1774641600,1.93150,1.93206,1.92995,1.93088,8638,18,0
1774645200,1.93090,1.93150,1.93023,1.93077,8064,17,0
1774648800,1.93078,1.93202,1.92730,1.92770,6602,20,0
1774828800,1.92921,1.93153,1.92916,1.93145,1124,187,0
1774832400,1.93171,1.93321,1.92998,1.93237,9441,21,0
1774836000,1.93238,1.93318,1.93166,1.93227,9274,23,0
1774839600,1.93224,1.93524,1.93217,1.93372,16452,18,0
1774843200,1.93367,1.93448,1.93140,1.93349,14185,20,0
1774846800,1.93347,1.93368,1.93199,1.93337,11801,20,0
1774850400,1.93335,1.93369,1.93088,1.93192,8646,20,0
1774854000,1.93193,1.93270,1.93127,1.93210,6216,20,0
1774857600,1.93204,1.93329,1.93153,1.93223,8277,19,0
1774861200,1.93217,1.93332,1.93056,1.93324,9741,19,0
1774864800,1.93324,1.93417,1.93077,1.93321,10860,18,0
1774868400,1.93308,1.93356,1.92966,1.93089,10413,17,0
1774872000,1.93075,1.93215,1.92996,1.93010,9959,18,0
1774875600,1.93020,1.93073,1.92880,1.92933,8212,18,0
1774879200,1.92932,1.93155,1.92841,1.92866,16578,19,0
1774882800,1.92865,1.92905,1.92711,1.92758,12788,18,0
1774886400,1.92757,1.92928,1.92561,1.92657,17459,18,0
1774890000,1.92663,1.92891,1.92462,1.92517,21412,17,0
1774893600,1.92513,1.92582,1.92285,1.92350,18677,17,0
1774897200,1.92346,1.92464,1.92284,1.92383,10457,17,0
1774900800,1.92383,1.92500,1.92264,1.92356,10977,17,0
1774904400,1.92357,1.92478,1.92344,1.92411,8294,18,0
1774908000,1.92415,1.92599,1.92400,1.92479,9335,18,0
1774911600,1.92480,1.92519,1.92335,1.92394,4443,20,0
1774915200,1.92392,1.92480,1.92322,1.92356,3249,147,0
1774918800,1.92363,1.92407,1.92261,1.92292,2383,23,0
1774922400,1.92289,1.92463,1.92289,1.92410,5152,22,0
1774926000,1.92383,1.92604,1.92285,1.92506,17890,15,0
1774929600,1.92507,1.92589,1.92301,1.92366,17215,18,0
1774933200,1.92364,1.92596,1.92324,1.92593,11558,18,0
1774936800,1.92601,1.92800,1.92574,1.92723,8485,20,0
1774940400,1.92725,1.92821,1.92627,1.92815,6137,18,0
1774944000,1.92819,1.92915,1.92639,1.92686,8996,20,0
1774947600,1.92683,1.92855,1.92620,1.92674,11428,20,0
1774951200,1.92660,1.92861,1.92216,1.92302,13273,16,0
1774954800,1.92314,1.92703,1.92236,1.92539,12571,18,0
1774958400,1.92529,1.92770,1.92383,1.92747,10376,17,0
1774962000,1.92742,1.92774,1.92600,1.92646,8804,21,0
1774965600,1.92654,1.92675,1.92112,1.92271,21581,20,0
1774969200,1.92269,1.92536,1.92152,1.92491,19668,21,0
1774972800,1.92464,1.92732,1.92453,1.92610,17146,21,0
1774976400,1.92620,1.92799,1.92378,1.92537,32372,20,0
1774980000,1.92542,1.92695,1.92195,1.92354,27412,19,0
1774983600,1.92356,1.92419,1.91724,1.91928,27609,19,0
1774987200,1.91930,1.92247,1.91819,1.92197,22253,20,0
1774990800,1.92195,1.92216,1.91915,1.91972,13012,20,0
1774994400,1.91969,1.92019,1.91790,1.91820,10374,18,0
1774998000,1.91817,1.91904,1.91566,1.91630,6540,19,0
1775001600,1.91639,1.91683,1.91546,1.91548,1133,147,0
1775005200,1.91546,1.91767,1.91546,1.91661,2994,24,0
1775008800,1.91662,1.91694,1.91336,1.91364,4734,23,0
1775012400,1.91369,1.91432,1.91179,1.91208,8793,20,0
1775016000,1.91207,1.91388,1.91053,1.91346,12560,22,0
1775019600,1.91343,1.91558,1.91306,1.91552,8043,23,0
1775023200,1.91558,1.91747,1.91498,1.91657,6620,23,0
1775026800,1.91658,1.91841,1.91639,1.91838,5920,22,0
1775030400,1.91839,1.92032,1.91693,1.91962,8663,21,0
1775034000,1.91958,1.92034,1.91297,1.91324,16550,22,0
1775037600,1.91323,1.91598,1.91172,1.91435,19274,20,0
1775041200,1.91438,1.91513,1.91166,1.91418,18209,21,0
1775044800,1.91427,1.91544,1.91360,1.91480,13470,22,0
1775048400,1.91458,1.91756,1.91458,1.91532,12261,21,0
1775052000,1.91536,1.91662,1.91379,1.91542,10751,20,0
1775055600,1.91537,1.91752,1.91213,1.91694,27394,19,0
1775059200,1.91696,1.91775,1.91491,1.91730,24757,21,0
1775062800,1.91707,1.92095,1.91448,1.92033,27158,21,0
1775066400,1.92031,1.92099,1.91851,1.91948,16889,21,0
1775070000,1.91951,1.92043,1.91880,1.92013,9706,21,0
1775073600,1.92012,1.92114,1.91939,1.92114,8678,21,0
1775077200,1.92113,1.92337,1.92098,1.92293,12113,21,0
1775080800,1.92292,1.92299,1.92046,1.92101,8977,22,0
1775084400,1.92102,1.92119,1.91939,1.91992,4806,23,0
1775088000,1.91994,1.92059,1.91879,1.91985,1664,147,0
1775091600,1.91995,1.92194,1.91969,1.92134,3271,27,0
1775095200,1.92136,1.92181,1.92032,1.92125,4265,26,0
1775098800,1.92126,1.92207,1.91971,1.92056,11923,23,0
1775102400,1.92046,1.92598,1.91838,1.92509,44224,23,0
1775106000,1.92513,1.92513,1.92259,1.92309,15553,21,0
1775109600,1.92309,1.92341,1.92226,1.92266,9090,18,0
1775113200,1.92266,1.92480,1.92258,1.92402,8192,18,0
1775116800,1.92402,1.92451,1.92247,1.92438,9254,21,0
1775120400,1.92429,1.92429,1.92136,1.92337,12943,22,0
1775124000,1.92312,1.92343,1.91895,1.91966,13766,19,0
1775127600,1.91966,1.92152,1.91916,1.92015,11142,21,0
1775131200,1.92008,1.92164,1.91952,1.91983,9809,22,0
1775134800,1.91979,1.92160,1.91925,1.92104,11300,23,0
1775138400,1.92110,1.92277,1.92046,1.92268,11758,23,0
1775142000,1.92261,1.92291,1.91892,1.92018,15531,24,0
1775145600,1.92017,1.92048,1.91653,1.91724,22575,23,0
1775149200,1.91723,1.91821,1.91335,1.91586,44801,21,0
1775152800,1.91589,1.91664,1.91453,1.91574,24132,18,0
1775156400,1.91573,1.91601,1.91373,1.91493,15299,22,0
1775160000,1.91495,1.91526,1.91389,1.91487,10362,24,0
1775163600,1.91478,1.91540,1.91403,1.91473,8870,21,0
1775167200,1.91473,1.91521,1.91365,1.91441,8088,24,0
1775170800,1.91439,1.91472,1.91316,1.91352,2714,21,0
1775174400,1.91352,1.91441,1.91286,1.91370,2050,150,0
1775178000,1.91439,1.91452,1.91315,1.91366,1095,24,0
1775181600,1.91365,1.91440,1.91339,1.91419,1044,21,0
1775185200,1.91417,1.91446,1.91351,1.91435,3162,25,0
1775188800,1.91434,1.91446,1.91387,1.91437,2455,26,0
1775192400,1.91436,1.91496,1.91404,1.91465,2272,25,0
1775196000,1.91465,1.91535,1.91453,1.91526,1497,22,0
1775199600,1.91526,1.91549,1.91484,1.91500,1735,24,0
1775203200,1.91498,1.91558,1.91479,1.91548,1870,25,0
1775206800,1.91548,1.91588,1.91494,1.91509,2059,24,0
1775210400,1.91509,1.91627,1.91476,1.91608,2576,25,0
1775214000,1.91602,1.91646,1.91529,1.91604,2051,21,0
1775217600,1.91604,1.91666,1.91571,1.91626,2554,27,0
1775221200,1.91624,1.91663,1.91563,1.91593,1943,26,0
1775224800,1.91598,1.91649,1.91523,1.91594,2367,24,0
1775228400,1.91590,1.91618,1.91210,1.91477,9401,25,0
1775232000,1.91480,1.91504,1.91324,1.91446,3532,21,0
1775235600,1.91453,1.91579,1.91427,1.91519,2756,21,0
1775239200,1.91519,1.91694,1.91399,1.91505,9399,26,0
1775242800,1.91499,1.91555,1.91330,1.91495,2696,34,0
1775246400,1.91494,1.91514,1.91359,1.91402,4677,30,0
1775250000,1.91397,1.91496,1.91376,1.91449,1903,31,0
1775253600,1.91453,1.91589,1.91311,1.91542,2771,37,0
1775257200,1.91543,1.91551,1.91078,1.91396,10106,87,0
1775433600,1.91375,1.91468,1.91375,1.91428,4195,147,0
1775437200,1.91430,1.91677,1.91349,1.91474,15188,29,0
1775440800,1.91451,1.91535,1.91367,1.91499,4843,31,0
1775444400,1.91500,1.91517,1.91354,1.91380,9256,28,0
1775448000,1.91371,1.91411,1.91278,1.91334,7425,28,0
1775451600,1.91336,1.91336,1.91088,1.91323,11086,28,0
1775455200,1.91323,1.91352,1.91268,1.91303,8009,27,0
1775458800,1.91304,1.91328,1.91207,1.91216,5184,25,0
1775462400,1.91217,1.91314,1.91189,1.91311,6087,24,0
1775466000,1.91313,1.91335,1.91129,1.91198,8370,23,0
1775469600,1.91189,1.91324,1.91112,1.91257,11120,24,0
1775473200,1.91257,1.91287,1.91120,1.91152,10545,24,0
1775476800,1.91160,1.91265,1.91078,1.91252,9386,23,0
1775480400,1.91237,1.91330,1.91121,1.91178,10833,22,0
1775484000,1.91172,1.91198,1.91021,1.91039,8211,22,0
1775487600,1.91034,1.91219,1.91013,1.91171,8477,23,0
1775491200,1.91170,1.91348,1.91154,1.91260,13361,22,0
1775494800,1.91251,1.91538,1.91167,1.91244,23171,22,0
1775498400,1.91238,1.91351,1.91203,1.91284,11828,22,0
1775502000,1.91285,1.91396,1.91259,1.91354,6985,23,0
1775505600,1.91356,1.91458,1.91180,1.91282,10278,22,0
1775509200,1.91279,1.91322,1.91209,1.91289,9034,23,0
1775512800,1.91291,1.91334,1.91232,1.91258,4663,21,0
1775516400,1.91255,1.91299,1.91234,1.91261,2726,23,0
1775520000,1.91254,1.91300,1.91218,1.91263,870,147,0
1775523600,1.91269,1.91379,1.91200,1.91357,3395,27,0
1775527200,1.91358,1.91362,1.91292,1.91326,2717,26,0
1775530800,1.91319,1.91435,1.91196,1.91423,8219,23,0
1775534400,1.91419,1.91564,1.91288,1.91508,10266,23,0
1775538000,1.91509,1.91526,1.91285,1.91324,7172,24,0
1775541600,1.91325,1.91358,1.91257,1.91336,5146,23,0
1775545200,1.91336,1.91404,1.91209,1.91286,5945,23,0
1775548800,1.91279,1.91349,1.91261,1.91292,7880,23,0
1775552400,1.91302,1.91471,1.91174,1.91434,8865,22,0
1775556000,1.91432,1.91550,1.91309,1.91343,10238,22,0
1775559600,1.91338,1.91438,1.91136,1.91228,20174,22,0
1775563200,1.91221,1.91282,1.91092,1.91119,11172,22,0
1775566800,1.91123,1.91270,1.90858,1.91106,23584,23,0
1775570400,1.91105,1.91181,1.90941,1.90956,10629,23,0
1775574000,1.90960,1.91248,1.90776,1.90983,17356,22,0
1775577600,1.90984,1.91151,1.90868,1.91097,16679,20,0
1775581200,1.91097,1.91169,1.90726,1.90924,18642,21,0
1775584800,1.90926,1.91108,1.90641,1.90678,17483,22,0
1775588400,1.90674,1.90851,1.90554,1.90750,13646,22,0
1775592000,1.90752,1.90779,1.90640,1.90713,11320,22,0
1775595600,1.90713,1.90862,1.90707,1.90846,8509,21,0
1775599200,1.90847,1.90874,1.90486,1.90609,20144,22,0
1775602800,1.90611,1.90656,1.90494,1.90539,8519,23,0
1775606400,1.90530,1.90615,1.90415,1.90576,2836,147,0
1775610000,1.90577,1.90780,1.89634,1.89696,34021,25,0
1775613600,1.89677,1.89810,1.89209,1.89362,23713,24,0
1775617200,1.89356,1.89840,1.89146,1.89797,17801,22,0
1775620800,1.89792,1.89874,1.89636,1.89744,12200,21,0
1775624400,1.89734,1.90037,1.89674,1.89994,8320,20,0
1775628000,1.89992,1.90159,1.89926,1.89968,7442,22,0
1775631600,1.89973,1.89993,1.89780,1.89821,7405,23,0
1775635200,1.89820,1.89969,1.89778,1.89960,9177,22,0
1775638800,1.89958,1.90083,1.89703,1.89905,15273,23,0
1775642400,1.89910,1.90164,1.89866,1.90114,17362,23,0
1775646000,1.90116,1.90679,1.90078,1.90562,15550,23,0
1775649600,1.90562,1.90875,1.90448,1.90806,11913,21,0
1775653200,1.90811,1.90961,1.90750,1.90950,9319,19,0
1775656800,1.90964,1.91078,1.90824,1.90887,11877,23,0
1775660400,1.90885,1.90977,1.90498,1.90532,21463,22,0
1775664000,1.90504,1.90773,1.90358,1.90594,22605,22,0
1775667600,1.90601,1.90793,1.90462,1.90511,26507,23,0
1775671200,1.90511,1.90555,1.90177,1.90317,18512,23,0
1775674800,1.90318,1.90342,1.90090,1.90120,10614,20,0
1775678400,1.90121,1.90327,1.90088,1.90242,11092,21,0
1775682000,1.90240,1.90375,1.90171,1.90343,15190,23,0
1775685600,1.90344,1.90388,1.90055,1.90084,11925,23,0
1775689200,1.90085,1.90181,1.90054,1.90141,4090,23,0
1775692800,1.90101,1.90226,1.90083,1.90119,1951,147,0
1775696400,1.90120,1.90183,1.90078,1.90128,2429,27,0
1775700000,1.90126,1.90254,1.90098,1.90250,3610,24,0
1775703600,1.90249,1.90419,1.90238,1.90329,8402,25,0
1775707200,1.90331,1.90485,1.90297,1.90369,9128,24,0
1775710800,1.90370,1.90439,1.90255,1.90317,6454,23,0
1775714400,1.90316,1.90377,1.90208,1.90261,5750,24,0
1775718000,1.90260,1.90328,1.90188,1.90309,4802,23,0
1775721600,1.90311,1.90360,1.90175,1.90335,6245,24,0
1775725200,1.90337,1.90391,1.90234,1.90245,8635,23,0
1775728800,1.90242,1.90549,1.90239,1.90533,10058,23,0
1775732400,1.90534,1.90750,1.90466,1.90741,9359,23,0
1775736000,1.90740,1.90808,1.90552,1.90573,7083,22,0
1775739600,1.90582,1.90683,1.90523,1.90569,7570,22,0
1775743200,1.90571,1.90662,1.90502,1.90587,9364,22,0
1775746800,1.90586,1.90641,1.90388,1.90525,10092,21,0
1775750400,1.90526,1.90568,1.90211,1.90329,11826,22,0
1775754000,1.90331,1.90343,1.89969,1.89995,14447,20,0
1775757600,1.90001,1.90084,1.89671,1.89700,22528,19,0
1775761200,1.89701,1.89779,1.89579,1.89732,10129,24,0
1775764800,1.89731,1.89793,1.89655,1.89710,9331,23,0
1775768400,1.89711,1.89866,1.89700,1.89768,10729,23,0
1775772000,1.89767,1.89776,1.89612,1.89624,6884,24,0
1775775600,1.89623,1.89680,1.89520,1.89625,3540,19,0
1775779200,1.89607,1.89675,1.89511,1.89597,2658,147,0
1775782800,1.89582,1.89823,1.89545,1.89643,3440,22,0
1775786400,1.89644,1.89807,1.89628,1.89798,2827,22,0
1775790000,1.89782,1.89835,1.89699,1.89722,6038,25,0
1775793600,1.89724,1.89786,1.89594,1.89765,7016,24,0
1775797200,1.89763,1.89902,1.89684,1.89892,5784,22,0
1775800800,1.89891,1.89937,1.89828,1.89876,3976,24,0
1775804400,1.89877,1.89962,1.89851,1.89901,4085,24,0
1775808000,1.89903,1.89944,1.89756,1.89773,4620,20,0
1775811600,1.89786,1.90033,1.89777,1.89971,7156,22,0
1775815200,1.89962,1.90152,1.89918,1.90093,8557,21,0
1775818800,1.90096,1.90154,1.89972,1.90135,7709,22,0
1775822400,1.90136,1.90211,1.89949,1.90119,11981,22,0
1775826000,1.90120,1.90248,1.90081,1.90103,7614,22,0
1775829600,1.90102,1.90176,1.90026,1.90105,6308,22,0
1775833200,1.90102,1.90310,1.90039,1.90177,11861,22,0
1775836800,1.90175,1.90247,1.90036,1.90132,13022,21,0
1775840400,1.90122,1.90252,1.89888,1.90025,14940,21,0
1775844000,1.90029,1.90248,1.90015,1.90160,12724,21,0
1775847600,1.90162,1.90349,1.90156,1.90285,9060,22,0
1775851200,1.90283,1.90356,1.90194,1.90227,7006,22,0
1775854800,1.90226,1.90295,1.90195,1.90256,7576,22,0
1775858400,1.90259,1.90307,1.90244,1.90302,4836,23,0
1775862000,1.90297,1.90485,1.90257,1.90425,4217,24,0
1776038400,1.91399,1.91415,1.91077,1.91158,2654,147,0
1776042000,1.91159,1.91299,1.90675,1.90775,10351,25,0
1776045600,1.90775,1.90854,1.90722,1.90796,4998,30,0
1776049200,1.90796,1.90807,1.90505,1.90528,8322,27,0
1776052800,1.90534,1.90641,1.90373,1.90540,8479,24,0
1776056400,1.90540,1.90593,1.90441,1.90474,5049,20,0
1776060000,1.90474,1.90542,1.90404,1.90434,4873,25,0
1776063600,1.90436,1.90504,1.90370,1.90486,4242,24,0
1776067200,1.90487,1.90518,1.90341,1.90428,5160,21,0
1776070800,1.90432,1.90471,1.90302,1.90373,7830,21,0
1776074400,1.90371,1.90407,1.90173,1.90337,9186,22,0
1776078000,1.90337,1.90400,1.90275,1.90394,8729,20,0
1776081600,1.90394,1.90592,1.90352,1.90562,6945,21,0
1776085200,1.90562,1.90581,1.90459,1.90548,6078,22,0
1776088800,1.90544,1.90833,1.90460,1.90726,9652,23,0
1776092400,1.90729,1.90945,1.90708,1.90739,11308,21,0
1776096000,1.90711,1.90914,1.90576,1.90586,16262,22,0
1776099600,1.90586,1.90653,1.90407,1.90512,16147,21,0
1776103200,1.90511,1.90611,1.90447,1.90564,12842,20,0
1776106800,1.90563,1.90627,1.90257,1.90263,13810,22,0
1776110400,1.90264,1.90328,1.90172,1.90273,8295,22,0
1776114000,1.90272,1.90304,1.90158,1.90254,6886,23,0
1776117600,1.90252,1.90331,1.90196,1.90287,5641,22,0
1776121200,1.90289,1.90310,1.90206,1.90291,2994,23,0
1776124800,1.90246,1.90276,1.90147,1.90185,1996,180,0
1776128400,1.90203,1.90347,1.90190,1.90269,2490,25,0
1776132000,1.90268,1.90389,1.90260,1.90370,2900,24,0
1776135600,1.90372,1.90642,1.90364,1.90597,6216,23,0
1776139200,1.90596,1.90778,1.90553,1.90762,6516,23,0
1776142800,1.90764,1.90793,1.90626,1.90729,4908,22,0
1776146400,1.90728,1.90772,1.90592,1.90772,4138,23,0
1776150000,1.90774,1.90781,1.90625,1.90713,3255,23,0
1776153600,1.90706,1.90875,1.90684,1.90868,5400,23,0
1776157200,1.90865,1.90920,1.90618,1.90644,8562,22,0
1776160800,1.90658,1.90721,1.90534,1.90676,12268,23,0
1776164400,1.90673,1.90720,1.90352,1.90543,7943,17,0
1776168000,1.90544,1.90571,1.90339,1.90364,7040,21,0
1776171600,1.90351,1.90462,1.90211,1.90451,8363,22,0
1776175200,1.90426,1.90559,1.90258,1.90423,8254,22,0
1776178800,1.90404,1.90674,1.90301,1.90374,11258,22,0
1776182400,1.90374,1.90391,1.90179,1.90281,13339,23,0
1776186000,1.90280,1.90280,1.90018,1.90215,12789,23,0
1776189600,1.90214,1.90259,1.90060,1.90169,12480,22,0
1776193200,1.90177,1.90309,1.90132,1.90294,6550,23,0
1776196800,1.90293,1.90336,1.90115,1.90251,5232,22,0
1776200400,1.90246,1.90375,1.90225,1.90300,6256,21,0
1776204000,1.90302,1.90342,1.90265,1.90309,4204,21,0
1776207600,1.90311,1.90387,1.90259,1.90350,2052,21,0
1776211200,1.90364,1.90447,1.90264,1.90274,1409,180,0
1776214800,1.90289,1.90387,1.90281,1.90328,2401,28,0
1776218400,1.90329,1.90437,1.90285,1.90406,3388,20,0
1776222000,1.90405,1.90514,1.90368,1.90474,5767,23,0
1776225600,1.90472,1.90498,1.90365,1.90377,6944,20,0
1776229200,1.90378,1.90389,1.90164,1.90178,4689,23,0
1776232800,1.90177,1.90257,1.90172,1.90237,4130,23,0
1776236400,1.90240,1.90245,1.90166,1.90193,3376,23,0
1776240000,1.90191,1.90195,1.90004,1.90042,6821,23,0
1776243600,1.90040,1.90070,1.89877,1.89983,7446,22,0
1776247200,1.89979,1.90021,1.89720,1.89829,9122,21,0
1776250800,1.89828,1.89881,1.89779,1.89860,7186,22,0
1776254400,1.89861,1.89974,1.89703,1.89768,9448,22,0
1776258000,1.89768,1.89971,1.89657,1.89790,10934,22,0
1776261600,1.89802,1.89858,1.89591,1.89811,10316,20,0
1776265200,1.89813,1.89911,1.89784,1.89869,10131,19,0
1776268800,1.89869,1.89882,1.89687,1.89716,12650,21,0
1776272400,1.89713,1.89740,1.89533,1.89596,12411,21,0
1776276000,1.89599,1.89642,1.89414,1.89481,11488,20,0
1776279600,1.89480,1.89487,1.89331,1.89393,8540,20,0
1776283200,1.89393,1.89460,1.89320,1.89367,5810,21,0
1776286800,1.89366,1.89384,1.89143,1.89183,6569,21,0
1776290400,1.89180,1.89194,1.89124,1.89151,4837,21,0
1776294000,1.89149,1.89204,1.89074,1.89118,2647,23,0
1776297600,1.89075,1.89163,1.89004,1.89055,5451,180,0
1776301200,1.89070,1.89157,1.88992,1.89136,1882,27,0
1776304800,1.89136,1.89227,1.89121,1.89140,2371,22,0
1776308400,1.89141,1.89245,1.89070,1.89135,5334,23,0
1776312000,1.89136,1.89311,1.89013,1.89053,7634,20,0
1776315600,1.89054,1.89084,1.88830,1.88957,6953,23,0
1776319200,1.88962,1.89015,1.88783,1.88828,6144,22,0
1776322800,1.88831,1.88861,1.88742,1.88846,3890,22,0
1776326400,1.88848,1.88888,1.88705,1.88794,5060,19,0
1776330000,1.88797,1.88999,1.88792,1.88850,8854,20,0
1776333600,1.88854,1.88912,1.88696,1.88734,9883,22,0
1776337200,1.88717,1.88991,1.88717,1.88859,9357,22,0
1776340800,1.88864,1.88927,1.88802,1.88836,7136,22,0
1776344400,1.88840,1.88981,1.88770,1.88954,6676,24,0
1776348000,1.88959,1.88985,1.88809,1.88823,7541,23,0
1776351600,1.88827,1.88956,1.88755,1.88866,9252,23,0
1776355200,1.88868,1.88933,1.88769,1.88794,12056,24,0
1776358800,1.88795,1.88881,1.88531,1.88773,15688,23,0
1776362400,1.88772,1.88838,1.88677,1.88824,12439,23,0
1776366000,1.88822,1.89023,1.88733,1.88970,10150,23,0
1776369600,1.88969,1.89053,1.88959,1.88976,8688,24,0
1776373200,1.88978,1.89068,1.88929,1.89031,9057,24,0
1776376800,1.89033,1.89055,1.88858,1.88917,4873,24,0
1776380400,1.88915,1.88945,1.88790,1.88845,2351,22,0
1776384000,1.88758,1.88890,1.88696,1.88836,2996,180,0
1776387600,1.88851,1.88986,1.88799,1.88906,1801,21,0
1776391200,1.88906,1.88940,1.88844,1.88927,2277,27,0
1776394800,1.88930,1.88959,1.88760,1.88796,6085,26,0
1776398400,1.88798,1.88803,1.88665,1.88708,5469,24,0
1776402000,1.88709,1.88756,1.88680,1.88749,3965,26,0
1776405600,1.88752,1.88781,1.88682,1.88753,3338,26,0
1776409200,1.88752,1.88760,1.88608,1.88624,2979,23,0
1776412800,1.88625,1.88648,1.88535,1.88575,4254,24,0
1776416400,1.88570,1.88602,1.88461,1.88568,7290,24,0
1776420000,1.88568,1.88703,1.88521,1.88566,8603,25,0
1776423600,1.88566,1.88586,1.88373,1.88450,7275,22,0
1776427200,1.88452,1.88672,1.88385,1.88644,7158,23,0
1776430800,1.88638,1.88686,1.88487,1.88574,5591,24,0
1776434400,1.88576,1.88683,1.88522,1.88608,6600,24,0
1776438000,1.88607,1.88642,1.88283,1.88349,21159,25,0
1776441600,1.88355,1.88440,1.88070,1.88227,30094,24,0
1776445200,1.88211,1.88491,1.88202,1.88413,18278,23,0
1776448800,1.88402,1.88685,1.88346,1.88494,17925,22,0
1776452400,1.88495,1.88566,1.88408,1.88541,8203,24,0
1776456000,1.88539,1.88682,1.88526,1.88575,9886,24,0
1776459600,1.88575,1.88765,1.88568,1.88675,8652,21,0
1776463200,1.88675,1.88699,1.88396,1.88525,7522,24,0
1776466800,1.88529,1.88636,1.88473,1.88533,3895,27,0
1776643200,1.89230,1.89315,1.89119,1.89292,1548,180,0
1776646800,1.89307,1.89340,1.88803,1.88844,7457,29,0
1776650400,1.88845,1.89002,1.88801,1.88954,6022,28,0
1776654000,1.88955,1.88975,1.88730,1.88740,8944,24,0
1776657600,1.88740,1.88818,1.88638,1.88803,7925,24,0
1776661200,1.88802,1.88850,1.88654,1.88706,5045,24,0
1776664800,1.88707,1.88786,1.88670,1.88772,4923,26,0
1776668400,1.88774,1.88792,1.88690,1.88718,4517,25,0
1776672000,1.88714,1.88800,1.88644,1.88745,7241,25,0
1776675600,1.88741,1.88817,1.88673,1.88720,12061,24,0
1776679200,1.88729,1.88951,1.88622,1.88890,14077,23,0
1776682800,1.88895,1.88902,1.88714,1.88775,12600,24,0
1776686400,1.88776,1.88882,1.88658,1.88848,9540,24,0
1776690000,1.88849,1.88916,1.88725,1.88867,7816,24,0
1776693600,1.88872,1.88989,1.88759,1.88769,8966,22,0
1776697200,1.88768,1.88805,1.88693,1.88805,11111,24,0
1776700800,1.88800,1.88892,1.88660,1.88757,16422,24,0
1776704400,1.88762,1.88848,1.88615,1.88783,18967,23,0
1776708000,1.88784,1.88839,1.88568,1.88725,16193,24,0
1776711600,1.88727,1.88802,1.88669,1.88733,8389,21,0
1776715200,1.88733,1.88758,1.88626,1.88646,7212,23,0
1776718800,1.88651,1.88669,1.88554,1.88580,7632,23,0
1776722400,1.88583,1.88643,1.88473,1.88480,4590,23,0
1776726000,1.88479,1.88592,1.88454,1.88540,3247,25,0
1776729600,1.88475,1.88546,1.88440,1.88491,1549,180,0
1776733200,1.88493,1.88581,1.88461,1.88487,2743,27,0
1776736800,1.88486,1.88622,1.88476,1.88600,2978,27,0
1776740400,1.88602,1.88632,1.88472,1.88510,7048,25,0
1776744000,1.88509,1.88533,1.88342,1.88481,6230,25,0
1776747600,1.88479,1.88569,1.88445,1.88481,4733,25,0
1776751200,1.88476,1.88623,1.88462,1.88603,3809,26,0
1776754800,1.88605,1.88613,1.88557,1.88573,2503,24,0
1776758400,1.88575,1.88635,1.88512,1.88609,4760,24,0
1776762000,1.88614,1.88886,1.88608,1.88725,8230,24,0
1776765600,1.88722,1.88844,1.88686,1.88821,10835,24,0
1776769200,1.88821,1.88882,1.88568,1.88691,14854,23,0
1776772800,1.88690,1.88843,1.88677,1.88786,8920,23,0
1776776400,1.88784,1.88810,1.88660,1.88729,8251,24,0
1776780000,1.88728,1.88855,1.88640,1.88656,9957,24,0
1776783600,1.88657,1.88865,1.88646,1.88737,13881,23,0
1776787200,1.88738,1.88787,1.88435,1.88450,15422,24,0
1776790800,1.88450,1.88596,1.88302,1.88497,16488,23,0
1776794400,1.88491,1.88688,1.88456,1.88611,17813,23,0
1776798000,1.88603,1.88760,1.88476,1.88753,11289,23,0
1776801600,1.88752,1.89014,1.88701,1.88809,16526,23,0
1776805200,1.88808,1.88823,1.88683,1.88776,12344,24,0
1776808800,1.88770,1.89014,1.88633,1.88926,16867,23,0
1776812400,1.88924,1.88996,1.88494,1.88769,13728,21,0
1776816000,1.88760,1.88799,1.88676,1.88717,1512,180,0
1776819600,1.88744,1.88818,1.88696,1.88799,2525,29,0
1776823200,1.88796,1.88806,1.88733,1.88769,2662,21,0
1776826800,1.88763,1.88830,1.88624,1.88645,8162,25,0
1776830400,1.88647,1.88739,1.88609,1.88722,7401,25,0
1776834000,1.88723,1.88750,1.88611,1.88733,5743,25,0
1776837600,1.88735,1.88778,1.88676,1.88770,4697,24,0
1776841200,1.88767,1.88775,1.88667,1.88720,4181,24,0
1776844800,1.88722,1.88725,1.88519,1.88612,8800,25,0
1776848400,1.88588,1.88650,1.88440,1.88558,8536,23,0
1776852000,1.88557,1.88794,1.88525,1.88674,9878,23,0
1776855600,1.88667,1.88833,1.88589,1.88802,11485,23,0
1776859200,1.88808,1.88876,1.88725,1.88772,8401,23,0
1776862800,1.88771,1.88852,1.88712,1.88780,8221,23,0
1776866400,1.88781,1.88797,1.88670,1.88766,9325,22,0
1776870000,1.88763,1.88817,1.88699,1.88764,11448,24,0
1776873600,1.88759,1.88861,1.88609,1.88650,17768,24,0
1776877200,1.88651,1.88722,1.88516,1.88525,16065,23,0
1776880800,1.88524,1.88625,1.88496,1.88566,13140,23,0
1776884400,1.88561,1.88671,1.88497,1.88652,8599,24,0
1776888000,1.88650,1.88698,1.88555,1.88663,7471,22,0
1776891600,1.88663,1.88709,1.88604,1.88630,5064,23,0
1776895200,1.88630,1.88668,1.88594,1.88614,6408,23,0
1776898800,1.88614,1.88680,1.88479,1.88543,3710,24,0
1776902400,1.88516,1.88600,1.88499,1.88552,1260,180,0
1776906000,1.88569,1.88628,1.88526,1.88602,1735,23,0
1776909600,1.88602,1.88625,1.88563,1.88590,2206,20,0
1776913200,1.88590,1.88857,1.88473,1.88593,14882,26,0
1776916800,1.88594,1.88761,1.88591,1.88620,8663,25,0
1776920400,1.88619,1.88774,1.88597,1.88728,9838,25,0
1776924000,1.88729,1.88923,1.88688,1.88853,8614,24,0
1776927600,1.88853,1.88871,1.88694,1.88710,5075,25,0
1776931200,1.88709,1.88748,1.88562,1.88590,5672,24,0
1776934800,1.88583,1.88684,1.88487,1.88628,7630,24,0
1776938400,1.88629,1.88711,1.88422,1.88443,11379,22,0
1776942000,1.88442,1.88831,1.88425,1.88765,11579,22,0
1776945600,1.88765,1.88924,1.88720,1.88868,10713,24,0
1776949200,1.88881,1.89150,1.88842,1.88954,10130,24,0
1776952800,1.88954,1.89028,1.88819,1.88871,12771,24,0
1776956400,1.88874,1.89012,1.88715,1.88728,18493,21,0
1776960000,1.88723,1.88884,1.88678,1.88858,17388,24,0
1776963600,1.88857,1.88909,1.88636,1.88658,17555,23,0
1776967200,1.88659,1.88675,1.88526,1.88565,15237,23,0
1776970800,1.88564,1.88582,1.88483,1.88553,9166,24,0
1776974400,1.88549,1.89195,1.88506,1.88701,30894,24,0
1776978000,1.88700,1.88811,1.88477,1.88795,16289,24,0
1776981600,1.88796,1.88870,1.88750,1.88789,10045,24,0
1776985200,1.88786,1.88937,1.88767,1.88866,3464,21,0
1776988800,1.88807,1.88925,1.88746,1.88750,1037,180,0
1776992400,1.88769,1.88891,1.88746,1.88789,1618,22,0
1776996000,1.88788,1.88879,1.88764,1.88866,2154,21,0
1776999600,1.88865,1.88894,1.88777,1.88818,6688,23,0
1777003200,1.88818,1.88913,1.88744,1.88859,7015,23,0
1777006800,1.88859,1.89004,1.88853,1.88992,6343,24,0
1777010400,1.88992,1.89084,1.88956,1.89051,5977,26,0
1777014000,1.89052,1.89085,1.88897,1.88947,5251,24,0
1777017600,1.88943,1.89014,1.88874,1.88936,5914,26,0
1777021200,1.88939,1.89083,1.88857,1.88977,9456,22,0
1777024800,1.88986,1.89037,1.88860,1.88913,7974,24,0
1777028400,1.88912,1.89037,1.88853,1.88942,11620,24,0
1777032000,1.88933,1.89109,1.88911,1.89082,8310,22,0
1777035600,1.89084,1.89140,1.89010,1.89099,8016,24,0
1777039200,1.89096,1.89113,1.88780,1.88884,19873,25,0
1777042800,1.88885,1.89232,1.88814,1.89201,14412,25,0
1777046400,1.89199,1.89286,1.89016,1.89131,16898,24,0
1777050000,1.89143,1.89250,1.88968,1.89080,19529,23,0
1777053600,1.89081,1.89118,1.88837,1.88938,18273,24,0
1777057200,1.88939,1.89083,1.88931,1.89053,9985,24,0
1777060800,1.89053,1.89107,1.88957,1.89102,9086,24,0
1777064400,1.89101,1.89183,1.89082,1.89160,6238,24,0
1777068000,1.89161,1.89230,1.89130,1.89218,4817,25,0
1777071600,1.89217,1.89299,1.89128,1.89188,3578,26,0
1777248000,1.89314,1.89319,1.89054,1.89054,1049,203,0
1777251600,1.89097,1.89323,1.89036,1.89143,3070,27,0
1777255200,1.89143,1.89185,1.89116,1.89184,2915,22,0
1777258800,1.89186,1.89191,1.88895,1.88902,7135,24,0
1777262400,1.88894,1.88918,1.88765,1.88797,11043,25,0
1777266000,1.88799,1.88849,1.88660,1.88751,6758,25,0
1777269600,1.88749,1.88811,1.88700,1.88789,5832,24,0
1777273200,1.88794,1.88911,1.88773,1.88890,4958,25,0
1777276800,1.88890,1.88907,1.88830,1.88880,6297,26,0
1777280400,1.88871,1.88976,1.88794,1.88903,9431,25,0
1777284000,1.88903,1.88916,1.88682,1.88712,9569,24,0
1777287600,1.88716,1.88771,1.88521,1.88554,9749,23,0
1777291200,1.88555,1.88632,1.88467,1.88583,6577,25,0
1777294800,1.88582,1.88696,1.88538,1.88657,7120,24,0
1777298400,1.88654,1.88725,1.88604,1.88688,7565,25,0
1777302000,1.88686,1.88725,1.88466,1.88479,10342,21,0
1777305600,1.88487,1.88550,1.88313,1.88413,14956,22,0
1777309200,1.88402,1.88531,1.88296,1.88437,13761,24,0
1777312800,1.88444,1.88542,1.88350,1.88408,11409,24,0
1777316400,1.88409,1.88464,1.88343,1.88361,6707,24,0
1777320000,1.88360,1.88362,1.88244,1.88303,7245,24,0
1777323600,1.88303,1.88333,1.88234,1.88299,5608,24,0
1777327200,1.88298,1.88325,1.88268,1.88282,4311,23,0
1777330800,1.88279,1.88349,1.88260,1.88309,2220,23,0
1777334400,1.88306,1.88347,1.88283,1.88285,523,180,0
1777338000,1.88307,1.88400,1.88255,1.88329,2053,22,0
1777341600,1.88327,1.88337,1.88249,1.88254,2110,24,0
1777345200,1.88255,1.88277,1.88103,1.88164,6315,25,0
1777348800,1.88167,1.88401,1.88142,1.88361,7736,26,0
1777352400,1.88362,1.88461,1.88329,1.88387,5206,24,0
1777356000,1.88386,1.88448,1.88326,1.88328,5819,25,0
1777359600,1.88326,1.88390,1.88274,1.88360,4336,25,0
1777363200,1.88361,1.88472,1.88333,1.88343,6578,24,0
1777366800,1.88342,1.88550,1.88298,1.88482,11134,24,0
1777370400,1.88489,1.88498,1.88158,1.88190,10458,24,0
1777374000,1.88204,1.88304,1.88079,1.88133,11366,22,0
1777377600,1.88129,1.88245,1.87947,1.88014,10486,22,0
1777381200,1.88014,1.88294,1.87981,1.88196,10137,24,0
1777384800,1.88202,1.88373,1.88162,1.88262,12768,22,0
1777388400,1.88264,1.88416,1.88084,1.88294,15482,25,0
1777392000,1.88295,1.88353,1.88092,1.88190,15323,24,0
1777395600,1.88147,1.88373,1.88136,1.88308,17990,22,0
1777399200,1.88305,1.88326,1.88152,1.88163,13658,22,0
1777402800,1.88167,1.88259,1.88117,1.88190,9522,24,0
1777406400,1.88190,1.88220,1.88099,1.88128,7251,23,0
1777410000,1.88127,1.88166,1.88099,1.88149,6111,24,0
1777413600,1.88149,1.88257,1.88134,1.88236,5173,24,0
1777417200,1.88234,1.88277,1.88171,1.88212,2415,22,0
1777420800,1.88130,1.88204,1.88103,1.88161,727,180,0
1777424400,1.88191,1.88266,1.88165,1.88245,962,21,0
1777428000,1.88244,1.88269,1.88162,1.88163,1835,23,0
1777431600,1.88148,1.88215,1.88109,1.88187,5835,25,0
1777435200,1.88186,1.88586,1.88181,1.88517,11246,26,0
1777438800,1.88514,1.88716,1.88411,1.88699,7857,22,0
1777442400,1.88698,1.88705,1.88577,1.88640,4669,25,0
1777446000,1.88649,1.88707,1.88609,1.88631,3595,25,0
1777449600,1.88633,1.88652,1.88497,1.88579,5560,25,0
1777453200,1.88577,1.88644,1.88485,1.88524,8129,23,0
1777456800,1.88511,1.88627,1.88421,1.88514,10282,22,0
1777460400,1.88511,1.88661,1.88423,1.88645,10645,24,0
1777464000,1.88641,1.88865,1.88589,1.88843,8465,24,0
1777467600,1.88842,1.88852,1.88618,1.88718,7328,25,0
1777471200,1.88718,1.88751,1.88583,1.88640,9026,20,0
1777474800,1.88640,1.88692,1.88506,1.88665,11012,25,0
1777478400,1.88662,1.89135,1.88615,1.89059,16205,22,0
1777482000,1.89062,1.89136,1.88908,1.89047,16099,23,0
1777485600,1.89049,1.89392,1.88965,1.89205,18031,23,0
1777489200,1.89203,1.89300,1.89086,1.89143,12517,23,0
1777492800,1.89143,1.89202,1.89037,1.89065,9643,24,0
1777496400,1.89065,1.89558,1.89041,1.89367,20385,25,0
1777500000,1.89366,1.89509,1.89314,1.89342,11041,25,0
1777503600,1.89339,1.89409,1.89226,1.89336,8137,25,0
1777507200,1.89330,1.89453,1.89310,1.89353,1092,180,0
1777510800,1.89376,1.89389,1.89278,1.89351,3329,29,0
1777514400,1.89349,1.89353,1.89174,1.89217,3131,20,0
1777518000,1.89218,1.89351,1.89145,1.89335,8756,27,0
1777521600,1.89350,1.89395,1.89162,1.89185,8163,27,0
1777525200,1.89188,1.89272,1.89050,1.89074,8961,26,0
1777528800,1.89074,1.89107,1.88974,1.89103,6744,27,0
1777532400,1.89103,1.89174,1.89058,1.89156,8450,25,0
1777536000,1.89156,1.89265,1.89034,1.89217,8367,26,0
1777539600,1.89210,1.89426,1.89149,1.89256,11993,26,0
1777543200,1.89252,1.89301,1.89149,1.89188,13159,25,0
1777546800,1.89183,1.89230,1.89049,1.89121,14639,26,0
1777550400,1.89122,1.89169,1.88820,1.88972,15273,23,0
1777554000,1.88972,1.89035,1.88785,1.88986,19819,23,0
1777557600,1.88946,1.89055,1.88788,1.88947,20678,26,0
1777561200,1.88946,1.89063,1.88860,1.88988,16735,23,0
1777564800,1.88984,1.88990,1.88574,1.88672,18959,24,0
1777568400,1.88683,1.89051,1.88487,1.88953,24156,24,0
1777572000,1.88947,1.89096,1.88887,1.89030,17026,24,0
1777575600,1.89033,1.89134,1.88946,1.89036,10356,24,0
1777579200,1.89035,1.89082,1.88986,1.89032,9239,24,0
1777582800,1.89028,1.89037,1.88922,1.88947,7565,24,0
1777586400,1.88946,1.89033,1.88916,1.89006,7049,24,0
1777590000,1.89008,1.89021,1.88812,1.88893,4335,24,0
1777593600,1.88985,1.88985,1.88935,1.88936,185,62,0
1777597200,1.88934,1.88992,1.88920,1.88938,1855,24,0
1777600800,1.88937,1.88954,1.88809,1.88890,2905,24,0
1777604400,1.88893,1.89013,1.88854,1.88909,7608,24,0
1777608000,1.88910,1.88986,1.88881,1.88919,5844,24,0
1777611600,1.88922,1.89028,1.88866,1.88975,4412,24,0
1777615200,1.88974,1.89047,1.88945,1.89025,4280,24,0
1777618800,1.89025,1.89112,1.89016,1.89075,4209,24,0
1777622400,1.89080,1.89080,1.88940,1.89005,4148,24,0
1777626000,1.89007,1.89227,1.88928,1.89146,10381,24,0
1777629600,1.89147,1.89176,1.88930,1.89061,11299,24,0
1777633200,1.89056,1.89166,1.89022,1.89121,8269,24,0
1777636800,1.89119,1.89206,1.89078,1.89169,6198,24,0
1777640400,1.89168,1.89286,1.89136,1.89218,5505,24,0
1777644000,1.89219,1.89310,1.89122,1.89245,6530,24,0
1777647600,1.89260,1.89351,1.89168,1.89227,11781,24,0
1777651200,1.89231,1.89270,1.88980,1.89097,14188,24,0
1777654800,1.89077,1.89098,1.88675,1.88763,17023,24,0
1777658400,1.88765,1.88826,1.88605,1.88682,14768,24,0
1777662000,1.88691,1.88763,1.88540,1.88562,10682,24,0
1777665600,1.88564,1.88569,1.88448,1.88520,7559,24,0
1777669200,1.88519,1.88563,1.88367,1.88386,8564,24,0
1777672800,1.88387,1.88423,1.88313,1.88373,5551,24,0
1777676400,1.88376,1.88556,1.88353,1.88446,3187,24,0
1777852800,1.88344,1.88489,1.88344,1.88404,423,50,0
1777856400,1.88415,1.88467,1.88260,1.88348,3293,24,0
1777860000,1.88347,1.88398,1.88325,1.88367,2785,24,0
1777863600,1.88369,1.88468,1.88317,1.88447,8779,24,0
1777867200,1.88448,1.88539,1.88412,1.88421,8636,24,0
1777870800,1.88420,1.88560,1.88412,1.88448,6959,24,0
1777874400,1.88453,1.88525,1.88411,1.88482,8445,24,0
1777878000,1.88481,1.88523,1.88431,1.88505,5438,24,0
1777881600,1.88505,1.88626,1.88481,1.88570,7196,24,0
1777885200,1.88565,1.88735,1.88541,1.88657,10780,24,0
1777888800,1.88655,1.88729,1.88584,1.88634,11432,24,0
1777892400,1.88636,1.88682,1.88421,1.88468,9551,24,0
1777896000,1.88471,1.88481,1.88349,1.88391,7731,24,0
1777899600,1.88390,1.88738,1.88387,1.88518,21610,24,0
1777903200,1.88510,1.88664,1.88454,1.88618,12994,24,0
1777906800,1.88614,1.88651,1.88544,1.88606,12948,24,0
1777910400,1.88609,1.88768,1.88455,1.88652,16920,24,0
1777914000,1.88648,1.88748,1.88539,1.88638,14630,24,0
1777917600,1.88633,1.88869,1.88543,1.88841,21342,24,0
1777921200,1.88839,1.88976,1.88796,1.88862,16993,24,0
1777924800,1.88864,1.88906,1.88726,1.88752,11148,24,0
1777928400,1.88753,1.88775,1.88693,1.88722,8668,24,0
1777932000,1.88724,1.88800,1.88695,1.88745,9128,24,0
1777935600,1.88747,1.88856,1.88733,1.88793,4067,24,0
1777939200,1.88767,1.88853,1.88666,1.88762,721,46,0
1777942800,1.88775,1.88786,1.88719,1.88733,1551,24,0
1777946400,1.88731,1.88785,1.88727,1.88780,1733,24,0
1777950000,1.88771,1.88933,1.88706,1.88881,6708,24,0
1777953600,1.88901,1.88991,1.88866,1.88977,6561,24,0
1777957200,1.88976,1.88991,1.88797,1.88893,4694,24,0
1777960800,1.88896,1.89028,1.88869,1.89017,3291,24,0
1777964400,1.89016,1.89080,1.88584,1.88974,6672,24,0
1777968000,1.88985,1.89496,1.88934,1.89347,9136,24,0
1777971600,1.89349,1.89438,1.89217,1.89405,10364,24,0
1777975200,1.89401,1.89458,1.89152,1.89273,11293,24,0
1777978800,1.89273,1.89300,1.89075,1.89186,9922,24,0
1777982400,1.89184,1.89227,1.89004,1.89025,10392,24,0
1777986000,1.89023,1.89061,1.88848,1.88962,7565,24,0
1777989600,1.88963,1.89019,1.88699,1.88784,9254,24,0
1777993200,1.88785,1.88818,1.88589,1.88743,11820,24,0
1777996800,1.88744,1.88774,1.88634,1.88741,12647,24,0
1778000400,1.88743,1.88896,1.88639,1.88685,16891,24,0
1778004000,1.88685,1.88730,1.88562,1.88657,11403,24,0
1778007600,1.88656,1.88732,1.88594,1.88600,8106,24,0
1778011200,1.88601,1.88618,1.88474,1.88515,6628,24,0
1778014800,1.88514,1.88530,1.88438,1.88485,5181,24,0
1778018400,1.88486,1.88558,1.88475,1.88526,5043,24,0
1778022000,1.88525,1.88560,1.88424,1.88481,2867,24,0
1778025600,1.88448,1.88592,1.88441,1.88484,547,46,0
1778029200,1.88480,1.88554,1.88306,1.88372,4004,24,0
1778032800,1.88371,1.88439,1.88306,1.88346,6109,24,0
1778036400,1.88349,1.88362,1.87874,1.87898,11242,24,0
1778040000,1.87897,1.87964,1.87676,1.87754,10280,24,0
1778043600,1.87754,1.87824,1.87548,1.87551,6684,24,0
1778047200,1.87552,1.87560,1.87374,1.87545,6218,24,0
1778050800,1.87546,1.87631,1.87415,1.87574,12072,24,0
1778054400,1.87575,1.87589,1.87383,1.87434,8686,24,0
1778058000,1.87445,1.87574,1.87420,1.87450,10344,24,0
1778061600,1.87452,1.87835,1.87427,1.87761,11881,24,0
1778065200,1.87756,1.87941,1.87521,1.87635,14969,24,0
1778068800,1.87634,1.87805,1.87577,1.87624,15277,24,0
1778072400,1.87628,1.87764,1.87346,1.87600,15435,24,0
1778076000,1.87610,1.87977,1.87603,1.87882,16534,24,0
1778079600,1.87883,1.88228,1.87877,1.88050,17111,24,0
1778083200,1.88051,1.88179,1.87830,1.88078,18344,24,0
1778086800,1.88079,1.88167,1.87867,1.87889,16961,24,0
1778090400,1.87890,1.88021,1.87811,1.87927,13443,24,0
1778094000,1.87923,1.87960,1.87870,1.87947,10346,24,0
1778097600,1.87941,1.87992,1.87883,1.87928,8027,24,0
1778101200,1.87929,1.87929,1.87793,1.87825,6307,24,0
1778104800,1.87826,1.87835,1.87755,1.87795,6621,24,0
1778108400,1.87796,1.87837,1.87749,1.87799,3452,24,0
1778112000,1.87784,1.87859,1.87684,1.87731,698,55,0
1778115600,1.87717,1.87844,1.87717,1.87816,1421,24,0
1778119200,1.87815,1.87846,1.87789,1.87835,1542,24,0
1778122800,1.87837,1.87902,1.87776,1.87837,8362,24,0
1778126400,1.87838,1.87920,1.87697,1.87767,9199,24,0
1778130000,1.87767,1.87859,1.87752,1.87802,6728,24,0
1778133600,1.87803,1.87850,1.87676,1.87683,5207,24,0
1778137200,1.87682,1.87719,1.87564,1.87602,4323,24,0
1778140800,1.87601,1.87630,1.87517,1.87580,5418,24,0
1778144400,1.87587,1.87711,1.87513,1.87558,10313,24,0
1778148000,1.87556,1.87735,1.87449,1.87553,13450,24,0
1778151600,1.87539,1.87670,1.87477,1.87651,10236,24,0
1778155200,1.87648,1.87754,1.87562,1.87571,8857,24,0
1778158800,1.87564,1.87743,1.87530,1.87697,8419,24,0
1778162400,1.87698,1.87735,1.87548,1.87598,8577,24,0
1778166000,1.87611,1.87883,1.87598,1.87821,10129,24,0
1778169600,1.87825,1.88037,1.87789,1.87880,14458,24,0
1778173200,1.87875,1.87975,1.87711,1.87780,14420,24,0
1778176800,1.87800,1.87978,1.87759,1.87952,15113,24,0
1778180400,1.87951,1.87995,1.87767,1.87789,13109,24,0
1778184000,1.87788,1.87821,1.87651,1.87740,14321,24,0
1778187600,1.87737,1.87969,1.87707,1.87820,11581,24,0
1778191200,1.87818,1.88013,1.87798,1.87965,12245,24,0
1778194800,1.87967,1.88090,1.87781,1.87964,7413,24,0
1778198400,1.88009,1.88138,1.87973,1.88071,419,49,0
1778202000,1.88089,1.88144,1.87968,1.88066,4003,24,0
1778205600,1.88065,1.88098,1.88005,1.88036,3198,24,0
1778209200,1.88028,1.88164,1.87971,1.87996,8456,24,0
1778212800,1.87995,1.88068,1.87884,1.88028,8290,24,0
1778216400,1.88027,1.88086,1.87954,1.87993,8423,24,0
1778220000,1.87992,1.88009,1.87757,1.87849,6239,24,0
1778223600,1.87848,1.87950,1.87789,1.87854,5525,24,0
1778227200,1.87853,1.87958,1.87850,1.87905,7165,24,0
1778230800,1.87908,1.88001,1.87866,1.87993,10625,24,0
1778234400,1.87993,1.88075,1.87965,1.88000,11079,24,0
1778238000,1.88000,1.88234,1.87958,1.88164,10519,24,0
1778241600,1.88172,1.88260,1.88088,1.88198,9100,24,0
1778245200,1.88198,1.88218,1.87961,1.87961,7719,24,0
1778248800,1.87961,1.88159,1.87870,1.88119,7938,24,0
1778252400,1.88114,1.88235,1.87917,1.88066,14146,24,0
1778256000,1.88068,1.88225,1.87991,1.88054,15293,24,0
1778259600,1.88055,1.88130,1.87927,1.88083,14432,24,0
1778263200,1.88084,1.88186,1.88012,1.88115,13460,24,0
1778266800,1.88114,1.88140,1.88017,1.88053,7781,24,0
1778270400,1.88052,1.88095,1.87992,1.88035,6705,24,0
1778274000,1.88043,1.88093,1.87960,1.88075,7271,24,0
1778277600,1.88076,1.88089,1.88006,1.88057,6080,24,0
1778281200,1.88056,1.88139,1.88021,1.88078,3139,24,0
1778457600,1.87671,1.87951,1.87645,1.87886,1080,54,0
1778461200,1.87887,1.88014,1.87781,1.87848,4006,24,0
1778464800,1.87849,1.87915,1.87794,1.87899,3164,24,0
1778468400,1.87902,1.87954,1.87807,1.87872,8691,24,0
1778472000,1.87873,1.88019,1.87857,1.87903,10043,24,0
1778475600,1.87902,1.88003,1.87855,1.87958,6507,24,0
1778479200,1.87964,1.87994,1.87914,1.87965,5238,24,0
1778482800,1.87964,1.88055,1.87894,1.87900,3930,24,0
1778486400,1.87899,1.87945,1.87839,1.87880,5143,24,0
1778490000,1.87878,1.87929,1.87661,1.87782,8920,24,0
1778493600,1.87782,1.87936,1.87761,1.87818,8482,24,0
1778497200,1.87809,1.88009,1.87753,1.87981,8164,24,0
1778500800,1.87992,1.88015,1.87856,1.87909,6339,24,0
1778504400,1.87909,1.87919,1.87537,1.87604,8167,24,0
1778508000,1.87601,1.87904,1.87587,1.87848,8099,24,0
1778511600,1.87847,1.87964,1.87798,1.87896,10319,24,0
1778515200,1.87898,1.87923,1.87771,1.87785,10988,24,0
1778518800,1.87805,1.87968,1.87706,1.87963,12736,24,0
1778522400,1.87960,1.88091,1.87928,1.88062,10716,24,0
1778526000,1.88063,1.88180,1.87999,1.88124,7646,24,0
1778529600,1.88126,1.88179,1.88036,1.88099,6549,24,0
1778533200,1.88098,1.88099,1.87954,1.87998,6164,24,0
1778536800,1.88000,1.88022,1.87845,1.87847,6319,24,0
1778540400,1.87845,1.87890,1.87690,1.87725,3274,24,0
1778544000,1.87749,1.87784,1.87599,1.87630,268,39,0
1778547600,1.87635,1.87694,1.87616,1.87679,1593,24,0
1778551200,1.87678,1.87760,1.87656,1.87739,2260,24,0
1778554800,1.87738,1.87934,1.87728,1.87886,7278,24,0
1778558400,1.87884,1.88035,1.87813,1.87870,9703,24,0
1778562000,1.87869,1.87931,1.87801,1.87829,7389,24,0
1778565600,1.87831,1.87924,1.87819,1.87879,5306,24,0
1778569200,1.87880,1.87880,1.87730,1.87824,4835,24,0
1778572800,1.87825,1.87839,1.87655,1.87726,7158,24,0
1778576400,1.87727,1.87882,1.87722,1.87796,10562,24,0
1778580000,1.87796,1.87856,1.87249,1.87292,12180,24,0
1778583600,1.87292,1.87460,1.87097,1.87439,12064,24,0
1778587200,1.87442,1.87563,1.87372,1.87418,11268,24,0
1778590800,1.87427,1.87540,1.87284,1.87308,8410,24,0
1778594400,1.87298,1.87374,1.87122,1.87190,10621,24,0
1778598000,1.87190,1.87282,1.87159,1.87205,13407,24,0
1778601600,1.87205,1.87303,1.87090,1.87176,16327,24,0
1778605200,1.87176,1.87251,1.86965,1.87036,17516,24,0
1778608800,1.87041,1.87290,1.86952,1.87269,16550,24,0
1778612400,1.87271,1.87468,1.87200,1.87328,11216,24,0
1778616000,1.87328,1.87354,1.87132,1.87144,9155,24,0
1778619600,1.87143,1.87183,1.86981,1.87024,9626,24,0
1778623200,1.87025,1.87079,1.87003,1.87033,7566,24,0
1778626800,1.87031,1.87068,1.86943,1.87008,3173,24,0
1778630400,1.86963,1.87035,1.86896,1.86905,674,34,0
1778634000,1.86913,1.87005,1.86906,1.86999,1380,24,0
1778637600,1.86999,1.87023,1.86953,1.87007,1949,24,0
1778641200,1.87006,1.87070,1.86973,1.87044,6973,24,0
1778644800,1.87043,1.87089,1.86872,1.86919,8039,24,0
1778648400,1.86922,1.87034,1.86870,1.87008,5113,24,0
1778652000,1.86987,1.87113,1.86947,1.87091,5554,24,0
1778655600,1.87093,1.87117,1.87040,1.87057,3932,24,0
1778659200,1.87057,1.87174,1.87042,1.87128,5528,24,0
1778662800,1.87129,1.87145,1.86929,1.86944,8477,24,0
1778666400,1.86942,1.87013,1.86837,1.86891,9212,24,0
1778670000,1.86883,1.86924,1.86696,1.86767,8348,24,0
1778673600,1.86772,1.86796,1.86536,1.86574,7224,24,0
1778677200,1.86584,1.86595,1.86323,1.86341,11942,24,0
1778680800,1.86340,1.86383,1.86200,1.86243,6540,24,0
1778684400,1.86253,1.86373,1.86212,1.86271,11959,24,0
1778688000,1.86271,1.86574,1.86207,1.86473,13396,24,0
1778691600,1.86469,1.86517,1.86152,1.86195,12223,24,0
1778695200,1.86194,1.86298,1.86018,1.86145,9931,24,0
1778698800,1.86144,1.86154,1.86073,1.86137,8901,24,0
1778702400,1.86138,1.86200,1.86061,1.86192,5939,24,0
1778706000,1.86193,1.86315,1.86113,1.86257,7756,24,0
1778709600,1.86259,1.86430,1.86232,1.86423,5765,24,0
1778713200,1.86421,1.86462,1.86239,1.86304,3424,24,0
1778716800,1.86284,1.86331,1.86200,1.86272,891,64,0
1778720400,1.86272,1.86393,1.86272,1.86321,1627,24,0
1778724000,1.86323,1.86495,1.86284,1.86453,3050,24,0
1778727600,1.86456,1.86618,1.86431,1.86567,7197,24,0
1778731200,1.86566,1.86660,1.86542,1.86609,7791,24,0
1778734800,1.86607,1.86661,1.86442,1.86464,6153,24,0
1778738400,1.86465,1.86595,1.86460,1.86530,5092,24,0
1778742000,1.86531,1.86550,1.86387,1.86414,5227,24,0
1778745600,1.86413,1.86460,1.86167,1.86258,6665,24,0
1778749200,1.86258,1.86353,1.86201,1.86294,8241,24,0
1778752800,1.86286,1.86502,1.86197,1.86473,9502,24,0
1778756400,1.86472,1.86495,1.86305,1.86406,7844,24,0
1778760000,1.86403,1.86594,1.86367,1.86457,7393,24,0
1778763600,1.86452,1.86644,1.86408,1.86544,8144,24,0
1778767200,1.86540,1.86646,1.86394,1.86475,7360,24,0
1778770800,1.86475,1.86715,1.86413,1.86690,9027,24,0
1778774400,1.86693,1.86956,1.86667,1.86956,13076,24,0
1778778000,1.86953,1.86994,1.86502,1.86536,12746,24,0
1778781600,1.86520,1.86675,1.86477,1.86553,9489,24,0
1778785200,1.86554,1.86567,1.86067,1.86148,11119,24,0
1778788800,1.86148,1.86148,1.85623,1.85638,8708,24,0
1778792400,1.85637,1.85695,1.85392,1.85539,7283,24,0
1778796000,1.85537,1.85624,1.85521,1.85578,5837,24,0
1778799600,1.85587,1.85604,1.85508,1.85587,2888,24,0
1778803200,1.85601,1.85631,1.85536,1.85567,975,33,0
1778806800,1.85570,1.85617,1.85495,1.85511,1892,24,0
1778810400,1.85511,1.85618,1.85384,1.85610,3377,24,0
1778814000,1.85609,1.85756,1.85495,1.85675,9034,24,0
1778817600,1.85676,1.85975,1.85657,1.85959,11528,24,0
1778821200,1.85960,1.85999,1.85831,1.85934,8490,24,0
1778824800,1.85950,1.86014,1.85894,1.85933,6673,24,0
1778828400,1.85932,1.86079,1.85891,1.86072,6033,24,0
1778832000,1.86075,1.86423,1.86063,1.86368,11732,24,0
1778835600,1.86373,1.86508,1.86179,1.86445,13479,24,0
1778839200,1.86439,1.86525,1.86333,1.86451,12437,24,0
1778842800,1.86456,1.86520,1.86389,1.86462,12576,24,0
1778846400,1.86463,1.86819,1.86407,1.86742,12316,24,0
1778850000,1.86745,1.86825,1.86474,1.86564,12102,24,0
1778853600,1.86565,1.86871,1.86535,1.86780,9396,24,0
1778857200,1.86789,1.86862,1.86652,1.86669,12231,24,0
1778860800,1.86668,1.86827,1.86552,1.86641,15551,24,0
1778864400,1.86638,1.86678,1.86358,1.86507,17715,24,0
1778868000,1.86508,1.86561,1.86220,1.86417,16084,24,0
1778871600,1.86415,1.86430,1.86190,1.86255,10829,24,0
1778875200,1.86254,1.86276,1.86161,1.86172,8543,24,0
1778878800,1.86171,1.86311,1.86151,1.86227,9651,24,0
1778882400,1.86223,1.86334,1.86216,1.86271,6758,24,0
1778886000,1.86271,1.86407,1.86255,1.86367,3754,24,0
1779062400,1.86273,1.86318,1.86170,1.86291,605,82,0
1779066000,1.86303,1.86372,1.86108,1.86224,3555,24,0
1779069600,1.86223,1.86711,1.86205,1.86663,5562,24,0
1779073200,1.86664,1.86901,1.86625,1.86783,12184,24,0
1779076800,1.86784,1.86835,1.86657,1.86725,12098,24,0
1779080400,1.86724,1.86814,1.86654,1.86771,7944,24,0
1779084000,1.86772,1.86798,1.86581,1.86593,7933,24,0
1779087600,1.86594,1.86710,1.86559,1.86702,6431,24,0
1779091200,1.86702,1.86842,1.86670,1.86801,8537,24,0
1779094800,1.86803,1.86916,1.86780,1.86811,9811,24,0
1779098400,1.86813,1.86870,1.86581,1.86686,11281,24,0
1779102000,1.86686,1.86921,1.86637,1.86863,10282,24,0
1779105600,1.86864,1.86882,1.86649,1.86723,7856,24,0
1779109200,1.86723,1.86817,1.86629,1.86693,7961,24,0
1779112800,1.86695,1.86846,1.86570,1.86803,13653,24,0
1779116400,1.86802,1.86868,1.86532,1.86590,13819,24,0
1779120000,1.86592,1.86754,1.86473,1.86658,16178,24,0
1779123600,1.86672,1.87113,1.86653,1.87083,16430,24,0
1779127200,1.87084,1.87493,1.87043,1.87422,15042,24,0
1779130800,1.87425,1.87736,1.87398,1.87492,11466,24,0
1779134400,1.87492,1.87547,1.87364,1.87368,8588,24,0
1779138000,1.87366,1.87523,1.87350,1.87464,9315,24,0
1779141600,1.87469,1.87483,1.87196,1.87340,15208,24,0
1779145200,1.87339,1.87461,1.87327,1.87400,4874,24,0
1779148800,1.87378,1.87392,1.87240,1.87255,825,60,0
1779152400,1.87256,1.87375,1.87241,1.87287,2171,24,0
1779156000,1.87287,1.87333,1.87177,1.87308,2767,24,0
1779159600,1.87306,1.87658,1.87285,1.87645,8340,24,0
1779163200,1.87648,1.87902,1.87604,1.87763,9238,24,0
1779166800,1.87763,1.87909,1.87736,1.87843,8575,24,0
1779170400,1.87844,1.87948,1.87788,1.87923,6506,24,0
1779174000,1.87922,1.88088,1.87898,1.88025,6653,24,0
1779177600,1.88024,1.88158,1.87961,1.88086,8733,24,0
1779181200,1.88083,1.88086,1.87784,1.87811,10837,24,0
1779184800,1.87805,1.88085,1.87716,1.88076,10759,24,0
1779188400,1.88082,1.88213,1.88047,1.88155,10953,24,0
1779192000,1.88168,1.88477,1.88143,1.88417,10059,24,0
1779195600,1.88417,1.88453,1.88304,1.88381,10917,24,0
1779199200,1.88382,1.88393,1.88243,1.88313,9885,24,0
1779202800,1.88313,1.88459,1.88301,1.88435,11728,24,0
1779206400,1.88427,1.88631,1.88303,1.88462,18185,24,0
1779210000,1.88461,1.89056,1.88364,1.89020,19914,24,0
1779213600,1.89021,1.89094,1.88677,1.88709,13554,24,0
1779217200,1.88708,1.88714,1.88375,1.88413,10885,24,0
1779220800,1.88414,1.88559,1.88409,1.88505,8063,24,0
1779224400,1.88503,1.88539,1.88436,1.88512,8746,24,0
1779228000,1.88517,1.88562,1.88467,1.88490,7703,24,0
1779231600,1.88488,1.88563,1.88451,1.88484,3293,24,0
1779235200,1.88448,1.88500,1.88407,1.88477,66405,57,0
1779238800,1.88467,1.88538,1.88442,1.88486,2572,24,0
1779242400,1.88486,1.88551,1.88434,1.88547,3022,24,0
1779246000,1.88551,1.88767,1.88548,1.88767,11159,24,0
1779249600,1.88767,1.88804,1.88483,1.88495,11299,24,0
1779253200,1.88494,1.88719,1.88447,1.88703,9539,24,0
1779256800,1.88702,1.88716,1.88580,1.88630,7670,24,0
1779260400,1.88632,1.88656,1.88526,1.88594,6616,24,0
1779264000,1.88595,1.88650,1.88524,1.88528,8227,24,0
1779267600,1.88533,1.88575,1.88312,1.88404,10913,24,0
1779271200,1.88400,1.88489,1.88268,1.88330,10212,24,0
1779274800,1.88329,1.88348,1.88097,1.88166,10147,24,0
1779278400,1.88146,1.88289,1.88108,1.88143,7571,24,0
1779282000,1.88146,1.88146,1.87970,1.88012,7110,24,0
1779285600,1.88011,1.88085,1.87871,1.87981,7233,24,0
1779289200,1.87980,1.88076,1.87884,1.88039,8746,24,0
1779292800,1.88040,1.88181,1.87990,1.88055,12630,24,0
1779296400,1.88043,1.88115,1.87718,1.87772,26504,24,0
1779300000,1.87772,1.87971,1.87547,1.87954,26755,24,0
1779303600,1.87952,1.88002,1.87792,1.87860,13484,24,0
1779307200,1.87861,1.87963,1.87785,1.87852,10838,24,0
1779310800,1.87853,1.87900,1.87766,1.87788,9014,24,0
1779314400,1.87787,1.87820,1.87681,1.87687,6558,24,0
1779318000,1.87693,1.87851,1.87685,1.87806,5444,24,0
1779321600,1.87796,1.87852,1.87699,1.87746,683,66,0
1779325200,1.87741,1.87892,1.87741,1.87847,2242,24,0
1779328800,1.87847,1.87908,1.87843,1.87895,2246,24,0
1779332400,1.87891,1.88020,1.87867,1.87973,9403,24,0
1779336000,1.87974,1.88886,1.87831,1.88689,11915,24,0
1779339600,1.88690,1.89026,1.88569,1.88882,12395,24,0
1779343200,1.88883,1.88889,1.88582,1.88596,6838,24,0
1779346800,1.88598,1.88608,1.88377,1.88441,6084,24,0
1779350400,1.88436,1.88680,1.88402,1.88538,9924,24,0
1779354000,1.88539,1.88912,1.88459,1.88850,13259,24,0
1779357600,1.88846,1.88915,1.88597,1.88644,14853,24,0
1779361200,1.88644,1.88706,1.88203,1.88376,15440,24,0
1779364800,1.88359,1.88392,1.88210,1.88364,11942,24,0
1779368400,1.88358,1.88533,1.88284,1.88405,17473,24,0
1779372000,1.88404,1.88468,1.88209,1.88345,12589,24,0
1779375600,1.88343,1.88355,1.88098,1.88241,16975,24,0
1779379200,1.88243,1.88312,1.87967,1.87984,19861,24,0
1779382800,1.87989,1.88147,1.87848,1.87925,20935,24,0
1779386400,1.87924,1.88077,1.87867,1.87926,20218,24,0
1779390000,1.87921,1.87928,1.87636,1.87858,9814,24,0
1779393600,1.87857,1.87894,1.87556,1.87665,13972,24,0
1779397200,1.87665,1.87898,1.87627,1.87836,10840,24,0
1779400800,1.87835,1.87870,1.87748,1.87783,7450,24,0
1779404400,1.87780,1.87907,1.87768,1.87809,3615,24,0
1779408000,1.87755,1.87855,1.87695,1.87808,2676,71,0
1779411600,1.87801,1.87855,1.87747,1.87825,1460,24,0
1779415200,1.87826,1.87941,1.87820,1.87904,1964,24,0
1779418800,1.87903,1.88021,1.87874,1.87990,6833,24,0
1779422400,1.87991,1.88131,1.87971,1.88097,7611,24,0
1779426000,1.88090,1.88103,1.87992,1.88053,5753,24,0
1779429600,1.88060,1.88139,1.88012,1.88039,4421,24,0
1779433200,1.88041,1.88114,1.88011,1.88075,3904,24,0
1779436800,1.88076,1.88092,1.87931,1.88037,5790,24,0
1779440400,1.88041,1.88233,1.87951,1.88113,9455,24,0
1779444000,1.88104,1.88279,1.88081,1.88169,8725,24,0
1779447600,1.88168,1.88281,1.88081,1.88204,10387,24,0
1779451200,1.88205,1.88369,1.88191,1.88335,8653,24,0
1779454800,1.88334,1.88422,1.88275,1.88381,7969,24,0
1779458400,1.88380,1.88483,1.88352,1.88444,8129,24,0
1779462000,1.88450,1.88472,1.88212,1.88397,12552,24,0
1779465600,1.88389,1.88601,1.88352,1.88442,14702,24,0
1779469200,1.88462,1.88622,1.88388,1.88485,15640,24,0
1779472800,1.88485,1.88534,1.88402,1.88426,11231,24,0
1779476400,1.88425,1.88456,1.88355,1.88410,8154,24,0
1779480000,1.88410,1.88455,1.88277,1.88411,10099,24,0
1779483600,1.88407,1.88468,1.88309,1.88389,7115,24,0
1779487200,1.88395,1.88444,1.88366,1.88438,7357,24,0
1779490800,1.88437,1.88549,1.88341,1.88427,4258,24,0
1779667200,1.87993,1.88028,1.87929,1.88028,259,95,0
1779670800,1.88073,1.88444,1.88034,1.88358,5200,24,0
1779674400,1.88356,1.88368,1.88278,1.88355,3687,24,0
1779678000,1.88354,1.88404,1.88213,1.88273,7177,24,0
1779681600,1.88274,1.88281,1.88045,1.88093,7267,24,0
1779685200,1.88092,1.88112,1.87963,1.88101,4275,24,0
1779688800,1.88101,1.88179,1.88071,1.88155,4647,24,0
1779692400,1.88156,1.88168,1.88013,1.88059,3613,24,0
1779696000,1.88059,1.88189,1.88035,1.88146,4754,24,0
1779699600,1.88147,1.88204,1.88069,1.88180,6203,24,0
1779703200,1.88178,1.88351,1.88116,1.88304,9087,24,0
1779706800,1.88307,1.88351,1.88197,1.88266,6481,24,0
1779710400,1.88268,1.88309,1.88208,1.88251,4062,24,0
1779714000,1.88250,1.88261,1.88170,1.88242,4254,24,0
1779717600,1.88239,1.88282,1.88189,1.88255,5740,24,0
1779721200,1.88266,1.88314,1.88213,1.88289,7105,24,0
1779724800,1.88289,1.88326,1.88216,1.88222,5936,24,0
1779728400,1.88219,1.88232,1.88054,1.88066,5829,24,0
1779732000,1.88065,1.88241,1.88007,1.88223,6026,24,0
1779735600,1.88220,1.88265,1.88200,1.88236,3193,24,0
1779739200,1.88236,1.88255,1.88187,1.88203,1727,24,0
1779742800,1.88202,1.88237,1.88199,1.88230,994,24,0
1779746400,1.88232,1.88235,1.88205,1.88231,961,24,0
1779750000,1.88226,1.88308,1.88182,1.88202,1160,24,0
1779753600,1.88203,1.88290,1.88184,1.88280,1509,84,0
1779757200,1.88292,1.88292,1.88163,1.88222,1898,24,0
1779760800,1.88222,1.88291,1.88175,1.88262,2952,24,0
1779764400,1.88261,1.88297,1.88177,1.88185,8056,24,0
1779768000,1.88186,1.88296,1.88159,1.88219,8962,24,0
1779771600,1.88221,1.88265,1.88168,1.88199,5251,24,0
1779775200,1.88198,1.88203,1.88074,1.88087,3567,24,0
1779778800,1.88088,1.88258,1.88070,1.88243,3660,24,0
1779782400,1.88247,1.88338,1.88181,1.88196,5821,24,0
1779786000,1.88195,1.88212,1.88012,1.88085,8147,24,0
1779789600,1.88084,1.88198,1.88052,1.88083,11979,24,0
1779793200,1.88083,1.88160,1.88029,1.88089,9172,24,0
1779796800,1.88089,1.88230,1.88043,1.88204,9138,24,0
1779800400,1.88202,1.88231,1.88123,1.88170,9078,24,0
1779804000,1.88173,1.88216,1.87947,1.87992,9973,24,0
1779807600,1.87999,1.88039,1.87848,1.87857,9750,24,0
1779811200,1.87860,1.87877,1.87633,1.87785,14728,24,0
1779814800,1.87749,1.87852,1.87578,1.87617,15634,24,0
1779818400,1.87622,1.87718,1.87554,1.87620,14219,24,0
1779822000,1.87623,1.87680,1.87593,1.87641,6705,24,0
1779825600,1.87640,1.87718,1.87612,1.87654,5507,24,0
1779829200,1.87655,1.87658,1.87529,1.87551,4796,24,0
1779832800,1.87553,1.87596,1.87541,1.87586,4314,24,0
1779836400,1.87585,1.87700,1.87569,1.87576,2188,24,0
1779840000,1.87535,1.87608,1.87458,1.87591,8275,44,0
1779843600,1.87589,1.87663,1.87584,1.87646,1637,24,0
1779847200,1.87647,1.87667,1.87573,1.87625,2176,24,0
1779850800,1.87626,1.87679,1.87409,1.87503,5321,24,0
1779854400,1.87504,1.88018,1.87414,1.87885,8103,24,0
1779858000,1.87903,1.87945,1.87714,1.87826,7766,24,0
1779861600,1.87821,1.87957,1.87739,1.87911,5284,24,0
1779865200,1.87912,1.87959,1.87797,1.87865,4930,24,0
1779868800,1.87867,1.87982,1.87850,1.87969,6500,24,0
1779872400,1.87966,1.88236,1.87926,1.88229,9225,24,0
1779876000,1.88225,1.88338,1.88133,1.88312,8533,24,0
1779879600,1.88312,1.88499,1.88246,1.88275,8166,24,0
1779883200,1.88274,1.88355,1.88197,1.88239,6704,24,0
1779886800,1.88242,1.88455,1.88149,1.88396,7726,24,0
1779890400,1.88387,1.88475,1.88317,1.88350,9302,24,0
1779894000,1.88349,1.88552,1.88195,1.88391,16772,24,0
1779897600,1.88393,1.88525,1.88348,1.88385,16733,24,0
1779901200,1.88405,1.88605,1.88247,1.88266,19517,24,0
1779904800,1.88269,1.88276,1.88098,1.88194,13578,24,0
1779908400,1.88187,1.88212,1.88052,1.88114,7613,24,0
1779912000,1.88116,1.88170,1.88040,1.88151,7026,24,0
1779915600,1.88154,1.88179,1.88100,1.88104,5020,24,0
1779919200,1.88102,1.88123,1.88033,1.88045,5214,24,0
1779922800,1.88044,1.88082,1.87979,1.87988,2269,24,0
1779926400,1.87981,1.88086,1.87906,1.88007,1466,63,0
1779930000,1.88019,1.88099,1.87972,1.88002,1717,24,0
1779933600,1.88005,1.88078,1.87934,1.88075,3550,24,0
1779937200,1.88083,1.88191,1.88050,1.88075,8021,24,0
1779940800,1.88081,1.88274,1.88005,1.88189,8498,24,0
1779944400,1.88191,1.88230,1.88094,1.88101,6308,24,0
1779948000,1.88104,1.88319,1.88009,1.88227,11335,24,0
1779951600,1.88232,1.88365,1.88192,1.88290,8616,24,0
1779955200,1.88291,1.88351,1.88084,1.88174,8309,24,0
1779958800,1.88171,1.88259,1.88029,1.88234,8870,24,0
1779962400,1.88239,1.88280,1.88066,1.88175,10647,24,0
1779966000,1.88166,1.88310,1.88143,1.88287,8748,24,0
1779969600,1.88283,1.88332,1.88102,1.88121,7968,24,0
1779973200,1.88122,1.88322,1.88041,1.88246,9965,24,0
1779976800,1.88243,1.88370,1.88205,1.88332,8412,24,0
1779980400,1.88328,1.88361,1.88149,1.88169,11685,24,0
1779984000,1.88173,1.88327,1.88123,1.88168,13539,24,0
1779987600,1.88164,1.88221,1.87742,1.87903,23522,24,0
1779991200,1.87896,1.87908,1.87631,1.87691,12752,24,0
1779994800,1.87692,1.87695,1.87539,1.87575,8743,24,0
1779998400,1.87574,1.87644,1.87563,1.87635,5821,24,0
1780002000,1.87635,1.87671,1.87577,1.87626,6461,24,0
1780005600,1.87629,1.87648,1.87569,1.87640,5261,24,0
1780009200,1.87643,1.87732,1.87618,1.87644,2862,24,0
1780012800,1.87622,1.87682,1.87582,1.87599,885,81,0
1780016400,1.87593,1.87694,1.87578,1.87649,1435,24,0
1780020000,1.87647,1.87713,1.87623,1.87670,2464,24,0
1780023600,1.87669,1.87758,1.87607,1.87706,5958,24,0
1780027200,1.87705,1.87766,1.87650,1.87677,7703,24,0
1780030800,1.87676,1.87800,1.87628,1.87740,5509,24,0
1780034400,1.87742,1.87788,1.87694,1.87740,4731,24,0
1780038000,1.87740,1.87741,1.87566,1.87584,4402,24,0
1780041600,1.87587,1.87613,1.87503,1.87589,4599,24,0
1780045200,1.87588,1.87742,1.87493,1.87714,8448,24,0
1780048800,1.87709,1.87709,1.87435,1.87475,9477,24,0
1780052400,1.87471,1.87598,1.87460,1.87487,8846,24,0
1780056000,1.87490,1.87579,1.87448,1.87497,8724,24,0
1780059600,1.87507,1.87528,1.87375,1.87445,7460,24,0
1780063200,1.87453,1.87461,1.87257,1.87277,7790,24,0
1780066800,1.87279,1.87328,1.87092,1.87119,10300,24,0
1780070400,1.87109,1.87176,1.86912,1.86954,12239,24,0
1780074000,1.86962,1.87350,1.86915,1.87325,21075,24,0
1780077600,1.87327,1.87450,1.87209,1.87399,18850,24,0
1780081200,1.87398,1.87424,1.87235,1.87324,10091,24,0
1780084800,1.87327,1.87399,1.87286,1.87340,6738,24,0
1780088400,1.87342,1.87403,1.87300,1.87396,7216,24,0
1780092000,1.87398,1.87419,1.87333,1.87373,6973,24,0
1780095600,1.87371,1.87393,1.87199,1.87262,5051,24,0
1780272000,1.87492,1.87535,1.87398,1.87434,5488,83,0
1780275600,1.87440,1.87504,1.87285,1.87325,3777,24,0
1780279200,1.87325,1.87351,1.87230,1.87319,3921,24,0
1780282800,1.87312,1.87360,1.87168,1.87235,7852,24,0
1780286400,1.87236,1.87274,1.87169,1.87225,7139,24,0
1780290000,1.87226,1.87286,1.87184,1.87277,5210,24,0
1780293600,1.87275,1.87466,1.87262,1.87306,5776,24,0
1780297200,1.87307,1.87310,1.87246,1.87271,3140,24,0
1780300800,1.87270,1.87330,1.87251,1.87319,5631,24,0
1780304400,1.87317,1.87617,1.87280,1.87572,8520,24,0
1780308000,1.87578,1.87584,1.87394,1.87468,8830,24,0
1780311600,1.87458,1.87616,1.87414,1.87494,7912,24,0
1780315200,1.87494,1.87572,1.87450,1.87480,8559,24,0
1780318800,1.87479,1.87635,1.87458,1.87595,7436,24,0
1780322400,1.87595,1.87721,1.87584,1.87718,7217,24,0
1780326000,1.87712,1.87812,1.87671,1.87779,9823,24,0
1780329600,1.87777,1.88142,1.87703,1.87916,23075,24,0
1780333200,1.87922,1.88153,1.87782,1.88146,19803,24,0
1780336800,1.88142,1.88155,1.87836,1.88030,16384,24,0
1780340400,1.88029,1.88070,1.87932,1.87976,10252,24,0
1780344000,1.87977,1.87988,1.87770,1.87859,11139,24,0
1780347600,1.87862,1.87922,1.87857,1.87882,4251,24,0
1780351200,1.87881,1.87931,1.87868,1.87917,5638,24,0
1780354800,1.87913,1.87954,1.87859,1.87882,2909,24,0
1780358400,1.87848,1.87869,1.87761,1.87786,4781,88,0
1780362000,1.87785,1.87942,1.87785,1.87909,1819,24,0
1780365600,1.87911,1.87926,1.87838,1.87856,2139,24,0
1780369200,1.87855,1.87982,1.87842,1.87906,6591,24,0
1780372800,1.87907,1.88049,1.87765,1.88007,8366,24,0
1780376400,1.88007,1.88033,1.87887,1.87929,5396,24,0
1780380000,1.87928,1.88046,1.87899,1.87956,4787,24,0
1780383600,1.87955,1.88045,1.87929,1.87974,3676,24,0
1780387200,1.87975,1.87990,1.87900,1.87949,5243,24,0
1780390800,1.87954,1.87998,1.87726,1.87767,9400,24,0
1780394400,1.87766,1.87788,1.87539,1.87576,10218,24,0
1780398000,1.87575,1.87590,1.87417,1.87510,8032,24,0
1780401600,1.87511,1.87651,1.87484,1.87517,6874,24,0
1780405200,1.87523,1.87606,1.87464,1.87484,6141,24,0
1780408800,1.87484,1.87639,1.87462,1.87626,6685,24,0
1780412400,1.87626,1.87734,1.87581,1.87694,8906,24,0
1780416000,1.87693,1.87835,1.87659,1.87743,13951,24,0
1780419600,1.87743,1.87798,1.87487,1.87497,13797,24,0
1780423200,1.87498,1.87607,1.87478,1.87594,10692,24,0
1780426800,1.87595,1.87654,1.87502,1.87561,6581,24,0
1780430400,1.87563,1.87636,1.87538,1.87631,5983,24,0
1780434000,1.87626,1.87642,1.87554,1.87606,5049,24,0
1780437600,1.87608,1.87612,1.87519,1.87521,3304,24,0
1780441200,1.87520,1.87586,1.87465,1.87513,2121,24,0
1780444800,1.87505,1.87597,1.87430,1.87441,1323,82,0
1780448400,1.87442,1.87561,1.87420,1.87545,1618,24,0
1780452000,1.87544,1.87597,1.87520,1.87529,4286,24,0
1780455600,1.87529,1.87568,1.87492,1.87506,5455,24,0
1780459200,1.87507,1.87774,1.87451,1.87625,7453,24,0
1780462800,1.87626,1.87743,1.87584,1.87658,5356,24,0
1780466400,1.87656,1.87745,1.87619,1.87715,4556,24,0
1780470000,1.87713,1.87781,1.87638,1.87743,3628,24,0
1780473600,1.87742,1.87827,1.87701,1.87749,5705,24,0
1780477200,1.87744,1.87942,1.87704,1.87842,10480,24,0
1780480800,1.87847,1.87873,1.87682,1.87779,10119,24,0
1780484400,1.87774,1.87807,1.87678,1.87715,10608,24,0
1780488000,1.87714,1.87732,1.87628,1.87712,7679,24,0
1780491600,1.87715,1.87728,1.87506,1.87621,10113,24,0
1780495200,1.87620,1.87717,1.87592,1.87685,7296,24,0
1780498800,1.87688,1.87825,1.87666,1.87774,10634,24,0
1780502400,1.87775,1.88122,1.87758,1.88065,14898,24,0
1780506000,1.88066,1.88071,1.87816,1.87995,15465,24,0
1780509600,1.87998,1.88220,1.87958,1.88196,12162,24,0
1780513200,1.88196,1.88217,1.88069,1.88103,9257,24,0
1780516800,1.88101,1.88167,1.88071,1.88086,6051,24,0
1780520400,1.88085,1.88156,1.88070,1.88142,4628,24,0
1780524000,1.88141,1.88214,1.88131,1.88202,4443,24,0
1780527600,1.88204,1.88312,1.88179,1.88181,3021,24,0
1780531200,1.88150,1.88219,1.88078,1.88187,1623,52,0
1780534800,1.88182,1.88247,1.88029,1.88085,3301,24,0
1780538400,1.88085,1.88328,1.88066,1.88190,4465,24,0
1780542000,1.88188,1.88304,1.88082,1.88263,10121,24,0
1780545600,1.88266,1.88375,1.88118,1.88275,10137,24,0
1780549200,1.88278,1.88421,1.88257,1.88354,8605,24,0
1780552800,1.88355,1.88388,1.88299,1.88300,5586,24,0
1780556400,1.88298,1.88392,1.88263,1.88367,5320,24,0
1780560000,1.88387,1.88433,1.88300,1.88315,6431,24,0
1780563600,1.88316,1.88351,1.88128,1.88171,10308,24,0
1780567200,1.88168,1.88258,1.88099,1.88219,11377,24,0
1780570800,1.88215,1.88429,1.88203,1.88309,10560,24,0
1780574400,1.88309,1.88421,1.88261,1.88331,10482,24,0
1780578000,1.88334,1.88434,1.88250,1.88410,8748,24,0
1780581600,1.88408,1.88455,1.88300,1.88300,12231,24,0
1780585200,1.88302,1.88464,1.88293,1.88414,12284,24,0
1780588800,1.88410,1.88439,1.88213,1.88303,15015,24,0
1780592400,1.88307,1.88348,1.88197,1.88271,14298,24,0
1780596000,1.88270,1.88284,1.88115,1.88168,11503,24,0
1780599600,1.88168,1.88207,1.88113,1.88155,8092,24,0
1780603200,1.88155,1.88173,1.88053,1.88064,5869,24,0
1780606800,1.88061,1.88122,1.88033,1.88108,4228,24,0
1780610400,1.88108,1.88140,1.88095,1.88103,3665,24,0
1780614000,1.88102,1.88233,1.88100,1.88131,2361,24,0
1780617600,1.88109,1.88197,1.88032,1.88122,3769,66,0
1780621200,1.88128,1.88211,1.88118,1.88161,1470,24,0
1780624800,1.88160,1.88256,1.88105,1.88223,2046,24,0
1780628400,1.88216,1.88431,1.88216,1.88429,7454,24,0
1780632000,1.88426,1.88799,1.88413,1.88545,8980,24,0
1780635600,1.88546,1.88588,1.88330,1.88377,6668,24,0
1780639200,1.88377,1.88529,1.88326,1.88504,5389,24,0
1780642800,1.88504,1.88508,1.88357,1.88394,5262,24,0
1780646400,1.88395,1.88594,1.88366,1.88563,6140,24,0
1780650000,1.88558,1.88656,1.88510,1.88549,9859,24,0
1780653600,1.88547,1.88569,1.88425,1.88553,8189,24,0
1780657200,1.88557,1.88701,1.88445,1.88681,8153,24,0
1780660800,1.88673,1.88701,1.88557,1.88615,9531,24,0
1780664400,1.88614,1.88775,1.88583,1.88669,7522,24,0
1780668000,1.88666,1.88697,1.88547,1.88557,7237,24,0
1780671600,1.88556,1.88757,1.88470,1.88707,15823,24,0
1780675200,1.88701,1.89280,1.88607,1.89187,22353,24,0
1780678800,1.89188,1.89371,1.88988,1.89033,18993,24,0
1780682400,1.89035,1.89335,1.88934,1.89241,14493,24,0
1780686000,1.89240,1.89285,1.89141,1.89152,13135,24,0
1780689600,1.89151,1.89240,1.89073,1.89091,10494,24,0
1780693200,1.89090,1.89397,1.89084,1.89333,11538,24,0
1780696800,1.89336,1.89415,1.89274,1.89308,11654,24,0
1780700400,1.89305,1.89455,1.89212,1.89357,6545,24,0
1780876800,1.89637,1.89664,1.89523,1.89546,914,123,0
1780880400,1.89548,1.89564,1.89344,1.89467,7965,24,0
1780884000,1.89467,1.89467,1.89321,1.89334,5480,24,0
1780887600,1.89337,1.89382,1.89075,1.89107,8314,24,0
1780891200,1.89107,1.89307,1.89026,1.89152,16942,24,0
1780894800,1.89149,1.89259,1.89115,1.89171,12053,24,0
1780898400,1.89171,1.89291,1.89119,1.89219,7887,24,0
1780902000,1.89218,1.89360,1.89166,1.89347,8241,24,0
1780905600,1.89341,1.89450,1.89244,1.89386,13564,24,0
1780909200,1.89379,1.89382,1.89103,1.89157,15557,24,0
1780912800,1.89147,1.89180,1.89021,1.89082,14840,24,0
1780916400,1.89081,1.89139,1.88961,1.88999,14773,24,0
1780920000,1.89001,1.89045,1.88849,1.88963,14942,24,0
1780923600,1.88964,1.89091,1.88836,1.89004,14199,24,0
1780927200,1.89002,1.89064,1.88807,1.88957,14932,24,0
1780930800,1.88958,1.88971,1.88684,1.88812,15538,24,0
1780934400,1.88811,1.89211,1.88739,1.89174,20300,24,0
1780938000,1.89183,1.89351,1.88988,1.89023,19595,24,0
1780941600,1.89043,1.89226,1.88969,1.89202,16655,24,0
1780945200,1.89204,1.89265,1.89149,1.89227,11041,24,0
1780948800,1.89224,1.89373,1.89224,1.89302,10830,24,0
1780952400,1.89302,1.89367,1.89234,1.89326,8512,24,0
1780956000,1.89324,1.89399,1.89286,1.89348,9334,24,0
1780959600,1.89352,1.89400,1.89297,1.89309,3725,24,0
1780963200,1.89313,1.89410,1.89250,1.89278,2836,50,0
1780966800,1.89275,1.89460,1.89264,1.89351,2427,24,0
1780970400,1.89350,1.89460,1.89331,1.89413,2911,24,0
1780974000,1.89414,1.89521,1.89331,1.89335,9971,24,0
1780977600,1.89337,1.89344,1.89135,1.89158,11512,24,0
1780981200,1.89156,1.89418,1.89126,1.89372,8281,24,0
1780984800,1.89371,1.89547,1.89350,1.89466,8622,24,0
1780988400,1.89466,1.89508,1.89279,1.89341,5669,24,0
1780992000,1.89340,1.89428,1.89279,1.89320,9643,24,0
1780995600,1.89326,1.89383,1.89091,1.89281,11340,24,0
1780999200,1.89288,1.89586,1.89231,1.89563,13526,24,0
1781002800,1.89559,1.89775,1.89543,1.89717,12423,24,0
1781006400,1.89718,1.89879,1.89674,1.89879,9584,24,0
1781010000,1.89887,1.89974,1.89747,1.89810,9560,24,0
1781013600,1.89811,1.89879,1.89758,1.89814,7768,24,0
1781017200,1.89816,1.89886,1.89764,1.89835,9061,24,0
1781020800,1.89836,1.90111,1.89783,1.89989,15543,24,0
1781024400,1.90007,1.90508,1.89911,1.90248,22542,24,0
1781028000,1.90239,1.90507,1.90183,1.90493,24096,24,0
1781031600,1.90494,1.90738,1.90399,1.90567,25932,24,0
1781035200,1.90567,1.90604,1.90365,1.90383,18394,24,0
1781038800,1.90384,1.90430,1.90283,1.90350,14130,24,0
1781042400,1.90350,1.90526,1.90344,1.90376,13243,24,0
1781046000,1.90375,1.90439,1.90327,1.90350,4882,24,0
1781049600,1.90306,1.90527,1.90264,1.90315,2978,41,0
1781053200,1.90317,1.90521,1.90306,1.90495,3334,24,0
1781056800,1.90494,1.90539,1.90341,1.90351,4889,24,0
1781060400,1.90351,1.90507,1.90220,1.90331,13057,24,0
1781064000,1.90325,1.90393,1.90257,1.90339,13841,24,0
1781067600,1.90339,1.90566,1.90317,1.90538,10623,24,0
1781071200,1.90539,1.90585,1.90463,1.90524,8232,24,0
1781074800,1.90525,1.90711,1.90514,1.90678,8588,24,0
1781078400,1.90677,1.90896,1.90677,1.90772,11257,24,0
1781082000,1.90774,1.90833,1.90660,1.90713,12323,24,0
1781085600,1.90721,1.90821,1.90653,1.90793,12436,24,0
1781089200,1.90789,1.90969,1.90785,1.90948,13749,24,0
1781092800,1.90949,1.91144,1.90905,1.91092,11663,24,0
1781096400,1.91086,1.91188,1.90968,1.90970,9958,24,0
1781100000,1.90969,1.91171,1.90957,1.91094,18338,24,0
1781103600,1.91103,1.91125,1.90625,1.90941,20370,24,0
1781107200,1.90935,1.90992,1.90723,1.90747,20723,24,0
1781110800,1.90754,1.90898,1.90716,1.90857,23717,24,0
1781114400,1.90856,1.90903,1.90597,1.90705,27057,24,0
1781118000,1.90700,1.90792,1.90635,1.90779,15826,24,0
1781121600,1.90777,1.90917,1.90715,1.90824,15152,24,0
1781125200,1.90825,1.90921,1.90712,1.90846,14258,24,0
1781128800,1.90845,1.91066,1.90811,1.91031,13049,24,0
1781132400,1.91031,1.91145,1.90991,1.91025,5694,24,0
1781136000,1.91009,1.91095,1.90972,1.91053,6075,43,0
1781139600,1.91061,1.91124,1.90935,1.91022,6249,24,0
1781143200,1.91022,1.91065,1.90862,1.91032,9679,24,0
1781146800,1.91033,1.91131,1.90925,1.91058,14599,24,0
1781150400,1.91054,1.91124,1.90909,1.91013,12176,24,0
1781154000,1.91012,1.91100,1.91009,1.91033,9860,24,0
1781157600,1.91031,1.91119,1.91016,1.91052,8220,24,0
1781161200,1.91048,1.91081,1.90933,1.90945,6680,24,0
1781164800,1.90944,1.90986,1.90898,1.90948,8605,24,0
1781168400,1.90961,1.91039,1.90890,1.91031,10300,24,0
1781172000,1.91028,1.91176,1.91008,1.91132,10168,24,0
1781175600,1.91133,1.91202,1.91035,1.91072,10115,24,0
1781179200,1.91077,1.91092,1.90900,1.91020,8279,24,0
1781182800,1.91020,1.91024,1.90894,1.90965,7520,24,0
1781186400,1.90964,1.91062,1.90930,1.90994,9960,24,0
1781190000,1.90994,1.91210,1.90957,1.91173,20117,24,0
1781193600,1.91177,1.91231,1.90912,1.91017,19784,24,0
1781197200,1.91016,1.91099,1.90710,1.90775,19586,24,0
1781200800,1.90773,1.90805,1.90599,1.90662,19229,24,0
1781204400,1.90662,1.90787,1.90573,1.90778,14270,24,0
1781208000,1.90779,1.90816,1.90420,1.90534,26301,24,0
1781211600,1.90532,1.90682,1.90481,1.90592,23514,24,0
1781215200,1.90590,1.90590,1.90296,1.90345,18042,24,0
1781218800,1.90346,1.90431,1.90216,1.90277,8541,24,0
1781222400,1.90271,1.90412,1.90260,1.90301,1654,89,0
1781226000,1.90290,1.90406,1.90275,1.90347,3542,24,0
1781229600,1.90348,1.90426,1.90279,1.90325,4843,24,0
1781233200,1.90333,1.90441,1.90273,1.90320,10906,24,0
1781236800,1.90323,1.90657,1.90310,1.90510,9240,24,0
1781240400,1.90513,1.90680,1.90457,1.90541,5787,24,0
1781244000,1.90538,1.90579,1.90471,1.90552,5419,24,0
1781247600,1.90553,1.90580,1.90410,1.90463,4517,24,0
1781251200,1.90468,1.90670,1.90435,1.90628,11981,24,0
1781254800,1.90619,1.90653,1.90469,1.90615,12436,24,0
1781258400,1.90613,1.90747,1.90383,1.90510,15919,24,0
1781262000,1.90517,1.90559,1.90315,1.90494,18121,24,0
1781265600,1.90493,1.90520,1.90293,1.90473,14704,24,0
1781269200,1.90474,1.90571,1.90331,1.90400,13146,24,0
1781272800,1.90395,1.90588,1.90377,1.90476,11497,24,0
1781276400,1.90478,1.90537,1.90317,1.90363,14546,24,0
1781280000,1.90361,1.90533,1.90232,1.90382,21190,24,0
1781283600,1.90374,1.90428,1.90162,1.90211,23785,24,0
1781287200,1.90210,1.90363,1.90083,1.90350,20325,24,0
1781290800,1.90354,1.90366,1.90127,1.90301,16114,24,0
1781294400,1.90298,1.90363,1.90198,1.90339,11340,24,0
1781298000,1.90338,1.90358,1.90294,1.90332,9280,24,0
1781301600,1.90335,1.90357,1.90197,1.90206,10191,24,0
1781305200,1.90208,1.90336,1.90128,1.90249,3417,24,0
1781481600,1.90284,1.90316,1.89490,1.89529,8543,90,0
1781485200,1.89543,1.90081,1.89468,1.90080,10345,24,0
1781488800,1.90078,1.90157,1.89996,1.90091,5286,24,0
1781492400,1.90092,1.90219,1.89918,1.90205,8861,24,0
1781496000,1.90202,1.90221,1.89964,1.89967,7693,24,0
1781499600,1.89966,1.89977,1.89836,1.89903,5484,24,0
1781503200,1.89903,1.89916,1.89758,1.89816,4725,24,0
1781506800,1.89815,1.89957,1.89805,1.89921,4047,24,0
1781510400,1.89922,1.90014,1.89880,1.90006,5926,24,0
1781514000,1.90008,1.90076,1.89952,1.89981,8484,24,0
1781517600,1.89975,1.90054,1.89907,1.89931,10266,24,0
1781521200,1.89934,1.89982,1.89786,1.89803,8213,24,0
1781524800,1.89803,1.89917,1.89763,1.89878,6876,24,0
1781528400,1.89882,1.89949,1.89759,1.89810,5992,24,0
1781532000,1.89800,1.89882,1.89766,1.89817,7559,24,0
1781535600,1.89818,1.89944,1.89810,1.89884,8684,24,0
1781539200,1.89886,1.89966,1.89848,1.89885,10519,24,0
1781542800,1.89899,1.89964,1.89630,1.89653,12476,24,0
1781546400,1.89655,1.89716,1.89558,1.89602,9346,24,0
1781550000,1.89601,1.89692,1.89582,1.89650,5774,24,0
1781553600,1.89652,1.89769,1.89628,1.89719,5191,24,0
1781557200,1.89718,1.89763,1.89660,1.89673,5860,24,0
1781560800,1.89670,1.89695,1.89615,1.89623,5947,24,0
1781564400,1.89621,1.89753,1.89592,1.89616,3154,24,0
1781568000,1.89632,1.89651,1.89541,1.89561,6534,74,0
1781571600,1.89556,1.89743,1.89556,1.89693,1675,24,0
1781575200,1.89693,1.89709,1.89623,1.89693,2046,24,0
1781578800,1.89693,1.89754,1.89658,1.89681,5244,24,0
1781582400,1.89680,1.89857,1.89648,1.89820,6959,24,0
1781586000,1.89821,1.89881,1.89781,1.89782,5200,24,0
1781589600,1.89783,1.89851,1.89739,1.89787,4638,24,0
1781593200,1.89788,1.90102,1.89754,1.89998,6060,24,0
1781596800,1.89996,1.90178,1.89908,1.89998,6126,24,0
1781600400,1.89992,1.90062,1.89932,1.90005,8964,24,0
1781604000,1.90004,1.90040,1.89916,1.89985,8828,24,0
1781607600,1.89984,1.90067,1.89846,1.89903,7432,24,0
1781611200,1.89913,1.89954,1.89805,1.89806,7144,24,0
1781614800,1.89803,1.89816,1.89607,1.89746,6735,24,0
1781618400,1.89743,1.89835,1.89683,1.89774,7272,24,0
1781622000,1.89770,1.89824,1.89728,1.89766,8736,24,0
1781625600,1.89767,1.89797,1.89523,1.89599,11145,24,0
1781629200,1.89600,1.89724,1.89503,1.89700,13216,24,0
1781632800,1.89699,1.89890,1.89674,1.89881,13088,24,0
1781636400,1.89882,1.89920,1.89795,1.89837,9070,24,0
1781640000,1.89835,1.89902,1.89804,1.89882,6677,24,0
1781643600,1.89880,1.89894,1.89817,1.89858,5345,24,0
1781647200,1.89859,1.89958,1.89852,1.89950,7009,24,0
1781650800,1.89951,1.90024,1.89919,1.89940,2251,24,0
1781654400,1.89942,1.89980,1.89872,1.89976,1247,79,0
1781658000,1.89994,1.90043,1.89900,1.89936,1516,24,0
1781661600,1.89937,1.90025,1.89935,1.90006,1665,24,0
1781665200,1.90010,1.90024,1.89958,1.89979,9585,24,0
1781668800,1.89980,1.90045,1.89928,1.89960,5262,24,0
1781672400,1.89959,1.90116,1.89923,1.90079,3732,24,0
1781676000,1.90080,1.90160,1.90073,1.90140,3344,24,0
1781679600,1.90142,1.90217,1.90103,1.90200,3449,24,0
1781683200,1.90200,1.90250,1.90103,1.90103,4835,24,0
1781686800,1.90079,1.90178,1.89847,1.90051,8044,24,0
1781690400,1.90050,1.90112,1.89901,1.89957,8297,24,0
1781694000,1.89956,1.90024,1.89929,1.89993,8158,24,0
1781697600,1.89993,1.90011,1.89924,1.89985,6202,24,0
1781701200,1.89984,1.90062,1.89968,1.89974,6227,24,0
1781704800,1.89976,1.90003,1.89819,1.89863,7547,24,0
1781708400,1.89865,1.89924,1.89805,1.89870,7124,24,0
1781712000,1.89872,1.89878,1.89608,1.89660,9943,24,0
1781715600,1.89643,1.89668,1.89429,1.89519,15391,24,0
1781719200,1.89513,1.89529,1.89379,1.89445,10282,24,0
1781722800,1.89442,1.89470,1.89362,1.89410,7084,24,0
1781726400,1.89411,1.89485,1.89323,1.89397,7585,24,0
1781730000,1.89391,1.89638,1.89250,1.89389,34789,24,0
1781733600,1.89388,1.89614,1.89111,1.89575,25618,24,0
1781737200,1.89576,1.89621,1.89446,1.89524,7167,24,0
1781740800,1.89434,1.89581,1.89379,1.89393,1978,50,0
1781744400,1.89402,1.89561,1.89377,1.89532,2512,24,0
1781748000,1.89531,1.89538,1.89464,1.89503,3492,24,0
1781751600,1.89504,1.89504,1.89370,1.89466,9588,24,0
1781755200,1.89466,1.89468,1.89261,1.89270,8171,24,0
1781758800,1.89268,1.89288,1.89123,1.89186,5638,24,0
1781762400,1.89187,1.89212,1.89132,1.89153,4702,24,0
1781766000,1.89154,1.89297,1.89127,1.89269,5236,24,0
1781769600,1.89268,1.89281,1.89146,1.89175,5677,24,0
1781773200,1.89184,1.89373,1.89140,1.89141,10657,24,0
1781776800,1.89149,1.89189,1.88970,1.89034,10858,24,0
1781780400,1.89032,1.89089,1.88783,1.88888,12482,24,0
1781784000,1.88887,1.88920,1.88682,1.88712,11497,24,0
1781787600,1.88714,1.88843,1.88695,1.88823,11357,24,0
1781791200,1.88814,1.88896,1.88555,1.88638,13320,24,0
1781794800,1.88637,1.88849,1.88505,1.88551,14234,24,0
1781798400,1.88548,1.88609,1.88402,1.88417,17673,24,0
1781802000,1.88416,1.88580,1.88301,1.88344,17521,24,0
1781805600,1.88344,1.88456,1.88263,1.88428,15073,24,0
1781809200,1.88430,1.88435,1.88262,1.88349,12774,24,0
1781812800,1.88349,1.88352,1.88199,1.88203,9519,24,0
1781816400,1.88202,1.88242,1.88177,1.88220,9042,24,0
1781820000,1.88219,1.88277,1.88172,1.88197,10602,24,0
1781823600,1.88203,1.88307,1.88130,1.88195,4138,24,0
1781827200,1.88164,1.88227,1.88081,1.88221,1029,59,0
1781830800,1.88199,1.88284,1.88130,1.88172,2176,24,0
1781834400,1.88173,1.88259,1.88140,1.88238,2153,24,0
1781838000,1.88240,1.88373,1.88232,1.88365,6326,24,0
1781841600,1.88367,1.88450,1.88341,1.88363,5755,24,0
1781845200,1.88362,1.88383,1.88272,1.88287,4972,24,0
1781848800,1.88284,1.88468,1.88228,1.88437,6391,24,0
1781852400,1.88439,1.88507,1.88306,1.88328,7010,24,0
1781856000,1.88327,1.88486,1.88270,1.88288,7945,24,0
1781859600,1.88289,1.88399,1.88150,1.88235,9835,24,0
1781863200,1.88235,1.88377,1.88183,1.88251,9836,24,0
1781866800,1.88252,1.88594,1.88177,1.88510,9630,24,0
1781870400,1.88514,1.88644,1.88473,1.88618,8206,24,0
1781874000,1.88620,1.88700,1.88522,1.88694,8166,24,0
1781877600,1.88688,1.88762,1.88610,1.88664,7219,24,0
1781881200,1.88664,1.88685,1.88459,1.88478,9174,24,0
1781884800,1.88478,1.88628,1.88459,1.88589,10010,24,0
1781888400,1.88593,1.88803,1.88482,1.88645,9690,24,0
1781892000,1.88645,1.88714,1.88573,1.88607,6928,24,0
1781895600,1.88604,1.88744,1.88590,1.88734,3909,24,0
1781899200,1.88744,1.88854,1.88664,1.88688,4747,24,0
1781902800,1.88682,1.88762,1.88660,1.88694,3407,24,0
1781906400,1.88698,1.88751,1.88601,1.88727,10695,24,0
1781910000,1.88729,1.88781,1.88560,1.88694,12405,24,0
1782086400,1.88057,1.88287,1.88057,1.88129,672,89,0
1782090000,1.88203,1.88562,1.88157,1.88539,2874,24,0
1782093600,1.88539,1.88628,1.88505,1.88603,3697,24,0
1782097200,1.88602,1.88686,1.88535,1.88546,7424,24,0
1782100800,1.88541,1.88597,1.88480,1.88577,10113,24,0
1782104400,1.88576,1.88742,1.88576,1.88678,6356,24,0
1782108000,1.88680,1.88685,1.88580,1.88610,5538,24,0
1782111600,1.88615,1.88673,1.88498,1.88542,5536,24,0
1782115200,1.88542,1.88659,1.88506,1.88630,6947,24,0
1782118800,1.88619,1.88695,1.88551,1.88590,10278,24,0
1782122400,1.88588,1.88694,1.88462,1.88514,9945,24,0
1782126000,1.88527,1.88796,1.88438,1.88755,12301,24,0
1782129600,1.88756,1.89013,1.88739,1.89012,9780,24,0
1782133200,1.89016,1.89116,1.88951,1.89067,9383,24,0
1782136800,1.89066,1.89132,1.88934,1.89021,8578,24,0
1782140400,1.89014,1.89344,1.88999,1.89242,11160,24,0
1782144000,1.89244,1.89271,1.88998,1.89035,16862,24,0
1782147600,1.89037,1.89230,1.89022,1.89194,19003,24,0
1782151200,1.89195,1.89282,1.89083,1.89253,13594,24,0
1782154800,1.89254,1.89277,1.89097,1.89126,9932,24,0
1782158400,1.89125,1.89150,1.89091,1.89137,6674,24,0
1782162000,1.89136,1.89171,1.89106,1.89152,6078,24,0
1782165600,1.89149,1.89303,1.89134,1.89250,7073,24,0
1782169200,1.89247,1.89305,1.89218,1.89218,2880,24,0
1782172800,1.89148,1.89306,1.89104,1.89232,1653,61,0
1782176400,1.89238,1.89352,1.89163,1.89287,2055,24,0
1782180000,1.89288,1.89389,1.89270,1.89380,2141,24,0
1782183600,1.89386,1.89610,1.89381,1.89513,7564,24,0
1782187200,1.89509,1.89690,1.89452,1.89639,8519,24,0
1782190800,1.89638,1.89861,1.89607,1.89839,7370,24,0
1782194400,1.89841,1.89955,1.89798,1.89882,6312,24,0
1782198000,1.89883,1.90001,1.89843,1.89974,5867,24,0
1782201600,1.89973,1.90169,1.89951,1.90157,8102,24,0
1782205200,1.90156,1.90385,1.90074,1.90300,12400,24,0
1782208800,1.90306,1.90404,1.90210,1.90369,14370,24,0
1782212400,1.90372,1.90438,1.90221,1.90305,12303,24,0
1782216000,1.90309,1.90313,1.90105,1.90162,9267,24,0
1782219600,1.90157,1.90367,1.90000,1.90342,9814,24,0
1782223200,1.90343,1.90527,1.90242,1.90519,10540,24,0
1782226800,1.90520,1.90626,1.90422,1.90453,11190,24,0
1782230400,1.90451,1.90593,1.90345,1.90458,15156,24,0
1782234000,1.90455,1.90526,1.90365,1.90458,16137,24,0
1782237600,1.90459,1.90571,1.90393,1.90467,13314,24,0
1782241200,1.90466,1.90653,1.90436,1.90614,8455,24,0
1782244800,1.90612,1.90762,1.90581,1.90743,6204,24,0
1782248400,1.90742,1.90882,1.90719,1.90832,5627,24,0
1782252000,1.90831,1.90869,1.90773,1.90865,8892,24,0
1782255600,1.90858,1.90967,1.90858,1.90877,2577,24,0
1782259200,1.90802,1.90888,1.90776,1.90791,630,43,0
1782262800,1.90791,1.90910,1.90782,1.90893,2060,24,0
1782266400,1.90894,1.90986,1.90860,1.90865,3216,24,0
1782270000,1.90863,1.90878,1.90693,1.90759,9339,24,0
1782273600,1.90756,1.90936,1.90550,1.90834,10414,24,0
1782277200,1.90832,1.91085,1.90786,1.91062,7857,24,0
1782280800,1.91059,1.91109,1.90973,1.91099,9046,24,0
1782284400,1.91098,1.91118,1.90889,1.90919,6673,24,0
1782288000,1.90920,1.90924,1.90789,1.90898,8235,24,0
1782291600,1.90904,1.91039,1.90822,1.90917,11239,24,0
1782295200,1.90920,1.91147,1.90867,1.91116,12224,24,0
1782298800,1.91115,1.91322,1.91065,1.91257,11767,24,0
1782302400,1.91252,1.91385,1.91157,1.91246,10380,24,0
1782306000,1.91246,1.91266,1.90934,1.90937,9818,24,0
1782309600,1.90938,1.90971,1.90812,1.90857,12232,24,0
1782313200,1.90860,1.90928,1.90652,1.90840,14013,24,0
1782316800,1.90842,1.90913,1.90709,1.90763,19031,24,0
1782320400,1.90764,1.90926,1.90630,1.90715,17302,24,0
1782324000,1.90714,1.90971,1.90702,1.90848,15765,24,0
1782327600,1.90847,1.90932,1.90777,1.90819,11312,24,0
1782331200,1.90819,1.91086,1.90811,1.91086,10440,24,0
1782334800,1.91086,1.91174,1.91018,1.91126,10334,24,0
1782338400,1.91125,1.91167,1.90924,1.90926,9358,24,0
1782342000,1.90929,1.90966,1.90744,1.90779,5313,24,0
1782345600,1.90768,1.90768,1.90648,1.90758,8096,60,0
1782349200,1.90764,1.90898,1.90736,1.90888,2003,24,0
1782352800,1.90889,1.90914,1.90791,1.90816,2423,24,0
1782356400,1.90803,1.90988,1.90796,1.90923,7838,24,0
1782360000,1.90924,1.91156,1.90734,1.91068,11122,24,0
1782363600,1.91070,1.91292,1.91034,1.91131,8354,24,0
1782367200,1.91134,1.91211,1.91084,1.91110,6151,24,0
1782370800,1.91101,1.91127,1.90974,1.90983,5076,24,0
1782374400,1.90984,1.91186,1.90950,1.91184,6301,24,0
1782378000,1.91182,1.91219,1.91056,1.91180,10244,24,0
1782381600,1.91167,1.91282,1.91075,1.91078,10144,24,0
1782385200,1.91086,1.91141,1.90917,1.91108,9689,24,0
1782388800,1.91107,1.91139,1.91032,1.91077,7372,24,0
1782392400,1.91074,1.91082,1.90974,1.91042,6724,24,0
1782396000,1.91040,1.91040,1.90804,1.90908,7421,24,0
1782399600,1.90906,1.91017,1.90668,1.90802,15550,24,0
1782403200,1.90790,1.91350,1.90743,1.91337,17956,24,0
1782406800,1.91336,1.91383,1.91132,1.91142,22302,24,0
1782410400,1.91138,1.91170,1.90887,1.90931,17440,24,0
1782414000,1.90932,1.90968,1.90783,1.90914,11733,24,0
1782417600,1.90913,1.90922,1.90793,1.90821,8659,24,0
1782421200,1.90820,1.90906,1.90796,1.90848,9861,24,0
1782424800,1.90847,1.91012,1.90839,1.90965,9138,24,0
1782428400,1.90965,1.90993,1.90816,1.90884,4482,24,0
1782432000,1.90901,1.90993,1.90837,1.90937,5211,69,0
1782435600,1.90939,1.90990,1.90921,1.90963,2380,24,0
1782439200,1.90963,1.91118,1.90873,1.91101,4266,24,0
1782442800,1.91097,1.91279,1.91085,1.91233,9384,24,0
1782446400,1.91232,1.91486,1.91157,1.91429,10066,24,0
1782450000,1.91425,1.91728,1.91401,1.91591,8586,24,0
1782453600,1.91589,1.91688,1.91485,1.91488,8569,24,0
1782457200,1.91488,1.91720,1.91446,1.91696,7853,24,0
1782460800,1.91698,1.91706,1.91477,1.91543,7616,24,0
1782464400,1.91540,1.91613,1.91269,1.91324,10106,24,0
1782468000,1.91322,1.91651,1.91300,1.91593,10143,24,0
1782471600,1.91586,1.91712,1.91494,1.91657,12531,24,0
1782475200,1.91652,1.91697,1.91476,1.91536,9851,24,0
1782478800,1.91533,1.91594,1.91465,1.91523,8434,24,0
1782482400,1.91522,1.91558,1.91430,1.91534,10280,24,0
1782486000,1.91535,1.91560,1.91348,1.91366,12868,24,0
1782489600,1.91351,1.91464,1.91248,1.91313,18337,24,0
1782493200,1.91335,1.91410,1.91164,1.91260,14853,24,0
1782496800,1.91261,1.91487,1.91256,1.91442,11994,24,0
1782500400,1.91440,1.91480,1.91337,1.91357,8629,24,0
1782504000,1.91358,1.91403,1.91305,1.91354,6237,24,0
1782507600,1.91354,1.91465,1.91353,1.91452,5832,24,0
1782511200,1.91453,1.91455,1.91292,1.91344,6036,24,0
1782514800,1.91348,1.91530,1.91301,1.91388,4732,24,0
1782691200,1.91558,1.91648,1.91456,1.91631,1529,108,0
1782694800,1.91632,1.91652,1.91286,1.91371,3310,24,0
1782698400,1.91372,1.91377,1.91309,1.91358,3318,24,0
1782702000,1.91349,1.91704,1.91341,1.91677,9568,24,0
1782705600,1.91676,1.91792,1.91588,1.91690,9618,24,0
1782709200,1.91691,1.91728,1.91559,1.91596,8311,24,0
1782712800,1.91597,1.91613,1.91498,1.91582,5201,24,0
1782716400,1.91587,1.91616,1.91535,1.91594,4760,24,0
1782720000,1.91595,1.91674,1.91542,1.91558,6098,24,0
1782723600,1.91559,1.91621,1.91481,1.91590,8593,24,0
1782727200,1.91593,1.91681,1.91481,1.91616,9515,24,0
1782730800,1.91615,1.91653,1.91556,1.91631,8735,24,0
1782734400,1.91632,1.91653,1.91547,1.91586,7835,24,0
1782738000,1.91585,1.91656,1.91477,1.91621,7365,24,0
1782741600,1.91616,1.91803,1.91616,1.91722,9633,24,0
1782745200,1.91723,1.91892,1.91709,1.91870,10659,24,0
1782748800,1.91864,1.92238,1.91856,1.92142,12556,24,0
1782752400,1.92139,1.92513,1.92131,1.92490,18524,24,0
1782756000,1.92488,1.92569,1.92406,1.92509,12870,24,0
1782759600,1.92507,1.92517,1.92371,1.92455,7724,24,0
1782763200,1.92455,1.92477,1.92406,1.92455,5800,24,0
1782766800,1.92451,1.92459,1.92369,1.92400,5332,24,0
1782770400,1.92399,1.92476,1.92380,1.92448,4811,24,0
1782774000,1.92448,1.92567,1.92433,1.92480,2208,24,0
1782777600,1.92419,1.92460,1.92299,1.92368,727,84,0
1782781200,1.92373,1.92532,1.92349,1.92517,1399,24,0
1782784800,1.92516,1.92579,1.92465,1.92560,1618,24,0
1782788400,1.92559,1.92789,1.92559,1.92695,7664,24,0
1782792000,1.92698,1.92787,1.92359,1.92645,9965,24,0
1782795600,1.92646,1.92796,1.92586,1.92711,6755,24,0
1782799200,1.92710,1.92711,1.92614,1.92643,5881,24,0
1782802800,1.92641,1.92646,1.92530,1.92584,4727,24,0
1782806400,1.92585,1.92588,1.92426,1.92551,6194,24,0
1782810000,1.92524,1.92618,1.92434,1.92496,9920,24,0
1782813600,1.92499,1.92594,1.92382,1.92423,8083,24,0
1782817200,1.92423,1.92429,1.92197,1.92258,9116,24,0
1782820800,1.92258,1.92316,1.92188,1.92257,6693,24,0
1782824400,1.92256,1.92293,1.92078,1.92092,6418,24,0
1782828000,1.92086,1.92118,1.91923,1.92017,7495,24,0
1782831600,1.92025,1.92025,1.91911,1.91943,7971,24,0
1782835200,1.91944,1.91993,1.91766,1.91823,9942,24,0
1782838800,1.91843,1.91877,1.91512,1.91643,15966,24,0
1782842400,1.91661,1.91864,1.91527,1.91726,11560,24,0
1782846000,1.91727,1.91778,1.91671,1.91698,6307,24,0
1782849600,1.91700,1.91714,1.91580,1.91591,4578,24,0
1782853200,1.91591,1.91643,1.91506,1.91523,4877,24,0
1782856800,1.91520,1.91587,1.91492,1.91574,5815,24,0
1782860400,1.91575,1.91665,1.91541,1.91583,3148,24,0
1782864000,1.91588,1.91663,1.91564,1.91599,1536,81,0
1782867600,1.91606,1.91710,1.91557,1.91645,1122,24,0
1782871200,1.91640,1.91696,1.91613,1.91685,1811,24,0
1782874800,1.91682,1.91922,1.91647,1.91920,5531,24,0
1782878400,1.91918,1.92125,1.91882,1.92064,6770,24,0
1782882000,1.92064,1.92267,1.92052,1.92121,5368,24,0
1782885600,1.92120,1.92148,1.92038,1.92041,3729,24,0
1782889200,1.92042,1.92182,1.92039,1.92112,4504,24,0
1782892800,1.92113,1.92162,1.92024,1.92055,5374,24,0
1782896400,1.92058,1.92222,1.92049,1.92160,7826,24,0
1782900000,1.92152,1.92222,1.92029,1.92127,9027,24,0
1782903600,1.92127,1.92261,1.92113,1.92196,7373,24,0
1782907200,1.92201,1.92337,1.92154,1.92266,7370,24,0
1782910800,1.92264,1.92297,1.92092,1.92099,5758,24,0
1782914400,1.92098,1.92137,1.91971,1.92088,6753,24,0
1782918000,1.92088,1.92156,1.91925,1.92045,9597,24,0
1782921600,1.92049,1.92161,1.91913,1.92103,18829,24,0
1782925200,1.92084,1.92459,1.92060,1.92317,15731,24,0
1782928800,1.92318,1.92413,1.92242,1.92350,11944,24,0
1782932400,1.92352,1.92513,1.92292,1.92439,8772,24,0
1782936000,1.92440,1.92544,1.92409,1.92450,6272,24,0
1782939600,1.92450,1.92571,1.92432,1.92552,5347,24,0
1782943200,1.92553,1.92616,1.92492,1.92606,5898,24,0
1782946800,1.92609,1.92698,1.92537,1.92544,2975,24,0
1782950400,1.92558,1.92634,1.92414,1.92418,2195,50,0
1782954000,1.92414,1.92660,1.92414,1.92652,1103,24,0
1782957600,1.92652,1.92730,1.92637,1.92711,1824,24,0
1782961200,1.92712,1.92883,1.92687,1.92730,7030,24,0
1782964800,1.92731,1.92735,1.92551,1.92669,6891,24,0
1782968400,1.92673,1.92711,1.92607,1.92708,5335,24,0
1782972000,1.92708,1.92879,1.92665,1.92751,4536,24,0
1782975600,1.92751,1.92840,1.92719,1.92735,4702,24,0
1782979200,1.92738,1.92831,1.92708,1.92801,4930,24,0
1782982800,1.92801,1.93104,1.92743,1.92936,11350,24,0
1782986400,1.92934,1.93556,1.92915,1.93541,12421,24,0
1782990000,1.93544,1.93609,1.93217,1.93311,14028,24,0
1782993600,1.93314,1.93366,1.93168,1.93217,10125,24,0
1782997200,1.93214,1.93308,1.93141,1.93282,8016,24,0
1783000800,1.93281,1.93320,1.93173,1.93235,7723,24,0
1783004400,1.93232,1.93250,1.92655,1.92987,30306,24,0
1783008000,1.92988,1.93085,1.92667,1.92739,21626,24,0
1783011600,1.92736,1.92983,1.92692,1.92853,19068,24,0
1783015200,1.92845,1.92913,1.92699,1.92785,15569,24,0
1783018800,1.92786,1.92899,1.92733,1.92854,12417,24,0
1783022400,1.92853,1.92925,1.92798,1.92886,10305,24,0
1783026000,1.92889,1.92918,1.92802,1.92875,8363,24,0
1783029600,1.92874,1.92977,1.92797,1.92801,7848,24,0
1783033200,1.92804,1.92859,1.92754,1.92763,2905,24,0
1783036800,1.92850,1.92973,1.92718,1.92899,970,62,0
1783040400,1.92880,1.92910,1.92812,1.92855,1615,24,0
1783044000,1.92855,1.92905,1.92821,1.92854,2677,24,0
1783047600,1.92857,1.92960,1.92837,1.92905,9138,24,0
1783051200,1.92909,1.92921,1.92644,1.92710,9593,24,0
1783054800,1.92705,1.92759,1.92582,1.92604,6036,24,0
1783058400,1.92602,1.92694,1.92562,1.92643,4913,24,0
1783062000,1.92643,1.92652,1.92532,1.92604,3918,24,0
1783065600,1.92603,1.92674,1.92575,1.92598,6005,24,0
1783069200,1.92596,1.92596,1.92437,1.92522,10420,24,0
1783072800,1.92521,1.92538,1.92428,1.92527,8787,24,0
1783076400,1.92525,1.92566,1.92387,1.92468,7204,24,0
1783080000,1.92467,1.92513,1.92372,1.92457,6140,24,0
1783083600,1.92448,1.92519,1.92382,1.92467,4841,24,0
1783087200,1.92469,1.92520,1.92412,1.92478,5713,24,0
1783090800,1.92486,1.92549,1.92456,1.92517,5830,24,0
1783094400,1.92517,1.92528,1.92407,1.92456,6706,24,0
1783098000,1.92455,1.92595,1.92417,1.92580,6561,24,0
1783101600,1.92575,1.92579,1.92479,1.92526,4184,24,0
1783105200,1.92527,1.92556,1.92476,1.92481,2602,24,0
1783108800,1.92473,1.92517,1.92459,1.92496,2845,24,0
1783112400,1.92498,1.92507,1.92476,1.92486,2940,24,0
1783116000,1.92485,1.92536,1.92447,1.92490,9743,24,0
1783119600,1.92490,1.92536,1.92333,1.92333,6100,24,0
1783296000,1.92225,1.92331,1.92197,1.92273,1430,100,0
1783299600,1.92273,1.92518,1.92273,1.92429,2143,24,0
1783303200,1.92430,1.92491,1.92384,1.92488,3333,24,0
1783306800,1.92481,1.92612,1.92435,1.92542,9143,24,0
1783310400,1.92545,1.92594,1.92396,1.92504,8005,24,0
1783314000,1.92509,1.92614,1.92447,1.92599,6217,24,0
1783317600,1.92598,1.92733,1.92585,1.92620,4871,24,0
1783321200,1.92618,1.92632,1.92413,1.92440,3855,24,0
1783324800,1.92437,1.92463,1.92380,1.92449,5724,24,0
1783328400,1.92448,1.92499,1.92357,1.92450,8288,24,0
1783332000,1.92463,1.92521,1.92364,1.92413,9042,24,0
1783335600,1.92412,1.92464,1.92330,1.92385,7664,24,0
1783339200,1.92382,1.92468,1.92325,1.92410,7100,24,0
1783342800,1.92411,1.92435,1.92339,1.92381,6326,24,0
1783346400,1.92384,1.92471,1.92336,1.92450,6957,24,0
1783350000,1.92454,1.92694,1.92444,1.92624,8176,24,0
1783353600,1.92615,1.92709,1.92462,1.92547,11241,24,0
1783357200,1.92548,1.92628,1.92445,1.92516,10982,24,0
1783360800,1.92516,1.92528,1.92383,1.92519,8351,24,0
1783364400,1.92519,1.92582,1.92462,1.92544,5299,24,0
1783368000,1.92543,1.92557,1.92420,1.92511,4965,24,0
1783371600,1.92510,1.92517,1.92448,1.92502,4082,24,0
1783375200,1.92505,1.92560,1.92465,1.92503,4149,24,0
1783378800,1.92502,1.92555,1.92436,1.92442,1986,24,0
1783382400,1.92445,1.92492,1.92386,1.92466,2499,46,0
1783386000,1.92453,1.92541,1.92402,1.92531,1224,24,0
1783389600,1.92530,1.92575,1.92492,1.92569,2284,24,0
1783393200,1.92574,1.92665,1.92543,1.92653,6669,24,0
1783396800,1.92653,1.92736,1.92521,1.92562,7993,24,0
1783400400,1.92563,1.92678,1.92535,1.92665,5865,24,0
1783404000,1.92669,1.92869,1.92619,1.92748,5453,24,0
1783407600,1.92748,1.92860,1.92697,1.92860,4170,24,0
1783411200,1.92861,1.92956,1.92774,1.92799,6295,24,0
1783414800,1.92804,1.92845,1.92652,1.92652,7427,24,0
1783418400,1.92649,1.92815,1.92588,1.92799,9299,24,0
1783422000,1.92809,1.92910,1.92716,1.92901,9056,24,0
1783425600,1.92896,1.92910,1.92686,1.92705,7054,24,0
1783429200,1.92713,1.92732,1.92567,1.92676,6837,24,0
1783432800,1.92678,1.92749,1.92608,1.92668,8037,24,0
1783436400,1.92669,1.92725,1.92472,1.92562,8878,24,0
1783440000,1.92563,1.92655,1.92524,1.92632,12257,24,0
1783443600,1.92633,1.92799,1.92584,1.92757,13681,24,0
1783447200,1.92777,1.92864,1.92723,1.92789,10652,24,0
1783450800,1.92790,1.92812,1.92704,1.92731,7490,24,0
1783454400,1.92733,1.92739,1.92632,1.92643,5029,24,0
1783458000,1.92645,1.92732,1.92619,1.92727,7181,24,0
1783461600,1.92731,1.92912,1.92712,1.92714,9487,24,0
1783465200,1.92713,1.92819,1.92708,1.92764,2624,24,0
1783468800,1.92723,1.92881,1.92623,1.92827,1210,67,0
1783472400,1.92839,1.92891,1.92738,1.92759,1329,24,0
1783476000,1.92758,1.92804,1.92703,1.92795,2159,24,0
1783479600,1.92792,1.92816,1.92503,1.92505,8162,24,0
1783483200,1.92504,1.92577,1.92336,1.92434,8307,24,0
1783486800,1.92422,1.92482,1.92311,1.92413,7506,24,0
1783490400,1.92414,1.92430,1.92284,1.92398,5768,24,0
1783494000,1.92398,1.92463,1.92341,1.92395,5830,24,0
1783497600,1.92392,1.92416,1.92317,1.92389,7305,24,0
1783501200,1.92392,1.92649,1.92385,1.92639,11227,24,0
1783504800,1.92643,1.92713,1.92530,1.92595,10820,24,0
1783508400,1.92592,1.93112,1.92578,1.92899,20575,24,0
1783512000,1.92913,1.93019,1.92729,1.92873,14583,24,0
1783515600,1.92868,1.92896,1.92736,1.92770,10023,24,0
1783519200,1.92772,1.92979,1.92731,1.92792,11119,24,0
1783522800,1.92788,1.92850,1.92661,1.92746,12172,24,0
1783526400,1.92745,1.93183,1.92645,1.93127,16256,24,0
1783530000,1.93119,1.93335,1.93050,1.93273,14440,24,0
1783533600,1.93274,1.93420,1.93107,1.93337,13353,24,0
1783537200,1.93335,1.93368,1.93173,1.93225,11102,24,0
1783540800,1.93222,1.93343,1.93135,1.93295,9137,24,0
1783544400,1.93291,1.93327,1.93157,1.93169,8074,24,0
1783548000,1.93155,1.93213,1.93130,1.93169,7089,24,0
1783551600,1.93167,1.93213,1.93081,1.93135,4316,24,0
1783555200,1.93185,1.93310,1.93122,1.93223,2374,70,0
1783558800,1.93226,1.93226,1.93098,1.93223,1513,24,0
1783562400,1.93223,1.93241,1.93068,1.93093,2414,24,0
1783566000,1.93092,1.93283,1.93055,1.93226,6091,24,0
1783569600,1.93223,1.93300,1.93200,1.93267,7036,24,0
1783573200,1.93265,1.93286,1.93143,1.93234,6225,24,0
1783576800,1.93235,1.93290,1.93131,1.93169,5458,24,0
1783580400,1.93171,1.93256,1.93114,1.93135,4437,24,0
1783584000,1.93134,1.93296,1.93113,1.93186,7069,24,0
1783587600,1.93195,1.93454,1.93133,1.93445,9271,24,0
1783591200,1.93465,1.93562,1.93329,1.93348,8889,24,0
1783594800,1.93346,1.93467,1.93338,1.93393,8185,24,0
1783598400,1.93396,1.93438,1.93308,1.93317,6949,24,0
1783602000,1.93319,1.93344,1.93214,1.93239,6820,24,0
1783605600,1.93242,1.93244,1.93046,1.93050,7385,24,0
1783609200,1.93051,1.93194,1.92975,1.93069,9131,24,0
1783612800,1.93067,1.93140,1.92983,1.93065,10691,24,0
1783616400,1.93066,1.93125,1.92899,1.93000,11802,24,0
1783620000,1.92995,1.93092,1.92902,1.93080,9442,24,0
1783623600,1.93076,1.93187,1.93030,1.93181,5160,24,0
1783627200,1.93182,1.93185,1.93127,1.93169,5335,24,0
1783630800,1.93171,1.93243,1.93162,1.93219,4517,24,0
1783634400,1.93221,1.93261,1.93162,1.93198,4934,24,0
1783638000,1.93198,1.93228,1.93130,1.93158,2195,24,0
1783641600,1.93083,1.93194,1.93059,1.93107,10616,103,0
1783645200,1.93093,1.93226,1.93053,1.93214,1413,24,0
1783648800,1.93215,1.93216,1.93166,1.93184,1587,24,0
1783652400,1.93181,1.93371,1.93145,1.93246,6383,24,0
1783656000,1.93247,1.93357,1.93216,1.93295,8555,24,0
1783659600,1.93293,1.93329,1.92979,1.93009,8596,24,0
1783663200,1.93009,1.93118,1.92989,1.93071,4980,24,0
1783666800,1.93073,1.93127,1.93061,1.93109,3837,24,0
1783670400,1.93109,1.93242,1.93091,1.93221,5345,24,0
1783674000,1.93228,1.93259,1.93134,1.93182,8664,24,0
1783677600,1.93181,1.93316,1.93154,1.93233,7850,24,0
1783681200,1.93234,1.93271,1.93105,1.93133,6940,24,0
1783684800,1.93133,1.93216,1.93028,1.93052,6008,24,0
1783688400,1.93053,1.93361,1.92993,1.93310,7623,24,0
1783692000,1.93312,1.93351,1.93173,1.93195,7989,24,0
1783695600,1.93193,1.93201,1.93043,1.93098,9882,24,0
1783699200,1.93098,1.93105,1.92902,1.92929,9495,24,0
1783702800,1.92924,1.93125,1.92771,1.93049,18859,24,0
1783706400,1.93054,1.93085,1.92830,1.92852,15099,24,0
1783710000,1.92851,1.92857,1.92658,1.92722,10312,24,0
1783713600,1.92721,1.92748,1.92621,1.92713,9198,24,0
1783717200,1.92707,1.92738,1.92627,1.92702,14677,24,0
1783720800,1.92705,1.92725,1.92684,1.92702,23624,24,0
1783724400,1.92702,1.92760,1.92592,1.92667,14654,24,0
1783900800,1.92586,1.92755,1.92585,1.92755,156,50,0
1783904400,1.92770,1.92910,1.92660,1.92788,5796,24,0
1783908000,1.92787,1.92853,1.92707,1.92823,4921,24,0
1783911600,1.92827,1.92931,1.92744,1.92908,11720,24,0
1783915200,1.92901,1.92985,1.92848,1.92965,12733,24,0
1783918800,1.92967,1.92989,1.92846,1.92980,9831,24,0
1783922400,1.92980,1.93105,1.92975,1.93036,7855,24,0
1783926000,1.93036,1.93139,1.93028,1.93047,6211,24,0
1783929600,1.93045,1.93170,1.92944,1.93088,10892,24,0
1783933200,1.93089,1.93232,1.93022,1.93069,11183,24,0
1783936800,1.93071,1.93152,1.93016,1.93052,12696,24,0
1783940400,1.93052,1.93079,1.92922,1.92930,12920,24,0
1783944000,1.92930,1.92958,1.92865,1.92894,6893,24,0
1783947600,1.92895,1.92934,1.92808,1.92883,7957,24,0
1783951200,1.92882,1.92908,1.92694,1.92836,9934,24,0
1783954800,1.92834,1.92963,1.92806,1.92887,8100,24,0
1783958400,1.92878,1.93019,1.92850,1.92958,11906,24,0
1783962000,1.92959,1.92991,1.92768,1.92877,19147,24,0
1783965600,1.92871,1.92964,1.92763,1.92953,13081,24,0
1783969200,1.92954,1.93092,1.92920,1.93046,11865,24,0
1783972800,1.93046,1.93054,1.92918,1.92992,7910,24,0
1783976400,1.92992,1.93045,1.92978,1.92997,8067,24,0
1783980000,1.92997,1.93076,1.92981,1.93015,7121,24,0
1783983600,1.93016,1.93063,1.92862,1.92896,3139,24,0
1783987200,1.92903,1.92983,1.92837,1.92892,841,60,0
1783990800,1.92914,1.92989,1.92855,1.92969,2311,24,0
1783994400,1.92970,1.93004,1.92913,1.92921,4402,24,0
1783998000,1.92922,1.93041,1.92901,1.92964,15978,24,0
1784001600,1.92966,1.93046,1.92893,1.92962,13013,24,0
1784005200,1.92960,1.92982,1.92821,1.92899,10666,24,0
1784008800,1.92896,1.92947,1.92725,1.92772,9380,24,0
1784012400,1.92768,1.92822,1.92667,1.92674,8425,24,0
1784016000,1.92676,1.92741,1.92649,1.92694,8680,24,0
1784019600,1.92695,1.92762,1.92618,1.92755,10420,24,0
1784023200,1.92749,1.92775,1.92403,1.92437,14142,24,0
1784026800,1.92435,1.92651,1.92400,1.92608,13172,24,0
1784030400,1.92609,1.92637,1.92412,1.92456,10765,24,0
1784034000,1.92454,1.92695,1.92415,1.92657,10380,24,0
1784037600,1.92658,1.92768,1.92607,1.92717,11436,24,0
1784041200,1.92716,1.92796,1.92262,1.92391,27689,24,0
1784044800,1.92390,1.92415,1.92074,1.92153,22946,24,0
1784048400,1.92154,1.92160,1.91809,1.91855,21359,24,0
1784052000,1.91857,1.91919,1.91690,1.91911,16403,24,0
1784055600,1.91909,1.91967,1.91849,1.91862,9988,24,0
1784059200,1.91866,1.91872,1.91716,1.91766,8473,24,0
1784062800,1.91767,1.91875,1.91751,1.91852,8103,24,0
1784066400,1.91850,1.92007,1.91850,1.91988,8072,24,0
1784070000,1.91990,1.92052,1.91943,1.91957,3118,24,0
1784073600,1.91932,1.92017,1.91815,1.91921,2358,98,0
1784077200,1.91908,1.92052,1.91908,1.92031,2152,24,0
1784080800,1.92032,1.92053,1.91975,1.92020,3151,24,0
1784084400,1.92021,1.92027,1.91860,1.91873,7346,24,0
1784088000,1.91872,1.91967,1.91806,1.91811,9807,24,0
1784091600,1.91811,1.91895,1.91724,1.91739,6789,24,0
1784095200,1.91740,1.91858,1.91732,1.91820,5783,24,0
1784098800,1.91823,1.91921,1.91782,1.91901,3869,24,0
1784102400,1.91896,1.91963,1.91850,1.91915,6780,24,0
1784106000,1.91923,1.92093,1.91909,1.92040,9673,24,0
1784109600,1.92040,1.92076,1.91794,1.91813,11517,24,0
1784113200,1.91812,1.91843,1.91678,1.91683,10756,24,0
1784116800,1.91674,1.91710,1.91612,1.91661,9346,24,0
1784120400,1.91663,1.91902,1.91594,1.91855,9259,24,0
1784124000,1.91853,1.92036,1.91785,1.91958,9608,24,0
1784127600,1.91953,1.92033,1.91816,1.91928,14205,24,0
1784131200,1.91925,1.92249,1.91890,1.92164,15315,24,0
1784134800,1.92166,1.92703,1.92088,1.92564,16019,24,0
1784138400,1.92563,1.92847,1.92523,1.92837,14732,24,0
1784142000,1.92839,1.93468,1.92822,1.93405,11741,24,0
1784145600,1.93403,1.93498,1.93042,1.93118,9931,24,0
1784149200,1.93111,1.93159,1.93041,1.93126,8161,24,0
1784152800,1.93125,1.93172,1.93085,1.93145,8501,24,0
1784156400,1.93147,1.93238,1.93125,1.93197,2859,24,0
1784160000,1.93186,1.93244,1.93126,1.93240,2455,56,0
1784163600,1.93241,1.93273,1.93168,1.93231,1733,24,0
1784167200,1.93233,1.93242,1.93160,1.93186,2965,24,0
1784170800,1.93186,1.93399,1.93117,1.93367,9059,24,0
1784174400,1.93368,1.93499,1.93356,1.93446,10346,24,0
1784178000,1.93447,1.93544,1.93346,1.93357,8068,24,0
1784181600,1.93356,1.93426,1.93290,1.93298,6457,24,0
1784185200,1.93296,1.93346,1.93215,1.93329,5726,24,0
1784188800,1.93330,1.93480,1.93330,1.93406,7484,24,0
1784192400,1.93405,1.93491,1.93378,1.93423,10334,24,0
1784196000,1.93424,1.93485,1.93335,1.93389,10767,24,0
1784199600,1.93388,1.93388,1.93171,1.93182,11181,24,0
1784203200,1.93172,1.93197,1.92959,1.92967,9065,24,0
1784206800,1.92973,1.92990,1.92772,1.92808,8705,24,0
1784210400,1.92807,1.92914,1.92663,1.92737,11669,24,0
1784214000,1.92740,1.92974,1.92652,1.92878,14695,24,0
1784217600,1.92880,1.93007,1.92678,1.92869,16603,24,0
1784221200,1.92849,1.92906,1.92528,1.92541,21242,24,0
1784224800,1.92542,1.92649,1.92462,1.92556,17367,24,0
1784228400,1.92557,1.92628,1.92501,1.92528,8241,24,0
1784232000,1.92528,1.92621,1.92511,1.92604,6360,24,0
1784235600,1.92603,1.92609,1.92492,1.92554,6489,24,0
1784239200,1.92557,1.92658,1.92548,1.92602,6389,24,0
1784242800,1.92603,1.92641,1.92581,1.92581,2708,24,0
1784246400,1.92636,1.92679,1.92497,1.92613,314,57,0
1784250000,1.92616,1.92623,1.92541,1.92578,1483,24,0
1784253600,1.92575,1.92587,1.92518,1.92527,3083,24,0
1784257200,1.92527,1.92655,1.92497,1.92553,9031,24,0
1784260800,1.92552,1.92884,1.92514,1.92823,10970,24,0
1784264400,1.92819,1.92939,1.92794,1.92897,8969,24,0
1784268000,1.92894,1.92894,1.92733,1.92828,6675,24,0
1784271600,1.92827,1.92920,1.92807,1.92831,6675,24,0
1784275200,1.92833,1.92975,1.92816,1.92919,8543,24,0
1784278800,1.92915,1.92920,1.92717,1.92869,12128,24,0
1784282400,1.92866,1.92899,1.92676,1.92683,11236,24,0
1784286000,1.92682,1.92851,1.92593,1.92780,13776,24,0
1784289600,1.92781,1.92911,1.92679,1.92801,11424,24,0
1784293200,1.92813,1.92821,1.92624,1.92686,10303,24,0
1784296800,1.92685,1.92859,1.92607,1.92662,10587,24,0
1784300400,1.92667,1.92747,1.92564,1.92713,11195,24,0
1784304000,1.92712,1.92892,1.92672,1.92743,15636,24,0
1784307600,1.92743,1.92757,1.92554,1.92583,16014,24,0
1784311200,1.92583,1.92672,1.92484,1.92498,13596,24,0
1784314800,1.92499,1.92668,1.92488,1.92663,10281,24,0
1784318400,1.92664,1.92695,1.92601,1.92672,6815,24,0
1784322000,1.92673,1.92704,1.92642,1.92687,6687,24,0
1784325600,1.92682,1.92725,1.92640,1.92680,7732,24,0
1784329200,1.92682,1.92773,1.92636,1.92689,9210,24,0
1784505600,1.92968,1.93105,1.92896,1.92931,1907,110,0
1784509200,1.92935,1.92983,1.92694,1.92731,6329,24,0
1784512800,1.92732,1.92743,1.92643,1.92645,3815,24,0
1784516400,1.92646,1.92736,1.92518,1.92560,9011,24,0
1784520000,1.92561,1.92572,1.92438,1.92516,10401,24,0
1784523600,1.92513,1.92572,1.92444,1.92475,8987,24,0
1784527200,1.92474,1.92535,1.92435,1.92459,6268,24,0
1784530800,1.92458,1.92472,1.92389,1.92450,4744,24,0
1784534400,1.92451,1.92640,1.92437,1.92615,6757,24,0
1784538000,1.92614,1.92716,1.92491,1.92536,8399,24,0
1784541600,1.92526,1.92613,1.92380,1.92500,12158,24,0
1784545200,1.92498,1.92502,1.92383,1.92400,8352,24,0
1784548800,1.92402,1.92412,1.92287,1.92355,7764,24,0
1784552400,1.92353,1.92362,1.92163,1.92205,7626,24,0
1784556000,1.92205,1.92245,1.92022,1.92052,13166,24,0
1784559600,1.92052,1.92141,1.92032,1.92061,11811,24,0
1784563200,1.92062,1.92096,1.91850,1.91870,12131,24,0
1784566800,1.91865,1.92002,1.91749,1.91972,17597,24,0
1784570400,1.91970,1.91974,1.91585,1.91598,13496,24,0
1784574000,1.91597,1.91696,1.91509,1.91616,7466,24,0
1784577600,1.91617,1.91784,1.91592,1.91759,6329,24,0
1784581200,1.91757,1.91879,1.91747,1.91870,7102,24,0
1784584800,1.91867,1.91945,1.91844,1.91919,9641,24,0
1784588400,1.91918,1.91976,1.91842,1.91867,2805,24,0
1784592000,1.91941,1.91969,1.91717,1.91855,1552,62,0
1784595600,1.91848,1.91978,1.91818,1.91922,2409,24,0
1784599200,1.91920,1.91933,1.91820,1.91849,2553,24,0
1784602800,1.91847,1.91936,1.91739,1.91814,8192,24,0
1784606400,1.91813,1.91835,1.91711,1.91764,9246,24,0
1784610000,1.91762,1.91793,1.91648,1.91682,7863,24,0
1784613600,1.91681,1.91833,1.91666,1.91830,5863,24,0
1784617200,1.91833,1.91835,1.91754,1.91783,4748,24,0
1784620800,1.91778,1.91810,1.91750,1.91786,5878,24,0
1784624400,1.91780,1.91853,1.91589,1.91620,8989,24,0
1784628000,1.91617,1.91638,1.91441,1.91476,7391,24,0
1784631600,1.91478,1.91525,1.91218,1.91229,5613,24,0
1784635200,1.91230,1.91254,1.91102,1.91159,4890,24,0
1784638800,1.91153,1.91209,1.91078,1.91123,5324,24,0
1784642400,1.91124,1.91219,1.90993,1.91000,5560,24,0
1784646000,1.90999,1.91044,1.90753,1.90811,8081,24,0
1784649600,1.90813,1.91038,1.90657,1.91000,13206,24,0
1784653200,1.90998,1.91106,1.90808,1.90886,14604,24,0
1784656800,1.90892,1.90920,1.90769,1.90833,11060,24,0
1784660400,1.90830,1.91018,1.90784,1.90981,5676,24,0
1784664000,1.90982,1.91066,1.90964,1.91037,8661,24,0
1784667600,1.91037,1.91037,1.90965,1.90998,10156,24,0
1784671200,1.90997,1.91144,1.90982,1.91046,12202,24,0
1784674800,1.91047,1.91196,1.91024,1.91082,3649,24,0
1784678400,1.91025,1.91064,1.90990,1.91042,3862,89,0
1784682000,1.91039,1.91162,1.91012,1.91110,1709,24,0
1784685600,1.91111,1.91141,1.91085,1.91099,2176,24,0
1784689200,1.91093,1.91155,1.90951,1.90962,8834,24,0
1784692800,1.90956,1.91048,1.90890,1.91027,8243,24,0
1784696400,1.91030,1.91148,1.91021,1.91094,7404,24,0
1784700000,1.91096,1.91215,1.91069,1.91194,7457,24,0
1784703600,1.91195,1.91241,1.91175,1.91207,4850,24,0
1784707200,1.91208,1.91316,1.91198,1.91216,7733,24,0
1784710800,1.91218,1.91310,1.91149,1.91237,12322,24,0
1784714400,1.91238,1.91295,1.91156,1.91270,12739,24,0
1784718000,1.91270,1.91305,1.91086,1.91115,10244,24,0
1784721600,1.91114,1.91189,1.90985,1.91148,9270,24,0
1784725200,1.91146,1.91229,1.91080,1.91165,9127,24,0
1784728800,1.91167,1.91226,1.91092,1.91104,16414,24,0
1784732400,1.91108,1.91385,1.91064,1.91253,10822,24,0
1784736000,1.91246,1.91378,1.91185,1.91368,14647,24,0
1784739600,1.91368,1.91385,1.91132,1.91148,29331,24,0
1784743200,1.91146,1.91186,1.91062,1.91069,27776,24,0
1784746800,1.91071,1.91168,1.91036,1.91156,16566,24,0
1784750400,1.91157,1.91224,1.91115,1.91212,17667,24,0
1784754000,1.91212,1.91238,1.91174,1.91180,22184,24,0
1784757600,1.91182,1.91199,1.91149,1.91169,28356,24,0
1784761200,1.91168,1.91221,1.91111,1.91121,12006,24,0
1784764800,1.91144,1.91290,1.91137,1.91249,1493,73,0
1784768400,1.91252,1.91321,1.91158,1.91299,1820,24,0
1784772000,1.91297,1.91375,1.91286,1.91345,2485,24,0
1784775600,1.91336,1.91366,1.91275,1.91308,6651,24,0
1784779200,1.91308,1.91316,1.90630,1.90849,11021,24,0
1784782800,1.90850,1.90925,1.90742,1.90839,7367,24,0
1784786400,1.90838,1.90915,1.90749,1.90749,6208,24,0
1784790000,1.90750,1.90843,1.90721,1.90812,5821,24,0
1784793600,1.90812,1.90896,1.90774,1.90882,6506,24,0
1784797200,1.90880,1.90945,1.90760,1.90934,8215,24,0
1784800800,1.90933,1.91059,1.90815,1.90938,11737,24,0
1784804400,1.90941,1.91023,1.90874,1.90946,9033,24,0
1784808000,1.90948,1.91074,1.90868,1.91060,6738,24,0
1784811600,1.91063,1.91095,1.90937,1.91019,9321,24,0
1784815200,1.91017,1.91055,1.90919,1.90970,12770,24,0
1784818800,1.90968,1.91223,1.90898,1.91172,14059,24,0
1784822400,1.91175,1.91329,1.91047,1.91134,19562,24,0
1784826000,1.91139,1.91175,1.90941,1.90998,18785,24,0
1784829600,1.90997,1.91029,1.90790,1.90832,18070,24,0
1784833200,1.90835,1.90988,1.90805,1.90926,9980,24,0
1784836800,1.90921,1.91044,1.90921,1.91018,9137,24,0
1784840400,1.91019,1.91160,1.91013,1.91142,7982,24,0
1784844000,1.91140,1.91219,1.91126,1.91159,7260,24,0
1784847600,1.91157,1.91164,1.91032,1.91040,2853,24,0
1784851200,1.91030,1.91103,1.90974,1.91011,2167,92,0
1784854800,1.91006,1.91107,1.91002,1.91068,1450,24,0
1784858400,1.91065,1.91086,1.91033,1.91066,2948,24,0
1784862000,1.91066,1.91096,1.90913,1.90972,9160,24,0
1784865600,1.90975,1.91063,1.90888,1.90938,9143,24,0
1784869200,1.90936,1.90995,1.90812,1.90920,8526,24,0
1784872800,1.90922,1.90925,1.90797,1.90880,6513,24,0
1784876400,1.90886,1.90901,1.90822,1.90863,5436,24,0
1784880000,1.90862,1.90871,1.90758,1.90826,7731,24,0
1784883600,1.90822,1.90900,1.90783,1.90806,8501,24,0
1784887200,1.90813,1.90956,1.90717,1.90922,10335,24,0
1784890800,1.90924,1.90953,1.90599,1.90623,9996,24,0
1784894400,1.90622,1.90639,1.90475,1.90478,8450,24,0
1784898000,1.90485,1.90587,1.90416,1.90530,7980,24,0
1784901600,1.90529,1.90646,1.90495,1.90632,7772,24,0
1784905200,1.90630,1.90798,1.90615,1.90772,10654,24,0
1784908800,1.90772,1.91025,1.90749,1.90975,11249,24,0
1784912400,1.90995,1.91013,1.90698,1.90703,12413,24,0
1784916000,1.90702,1.90822,1.90652,1.90711,15823,24,0
1784919600,1.90691,1.90784,1.90689,1.90711,6681,24,0
1784923200,1.90712,1.90745,1.90667,1.90729,7250,24,0
1784926800,1.90730,1.90852,1.90723,1.90817,5285,24,0
1784930400,1.90817,1.90890,1.90811,1.90827,8803,24,0
1784934000,1.90830,1.90887,1.90722,1.90775,3814,24,0
1785110400,1.90342,1.90549,1.90312,1.90439,2017,121,0
1785114000,1.90426,1.90846,1.90386,1.90823,4034,24,0
1785117600,1.90820,1.90879,1.90799,1.90872,3392,24,0
1785121200,1.90871,1.90909,1.90765,1.90905,10981,24,0
1785124800,1.90905,1.90936,1.90734,1.90745,10917,24,0
1785128400,1.90741,1.90839,1.90729,1.90810,8069,24,0
1785132000,1.90810,1.90878,1.90768,1.90785,5673,24,0
1785135600,1.90784,1.90860,1.90768,1.90806,4768,24,0
1785139200,1.90807,1.90812,1.90670,1.90682,5999,24,0
1785142800,1.90687,1.90732,1.90503,1.90532,9136,24,0
1785146400,1.90531,1.90582,1.90357,1.90464,11653,24,0
1785150000,1.90467,1.90516,1.90394,1.90445,9182,24,0
1785153600,1.90444,1.90492,1.90361,1.90383,8131,24,0
1785157200,1.90375,1.90419,1.90165,1.90193,9524,24,0
1785160800,1.90194,1.90251,1.90061,1.90241,10733,24,0
1785164400,1.90245,1.90309,1.90198,1.90279,10069,24,0
1785168000,1.90275,1.90350,1.90197,1.90248,14873,24,0
1785171600,1.90242,1.90498,1.90201,1.90229,30733,24,0
1785175200,1.90223,1.90336,1.90177,1.90223,35333,24,0
1785178800,1.90225,1.90271,1.90139,1.90177,35545,24,0
1785182400,1.90179,1.90228,1.90082,1.90147,39902,24,0
1785186000,1.90146,1.90223,1.90122,1.90130,57075,24,0
1785189600,1.90126,1.90174,1.90065,1.90074,54766,24,0
1785193200,1.90072,1.90139,1.90032,1.90041,14031,24,0
1785196800,1.90118,1.90193,1.90071,1.90081,1666,103,0
1785200400,1.90068,1.90228,1.90051,1.90165,1175,24,0
1785204000,1.90166,1.90229,1.90166,1.90198,2085,24,0
1785207600,1.90198,1.90341,1.90155,1.90182,6834,24,0
1785211200,1.90182,1.90252,1.90066,1.90156,7723,24,0
1785214800,1.90154,1.90167,1.90019,1.90138,7566,24,0
1785218400,1.90138,1.90508,1.90100,1.90473,8908,24,0
1785222000,1.90472,1.90711,1.90472,1.90687,6308,24,0
1785225600,1.90688,1.90829,1.90672,1.90708,7618,24,0
1785229200,1.90711,1.90796,1.90624,1.90756,8656,24,0
1785232800,1.90752,1.90824,1.90682,1.90715,8822,24,0
1785236400,1.90714,1.90886,1.90708,1.90753,10225,24,0
1785240000,1.90754,1.90755,1.90568,1.90655,7385,24,0
1785243600,1.90643,1.90676,1.90572,1.90642,8038,24,0
1785247200,1.90636,1.90723,1.90580,1.90644,9861,24,0
1785250800,1.90637,1.90799,1.90605,1.90794,9109,24,0
1785254400,1.90794,1.90893,1.90663,1.90798,11310,24,0
1785258000,1.90795,1.90904,1.90634,1.90769,13017,24,0
1785261600,1.90769,1.90797,1.90552,1.90579,12889,24,0
1785265200,1.90581,1.90602,1.90455,1.90495,8043,24,0
1785268800,1.90496,1.90587,1.90462,1.90538,6868,24,0
1785272400,1.90538,1.90552,1.90477,1.90513,6071,24,0
1785276000,1.90511,1.90554,1.90476,1.90505,4991,24,0
1785279600,1.90506,1.90577,1.90454,1.90500,2713,24,0
1785283200,1.90497,1.90560,1.90417,1.90476,3370,54,0
1785286800,1.90472,1.90561,1.90440,1.90499,2736,24,0
1785290400,1.90499,1.90509,1.90397,1.90495,3687,24,0
1785294000,1.90494,1.90714,1.90480,1.90697,8611,24,0
1785297600,1.90700,1.91461,1.90605,1.91286,13342,24,0
1785301200,1.91286,1.91380,1.91132,1.91316,9173,24,0
1785304800,1.91311,1.91471,1.91263,1.91370,8397,24,0
1785308400,1.91369,1.91536,1.91233,1.91257,9110,24,0
1785312000,1.91255,1.91283,1.91128,1.91181,8604,24,0
1785315600,1.91180,1.91272,1.91127,1.91247,8773,24,0
1785319200,1.91249,1.91465,1.91152,1.91446,8484,24,0
1785322800,1.91445,1.91653,1.91434,1.91625,8633,24,0
1785326400,1.91622,1.91640,1.91462,1.91550,8035,24,0
1785330000,1.91548,1.91560,1.91404,1.91469,8193,24,0
1785333600,1.91468,1.91559,1.91397,1.91435,8106,24,0
1785337200,1.91439,1.91482,1.91316,1.91336,11591,24,0
1785340800,1.91337,1.91376,1.91228,1.91295,13413,24,0
1785344400,1.91298,1.91937,1.91259,1.91888,17376,24,0
1785348000,1.91890,1.91922,1.91708,1.91729,14563,24,0
1785351600,1.91727,1.91851,1.91720,1.91787,11280,24,0
1785355200,1.91787,1.91886,1.91764,1.91787,11797,24,0
1785358800,1.91782,1.92293,1.91289,1.91353,24728,24,0
1785362400,1.91349,1.92149,1.91250,1.92076,22349,24,0
1785366000,1.92073,1.92270,1.91980,1.92153,9561,24,0
1785369600,1.92142,1.92280,1.92096,1.92226,5427,85,0
1785373200,1.92229,1.92262,1.91992,1.92112,2788,24,0
1785376800,1.92112,1.92126,1.92017,1.92069,4852,24,0
1785380400,1.92068,1.92116,1.91876,1.91925,12508,24,0
1785384000,1.91932,1.92008,1.91779,1.91863,10418,24,0
1785387600,1.91861,1.91943,1.91717,1.91930,7688,24,0
1785391200,1.91929,1.91990,1.91859,1.91980,8300,24,0
1785394800,1.91982,1.92003,1.91928,1.91981,7180,24,0
1785398400,1.91981,1.92115,1.91929,1.92056,8689,24,0
1785402000,1.92058,1.92082,1.91819,1.91870,13291,24,0
1785405600,1.91870,1.91910,1.91700,1.91888,17580,24,0
1785409200,1.91887,1.91940,1.91791,1.91881,12184,24,0
1785412800,1.91879,1.91949,1.91814,1.91887,15149,24,0
1785416400,1.91891,1.92036,1.91730,1.91904,19414,24,0
1785420000,1.91906,1.92059,1.91665,1.91713,15839,24,0
1785423600,1.91714,1.91860,1.91591,1.91684,24220,24,0
1785427200,1.91687,1.91720,1.91271,1.91315,38672,24,0
1785430800,1.91313,1.91752,1.91277,1.91651,30822,24,0
1785434400,1.91645,1.91752,1.91549,1.91679,17643,24,0
1785438000,1.91681,1.91702,1.91552,1.91614,15369,24,0
1785441600,1.91615,1.91663,1.91471,1.91622,18673,24,0
1785445200,1.91622,1.91705,1.91541,1.91690,15468,24,0
1785448800,1.91694,1.91706,1.91545,1.91546,18701,24,0
1785452400,1.91546,1.91596,1.91484,1.91527,10222,24,0
1785456000,1.91647,1.91657,1.91548,1.91564,172,55,0
1785459600,1.91593,1.91628,1.91450,1.91587,2394,24,0
1785463200,1.91586,1.91649,1.91533,1.91604,3884,24,0
1785466800,1.91604,1.91629,1.91356,1.91427,10555,24,0
1785470400,1.91431,1.91575,1.91390,1.91476,9790,24,0
1785474000,1.91475,1.91671,1.91440,1.91461,8485,24,0
1785477600,1.91461,1.91541,1.91383,1.91453,8117,24,0
1785481200,1.91457,1.91462,1.91262,1.91323,6561,24,0
1785484800,1.91323,1.91345,1.91202,1.91214,7327,24,0
1785488400,1.91216,1.91337,1.91159,1.91245,13637,24,0
1785492000,1.91248,1.91363,1.91203,1.91320,12688,24,0
1785495600,1.91325,1.91340,1.91095,1.91124,14500,24,0
1785499200,1.91127,1.91355,1.91085,1.91197,16359,24,0
1785502800,1.91197,1.91266,1.91129,1.91210,10151,24,0
1785506400,1.91207,1.91230,1.91132,1.91157,11871,24,0
1785510000,1.91157,1.91489,1.91133,1.91382,11685,24,0
1785513600,1.91383,1.91529,1.91075,1.91468,24589,24,0
1785517200,1.91455,1.91783,1.91376,1.91595,45764,24,0
1785520800,1.91596,1.91824,1.91584,1.91726,39396,24,0
1785524400,1.91725,1.91741,1.91571,1.91642,10010,24,0
1785528000,1.91641,1.91677,1.91531,1.91653,12999,24,0
1785531600,1.91653,1.91666,1.91548,1.91585,9455,24,0
1785535200,1.91586,1.91616,1.91480,1.91535,11397,24,0
1785538800,1.91537,1.91775,1.91437,1.91705,24810,24,0
1785715200,1.91402,1.91577,1.91331,1.91529,2082,87,0
1785718800,1.91533,1.91689,1.91461,1.91530,7823,24,0
1785722400,1.91529,1.91554,1.91461,1.91477,5442,24,0
1785726000,1.91474,1.91600,1.91431,1.91515,15379,24,0
1785729600,1.91515,1.91581,1.91449,1.91546,9908,24,0
1785733200,1.91546,1.91661,1.91536,1.91574,6892,24,0
1785736800,1.91574,1.91610,1.91516,1.91586,5890,24,0
1785740400,1.91582,1.91610,1.91535,1.91606,4651,24,0
1785744000,1.91606,1.91611,1.91507,1.91517,5064,24,0
1785747600,1.91516,1.91578,1.91419,1.91537,8166,24,0
1785751200,1.91534,1.91868,1.91518,1.91809,10941,24,0
1785754800,1.91808,1.91998,1.91780,1.91939,8383,24,0
1785758400,1.91932,1.92041,1.91888,1.92023,8389,24,0
1785762000,1.92024,1.92305,1.91998,1.92253,8089,24,0
1785765600,1.92260,1.92341,1.92116,1.92157,7478,24,0
1785769200,1.92158,1.92435,1.92141,1.92378,9149,24,0
1785772800,1.92367,1.92594,1.92317,1.92490,13802,24,0
1785776400,1.92497,1.92541,1.91967,1.91986,13203,24,0
1785780000,1.91986,1.92004,1.91813,1.91909,10423,24,0
1785783600,1.91913,1.91958,1.91815,1.91857,6344,24,0
1785787200,1.91860,1.91966,1.91858,1.91896,5947,24,0
1785790800,1.91896,1.91920,1.91871,1.91884,6222,24,0
1785794400,1.91880,1.91927,1.91853,1.91868,5011,24,0
1785798000,1.91869,1.91928,1.91789,1.91836,2529,24,0
1785801600,1.91790,1.91846,1.91716,1.91811,1810,76,0
1785805200,1.91800,1.91909,1.91793,1.91860,1650,24,0
1785808800,1.91860,1.91900,1.91843,1.91878,2364,24,0
1785812400,1.91880,1.91888,1.91696,1.91761,8317,24,0
1785816000,1.91758,1.91800,1.91430,1.91444,9043,24,0
1785819600,1.91442,1.91524,1.91347,1.91389,7818,24,0
1785823200,1.91389,1.91408,1.91236,1.91279,6808,24,0
1785826800,1.91279,1.91304,1.91226,1.91264,4871,24,0
1785830400,1.91265,1.91318,1.91204,1.91265,7020,24,0
1785834000,1.91257,1.91504,1.91213,1.91430,9124,24,0
1785837600,1.91423,1.91476,1.91302,1.91450,9639,24,0
1785841200,1.91450,1.91453,1.91289,1.91397,8789,24,0
1785844800,1.91398,1.91429,1.91255,1.91274,8857,24,0
1785848400,1.91273,1.91288,1.91117,1.91167,10018,24,0
1785852000,1.91165,1.91227,1.91130,1.91195,11989,24,0
1785855600,1.91203,1.91332,1.91086,1.91113,10698,24,0
1785859200,1.91120,1.91218,1.91058,1.91093,15548,24,0
1785862800,1.91084,1.91153,1.90996,1.91040,13504,24,0
1785866400,1.91043,1.91249,1.91025,1.91185,11309,24,0
1785870000,1.91185,1.91185,1.91020,1.91037,6528,24,0
1785873600,1.91037,1.91037,1.90897,1.90955,5980,24,0
1785877200,1.90955,1.90973,1.90869,1.90904,8153,24,0
1785880800,1.90905,1.90931,1.90819,1.90879,6699,24,0
1785884400,1.90878,1.90937,1.90837,1.90880,3734,24,0
1785888000,1.90876,1.90968,1.90835,1.90888,1169,52,0
1785891600,1.90893,1.90966,1.90804,1.90808,2045,24,0
1785895200,1.90808,1.90873,1.90796,1.90868,2685,24,0
1785898800,1.90868,1.90963,1.90746,1.90953,7669,24,0
1785902400,1.90954,1.91000,1.90875,1.90883,8125,24,0
1785906000,1.90886,1.91018,1.90827,1.90891,9174,24,0
1785909600,1.90888,1.90918,1.90829,1.90878,6155,24,0
1785913200,1.90877,1.90909,1.90735,1.90874,6047,24,0
1785916800,1.90873,1.90955,1.90865,1.90905,6132,24,0
1785920400,1.90906,1.91051,1.90856,1.91032,9582,24,0
1785924000,1.91029,1.91148,1.90988,1.91084,10524,24,0
1785927600,1.91088,1.91136,1.91010,1.91047,9032,24,0
1785931200,1.91038,1.91154,1.91011,1.91102,7493,24,0
1785934800,1.91105,1.91239,1.91102,1.91216,7392,24,0
1785938400,1.91218,1.91283,1.91159,1.91198,7903,24,0
1785942000,1.91200,1.91211,1.91069,1.91113,9178,24,0
1785945600,1.91111,1.91163,1.90864,1.90890,13020,24,0
1785949200,1.90901,1.91011,1.90801,1.90964,15408,24,0
1785952800,1.90965,1.91000,1.90837,1.90941,10662,24,0
1785956400,1.90941,1.90950,1.90852,1.90862,7828,24,0
1785960000,1.90858,1.90904,1.90744,1.90763,5758,24,0
1785963600,1.90769,1.90774,1.90718,1.90751,5423,24,0
1785967200,1.90749,1.90827,1.90727,1.90823,5114,24,0
1785970800,1.90823,1.90872,1.90735,1.90789,2422,24,0
1785974400,1.90726,1.90875,1.90698,1.90821,1146,57,0
1785978000,1.90823,1.90888,1.90764,1.90793,1698,24,0
1785981600,1.90794,1.90891,1.90790,1.90846,2560,24,0
1785985200,1.90845,1.90883,1.90771,1.90809,8361,24,0
1785988800,1.90808,1.90904,1.90760,1.90850,8854,24,0
1785992400,1.90850,1.90907,1.90799,1.90847,7835,24,0
1785996000,1.90851,1.91014,1.90839,1.90983,6586,24,0
1785999600,1.90980,1.91056,1.90970,1.90978,4762,24,0
1786003200,1.90974,1.91063,1.90957,1.91023,5582,24,0
1786006800,1.91024,1.91172,1.91014,1.91135,10991,24,0
1786010400,1.91140,1.91273,1.91054,1.91232,10600,24,0
1786014000,1.91236,1.91265,1.91109,1.91125,10007,24,0
1786017600,1.91124,1.91196,1.91042,1.91076,9162,24,0
1786021200,1.91078,1.91159,1.91061,1.91131,10723,24,0
1786024800,1.91133,1.91283,1.91127,1.91219,12608,24,0
1786028400,1.91219,1.91374,1.91170,1.91362,14115,24,0
1786032000,1.91362,1.91488,1.91330,1.91410,17740,24,0
1786035600,1.91412,1.91442,1.91212,1.91215,15860,24,0
1786039200,1.91215,1.91443,1.91173,1.91428,23971,24,0
1786042800,1.91429,1.91513,1.91354,1.91356,17170,24,0
1786046400,1.91355,1.91388,1.91287,1.91315,33304,24,0
1786050000,1.91313,1.91331,1.91258,1.91317,19237,24,0
1786053600,1.91315,1.91329,1.91263,1.91292,35393,24,0
1786057200,1.91291,1.91365,1.91251,1.91279,14549,24,0
1786060800,1.91330,1.91365,1.91220,1.91353,791,67,0
1786064400,1.91347,1.91387,1.91261,1.91336,1435,24,0
1786068000,1.91337,1.91349,1.91275,1.91291,1826,24,0
1786071600,1.91295,1.91403,1.91272,1.91342,7158,24,0
1786075200,1.91343,1.91447,1.91299,1.91386,7830,24,0
1786078800,1.91385,1.91540,1.91365,1.91497,5410,24,0
1786082400,1.91499,1.91516,1.91462,1.91485,4163,24,0
1786086000,1.91485,1.91511,1.91395,1.91459,3958,24,0
1786089600,1.91459,1.91479,1.91349,1.91394,5028,24,0
1786093200,1.91393,1.91436,1.91263,1.91281,6673,24,0
1786096800,1.91279,1.91294,1.91125,1.91139,6472,24,0
1786100400,1.91139,1.91162,1.91013,1.91020,7113,24,0
1786104000,1.91020,1.91038,1.90845,1.90902,7164,24,0
1786107600,1.90902,1.90984,1.90858,1.90965,5643,24,0
1786111200,1.90964,1.91042,1.90927,1.91020,6637,24,0
1786114800,1.91019,1.91109,1.90779,1.90991,18831,24,0
1786118400,1.91001,1.91157,1.90950,1.91065,15632,24,0
1786122000,1.91061,1.91125,1.90929,1.91028,13611,24,0
1786125600,1.91046,1.91121,1.91009,1.91078,11625,24,0
1786129200,1.91074,1.91098,1.90967,1.91007,8541,24,0
1786132800,1.91006,1.91030,1.90933,1.90953,5784,24,0
1786136400,1.90955,1.90990,1.90932,1.90966,4999,24,0
1786140000,1.90967,1.90976,1.90837,1.90910,6807,24,0
1786143600,1.90909,1.91042,1.90878,1.90904,2972,24,0
1786320000,1.91044,1.91050,1.90769,1.90828,7807,88,0
1786323600,1.90831,1.90919,1.90819,1.90907,2736,24,0
1786327200,1.90908,1.90993,1.90895,1.90986,2962,24,0
1786330800,1.90984,1.91035,1.90833,1.91013,7884,24,0
1786334400,1.91011,1.91071,1.90915,1.90936,8508,24,0
1786338000,1.90935,1.90991,1.90902,1.90977,5788,24,0
1786341600,1.90975,1.91052,1.90970,1.91029,4595,24,0
1786345200,1.91024,1.91087,1.91014,1.91023,3933,24,0
1786348800,1.91022,1.91030,1.90868,1.90885,6073,24,0
1786352400,1.90886,1.90991,1.90885,1.90956,7345,24,0
1786356000,1.90949,1.91010,1.90844,1.90865,9199,24,0
1786359600,1.90865,1.90995,1.90828,1.90989,6925,24,0
1786363200,1.90987,1.91064,1.90946,1.91016,7151,24,0
1786366800,1.91016,1.91092,1.90985,1.91036,6651,24,0
1786370400,1.91040,1.91150,1.91012,1.91133,5817,24,0
1786374000,1.91128,1.91256,1.91114,1.91223,7665,24,0
1786377600,1.91221,1.91415,1.91212,1.91360,11665,24,0
1786381200,1.91356,1.91508,1.91295,1.91425,11553,24,0
1786384800,1.91417,1.91503,1.91365,1.91432,10228,24,0
1786388400,1.91432,1.91478,1.91356,1.91377,9257,24,0
1786392000,1.91375,1.91453,1.91372,1.91437,14587,24,0
1786395600,1.91436,1.91468,1.91406,1.91430,16294,24,0
1786399200,1.91427,1.91474,1.91387,1.91469,14537,24,0
1786402800,1.91468,1.91545,1.91440,1.91452,5392,24,0
1786406400,1.91378,1.91474,1.91313,1.91420,1092,60,0
1786410000,1.91415,1.91584,1.91403,1.91431,1448,24,0
1786413600,1.91431,1.91523,1.91400,1.91492,2549,24,0
1786417200,1.91492,1.91516,1.91436,1.91481,5488,24,0
1786420800,1.91475,1.91547,1.91338,1.91405,7674,24,0
1786424400,1.91405,1.91451,1.91343,1.91447,6258,24,0
1786428000,1.91448,1.91454,1.91386,1.91414,5338,24,0
1786431600,1.91416,1.91961,1.91316,1.91637,8994,24,0
1786435200,1.91638,1.91815,1.91443,1.91517,8299,24,0
1786438800,1.91525,1.91533,1.91438,1.91491,10269,24,0
1786442400,1.91488,1.91534,1.91352,1.91499,9613,24,0
1786446000,1.91503,1.91521,1.91413,1.91474,7991,24,0
1786449600,1.91475,1.91493,1.91344,1.91352,7226,24,0
1786453200,1.91353,1.91357,1.91133,1.91145,7911,24,0
1786456800,1.91144,1.91165,1.91038,1.91093,10527,24,0
1786460400,1.91091,1.91136,1.91020,1.91088,9895,24,0
1786464000,1.91088,1.91103,1.90995,1.91013,10921,24,0
1786467600,1.91014,1.91231,1.90985,1.91223,11913,24,0
1786471200,1.91219,1.91399,1.91199,1.91382,9725,24,0
1786474800,1.91387,1.91387,1.91215,1.91245,5748,24,0
1786478400,1.91242,1.91270,1.91194,1.91263,4609,24,0
1786482000,1.91264,1.91343,1.91238,1.91290,5219,24,0
1786485600,1.91289,1.91313,1.91243,1.91294,4918,24,0
1786489200,1.91293,1.91344,1.91194,1.91253,2449,24,0
1786492800,1.91232,1.91310,1.91203,1.91278,299,62,0
1786496400,1.91263,1.91340,1.91223,1.91241,1468,24,0
1786500000,1.91242,1.91267,1.91200,1.91233,2051,24,0
1786503600,1.91227,1.91235,1.91120,1.91189,6112,24,0
1786507200,1.91187,1.91362,1.91167,1.91328,6512,24,0
1786510800,1.91329,1.91396,1.91320,1.91351,5925,24,0
1786514400,1.91352,1.91408,1.91326,1.91373,4378,24,0
1786518000,1.91373,1.91426,1.91355,1.91405,4071,24,0
1786521600,1.91405,1.91429,1.91284,1.91293,4916,24,0
1786525200,1.91293,1.91383,1.91269,1.91334,7123,24,0
1786528800,1.91335,1.91431,1.91279,1.91388,6720,24,0
1786532400,1.91385,1.91430,1.91343,1.91364,6069,24,0
1786536000,1.91365,1.91415,1.91226,1.91261,9548,24,0
1786539600,1.91253,1.91405,1.91244,1.91278,7766,24,0
1786543200,1.91277,1.91346,1.91239,1.91293,6747,24,0
1786546800,1.91295,1.91473,1.90915,1.90944,21377,24,0
1786550400,1.90936,1.91033,1.90833,1.90896,18151,24,0
1786554000,1.90898,1.91078,1.90792,1.90995,15355,24,0
1786557600,1.90991,1.91128,1.90881,1.91087,13238,24,0
1786561200,1.91088,1.91127,1.91045,1.91074,9466,24,0
1786564800,1.91074,1.91107,1.90993,1.91059,10625,24,0
1786568400,1.91058,1.91066,1.90971,1.90998,17620,24,0
1786572000,1.90999,1.91070,1.90979,1.91001,24832,24,0
1786575600,1.91006,1.91120,1.90994,1.91025,7897,24,0
1786579200,1.91096,1.91111,1.91038,1.91084,951,61,0
1786582800,1.91076,1.91109,1.91009,1.91075,1559,24,0
1786586400,1.91076,1.91099,1.91043,1.91066,1948,24,0
1786590000,1.91065,1.91150,1.91012,1.91135,6905,24,0
1786593600,1.91134,1.91220,1.91100,1.91147,6788,24,0
1786597200,1.91149,1.91281,1.91141,1.91235,5055,24,0
1786600800,1.91217,1.91398,1.91216,1.91390,6179,24,0
1786604400,1.91391,1.91438,1.91347,1.91427,5302,24,0
1786608000,1.91430,1.91481,1.91362,1.91379,6038,24,0
1786611600,1.91359,1.91446,1.91223,1.91265,8785,24,0
1786615200,1.91283,1.91337,1.91214,1.91267,8415,24,0
1786618800,1.91263,1.91299,1.91212,1.91213,6917,24,0
1786622400,1.91214,1.91262,1.91099,1.91143,6342,24,0
1786626000,1.91155,1.91344,1.91141,1.91203,6054,24,0
1786629600,1.91208,1.91325,1.91203,1.91291,6628,24,0
1786633200,1.91288,1.91379,1.91166,1.91198,11363,24,0
1786636800,1.91208,1.91321,1.91129,1.91267,13072,24,0
1786640400,1.91256,1.91279,1.91091,1.91190,13306,24,0
1786644000,1.91185,1.91273,1.91130,1.91223,10675,24,0
1786647600,1.91220,1.91225,1.91010,1.91018,6838,24,0
1786651200,1.91019,1.91050,1.90955,1.91044,6589,24,0
1786654800,1.91047,1.91081,1.91025,1.91045,5205,24,0
1786658400,1.91044,1.91069,1.90983,1.91027,4987,24,0
1786662000,1.91025,1.91078,1.90959,1.91003,2471,24,0
1786665600,1.91012,1.91091,1.91009,1.91051,1523,78,0
1786669200,1.91068,1.91068,1.90917,1.90948,1219,24,0
1786672800,1.90948,1.91004,1.90924,1.90968,2421,24,0
1786676400,1.90972,1.91146,1.90929,1.91131,7155,24,0
1786680000,1.91129,1.91201,1.91058,1.91138,7869,24,0
1786683600,1.91138,1.91180,1.91100,1.91158,5761,24,0
1786687200,1.91159,1.91189,1.91085,1.91106,5485,24,0
1786690800,1.91105,1.91128,1.91072,1.91100,4807,24,0
1786694400,1.91099,1.91131,1.90997,1.91010,5720,24,0
1786698000,1.91004,1.91104,1.91003,1.91050,6180,24,0
1786701600,1.91049,1.91092,1.90982,1.91047,7328,24,0
1786705200,1.91047,1.91242,1.91045,1.91170,8391,24,0
1786708800,1.91168,1.91204,1.91099,1.91146,6669,24,0
1786712400,1.91148,1.91222,1.91115,1.91173,5241,24,0
1786716000,1.91169,1.91275,1.91101,1.91131,7540,24,0
1786719600,1.91134,1.91252,1.91022,1.91184,10829,24,0
1786723200,1.91189,1.91283,1.91081,1.91095,13431,24,0
1786726800,1.91091,1.91293,1.91003,1.91046,15572,24,0
1786730400,1.91048,1.91218,1.90957,1.91159,14042,24,0
1786734000,1.91159,1.91192,1.91098,1.91116,12207,24,0
1786737600,1.91117,1.91126,1.91018,1.91101,11594,24,0
1786741200,1.91100,1.91140,1.91078,1.91083,14720,24,0
1786744800,1.91086,1.91120,1.91035,1.91042,5100,24,0
1786748400,1.91041,1.91138,1.90972,1.91019,2910,24,0
1786924800,1.91024,1.91113,1.90963,1.91016,1726,108,0
1786928400,1.91034,1.91074,1.90960,1.91054,2337,24,0
1786932000,1.91054,1.91189,1.91039,1.91184,2149,24,0
1786935600,1.91184,1.91186,1.91026,1.91113,6399,24,0
1786939200,1.91113,1.91162,1.90964,1.90999,6230,24,0
1786942800,1.91000,1.91063,1.90978,1.91040,4862,24,0
1786946400,1.91041,1.91044,1.90836,1.90850,4287,24,0
1786950000,1.90856,1.90858,1.90699,1.90807,4190,24,0
1786953600,1.90807,1.90821,1.90496,1.90543,5849,24,0
1786957200,1.90550,1.90612,1.90355,1.90361,8168,24,0
1786960800,1.90366,1.90534,1.90287,1.90466,9432,24,0
1786964400,1.90463,1.90591,1.90323,1.90350,8220,24,0
1786968000,1.90352,1.90403,1.90229,1.90266,6784,24,0
1786971600,1.90265,1.90313,1.90194,1.90262,7084,24,0
1786975200,1.90263,1.90304,1.90170,1.90246,6748,24,0
1786978800,1.90246,1.90448,1.90239,1.90397,9003,24,0
1786982400,1.90393,1.90652,1.90376,1.90538,10314,24,0
1786986000,1.90537,1.90629,1.90376,1.90556,10019,24,0
1786989600,1.90554,1.90685,1.90509,1.90669,7885,24,0
1786993200,1.90669,1.90684,1.90606,1.90636,4888,24,0
1786996800,1.90635,1.90692,1.90621,1.90628,6184,24,0
1787000400,1.90629,1.90685,1.90577,1.90608,5573,24,0
1787004000,1.90609,1.90630,1.90573,1.90615,5651,24,0
1787007600,1.90616,1.90687,1.90565,1.90592,2135,24,0
1787011200,1.90556,1.90631,1.90536,1.90605,371,59,0
1787014800,1.90611,1.90653,1.90575,1.90589,1689,24,0
1787018400,1.90588,1.90651,1.90578,1.90613,1980,24,0
1787022000,1.90616,1.90649,1.90525,1.90590,6338,24,0
1787025600,1.90588,1.90597,1.90504,1.90591,6947,24,0
1787029200,1.90592,1.90609,1.90453,1.90478,6313,24,0
1787032800,1.90471,1.90576,1.90439,1.90552,5276,24,0
1787036400,1.90550,1.90649,1.90512,1.90617,5374,24,0
1787040000,1.90618,1.90746,1.90558,1.90565,4185,24,0
1787043600,1.90566,1.90754,1.90487,1.90487,9383,24,0
1787047200,1.90491,1.90507,1.90386,1.90468,8721,24,0
1787050800,1.90463,1.90504,1.90395,1.90475,7649,24,0
1787054400,1.90484,1.90494,1.90316,1.90332,7326,24,0
1787058000,1.90327,1.90378,1.90286,1.90309,8134,24,0
1787061600,1.90303,1.90330,1.90210,1.90228,10051,24,0
1787065200,1.90227,1.90284,1.90160,1.90277,11963,24,0
1787068800,1.90283,1.90435,1.90199,1.90275,14161,24,0
1787072400,1.90272,1.90797,1.90268,1.90768,17029,24,0
1787076000,1.90761,1.90858,1.90670,1.90841,17642,24,0
1787079600,1.90843,1.90992,1.90808,1.90906,13797,24,0
1787083200,1.90908,1.90992,1.90826,1.90972,5124,24,0
1787086800,1.90971,1.91112,1.90955,1.91021,5365,24,0
1787090400,1.91024,1.91037,1.90974,1.91017,5225,24,0
1787094000,1.91018,1.91051,1.90918,1.90918,3466,24,0
1787097600,1.90929,1.91058,1.90903,1.91004,457,81,0
1787101200,1.91005,1.91046,1.90921,1.91044,1917,24,0
1787104800,1.91044,1.91156,1.91033,1.91143,2391,24,0
1787108400,1.91142,1.91268,1.91053,1.91233,8167,24,0
1787112000,1.91231,1.91324,1.91138,1.91214,7889,24,0
1787115600,1.91215,1.91327,1.91131,1.91260,8849,24,0
1787119200,1.91257,1.91390,1.91257,1.91387,5421,24,0
1787122800,1.91386,1.91580,1.91363,1.91450,5287,24,0
1787126400,1.91451,1.91617,1.91417,1.91537,6910,24,0
1787130000,1.91539,1.91652,1.91488,1.91548,9308,24,0
1787133600,1.91544,1.91774,1.91457,1.91691,8468,24,0
1787137200,1.91690,1.91728,1.91470,1.91483,8855,24,0
1787140800,1.91471,1.91509,1.91366,1.91503,8487,24,0
1787144400,1.91511,1.91611,1.91481,1.91556,6457,24,0
1787148000,1.91556,1.91717,1.91522,1.91574,7157,24,0
1787151600,1.91569,1.91615,1.91347,1.91487,16635,24,0
1787155200,1.91495,1.91518,1.91158,1.91284,21260,24,0
1787158800,1.91286,1.91326,1.91055,1.91115,15989,24,0
1787162400,1.91114,1.91154,1.90963,1.91045,12942,24,0
1787166000,1.91044,1.91090,1.90952,1.91066,8902,24,0
1787169600,1.91064,1.91166,1.90982,1.91072,8421,24,0
1787173200,1.91043,1.91129,1.90978,1.91036,9525,24,0
1787176800,1.91045,1.91048,1.90937,1.90996,8517,24,0
1787180400,1.90995,1.91016,1.90882,1.90915,2582,24,0
1787184000,1.90975,1.91008,1.90905,1.90994,1182,75,0
1787187600,1.90992,1.91019,1.90906,1.90922,2415,24,0
1787191200,1.90920,1.90972,1.90867,1.90926,2813,24,0
1787194800,1.90925,1.91108,1.90888,1.91081,8471,24,0
1787198400,1.91079,1.91544,1.90885,1.91239,12689,24,0
1787202000,1.91239,1.91301,1.91187,1.91230,8002,24,0
1787205600,1.91227,1.91287,1.91184,1.91213,5891,24,0
1787209200,1.91212,1.91297,1.91118,1.91266,5334,24,0
1787212800,1.91266,1.91291,1.91174,1.91205,7185,24,0
1787216400,1.91203,1.91255,1.91120,1.91162,9055,24,0
1787220000,1.91158,1.91395,1.91118,1.91254,10877,24,0
1787223600,1.91253,1.91406,1.91230,1.91391,10517,24,0
1787227200,1.91390,1.91469,1.91249,1.91437,9722,24,0
1787230800,1.91434,1.91561,1.91396,1.91533,8714,24,0
1787234400,1.91535,1.91768,1.91439,1.91742,10511,24,0
1787238000,1.91735,1.91906,1.91623,1.91679,13964,24,0
1787241600,1.91673,1.91710,1.91433,1.91559,14906,24,0
1787245200,1.91564,1.91650,1.91329,1.91416,14482,24,0
1787248800,1.91410,1.91585,1.91294,1.91530,16956,24,0
1787252400,1.91531,1.91666,1.91524,1.91622,10446,24,0
1787256000,1.91625,1.91637,1.91542,1.91583,6768,24,0
1787259600,1.91584,1.91676,1.91584,1.91627,5974,24,0
1787263200,1.91628,1.91662,1.91574,1.91598,6837,24,0
1787266800,1.91596,1.91666,1.91538,1.91551,2243,24,0
1787270400,1.91547,1.91678,1.91482,1.91636,2779,50,0
1787274000,1.91629,1.91694,1.91552,1.91588,1101,24,0
1787277600,1.91589,1.91659,1.91576,1.91635,2851,24,0
1787281200,1.91634,1.91637,1.91429,1.91495,6950,24,0
1787284800,1.91496,1.91509,1.91247,1.91257,8656,24,0
1787288400,1.91250,1.91266,1.91048,1.91165,6244,24,0
1787292000,1.91165,1.91177,1.91032,1.91071,5031,24,0
1787295600,1.91072,1.91086,1.91014,1.91058,3739,24,0
1787299200,1.91057,1.91098,1.90970,1.91021,5040,24,0
1787302800,1.90999,1.91100,1.90873,1.91016,7655,24,0
1787306400,1.91009,1.91057,1.90724,1.90749,10001,24,0
1787310000,1.90746,1.90814,1.90537,1.90801,10186,24,0
1787313600,1.90807,1.90872,1.90687,1.90739,9035,24,0
1787317200,1.90737,1.90770,1.90578,1.90622,8013,24,0
1787320800,1.90621,1.90709,1.90556,1.90633,9922,24,0
1787324400,1.90634,1.90637,1.90361,1.90382,10376,24,0
1787328000,1.90386,1.90431,1.90209,1.90264,11123,24,0
1787331600,1.90265,1.90373,1.90111,1.90167,13056,24,0
1787335200,1.90166,1.90186,1.89994,1.90102,10981,24,0
1787338800,1.90102,1.90223,1.90060,1.90190,8010,24,0
1787342400,1.90188,1.90193,1.90066,1.90146,4992,24,0
1787346000,1.90145,1.90193,1.90133,1.90163,4435,24,0
1787349600,1.90165,1.90272,1.90155,1.90247,5066,24,0
1787353200,1.90247,1.90332,1.90211,1.90254,3949,24,0
1787529600,1.90365,1.90398,1.90263,1.90266,2173,67,0
1787533200,1.90264,1.90349,1.90250,1.90284,2455,24,0
1787536800,1.90285,1.90399,1.90279,1.90377,2802,24,0
1787540400,1.90372,1.90385,1.90269,1.90272,7526,24,0
1787544000,1.90273,1.90398,1.90204,1.90393,9208,24,0
1787547600,1.90395,1.90494,1.90339,1.90470,7480,24,0
1787551200,1.90470,1.90504,1.90434,1.90456,5229,24,0
1787554800,1.90454,1.90468,1.90364,1.90404,6937,24,0
1787558400,1.90405,1.90410,1.90272,1.90297,6106,24,0
1787562000,1.90299,1.90410,1.90244,1.90304,8966,24,0
1787565600,1.90305,1.90445,1.90267,1.90276,11499,24,0
1787569200,1.90277,1.90381,1.90209,1.90224,10838,24,0
1787572800,1.90221,1.90330,1.90219,1.90319,7521,24,0
1787576400,1.90320,1.90323,1.90239,1.90294,7365,24,0
1787580000,1.90296,1.90379,1.90230,1.90352,11617,24,0
1787583600,1.90352,1.90489,1.90281,1.90474,12136,24,0
1787587200,1.90469,1.90498,1.90336,1.90391,14367,24,0
1787590800,1.90396,1.90598,1.90378,1.90584,14895,24,0
1787594400,1.90584,1.90685,1.90559,1.90600,15776,24,0
1787598000,1.90601,1.90724,1.90543,1.90698,13573,24,0
1787601600,1.90700,1.90841,1.90647,1.90786,14245,24,0
1787605200,1.90787,1.90794,1.90656,1.90697,12399,24,0
1787608800,1.90698,1.90713,1.90636,1.90638,20381,24,0
1787612400,1.90639,1.90663,1.90594,1.90605,10791,24,0
1787616000,1.90709,1.90726,1.90580,1.90675,1130,69,0
1787619600,1.90662,1.90703,1.90623,1.90669,1176,24,0
1787623200,1.90670,1.90705,1.90598,1.90615,1817,24,0
1787626800,1.90615,1.90616,1.90506,1.90535,6726,24,0
1787630400,1.90535,1.90617,1.90501,1.90587,8354,24,0
1787634000,1.90586,1.90601,1.90504,1.90568,8358,24,0
1787637600,1.90567,1.90582,1.90461,1.90579,6206,24,0
1787641200,1.90576,1.90673,1.90565,1.90592,5084,24,0
1787644800,1.90594,1.90594,1.90468,1.90549,5422,24,0
1787648400,1.90550,1.90748,1.90485,1.90730,7869,24,0
1787652000,1.90737,1.90927,1.90714,1.90900,8031,24,0
1787655600,1.90897,1.90953,1.90720,1.90809,11141,24,0
1787659200,1.90810,1.90880,1.90591,1.90681,10466,24,0
1787662800,1.90678,1.90722,1.90568,1.90578,7487,24,0
1787666400,1.90581,1.90604,1.90460,1.90547,7683,24,0
1787670000,1.90548,1.90622,1.90538,1.90574,8382,24,0
1787673600,1.90570,1.90681,1.90530,1.90543,12716,24,0
1787677200,1.90562,1.90620,1.90414,1.90487,13679,24,0
1787680800,1.90483,1.90573,1.90384,1.90503,14251,24,0
1787684400,1.90502,1.90579,1.90488,1.90543,15687,24,0
1787688000,1.90543,1.90613,1.90528,1.90609,24774,24,0
1787691600,1.90608,1.90645,1.90561,1.90586,19775,24,0
1787695200,1.90586,1.90605,1.90515,1.90534,28532,24,0
1787698800,1.90539,1.90570,1.90441,1.90487,10497,24,0
1787702400,1.90492,1.90520,1.90470,1.90488,2882,76,0
1787706000,1.90486,1.90582,1.90450,1.90495,2337,24,0
1787709600,1.90497,1.90508,1.90408,1.90457,2076,24,0
1787713200,1.90456,1.90513,1.90367,1.90491,6877,24,0
1787716800,1.90492,1.90548,1.90005,1.90119,10239,24,0
1787720400,1.90115,1.90161,1.89869,1.89990,8021,24,0
1787724000,1.89985,1.90014,1.89767,1.89859,6166,24,0
1787727600,1.89860,1.89987,1.89827,1.89931,3779,24,0
1787731200,1.89937,1.89937,1.89773,1.89814,5796,24,0
1787734800,1.89814,1.89945,1.89702,1.89888,8851,24,0
1787738400,1.89889,1.89992,1.89816,1.89839,9606,24,0
1787742000,1.89836,1.89863,1.89743,1.89770,8102,24,0
1787745600,1.89771,1.89807,1.89694,1.89739,6519,24,0
1787749200,1.89739,1.89742,1.89628,1.89676,6025,24,0
1787752800,1.89678,1.89739,1.89666,1.89687,7789,24,0
1787756400,1.89685,1.89721,1.89487,1.89587,13993,24,0
1787760000,1.89578,1.89700,1.89475,1.89544,14952,24,0
1787763600,1.89544,1.89648,1.89460,1.89619,16583,24,0
1787767200,1.89618,1.89675,1.89541,1.89626,11903,24,0
1787770800,1.89626,1.89645,1.89528,1.89563,9240,24,0
1787774400,1.89564,1.89596,1.89482,1.89498,7445,24,0
1787778000,1.89499,1.89521,1.89467,1.89507,6141,24,0
1787781600,1.89506,1.89538,1.89468,1.89493,6995,24,0
1787785200,1.89493,1.89567,1.89422,1.89490,7201,24,0
1787788800,1.89600,1.89620,1.89349,1.89372,1761,59,0
1787792400,1.89355,1.89485,1.89332,1.89344,2798,24,0
1787796000,1.89343,1.89358,1.89242,1.89327,3535,24,0
1787799600,1.89329,1.89431,1.89270,1.89276,6785,24,0
1787803200,1.89277,1.89295,1.89146,1.89208,8401,24,0
1787806800,1.89207,1.89253,1.89134,1.89212,6025,24,0
1787810400,1.89213,1.89264,1.89156,1.89167,5158,24,0
1787814000,1.89168,1.89214,1.89084,1.89096,4128,24,0
1787817600,1.89095,1.89219,1.89088,1.89187,5767,24,0
1787821200,1.89182,1.89236,1.89098,1.89160,7229,24,0
1787824800,1.89159,1.89258,1.89151,1.89209,9489,24,0
1787828400,1.89211,1.89227,1.89024,1.89047,9495,24,0
1787832000,1.89048,1.89223,1.89026,1.89175,9357,24,0
1787835600,1.89172,1.89186,1.89079,1.89081,7317,24,0
1787839200,1.89088,1.89147,1.88928,1.88930,7709,24,0
1787842800,1.88929,1.88960,1.88810,1.88851,10009,24,0
1787846400,1.88852,1.89104,1.88851,1.88990,12756,24,0
1787850000,1.88992,1.89016,1.88808,1.88860,14037,24,0
1787853600,1.88860,1.88943,1.88803,1.88935,9829,24,0
1787857200,1.88935,1.89006,1.88842,1.88864,9342,24,0
1787860800,1.88862,1.88905,1.88799,1.88813,8803,24,0
1787864400,1.88814,1.88866,1.88808,1.88843,8818,24,0
1787868000,1.88851,1.88860,1.88808,1.88830,8977,24,0
1787871600,1.88828,1.88950,1.88815,1.88888,7133,24,0
1787875200,1.88866,1.88962,1.88866,1.88911,505,37,0
1787878800,1.88912,1.88958,1.88859,1.88949,1374,24,0
1787882400,1.88948,1.89001,1.88948,1.88952,1449,24,0
1787886000,1.88950,1.88967,1.88857,1.88919,4240,24,0
1787889600,1.88918,1.88941,1.88807,1.88827,7218,24,0
1787893200,1.88827,1.88832,1.88659,1.88687,5743,24,0
1787896800,1.88688,1.88745,1.88650,1.88704,3822,24,0
1787900400,1.88705,1.88782,1.88671,1.88765,3558,24,0
1787904000,1.88766,1.88886,1.88729,1.88859,4655,24,0
1787907600,1.88856,1.88895,1.88746,1.88797,9120,24,0
1787911200,1.88804,1.88863,1.88740,1.88817,8461,24,0
1787914800,1.88815,1.88882,1.88784,1.88882,8134,24,0
1787918400,1.88878,1.88885,1.88696,1.88709,7324,24,0
1787922000,1.88706,1.88822,1.88673,1.88758,6854,24,0
1787925600,1.88756,1.88848,1.88746,1.88839,5550,24,0
1787929200,1.88839,1.88842,1.88617,1.88623,8056,24,0
1787932800,1.88623,1.88758,1.88549,1.88699,10079,24,0
1787936400,1.88664,1.89048,1.88437,1.88909,34220,24,0
1787940000,1.88909,1.89207,1.88891,1.89174,16676,24,0
1787943600,1.89174,1.89188,1.89018,1.89044,13897,24,0
1787947200,1.89043,1.89060,1.88977,1.89016,9848,24,0
1787950800,1.89018,1.89058,1.88984,1.88992,9106,24,0
1787954400,1.88989,1.89029,1.88967,1.88994,8525,24,0
1787958000,1.88992,1.89068,1.88882,1.88917,4237,24,0
1788134400,1.88976,1.89043,1.88975,1.88999,659,85,0
1788138000,1.89011,1.89064,1.88936,1.89020,3315,24,0
1788141600,1.89021,1.89119,1.88995,1.89116,5034,24,0
1788145200,1.89113,1.89165,1.89042,1.89044,9330,24,0
1788148800,1.89044,1.89123,1.88943,1.88968,10775,24,0
1788152400,1.88967,1.89077,1.88936,1.88999,9391,24,0
1788156000,1.88996,1.89003,1.88898,1.88958,6555,24,0
1788159600,1.88959,1.89030,1.88952,1.88995,5983,24,0
1788163200,1.88996,1.89069,1.88981,1.89023,7695,24,0
1788166800,1.89018,1.89137,1.88998,1.89102,8259,24,0
1788170400,1.89101,1.89216,1.89031,1.89166,8831,24,0
1788174000,1.89169,1.89239,1.89128,1.89143,9309,24,0
1788177600,1.89147,1.89192,1.89095,1.89107,7187,24,0
1788181200,1.89112,1.89202,1.89079,1.89188,7324,24,0
1788184800,1.89190,1.89201,1.89033,1.89052,9476,24,0
1788188400,1.89052,1.89184,1.88993,1.89093,11273,24,0
1788192000,1.89087,1.89138,1.89057,1.89078,13042,24,0
1788195600,1.89073,1.89245,1.88938,1.89171,16426,24,0
1788199200,1.89167,1.89260,1.89048,1.89069,11711,24,0
1788202800,1.89064,1.89090,1.89008,1.89012,8737,24,0
1788206400,1.89010,1.89113,1.89006,1.89076,9326,24,0
1788210000,1.89077,1.89120,1.89066,1.89117,15159,24,0
1788213600,1.89117,1.89129,1.89038,1.89068,10215,24,0
1788217200,1.89069,1.89112,1.89009,1.89032,9522,24,0
1788220800,1.89029,1.89103,1.89029,1.89086,1252,70,0
1788224400,1.89115,1.89131,1.89019,1.89030,2277,24,0
1788228000,1.89030,1.89035,1.88926,1.88929,3226,24,0
1788231600,1.88930,1.89009,1.88791,1.88987,8438,24,0
1788235200,1.88988,1.89043,1.88819,1.88839,9140,24,0
1788238800,1.88838,1.88890,1.88775,1.88824,7330,24,0
1788242400,1.88823,1.88954,1.88822,1.88928,6517,24,0
1788246000,1.88925,1.88955,1.88853,1.88929,5295,24,0
1788249600,1.88928,1.88966,1.88885,1.88953,6546,24,0
1788253200,1.88954,1.89048,1.88840,1.88982,13718,24,0
1788256800,1.88984,1.89202,1.88969,1.89183,13482,24,0
1788260400,1.89180,1.89579,1.89120,1.89540,14142,24,0
1788264000,1.89541,1.89706,1.89492,1.89535,11578,24,0
1788267600,1.89531,1.89558,1.89422,1.89458,10254,24,0
1788271200,1.89460,1.89491,1.89374,1.89436,10547,24,0
1788274800,1.89438,1.89498,1.89111,1.89120,13349,24,0
1788278400,1.89120,1.89376,1.89097,1.89274,14019,24,0
1788282000,1.89272,1.89340,1.89160,1.89211,16692,24,0
1788285600,1.89210,1.89226,1.88902,1.88948,13545,24,0
1788289200,1.88949,1.89132,1.88939,1.89000,12460,24,0
1788292800,1.89001,1.89090,1.88993,1.89071,9182,24,0
1788296400,1.89072,1.89109,1.89044,1.89066,6872,24,0
1788300000,1.89066,1.89148,1.89059,1.89139,6604,24,0
1788303600,1.89138,1.89178,1.89090,1.89129,2387,24,0
1788307200,1.89087,1.89173,1.88968,1.89125,685,67,0
1788310800,1.89146,1.89256,1.89083,1.89084,1968,24,0
1788314400,1.89085,1.89138,1.89070,1.89105,2504,24,0
1788318000,1.89105,1.89177,1.89055,1.89133,9123,24,0
1788321600,1.89133,1.89165,1.88767,1.88780,10612,24,0
1788325200,1.88778,1.89163,1.88757,1.89102,10699,24,0
1788328800,1.89100,1.89145,1.89004,1.89083,7682,24,0
1788332400,1.89080,1.89238,1.89075,1.89207,7821,24,0
1788336000,1.89210,1.89236,1.89018,1.89039,9850,24,0
1788339600,1.89034,1.89072,1.88929,1.88995,14072,24,0
1788343200,1.88990,1.89129,1.88923,1.89107,13844,24,0
1788346800,1.89103,1.89519,1.89063,1.89413,12503,24,0
1788350400,1.89412,1.89535,1.89300,1.89307,12022,24,0
1788354000,1.89312,1.89321,1.89023,1.89037,11040,24,0
1788357600,1.89033,1.89072,1.88707,1.88717,14399,24,0
1788361200,1.88717,1.88746,1.88485,1.88493,16856,24,0
1788364800,1.88499,1.88571,1.88308,1.88394,20297,24,0
1788368400,1.88374,1.88485,1.88291,1.88350,17482,24,0
1788372000,1.88348,1.88377,1.88217,1.88324,13807,24,0
1788375600,1.88325,1.88342,1.88237,1.88243,9867,24,0
1788379200,1.88244,1.88258,1.88106,1.88122,9463,24,0
1788382800,1.88123,1.88163,1.88105,1.88135,11916,24,0
1788386400,1.88134,1.88143,1.88068,1.88093,15862,24,0
1788390000,1.88092,1.88123,1.88066,1.88066,6978,24,0
1788393600,1.88095,1.88188,1.87991,1.87991,522,79,0
1788397200,1.88012,1.88121,1.88012,1.88103,1678,24,0
1788400800,1.88100,1.88215,1.88092,1.88197,3031,24,0
1788404400,1.88195,1.88240,1.88131,1.88212,8325,24,0
1788408000,1.88213,1.88245,1.88117,1.88129,8642,24,0
1788411600,1.88129,1.88338,1.88119,1.88335,9294,24,0
1788415200,1.88335,1.88364,1.88181,1.88202,8345,24,0
1788418800,1.88204,1.88247,1.88155,1.88235,5793,24,0
1788422400,1.88233,1.88504,1.88223,1.88332,8482,24,0
1788426000,1.88330,1.88366,1.88211,1.88297,11494,24,0
1788429600,1.88300,1.88310,1.88110,1.88175,13645,24,0
1788433200,1.88176,1.88188,1.87858,1.87967,12296,24,0
1788436800,1.87968,1.87975,1.87736,1.87863,10810,24,0
1788440400,1.87863,1.87894,1.87641,1.87664,10069,24,0
1788444000,1.87667,1.87709,1.87519,1.87617,11058,24,0
1788447600,1.87619,1.87765,1.87486,1.87617,16484,24,0
1788451200,1.87618,1.87936,1.87540,1.87846,16779,24,0
1788454800,1.87851,1.88033,1.87791,1.87938,17340,24,0
1788458400,1.87938,1.88156,1.87901,1.87985,16356,24,0
1788462000,1.87985,1.88034,1.87954,1.87966,16821,24,0
1788465600,1.87966,1.87995,1.87883,1.87909,24856,24,0
1788469200,1.87908,1.87918,1.87852,1.87866,36694,24,0
1788472800,1.87864,1.87911,1.87753,1.87772,24334,24,0
1788476400,1.87771,1.87838,1.87771,1.87811,8958,24,0
1788480000,1.87783,1.87891,1.87741,1.87839,5745,73,0
1788483600,1.87834,1.87854,1.87788,1.87827,2003,24,0
1788487200,1.87828,1.87879,1.87809,1.87877,3251,24,0
1788490800,1.87874,1.87892,1.87752,1.87766,9150,24,0
1788494400,1.87767,1.87819,1.87571,1.87619,9954,24,0
1788498000,1.87620,1.87750,1.87618,1.87706,6917,24,0
1788501600,1.87703,1.87771,1.87681,1.87685,7109,24,0
1788505200,1.87689,1.87696,1.87583,1.87671,5659,24,0
1788508800,1.87671,1.87755,1.87658,1.87732,5718,24,0
1788512400,1.87730,1.87973,1.87730,1.87953,10034,24,0
1788516000,1.87955,1.88089,1.87936,1.87941,9652,24,0
1788519600,1.87942,1.88047,1.87859,1.87925,9067,24,0
1788523200,1.87927,1.87934,1.87810,1.87813,8818,24,0
1788526800,1.87813,1.87924,1.87784,1.87923,8046,24,0
1788530400,1.87925,1.87969,1.87833,1.87841,10217,24,0
1788534000,1.87838,1.88112,1.87597,1.87713,27330,24,0
1788537600,1.87715,1.87810,1.87502,1.87597,17768,24,0
1788541200,1.87597,1.87695,1.87564,1.87604,16999,24,0
1788544800,1.87605,1.87631,1.87504,1.87561,19744,24,0
1788548400,1.87563,1.87564,1.87470,1.87495,29112,24,0
1788552000,1.87503,1.87595,1.87468,1.87590,37615,24,0
1788555600,1.87590,1.87614,1.87572,1.87582,62248,24,0
1788559200,1.87579,1.87607,1.87552,1.87564,59146,24,0
1788562800,1.87565,1.87615,1.87529,1.87575,25931,24,0
1788739200,1.87783,1.87785,1.87579,1.87646,5807,105,0
1788742800,1.87645,1.87688,1.87549,1.87579,1816,24,0
1788746400,1.87578,1.87578,1.87530,1.87556,2273,24,0
1788750000,1.87556,1.87632,1.87494,1.87568,7839,24,0
1788753600,1.87566,1.87619,1.87505,1.87587,8334,24,0
1788757200,1.87586,1.87639,1.87567,1.87601,6031,24,0
1788760800,1.87599,1.87648,1.87514,1.87524,4919,24,0
1788764400,1.87525,1.87585,1.87506,1.87517,3947,24,0
1788768000,1.87514,1.87539,1.87456,1.87497,5358,24,0
1788771600,1.87499,1.87547,1.87424,1.87475,7504,24,0
1788775200,1.87471,1.87486,1.87298,1.87360,8755,24,0
1788778800,1.87357,1.87543,1.87339,1.87497,10170,24,0
1788782400,1.87498,1.87560,1.87443,1.87535,6029,24,0
1788786000,1.87533,1.87547,1.87489,1.87540,5656,24,0
1788789600,1.87537,1.87613,1.87516,1.87572,5933,24,0
1788793200,1.87572,1.87630,1.87514,1.87600,6465,24,0
1788796800,1.87601,1.87619,1.87470,1.87474,5604,24,0
1788800400,1.87475,1.87628,1.87444,1.87617,8933,24,0
1788804000,1.87619,1.87621,1.87553,1.87579,6618,24,0
1788807600,1.87578,1.87638,1.87567,1.87610,2321,24,0
1788811200,1.87608,1.87610,1.87582,1.87597,1535,24,0
1788814800,1.87597,1.87608,1.87581,1.87596,3318,24,0
1788818400,1.87592,1.87621,1.87577,1.87578,8009,24,0
1788822000,1.87579,1.87592,1.87554,1.87566,2493,24,0
1788825600,1.87579,1.87621,1.87515,1.87588,383,55,0
1788829200,1.87567,1.87604,1.87547,1.87593,1996,24,0
1788832800,1.87594,1.87636,1.87536,1.87575,3712,24,0
1788836400,1.87574,1.87678,1.87562,1.87629,8498,24,0
1788840000,1.87632,1.87753,1.87614,1.87739,8573,24,0
1788843600,1.87739,1.87838,1.87687,1.87715,8118,24,0
1788847200,1.87716,1.87789,1.87592,1.87613,5930,24,0
1788850800,1.87610,1.87681,1.87545,1.87603,5344,24,0
1788854400,1.87602,1.87670,1.87572,1.87628,7468,24,0
1788858000,1.87627,1.87755,1.87627,1.87703,10051,24,0
1788861600,1.87705,1.87719,1.87566,1.87598,9426,24,0
1788865200,1.87597,1.87697,1.87560,1.87589,11018,24,0
1788868800,1.87589,1.87715,1.87530,1.87563,9425,24,0
1788872400,1.87561,1.87607,1.87511,1.87553,8208,24,0
1788876000,1.87552,1.87760,1.87475,1.87744,9233,24,0
1788879600,1.87745,1.87797,1.87612,1.87621,10724,24,0
1788883200,1.87622,1.87668,1.87523,1.87558,10757,24,0
1788886800,1.87559,1.87657,1.87426,1.87610,10132,24,0
1788890400,1.87608,1.87637,1.87516,1.87594,8033,24,0
1788894000,1.87595,1.87637,1.87430,1.87519,6898,24,0
1788897600,1.87520,1.87523,1.87455,1.87489,4678,24,0
1788901200,1.87487,1.87553,1.87448,1.87552,6938,24,0
1788904800,1.87542,1.87632,1.87531,1.87598,6784,24,0
1788908400,1.87597,1.87649,1.87565,1.87596,2536,24,0
1788912000,1.87521,1.87521,1.87364,1.87413,401,76,0
1788915600,1.87418,1.87590,1.87418,1.87563,1729,24,0
1788919200,1.87565,1.87598,1.87512,1.87548,2587,24,0
1788922800,1.87546,1.87546,1.87436,1.87474,6893,24,0
1788926400,1.87473,1.87583,1.87453,1.87524,7090,24,0
1788930000,1.87521,1.87552,1.87459,1.87507,5281,24,0
1788933600,1.87508,1.87554,1.87451,1.87508,4617,24,0
1788937200,1.87510,1.87543,1.87403,1.87405,3905,24,0
1788940800,1.87403,1.87457,1.87373,1.87422,5772,24,0
1788944400,1.87423,1.87535,1.87320,1.87479,8729,24,0
1788948000,1.87478,1.87493,1.87377,1.87471,8660,24,0
1788951600,1.87471,1.87519,1.87409,1.87460,7925,24,0
1788955200,1.87460,1.87633,1.87448,1.87534,7720,24,0
1788958800,1.87529,1.87692,1.87524,1.87619,8689,24,0
1788962400,1.87620,1.87872,1.87584,1.87766,9376,24,0
1788966000,1.87767,1.87818,1.87556,1.87586,9533,24,0
1788969600,1.87588,1.87624,1.87391,1.87589,11880,24,0
1788973200,1.87591,1.87659,1.87517,1.87546,12612,24,0
1788976800,1.87549,1.87745,1.87535,1.87679,17183,24,0
1788980400,1.87680,1.87751,1.87646,1.87675,10568,24,0
1788984000,1.87676,1.87783,1.87670,1.87723,7897,24,0
1788987600,1.87722,1.87731,1.87658,1.87671,7034,24,0
1788991200,1.87670,1.87700,1.87642,1.87683,13239,24,0
1788994800,1.87684,1.87711,1.87654,1.87655,4780,24,0
1788998400,1.87602,1.87734,1.87552,1.87726,2497,83,0
1789002000,1.87714,1.87747,1.87638,1.87732,1685,24,0
1789005600,1.87733,1.87744,1.87593,1.87610,2403,24,0
1789009200,1.87610,1.87749,1.87566,1.87749,7096,24,0
1789012800,1.87748,1.87934,1.87738,1.87809,7645,24,0
1789016400,1.87809,1.87848,1.87736,1.87745,5223,24,0
1789020000,1.87742,1.87807,1.87685,1.87772,3825,24,0
1789023600,1.87772,1.87773,1.87693,1.87737,3891,24,0
1789027200,1.87739,1.87795,1.87708,1.87758,6005,24,0
1789030800,1.87756,1.87933,1.87754,1.87876,7302,24,0
1789034400,1.87877,1.87899,1.87815,1.87842,6520,24,0
1789038000,1.87843,1.87969,1.87793,1.87957,6979,24,0
1789041600,1.87958,1.87972,1.87845,1.87879,7976,24,0
1789045200,1.87878,1.88040,1.87875,1.88033,9563,24,0
1789048800,1.88030,1.88135,1.87981,1.88118,9674,24,0
1789052400,1.88119,1.88576,1.88080,1.88558,20763,24,0
1789056000,1.88555,1.88743,1.88432,1.88585,17887,24,0
1789059600,1.88605,1.88746,1.88474,1.88722,18483,24,0
1789063200,1.88722,1.88783,1.88615,1.88706,18242,24,0
1789066800,1.88706,1.88795,1.88665,1.88694,22954,24,0
1789070400,1.88693,1.88827,1.88595,1.88707,22719,24,0
1789074000,1.88708,1.88762,1.88667,1.88719,32103,24,0
1789077600,1.88721,1.88794,1.88686,1.88690,31988,24,0
1789081200,1.88690,1.88794,1.88673,1.88751,12231,24,0
1789084800,1.88714,1.88737,1.88611,1.88716,933,76,0
1789088400,1.88724,1.88788,1.88692,1.88702,3382,24,0
1789092000,1.88703,1.88778,1.88625,1.88764,4354,24,0
1789095600,1.88764,1.88767,1.88580,1.88610,8992,24,0
1789099200,1.88611,1.88725,1.88583,1.88642,9839,24,0
1789102800,1.88640,1.88736,1.88640,1.88713,8661,24,0
1789106400,1.88712,1.88743,1.88675,1.88684,8268,24,0
1789110000,1.88683,1.88724,1.88520,1.88553,7910,24,0
1789113600,1.88552,1.88578,1.88373,1.88417,8179,24,0
1789117200,1.88437,1.88584,1.88411,1.88529,9890,24,0
1789120800,1.88530,1.88563,1.88404,1.88455,8884,24,0
1789124400,1.88455,1.88609,1.88401,1.88421,10027,24,0
1789128000,1.88421,1.88512,1.88330,1.88404,8247,24,0
1789131600,1.88409,1.88439,1.88275,1.88373,7876,24,0
1789135200,1.88373,1.88396,1.88175,1.88235,8351,24,0
1789138800,1.88233,1.88570,1.88166,1.88198,20125,24,0
1789142400,1.88199,1.88454,1.88184,1.88389,17147,24,0
1789146000,1.88388,1.88626,1.88345,1.88597,15649,24,0
1789149600,1.88603,1.88690,1.88417,1.88469,11778,24,0
1789153200,1.88470,1.88482,1.88383,1.88449,9550,24,0
1789156800,1.88446,1.88514,1.88411,1.88477,7738,24,0
1789160400,1.88475,1.88573,1.88468,1.88538,7413,24,0
1789164000,1.88537,1.88579,1.88520,1.88574,6640,24,0
1789167600,1.88572,1.88684,1.88569,1.88613,2835,24,0
1789344000,1.88731,1.88780,1.88627,1.88732,6508,79,0
1789347600,1.88736,1.88913,1.88696,1.88868,4783,24,0
1789351200,1.88866,1.89125,1.88798,1.89116,5383,24,0
1789354800,1.89114,1.89229,1.89086,1.89114,8501,24,0
1789358400,1.89113,1.89259,1.89032,1.89045,8313,24,0
1789362000,1.89045,1.89099,1.88806,1.88917,6117,24,0
1789365600,1.88917,1.88948,1.88840,1.88929,6181,24,0
1789369200,1.88931,1.88946,1.88808,1.88828,4683,24,0
1789372800,1.88828,1.88986,1.88822,1.88925,5977,24,0
1789376400,1.88926,1.89042,1.88860,1.89008,9365,24,0
1789380000,1.89009,1.89058,1.88920,1.89032,9090,24,0
1789383600,1.89033,1.89161,1.88966,1.89110,9001,24,0
1789387200,1.89109,1.89280,1.89062,1.89233,9339,24,0
1789390800,1.89227,1.89227,1.89031,1.89169,7351,24,0
1789394400,1.89170,1.89233,1.89137,1.89217,7762,24,0
1789398000,1.89216,1.89439,1.89162,1.89324,11543,24,0
1789401600,1.89328,1.89498,1.89291,1.89334,12230,24,0
1789405200,1.89333,1.89422,1.89052,1.89063,15910,24,0
1789408800,1.89062,1.89117,1.88859,1.88968,15389,24,0
1789412400,1.88969,1.89004,1.88889,1.88961,11290,24,0
1789416000,1.88960,1.89103,1.88956,1.89091,6031,24,0
1789419600,1.89090,1.89108,1.89056,1.89084,6210,24,0
1789423200,1.89085,1.89138,1.89058,1.89070,6155,24,0
1789426800,1.89069,1.89088,1.89048,1.89064,2781,24,0
1789430400,1.89067,1.89153,1.89019,1.89094,732,75,0
1789434000,1.89107,1.89119,1.89022,1.89115,1537,24,0
1789437600,1.89116,1.89164,1.89108,1.89134,2971,24,0
1789441200,1.89133,1.89250,1.89133,1.89178,8441,24,0
1789444800,1.89179,1.89238,1.89055,1.89067,8564,24,0
1789448400,1.89066,1.89163,1.89058,1.89104,6306,24,0
1789452000,1.89103,1.89316,1.89076,1.89311,7022,24,0
1789455600,1.89310,1.89440,1.89307,1.89342,6194,24,0
1789459200,1.89342,1.89427,1.89266,1.89293,6976,24,0
1789462800,1.89288,1.89336,1.89092,1.89182,8474,24,0
1789466400,1.89183,1.89242,1.89105,1.89138,8781,24,0
1789470000,1.89139,1.89210,1.89011,1.89063,10246,24,0
1789473600,1.89065,1.89119,1.89008,1.89061,8061,24,0
1789477200,1.89059,1.89126,1.89024,1.89050,7377,24,0
1789480800,1.89049,1.89167,1.89031,1.89136,7899,24,0
1789484400,1.89139,1.89238,1.89091,1.89135,10128,24,0
1789488000,1.89137,1.89249,1.89075,1.89141,11265,24,0
1789491600,1.89142,1.89317,1.89109,1.89183,13223,24,0
1789495200,1.89185,1.89238,1.89016,1.89081,11884,24,0
1789498800,1.89081,1.89109,1.88954,1.88999,7216,24,0
1789502400,1.88999,1.89027,1.88949,1.88990,7394,24,0
1789506000,1.88990,1.89028,1.88922,1.89011,7840,24,0
1789509600,1.89010,1.89012,1.88932,1.88943,8861,24,0
1789513200,1.88944,1.88969,1.88923,1.88947,3031,24,0
1789516800,1.88908,1.88954,1.88864,1.88870,586,71,0
1789520400,1.88898,1.89019,1.88889,1.89004,1577,24,0
1789524000,1.89005,1.89067,1.88996,1.89039,2912,24,0
1789527600,1.89042,1.89127,1.88951,1.88978,6917,24,0
1789531200,1.88979,1.89108,1.88910,1.89104,6335,24,0
1789534800,1.89105,1.89157,1.89048,1.89112,5965,24,0
1789538400,1.89109,1.89223,1.89086,1.89202,5256,24,0
1789542000,1.89200,1.89201,1.89115,1.89131,4133,24,0
1789545600,1.89130,1.89158,1.89074,1.89095,5329,24,0
1789549200,1.89060,1.89148,1.88920,1.89008,7906,24,0
1789552800,1.89006,1.89024,1.88891,1.88939,8088,24,0
1789556400,1.88939,1.89040,1.88899,1.88910,7628,24,0
1789560000,1.88905,1.88962,1.88857,1.88885,7070,24,0
1789563600,1.88883,1.88913,1.88791,1.88887,5851,24,0
1789567200,1.88872,1.88903,1.88603,1.88669,8856,24,0
1789570800,1.88668,1.88750,1.88505,1.88699,8377,24,0
1789574400,1.88698,1.88818,1.88693,1.88697,9208,24,0
1789578000,1.88686,1.88770,1.88579,1.88655,9305,24,0
1789581600,1.88660,1.88662,1.88464,1.88518,9745,24,0
1789585200,1.88517,1.88564,1.88457,1.88543,5243,24,0
1789588800,1.88548,1.88579,1.88466,1.88487,7132,24,0
1789592400,1.88462,1.88886,1.88387,1.88746,28282,24,0
1789596000,1.88747,1.89021,1.88632,1.88786,15640,24,0
1789599600,1.88789,1.88829,1.88719,1.88747,4452,24,0
1789603200,1.88708,1.88858,1.88686,1.88719,498,43,0
1789606800,1.88718,1.88826,1.88717,1.88786,2912,24,0
1789610400,1.88785,1.88820,1.88690,1.88785,4053,24,0
1789614000,1.88783,1.88834,1.88577,1.88645,8003,24,0
1789617600,1.88646,1.88659,1.88455,1.88470,7868,24,0
1789621200,1.88470,1.88504,1.88327,1.88334,6947,24,0
1789624800,1.88337,1.88367,1.88197,1.88224,5783,24,0
1789628400,1.88223,1.88253,1.88180,1.88216,4534,24,0
1789632000,1.88217,1.88257,1.88097,1.88244,6328,24,0
1789635600,1.88242,1.88291,1.88029,1.88261,8177,24,0
1789639200,1.88263,1.88285,1.88083,1.88106,8192,24,0
1789642800,1.88105,1.88323,1.88104,1.88300,7304,24,0
1789646400,1.88301,1.88377,1.88233,1.88376,6964,24,0
1789650000,1.88376,1.88588,1.88373,1.88506,7463,24,0
1789653600,1.88504,1.88539,1.87815,1.88016,14987,24,0
1789657200,1.88015,1.88099,1.87915,1.87987,13333,24,0
1789660800,1.87985,1.88070,1.87855,1.87938,13580,24,0
1789664400,1.87939,1.87972,1.87543,1.87732,13359,24,0
1789668000,1.87731,1.87780,1.87536,1.87606,10285,24,0
1789671600,1.87607,1.87681,1.87557,1.87661,6807,24,0
1789675200,1.87661,1.87717,1.87623,1.87671,5730,24,0
1789678800,1.87672,1.87812,1.87668,1.87799,6563,24,0
1789682400,1.87797,1.87858,1.87777,1.87853,6670,24,0
1789686000,1.87854,1.87880,1.87784,1.87814,4399,24,0
1789689600,1.87784,1.87890,1.87660,1.87804,687,45,0
1789693200,1.87808,1.87912,1.87780,1.87902,1443,24,0
1789696800,1.87902,1.87906,1.87676,1.87710,2430,24,0
1789700400,1.87712,1.87831,1.87662,1.87704,7161,24,0
1789704000,1.87701,1.87828,1.87701,1.87710,7823,24,0
1789707600,1.87709,1.87718,1.87628,1.87645,6472,24,0
1789711200,1.87644,1.87646,1.87403,1.87421,6987,24,0
1789714800,1.87421,1.87549,1.87404,1.87521,4910,24,0
1789718400,1.87519,1.87622,1.87510,1.87560,5755,24,0
1789722000,1.87555,1.87742,1.87535,1.87554,8965,24,0
1789725600,1.87553,1.87680,1.87536,1.87626,8728,24,0
1789729200,1.87631,1.87654,1.87524,1.87614,7597,24,0
1789732800,1.87610,1.87659,1.87536,1.87644,6569,24,0
1789736400,1.87643,1.87650,1.87371,1.87423,6673,24,0
1789740000,1.87419,1.87490,1.87327,1.87378,9567,24,0
1789743600,1.87378,1.87630,1.87349,1.87569,10679,24,0
1789747200,1.87570,1.87659,1.87479,1.87607,10153,24,0
1789750800,1.87606,1.87997,1.87576,1.87945,15593,24,0
1789754400,1.87944,1.88148,1.87903,1.88031,12991,24,0
1789758000,1.88034,1.88083,1.87837,1.87895,13284,24,0
1789761600,1.87896,1.88002,1.87851,1.87931,13600,24,0
1789765200,1.87930,1.87937,1.87868,1.87895,16515,24,0
1789768800,1.87898,1.87988,1.87895,1.87945,23641,24,0
1789772400,1.87944,1.88025,1.87924,1.87948,11735,24,0
1789948800,1.88143,1.88159,1.87851,1.87882,4008,77,0
1789952400,1.87899,1.88020,1.87899,1.87953,2348,24,0
1789956000,1.87954,1.88022,1.87950,1.87997,2162,24,0
1789959600,1.87995,1.88013,1.87810,1.87854,6667,24,0
1789963200,1.87855,1.87989,1.87851,1.87929,7210,24,0
1789966800,1.87928,1.87963,1.87885,1.87896,4730,24,0
1789970400,1.87895,1.87908,1.87762,1.87772,4256,24,0
1789974000,1.87773,1.87774,1.87625,1.87688,4055,24,0
1789977600,1.87686,1.87808,1.87682,1.87778,4443,24,0
1789981200,1.87782,1.87785,1.87633,1.87651,6226,24,0
1789984800,1.87651,1.87749,1.87609,1.87734,6921,24,0
1789988400,1.87736,1.87741,1.87631,1.87689,6402,24,0
1789992000,1.87689,1.87784,1.87675,1.87754,5140,24,0
1789995600,1.87755,1.87767,1.87648,1.87663,5090,24,0
1789999200,1.87661,1.87718,1.87615,1.87659,6189,24,0
1790002800,1.87657,1.87709,1.87583,1.87652,7712,24,0
1790006400,1.87651,1.87760,1.87632,1.87680,8684,24,0
1790010000,1.87680,1.87736,1.87643,1.87668,10130,24,0
1790013600,1.87669,1.87758,1.87636,1.87715,6545,24,0
1790017200,1.87714,1.87723,1.87616,1.87662,5162,24,0
1790020800,1.87661,1.87713,1.87646,1.87700,3641,24,0
1790024400,1.87700,1.87727,1.87684,1.87690,3931,24,0
1790028000,1.87691,1.87773,1.87682,1.87751,5391,24,0
1790031600,1.87751,1.87806,1.87745,1.87771,1696,24,0
1790121600,1.87475,1.87528,1.87403,1.87414,431,78,0
1790125200,1.87428,1.87513,1.87421,1.87501,460,24,0
