time,open,high,low,close,tick_volume,spread,real_volume
1336014000,62.665,62.705,62.580,62.665,251,0,0
1336100400,62.830,63.185,61.650,61.765,2006,0,0
1336359600,60.075,63.190,60.075,62.865,3441,0,0
1336446000,63.050,63.050,60.080,60.405,3296,0,0
1336532400,60.895,61.490,60.225,61.360,2066,0,0
1336618800,61.460,62.465,60.385,61.495,4126,0,0
1336705200,60.415,61.230,59.970,61.065,1871,0,0
1336964400,60.680,61.230,59.665,60.255,2706,0,0
1337050800,60.570,61.700,60.185,61.095,2506,0,0
1337137200,60.390,61.490,60.140,61.115,1976,0,0
1337223600,61.045,61.415,60.105,60.645,2221,0,0
1337310000,60.015,60.435,58.910,59.115,2151,0,0
1337569200,59.475,60.930,59.120,60.905,2191,0,0
1337655600,61.170,61.630,60.585,61.320,1941,0,0
1337742000,60.095,60.775,58.780,59.425,3321,0,0
1337828400,60.515,60.600,58.850,59.015,2001,0,0
1337914800,58.745,59.360,58.300,59.265,1601,0,0
1338174000,59.495,60.145,59.395,59.670,1326,0,0
1338260400,59.805,60.965,59.695,60.650,1696,0,0
1338346800,60.380,60.820,59.630,59.735,1736,0,0
1339038000,58.840,59.265,58.720,58.770,1021,0,0
1339124400,57.995,58.725,57.420,58.145,2461,0,0
1339383600,59.455,59.995,57.825,57.825,2711,0,0
1339470000,57.970,58.100,56.975,57.800,2081,0,0
1339556400,58.080,58.450,56.795,57.370,2601,0,0
1339642800,57.045,57.045,55.400,56.420,2666,0,0
1339729200,56.850,58.005,56.660,57.835,1706,0,0
1339988400,58.710,58.965,57.570,57.830,1911,0,0
1340074800,57.905,59.245,57.675,59.010,2036,0,0
1340161200,59.235,59.235,57.935,58.965,2331,0,0
1340247600,58.730,58.815,57.930,57.980,1021,0,0
1340334000,57.320,57.640,56.855,56.945,1196,0,0
1340593200,56.965,57.235,56.145,56.335,1551,0,0
1340679600,56.530,56.765,55.715,56.195,1766,0,0
1340766000,56.625,57.445,56.005,57.325,2181,0,0
1340852400,57.630,57.660,56.125,56.345,1786,0,0
1340938800,55.405,56.495,54.940,56.475,2041,0,0
1341198000,55.820,57.690,55.675,57.260,2591,0,0
1341284400,57.690,58.050,57.265,58.050,1211,0,0
1341370800,58.255,58.590,57.820,58.530,1266,0,0
1341457200,58.450,59.195,58.410,58.965,1056,0,0
1341543600,58.995,59.050,57.290,57.630,2156,0,0
1341802800,57.525,57.820,57.010,57.375,1471,0,0
1341889200,57.765,59.085,57.195,58.335,3211,0,0
1341975600,57.815,57.975,56.910,57.215,1531,0,0
1342062000,56.925,57.070,55.975,56.415,1681,0,0
1342148400,56.760,57.910,56.585,57.835,1576,0,0
1342407600,57.805,57.820,56.880,57.680,1756,0,0
1342494000,57.980,58.570,57.915,58.100,1191,0,0
1342580400,57.300,58.390,56.850,58.305,2076,0,0
1342666800,58.075,60.225,58.030,60.130,2336,0,0
1342753200,60.045,60.925,59.635,59.865,2401,0,0
1343012400,59.105,59.725,57.705,58.420,3356,0,0
1343098800,58.450,59.440,58.350,58.995,1636,0,0
1343185200,58.785,59.600,58.540,58.885,2021,0,0
1343271600,58.975,60.575,58.370,60.295,3091,0,0
1343358000,60.305,60.440,59.595,60.005,1391,0,0
1343617200,61.240,62.040,61.045,61.585,1646,0,0
1343703600,61.725,61.955,60.870,61.040,1486,0,0
1343790000,61.135,61.470,60.665,60.915,1391,0,0
1343876400,60.635,61.590,58.840,59.180,4046,0,0
1343962800,59.650,61.275,59.245,61.075,2636,0,0
1344222000,61.100,61.915,60.860,61.590,1621,0,0
1344308400,61.480,62.155,61.200,61.435,1866,0,0
1344394800,61.345,61.640,60.660,61.550,1756,0,0
1344481200,61.710,61.855,60.870,61.240,1501,0,0
1344567600,60.910,61.660,60.615,61.495,1506,0,0
1344826800,61.395,61.595,60.940,61.240,1156,0,0
1344913200,61.815,62.105,61.630,61.925,841,0,0
1344999600,61.560,62.495,61.450,62.205,1446,0,0
1345086000,62.080,62.550,62.055,62.455,616,0,0
1345172400,62.660,63.170,62.285,62.895,1536,0,0
1345431600,62.990,63.510,62.795,63.005,1416,0,0
1345518000,62.955,63.295,62.745,63.135,921,0,0
1345604400,62.960,62.975,61.435,61.835,1956,0,0
1345690800,61.610,62.790,61.610,61.840,2131,0,0
1345777200,61.810,62.795,61.320,62.065,2696,0,0
1346036400,62.045,62.460,61.720,62.410,1116,0,0
1346122800,62.240,62.360,61.640,62.175,1376,0,0
1346209200,62.165,62.660,61.675,62.270,1866,0,0
1346295600,62.285,62.285,61.100,61.480,1566,0,0
1346382000,61.585,62.770,61.325,62.225,2251,0,0
1346641200,61.940,64.055,61.885,63.110,3171,0,0
1346727600,63.045,63.205,62.195,62.195,1171,0,0
1346814000,62.305,63.365,62.260,63.210,1306,0,0
1346900400,63.685,64.505,63.325,64.155,1891,0,0
1346986800,64.640,64.640,63.470,64.055,1756,0,0
1347246000,64.160,64.610,63.870,64.065,1386,0,0
1347332400,63.090,63.790,62.515,63.675,1966,0,0
1347418800,63.885,64.555,63.080,63.445,2511,0,0
1347505200,63.180,63.630,62.770,63.270,1631,0,0
1347591600,64.120,64.415,63.555,64.365,1476,0,0
1347850800,64.470,64.680,63.725,63.890,1331,0,0
1347937200,63.905,64.970,63.595,64.935,1721,0,0
1348023600,64.925,65.775,64.335,65.520,2286,0,0
1348110000,64.925,65.605,64.755,65.460,1166,0,0
1348196400,65.065,65.635,63.610,65.335,3781,0,0
1348455600,64.910,65.215,64.590,64.670,1011,0,0
1348542000,64.685,65.865,64.385,65.810,1836,0,0
1348628400,64.750,65.005,64.345,64.825,1246,0,0
1348714800,65.205,65.240,64.180,64.355,1271,0,0
1348801200,64.460,64.675,63.750,63.925,1316,0,0
1349060400,64.165,65.775,64.135,65.495,1951,0,0
1349146800,65.270,65.650,64.745,64.815,1356,0,0
1349233200,64.470,64.745,63.890,64.490,1691,0,0
1349319600,65.085,65.685,64.500,65.345,2111,0,0
1349406000,66.055,67.155,65.525,67.030,2286,0,0
1349665200,66.520,66.595,65.930,66.115,926,0,0
1349751600,66.460,66.465,65.410,65.890,1541,0,0
1349838000,65.925,66.140,65.505,65.640,986,0,0
1349924400,65.730,67.260,65.620,66.525,2486,0,0
1350010800,66.370,66.860,66.055,66.580,1401,0,0
1350270000,66.575,67.230,66.575,66.985,901,0,0
1350356400,67.110,67.940,66.675,67.935,1706,0,0
1350442800,67.880,68.375,67.630,68.105,1266,0,0
1350529200,67.955,68.030,67.135,67.530,1366,0,0
1350615600,67.320,67.730,66.575,66.630,1621,0,0
1350874800,66.990,66.995,66.570,66.665,526,0,0
1350961200,66.645,66.650,64.510,64.605,2241,0,0
1351047600,64.855,65.005,64.215,64.760,1486,0,0
1351134000,64.640,65.960,64.545,65.145,2326,0,0
1351220400,64.735,65.685,64.495,64.935,2181,0,0
1351476000,64.970,66.255,64.745,66.130,1861,0,0
1351562400,66.125,66.345,66.000,66.005,571,0,0
1351648800,66.055,66.675,65.775,65.775,1521,0,0
1351735200,65.575,66.745,65.575,66.450,1466,0,0
1351821600,66.650,66.915,66.075,66.695,1636,0,0
1352080800,66.435,66.875,65.910,66.160,1656,0,0
1352167200,66.365,66.445,65.950,66.125,751,0,0
1352253600,66.145,66.680,65.110,65.185,2181,0,0
1352340000,63.510,65.340,62.725,64.320,4421,0,0
1352426400,64.190,64.580,63.395,64.130,2311,0,0
1352685600,64.215,64.800,63.990,64.390,1446,0,0
1352772000,63.945,64.605,63.570,64.390,1626,0,0
1352858400,63.790,64.220,63.515,63.690,1311,0,0
1352944800,63.185,63.600,62.770,63.150,1626,0,0
1353031200,63.030,63.530,62.575,62.640,1521,0,0
1353290400,63.010,64.965,62.880,64.820,2361,0,0
1353376800,64.500,65.300,64.355,65.210,1181,0,0
1353463200,65.110,65.440,64.515,64.935,1676,0,0
1353549600,65.305,65.675,64.870,65.570,1346,0,0
1353636000,65.595,66.165,65.185,66.095,1461,0,0
1353895200,66.095,66.455,65.405,66.265,1931,0,0
1353981600,66.405,66.730,66.130,66.565,1041,0,0
1354068000,66.430,66.890,66.170,66.845,1026,0,0
1354154400,66.990,67.310,66.775,67.170,891,0,0
1354500000,67.635,67.995,67.175,67.345,1351,0,0
1354586400,67.410,67.565,67.065,67.140,731,0,0
1354672800,67.590,67.605,66.575,67.235,1706,0,0
1354759200,66.245,67.590,66.210,67.365,1641,0,0
1354845600,67.360,67.590,67.035,67.560,911,0,0
1355104800,67.285,68.425,67.175,68.425,1361,0,0
1355191200,68.580,68.695,67.980,68.175,1026,0,0
1355277600,68.100,69.210,67.985,69.145,1406,0,0
1355364000,69.230,69.240,67.415,67.605,2026,0,0
1355709600,68.035,68.830,67.900,68.005,1831,0,0
1355796000,68.555,68.615,66.945,67.540,2326,0,0
1355882400,67.980,67.995,67.490,67.560,591,0,0
1355968800,67.405,67.470,66.970,67.230,826,0,0
1356055200,67.215,68.305,67.150,67.430,2096,0,0
1356573600,67.115,67.345,66.715,67.225,1151,0,0
1357092000,68.300,68.300,66.730,67.515,2356,0,0
1357178400,67.535,67.720,67.000,67.160,1066,0,0
1357264800,67.125,67.130,66.395,66.590,936,0,0
1357524000,66.715,66.825,66.055,66.190,1016,0,0
1357610400,66.125,66.715,66.060,66.375,1061,0,0
1357696800,66.555,67.335,66.160,67.280,1626,0,0
1357783200,67.255,67.550,66.975,67.205,1101,0,0
1357869600,67.540,67.540,66.905,67.030,761,0,0
1358128800,67.435,68.630,67.430,68.270,1566,0,0
1358215200,68.240,68.985,67.775,68.120,2301,0,0
1358301600,68.220,70.140,68.210,70.020,2061,0,0
1358388000,69.945,71.000,69.710,70.840,1686,0,0
1358474400,71.175,71.275,70.735,70.750,656,0,0
1358733600,70.370,70.670,69.280,69.895,2306,0,0
1358820000,69.915,70.450,69.430,69.680,1806,0,0
1358906400,69.685,70.320,69.525,70.150,1126,0,0
1358992800,70.185,70.450,69.530,69.565,1221,0,0
1359079200,70.030,70.195,69.925,70.045,526,0,0
1359338400,70.390,70.830,69.690,69.780,1671,0,0
1359424800,69.905,70.260,69.565,70.065,1231,0,0
1359511200,70.035,70.170,69.145,69.160,1176,0,0
1359597600,69.035,69.205,68.025,68.505,1831,0,0
1359684000,68.575,70.790,68.370,70.560,2856,0,0
1359943200,70.485,70.560,68.080,68.180,2656,0,0
1360029600,68.015,68.480,67.090,67.740,2506,0,0
1360116000,67.860,68.020,66.750,67.205,1886,0,0
1360202400,66.990,67.275,66.505,67.125,1406,0,0
1360288800,67.285,68.745,67.285,68.600,1606,0,0
1360548000,68.935,69.220,68.485,68.815,1351,0,0
1360634400,68.860,69.045,68.395,68.910,1251,0,0
1360720800,69.085,69.705,68.530,69.525,1911,0,0
1360807200,69.500,69.635,68.465,69.240,2081,0,0
1361152800,70.055,71.825,69.900,71.650,2256,0,0
1361239200,71.760,72.025,71.295,71.710,1411,0,0
1361325600,71.660,72.710,71.425,72.355,1876,0,0
1361412000,71.750,71.815,70.330,70.720,1941,0,0
1361498400,71.075,71.150,70.040,70.255,1401,0,0
1361757600,69.980,71.160,69.640,70.700,2321,0,0
1361844000,68.595,69.690,68.100,69.085,2691,0,0
1361930400,69.515,69.540,68.490,69.450,2036,0,0
1362016800,69.715,70.555,69.410,69.880,2126,0,0
1362362400,70.270,70.560,69.890,70.245,1316,0,0
1362448800,70.645,71.965,70.615,71.735,1611,0,0
1362535200,71.795,72.635,71.315,71.750,2596,0,0
1362621600,71.350,76.930,71.020,76.550,6621,0,0
1362708000,76.580,77.915,75.175,76.155,5056,0,0
1362967200,76.795,77.910,76.040,77.865,2671,0,0
1363053600,77.580,78.515,77.145,78.235,2086,0,0
1363140000,78.030,79.375,77.090,79.005,3596,0,0
1363226400,79.410,80.195,78.700,78.875,2456,0,0
1363572000,79.130,80.310,78.770,80.180,2031,0,0
1363658400,80.510,80.510,79.350,79.710,1521,0,0
1363744800,80.130,80.130,78.830,78.840,1311,0,0
1363831200,78.855,79.260,78.135,78.225,1621,0,0
1363917600,78.945,80.365,78.065,80.105,3441,0,0
1364176800,80.855,81.660,80.405,81.150,2216,0,0
1364263200,81.525,83.120,81.525,82.375,2341,0,0
1364349600,82.515,82.765,81.370,81.480,1756,0,0
1364436000,80.795,81.095,80.735,80.945,571,0,0
1364871600,81.355,81.895,81.035,81.685,1391,0,0
1364958000,82.040,82.440,80.965,81.190,2101,0,0
1365044400,81.385,81.390,79.755,80.020,1906,0,0
1365390000,78.990,80.000,78.480,78.760,2811,0,0
1365476400,79.045,79.105,76.735,76.995,2691,0,0
1365562800,77.185,77.995,76.750,77.910,1766,0,0
1365649200,77.775,79.520,77.775,79.420,1846,0,0
1365735600,78.730,79.320,77.690,77.950,2481,0,0
1365994800,77.785,78.170,77.145,77.825,2011,0,0
1366081200,77.585,77.745,76.550,76.920,1726,0,0
1366167600,77.295,77.765,74.620,75.935,4931,0,0
1366254000,75.975,76.665,75.655,75.940,1986,0,0
1366599600,77.165,78.475,76.105,76.630,4206,0,0
1366686000,76.670,78.395,76.350,78.390,2371,0,0
1366772400,79.385,79.835,78.755,79.835,1711,0,0
1366858800,79.730,80.320,79.140,79.375,2006,0,0
1366945200,79.560,79.835,78.565,79.090,2071,0,0
1367204400,79.400,80.035,78.410,79.065,2916,0,0
1367290800,79.675,80.010,78.895,79.330,1886,0,0
1367463600,80.280,81.035,79.355,79.450,2531,0,0
1367550000,83.275,85.695,83.275,85.265,2851,0,0
1367809200,84.580,85.255,83.530,84.795,3236,0,0
1367895600,84.960,85.325,83.920,84.460,2311,0,0
1367982000,84.410,85.110,84.050,84.500,2031,0,0
1368068400,83.255,83.905,82.825,83.360,2056,0,0
1368154800,83.990,84.195,82.320,82.660,2421,0,0
1368414000,82.850,83.240,82.410,82.790,1601,0,0
1368500400,83.425,84.135,82.795,83.815,2291,0,0
1368586800,84.320,85.775,84.060,84.885,2866,0,0
1368673200,85.090,86.590,84.930,86.220,2191,0,0
1368759600,86.405,86.515,85.155,85.755,2071,0,0
1369018800,86.080,87.020,85.985,86.620,1531,0,0
1369105200,86.540,87.250,86.320,87.195,1206,0,0
1369191600,87.330,88.370,86.420,87.615,3616,0,0
1369278000,86.535,86.725,85.130,86.490,3146,0,0
1369364400,86.320,86.340,84.805,85.655,2406,0,0
1369623600,85.920,86.480,85.225,85.580,2171,0,0
1369710000,86.130,87.255,85.880,86.730,2151,0,0
1369796400,86.685,86.730,84.325,84.540,2666,0,0
1369882800,84.160,85.025,83.750,84.710,2001,0,0
1369969200,84.330,84.765,83.245,84.325,3036,0,0
1370228400,83.430,84.520,81.910,82.600,4391,0,0
1370314800,83.170,84.195,83.170,83.505,1716,0,0
1370401200,82.990,84.055,82.615,82.680,2571,0,0
1370487600,82.265,82.815,81.610,81.610,1756,0,0
1370574000,81.775,81.940,80.825,81.560,2016,0,0
1370833200,81.660,82.300,81.515,82.115,1116,0,0
1370919600,82.025,82.030,80.125,80.775,2561,0,0
1371006000,80.720,81.465,79.805,80.135,2736,0,0
1371092400,80.690,81.425,78.370,81.240,5561,0,0
1371178800,82.045,82.460,81.400,82.300,1866,0,0
1371438000,82.705,83.510,82.405,83.330,1586,0,0
1371524400,83.620,83.700,82.440,82.910,1811,0,0
1371610800,83.150,83.400,81.810,82.425,2456,0,0
1371697200,81.365,81.605,78.975,79.170,3066,0,0
1371783600,79.680,80.640,78.880,78.885,2726,0,0
1372129200,77.670,80.510,77.240,80.310,3901,0,0
1372215600,80.815,81.685,79.970,80.880,3366,0,0
1372302000,82.300,83.935,82.265,83.685,1956,0,0
1372388400,83.805,84.160,82.170,83.195,3371,0,0
1372647600,83.590,84.500,83.150,83.890,2401,0,0
1372734000,85.045,85.045,83.355,83.755,2091,0,0
1372820400,81.375,81.860,80.080,81.860,3076,0,0
1372906800,82.985,84.115,82.980,83.820,1436,0,0
1372993200,83.885,84.275,81.240,81.280,3466,0,0
1373252400,81.570,82.835,81.570,82.370,1731,0,0
1373338800,82.630,84.315,82.435,83.770,2621,0,0
1373425200,83.645,84.700,83.495,84.175,1881,0,0
1373511600,85.395,85.630,84.730,85.410,1786,0,0
1373598000,85.645,86.715,85.250,85.800,2776,0,0
1373857200,86.210,86.230,84.645,84.920,1881,0,0
1373943600,85.225,85.280,84.115,84.230,1336,0,0
1374030000,84.570,85.080,83.580,85.005,2566,0,0
1374116400,85.075,85.625,84.240,85.150,2696,0,0
1374462000,85.200,85.460,84.110,84.305,1806,0,0
1374548400,83.420,83.510,83.280,83.340,381,0,0
1374634800,83.410,84.450,82.760,83.255,3226,0,0
1374721200,83.360,83.940,82.355,83.780,2751,0,0
1374807600,84.340,84.835,83.020,83.285,2576,0,0
1375066800,83.450,84.550,83.310,84.355,1576,0,0
1375153200,84.940,85.615,84.755,85.320,1341,0,0
1375239600,85.050,85.145,83.735,83.775,1546,0,0
1375326000,84.335,85.465,84.335,85.280,1316,0,0
1375412400,85.390,87.060,85.165,86.510,2671,0,0
1375671600,86.550,87.705,86.455,87.590,1461,0,0
1375758000,87.790,88.480,86.870,87.190,2621,0,0
1375844400,87.170,87.420,85.585,85.680,2181,0,0
1375930800,82.700,85.520,82.545,84.055,4596,0,0
1376276400,84.270,84.635,83.365,83.940,2211,0,0
1376362800,84.890,85.095,84.340,84.985,1416,0,0
1376449200,85.055,85.565,84.825,85.170,1366,0,0
1376535600,84.530,84.785,83.245,83.435,1986,0,0
1376622000,82.980,83.305,82.720,83.080,1071,0,0
1376881200,82.880,83.965,82.705,83.590,1811,0,0
1377140400,83.185,84.675,82.615,84.420,2886,0,0
1377486000,83.760,84.530,83.510,83.830,1971,0,0
1377572400,83.935,84.250,82.245,82.415,2491,0,0
1377658800,81.815,81.885,80.510,80.620,1556,0,0
1377745200,80.850,81.190,80.175,80.825,2006,0,0
1377831600,80.360,80.585,80.260,80.420,591,0,0
1378090800,81.180,82.270,81.080,81.775,1786,0,0
1378177200,82.215,82.215,80.585,80.720,1766,0,0
1378263600,81.000,81.340,78.920,79.715,3556,0,0
1378350000,80.150,80.770,79.525,80.565,2076,0,0
1378436400,80.490,80.550,78.765,79.710,2791,0,0
1378695600,79.810,80.655,79.800,80.520,1001,0,0
1378782000,81.185,82.550,81.165,82.315,1641,0,0
1378868400,82.370,82.370,80.530,80.845,2156,0,0
1378954800,80.785,81.675,80.055,80.340,2796,0,0
1379041200,80.355,80.570,79.215,79.640,1996,0,0
1379386800,79.180,80.535,78.950,80.130,2221,0,0
1379473200,80.485,81.560,79.995,81.375,2241,0,0
1379559600,82.825,83.365,82.175,82.520,2076,0,0
1379905200,80.340,80.775,79.010,79.315,2506,0,0
1379991600,79.445,79.695,78.835,79.170,1446,0,0
1380078000,79.125,79.725,78.605,79.525,1841,0,0
1380164400,79.735,80.185,78.845,79.150,2096,0,0
1380250800,80.105,80.420,79.420,80.235,1871,0,0
1380510000,79.325,80.330,79.215,80.125,1431,0,0
1380596400,80.325,80.680,79.850,80.475,1511,0,0
1380682800,80.510,80.850,80.145,80.440,1341,0,0
1380769200,80.650,81.700,80.465,81.430,1691,0,0
1380855600,81.440,81.655,80.425,80.925,1946,0,0
1381114800,80.845,80.845,79.675,80.430,1926,0,0
1381201200,80.560,80.940,80.145,80.255,1286,0,0
1381287600,80.215,80.300,78.630,78.760,1886,0,0
1381374000,79.215,81.160,78.965,80.760,2846,0,0
1381460400,81.310,82.035,80.885,81.930,1681,0,0
1381719600,81.850,81.915,81.360,81.605,866,0,0
1381806000,81.950,82.815,81.490,82.530,2071,0,0
1381892400,82.165,82.165,81.060,81.605,1651,0,0
1381978800,81.910,82.175,81.225,81.570,1561,0,0
1382324400,83.700,84.405,83.160,84.380,1811,0,0
1382410800,84.720,85.720,84.195,85.280,2491,0,0
1382497200,85.305,85.370,84.560,84.810,1126,0,0
1382583600,85.215,85.280,84.035,84.360,1636,0,0
1382925600,84.540,84.575,83.700,84.160,1371,0,0
1383012000,84.260,84.765,83.125,83.240,2261,0,0
1383098400,83.675,84.175,83.265,83.990,1506,0,0
1383184800,83.875,84.350,83.510,84.110,1446,0,0
1383530400,84.070,84.225,83.620,84.110,1171,0,0
1383616800,84.225,84.360,83.155,83.580,1766,0,0
1383703200,83.745,84.260,83.135,83.470,1976,0,0
1383789600,83.750,87.355,83.535,86.875,4516,0,0
1384135200,87.355,87.355,86.440,86.940,1416,0,0
1384221600,86.880,86.880,86.225,86.620,1051,0,0
1384308000,86.540,86.725,85.665,86.290,1871,0,0
1384394400,86.980,87.835,86.695,87.605,1656,0,0
1384740000,87.555,87.980,87.020,87.855,1621,0,0
1384826400,87.585,88.155,87.225,87.945,1501,0,0
1384912800,88.190,88.675,88.075,88.245,1146,0,0
1384999200,88.340,89.065,87.815,88.970,1871,0,0
1385344800,89.575,89.640,88.705,88.860,1156,0,0
1385431200,88.700,89.345,88.545,88.755,1546,0,0
1385517600,88.870,89.785,88.535,89.720,1651,0,0
1385604000,89.645,89.925,89.190,89.605,1431,0,0
1385690400,89.580,89.800,89.030,89.585,1536,0,0
1385949600,89.665,89.810,89.005,89.210,1156,0,0
1386036000,88.930,89.215,87.910,88.155,1836,0,0
1386122400,88.255,88.560,87.365,87.780,1916,0,0
1386208800,87.755,88.575,87.495,87.700,2106,0,0
1386295200,88.415,88.835,87.820,87.855,1471,0,0
1386554400,88.230,88.260,87.500,87.700,991,0,0
1386640800,87.920,88.765,87.435,87.805,2546,0,0
1386727200,87.480,88.305,87.160,87.765,2006,0,0
1386813600,87.260,87.595,86.445,86.445,1486,0,0
1387159200,86.060,86.900,85.765,86.625,1706,0,0
1387245600,86.580,86.990,86.295,86.425,1236,0,0
1387332000,86.860,87.350,86.560,86.965,1476,0,0
1387418400,87.880,88.740,87.640,88.725,1356,0,0
1387504800,89.170,90.345,88.840,89.950,2231,0,0
1387764000,90.505,91.640,90.350,91.235,1851,0,0
1388109600,92.165,92.610,91.405,91.785,2031,0,0
1388368800,92.055,92.675,91.795,92.615,1201,0,0
1388628000,92.875,93.195,91.145,91.380,2606,0,0
1388714400,91.335,91.565,90.475,91.175,2021,0,0
1388973600,91.250,91.470,90.915,91.215,1076,0,0
1389060000,91.120,91.330,90.240,91.040,2101,0,0
1389146400,91.355,91.445,90.375,90.505,1291,0,0
1389232800,90.765,90.955,88.450,88.695,2941,0,0
1389319200,89.425,90.260,89.215,90.010,1506,0,0
1389578400,90.230,90.295,88.630,89.090,2191,0,0
1389664800,88.610,90.450,87.205,90.295,4806,0,0
1389751200,90.860,91.185,90.345,90.665,1486,0,0
1389837600,90.875,90.875,89.555,89.755,1521,0,0
1389924000,90.030,91.190,89.930,90.765,1786,0,0
1390183200,90.710,91.475,90.245,90.535,2286,0,0
1390269600,91.175,92.275,91.100,91.510,2016,0,0
1390356000,91.920,92.895,91.880,92.820,1131,0,0
1390442400,92.945,93.100,90.860,91.040,2576,0,0
1390528800,90.220,90.625,85.785,86.075,5536,0,0
1390788000,86.460,86.460,83.735,85.635,4626,0,0
1390874400,85.925,86.300,84.555,85.680,3246,0,0
1390960800,86.585,87.310,84.325,84.570,3956,0,0
1391047200,84.555,84.705,83.220,83.335,1751,0,0
1391133600,83.575,83.980,81.730,82.875,3801,0,0
1391392800,83.110,83.250,80.575,81.070,3311,0,0
1391479200,80.425,82.665,79.975,82.450,3356,0,0
1391565600,82.550,83.075,81.885,82.575,2356,0,0
1391652000,83.225,85.480,83.175,85.085,2751,0,0
1391738400,85.575,85.725,84.155,84.940,2506,0,0
1391997600,85.760,85.760,84.815,85.220,1351,0,0
1392084000,85.525,86.045,85.125,85.950,1416,0,0
1392170400,86.360,86.505,85.880,85.925,816,0,0
1392256800,85.920,86.410,85.025,86.360,2331,0,0
1392343200,86.560,87.050,86.050,86.585,1976,0,0
1392602400,87.045,87.090,86.530,86.810,886,0,0
1392775200,86.045,86.315,84.815,85.270,2226,0,0
1392861600,82.845,84.735,82.525,84.625,2641,0,0
1392948000,85.145,85.185,82.810,84.175,3781,0,0
1393207200,84.210,84.975,83.615,84.835,2096,0,0
1393293600,85.065,85.460,84.160,84.700,2236,0,0
1393380000,84.700,84.945,83.440,84.185,2496,0,0
1393466400,84.310,84.860,82.705,83.340,3341,0,0
1393552800,83.585,84.545,83.585,84.285,1221,0,0
1393812000,82.255,82.255,80.380,81.140,2636,0,0
1393898400,82.330,83.455,81.675,83.345,2546,0,0
1393984800,80.600,83.475,80.600,80.795,5556,0,0
1394071200,80.910,80.910,79.235,80.165,2606,0,0
1394157600,79.995,81.465,79.775,80.410,2966,0,0
1394416800,79.995,80.410,79.335,79.665,1821,0,0
1394503200,79.935,79.935,78.900,79.030,1166,0,0
1394589600,78.770,78.770,77.235,77.775,2076,0,0
1394676000,77.935,78.060,76.205,76.230,2006,0,0
1394762400,75.390,77.065,74.740,76.805,3236,0,0
1395021600,76.975,77.985,75.865,77.985,3231,0,0
1395108000,78.170,79.445,77.085,79.210,3681,0,0
1395194400,79.590,79.595,77.835,77.965,1896,0,0
1395280800,77.645,77.840,76.690,77.665,2281,0,0
1395367200,76.990,77.365,76.270,76.420,1621,0,0
1395626400,76.395,76.470,75.330,75.370,1256,0,0
1395712800,75.670,76.400,75.670,75.990,1141,0,0
1395799200,76.680,78.505,76.360,78.195,2776,0,0
1395885600,78.355,78.780,77.350,77.975,2481,0,0
1395972000,78.410,79.035,78.065,78.585,1766,0,0
1396234800,79.085,79.235,78.520,78.640,986,0,0
1396321200,79.075,79.155,78.725,78.930,716,0,0
1396407600,79.055,79.760,78.875,79.650,1176,0,0
1396494000,79.720,79.820,78.965,79.040,1031,0,0
1396580400,79.410,79.410,78.580,78.585,836,0,0
1397098800,78.675,79.350,77.965,78.245,2341,0,0
1397185200,77.565,78.200,76.980,77.980,2026,0,0
1397444400,77.650,78.785,77.635,78.300,1651,0,0
1397530800,78.365,78.415,77.135,77.235,1431,0,0
1397617200,77.850,77.880,75.915,76.775,2856,0,0
1397703600,76.115,76.120,73.760,75.405,4011,0,0
1398135600,75.215,75.930,74.930,75.740,1476,0,0
1398222000,76.010,76.930,75.420,76.670,2361,0,0
1398308400,76.820,77.350,75.910,76.630,2691,0,0
1398394800,76.115,77.080,76.100,76.535,1541,0,0
1398654000,76.015,77.115,75.855,76.070,2466,0,0
1398740400,76.280,77.055,75.935,77.015,1506,0,0
1398826800,76.950,77.180,76.700,77.025,886,0,0
1398999600,77.510,77.770,76.960,76.985,1096,0,0
1399258800,77.140,77.180,76.035,76.690,1841,0,0
1399345200,77.260,78.005,76.385,76.920,2901,0,0
1399431600,76.330,76.645,75.435,76.545,2206,0,0
1399518000,77.025,78.310,76.375,78.115,2781,0,0
1399604400,76.675,77.830,76.210,77.320,2596,0,0
1399863600,77.290,77.775,76.785,77.535,1736,0,0
1399950000,77.935,79.455,77.750,79.375,1971,0,0
1400036400,79.740,79.770,79.185,79.330,761,0,0
1400122800,79.425,79.795,78.790,78.990,1576,0,0
1400209200,78.795,78.975,77.790,78.145,1721,0,0
1400468400,76.980,77.945,76.805,77.840,1421,0,0
1400554800,78.145,78.205,77.635,77.790,786,0,0
1400641200,77.920,78.075,76.995,77.605,1846,0,0
1400727600,77.995,78.195,77.460,77.615,1091,0,0
1400814000,77.515,77.910,76.715,77.685,2221,0,0
1401073200,78.185,79.005,78.050,78.925,1171,0,0
1401159600,78.630,79.000,78.305,78.760,1261,0,0
1401246000,79.040,79.075,78.070,78.505,1476,0,0
1401332400,78.570,78.805,78.055,78.385,1316,0,0
1401418800,78.345,78.855,78.215,78.785,841,0,0
1401678000,79.065,79.080,78.055,78.560,1546,0,0
1401764400,78.625,78.625,77.800,78.040,1066,0,0
1401850800,78.115,78.210,77.535,78.015,1251,0,0
1401937200,77.880,77.900,76.555,76.720,1531,0,0
1402023600,76.965,77.060,76.115,76.325,1251,0,0
1402282800,76.805,77.720,76.805,77.230,1406,0,0
1402369200,77.230,78.385,77.190,78.190,1431,0,0
1402455600,78.400,78.720,77.580,77.635,1516,0,0
1402542000,78.055,78.610,77.890,78.470,1026,0,0
1402628400,78.735,78.830,77.685,78.260,1816,0,0
1402887600,78.240,78.650,77.685,78.305,1866,0,0
1402974000,78.295,78.305,77.610,77.875,971,0,0
1403060400,78.040,78.215,77.215,77.280,1241,0,0
1403146800,77.510,77.605,76.605,76.755,1246,0,0
1403233200,76.930,76.935,75.775,75.835,1226,0,0
1403492400,75.980,75.980,74.805,74.995,1366,0,0
1403578800,74.975,75.265,74.780,74.940,936,0,0
1403665200,74.710,74.725,73.240,73.525,1786,0,0
1403751600,73.675,73.680,72.030,72.800,2426,0,0
1403838000,73.435,74.115,72.475,73.735,2981,0,0
1404097200,74.055,74.390,73.670,74.000,1386,0,0
1404183600,74.370,74.585,73.325,73.870,2021,0,0
1404270000,73.880,74.090,73.600,73.770,871,0,0
1404356400,73.860,74.320,73.505,74.260,1231,0,0
1404442800,74.455,74.455,73.930,73.965,561,0,0
1404702000,74.035,74.130,73.070,73.290,1376,0,0
1404788400,73.330,73.490,72.715,72.925,1146,0,0
1404874800,72.965,73.085,71.145,72.105,3021,0,0
1404961200,72.110,72.675,71.330,71.840,2421,0,0
1405047600,71.985,72.205,71.325,71.500,1276,0,0
1405306800,72.770,73.755,72.320,73.590,2051,0,0
1405393200,73.860,73.860,72.060,72.475,2216,0,0
1405479600,72.640,73.270,72.390,72.765,1636,0,0
1405566000,72.845,73.815,72.430,73.150,2466,0,0
1405652400,73.040,73.835,72.495,73.625,2096,0,0
1405911600,73.650,73.670,72.185,72.575,1896,0,0
1405998000,73.040,73.045,72.020,72.470,1481,0,0
1406084400,72.390,72.780,72.145,72.325,1206,0,0
1406170800,72.610,73.235,72.270,72.535,1856,0,0
1406257200,72.310,72.320,70.975,71.205,1586,0,0
1406516400,71.365,71.500,69.170,69.825,3121,0,0
1406602800,70.170,71.595,70.100,70.930,2231,0,0
1406689200,70.835,70.885,70.090,70.185,941,0,0
1406775600,59.580,59.805,59.205,59.250,871,0,0
1406862000,58.335,58.445,58.015,58.280,806,0,0
1407121200,57.905,58.375,56.055,57.820,4556,0,0
1407207600,58.400,58.535,57.750,58.295,1466,0,0
1407294000,57.950,58.440,57.310,58.345,1866,0,0
1407380400,58.005,58.025,55.305,55.390,2826,0,0
1407466800,54.580,56.990,54.175,56.675,3536,0,0
1407726000,57.475,57.685,56.670,57.460,2016,0,0
1407812400,57.375,58.825,57.315,57.965,2431,0,0
1407898800,58.505,59.070,58.075,58.425,1911,0,0
1407985200,58.235,59.870,58.015,59.710,2236,0,0
1408330800,59.980,60.225,59.625,60.060,1121,0,0
1408417200,60.215,60.510,60.100,60.325,711,0,0
1408503600,60.385,60.415,60.005,60.350,786,0,0
1408590000,60.245,60.335,59.460,59.690,1196,0,0
1408676400,59.740,59.740,57.955,58.280,2111,0,0
1408935600,58.950,59.245,58.585,59.075,1196,0,0
1409022000,59.145,59.635,59.020,59.475,901,0,0
1409108400,59.600,59.600,58.920,58.955,716,0,0
1409194800,58.760,58.785,56.975,57.390,2251,0,0
1409281200,57.365,57.475,56.505,56.835,1411,0,0
1409540400,57.330,57.590,57.105,57.290,931,0,0
1409626800,57.665,57.735,57.070,57.175,841,0,0
1409713200,57.410,58.825,57.370,58.690,1631,0,0
1409799600,58.505,59.360,58.060,59.175,1931,0,0
1409886000,59.240,59.665,58.535,58.795,1816,0,0
1410145200,58.595,58.730,58.195,58.575,1051,0,0
1410231600,58.265,58.935,57.605,57.960,2356,0,0
1410318000,57.770,57.830,57.335,57.495,716,0,0
1410404400,57.835,57.925,56.835,57.380,1726,0,0
1410490800,57.440,57.465,56.545,57.010,1411,0,0
1410750000,57.015,58.250,56.940,57.760,1876,0,0
1410836400,57.815,59.335,57.590,58.670,2636,0,0
1410922800,59.040,61.435,58.345,60.930,4291,0,0
1411009200,60.960,61.990,60.070,61.975,2826,0,0
1411095600,62.260,62.880,61.760,61.950,1931,0,0
1411354800,61.845,62.075,60.775,60.805,1561,0,0
1411441200,61.105,61.210,60.280,60.720,1476,0,0
1411527600,60.880,61.990,60.705,61.965,1486,0,0
1411614000,61.825,63.385,61.225,61.395,3891,0,0
1411700400,61.330,61.880,59.865,60.635,3336,0,0
1411959600,59.865,60.280,58.770,59.380,2536,0,0
1412046000,59.530,59.635,58.620,59.240,1741,0,0
1412132400,61.010,62.110,59.475,59.885,4146,0,0
1412218800,59.770,59.815,58.400,58.450,1511,0,0
1412564400,58.510,58.835,58.150,58.160,1021,0,0
1412650800,58.245,58.945,58.125,58.270,1616,0,0
1412737200,58.130,58.275,57.645,58.220,1171,0,0
1412823600,58.630,58.630,56.840,57.060,2011,0,0
1412910000,56.665,57.435,55.105,55.215,3211,0,0
1413169200,54.980,56.420,54.765,55.555,2736,0,0
1413255600,55.005,55.640,54.810,55.295,1371,0,0
1413342000,54.205,54.355,54.075,54.075,431,0,0
1413428400,53.660,54.185,53.655,54.035,686,0,0
1413514800,53.730,54.620,53.460,54.455,1596,0,0
1413774000,57.055,58.565,56.545,56.640,3626,0,0
1413860400,56.625,58.060,56.135,57.985,2491,0,0
1413946800,58.210,58.840,57.930,58.325,1706,0,0
1414033200,58.045,58.810,57.420,58.675,2151,0,0
1414119600,58.510,58.865,57.610,57.780,1781,0,0
1414375200,58.160,58.180,56.525,57.075,2226,0,0
1414461600,57.440,57.800,57.090,57.345,1326,0,0
1414548000,57.790,57.965,57.460,57.585,806,0,0
1414634400,57.720,57.925,56.235,56.950,2611,0,0
1414720800,57.730,58.155,57.245,57.900,1651,0,0
1414980000,57.910,58.445,57.535,57.540,1451,0,0
1415066400,57.530,57.595,56.110,56.230,1671,0,0
1415152800,56.475,57.995,56.405,56.785,2871,0,0
1415239200,59.220,60.245,58.960,59.150,2501,0,0
1415325600,58.970,60.370,58.970,59.575,2196,0,0
1415584800,59.525,59.895,59.375,59.865,701,0,0
1415671200,59.955,60.290,59.375,60.110,1676,0,0
1415757600,59.990,60.340,59.565,59.725,1286,0,0
1415844000,60.245,61.940,60.145,61.715,2121,0,0
1415930400,61.965,63.305,61.770,63.025,2011,0,0
1416189600,62.550,63.095,62.160,63.020,1401,0,0
1416276000,62.880,63.265,62.840,63.115,616,0,0
1416362400,63.050,64.140,63.045,63.725,1516,0,0
1416448800,63.945,65.660,63.810,65.655,1991,0,0
1416535200,65.665,67.085,64.245,65.560,5576,0,0
1416794400,65.620,65.805,64.955,65.095,1176,0,0
1416880800,64.995,65.455,64.400,64.430,1546,0,0
1416967200,64.605,64.975,64.095,64.550,1706,0,0
1417053600,64.430,64.845,64.335,64.640,811,0,0
1417140000,64.575,64.825,64.085,64.530,1436,0,0
1417399200,64.410,64.825,63.545,63.680,1831,0,0
1417485600,63.840,63.840,62.905,63.020,1051,0,0
1417572000,61.375,61.670,60.920,61.550,1326,0,0
1417658400,61.340,61.640,60.050,60.140,1981,0,0
1417744800,60.475,60.870,60.115,60.495,1491,0,0
1418004000,60.510,60.665,59.960,60.230,1131,0,0
1418090400,59.890,60.025,59.145,59.270,1141,0,0
1418176800,59.285,59.555,57.745,57.815,2151,0,0
1418263200,57.475,58.515,57.265,58.380,1596,0,0
1418349600,57.995,58.145,57.215,57.230,1096,0,0
1418608800,57.525,58.360,56.290,56.295,2911,0,0
1418695200,56.250,56.755,53.580,55.165,5266,0,0
1418781600,54.675,55.865,54.330,55.710,2036,0,0
1418868000,55.795,56.570,54.575,56.545,3241,0,0
1418954400,56.720,57.275,56.020,56.615,2406,0,0
1419213600,56.870,57.425,56.755,56.855,1326,0,0
1419300000,57.065,57.125,56.540,56.580,686,0,0
1419818400,56.630,56.900,56.345,56.735,1006,0,0
1419904800,56.400,57.590,56.005,57.490,2081,0,0
1420164000,57.725,57.885,56.255,56.385,1921,0,0
1420423200,56.260,56.805,54.695,54.735,2696,0,0
1420509600,54.700,55.430,53.820,54.660,3181,0,0
1420596000,54.985,55.385,54.625,55.025,1481,0,0
1420682400,55.650,57.190,55.635,57.100,1661,0,0
1420768800,56.785,57.650,56.540,56.630,2066,0,0
1421028000,56.685,57.160,55.935,56.635,2401,0,0
1421114400,56.220,56.645,55.870,56.295,1476,0,0
1421200800,55.985,56.040,54.925,55.515,1761,0,0
1421287200,55.870,56.420,54.395,56.290,3631,0,0
1421373600,56.150,56.865,55.600,56.800,1881,0,0
1421632800,56.995,59.305,56.910,58.810,2976,0,0
1421719200,59.235,59.335,58.045,58.415,1761,0,0
1421805600,58.390,58.430,57.075,58.090,2411,0,0
1421892000,58.265,58.775,57.755,58.250,2026,0,0
1421978400,60.360,60.900,59.755,60.580,2071,0,0
1422237600,60.765,61.570,60.290,61.565,1761,0,0
1422324000,61.855,62.390,60.885,61.400,2556,0,0
1422410400,62.025,62.780,60.555,61.185,3611,0,0
1422496800,60.575,61.415,60.265,61.345,1531,0,0
1422583200,61.850,61.950,60.865,61.210,1531,0,0
1422842400,61.575,61.875,61.005,61.670,1646,0,0
1422928800,61.975,63.820,61.815,63.410,2576,0,0
1423015200,63.610,63.850,62.425,63.745,2716,0,0
1423101600,63.475,63.855,62.720,63.735,2011,0,0
1423188000,63.840,64.505,63.275,63.370,1991,0,0
1423447200,63.130,63.450,62.065,62.505,2146,0,0
1423533600,62.265,62.665,61.580,62.650,1786,0,0
1423620000,62.785,63.535,62.715,63.485,941,0,0
1423706400,63.300,65.885,63.055,65.385,3576,0,0
1423792800,65.480,65.865,64.730,64.915,1706,0,0
1424052000,64.890,65.550,64.570,64.960,1891,0,0
1424224800,64.090,64.810,63.990,64.685,1046,0,0
1424311200,67.490,68.240,66.360,68.075,3176,0,0
1424397600,68.395,69.330,68.280,68.815,1681,0,0
1424656800,68.950,69.395,67.690,69.265,3096,0,0
1424743200,69.205,69.375,68.415,68.920,1636,0,0
1424829600,69.030,69.320,67.815,68.255,2236,0,0
1424916000,68.390,69.085,68.290,68.845,1136,0,0
1425002400,68.950,69.495,68.520,69.420,1481,0,0
1425261600,69.370,70.095,68.235,68.835,3186,0,0
1425348000,69.145,70.645,68.365,68.400,3816,0,0
1425434400,68.420,69.245,68.405,68.915,1186,0,0
1425520800,69.955,72.075,69.860,71.165,3221,0,0
1425607200,71.170,73.735,71.135,72.160,4211,0,0
1425866400,71.935,72.390,71.025,71.615,2411,0,0
1425952800,71.475,71.830,70.185,70.545,2361,0,0
1426039200,70.570,71.785,70.490,71.525,1636,0,0
1426125600,71.465,71.980,70.965,71.160,1726,0,0
1426212000,71.630,71.685,70.535,70.960,1631,0,0
1426471200,70.985,72.685,70.905,72.270,2276,0,0
1426557600,72.040,72.170,70.945,71.475,1886,0,0
1426730400,70.875,71.785,70.185,70.665,2991,0,0
1426816800,70.925,71.080,70.295,70.300,946,0,0
1427076000,69.950,69.950,67.545,69.290,4151,0,0
1427162400,68.840,71.340,68.780,71.300,2661,0,0
1427248800,70.870,71.045,70.180,70.650,1511,0,0
1427335200,70.325,71.245,68.695,70.940,4486,0,0
1427421600,72.745,75.090,72.240,73.135,5311,0,0
1427684400,73.230,74.235,73.010,73.910,1771,0,0
1427770800,73.470,74.165,73.285,73.710,1521,0,0
1427857200,73.210,74.130,72.625,73.965,2256,0,0
1427943600,73.640,74.595,73.380,74.270,1801,0,0
1428375600,74.380,74.975,74.050,74.555,1676,0,0
1428462000,74.475,74.975,74.165,74.925,1171,0,0
1428548400,74.985,76.005,74.915,75.700,1466,0,0
1428634800,76.015,77.225,75.950,77.220,1346,0,0
1428894000,76.930,77.210,76.485,76.735,1256,0,0
1428980400,76.290,76.455,75.890,76.160,1001,0,0
1429066800,75.950,76.910,75.385,76.380,2621,0,0
1429153200,76.580,76.750,75.935,76.035,1086,0,0
1429239600,75.820,76.365,73.205,73.385,3886,0,0
1429498800,73.270,74.845,73.215,74.770,1761,0,0
1429585200,74.980,76.325,74.765,75.710,2391,0,0
1429671600,75.495,76.260,74.160,74.590,3296,0,0
1429758000,74.360,74.840,72.950,73.180,2601,0,0
1429844400,73.525,75.025,73.510,74.445,2111,0,0
1430103600,74.685,76.465,74.010,76.430,3166,0,0
1430190000,76.550,76.910,75.860,76.260,1811,0,0
1430276400,76.350,76.850,73.310,73.320,4051,0,0
1430362800,73.400,74.080,72.915,73.360,2291,0,0
1430708400,74.015,76.040,73.565,75.995,2971,0,0
1430794800,77.050,78.055,73.815,73.970,5401,0,0
1430881200,73.920,74.530,72.885,73.350,2721,0,0
1430967600,73.305,73.565,71.140,73.015,4561,0,0
1431054000,72.835,73.875,72.020,73.520,3026,0,0
1431313200,73.735,74.115,73.315,73.925,1411,0,0
1431399600,73.575,74.120,72.520,73.690,3086,0,0
1431486000,74.145,74.480,73.165,73.320,1806,0,0
1431572400,73.185,74.980,72.665,74.945,2871,0,0
1431658800,74.975,75.215,73.920,74.165,1781,0,0
1431918000,74.505,75.480,73.980,75.465,2041,0,0
1432004400,75.630,76.525,75.525,76.455,1176,0,0
1432090800,76.215,76.450,75.300,76.375,2141,0,0
1432177200,76.395,76.455,75.545,75.805,1231,0,0
1432263600,75.670,75.790,74.495,75.195,2116,0,0
1432609200,74.975,75.910,73.595,73.650,3306,0,0
1432695600,73.865,74.285,73.255,73.865,2061,0,0
1432782000,73.395,73.470,72.290,72.845,1811,0,0
1432868400,72.935,73.220,71.215,71.345,2421,0,0
1433127600,71.515,71.980,71.175,71.655,1471,0,0
1433214000,71.995,72.000,70.520,71.170,2136,0,0
1433300400,71.515,72.640,71.125,72.080,2466,0,0
1433386800,71.915,72.125,70.585,71.355,2521,0,0
1433473200,70.610,71.065,69.820,70.320,2201,0,0
1433732400,70.085,70.945,69.025,70.130,3796,0,0
1433818800,70.020,70.215,68.840,69.320,2051,0,0
1433905200,69.250,71.240,69.105,71.040,2481,0,0
1433991600,71.140,72.760,71.125,71.915,2496,0,0
1434078000,71.915,71.915,69.635,70.160,2806,0,0
1434337200,69.360,69.700,68.815,69.265,1676,0,0
1434423600,68.985,69.875,68.170,69.615,2781,0,0
1434510000,69.715,69.970,68.340,68.970,2516,0,0
1434596400,68.790,70.095,67.840,70.065,3236,0,0
1434682800,70.160,70.435,68.565,68.815,2396,0,0
1434942000,69.985,70.780,69.755,70.655,1381,0,0
1435028400,71.125,71.385,70.645,70.895,1251,0,0
1435114800,70.895,71.395,70.365,70.910,2046,0,0
1435201200,70.615,71.365,70.380,70.940,1646,0,0
1435287600,70.340,70.980,69.775,70.540,2211,0,0
1435546800,67.640,70.415,67.505,69.390,4071,0,0
1435633200,69.045,69.380,68.370,68.795,1771,0,0
1435719600,70.115,71.205,69.345,70.430,3406,0,0
1435806000,70.325,70.810,70.225,70.260,1106,0,0
1435892400,70.160,70.345,69.145,69.485,1726,0,0
1436151600,68.070,69.690,68.030,69.165,2226,0,0
1436238000,69.245,69.245,66.635,66.675,2651,0,0
1436324400,66.950,67.425,66.695,66.925,1436,0,0
1436410800,67.230,67.885,67.040,67.670,1251,0,0
1436497200,68.850,68.975,67.985,68.935,1896,0,0
1436756400,69.465,70.380,69.145,70.010,1926,0,0
1436842800,70.050,70.590,69.135,69.740,2601,0,0
1436929200,69.830,70.385,69.685,69.980,1251,0,0
1437015600,70.365,71.720,70.185,71.590,1846,0,0
1437102000,71.735,71.845,70.790,70.960,1336,0,0
1437361200,71.090,71.725,70.375,70.505,2116,0,0
1437447600,70.725,71.685,70.575,71.105,1841,0,0
1437534000,70.930,71.540,70.750,71.180,1331,0,0
1437620400,71.665,72.125,71.435,71.790,1256,0,0
1437706800,71.640,72.300,71.470,71.530,1551,0,0
1437966000,71.210,71.360,69.990,70.275,1806,0,0
1438052400,70.385,71.485,70.005,71.315,2031,0,0
1438138800,71.720,72.120,70.945,72.030,2041,0,0
1438225200,72.270,74.995,72.190,73.885,3996,0,0
1438311600,73.995,74.630,73.435,74.510,1876,0,0
1438570800,74.515,74.995,74.100,74.525,1781,0,0
1438657200,74.140,74.375,73.520,74.360,1491,0,0
1438743600,74.225,74.500,73.600,74.495,1531,0,0
1438830000,74.950,76.365,73.310,73.490,4651,0,0
1438916400,73.595,74.175,73.105,73.465,2011,0,0
1439175600,73.860,74.250,72.855,73.865,2786,0,0
1439262000,73.745,73.745,71.110,71.460,2986,0,0
1439348400,70.565,70.935,68.300,68.645,3351,0,0
1439434800,69.535,69.915,68.825,69.255,1901,0,0
1439521200,69.385,69.815,68.485,68.985,2261,0,0
1439780400,69.255,69.585,67.785,68.360,2706,0,0
1439866800,68.265,68.400,67.710,67.870,986,0,0
1439953200,67.535,68.430,67.365,67.370,1966,0,0
1440039600,67.105,67.680,66.070,66.250,2366,0,0
1440126000,65.450,67.170,65.280,65.530,3701,0,0
1440385200,63.680,65.085,62.625,63.645,4886,0,0
1440471600,64.540,65.990,64.055,65.860,2551,0,0
1440558000,64.800,66.320,64.450,65.220,3321,0,0
1440644400,66.725,67.560,66.360,67.120,2006,0,0
1440730800,67.100,67.415,66.185,66.900,2261,0,0
1440990000,66.630,67.035,66.090,66.735,1786,0,0
1441076400,65.750,65.965,64.640,65.280,2181,0,0
1441162800,65.530,66.170,64.970,65.900,2031,0,0
1441249200,66.240,67.710,66.045,67.485,2086,0,0
1441335600,66.625,66.745,64.845,65.340,2516,0,0
1441594800,65.585,66.125,65.340,65.660,1496,0,0
1441681200,65.930,66.995,65.665,66.495,2096,0,0
1441767600,67.685,67.695,66.040,66.165,1791,0,0
1441854000,65.950,66.440,65.420,65.720,1811,0,0
1441940400,65.875,66.040,65.125,65.590,1546,0,0
1442199600,65.520,66.390,65.160,65.985,1996,0,0
1442286000,65.970,66.205,64.890,65.590,2251,0,0
1442372400,66.060,67.160,65.855,66.990,1681,0,0
1442458800,67.215,70.460,66.860,69.590,4826,0,0
1442545200,70.010,71.430,69.620,70.145,3486,0,0
1442804400,69.970,71.205,69.630,70.980,2141,0,0
1442890800,70.875,71.085,69.255,69.275,2061,0,0
1442977200,69.135,69.765,68.765,69.460,1676,0,0
1443063600,69.370,69.775,67.830,68.410,2931,0,0
1443150000,70.110,71.570,69.970,71.385,1926,0,0
1443409200,71.145,71.630,70.770,70.860,1436,0,0
1443495600,70.110,71.290,69.875,70.655,2286,0,0
1443582000,71.605,72.730,71.305,72.055,2401,0,0
1443668400,72.780,73.085,71.305,71.535,2316,0,0
1443754800,72.130,72.755,70.820,71.675,3416,0,0
1444014000,72.865,74.170,72.760,73.485,2201,0,0
1444100400,73.645,75.815,73.515,74.745,3501,0,0
1444186800,74.755,75.895,74.305,74.460,2886,0,0
1444273200,74.545,75.660,74.205,75.280,2176,0,0
1444359600,75.795,76.470,75.680,76.410,966,0,0
1444618800,76.495,76.495,75.370,75.805,1561,0,0
1444705200,75.620,75.640,74.385,75.135,2026,0,0
1444791600,75.120,76.340,74.585,76.105,2526,0,0
1444878000,76.260,77.850,75.670,77.225,3396,0,0
1444964400,77.310,77.480,76.075,76.660,2161,0,0
1445223600,76.155,77.235,76.070,76.790,1696,0,0
1445310000,76.925,77.585,76.465,76.975,2191,0,0
1445396400,77.485,79.375,77.205,78.750,3076,0,0
1445482800,78.560,80.105,78.285,80.065,2136,0,0
1445569200,80.125,82.080,80.030,81.450,2776,0,0
1445824800,81.475,82.140,81.060,81.740,1896,0,0
1445911200,81.610,82.125,81.405,81.990,1061,0,0
1445997600,81.865,83.320,81.760,83.225,1761,0,0
1446084000,83.175,83.485,82.040,82.185,1901,0,0
1446170400,82.450,82.820,81.300,81.415,2006,0,0
1446429600,81.040,81.845,80.555,80.810,2351,0,0
1446516000,80.675,81.275,79.625,81.070,2906,0,0
1446602400,81.810,82.645,81.060,82.030,2951,0,0
1446688800,84.515,89.775,84.515,89.115,5921,0,0
1446775200,87.395,89.040,87.285,87.980,2926,0,0
1447034400,87.370,87.970,86.440,86.850,2541,0,0
1447120800,87.180,88.390,86.605,88.095,2656,0,0
1447207200,89.370,91.480,89.045,89.560,4681,0,0
1447293600,88.600,89.405,86.100,86.875,4886,0,0
1447380000,86.370,87.140,85.130,85.615,3266,0,0
1447639200,84.455,85.870,83.655,85.570,3316,0,0
1447725600,85.855,87.260,85.730,86.425,2491,0,0
1447812000,86.145,87.145,85.860,86.760,1956,0,0
1447898400,87.745,88.370,87.315,87.710,2076,0,0
1447984800,87.695,88.480,87.670,87.965,1351,0,0
1448244000,88.050,89.780,88.050,89.265,2246,0,0
1448330400,89.470,89.645,86.545,87.390,4121,0,0
1448416800,87.455,89.790,87.265,89.715,2791,0,0
1448503200,89.825,90.495,89.460,90.300,1596,0,0
1448589600,89.690,89.935,89.120,89.420,1361,0,0
1448848800,89.500,91.475,89.120,91.265,2946,0,0
1448935200,91.940,93.460,91.890,92.715,2366,0,0
1449021600,93.255,94.490,92.970,93.315,2981,0,0
1449108000,92.930,93.800,90.155,91.090,5451,0,0
1449194400,90.560,91.570,89.880,90.810,3131,0,0
1449453600,91.750,93.200,91.430,92.635,2656,0,0
1449540000,92.960,93.885,90.475,91.270,5131,0,0
1449626400,91.545,92.145,87.865,88.525,5541,0,0
1449712800,87.675,88.085,86.830,87.680,2506,0,0
1449799200,87.535,87.730,85.860,86.610,2816,0,0
1450058400,86.575,87.260,85.775,85.875,2271,0,0
1450144800,86.800,89.555,86.605,88.755,3946,0,0
1450231200,88.980,89.855,88.665,89.205,2156,0,0
1450317600,90.270,91.430,89.775,91.245,2336,0,0
1450404000,90.575,90.725,88.265,89.420,3766,0,0
1450663200,88.680,90.155,87.825,87.905,3886,0,0
1450749600,88.150,88.875,87.120,88.000,3361,0,0
1450836000,90.040,90.640,89.175,90.200,2771,0,0
1451268000,90.010,90.145,88.590,89.195,2296,0,0
1451354400,89.835,91.285,89.485,91.270,2166,0,0
1451440800,91.220,91.265,89.740,90.040,1871,0,0
1451872800,88.110,88.265,86.115,87.255,3446,0,0
1451959200,88.440,88.955,86.530,87.065,3476,0,0
1452045600,86.665,86.845,85.095,86.285,3121,0,0
1452132000,83.965,85.335,83.220,84.865,3331,0,0
1452218400,84.955,85.500,83.335,83.620,2996,0,0
1452477600,82.740,86.150,82.240,85.280,5281,0,0
1452564000,85.535,87.445,85.210,86.470,3536,0,0
1452650400,87.065,87.110,85.225,85.630,2336,0,0
1452736800,85.340,85.475,83.890,84.775,2606,0,0
1452823200,84.400,85.555,82.650,83.920,5331,0,0
1453082400,83.975,94.215,83.865,89.415,15261,0,0
1453168800,90.845,92.695,90.315,91.945,3661,0,0
1453255200,89.825,92.245,88.830,91.860,4796,0,0
1453341600,92.025,92.335,88.495,90.375,6031,0,0
1453428000,92.120,92.725,91.290,91.510,2261,0,0
1453687200,91.225,92.155,90.040,92.145,3311,0,0
1453773600,90.930,93.320,90.660,92.685,3566,0,0
1453860000,92.715,93.170,91.585,92.925,2961,0,0
1453946400,92.445,94.265,92.250,93.490,2986,0,0
1454032800,94.435,95.215,93.120,94.650,3976,0,0
1454292000,94.700,96.090,94.535,95.525,2286,0,0
1454378400,95.610,95.745,93.790,94.045,2346,0,0
1454464800,94.250,94.655,91.720,92.110,3731,0,0
1454551200,94.790,95.200,91.395,92.865,5686,0,0
1454637600,92.700,92.810,90.040,90.185,3026,0,0
1454896800,90.525,90.960,86.340,86.570,5286,0,0
1454983200,86.375,87.310,84.745,86.670,4836,0,0
1455069600,86.950,88.905,85.895,87.295,5676,0,0
1455156000,90.145,91.125,87.070,89.425,7391,0,0
1455242400,89.350,89.925,87.035,88.085,4516,0,0
1455501600,90.005,91.300,89.900,91.220,1586,0,0
1455588000,91.195,91.980,90.245,90.980,3256,0,0
1455674400,91.190,95.490,91.190,95.300,4491,0,0
1455760800,95.730,98.885,95.175,98.715,4436,0,0
1455847200,98.440,99.910,97.575,99.165,3946,0,0
1456106400,99.995,100.625,98.670,99.295,3211,0,0
1456192800,98.365,99.795,97.835,98.450,3836,0,0
1456279200,98.070,98.070,95.480,96.365,3476,0,0
1456365600,97.355,99.215,96.710,98.975,3391,0,0
1456452000,99.425,100.375,97.840,99.060,4706,0,0
1456711200,98.115,98.705,97.200,98.310,2816,0,0
1456797600,98.530,100.825,98.360,100.775,2686,0,0
1456884000,100.925,101.700,98.115,99.060,5306,0,0
1456970400,97.960,98.845,96.840,97.015,3066,0,0
1457056800,97.545,98.035,96.820,97.445,2331,0,0
1457316000,97.880,98.155,96.830,96.945,1716,0,0
1457402400,96.470,96.530,95.155,95.620,1901,0,0
1457488800,95.820,98.015,95.305,96.520,4721,0,0
1457575200,96.365,100.150,96.205,98.005,6251,0,0
1457661600,98.680,99.875,97.135,99.820,4341,0,0
1457920800,100.425,102.250,100.350,101.875,2351,0,0
1458007200,101.625,101.875,100.850,101.375,1801,0,0
1458093600,101.675,102.750,101.475,102.625,1601,0,0
1458180000,102.975,103.050,99.780,100.075,3641,0,0
1458266400,100.250,100.775,99.350,100.425,2676,0,0
1458525600,99.615,101.100,99.105,100.075,3531,0,0
1458612000,99.400,101.225,98.175,101.200,4301,0,0
1458698400,101.050,103.175,101.050,103.175,2126,0,0
1458784800,102.425,103.175,101.725,102.475,2851,0,0
1459220400,103.125,103.350,101.875,102.475,2301,0,0
1459306800,102.925,104.725,102.725,104.650,2276,0,0
1459393200,104.300,104.750,102.925,102.975,2326,0,0
1459479600,102.225,102.900,101.125,102.450,3326,0,0
1459738800,102.250,103.925,101.925,103.700,2551,0,0
1459825200,102.550,103.425,102.375,102.900,1751,0,0
1459911600,102.875,104.175,101.675,104.050,3826,0,0
1459998000,104.225,104.750,102.825,103.050,2676,0,0
1460084400,102.975,103.425,101.975,102.950,2876,0,0
1460343600,102.750,102.950,101.075,102.450,3451,0,0
1460430000,102.200,103.175,100.475,103.125,4476,0,0
1460516400,104.475,104.925,103.600,104.050,2226,0,0
1460602800,103.750,105.275,103.025,105.275,2976,0,0
1460689200,104.900,104.900,103.675,104.175,1726,0,0
1460948400,103.525,106.525,103.450,106.450,3226,0,0
1461034800,106.750,108.725,105.725,108.550,4201,0,0
1461121200,108.200,108.525,106.575,107.475,3176,0,0
1461207600,107.425,107.675,104.475,106.750,5726,0,0
1461294000,106.275,108.425,105.850,107.275,4151,0,0
1461553200,107.250,107.825,106.325,107.750,2501,0,0
1461639600,107.825,109.450,106.925,107.750,4976,0,0
1461726000,112.975,118.325,112.125,113.900,11476,0,0
1461812400,111.725,113.875,111.625,113.625,2601,0,0
1461898800,112.725,113.600,112.050,112.550,2926,0,0
1462158000,112.325,114.550,112.075,113.950,3326,0,0
1462244400,113.425,114.275,112.625,113.500,3226,0,0
1462330800,113.650,115.725,111.200,112.300,7701,0,0
1462417200,112.925,113.150,110.675,112.825,4851,0,0
1462503600,112.550,114.975,112.175,114.100,4051,0,0
1462762800,114.400,115.025,113.225,114.200,3401,0,0
1462849200,114.975,116.500,113.750,114.100,4626,0,0
1462935600,114.400,114.950,113.025,113.375,2826,0,0
1463022000,113.850,115.200,112.875,113.150,3951,0,0
1463108400,110.950,111.050,108.925,110.025,3326,0,0
1463454000,110.350,111.475,109.475,110.000,3651,0,0
1463540400,109.275,110.650,109.200,110.400,1776,0,0
1463626800,110.100,110.325,109.050,109.550,2001,0,0
1463713200,110.050,113.075,109.700,113.000,3801,0,0
1463972400,113.450,115.475,112.875,114.125,4526,0,0
1464058800,113.475,115.225,112.750,115.100,3326,0,0
1464145200,115.700,115.700,114.025,114.625,2276,0,0
1464231600,114.425,116.275,114.275,115.900,2526,0,0
1464318000,115.600,115.875,115.075,115.600,1601,0,0
1464577200,115.775,116.225,115.450,115.800,1526,0,0
1464663600,115.875,116.250,114.300,114.950,2976,0,0
1464750000,114.550,116.325,114.175,115.875,2976,0,0
1464836400,115.575,117.025,114.900,117.000,2826,0,0
1464922800,117.125,117.775,115.275,116.750,4626,0,0
1465182000,117.225,117.900,116.700,117.600,2026,0,0
1465268400,117.875,119.825,117.600,119.550,2776,0,0
1465354800,119.950,119.950,118.875,119.300,1501,0,0
1465441200,119.100,119.325,117.875,119.200,2801,0,0
1465527600,118.675,119.350,118.225,118.950,1976,0,0
1465786800,117.125,119.075,116.875,117.825,3701,0,0
1465873200,116.775,117.550,114.175,115.025,5001,0,0
1465959600,115.375,116.100,114.150,115.650,3626,0,0
1466046000,113.625,116.550,113.600,115.650,3876,0,0
1466132400,116.150,117.475,115.575,116.925,3026,0,0
1466391600,118.700,121.725,118.700,121.700,3051,0,0
1466478000,121.800,123.200,121.125,123.075,2876,0,0
1466564400,123.925,124.325,123.150,124.200,2076,0,0
1466650800,123.700,124.775,121.775,123.500,5801,0,0
1466737200,109.300,120.900,108.100,119.600,15301,0,0
1466996400,119.225,121.725,118.675,119.700,5626,0,0
1467082800,121.875,123.425,119.375,122.525,7451,0,0
1467169200,123.100,125.750,121.900,125.700,5101,0,0
1467342000,128.575,128.975,125.450,128.050,6526,0,0
1467601200,128.450,129.300,127.225,127.350,3051,0,0
1467687600,126.800,127.525,124.425,125.600,5001,0,0
1467774000,124.450,128.150,124.425,127.925,3976,0,0
1467860400,128.425,128.900,126.450,126.725,3201,0,0
1467946800,125.925,127.350,124.300,127.100,4926,0,0
1468206000,127.975,129.925,126.825,129.800,4376,0,0
1468292400,129.450,131.125,128.975,131.075,2676,0,0
1468378800,130.375,131.400,128.775,131.250,4376,0,0
1468465200,132.000,132.400,129.525,129.975,3726,0,0
1468551600,129.525,131.850,129.150,131.650,3276,0,0
1468810800,131.375,132.325,130.250,131.300,4076,0,0
1468897200,131.050,133.025,130.475,132.800,3351,0,0
1468983600,133.000,136.850,132.775,136.850,4301,0,0
1469070000,136.875,139.225,136.575,138.350,3826,0,0
1469156400,137.775,137.925,136.675,137.200,1926,0,0
1469415600,137.575,139.300,137.350,138.825,2651,0,0
1469502000,138.975,140.175,138.550,139.450,2776,0,0
1469588400,140.450,142.550,140.175,140.500,4701,0,0
1469674800,146.950,147.900,143.325,144.300,6501,0,0
1469761200,143.725,146.725,143.375,146.500,3926,0,0
1470020400,148.125,149.075,147.050,148.550,3626,0,0
1470106800,148.250,149.175,147.300,148.200,3701,0,0
1470193200,148.600,148.975,146.950,147.925,3376,0,0
1470279600,148.725,148.775,141.900,145.425,10451,0,0
1470366000,145.400,146.825,144.650,146.475,3276,0,0
1470625200,147.625,148.125,146.400,147.800,3276,0,0
1470711600,148.225,148.700,146.675,148.500,3776,0,0
1470798000,148.425,152.275,148.325,152.075,4251,0,0
1470884400,152.775,154.275,151.550,154.025,4201,0,0
1470970800,154.175,155.625,153.575,155.175,3101,0,0
1471230000,154.975,156.350,154.750,156.275,1901,0,0
1471316400,153.975,156.050,152.750,155.850,4726,0,0
1471402800,156.150,157.175,154.925,156.325,4326,0,0
1471489200,156.250,157.400,155.875,156.350,2951,0,0
1471575600,156.550,156.925,155.000,156.350,3651,0,0
1471834800,156.100,156.675,153.100,154.000,5051,0,0
1471921200,154.675,155.175,152.725,153.975,4201,0,0
1472007600,153.225,154.150,152.400,153.300,3426,0,0
1472094000,152.325,153.325,151.425,152.350,3776,0,0
1472180400,152.425,153.925,152.175,153.475,2451,0,0
1472439600,152.325,153.125,150.800,152.725,4251,0,0
1472526000,152.800,153.875,152.225,152.450,2951,0,0
1472612400,151.525,151.675,148.025,149.525,5301,0,0
1472698800,148.825,150.250,146.625,147.900,6326,0,0
1472785200,145.100,146.450,143.725,145.700,4851,0,0
1473044400,145.175,148.175,144.775,147.300,4676,0,0
1473130800,147.225,147.825,145.700,146.450,3476,0,0
1473217200,147.125,148.975,147.125,148.425,2401,0,0
1473303600,148.650,149.450,145.775,146.100,4801,0,0
1473390000,145.450,146.150,144.025,144.900,3701,0,0
1473649200,142.325,147.175,142.225,146.100,6126,0,0
1473735600,146.525,149.875,146.525,147.925,5301,0,0
1473822000,148.450,149.775,147.175,148.825,4826,0,0
1473908400,147.875,150.650,147.250,150.475,4201,0,0
1473994800,150.725,151.425,147.325,150.825,8101,0,0
1474254000,150.250,150.350,148.350,149.300,3051,0,0
1474340400,149.475,151.975,149.300,151.600,3226,0,0
1474426800,152.300,154.575,152.300,153.175,3676,0,0
1474513200,154.200,154.975,152.975,154.800,3401,0,0
1474599600,154.950,155.375,154.400,155.175,1726,0,0
1474858800,154.025,155.100,152.875,153.225,3651,0,0
1474945200,154.000,154.475,151.100,152.275,5026,0,0
1475031600,152.500,155.375,152.450,155.200,3151,0,0
1475118000,156.725,157.375,153.300,153.700,5126,0,0
1475204400,152.125,154.800,151.575,154.575,4001,0,0
1475550000,154.250,157.375,154.175,157.275,3376,0,0
1475636400,156.125,157.125,155.150,155.925,3751,0,0
1475722800,155.850,155.975,153.575,154.300,3251,0,0
1475809200,154.025,156.075,152.675,155.100,5726,0,0
1476068400,154.950,157.875,154.925,157.725,3126,0,0
1476154800,157.675,158.175,155.250,155.500,3676,0,0
1476241200,155.425,156.500,154.475,155.450,4026,0,0
1476327600,154.950,155.025,153.175,153.300,2051,0,0
1476414000,154.175,157.375,154.175,156.925,3651,0,0
1476673200,156.600,157.675,155.575,155.700,3301,0,0
1476759600,156.475,158.275,156.475,157.575,2501,0,0
1476846000,157.900,159.150,157.525,158.400,2751,0,0
1476932400,158.750,159.375,157.375,159.350,3401,0,0
1477018800,159.750,160.325,156.175,156.900,5451,0,0
1477278000,157.150,157.325,154.900,154.975,2676,0,0
1477364400,154.975,157.225,151.250,152.625,9601,0,0
1477450800,152.150,152.225,149.475,149.575,2926,0,0
1477537200,148.900,149.625,147.325,149.625,3876,0,0
1477623600,148.725,149.900,147.300,149.625,4301,0,0
1477879200,148.975,150.100,148.350,149.600,2876,0,0
1477965600,149.975,150.725,146.925,147.075,4701,0,0
1478052000,145.875,147.175,145.225,146.725,3051,0,0
1478138400,140.500,141.725,133.650,137.850,13501,0,0
1478224800,136.025,136.250,131.850,133.150,5926,0,0
1478484000,135.050,136.625,134.875,136.100,2451,0,0
1478570400,136.825,137.725,135.875,136.475,3351,0,0
1478656800,131.300,139.325,131.200,139.300,8251,0,0
1478743200,140.075,140.150,129.550,131.750,12876,0,0
1478829600,132.375,135.225,132.375,133.350,4726,0,0
1479088800,134.525,136.225,134.000,134.150,4076,0,0
1479175200,134.800,139.375,134.725,138.575,5526,0,0
1479261600,139.050,139.525,136.125,137.900,5651,0,0
1479348000,136.975,139.575,135.325,139.400,6076,0,0
1479434400,139.950,140.675,137.900,139.300,4901,0,0
1479693600,139.475,139.875,137.700,139.375,4251,0,0
1479780000,140.225,140.400,138.325,138.975,2901,0,0
1479866400,139.300,140.125,137.725,138.800,4301,0,0
1479952800,139.225,140.150,138.525,138.750,2776,0,0
1480039200,138.825,139.475,137.725,139.050,3276,0,0
1480298400,138.475,139.875,137.325,137.550,4176,0,0
1480384800,137.225,139.450,136.900,138.875,3451,0,0
1480471200,138.475,139.525,137.500,138.700,3826,0,0
1480557600,138.675,139.925,137.200,137.375,4151,0,0
1480644000,137.725,139.475,136.825,138.650,4376,0,0
1480903200,138.075,142.475,138.025,140.950,6026,0,0
1480989600,141.250,141.475,139.925,141.200,3051,0,0
1481076000,142.350,142.350,140.100,141.975,4126,0,0
1481162400,144.250,145.125,142.650,144.675,4526,0,0
1481248800,144.375,145.100,143.825,144.350,2526,0,0
1481508000,144.275,145.550,143.775,144.275,3551,0,0
1481594400,144.725,146.425,144.650,146.000,2276,0,0
1481680800,144.875,145.000,142.125,143.025,3901,0,0
1481767200,142.825,143.850,140.950,143.750,4876,0,0
1481853600,143.525,145.150,143.175,144.700,2776,0,0
1482112800,144.200,145.000,143.500,144.850,2351,0,0
1482199200,145.300,146.300,144.950,146.050,1951,0,0
1482285600,145.950,147.125,144.525,144.800,4051,0,0
1482372000,144.275,145.275,143.775,144.725,2551,0,0
1482458400,144.975,145.450,143.775,144.500,2876,0,0
1482804000,144.825,145.575,144.600,145.500,1276,0,0
1482890400,145.375,147.200,144.900,147.200,2776,0,0
1482976800,146.625,148.150,146.400,147.625,2501,0,0
1483063200,147.975,149.875,147.600,149.575,2951,0,0
1483322400,149.775,151.950,149.375,151.175,3751,0,0
1483408800,150.950,151.100,148.825,149.350,2951,0,0
1483495200,149.500,149.500,146.325,146.600,3451,0,0
1483581600,145.525,145.800,143.400,144.325,3601,0,0
1483668000,143.900,145.075,142.975,144.775,3326,0,0
1483927200,145.050,145.425,144.125,144.675,2226,0,0
1484013600,145.150,146.075,144.425,144.850,3001,0,0
1484100000,144.775,146.225,144.725,145.500,2276,0,0
1484186400,145.000,146.475,144.275,146.000,3401,0,0
1484272800,146.525,147.975,145.325,147.925,3901,0,0
1484532000,147.050,148.925,146.975,148.600,2351,0,0
1484618400,147.875,147.875,145.825,147.500,3726,0,0
1484704800,147.400,151.825,147.400,151.800,4451,0,0
1484791200,151.800,152.875,150.575,152.225,4176,0,0
1484877600,151.450,152.875,149.775,152.300,5351,0,0
1485136800,151.425,153.475,151.225,152.625,3301,0,0
1485223200,153.250,155.250,152.625,152.775,4776,0,0
1485309600,153.800,155.775,153.525,154.000,4301,0,0
1485396000,154.900,155.675,154.375,155.050,2451,0,0
1485482400,155.500,156.350,153.175,154.200,5051,0,0
1485741600,153.225,153.800,150.175,150.525,4551,0,0
1485828000,150.350,152.025,145.900,145.900,7801,0,0
1485914400,146.200,148.375,145.625,147.250,4451,0,0
1486000800,146.900,148.375,146.550,147.075,3476,0,0
1486087200,146.875,147.775,146.175,147.325,2751,0,0
1486346400,146.300,146.600,143.975,144.200,3151,0,0
1486432800,143.000,145.825,142.725,144.200,5001,0,0
1486519200,144.100,144.325,142.850,144.150,2901,0,0
1486605600,144.625,148.475,144.275,148.100,4926,0,0
1486692000,148.950,150.050,148.625,149.375,2426,0,0
1486951200,149.725,152.225,149.200,151.350,4426,0,0
1487037600,151.350,152.425,150.775,151.050,3001,0,0
1487124000,151.175,151.250,149.025,149.800,3076,0,0
1487210400,149.425,149.975,147.625,147.725,3001,0,0
1487296800,148.100,148.650,146.450,148.050,4351,0,0
1487556000,149.300,149.650,148.225,148.575,2126,0,0
1487642400,148.425,152.725,148.275,151.925,5401,0,0
1487728800,151.775,153.450,151.025,153.050,3576,0,0
1487815200,153.075,153.425,152.350,153.050,2126,0,0
1487901600,152.875,153.400,150.875,152.150,4326,0,0
1488160800,156.575,158.675,156.475,158.050,2926,0,0
1488247200,157.150,158.825,156.475,158.700,3151,0,0
1488333600,157.750,160.750,157.575,160.550,3551,0,0
1488420000,160.525,163.750,159.425,162.725,6451,0,0
1488506400,161.750,161.875,160.600,160.975,1776,0,0
1488765600,160.700,161.825,159.475,160.350,4351,0,0
1488852000,160.175,161.325,159.175,159.700,3826,0,0
1488938400,168.250,174.975,168.200,174.425,7376,0,0
1489024800,174.975,180.075,173.925,178.050,9226,0,0
1489111200,179.450,179.600,177.200,179.400,4751,0,0
1489370400,179.650,180.200,178.825,179.700,2701,0,0
1489456800,179.650,180.200,175.150,175.625,6076,0,0
1489543200,177.200,179.575,176.500,179.450,3901,0,0
1489629600,181.825,185.075,181.725,182.750,5776,0,0
1489716000,182.675,184.250,182.125,183.250,3676,0,0
1489975200,182.775,183.275,181.175,181.700,3126,0,0
1490061600,181.525,182.750,179.475,180.400,5426,0,0
1490148000,179.025,179.875,178.450,178.950,2776,0,0
1490234400,179.225,179.925,177.600,179.300,4576,0,0
1490320800,179.500,179.875,178.300,178.800,2451,0,0
1490583600,177.450,178.050,175.675,176.125,3426,0,0
1490670000,177.925,178.375,176.625,177.925,3501,0,0
1490756400,178.450,178.700,177.150,177.825,2476,0,0
1490842800,178.175,178.750,176.775,177.750,3526,0,0
1490929200,177.500,178.325,177.050,178.300,1751,0,0
1491188400,178.875,179.475,176.100,176.150,4026,0,0
1491274800,175.950,178.175,175.275,177.450,4301,0,0
1491361200,177.300,177.550,175.475,175.525,2376,0,0
1491447600,174.400,176.950,173.925,176.750,3701,0,0
1491534000,176.200,178.025,175.525,177.925,3276,0,0
1491793200,178.350,178.575,176.675,177.450,2901,0,0
1491879600,176.675,178.325,174.650,175.600,6276,0,0
1491966000,176.075,177.425,175.225,177.375,3101,0,0
1492052400,177.275,178.800,176.700,178.100,3376,0,0
1492484400,178.550,179.775,178.000,178.050,3051,0,0
1492570800,177.975,178.500,176.625,177.450,3226,0,0
1492657200,177.150,178.725,176.525,178.050,3501,0,0
1492743600,178.450,181.250,178.150,180.575,4076,0,0
1493002800,186.150,187.075,182.875,184.000,6251,0,0
1493089200,185.250,186.350,184.250,185.400,4051,0,0
1493175600,185.900,186.300,184.300,185.375,3476,0,0
1493262000,185.250,185.950,184.300,184.425,2476,0,0
1493348400,183.850,185.875,183.250,184.450,4651,0,0
1493694000,184.600,184.875,182.350,183.125,3576,0,0
1493780400,182.875,183.100,179.350,181.725,6351,0,0
1493866800,185.325,188.850,183.275,183.550,9376,0,0
1493953200,183.125,185.275,182.525,184.175,4451,0,0
1494212400,185.375,185.375,181.550,182.400,4676,0,0
1494298800,183.150,184.225,181.750,183.850,4251,0,0
1494385200,183.275,183.325,180.400,180.850,3426,0,0
1494471600,181.075,182.000,178.175,178.900,5476,0,0
1494558000,176.850,177.475,175.725,176.225,2876,0,0
1494817200,176.925,177.250,175.700,176.975,3051,0,0
1494903600,177.225,178.050,176.025,177.400,3876,0,0
1494990000,174.500,174.875,173.750,174.050,1801,0,0
1495162800,174.325,175.625,172.575,172.650,4426,0,0
1495422000,172.725,173.950,169.225,171.675,8401,0,0
1495508400,171.025,171.700,169.850,171.250,3476,0,0
1495681200,170.625,171.850,167.675,171.000,7976,0,0
1495767600,171.100,172.175,170.250,172.100,2851,0,0
1496026800,172.375,173.100,171.725,172.750,2376,0,0
1496113200,172.475,174.525,171.825,173.950,3926,0,0
1496199600,173.850,174.025,171.025,171.125,3276,0,0
1496286000,170.625,171.825,170.250,170.750,3026,0,0
1496372400,172.425,173.100,171.425,171.525,2451,0,0
1496718000,169.400,170.350,168.700,168.800,2701,0,0
1496804400,168.175,171.825,167.350,171.000,6126,0,0
1496890800,171.075,171.250,168.000,168.800,4226,0,0
1496977200,168.775,170.950,168.225,169.975,4251,0,0
1497236400,169.750,172.650,169.225,172.400,4201,0,0
1497322800,172.725,175.400,171.625,175.275,5001,0,0
1497409200,174.975,178.700,174.975,177.950,4476,0,0
1497495600,177.725,177.900,172.825,173.800,6226,0,0
1497582000,173.850,174.875,173.100,173.925,3476,0,0
1497841200,175.200,175.575,174.075,175.100,2901,0,0
1497927600,175.325,175.325,171.925,172.025,3501,0,0
1498014000,171.650,171.650,169.775,170.600,2701,0,0
1498100400,169.825,170.675,169.350,169.650,2476,0,0
1498186800,169.300,169.350,168.075,168.550,1801,0,0
1498446000,169.325,169.950,168.375,168.800,2626,0,0
1498532400,168.675,169.025,167.350,168.600,3276,0,0
1498791600,165.050,169.975,165.050,167.675,7226,0,0
1499050800,168.550,169.125,168.450,168.925,976,0,0
1499137200,168.775,169.200,168.325,168.550,1526,0,0
1499223600,177.075,177.800,171.550,176.950,12376,0,0
1499310000,177.775,179.475,174.675,176.475,8301,0,0
1499396400,175.400,176.500,174.650,176.400,2701,0,0
1499655600,176.925,176.925,174.425,175.000,3076,0,0
1499742000,175.275,176.175,173.875,174.400,3726,0,0
1499828400,176.050,179.275,174.925,178.600,6151,0,0
1499914800,179.150,180.675,179.125,180.125,2126,0,0
1500001200,180.575,181.100,179.925,180.475,2251,0,0
1500260400,181.600,183.275,181.400,182.050,3301,0,0
1500346800,181.350,181.700,179.250,180.200,3751,0,0
1500433200,179.125,179.475,178.925,178.950,926,0,0
1500519600,180.075,181.325,178.450,179.450,5126,0,0
1500606000,179.775,180.775,176.725,177.250,5576,0,0
1500865200,177.425,178.350,176.450,176.500,2876,0,0
1500951600,177.150,177.700,176.050,176.850,3001,0,0
1501038000,177.275,178.125,176.200,176.725,3301,0,0
1501124400,176.775,178.550,176.025,177.100,4726,0,0
1501210800,189.475,193.725,188.675,192.075,7501,0,0
1501470000,192.350,193.750,191.600,192.750,3901,0,0
1501556400,193.900,194.100,191.125,191.575,3626,0,0
1501642800,191.575,193.775,191.425,191.625,4651,0,0
1501729200,190.275,193.275,188.600,193.200,6426,0,0
1501815600,194.050,202.100,193.575,199.950,11151,0,0
1502074800,199.250,199.575,197.775,199.450,3401,0,0
1502161200,198.825,199.775,197.700,199.025,3951,0,0
1502247600,198.075,198.100,193.125,193.475,5351,0,0
1502334000,193.300,194.150,191.175,191.400,4051,0,0
1502420400,190.800,192.150,190.625,191.750,2101,0,0
1502679600,192.925,194.075,191.775,193.800,3726,0,0
1502766000,194.200,196.200,193.750,194.200,4901,0,0
1502852400,195.225,195.825,193.175,193.500,3576,0,0
1502938800,192.800,194.150,191.625,191.700,3951,0,0
1503025200,190.675,192.375,183.200,189.150,16826,0,0
1503284400,187.700,190.500,186.575,187.475,7626,0,0
1503370800,188.775,190.050,188.225,189.550,2876,0,0
1503457200,189.575,190.700,188.325,188.800,3976,0,0
1503543600,188.800,190.275,188.625,188.750,3251,0,0
1503630000,186.675,189.575,184.625,187.675,8901,0,0
1503889200,186.800,187.250,185.100,185.450,2951,0,0
1503975600,183.900,184.100,181.375,182.750,4301,0,0
1504062000,184.725,187.350,184.425,185.550,5026,0,0
1504148400,186.650,189.600,186.625,188.600,4001,0,0
1504234800,189.525,192.600,189.475,190.500,5276,0,0
1504494000,189.700,190.375,188.550,189.700,3651,0,0
1504580400,190.025,191.650,188.625,190.050,6026,0,0
1504666800,187.825,191.725,187.150,191.500,5476,0,0
1504753200,192.250,196.150,192.225,195.500,4601,0,0
1504839600,194.625,195.625,193.450,195.000,3976,0,0
1505098800,196.250,198.100,196.200,197.300,2751,0,0
1505271600,197.375,199.275,197.100,199.150,2576,0,0
1505358000,198.550,198.600,196.825,197.700,2701,0,0
1505444400,197.800,198.875,197.100,197.950,3401,0,0
1505703600,198.900,198.900,196.375,197.050,3201,0,0
1505790000,196.975,197.025,194.075,194.925,3851,0,0
1505876400,194.100,194.650,192.750,193.350,3051,0,0
1505962800,193.725,193.775,192.025,193.575,3351,0,0
1506049200,192.825,193.700,192.025,192.550,3076,0,0
1506308400,191.775,194.300,191.450,192.550,4926,0,0
1506394800,192.400,192.600,187.325,187.900,6051,0,0
1506481200,186.150,190.125,185.475,187.900,7551,0,0
1506567600,188.200,188.625,187.325,188.150,2551,0,0
1506654000,188.250,192.100,187.800,191.375,5476,0,0
1506913200,193.550,196.975,192.875,196.075,5676,0,0
1507172400,195.400,196.125,193.825,194.050,3251,0,0
1507258800,194.625,194.625,192.025,192.200,2776,0,0
1507518000,192.850,195.575,192.625,195.125,3626,0,0
1507604400,195.775,196.775,194.300,195.375,4551,0,0
1507690800,194.925,195.100,193.025,194.050,3276,0,0
1507777200,193.775,194.725,193.275,193.775,2901,0,0
1507863600,194.375,194.650,193.025,193.550,2426,0,0
1508122800,192.450,193.575,191.200,191.800,4101,0,0
1508209200,192.475,193.450,190.775,191.750,4626,0,0
1508295600,192.025,192.175,189.125,190.800,4876,0,0
1508382000,189.350,190.150,186.675,186.750,4351,0,0
1508468400,187.375,188.475,186.525,187.450,3826,0,0
1508727600,186.725,189.575,186.200,187.250,6226,0,0
1508814000,186.450,188.375,186.125,187.550,3401,0,0
1508900400,187.725,188.900,186.075,186.525,4451,0,0
1508986800,186.700,191.275,186.700,190.800,5051,0,0
1509073200,191.325,192.625,190.725,191.550,3576,0,0
1509328800,191.450,192.000,190.550,191.275,2726,0,0
1509501600,191.250,191.950,187.825,188.250,5251,0,0
1509588000,187.850,189.875,185.900,187.100,7201,0,0
1509674400,187.475,188.500,186.350,187.100,3926,0,0
1509933600,185.550,185.575,182.625,183.050,3401,0,0
1510020000,183.575,184.550,182.800,183.925,3151,0,0
1510106400,184.150,186.425,183.800,184.450,4951,0,0
1510192800,185.600,185.775,175.125,175.825,11526,0,0
1510279200,176.300,182.050,175.200,181.075,8926,0,0
1510538400,181.825,183.725,180.650,183.400,4576,0,0
1510624800,184.025,188.350,182.975,187.550,7226,0,0
1510711200,186.275,187.400,183.200,186.400,8276,0,0
1510797600,187.100,187.600,184.125,184.550,4401,0,0
1510884000,185.025,187.200,184.675,185.550,4526,0,0
1511143200,184.475,186.750,184.175,184.750,4876,0,0
1511229600,184.700,187.875,184.400,187.500,4151,0,0
1511316000,187.925,188.100,182.850,182.850,5426,0,0
1511402400,182.150,183.125,181.325,181.650,3101,0,0
1511488800,181.625,182.650,179.825,180.425,4451,0,0
1511748000,179.775,181.025,178.850,178.850,3426,0,0
1511834400,179.600,180.325,178.625,179.000,2801,0,0
1511920800,180.225,181.650,177.550,177.675,5651,0,0
1512007200,177.750,178.450,175.600,175.800,3751,0,0
1512352800,177.725,177.725,177.025,177.550,1226,0,0
1512439200,178.100,178.450,175.400,177.450,5451,0,0
1512525600,175.675,180.125,175.475,179.300,5676,0,0
1512612000,180.125,180.775,178.725,179.975,3951,0,0
1512698400,181.975,182.175,180.350,180.825,2501,0,0
1512957600,181.400,181.450,174.050,175.100,8501,0,0
1513044000,175.450,177.050,172.925,173.550,6351,0,0
1513130400,172.225,173.825,167.050,168.950,10276,0,0
1513216800,168.225,171.075,165.050,168.825,11451,0,0
1513303200,171.100,172.275,170.200,172.250,3001,0,0
1513562400,173.775,173.975,173.525,173.750,876,0,0
1513648800,173.625,174.225,172.250,172.450,2776,0,0
1513735200,173.200,173.200,169.850,170.250,3751,0,0
1513821600,170.450,171.200,168.225,169.800,5301,0,0
1513908000,169.250,170.675,168.800,169.450,3551,0,0
1514340000,169.625,171.150,168.925,169.975,4101,0,0
1514426400,169.900,170.475,168.025,168.100,3101,0,0
1514512800,168.250,168.700,167.100,167.200,2151,0,0
1514858400,167.300,167.725,165.250,166.600,4251,0,0
1514944800,167.675,167.825,166.100,167.750,3376,0,0
1515031200,169.225,171.675,168.475,170.300,5326,0,0
1515117600,171.675,172.675,170.975,172.450,2626,0,0
1515376800,174.000,174.125,172.400,172.875,2326,0,0
1515463200,173.175,173.275,168.850,169.500,5176,0,0
1515549600,169.075,169.150,167.575,167.800,1876,0,0
1515636000,168.075,168.675,165.775,166.825,4551,0,0
1515722400,167.200,170.625,166.975,168.600,5901,0,0
1515981600,169.625,171.525,169.125,169.550,4726,0,0
1516068000,170.800,171.100,168.225,168.375,3326,0,0
1516154400,168.200,169.050,166.525,167.100,3951,0,0
1516240800,168.225,171.375,167.725,171.075,4451,0,0
1516327200,171.125,182.850,170.975,182.775,12101,0,0
1516586400,183.200,184.850,180.225,182.675,8726,0,0
1516672800,185.100,187.775,184.150,185.300,7051,0,0
1516759200,185.100,188.400,184.525,185.700,7151,0,0
1516845600,183.600,185.750,180.875,182.950,9101,0,0
1516932000,183.225,184.950,181.200,184.550,6176,0,0
1517191200,184.925,184.925,182.775,184.250,3626,0,0
1517277600,183.400,185.925,183.350,184.900,3651,0,0
1517364000,185.250,187.425,184.175,187.300,4451,0,0
1517450400,187.875,188.175,182.575,183.225,6551,0,0
1517536800,182.825,184.200,180.025,180.300,5826,0,0
1517796000,179.450,179.625,177.200,178.575,3976,0,0
1517882400,172.400,176.700,171.075,174.125,9526,0,0
1517968800,177.750,184.525,176.500,183.550,10251,0,0
1518055200,182.575,182.675,177.150,177.425,5901,0,0
1518141600,177.675,179.275,173.925,176.100,9126,0,0
1518400800,179.850,181.325,177.875,178.600,5651,0,0
1518487200,177.425,177.575,175.275,175.900,3076,0,0
1518573600,177.425,177.925,173.200,177.475,9401,0,0
1518660000,178.050,179.250,176.225,177.325,5326,0,0
1518746400,178.050,181.075,177.450,180.375,4926,0,0
1519005600,181.725,182.600,179.900,180.200,3876,0,0
1519092000,180.575,183.050,179.725,182.950,4276,0,0
1519178400,181.250,182.700,180.025,180.550,4651,0,0
1519264800,180.925,182.375,179.100,180.750,6376,0,0
1519351200,181.650,182.550,180.700,181.500,3551,0,0
1519610400,182.725,185.625,181.225,181.750,7826,0,0
1519696800,182.350,182.875,181.200,181.950,2951,0,0
1519783200,180.700,185.475,180.625,182.225,8176,0,0
1519869600,181.675,182.250,175.900,176.125,7151,0,0
1519956000,174.550,175.550,171.575,172.450,5851,0,0
1520215200,170.950,175.325,170.875,175.275,4576,0,0
1520301600,176.650,176.825,173.425,174.100,4251,0,0
1520388000,173.200,175.275,172.850,174.850,3201,0,0
1520474400,178.325,179.775,175.225,175.500,6276,0,0
1520560800,175.300,176.175,173.175,173.575,4276,0,0
1520820000,174.975,175.325,170.900,171.700,5576,0,0
1520906400,171.300,174.225,168.250,169.150,9801,0,0
1520992800,182.775,190.425,180.325,188.750,14226,0,0
1521079200,191.250,193.925,187.625,193.175,10676,0,0
1521165600,193.850,196.625,192.775,194.750,6801,0,0
1521424800,194.050,194.625,192.025,192.475,3626,0,0
1521511200,193.650,196.400,193.425,194.650,4951,0,0
1521597600,194.925,198.425,194.575,197.775,4851,0,0
1521684000,198.575,200.250,195.525,196.550,7426,0,0
1521770400,195.650,198.775,193.525,196.050,10101,0,0
1522033200,196.425,197.075,191.950,192.850,6676,0,0
1522119600,198.250,198.350,193.625,194.250,5451,0,0
1522206000,193.175,194.600,189.675,192.550,9226,0,0
1522292400,193.550,197.425,192.550,196.600,6701,0,0
1522724400,195.075,197.875,194.350,195.450,6676,0,0
1522810800,196.375,197.525,193.075,197.200,8076,0,0
1522897200,200.950,204.450,199.650,204.000,6551,0,0
1522983600,204.300,204.750,202.750,202.900,2601,0,0
1523242800,204.950,205.050,201.050,202.100,5151,0,0
1523329200,204.450,205.450,202.750,205.250,4601,0,0
1523415600,204.750,207.050,203.850,206.150,5001,0,0
1523502000,205.600,210.250,204.950,210.200,6001,0,0
1523588400,210.250,211.450,209.400,210.650,3701,0,0
1523847600,210.850,211.650,209.950,210.650,3201,0,0
1523934000,210.800,214.450,210.050,213.450,6151,0,0
1524020400,214.200,215.550,213.750,214.150,3551,0,0
1524106800,213.500,213.700,209.750,210.600,5001,0,0
1524193200,209.650,212.250,209.500,211.850,3301,0,0
1524452400,212.300,212.550,209.950,212.000,4901,0,0
1524538800,209.850,211.250,203.350,204.800,10751,0,0
1524625200,202.550,205.400,201.250,202.150,7901,0,0
1524711600,201.850,203.150,200.400,202.950,4401,0,0
1524798000,204.150,206.950,203.050,204.400,7551,0,0
1525057200,204.550,205.650,202.950,203.850,4701,0,0
1525230000,202.900,207.850,202.450,207.600,6101,0,0
1525316400,205.700,206.500,193.175,193.200,14151,0,0
1525402800,192.075,196.750,190.700,192.800,11376,0,0
1525662000,193.625,196.225,191.775,195.500,7026,0,0
1525748400,194.825,195.725,193.525,193.925,3501,0,0
1525834800,193.400,193.625,189.675,190.600,5101,0,0
1525921200,188.275,190.825,187.625,190.425,4251,0,0
1526007600,189.975,191.175,188.575,189.325,4551,0,0
1526266800,189.850,190.725,187.775,188.975,5026,0,0
1526353200,188.625,189.975,186.775,188.850,6176,0,0
1526439600,189.300,195.025,189.075,193.850,7351,0,0
1526526000,193.950,195.575,192.325,194.975,5476,0,0
1526612400,195.600,196.575,194.750,194.900,2951,0,0
1526958000,195.325,196.825,193.350,195.725,6551,0,0
1527044400,195.125,196.425,191.125,193.550,9026,0,0
1527130800,193.375,197.225,193.125,193.500,8076,0,0
1527217200,194.350,198.825,192.925,193.650,11101,0,0
1527476400,195.325,196.625,194.250,195.875,4201,0,0
1527562800,194.650,195.450,192.400,192.700,4151,0,0
1527649200,192.550,196.875,192.150,196.075,5926,0,0
1527735600,196.900,197.450,192.875,194.150,6401,0,0
1527822000,194.475,196.375,193.125,193.225,5251,0,0
1528081200,195.200,196.725,193.275,195.400,6701,0,0
1528167600,195.000,198.625,194.800,196.750,5901,0,0
1528254000,196.825,203.750,196.775,203.500,7276,0,0
1528340400,203.650,203.750,197.275,198.025,7326,0,0
1528426800,195.375,200.550,194.925,199.175,7451,0,0
1528686000,199.625,200.200,197.675,198.450,3876,0,0
1528772400,200.050,200.700,195.675,196.225,6226,0,0
1528858800,196.850,197.225,193.800,194.950,4951,0,0
1528945200,193.475,199.675,193.425,198.925,7051,0,0
1529031600,199.625,203.850,198.850,200.150,9476,0,0
1529290800,199.200,199.225,193.275,194.750,7451,0,0
1529377200,191.200,191.825,189.025,189.475,3876,0,0
1529463600,190.300,190.550,187.325,188.600,4751,0,0
1529550000,189.075,192.925,188.625,190.175,7501,0,0
1529636400,190.975,192.100,189.525,190.525,4701,0,0
1529895600,190.650,191.325,187.125,187.200,4951,0,0
1529982000,189.225,190.025,186.600,187.275,4901,0,0
1530068400,187.625,190.875,186.250,189.000,7876,0,0
1530154800,188.175,189.125,183.175,183.850,7576,0,0
1530241200,187.625,189.075,185.750,187.200,6226,0,0
1530500400,184.575,185.975,183.150,183.700,4776,0,0
1530586800,184.125,187.250,184.025,185.000,5576,0,0
1530673200,184.275,184.925,181.550,182.300,4776,0,0
1530759600,182.575,183.425,180.525,182.050,5276,0,0
1530846000,183.325,183.325,181.075,181.450,2626,0,0
1531105200,182.475,183.400,181.325,181.975,3651,0,0
1531191600,182.775,184.925,182.500,184.800,2826,0,0
1531278000,183.475,184.025,182.275,183.050,3076,0,0
1531364400,183.200,185.375,182.925,185.350,2751,0,0
1531450800,186.250,188.575,186.125,188.275,2876,0,0
1531710000,187.925,189.300,187.050,188.700,3726,0,0
1531796400,188.250,188.325,183.925,185.950,6501,0,0
1531882800,186.700,189.450,186.625,189.350,3001,0,0
1531969200,189.025,189.925,188.500,189.350,2526,0,0
1532055600,188.425,191.275,188.050,189.750,5126,0,0
1532314800,189.150,190.675,188.675,189.450,3701,0,0
1532401200,190.075,191.475,189.025,190.300,4676,0,0
1532487600,191.250,191.875,188.125,188.275,4526,0,0
1532574000,187.475,188.625,183.375,187.625,10351,0,0
1532660400,187.550,189.475,185.925,189.400,5251,0,0
1532919600,188.725,190.400,188.350,189.100,3726,0,0
1533006000,189.100,189.925,186.525,189.550,6351,0,0
1533092400,189.450,189.450,185.575,188.000,6301,0,0
1533178800,187.400,187.425,183.950,184.825,4376,0,0
1533265200,185.675,189.925,185.675,189.900,4276,0,0
1533524400,189.775,192.175,187.475,187.800,7426,0,0
1533610800,188.525,191.425,188.275,189.550,5276,0,0
1533697200,188.325,192.400,187.925,190.800,6476,0,0
1533783600,202.300,210.850,202.150,208.500,11201,0,0
1533870000,207.400,209.950,204.350,205.500,9301,0,0
1534129200,206.250,209.250,205.150,208.600,5851,0,0
1534215600,209.750,211.550,207.450,209.600,8051,0,0
1534302000,210.200,210.500,205.150,205.400,5901,0,0
1534388400,207.100,209.350,206.550,208.850,3851,0,0
1534474800,208.450,209.450,205.450,207.200,6751,0,0
1534734000,207.600,209.950,207.050,209.500,3901,0,0
1534820400,209.800,212.250,209.550,210.750,4451,0,0
1534906800,210.200,210.950,208.850,210.650,3751,0,0
1534993200,210.700,214.450,210.650,211.950,6351,0,0
1535079600,212.100,215.450,211.900,214.100,5101,0,0
1535338800,215.150,216.350,214.400,215.650,3401,0,0
1535425200,217.300,217.950,215.600,215.850,3251,0,0
1535511600,215.400,216.050,212.350,214.450,6451,0,0
1535598000,214.250,215.750,213.300,215.450,3701,0,0
1535684400,214.450,215.550,213.650,214.800,3451,0,0
1535943600,214.200,217.050,213.650,216.400,4601,0,0
1536030000,216.450,217.250,210.250,210.800,8351,0,0
1536116400,209.100,211.850,206.550,206.850,8351,0,0
1536202800,206.950,208.850,204.950,205.750,6601,0,0
1536289200,205.950,207.950,205.450,206.900,4051,0,0
1536634800,205.900,207.500,203.750,206.600,6801,0,0
1536721200,207.850,210.850,207.750,210.750,3301,0,0
1536807600,211.100,211.450,208.750,209.850,4151,0,0
1536894000,210.350,210.850,209.450,210.400,2751,0,0
1537153200,209.300,209.550,206.750,208.250,4551,0,0
1537239600,207.950,210.600,207.150,209.550,5301,0,0
1537326000,209.950,210.050,208.450,209.350,2601,0,0
1537412400,208.450,210.300,208.250,209.550,3001,0,0
1537498800,210.750,211.650,209.650,211.200,3551,0,0
1537758000,209.850,210.250,207.150,208.150,4501,0,0
1537844400,208.750,210.950,207.550,210.850,4701,0,0
1537930800,210.400,211.350,207.150,209.100,7101,0,0
1538017200,209.950,211.850,208.450,211.850,4901,0,0
1538103600,210.900,211.450,209.250,210.900,4401,0,0
1538362800,210.650,215.250,210.600,214.250,5701,0,0
1538449200,213.100,215.100,211.250,212.900,7501,0,0
1538622000,213.750,213.750,208.150,209.050,6501,0,0
1538708400,208.400,209.300,205.550,207.500,6601,0,0
1538967600,206.500,207.350,204.850,205.900,4401,0,0
1539054000,205.850,205.850,199.975,204.150,10051,0,0
1539140400,204.350,204.850,194.200,195.225,12176,0,0
1539226800,190.750,195.250,189.975,192.950,8351,0,0
1539313200,194.750,196.925,192.425,192.500,6751,0,0
1539572400,192.875,195.600,192.025,195.400,4626,0,0
1539658800,195.075,199.925,193.700,199.650,7876,0,0
1539745200,202.750,204.150,199.550,202.000,8451,0,0
1539831600,202.800,203.750,198.900,199.100,6001,0,0
1539918000,199.000,205.250,198.625,202.800,9451,0,0
1540177200,205.050,205.500,198.800,200.650,9001,0,0
1540263600,199.625,201.150,196.500,197.525,7201,0,0
1540350000,198.650,205.250,198.325,201.050,11451,0,0
1540436400,200.900,207.450,200.300,207.300,7901,0,0
1540522800,204.050,205.200,200.450,202.050,7501,0,0
1540778400,204.650,207.600,204.050,205.650,6101,0,0
1540864800,205.900,206.200,201.250,202.300,6301,0,0
1540951200,205.750,209.650,205.750,208.450,5101,0,0
1541037600,207.650,208.100,203.700,203.900,5051,0,0
1541124000,207.750,208.650,205.550,206.850,5301,0,0
1541383200,206.850,208.200,205.450,207.050,5301,0,0
1541469600,207.950,207.950,203.850,206.000,6251,0,0
1541556000,198.450,203.350,195.175,198.475,16326,0,0
1541642400,199.825,202.650,199.275,200.800,5776,0,0
1541728800,200.150,204.250,199.425,204.150,5651,0,0
1541988000,204.650,205.100,201.150,201.550,4801,0,0
1542074400,203.950,207.000,202.950,206.700,5351,0,0
1542160800,206.000,208.450,204.650,206.900,6701,0,0
1542247200,207.050,209.050,203.150,205.150,9901,0,0
1542333600,206.550,207.850,201.250,205.150,11801,0,0
1542592800,205.350,205.700,200.050,200.250,6201,0,0
1542679200,199.275,201.250,195.600,198.875,10901,0,0
1542765600,202.050,204.350,199.675,204.350,7051,0,0
1542852000,204.200,205.150,201.150,201.600,5401,0,0
1542938400,201.350,203.950,200.050,202.750,6401,0,0
1543197600,204.150,204.950,199.025,199.175,6876,0,0
1543284000,200.200,201.600,198.375,199.750,6001,0,0
1543370400,200.250,201.350,198.375,199.050,4751,0,0
1543456800,199.875,201.150,197.575,198.650,5926,0,0
1543543200,197.900,198.925,193.175,195.425,9026,0,0
1543802400,198.100,199.875,197.275,198.300,5001,0,0
1543888800,197.375,199.425,197.075,197.975,4101,0,0
1543975200,196.300,198.650,196.175,196.325,4926,0,0
1544061600,194.975,195.950,192.525,192.525,4401,0,0
1544148000,195.050,200.800,195.050,195.975,10576,0,0
1544407200,194.225,194.850,192.275,192.450,3376,0,0
1544493600,192.900,198.425,192.450,198.200,6651,0,0
1544580000,198.300,200.250,197.625,199.450,4101,0,0
1544666400,200.125,201.150,198.925,199.825,4151,0,0
1544752800,197.950,198.650,194.525,194.700,5001,0,0
1545012000,193.450,194.175,185.200,186.700,11201,0,0
1545098400,185.950,188.700,183.700,186.625,9326,0,0
1545184800,186.875,189.075,186.325,187.350,5026,0,0
1545271200,184.000,185.325,182.775,183.750,4851,0,0
1545357600,183.275,185.575,179.125,184.950,11226,0,0
1545876000,185.150,185.300,178.125,179.875,9076,0,0
1545962400,180.775,183.700,180.750,182.550,4126,0,0
1546394400,183.025,186.925,181.300,184.375,9901,0,0
1546480800,182.750,186.900,182.300,184.125,7826,0,0
1546567200,186.050,191.325,185.425,191.050,6801,0,0
1546826400,189.425,191.300,189.100,189.400,4376,0,0
1546912800,189.825,197.100,189.525,194.250,10726,0,0
1546999200,195.600,198.150,192.775,194.000,9151,0,0
1547085600,192.875,196.225,192.775,194.850,4926,0,0
1547172000,196.000,198.125,195.575,196.750,4351,0,0
1547431200,194.875,198.025,194.425,197.100,4976,0,0
1547517600,198.250,199.225,195.975,199.175,5576,0,0
1547604000,199.700,200.200,196.525,197.600,5251,0,0
1547690400,197.000,200.250,196.775,199.625,4326,0,0
1547776800,200.300,205.350,200.100,203.750,7051,0,0
1548036000,203.900,206.050,203.400,205.550,3651,0,0
1548122400,205.100,208.350,204.550,205.750,6951,0,0
1548208800,205.200,207.750,204.950,207.400,3401,0,0
1548295200,201.050,203.550,200.250,201.850,5801,0,0
1548381600,204.050,206.950,203.650,204.050,6601,0,0
1548640800,202.950,204.550,202.250,203.050,4501,0,0
1548727200,202.800,204.950,202.250,204.100,4101,0,0
1548813600,203.350,206.650,203.350,206.150,3801,0,0
1548900000,206.400,207.400,205.350,207.350,3151,0,0
1548986400,204.750,205.150,197.575,199.025,9426,0,0
1549245600,199.300,199.450,194.750,195.975,6076,0,0
1549332000,197.200,203.050,196.900,202.950,6551,0,0
1549418400,202.950,203.650,201.850,201.950,2601,0,0
1549504800,200.750,202.750,198.875,199.500,6501,0,0
1549591200,199.250,200.750,197.850,198.200,4751,0,0
1549850400,197.875,200.550,197.825,199.750,3576,0,0
1549936800,201.450,202.050,200.025,201.250,3851,0,0
1550023200,202.250,202.750,198.350,198.550,5101,0,0
1550109600,199.275,202.350,195.475,197.025,11501,0,0
1550196000,196.900,199.250,194.825,199.250,6501,0,0
1550455200,199.050,199.300,197.075,198.325,3726,0,0
1550541600,198.350,202.150,197.750,201.750,5401,0,0
1550628000,202.150,202.650,201.150,202.100,2951,0,0
1550714400,202.700,204.450,201.950,203.250,4451,0,0
1550800800,202.950,203.900,201.650,203.900,3551,0,0
1551060000,204.950,211.050,204.850,211.000,6351,0,0
1551146400,209.050,214.450,208.850,214.150,6101,0,0
1551232800,212.700,213.950,211.650,213.400,3901,0,0
1551319200,212.700,214.450,211.400,213.850,4951,0,0
1551405600,214.550,218.350,214.350,216.350,6201,0,0
1551664800,217.200,218.050,216.050,216.200,3001,0,0
1551751200,215.050,216.650,214.650,216.400,2651,0,0
1551837600,216.200,219.850,215.900,218.000,6101,0,0
1551924000,217.050,218.450,215.150,215.850,5401,0,0
1552010400,213.200,214.250,209.250,210.300,7101,0,0
1552269600,211.600,213.550,210.950,212.550,4251,0,0
1552356000,214.950,215.550,207.900,209.300,9651,0,0
1552442400,200.350,206.850,197.300,203.700,15751,0,0
1552528800,204.450,214.250,204.250,213.100,11351,0,0
1552615200,211.350,213.450,209.850,213.250,5301,0,0
1552874400,211.250,212.850,206.250,207.050,9001,0,0
1552960800,206.750,212.400,206.650,211.300,6951,0,0
1553047200,210.750,214.550,209.750,210.000,8851,0,0
1553133600,209.550,210.050,206.850,208.700,5551,0,0
1553220000,209.100,211.750,208.550,209.150,6351,0,0
1553479200,208.800,213.350,207.950,213.050,6551,0,0
1553565600,213.000,214.850,212.800,213.950,3151,0,0
1553652000,214.750,215.750,213.250,213.800,4051,0,0
1553738400,214.300,217.250,214.250,215.200,5101,0,0
1553824800,216.200,217.750,215.100,216.650,4851,0,0
1554087600,218.125,219.525,216.550,219.350,4726,0,0
1554174000,219.700,222.125,219.575,221.725,3076,0,0
1554260400,223.700,223.950,221.975,223.950,3701,0,0
1554346800,223.525,226.425,221.925,226.100,6426,0,0
1554433200,227.400,228.400,225.200,227.675,6126,0,0
1554692400,227.575,227.900,224.150,224.625,4551,0,0
1554778800,224.725,226.425,223.825,224.950,4976,0,0
1554865200,224.600,226.400,224.225,226.250,2701,0,0
1554951600,226.700,227.275,224.825,225.250,3451,0,0
1555038000,225.350,226.500,224.825,225.500,3201,0,0
1555297200,225.125,227.025,224.275,226.525,4101,0,0
1555383600,227.425,230.150,227.275,229.800,3376,0,0
1555470000,229.450,230.825,227.925,229.625,5626,0,0
1555556400,229.550,232.225,228.875,231.875,4376,0,0
1555988400,231.475,231.775,229.325,231.175,4601,0,0
1556074800,230.500,232.525,229.700,230.425,5576,0,0
1556161200,229.075,230.100,227.300,228.925,5451,0,0
1556247600,228.600,229.500,227.350,229.075,3826,0,0
1556506800,229.600,230.025,226.625,228.000,5201,0,0
1556593200,228.275,229.850,227.925,228.975,3151,0,0
1556766000,227.975,229.025,225.125,228.450,7326,0,0
1556852400,240.250,247.550,240.250,247.550,7301,0,0
1557111600,243.425,253.425,242.825,253.300,11326,0,0
1557198000,253.550,255.125,249.975,250.275,7026,0,0
1557284400,249.600,256.275,249.375,256.100,7301,0,0
1557370800,254.750,256.450,247.800,249.525,12076,0,0
1557457200,250.775,254.650,250.750,252.425,6151,0,0
1557716400,251.950,253.350,245.725,245.825,9126,0,0
1557802800,246.400,250.700,244.275,250.275,8976,0,0
1557889200,251.575,253.000,246.875,252.950,10876,0,0
1557975600,252.550,253.275,249.550,250.575,5476,0,0
1558062000,250.250,255.975,249.950,255.625,6676,0,0
1558321200,254.950,255.850,250.550,250.775,6426,0,0
1558407600,250.950,258.600,250.400,258.100,9251,0,0
1558494000,258.750,264.675,257.225,263.450,10201,0,0
1558580400,260.975,262.275,258.350,259.450,6326,0,0
1558666800,261.425,262.725,258.450,259.350,6476,0,0
1558926000,261.325,262.275,259.825,261.950,4276,0,0
1559012400,263.300,265.075,260.350,263.375,9376,0,0
1559098800,262.725,263.275,257.525,257.850,6626,0,0
1559185200,258.800,261.275,256.725,258.500,8801,0,0
1559271600,253.425,256.750,251.375,256.375,7801,0,0
1559530800,254.600,259.875,254.425,258.750,6751,0,0
1559617200,256.725,258.650,254.975,258.450,5626,0,0
1559703600,257.425,261.675,256.275,257.300,10676,0,0
1559790000,257.900,261.575,257.875,260.550,4751,0,0
1559876400,261.175,266.400,261.175,265.475,6151,0,0
1560222000,267.000,268.400,262.125,262.325,7876,0,0
1560308400,258.125,258.875,254.325,257.450,8426,0,0
1560394800,257.425,259.925,256.650,259.575,4401,0,0
1560481200,258.525,261.125,257.925,260.650,4276,0,0
1560740400,259.775,264.225,258.975,263.125,7151,0,0
1560826800,263.250,273.375,262.150,273.350,12351,0,0
1560913200,274.575,274.775,266.600,268.000,9776,0,0
1560999600,269.500,272.350,269.050,269.400,6501,0,0
1561086000,269.375,272.075,267.300,268.550,8726,0,0
1561345200,269.250,270.700,264.125,264.725,8626,0,0
1561431600,264.825,265.875,262.175,262.850,5426,0,0
1561518000,266.750,275.625,266.575,270.925,13926,0,0
1561604400,272.250,272.925,265.825,266.000,7951,0,0
1561690800,267.125,272.775,267.125,271.225,7201,0,0
1561950000,274.075,275.725,272.475,274.950,5626,0,0
1562036400,271.800,274.475,270.975,273.550,5251,0,0
1562122800,274.875,279.500,274.725,279.175,5251,0,0
1562209200,280.325,280.800,276.375,278.200,6726,0,0
1562295600,279.425,280.550,274.475,276.600,9326,0,0
1562554800,276.225,280.675,276.175,280.400,4826,0,0
1562641200,279.975,283.100,279.775,281.425,5201,0,0
1562727600,282.050,282.050,277.025,278.475,6476,0,0
1562814000,279.500,281.150,277.325,278.100,6251,0,0
1562900400,278.675,279.950,275.425,275.825,6201,0,0
1563159600,277.275,279.925,275.800,278.950,6576,0,0
1563246000,277.850,280.700,277.225,280.325,4476,0,0
1563332400,280.725,283.175,280.450,280.575,5301,0,0
1563418800,281.025,283.150,277.175,281.450,11526,0,0
1563505200,281.400,282.975,277.625,279.325,8626,0,0
1563764400,279.300,283.950,278.525,283.625,6526,0,0
1563850800,284.300,286.575,280.675,283.400,10901,0,0
1563937200,283.425,284.625,281.400,281.775,4801,0,0
1564023600,283.200,286.375,280.425,282.900,11601,0,0
1564110000,281.850,289.050,280.400,288.950,10201,0,0
1564369200,289.325,289.675,285.525,288.725,7701,0,0
1564455600,288.825,290.225,278.800,278.800,12826,0,0
1564542000,281.025,289.400,279.525,288.900,11876,0,0
1564628400,289.275,296.725,286.375,296.025,13951,0,0
1564714800,289.900,290.750,279.525,280.300,12851,0,0
1564974000,274.725,277.650,264.350,267.500,19376,0,0
1565060400,269.125,272.675,268.750,270.200,6776,0,0
1565146800,272.750,276.325,271.350,273.525,9176,0,0
1565233200,264.425,272.475,254.050,265.375,35901,0,0
1565319600,264.650,265.800,258.850,259.525,8776,0,0
1565578800,260.750,263.425,258.725,262.000,8151,0,0
1565665200,260.950,263.600,256.150,261.900,13951,0,0
1565751600,262.325,264.150,254.025,255.025,12951,0,0
1565838000,256.500,259.700,253.150,256.750,12851,0,0
1565924400,257.000,258.900,254.650,258.425,7076,0,0
1566183600,261.000,261.475,257.900,259.225,5376,0,0
1566270000,259.350,262.550,259.275,261.275,4626,0,0
1566356400,261.825,266.125,261.775,265.375,5151,0,0
1566442800,265.150,265.925,261.800,262.075,5176,0,0
1566529200,263.375,264.525,260.100,261.350,6826,0,0
1566788400,258.400,262.700,258.050,260.650,7051,0,0
1566874800,261.425,264.800,260.725,263.100,6476,0,0
1566961200,262.975,264.075,258.825,263.850,9626,0,0
1567047600,264.625,267.650,263.700,266.100,6426,0,0
1567134000,267.225,271.775,267.025,270.075,6651,0,0
1567393200,268.350,270.650,266.775,270.350,5751,0,0
1567479600,270.525,271.850,268.125,270.275,7201,0,0
1567652400,275.225,275.450,271.525,274.575,7201,0,0
1567738800,275.350,280.025,275.300,279.025,5776,0,0
1567998000,279.650,280.150,276.700,276.950,4201,0,0
1568084400,276.725,276.775,266.375,269.550,13626,0,0
1568170800,270.550,271.975,267.675,271.025,8126,0,0
1568257200,271.175,277.425,271.050,275.350,8576,0,0
1568343600,275.300,275.800,270.850,272.975,7576,0,0
1568602800,271.675,272.225,267.725,268.025,5351,0,0
1568689200,268.475,273.000,266.800,270.375,10501,0,0
1568775600,270.550,274.200,270.050,273.325,5526,0,0
1568862000,273.750,275.725,271.500,275.000,7201,0,0
1568948400,274.900,276.975,274.075,275.525,5176,0,0
1569207600,273.750,274.425,270.675,272.275,6026,0,0
1569294000,272.850,276.500,271.725,273.650,8751,0,0
1569380400,275.750,276.850,269.050,270.350,10201,0,0
1569466800,270.350,279.000,269.550,278.250,11001,0,0
1569553200,279.675,284.800,279.625,284.275,5751,0,0
1569812400,284.450,286.325,281.975,285.975,7176,0,0
1569898800,287.575,289.050,281.175,282.150,10326,0,0
1569985200,281.775,282.450,269.550,270.700,14726,0,0
1570158000,271.225,271.600,265.700,270.875,11451,0,0
1570417200,270.275,273.125,269.625,271.775,5501,0,0
1570503600,272.775,274.575,270.125,271.325,7451,0,0
1570590000,270.800,278.850,270.275,277.125,10826,0,0
1570676400,279.600,281.325,273.825,279.175,14576,0,0
1570762800,278.925,279.625,272.000,279.400,14776,0,0
1571022000,278.775,281.050,278.725,280.400,3026,0,0
1571108400,283.200,288.300,281.625,287.125,9426,0,0
1571194800,286.075,287.050,280.700,282.750,9376,0,0
1571281200,282.575,285.300,281.325,282.950,7576,0,0
1571367600,282.950,283.875,277.800,280.150,9351,0,0
1571626800,281.750,282.775,277.050,281.150,10851,0,0
1571713200,281.400,281.625,277.575,279.425,6126,0,0
1571799600,279.700,280.550,270.350,273.950,14651,0,0
1571886000,274.575,276.050,271.850,273.650,7476,0,0
1571972400,273.200,275.650,272.050,274.975,5426,0,0
1572228000,274.625,280.925,274.425,278.650,8976,0,0
1572314400,279.100,280.575,275.400,275.700,6951,0,0
1572400800,274.850,277.850,271.275,277.700,10301,0,0
1572487200,278.600,280.300,276.550,277.475,6376,0,0
1572573600,278.250,280.200,277.775,279.775,3326,0,0
1572832800,280.825,287.350,278.150,286.875,12351,0,0
1572919200,285.600,286.100,280.250,280.975,7076,0,0
1573005600,284.825,285.700,267.650,267.825,19101,0,0
1573092000,269.325,275.875,268.025,274.225,10801,0,0
1573178400,273.750,275.100,269.875,271.525,8226,0,0
1573437600,271.425,272.175,269.700,270.125,3651,0,0
1573524000,269.925,270.400,267.600,270.400,5126,0,0
1573610400,268.500,270.900,266.400,266.700,7201,0,0
1573696800,266.600,267.575,264.325,266.200,6101,0,0
1573783200,267.800,267.800,264.100,267.075,6676,0,0
1574042400,271.375,273.300,269.150,270.050,6976,0,0
1574128800,271.800,276.275,270.750,271.425,10676,0,0
1574215200,272.150,274.075,267.900,273.025,11476,0,0
1574301600,271.850,273.675,270.200,273.225,5576,0,0
1574388000,273.550,275.450,272.025,272.875,6176,0,0
1574647200,274.750,277.050,274.200,275.175,5276,0,0
1574733600,275.650,278.250,273.575,277.700,7301,0,0
1574820000,279.225,282.825,278.500,282.825,5051,0,0
1574906400,281.125,283.550,280.475,281.725,5551,0,0
1574992800,281.700,286.725,280.825,283.800,9701,0,0
1575252000,284.150,288.300,274.075,274.075,18376,0,0
1575338400,276.925,279.950,275.750,278.500,6826,0,0
1575424800,279.450,281.500,276.500,278.450,9001,0,0
1575511200,279.050,280.025,275.700,276.375,5976,0,0
1575597600,277.000,280.675,276.450,278.925,6526,0,0
1575856800,278.525,279.325,274.775,275.325,5901,0,0
1575943200,273.000,275.475,268.750,273.975,12476,0,0
1576029600,275.300,278.900,274.425,278.200,6051,0,0
1576116000,279.300,282.475,276.975,279.525,10776,0,0
1576202400,282.525,282.700,277.450,278.150,6126,0,0
1576461600,279.450,287.150,279.225,286.500,8801,0,0
1576548000,285.475,288.225,283.850,286.375,7851,0,0
1576634400,286.550,290.450,285.275,290.100,6801,0,0
1576720800,289.900,290.725,287.700,288.400,4551,0,0
1576807200,288.550,291.650,286.450,290.650,8301,0,0
1577066400,292.425,294.975,291.025,291.450,6926,0,0
1577412000,293.750,294.200,290.550,292.050,5601,0,0
1577671200,291.400,292.550,289.525,290.575,5226,0,0
1577930400,289.475,293.275,289.350,292.025,5301,0,0
1578016800,290.075,292.300,288.375,291.100,6826,0,0
1578276000,288.775,290.600,285.175,290.275,9351,0,0
1578362400,290.650,296.550,290.600,294.725,7826,0,0
1578448800,293.650,302.825,293.650,301.650,10351,0,0
1578535200,307.700,310.525,304.975,310.075,8726,0,0
1578621600,311.575,311.850,307.425,309.625,6901,0,0
1578880800,310.500,311.825,308.400,309.575,5926,0,0
1578967200,309.850,315.350,308.200,312.900,11251,0,0
1579053600,313.750,315.800,311.950,315.125,6326,0,0
1579140000,316.350,317.300,313.400,314.175,5626,0,0
1579226400,315.025,315.775,309.625,311.275,8551,0,0
1579485600,311.925,312.025,308.500,309.525,4651,0,0
1579572000,307.625,310.950,306.250,309.925,7101,0,0
1579658400,312.850,316.150,311.825,314.175,7326,0,0
1579744800,313.225,314.000,308.950,310.950,7826,0,0
1579831200,313.025,316.075,311.725,314.225,7501,0,0
1580090400,307.475,308.025,300.375,300.975,8801,0,0
1580176800,300.400,301.575,293.175,301.225,15976,0,0
1580263200,302.550,302.550,294.925,295.350,8051,0,0
1580349600,291.425,296.625,291.175,293.000,9326,0,0
1580436000,294.350,296.300,287.675,287.950,10851,0,0
1580695200,285.950,287.700,281.800,284.975,10826,0,0
1580781600,286.125,292.375,286.125,291.125,7501,0,0
1580868000,287.975,294.725,286.050,290.300,15026,0,0
1580954400,292.950,293.150,286.250,289.950,10801,0,0
1581040800,287.625,290.400,286.475,288.500,6976,0,0
1581300000,287.600,288.850,285.100,285.950,5851,0,0
1581386400,286.800,291.150,283.700,286.625,14726,0,0
1581472800,288.025,291.225,286.700,290.575,6501,0,0
1581559200,288.525,289.925,284.325,287.100,9776,0,0
1581645600,287.075,289.975,286.500,288.925,5101,0,0
1581904800,289.550,291.925,288.200,291.175,5826,0,0
1581991200,289.275,290.925,285.075,285.825,8251,0,0
1582077600,286.775,294.650,277.025,291.775,30251,0,0
1582164000,292.400,292.675,286.725,287.375,6876,0,0
1582250400,283.350,286.875,280.450,281.825,11326,0,0
1582509600,273.775,273.775,263.825,263.850,9976,0,0
1582596000,269.875,271.450,262.425,265.125,13301,0,0
1582682400,261.825,266.850,254.525,263.000,23476,0,0
1582768800,257.025,259.600,252.500,257.300,13926,0,0
1582855200,246.200,252.300,243.500,246.500,17301,0,0
1583114400,253.475,258.025,244.025,247.100,21626,0,0
1583200800,249.775,256.350,248.300,254.025,11851,0,0
1583287200,251.000,254.300,248.050,251.150,12351,0,0
1583373600,253.450,254.375,247.525,249.375,9626,0,0
1583460000,242.825,245.075,237.825,241.750,13426,0,0
1583719200,212.950,232.125,209.975,228.625,28626,0,0
1583805600,229.775,234.900,220.450,223.625,22751,0,0
1583892000,212.200,214.225,195.200,200.500,26351,0,0
1583978400,186.670,191.830,166.120,171.500,36251,0,0
1584064800,178.170,184.120,168.920,170.350,22581,0,0
1584324000,163.170,183.020,162.170,179.510,25361,0,0
1584410400,180.940,180.940,163.590,173.340,27101,0,0
1584496800,167.660,174.090,165.560,170.990,13731,0,0
1584583200,168.530,179.430,164.700,179.240,18751,0,0
1584669600,186.750,195.540,185.430,192.000,14971,0,0
1584928800,182.680,186.930,178.660,181.450,15311,0,0
1585015200,190.500,194.310,186.890,193.440,11901,0,0
1585101600,204.800,213.075,198.790,209.550,23821,0,0
1585188000,206.375,214.750,203.150,214.175,15401,0,0
1585274400,212.000,214.900,206.300,208.350,13551,0,0
1585537200,209.125,210.075,199.330,204.625,16991,0,0
1585623600,210.500,216.150,203.425,205.450,20401,0,0
1585710000,199.375,202.600,197.025,199.725,10801,0,0
1585796400,200.350,201.900,194.225,197.450,12451,0,0
1585882800,195.975,196.400,188.025,190.525,11301,0,0
1586142000,195.650,200.750,193.325,199.650,10851,0,0
1586228400,206.500,213.600,205.350,207.900,15101,0,0
1586314800,207.200,215.650,206.350,214.950,10851,0,0
1586401200,221.050,225.900,215.850,224.100,17051,0,0
1586919600,222.200,223.850,215.050,215.500,10901,0,0
1587006000,214.800,216.350,209.550,211.300,10101,0,0
1587092400,217.500,223.550,217.150,219.550,10751,0,0
1587610800,206.650,210.650,204.250,209.700,9751,0,0
1587697200,203.850,207.700,202.500,205.050,9201,0,0
1587956400,197.600,216.200,197.325,205.200,30151,0,0
1588042800,208.050,210.150,201.500,203.550,12801,0,0
1588129200,205.000,213.650,199.750,211.950,20851,0,0
1588215600,214.650,217.750,210.250,211.950,12301,0,0
1588561200,203.000,203.600,193.100,194.175,12176,0,0
1588647600,196.850,199.300,193.900,197.675,9976,0,0
1588734000,199.225,200.350,193.050,200.050,13776,0,0
1588820400,200.150,210.450,199.400,209.150,13101,0,0
1588906800,211.750,212.800,206.600,207.750,8401,0,0
1589338800,199.025,199.175,198.325,198.725,1401,0,0
1590030000,217.550,218.750,214.650,216.250,6901,0,0
1590116400,213.300,218.550,211.600,217.300,9901,0,0
1590462000,229.500,229.950,228.750,229.250,2151,0,0
1590721200,237.050,238.050,234.800,237.250,6301,0,0
1591153200,244.700,250.450,242.700,250.350,9851,0,0
1591585200,261.200,261.650,256.050,256.500,6501,0,0
1591671600,259.250,259.850,247.650,253.400,18551,0,0
1591758000,253.500,255.550,246.450,248.800,13501,0,0
1591844400,242.600,242.750,236.050,236.550,7351,0,0
1591930800,230.550,239.400,228.750,229.050,19801,0,0
1592190000,223.800,233.000,222.750,232.800,11501,0,0
1592276400,238.150,243.300,235.400,238.900,15051,0,0
1592362800,240.400,242.750,238.100,240.450,9251,0,0
1592449200,240.300,241.700,237.350,240.750,8251,0,0
1592535600,242.950,245.000,239.750,240.050,7601,0,0
1592794800,234.500,237.600,232.900,233.750,8651,0,0
1592881200,239.050,244.950,238.200,241.350,11201,0,0
1592967600,242.350,242.400,235.850,236.250,7001,0,0
1593054000,234.800,240.650,232.000,239.350,12751,0,0
1593140400,237.400,239.250,232.500,233.100,9201,0,0
1593399600,232.050,235.150,228.750,232.150,12701,0,0
1593486000,232.650,235.450,230.800,233.650,8301,0,0
1593572400,235.550,237.350,229.150,235.050,15901,0,0
1593658800,236.600,243.150,235.650,242.900,8701,0,0
1593745200,245.050,245.600,240.750,241.350,6001,0,0
1595818800,238.550,240.850,234.500,240.750,10501,0,0
1595905200,239.300,241.150,236.050,238.000,8901,0,0
1595991600,238.650,245.250,236.500,242.950,13201,0,0
1596078000,241.700,242.850,231.850,233.050,13351,0,0
1596164400,234.200,238.350,231.250,234.450,13951,0,0
1596423600,234.600,239.850,233.050,238.800,9401,0,0
1596510000,239.850,241.650,233.750,236.600,12551,0,0
1596596400,238.700,242.200,237.650,239.650,8151,0,0
1596682800,242.600,250.200,241.450,246.250,13851,0,0
1596769200,246.050,249.000,241.000,248.100,13951,0,0
1597028400,251.600,257.050,249.550,254.650,11951,0,0
1597114800,257.200,266.250,257.200,263.050,12251,0,0
1597201200,262.600,264.550,258.450,264.250,10551,0,0
1597287600,264.300,270.850,264.250,268.650,8851,0,0
1597374000,266.600,266.950,262.550,265.350,7551,0,0
1597633200,265.300,268.350,265.300,268.050,3351,0,0
1597719600,267.050,270.750,265.650,267.250,10001,0,0
1597806000,267.250,267.250,261.150,262.450,7401,0,0
1597892400,259.300,261.400,257.800,259.250,7151,0,0
1597978800,260.850,261.700,254.150,257.750,12001,0,0
1598238000,260.650,263.950,258.400,258.950,9401,0,0
1598324400,259.600,261.450,256.250,257.050,7851,0,0
1598410800,254.400,257.950,252.800,256.950,7751,0,0
1598497200,258.150,258.700,255.500,255.900,4151,0,0
1598583600,253.400,255.200,251.050,252.350,7251,0,0
1598842800,254.800,259.250,254.050,256.450,8751,0,0
1598929200,255.450,256.500,250.250,253.650,10701,0,0
1599015600,257.850,267.400,257.200,266.250,12001,0,0
1599102000,268.850,273.250,268.050,268.150,9701,0,0
1599188400,264.500,269.450,261.000,262.750,15151,0,0
1599447600,264.200,266.950,263.650,265.050,5751,0,0
1599534000,265.350,265.350,255.800,260.550,14301,0,0
1599620400,259.050,267.250,258.850,266.800,9051,0,0
1599706800,265.900,273.350,265.900,272.050,8751,0,0
1599793200,272.200,275.200,270.650,274.350,6951,0,0
1600052400,276.650,278.900,274.100,275.750,8701,0,0
1600138800,276.150,279.150,275.850,278.500,4251,0,0
1600225200,279.300,284.550,279.250,281.750,8151,0,0
1600311600,277.750,280.350,275.850,279.550,7201,0,0
1600398000,278.900,282.750,278.450,280.400,7101,0,0
1600657200,279.200,280.000,268.350,270.200,14301,0,0
1600743600,271.000,272.800,269.950,271.800,4901,0,0
1600830000,281.050,289.950,280.600,284.650,15101,0,0
1600916400,281.250,283.600,276.300,276.850,10201,0,0
1601002800,279.250,279.550,273.100,276.350,10001,0,0
1601262000,282.200,285.450,280.100,283.100,9801,0,0
1601348400,281.750,282.950,279.750,280.850,5501,0,0
1601434800,278.850,280.250,277.050,278.150,5701,0,0
1601521200,279.000,281.200,276.550,279.550,8751,0,0
1601607600,277.150,279.250,274.850,275.650,7301,0,0
1601866800,278.100,279.600,271.150,272.650,11451,0,0
1601953200,272.650,277.350,272.000,275.750,7601,0,0
1602039600,278.200,279.450,276.600,277.650,5151,0,0
1602126000,278.400,279.850,275.750,277.150,6951,0,0
1602212400,277.500,282.150,277.400,282.050,4951,0,0
1602471600,283.250,286.450,281.250,285.850,7801,0,0
1602558000,285.950,286.450,284.050,284.900,3751,0,0
1602644400,286.300,286.700,283.550,285.650,5651,0,0
1602730800,282.850,283.250,274.700,276.250,10501,0,0
1602817200,278.650,286.550,278.450,285.850,9001,0,0
1603076400,284.700,286.500,283.100,284.950,6551,0,0
1603162800,283.700,285.350,281.150,282.550,7251,0,0
1603249200,281.400,281.450,276.150,276.250,5451,0,0
1603335600,270.200,284.250,270.100,281.550,16951,0,0
1603422000,280.400,284.950,280.100,281.300,8801,0,0
1603677600,279.450,280.600,273.050,273.350,9001,0,0
1603764000,274.650,275.200,270.250,272.350,7601,0,0
1603850400,265.500,268.350,254.750,256.500,18201,0,0
1603936800,259.000,264.050,258.650,262.650,7151,0,0
1604282400,256.750,261.200,253.450,259.950,12301,0,0
1604368800,262.450,268.800,260.900,267.950,10301,0,0
1604455200,264.200,268.700,261.100,267.400,12001,0,0
1604541600,271.900,276.950,271.250,275.750,7551,0,0
1604628000,272.450,278.050,271.050,275.950,10501,0,0
1604887200,284.700,306.750,282.550,299.650,33451,0,0
1604973600,291.150,296.650,276.250,278.800,28451,0,0
1605060000,279.100,282.750,270.150,279.850,24451,0,0
1605146400,276.600,281.950,273.900,274.150,13651,0,0
1605232800,272.800,274.900,268.550,269.950,9851,0,0
1605492000,273.900,279.200,273.550,276.600,8601,0,0
1605578400,277.650,278.200,273.550,277.000,8651,0,0
1605664800,277.700,286.450,276.900,283.950,12851,0,0
1605751200,281.400,285.350,280.600,281.250,9351,0,0
1605837600,280.250,282.950,279.750,280.400,6251,0,0
1606096800,281.250,281.450,280.050,280.750,2301,0,0
1606183200,281.750,282.300,276.250,278.550,8901,0,0
1606269600,280.850,281.450,272.450,273.050,10201,0,0
1606356000,274.150,275.050,272.550,274.200,4951,0,0
1606442400,273.950,276.250,271.550,272.600,8051,0,0
1606701600,269.350,273.150,267.950,270.650,9101,0,0
1606788000,271.200,273.450,269.000,273.300,6801,0,0
1606874400,270.950,273.950,268.350,269.050,9301,0,0
1606960800,269.150,275.750,268.150,273.850,10501,0,0
1607047200,274.250,276.050,272.650,275.300,5751,0,0
1607306400,273.500,279.650,272.450,279.400,8501,0,0
1607392800,278.250,282.450,277.450,280.700,7551,0,0
1607479200,281.550,284.250,278.800,284.200,8251,0,0
1607565600,284.450,289.150,284.450,287.650,6201,0,0
1607652000,287.100,287.750,281.600,283.100,8301,0,0
1607911200,284.750,288.750,283.750,288.000,6751,0,0
1607997600,286.800,290.650,286.750,290.100,4501,0,0
1608084000,292.150,295.650,287.050,290.350,15401,0,0
1608170400,294.200,299.200,293.300,298.650,7351,0,0
1608516000,286.450,289.450,280.150,287.900,17151,0,0
1608602400,289.950,293.400,288.100,293.400,7151,0,0
1608688800,293.550,294.350,290.350,294.200,7351,0,0
1609120800,296.600,298.800,295.150,298.600,5301,0,0
1609207200,300.750,302.800,298.550,299.850,7601,0,0
1609293600,298.750,300.250,297.650,298.900,5051,0,0
1609725600,299.850,300.500,292.950,294.750,10001,0,0
1609812000,292.650,295.500,288.250,289.550,11401,0,0
1609898400,290.600,292.650,286.800,292.450,9851,0,0
1609984800,293.550,293.950,289.350,290.450,6101,0,0
1610071200,292.650,296.900,291.850,294.750,8001,0,0
1610330400,293.500,294.750,289.800,292.300,8701,0,0
1610416800,292.200,295.350,287.750,288.200,11201,0,0
1610503200,288.250,289.400,284.450,286.950,8601,0,0
1610589600,289.650,291.650,288.450,290.100,5951,0,0
1610676000,288.100,288.100,278.550,281.800,12801,0,0
1610935200,279.750,294.550,279.650,294.200,15351,0,0
1611021600,296.400,296.650,287.050,287.300,10101,0,0
1611108000,288.750,290.450,284.800,285.250,7801,0,0
1611194400,286.500,287.650,283.300,286.200,8401,0,0
1611280800,283.750,286.050,278.100,278.100,10251,0,0
1611540000,277.750,277.750,268.650,270.400,10851,0,0
1611626400,269.450,279.500,269.200,277.200,12851,0,0
1611712800,275.850,276.950,263.650,271.600,22351,0,0
1611799200,268.100,271.450,266.150,267.050,9551,0,0
1611885600,262.350,265.350,259.450,262.950,11201,0,0
1612144800,264.450,273.500,263.950,271.400,12151,0,0
1612231200,275.300,279.150,273.050,279.000,8501,0,0
1612317600,279.600,279.750,274.150,275.400,7001,0,0
1612404000,274.600,278.350,273.550,275.200,9001,0,0
1612490400,274.350,279.900,274.350,278.550,6901,0,0
1612749600,280.450,281.750,276.900,278.400,7651,0,0
1612836000,278.900,284.900,278.750,283.900,7301,0,0
1612922400,284.750,285.950,279.600,279.600,7551,0,0
1613008800,284.050,292.450,283.300,292.300,10051,0,0
1613095200,291.750,293.150,289.550,292.100,6851,0,0
1613354400,293.200,297.950,291.900,297.500,7801,0,0
1613440800,296.800,297.650,292.150,294.700,8901,0,0
1613527200,294.150,295.550,290.450,291.400,7451,0,0
1613613600,289.900,293.050,288.250,289.100,8801,0,0
1613700000,289.700,297.250,289.700,295.150,9651,0,0
1613959200,291.650,294.700,288.250,291.350,12601,0,0
1614045600,294.700,295.350,286.050,289.750,13651,0,0
1614132000,289.250,294.550,285.650,288.200,16751,0,0
1614218400,290.650,295.150,289.800,292.350,9001,0,0
1614304800,288.950,293.100,288.150,288.300,9251,0,0
1614564000,293.750,295.600,292.100,293.000,6251,0,0
1614650400,292.150,293.250,288.550,290.900,8151,0,0
1614736800,289.650,293.100,286.550,289.500,12951,0,0
1614823200,289.500,289.500,279.350,280.450,11251,0,0
1614909600,278.100,280.450,271.650,272.200,11701,0,0
1615168800,273.600,282.050,271.650,280.000,14401,0,0
1615255200,281.000,287.250,279.700,282.750,13351,0,0
1615341600,282.300,306.600,281.950,290.300,41301,0,0
1615428000,293.550,301.050,292.200,299.300,11951,0,0
1615514400,298.500,301.250,295.900,299.950,9251,0,0
1615773600,298.750,298.950,292.650,294.450,8301,0,0
1615860000,293.950,295.350,288.550,288.700,8351,0,0
1615946400,287.200,289.350,282.250,286.100,13101,0,0
1616032800,285.350,288.150,284.300,287.550,5501,0,0
1616119200,283.200,286.500,279.550,282.050,12751,0,0
1616378400,279.650,282.950,277.350,278.000,9551,0,0
1616464800,276.650,283.050,273.800,281.950,13201,0,0
1616551200,279.500,283.400,276.700,279.750,13151,0,0
1616637600,273.050,273.250,259.750,261.550,15501,0,0
1616724000,266.750,267.850,259.350,262.350,12601,0,0
1616986800,261.850,268.750,261.850,263.650,12001,0,0
1617073200,264.350,265.100,262.450,265.050,4601,0,0
1617159600,265.700,266.550,263.800,265.600,5401,0,0
1617246000,267.700,271.875,266.075,270.350,8951,0,0
1617678000,276.325,277.600,272.175,276.550,10626,0,0
1617764400,275.800,275.800,271.025,271.225,4976,0,0
1617850800,271.975,277.550,270.750,276.750,8826,0,0
1617937200,276.900,282.350,275.675,278.950,11301,0,0
1618196400,282.125,284.225,280.725,282.350,6776,0,0
1618282800,282.175,283.325,279.850,280.500,5276,0,0
1618369200,280.300,281.400,275.075,277.125,9476,0,0
1618455600,277.825,278.600,273.425,276.775,9301,0,0
1618542000,276.675,279.200,273.525,277.900,10126,0,0
1618801200,277.625,282.625,276.950,277.975,11001,0,0
1618887600,276.400,277.100,267.950,268.725,10626,0,0
1618974000,270.400,273.450,269.050,271.500,7701,0,0
1619060400,273.175,273.350,268.975,270.300,5876,0,0
1619146800,268.850,270.825,264.125,266.150,10701,0,0
1619406000,265.975,267.900,265.400,265.950,4976,0,0
1619492400,264.600,266.025,261.525,262.300,6701,0,0
1619578800,262.100,264.500,258.625,258.800,8451,0,0
1619665200,260.525,265.125,259.400,260.200,11126,0,0
1619751600,260.425,263.100,256.600,256.925,9501,0,0
1620010800,258.950,261.900,257.550,259.775,7876,0,0
1620097200,260.475,261.025,252.025,252.150,9676,0,0
1620183600,253.475,260.150,253.050,259.600,8076,0,0
1620270000,260.375,261.775,254.500,258.225,12401,0,0
1620356400,280.525,281.575,275.500,281.200,11476,0,0
1620615600,284.600,288.575,282.050,287.650,10001,0,0
1620702000,283.500,285.100,280.625,283.875,8576,0,0
1620788400,286.375,288.950,286.050,286.875,5301,0,0
1620874800,282.950,286.300,277.200,284.950,16201,0,0
1620961200,288.575,289.800,285.750,288.725,7951,0,0
1621566000,299.550,301.475,299.075,301.450,2901,0,0
1621911600,304.150,304.400,299.575,299.975,5476,0,0
1621998000,298.650,299.425,294.475,297.300,8551,0,0
1622084400,294.725,298.375,293.325,297.475,7351,0,0
1622170800,298.700,299.900,295.075,299.275,9076,0,0
1622430000,299.100,302.925,298.800,299.200,8151,0,0
1622516400,300.625,301.025,296.600,297.325,5551,0,0
1622602800,298.925,299.200,295.850,297.650,5426,0,0
1622689200,298.525,299.875,295.350,298.500,9026,0,0
1622775600,297.775,299.250,295.525,297.075,6751,0,0
1623034800,296.375,298.700,293.525,297.525,9201,0,0
1623121200,295.675,297.975,294.400,295.375,6851,0,0
1623207600,296.500,296.575,292.350,292.950,4901,0,0
1623294000,294.200,294.675,290.125,291.675,6576,0,0
1623380400,293.475,296.975,291.500,294.300,10126,0,0
1624244400,285.800,290.475,284.925,289.775,7126,0,0
1624330800,289.100,290.675,287.275,290.475,5426,0,0
1624417200,291.475,293.250,288.750,292.950,7526,0,0
1624503600,292.550,293.775,291.200,293.025,4676,0,0
1624590000,301.600,310.175,299.850,309.375,12876,0,0
1624849200,310.950,312.625,308.775,311.075,7576,0,0
1624935600,309.850,319.200,309.500,317.800,11451,0,0
1625022000,316.800,320.425,312.525,313.425,12426,0,0
1625108400,314.950,320.475,314.175,315.525,12026,0,0
1625194800,315.450,318.925,315.050,316.125,7076,0,0
1626663600,310.375,310.375,301.400,305.400,12976,0,0
1626750000,307.550,309.750,303.950,306.125,10176,0,0
1626836400,308.750,309.975,306.400,309.075,6826,0,0
1626922800,310.325,311.425,308.825,311.025,4501,0,0
1627009200,312.850,317.350,312.050,317.075,6376,0,0
1627268400,314.700,316.100,312.475,312.625,5176,0,0
1627354800,311.025,313.175,307.850,309.875,9501,0,0
1627441200,308.525,310.900,307.700,309.475,5451,0,0
1627527600,309.125,310.175,306.825,309.150,6676,0,0
1627614000,305.425,308.525,304.400,306.425,7251,0,0
1627873200,309.125,317.525,308.900,317.475,8901,0,0
1627959600,318.325,324.175,317.025,322.075,10551,0,0
1628046000,325.550,334.625,325.050,333.425,11276,0,0
1628132400,324.525,325.725,316.750,318.925,12351,0,0
1628218800,315.225,316.000,311.075,311.475,6101,0,0
1628478000,310.250,315.075,308.400,314.125,9476,0,0
1628564400,313.050,314.025,308.075,308.350,7201,0,0
1628650800,309.300,309.325,305.425,307.825,6326,0,0
1628737200,307.450,309.650,307.250,308.925,3326,0,0
1628823600,316.600,320.975,315.525,319.125,8376,0,0
1629169200,313.725,314.075,310.900,311.375,4001,0,0
1629255600,310.475,310.875,304.625,306.600,8626,0,0
1629342000,303.450,304.250,297.400,303.900,13251,0,0
1629428400,302.200,303.625,298.325,301.850,10251,0,0
1629687600,306.100,307.950,305.425,307.625,3526,0,0
1629774000,309.275,309.325,302.325,304.925,9651,0,0
1629860400,309.650,310.650,306.475,307.025,5726,0,0
1629946800,305.600,307.275,301.450,304.325,10376,0,0
1630033200,304.625,306.600,302.625,304.275,7601,0,0
1630292400,304.575,305.050,301.725,302.225,4301,0,0
1630378800,303.000,304.125,297.900,299.075,8526,0,0
1630465200,301.825,306.400,300.575,301.775,11601,0,0
1630551600,301.075,305.325,299.750,300.675,10751,0,0
1630638000,301.175,303.075,295.525,298.125,12051,0,0
1630897200,300.475,302.200,299.925,300.025,4101,0,0
1630983600,298.750,303.425,297.425,301.325,9426,0,0
1631070000,300.175,301.450,297.025,298.025,6701,0,0
1631156400,296.625,299.750,294.475,299.325,7851,0,0
1631242800,298.800,304.275,297.975,299.825,11576,0,0
1631502000,299.125,301.325,296.800,298.075,8001,0,0
1631588400,296.350,297.350,292.050,292.425,6676,0,0
1631674800,292.600,293.575,283.425,284.600,12301,0,0
1631761200,286.975,287.400,284.100,286.075,5701,0,0
1631847600,287.650,288.750,282.025,282.175,7976,0,0
1632106800,276.900,280.950,274.025,279.775,10976,0,0
1632193200,282.150,283.750,279.650,281.625,7676,0,0
1632279600,284.950,286.950,281.100,284.825,11576,0,0
1632366000,286.225,291.025,284.925,289.775,8651,0,0
1632452400,282.225,282.725,277.550,280.425,8551,0,0
1632711600,284.200,287.175,277.675,278.725,13526,0,0
1632798000,275.400,276.625,268.025,268.425,10226,0,0
1632884400,270.250,272.550,268.225,270.875,8026,0,0
1632970800,273.575,275.725,271.125,272.475,8101,0,0
1633057200,270.425,275.350,266.850,271.300,16126,0,0
1633316400,265.100,266.700,261.850,263.150,7751,0,0
1633402800,266.750,268.100,262.850,264.025,7776,0,0
1633489200,261.125,263.125,257.850,262.250,9426,0,0
1633575600,264.450,266.950,262.675,266.925,6076,0,0
1633662000,266.700,268.200,261.825,262.425,8476,0,0
1633921200,261.625,263.350,259.425,261.475,7701,0,0
1634007600,258.425,261.825,257.100,259.625,8251,0,0
1634094000,260.450,265.500,260.100,264.475,6776,0,0
1634180400,265.100,270.325,261.975,266.525,15276,0,0
1634266800,268.150,275.175,267.950,275.150,7451,0,0
1634526000,272.725,273.325,269.625,272.275,6951,0,0
1634612400,272.600,273.050,267.725,268.025,6076,0,0
1634698800,267.700,269.650,265.075,268.975,7876,0,0
1634785200,267.375,276.850,266.450,276.625,11551,0,0
1634871600,275.725,278.925,273.350,277.775,9101,0,0
1635130800,278.700,279.825,276.650,277.625,5276,0,0
1635217200,278.950,281.925,278.100,280.325,6276,0,0
1635303600,279.400,282.775,278.925,279.475,7626,0,0
1635390000,279.125,285.025,278.850,282.675,8801,0,0
1635476400,282.725,283.775,279.550,281.975,7701,0,0
1635732000,283.150,286.200,282.725,285.425,4676,0,0
1635818400,284.800,286.825,283.075,285.875,6426,0,0
1635904800,286.125,295.400,285.950,291.375,13651,0,0
1635991200,294.100,296.025,292.775,293.225,5626,0,0
1636077600,292.975,300.325,292.975,298.600,9076,0,0
1636336800,298.025,298.100,293.775,294.775,5401,0,0
1636423200,294.275,296.925,293.175,294.725,7051,0,0
1636509600,280.350,288.350,275.175,286.975,19726,0,0
1636596000,281.475,285.175,279.225,280.800,11226,0,0
1636682400,281.400,284.025,279.325,280.325,8326,0,0
1636941600,279.800,284.050,279.775,282.125,6226,0,0
1637028000,281.975,287.150,281.875,286.925,5601,0,0
1637114400,287.575,287.825,283.850,284.375,4751,0,0
1637200800,284.275,285.600,281.675,282.875,6451,0,0
1637287200,284.575,284.675,278.650,282.575,10051,0,0
1637546400,283.075,283.075,278.050,279.700,6676,0,0
1637632800,276.475,276.825,271.225,272.125,6851,0,0
1637719200,270.800,272.200,266.875,268.675,8526,0,0
1637805600,270.275,270.275,267.575,268.525,3651,0,0
1637892000,257.825,260.625,253.050,254.525,11851,0,0
1638151200,257.775,260.225,253.425,255.150,10976,0,0
1638237600,251.700,258.775,248.450,256.225,16126,0,0
1638324000,258.500,263.725,254.250,262.550,14901,0,0
1638410400,258.825,259.625,254.400,255.700,7326,0,0
1638496800,259.775,259.850,247.625,247.775,12451,0,0
1638756000,251.625,257.575,250.600,256.250,9326,0,0
1638842400,260.925,265.800,260.450,265.475,6151,0,0
1638928800,266.500,266.975,262.600,262.700,4951,0,0
1639015200,263.700,263.700,259.350,260.250,5251,0,0
1639101600,256.475,258.000,253.625,254.025,6301,0,0
1639965600,246.275,247.825,242.925,244.375,7901,0,0
1640052000,249.375,249.950,245.925,246.250,4926,0,0
1640138400,247.075,250.075,246.175,249.375,5501,0,0
1640224800,251.100,253.100,248.450,251.500,8901,0,0
1640570400,250.875,254.225,249.850,253.050,6576,0,0
1640656800,252.875,255.575,252.375,254.325,4951,0,0
1640743200,253.550,256.450,252.875,254.125,6576,0,0
1640829600,253.225,254.750,252.200,253.725,4601,0,0
1641175200,254.100,259.975,253.925,259.500,6701,0,0
1641261600,259.825,262.950,258.200,258.400,8076,0,0
1641348000,259.575,263.675,259.425,262.075,6001,0,0
1641434400,257.275,257.775,251.075,252.525,8651,0,0
1641520800,252.650,252.650,245.625,246.375,7776,0,0
1641780000,246.250,248.875,243.475,243.775,8326,0,0
1641866400,249.550,257.975,249.275,256.575,10376,0,0
1641952800,257.150,257.525,251.425,254.100,9151,0,0
1642039200,252.575,257.375,251.650,254.925,9101,0,0
1642125600,253.150,255.075,251.775,252.725,6176,0,0
1642384800,253.900,256.975,251.975,252.275,8376,0,0
1642471200,252.400,258.650,248.450,255.825,16976,0,0
1642557600,251.850,258.200,251.850,253.975,10576,0,0
1642644000,255.250,257.075,255.250,256.050,2851,0,0
1642730400,250.575,255.675,248.025,249.800,14526,0,0
1642989600,249.075,251.400,240.500,242.975,15701,0,0
1643076000,243.550,244.225,235.775,237.875,11226,0,0
1643162400,240.625,247.075,240.075,244.025,10601,0,0
1643248800,237.525,244.575,237.525,243.550,8076,0,0
1643335200,241.175,242.000,231.575,236.025,15701,0,0
1643767200,245.425,247.650,244.500,247.275,4451,0,0
1643853600,246.575,246.925,241.175,243.000,7926,0,0
1643940000,242.800,243.775,239.250,240.950,7201,0,0
1644199200,242.125,242.375,239.350,241.575,5501,0,0
1644285600,240.200,241.075,235.775,238.675,9076,0,0
1644372000,241.125,246.025,241.100,244.750,6226,0,0
1644458400,245.775,248.100,240.800,243.425,12251,0,0
1644544800,240.225,242.350,236.300,236.875,8751,0,0
1644804000,230.625,232.725,226.625,230.775,12051,0,0
1644890400,230.100,235.950,229.500,235.325,7676,0,0
1644976800,236.700,237.850,232.950,234.275,7376,0,0
1645063200,234.750,236.125,229.250,229.325,8326,0,0
1645149600,230.025,233.375,228.175,228.275,8651,0,0
1645408800,230.650,231.775,222.350,226.900,15101,0,0
1645495200,218.225,224.725,217.050,224.125,9451,0,0
1645581600,221.575,224.100,217.875,217.975,8851,0,0
1645668000,202.150,214.600,200.525,209.300,21001,0,0
1645754400,212.975,214.350,208.425,212.325,11201,0,0
1646013600,209.850,212.125,206.500,211.775,9326,0,0
1646100000,212.675,214.750,204.275,204.625,12901,0,0
1646186400,201.875,206.550,200.500,206.350,7626,0,0
1646272800,205.400,208.400,200.175,200.225,11276,0,0
1646359200,196.570,197.670,188.290,188.290,10481,0,0
1646618400,177.070,183.350,170.120,177.960,25571,0,0
1646704800,172.130,186.980,172.050,184.620,17371,0,0
1646791200,198.170,213.000,195.240,210.200,23491,0,0
1646877600,211.150,211.450,196.680,197.740,16131,0,0
1646964000,199.010,211.400,198.820,205.600,18571,0,0
1647223200,207.100,210.850,205.050,207.075,11576,0,0
1647309600,204.700,205.425,197.790,201.100,11671,0,0
1647396000,209.325,217.625,208.150,213.800,14476,0,0
1647482400,215.775,217.000,210.500,212.250,9476,0,0
1647568800,214.350,215.975,210.425,215.725,9726,0,0
1647828000,216.550,219.850,212.500,214.250,12401,0,0
1647914400,215.625,220.725,215.625,216.425,9401,0,0
1648000800,218.275,218.375,211.275,212.450,8376,0,0
1648087200,211.175,213.025,208.000,209.350,8226,0,0
1648173600,213.700,216.700,211.675,211.875,8226,0,0
1648436400,213.150,216.650,212.275,214.100,7801,0,0
1648522800,217.000,218.050,213.425,216.850,9101,0,0
1648609200,218.225,218.425,213.650,215.875,7201,0,0
1648695600,217.375,219.250,211.850,212.400,9826,0,0
1648782000,212.300,212.975,209.575,210.825,5326,0,0
1649041200,210.700,212.825,207.250,211.700,10151,0,0
1649127600,211.800,213.900,208.875,208.925,7176,0,0
1649214000,209.100,209.725,200.100,202.700,12851,0,0
1649300400,203.225,207.150,201.550,205.125,9301,0,0
1649386800,205.800,207.625,203.850,207.400,5951,0,0
1649646000,204.850,205.925,201.150,202.950,7651,0,0
1649732400,200.090,204.375,197.340,201.950,12211,0,0
1649818800,199.030,199.740,194.160,196.850,8981,0,0
1649905200,199.090,199.960,196.570,199.760,6111,0,0
1650337200,198.640,204.775,197.710,203.650,9121,0,0
1650423600,203.500,208.750,200.750,207.950,11551,0,0
1650510000,206.950,209.175,205.000,206.925,8326,0,0
1650596400,203.050,205.200,199.850,200.400,8051,0,0
1650855600,194.280,197.550,191.520,193.090,10871,0,0
1650942000,195.000,195.130,188.710,188.750,6591,0,0
1651028400,189.100,189.100,183.180,183.700,6441,0,0
1651114800,187.010,189.100,184.120,187.370,9601,0,0
1651201200,191.400,195.740,190.570,192.800,8941,0,0
1651460400,190.300,196.510,189.520,194.200,10081,0,0
1651546800,193.850,196.610,190.260,191.960,10811,0,0
1651633200,191.900,195.350,191.400,193.650,6151,0,0
1651719600,198.970,201.050,187.550,187.550,15581,0,0
1651806000,183.400,183.400,175.720,180.800,12761,0,0
1652065200,176.830,181.000,174.900,175.400,10771,0,0
1652151600,176.120,178.890,173.670,174.630,8951,0,0
1652238000,176.540,183.880,175.200,182.420,11481,0,0
1652324400,176.500,181.190,174.910,181.010,8051,0,0
1652410800,177.250,180.980,175.220,179.760,9011,0,0
1652670000,179.330,181.700,177.800,179.560,7571,0,0
1652756400,181.610,186.840,180.420,182.900,11551,0,0
1652842800,183.610,184.150,176.020,176.550,9201,0,0
1652929200,172.190,172.660,169.520,172.060,6151,0,0
1653015600,170.190,175.330,168.300,173.290,10961,0,0
1653274800,176.290,177.130,172.390,174.520,7711,0,0
1653361200,172.800,175.320,170.820,171.860,8061,0,0
1653447600,173.480,173.480,165.790,171.540,13441,0,0
1653534000,173.130,177.220,173.020,176.670,4861,0,0
1653620400,178.160,180.920,175.530,179.780,9161,0,0
1653879600,183.670,185.860,183.050,184.910,4381,0,0
1653966000,184.050,187.420,183.430,185.160,6871,0,0
1654052400,185.970,186.530,182.550,182.600,4591,0,0
1654138800,182.810,188.150,182.810,186.810,6681,0,0
1654225200,188.860,191.150,186.690,186.820,6881,0,0
1654484400,188.900,190.140,186.730,188.830,6751,0,0
1654570800,186.850,187.120,182.540,185.560,7871,0,0
1654657200,188.160,188.800,184.440,186.300,6861,0,0
1654743600,184.960,186.050,180.710,181.090,6811,0,0
1654830000,179.720,180.430,175.850,176.830,6271,0,0
1655089200,172.070,174.680,169.470,169.890,8241,0,0
1655175600,167.670,169.450,164.940,165.820,7171,0,0
1655348400,165.310,165.550,160.230,161.320,6651,0,0
1655434800,162.890,167.600,162.380,164.640,8691,0,0
1655694000,169.150,169.150,164.970,166.070,5281,0,0
1655780400,166.280,169.170,165.810,166.740,6261,0,0
1655866800,163.670,167.030,161.260,164.760,10451,0,0
1655953200,163.870,168.130,163.600,167.400,5531,0,0
1656039600,166.630,172.840,165.750,171.620,9191,0,0
1656298800,172.350,175.840,171.210,172.020,8931,0,0
1656385200,171.340,173.170,169.470,171.280,7341,0,0
1656471600,167.060,171.920,166.780,170.320,7021,0,0
1656558000,167.970,168.570,165.150,167.890,6761,0,0
1656644400,167.000,169.790,165.660,167.710,7551,0,0
1656903600,168.130,169.380,166.520,167.750,5341,0,0
1656990000,168.760,170.100,165.190,166.870,7931,0,0
1657076400,166.190,166.540,157.240,165.350,17761,0,0
1657162800,164.960,169.860,164.260,168.480,7681,0,0
1657249200,168.620,169.700,165.260,167.880,8141,0,0
1657508400,165.050,166.710,162.090,163.000,7191,0,0
1657594800,161.660,161.720,158.730,160.190,4511,0,0
1657681200,160.270,163.980,158.020,160.410,11781,0,0
1657767600,159.650,163.560,153.520,154.590,15021,0,0
1657854000,155.140,159.520,153.700,159.510,7271,0,0
1659322800,167.780,173.200,166.640,171.830,9071,0,0
1659409200,170.490,170.740,165.020,166.170,7121,0,0
1659495600,166.110,170.880,165.310,170.690,6561,0,0
1659582000,170.850,178.600,170.270,174.170,13341,0,0
1659668400,175.220,178.070,171.760,172.500,9901,0,0
1659927600,172.830,175.540,172.300,174.840,4471,0,0
1660014000,175.700,176.180,169.380,169.440,7341,0,0
1660100400,167.420,173.600,164.110,173.500,12901,0,0
1660186800,174.510,176.110,171.160,172.510,7901,0,0
1660273200,172.000,173.310,170.210,171.630,5831,0,0
1660532400,174.120,174.950,171.290,172.270,5471,0,0
1660618800,172.020,172.240,170.020,171.930,4351,0,0
1660705200,173.790,176.140,169.060,169.210,9581,0,0
1660791600,169.730,171.680,166.090,166.750,8201,0,0
1660878000,165.130,168.230,165.100,165.710,5681,0,0
1661137200,163.930,164.520,156.980,157.200,8351,0,0
1661223600,156.760,159.930,155.850,156.360,7761,0,0
1661310000,155.410,158.350,153.550,158.240,6771,0,0
1661396400,159.950,160.430,156.920,158.620,5691,0,0
1661482800,159.400,159.470,151.080,151.140,8521,0,0
1661767200,150.320,150.860,149.570,150.860,12680,0,0
1661770800,150.880,151.590,149.530,150.000,17550,0,0
1661774400,149.970,150.190,148.900,149.760,13730,0,0
1661778000,149.770,150.040,149.260,149.710,10179,0,0
1661781600,149.700,150.260,149.510,149.810,7827,0,0
1661785200,149.820,150.150,149.630,150.030,7869,0,0
1661788800,150.020,150.390,149.030,149.250,9060,0,0
1661792400,149.250,150.550,149.070,149.950,16780,0,0
1661796000,149.940,150.160,149.190,149.910,7265,0,0
1661853600,148.910,149.510,147.870,149.500,13800,0,0
1661857200,149.490,153.420,149.280,152.420,19800,0,0
1661860800,152.410,152.670,151.850,152.610,12540,0,0
1661864400,152.600,153.850,152.570,153.830,10000,0,0
1661868000,153.820,153.990,152.340,152.530,10118,0,0
1661871600,152.520,153.460,151.830,152.120,10240,0,0
1661875200,152.110,152.460,151.620,152.190,12970,0,0
1661878800,152.180,153.110,150.650,151.010,21360,0,0
1661882400,150.990,151.460,149.960,150.970,11065,0,0
1661940000,152.560,152.560,149.850,150.450,12000,0,0
1661943600,150.350,150.360,148.830,149.060,17330,0,0
1661947200,149.070,149.610,148.290,148.370,15150,0,0
1661950800,148.360,149.350,148.270,149.290,14460,0,0
1661954400,149.270,150.240,148.870,149.950,11588,0,0
1661958000,149.960,150.790,149.350,150.770,11720,0,0
1661961600,150.740,150.970,150.020,150.570,12690,0,0
1661965200,150.530,151.260,149.120,149.130,20340,0,0
1661968800,149.120,149.480,148.110,148.460,11175,0,0
1662026400,146.660,147.010,145.100,145.200,14587,0,0
1662030000,145.190,145.580,143.840,144.170,18049,0,0
1662033600,144.160,144.470,143.630,144.330,10999,0,0
1662037200,144.320,144.940,144.020,144.850,11609,0,0
1662040800,144.860,145.950,144.470,145.750,9419,0,0
1662044400,145.710,146.240,145.580,145.750,7649,0,0
1662048000,145.760,145.960,145.150,145.250,10740,0,0
1662051600,145.240,146.150,144.780,145.980,18140,0,0
1662055200,145.970,145.970,144.840,145.690,8565,0,0
1662112800,147.140,147.740,145.100,146.800,13718,0,0
1662116400,146.780,146.920,145.100,146.270,17720,0,0
1662120000,146.290,146.530,145.190,145.600,11528,0,0
1662123600,145.630,145.710,143.910,143.990,13370,0,0
1662127200,143.980,144.580,143.360,143.840,11349,0,0
1662130800,143.900,145.230,143.830,144.630,10578,0,0
1662134400,144.580,146.730,144.580,146.650,19010,0,0
1662138000,146.610,147.550,144.590,147.550,21599,0,0
1662141600,147.580,149.160,147.550,148.880,8593,0,0
1662372000,144.050,144.880,143.200,143.800,12293,0,0
1662375600,143.860,144.710,142.400,143.590,18047,0,0
1662379200,143.580,144.290,143.210,143.770,11599,0,0
1662382800,143.810,145.100,143.760,144.810,11077,0,0
1662386400,144.810,144.810,143.750,143.890,8889,0,0
1662390000,143.850,144.950,143.830,144.650,8829,0,0
1662393600,144.660,145.280,144.550,145.070,8058,0,0
1662397200,145.110,146.050,144.960,145.280,9777,0,0
1662400800,145.360,145.890,145.100,145.240,5745,0,0
1662458400,142.980,146.710,142.980,146.310,14328,0,0
1662462000,146.300,146.340,143.450,144.030,17020,0,0
1662465600,144.080,144.400,143.150,144.250,12999,0,0
1662469200,144.240,146.210,143.960,145.700,13320,0,0
1662472800,145.430,145.720,144.050,144.230,11268,0,0
1662476400,144.210,144.470,143.820,144.020,8850,0,0
1662480000,144.030,145.510,143.950,144.750,9860,0,0
1662483600,144.760,145.070,142.680,143.730,18550,0,0
1662487200,143.710,144.920,143.370,144.580,9375,0,0
1662544800,143.190,143.860,141.840,142.190,13410,0,0
1662548400,142.210,142.550,140.980,141.860,18900,0,0
1662552000,141.840,142.050,140.370,141.120,14850,0,0
1662555600,141.130,141.550,140.520,141.020,9260,0,0
1662559200,141.030,141.180,140.720,140.950,6797,0,0
1662562800,140.960,141.010,140.030,140.120,8790,0,0
1662566400,140.130,140.790,140.080,140.420,9240,0,0
1662570000,140.400,141.860,140.340,141.440,16700,0,0
1662573600,141.460,141.960,141.460,141.830,6505,0,0
1662631200,142.750,143.450,140.900,140.900,10970,0,0
1662634800,140.890,141.500,140.170,141.190,14570,0,0
1662638400,141.240,141.490,140.660,141.200,9840,0,0
1662642000,141.210,141.750,141.090,141.350,7899,0,0
1662645600,141.330,141.830,140.950,141.150,8479,0,0
1662649200,141.120,142.070,140.320,141.450,16260,0,0
1662652800,141.460,141.470,138.740,139.100,19620,0,0
1662656400,139.120,141.570,138.460,141.160,22009,0,0
1662660000,141.130,142.660,141.030,142.360,8935,0,0
1662717600,142.330,144.490,141.770,144.100,12990,0,0
1662721200,144.110,145.850,143.680,145.450,14128,0,0
1662724800,145.440,146.030,145.050,145.050,12489,0,0
1662728400,145.040,145.370,144.570,145.330,10979,0,0
1662732000,145.270,145.830,145.070,145.590,8629,0,0
1662735600,145.520,146.390,145.140,146.090,7248,0,0
1662739200,146.060,146.230,144.850,144.850,9389,0,0
1662742800,144.840,146.630,144.820,146.160,17188,0,0
1662746400,146.180,146.540,145.490,145.510,5375,0,0
1662976800,146.030,147.240,145.710,146.640,9906,0,0
1662980400,146.630,148.570,146.620,148.500,13013,0,0
1662984000,148.540,149.230,148.490,148.930,14060,0,0
1662987600,148.940,149.330,148.180,148.850,10489,0,0
1662991200,148.910,148.970,147.990,148.480,7298,0,0
1662994800,148.470,148.750,148.070,148.390,9488,0,0
1662998400,148.430,149.390,148.380,149.260,9210,0,0
1663002000,149.310,151.610,149.110,150.480,16650,0,0
1663005600,150.470,150.530,148.640,148.830,8995,0,0
1663063200,151.180,151.730,148.290,149.050,12649,0,0
1663066800,149.080,149.900,148.100,148.780,17640,0,0
1663070400,148.770,148.900,147.420,147.440,11590,0,0
1663074000,147.490,148.830,147.460,148.660,10880,0,0
1663077600,148.610,148.920,148.090,148.320,8609,0,0
1663081200,148.370,150.320,148.250,150.220,9960,0,0
1663084800,150.260,150.540,145.060,145.060,28370,0,0
1663088400,145.070,146.140,144.250,144.510,26408,0,0
1663092000,144.490,144.690,143.350,143.560,9225,0,0
1663149600,142.290,144.840,142.070,143.190,14609,0,0
1663153200,143.200,144.160,143.140,143.660,17199,0,0
1663156800,143.710,144.570,143.000,143.180,12160,0,0
1663160400,143.230,143.580,142.760,143.320,9007,0,0
1663164000,143.310,143.470,142.050,142.280,8257,0,0
1663167600,142.260,142.280,141.150,141.710,13109,0,0
1663171200,141.700,142.160,141.150,141.790,16320,0,0
1663174800,141.770,142.080,140.820,140.870,20169,0,0
1663178400,140.850,141.580,140.850,141.540,4144,0,0
1663236000,141.640,142.520,141.030,142.120,11940,0,0
1663239600,142.150,142.410,141.050,141.170,13417,0,0
1663243200,141.160,141.390,140.150,140.540,11320,0,0
1663246800,140.530,141.230,140.500,140.530,7740,0,0
1663250400,140.520,140.570,139.920,140.070,9678,0,0
1663254000,140.080,140.080,138.990,139.040,8110,0,0
1663257600,139.130,139.750,135.770,135.960,15269,0,0
1663261200,135.980,138.430,135.840,136.610,23240,0,0
1663264800,136.700,137.550,136.210,136.640,9902,0,0
1663322400,133.630,133.840,132.350,133.700,12028,0,0
1663326000,133.300,134.510,132.840,134.030,18279,0,0
1663329600,134.020,134.720,133.450,134.420,9440,0,0
1663333200,134.430,135.490,134.080,134.940,10130,0,0
1663336800,134.890,135.510,133.960,134.020,9145,0,0
1663340400,134.000,134.510,133.550,133.570,8589,0,0
1663344000,133.540,134.150,133.460,134.150,8739,0,0
1663347600,134.130,134.900,133.390,134.380,16838,0,0
1663351200,134.360,135.650,134.100,134.380,8632,0,0
1663581600,135.200,135.250,133.320,134.680,12320,0,0
1663585200,134.700,136.670,134.100,136.380,15000,0,0
1663588800,136.340,136.580,135.460,135.890,10840,0,0
1663592400,135.880,135.960,135.180,135.560,8050,0,0
1663596000,135.570,136.830,135.430,135.930,7788,0,0
1663599600,135.980,136.840,135.890,136.660,7170,0,0
1663603200,136.610,137.000,135.900,135.910,7299,0,0
1663606800,135.900,137.950,135.860,137.940,11769,0,0
1663610400,137.960,138.410,137.810,138.090,7295,0,0
1663668000,137.630,138.620,136.150,137.700,14420,0,0
1663671600,137.680,137.730,135.330,135.690,18530,0,0
1663675200,135.710,136.220,135.140,135.740,12038,0,0
1663678800,135.730,136.080,134.790,135.440,11809,0,0
1663682400,135.430,136.110,135.200,135.560,10976,0,0
1663686000,135.550,135.590,134.110,134.440,7379,0,0
1663689600,134.560,135.760,134.430,134.960,12160,0,0
1663693200,134.950,135.770,134.390,135.210,20720,0,0
1663696800,135.160,135.430,134.550,135.130,10255,0,0
1663754400,134.130,135.090,133.520,134.910,14170,0,0
1663758000,134.920,135.720,134.510,135.370,15319,0,0
1663761600,135.390,135.960,135.390,135.900,8539,0,0
1663765200,135.860,136.390,135.770,136.010,9520,0,0
1663768800,136.020,136.160,135.320,135.360,7399,0,0
1663772400,135.350,135.750,135.020,135.630,7888,0,0
1663776000,135.650,136.660,135.540,136.120,9539,0,0
1663779600,136.090,136.530,135.440,136.440,15480,0,0
1663783200,136.430,136.570,136.000,136.190,7345,0,0
1663840800,133.190,135.310,132.750,135.060,12178,0,0
1663844400,135.040,136.180,134.680,135.020,18839,0,0
1663848000,135.000,136.270,134.960,135.450,14199,0,0
1663851600,135.460,135.760,134.830,135.450,10550,0,0
1663855200,135.440,135.860,134.540,134.750,11178,0,0
1663858800,134.760,135.800,134.670,135.400,9897,0,0
1663862400,135.390,136.450,134.470,134.780,12209,0,0
1663866000,134.750,135.120,133.870,134.960,18379,0,0
1663869600,134.950,135.360,134.100,134.250,9685,0,0
1663927200,133.800,134.390,132.660,132.770,12438,0,0
1663930800,132.760,132.850,131.570,131.730,13970,0,0
1663934400,131.720,132.070,130.990,131.610,12059,0,0
1663938000,131.600,131.700,130.520,130.960,11410,0,0
1663941600,130.950,131.380,129.430,130.200,12229,0,0
1663945200,130.190,131.340,129.940,131.330,13450,0,0
1663948800,131.320,131.840,130.540,131.540,10886,0,0
1663952400,131.550,131.730,129.780,131.250,21019,0,0
1663956000,131.200,131.580,130.560,130.930,8865,0,0
1664186400,129.320,132.860,129.320,131.810,12816,0,0
1664190000,131.780,132.730,130.910,131.820,22920,0,0
1664193600,131.800,132.040,130.750,130.770,14409,0,0
1664197200,130.780,130.910,129.520,130.530,15370,0,0
1664200800,130.510,131.210,130.360,130.980,12087,0,0
1664204400,131.010,132.320,130.800,132.130,12350,0,0
1664208000,132.140,132.280,131.350,131.950,12930,0,0
1664211600,131.970,133.130,131.870,132.190,17729,0,0
1664215200,132.180,132.190,130.830,131.590,7981,0,0
1664272800,129.200,131.410,127.800,131.410,16898,0,0
1664276400,131.400,131.570,129.590,129.880,20330,0,0
1664280000,129.870,129.910,128.470,129.070,12869,0,0
1664283600,129.090,129.830,128.970,129.390,11660,0,0
1664287200,129.410,129.600,128.520,128.710,12118,0,0
1664290800,128.700,129.970,128.600,129.390,12140,0,0
1664294400,129.310,129.650,128.270,128.490,12328,0,0
1664298000,128.500,129.170,127.430,127.800,18087,0,0
1664301600,127.820,129.260,127.820,128.930,9975,0,0
1664359200,125.530,126.750,124.730,125.770,12716,0,0
1664362800,125.780,126.500,124.900,125.070,17206,0,0
1664366400,125.040,126.030,124.340,124.910,15500,0,0
1664370000,124.900,127.710,124.580,127.690,20920,0,0
1664373600,127.700,128.260,125.560,126.370,18697,0,0
1664377200,126.390,127.820,126.090,127.690,17679,0,0
1664380800,127.680,129.420,127.600,129.120,17389,0,0
1664384400,129.090,130.100,128.220,129.960,25629,0,0
1664388000,129.970,130.360,129.150,129.980,11315,0,0
1665568800,115.000,116.450,113.990,114.060,2899,240,0
1665572400,114.040,114.640,113.630,114.510,2315,240,0
1665576000,114.430,115.310,114.410,114.930,1857,240,0
1665579600,114.900,114.900,113.680,113.905,1128,240,0
1665583200,113.820,113.955,113.205,113.205,1081,240,0
1665586800,113.255,113.355,112.055,112.580,1601,240,0
1665590400,112.605,112.655,111.730,112.305,2354,240,0
1665594000,112.355,112.605,111.205,111.730,2188,240,0
1665597600,111.755,112.305,111.705,111.955,671,240,0
1665655200,109.510,111.105,109.490,110.605,1918,240,0
1665658800,110.630,111.155,110.130,110.755,1131,240,0
1665662400,110.730,111.455,110.655,111.130,1069,240,0
1665666000,111.105,112.405,111.030,112.280,697,240,0
1665669600,112.340,114.055,112.205,113.955,1513,240,0
1665673200,113.930,114.605,107.605,108.430,3452,240,0
1665676800,108.430,109.405,107.330,109.405,3123,240,0
1665680400,109.380,111.530,108.955,111.155,3583,240,0
1665684000,111.130,113.355,111.005,113.155,1322,240,0
1665741600,115.355,116.120,114.055,114.905,2864,240,0
1665745200,114.930,114.955,112.405,112.530,1824,240,0
1665748800,112.530,113.005,111.630,112.505,1693,240,0
1665752400,112.530,113.830,112.305,113.605,2488,240,0
1665756000,113.480,113.705,112.355,112.355,1378,240,0
1665759600,112.380,114.805,112.380,114.505,1563,240,0
1665763200,114.530,116.255,114.530,114.855,2705,240,0
1665766800,114.830,114.830,113.455,114.580,3818,240,0
1665770400,114.605,115.055,113.655,114.130,1050,240,0
1666000800,114.010,114.690,112.210,114.270,2994,240,0
1666004400,114.290,114.790,113.320,114.290,2441,240,0
1666008000,114.280,115.580,113.670,115.510,2165,240,0
1666011600,115.480,116.365,115.115,116.365,1085,120,0
1666015200,116.110,116.765,115.790,116.715,594,120,0
1666018800,116.665,117.215,116.515,117.015,712,120,0
1666022400,117.015,118.615,117.015,118.115,1138,120,0
1666026000,118.165,119.015,117.765,117.915,1239,120,0
1666029600,117.915,118.465,117.615,118.215,432,120,0
1666087200,120.005,120.360,118.765,120.265,1657,120,0
1666090800,120.265,121.215,119.915,120.715,1039,120,0
1666094400,120.715,120.715,118.665,119.215,1128,120,0
1666098000,119.165,119.415,118.415,119.215,889,120,0
1666101600,119.170,119.965,119.170,119.915,761,120,0
1666105200,119.915,120.765,119.815,120.415,802,120,0
1666108800,120.465,121.065,119.965,120.065,871,120,0
1666112400,120.015,120.315,118.515,119.015,895,120,0
1666116000,119.015,119.065,118.215,118.615,571,120,0
1666173600,118.210,118.360,116.065,116.865,1571,120,0
1666177200,116.815,117.015,116.015,116.165,851,120,0
1666180800,116.115,117.265,116.065,117.115,751,120,0
1666184400,117.115,117.165,116.215,116.565,642,120,0
1666188000,116.480,116.915,116.215,116.365,964,120,0
1666191600,116.315,116.515,115.115,115.365,851,120,0
1666195200,115.365,115.815,114.565,114.715,1128,120,0
1666198800,114.665,115.865,114.565,115.215,1048,120,0
1666202400,115.215,115.615,115.115,115.465,296,120,0
1666260000,115.465,115.965,113.565,113.865,1520,120,0
1666263600,113.865,114.115,112.465,112.565,1437,120,0
1666267200,112.615,113.565,112.365,112.565,1072,120,0
1666270800,112.615,114.015,112.515,113.865,992,120,0
1666274400,113.950,114.115,113.715,113.865,812,120,0
1666278000,113.865,114.865,113.365,113.665,1480,120,0
1666281600,113.715,114.465,113.665,114.115,1303,120,0
1666285200,114.065,115.415,114.065,115.065,1169,120,0
1666288800,115.065,115.115,114.415,114.415,323,120,0
1666346400,105.080,107.015,104.490,104.915,3598,120,0
1666350000,104.890,105.815,104.290,105.665,2220,120,0
1666353600,105.615,105.715,103.165,103.665,2473,120,0
1666357200,103.690,103.765,102.790,103.265,1493,120,0
1666360800,103.340,104.165,103.040,103.065,1098,120,0
1666364400,103.065,103.090,101.765,102.140,1406,120,0
1666368000,102.140,105.765,102.015,105.740,3739,120,0
1666371600,105.765,106.765,103.965,103.965,2854,120,0
1666375200,103.990,104.415,103.515,104.340,1117,120,0
1666605600,102.615,104.965,102.015,104.465,3266,120,0
1666609200,104.490,104.815,102.890,102.965,2196,120,0
1666612800,102.940,103.640,102.140,103.515,1376,120,0
1666616400,103.540,104.090,103.440,103.615,1521,120,0
1666620000,103.470,104.915,102.940,104.390,1602,120,0
1666623600,104.365,104.615,103.765,104.365,1495,120,0
1666627200,104.340,104.515,103.090,103.290,2568,120,0
1666630800,103.265,103.565,102.040,103.515,2279,120,0
1666634400,103.540,104.090,103.490,104.040,834,120,0
1666692000,102.010,103.015,100.440,100.640,2754,120,0
1666695600,100.665,101.090,100.290,100.340,1443,120,0
1666699200,100.365,100.540,99.740,99.940,1098,120,0
1666702800,99.965,100.690,99.215,99.790,1728,120,0
1666706400,99.600,100.815,99.165,99.215,1349,120,0
1666710000,99.190,99.315,94.565,94.790,2286,120,0
1666713600,94.815,97.740,94.790,97.615,3360,120,0
1666717200,97.590,99.315,97.440,98.890,2470,120,0
1666720800,98.865,100.040,98.765,99.965,734,120,0
1666778400,99.565,101.515,97.740,101.215,3145,120,0
1666782000,101.265,101.790,100.740,100.790,2125,120,0
1666785600,100.765,100.915,99.440,99.590,1652,120,0
1666789200,99.615,99.965,98.790,98.790,1413,120,0
1666792800,98.715,99.690,98.710,98.940,1583,120,0
1666796400,98.915,99.115,97.990,98.090,1440,120,0
1666800000,98.115,99.015,97.140,98.465,2221,120,0
1666803600,98.490,101.665,98.465,100.565,2560,120,0
1666807200,100.590,102.315,100.565,101.965,663,120,0
1666864800,100.715,102.415,100.715,101.065,2048,120,0
1666868400,101.040,102.440,101.040,101.890,1298,120,0
1666872000,101.915,103.115,101.890,102.465,1031,120,0
1666875600,102.490,102.890,101.765,101.890,1021,120,0
1666879200,101.850,101.850,100.965,101.190,847,120,0
1666882800,101.165,101.765,100.480,101.615,2648,120,0
1666886400,101.640,102.390,100.490,100.665,2505,120,0
1666890000,100.640,101.740,99.840,99.890,2198,120,0
1666893600,99.915,100.115,99.145,99.400,1113,120,0
1666951200,97.795,98.150,96.740,97.290,2487,120,0
1666954800,97.240,98.590,97.040,97.940,1452,120,0
1666958400,97.915,98.090,96.790,98.090,1567,120,0
1666962000,98.040,98.390,97.390,97.840,1140,120,0
1666965600,97.755,98.290,97.215,97.940,947,120,0
1666969200,97.965,98.815,97.315,98.640,2474,120,0
1666972800,98.665,99.765,98.340,99.290,1928,120,0
1666976400,99.340,99.665,98.565,99.315,1796,120,0
1666980000,99.340,99.490,99.090,99.215,424,120,0
1667210400,100.120,100.320,98.515,98.690,1778,120,0
1667214000,98.715,98.865,98.390,98.640,1010,120,0
1667217600,98.615,99.465,98.490,99.340,1023,120,0
1667221200,99.365,99.515,98.965,99.340,1155,120,0
1667224800,99.235,99.640,98.840,98.990,1151,120,0
1667228400,98.965,99.565,98.615,98.690,1495,120,0
1667232000,98.665,99.340,98.290,98.990,1474,120,0
1667235600,98.965,99.440,98.840,99.015,1103,120,0
1667239200,98.990,99.140,98.490,98.840,606,120,0
1667296800,100.190,101.230,99.575,100.290,1963,240,0
1667300400,100.280,100.550,99.990,100.100,1070,240,0
1667304000,100.120,101.280,100.030,101.190,1030,240,0
1667307600,101.180,101.350,100.350,100.350,961,240,0
1667311200,100.360,100.650,100.050,100.090,954,240,0
1667314800,100.080,100.680,100.030,100.090,1456,240,0
1667318400,100.150,100.250,97.815,98.380,4732,240,0
1667322000,98.390,99.035,98.160,98.865,2976,240,0
1667325600,98.840,99.295,98.295,98.775,1340,240,0
1667383200,97.765,98.650,97.605,98.215,2017,170,0
1667386800,98.220,98.375,97.595,97.690,2055,240,0
1667390400,97.685,97.970,97.030,97.400,1618,240,0
1667394000,97.385,97.730,97.135,97.170,1697,240,0
1667397600,97.170,97.460,96.565,96.815,2014,120,0
1667401200,96.815,96.940,96.490,96.665,1175,120,0
1667404800,96.690,97.415,96.540,97.240,1010,120,0
1667408400,97.215,97.415,96.915,97.090,1004,120,0
1667412000,97.115,97.115,96.590,96.690,353,120,0
1667469600,95.295,96.575,94.690,95.362,2763,120,0
1667473200,95.362,96.022,95.272,95.762,7011,166,0
1667476800,95.762,95.952,94.822,95.732,6832,166,0
1667480400,95.732,95.752,94.972,94.972,6434,166,0
1667484000,94.972,95.582,93.852,93.952,10339,166,0
1667487600,93.952,94.242,93.432,93.472,11541,166,0
1667491200,93.482,94.722,93.302,94.722,17635,166,0
1667494800,94.712,94.972,93.602,93.672,8837,166,0
1667498400,93.672,94.012,93.362,93.922,3599,166,0
1667556000,95.760,97.332,94.915,96.572,18933,166,0
1667559600,96.572,97.112,96.292,96.832,9873,166,0
1667563200,96.832,98.032,96.742,97.912,6036,166,0
1667566800,97.922,99.662,97.892,99.572,12249,166,0
1667570400,99.582,100.242,98.135,100.182,17158,166,0
1667574000,100.182,121.115,100.130,112.830,12369,120,0
1667577600,112.865,115.762,108.515,114.182,55950,120,0
1667581200,114.182,115.642,111.642,111.882,26113,176,0
1667584800,111.882,113.302,111.742,113.282,3430,176,0
1667815200,111.810,114.410,108.730,113.682,28895,176,0
1667818800,113.682,114.122,111.230,111.422,7669,176,0
1667822400,111.422,112.482,111.222,112.322,5057,176,0
1667826000,112.322,113.262,112.002,112.462,3776,176,0
1667829600,112.462,113.382,112.042,113.362,2526,176,0
1667833200,113.362,114.842,113.042,114.462,4356,176,0
1667836800,114.462,115.502,113.242,113.462,6620,176,0
1667840400,113.462,114.702,113.302,114.562,4811,176,0
1667844000,114.562,115.122,114.302,114.962,1896,176,0
1667901600,113.902,114.230,111.342,113.402,16041,176,0
1667905200,113.402,113.822,112.742,113.082,4770,176,0
1667908800,113.082,113.865,112.982,113.365,1826,120,0
1667912400,113.365,120.315,112.462,116.782,15940,120,0
1667916000,116.790,117.682,116.022,116.982,10241,176,0
1667919600,116.982,118.322,116.950,117.622,5343,176,0
1667923200,117.602,119.802,117.562,119.122,7537,176,0
1667926800,119.122,119.222,117.442,117.742,4746,176,0
1667930400,117.742,119.462,117.222,119.242,3168,176,0
1667988000,116.260,121.510,116.160,119.130,23202,176,0
1667991600,119.130,122.450,118.742,120.142,12544,176,0
1667995200,120.142,122.690,119.942,122.540,1903,176,0
1667998800,122.620,124.610,122.510,124.410,1522,240,0
1668002400,124.410,124.410,122.750,124.100,1258,240,0
1668006000,124.090,124.610,122.562,122.882,1063,176,0
1668009600,122.782,124.342,122.482,123.962,1303,176,0
1668013200,123.962,125.442,123.082,125.002,1471,176,0
1668016800,125.002,125.482,124.062,124.062,561,176,0
1668074400,121.780,123.322,121.322,121.522,1389,176,0
1668078000,121.522,122.202,120.362,120.422,816,176,0
1668081600,120.422,120.602,119.782,120.402,603,176,0
1668085200,120.422,120.982,119.722,120.362,702,176,0
1668088800,120.382,120.842,119.822,119.942,413,176,0
1668092400,119.942,127.570,119.842,124.922,2094,176,0
1668096000,124.922,127.582,124.862,127.482,2185,176,0
1668099600,127.482,129.122,126.782,127.142,2067,176,0
1668103200,127.142,128.902,126.782,128.270,737,176,0
1668160800,130.130,131.690,128.580,130.542,32666,176,0
1668164400,130.542,131.842,130.362,130.882,8658,176,0
1668168000,130.882,131.262,128.622,129.702,11689,176,0
1668171600,129.702,130.342,128.982,130.182,7905,176,0
1668175200,130.182,131.702,129.922,131.122,6122,176,0
1668178800,131.122,132.782,130.742,132.442,7005,176,0
1668182400,132.442,134.282,131.882,134.262,8133,176,0
1668186000,134.262,136.982,133.780,136.362,11301,176,0
1668189600,136.362,136.602,135.682,135.782,3619,176,0
1668420000,135.230,135.430,131.615,133.715,2863,120,0
1668423600,133.765,134.215,132.165,132.815,1335,120,0
1668427200,132.865,133.015,132.165,132.265,864,120,0
1668430800,132.315,132.815,131.915,132.200,656,120,0
1668434400,132.200,133.065,131.765,132.915,607,120,0
1668438000,132.865,133.465,132.665,132.815,622,120,0
1668441600,132.865,133.265,131.615,132.142,1382,120,0
1668445200,132.142,132.902,131.222,131.562,4966,176,0
1668448800,131.582,131.962,131.202,131.762,1878,176,0
1668506400,132.362,132.540,129.102,129.462,8452,176,0
1668510000,129.442,129.482,127.562,128.542,3780,176,0
1668513600,128.542,129.322,127.942,128.262,2669,176,0
1668517200,128.262,129.522,128.222,129.202,2275,176,0
1668520800,129.202,129.542,128.382,129.362,2411,176,0
1668524400,129.362,131.450,129.122,130.902,7973,176,0
1668528000,130.902,131.162,130.002,130.342,5765,176,0
1668531600,130.342,131.802,130.302,131.162,3742,176,0
1668535200,131.162,131.542,130.902,131.262,1694,176,0
1668592800,131.590,133.142,131.262,131.882,6033,176,0
1668596400,131.882,132.402,130.102,130.162,2743,176,0
1668600000,130.162,131.582,130.102,130.802,2041,176,0
1668603600,130.802,131.202,130.062,130.662,2436,176,0
1668607200,130.662,130.922,130.262,130.742,1699,176,0
1668610800,130.742,131.082,129.642,130.722,3267,176,0
1668614400,130.722,131.142,129.002,129.762,2781,176,0
1668618000,129.762,129.942,129.162,129.182,2837,176,0
1668621600,129.182,129.842,129.062,129.542,1090,176,0
1668679200,129.900,130.830,128.462,128.482,6157,176,0
1668682800,128.482,129.202,128.422,129.062,2470,176,0
1668686400,129.062,129.422,128.022,128.302,1955,176,0
1668690000,128.302,128.602,127.722,128.022,2496,176,0
1668693600,128.022,128.722,127.910,128.182,2503,176,0
1668697200,128.182,128.602,127.742,128.382,2631,176,0
1668700800,128.382,129.442,127.982,129.202,2687,176,0
1668704400,129.202,129.802,129.062,129.522,1966,176,0
1668708000,129.522,129.962,128.982,129.002,1002,176,0
1668765600,130.030,130.390,127.090,128.022,8434,176,0
1668769200,128.022,128.462,126.842,126.942,2187,176,0
1668772800,126.942,127.722,126.422,127.322,2993,176,0
1668776400,127.322,128.062,125.842,127.162,4827,176,0
1668780000,127.090,129.122,126.922,128.742,2497,176,0
1668783600,128.742,128.942,128.242,128.482,1595,176,0
1668787200,128.482,128.782,127.882,128.422,1777,176,0
1668790800,128.422,128.982,127.902,128.542,2112,176,0
1668794400,128.542,129.442,128.502,129.322,940,176,0
1669024800,127.990,128.710,126.822,126.902,6754,176,0
1669028400,126.902,127.362,126.682,126.742,3140,176,0
1669032000,126.742,127.162,126.162,126.482,1974,176,0
1669035600,126.482,126.902,126.322,126.382,1484,176,0
1669039200,126.382,126.502,126.042,126.122,1582,176,0
1669042800,126.122,126.282,124.682,124.722,2049,176,0
1669046400,124.722,125.582,124.122,125.162,3612,176,0
1669050000,125.162,125.622,123.282,123.282,2882,176,0
1669053600,123.282,123.642,123.062,123.642,1257,176,0
1669111200,123.790,124.120,121.942,123.882,7248,176,0
1669114800,123.882,125.042,123.882,124.842,3342,176,0
1669118400,124.842,124.942,123.342,123.522,1676,176,0
1669122000,123.522,123.942,122.922,123.382,2511,176,0
1669125600,123.382,124.322,123.240,123.742,1475,176,0
1669129200,123.762,124.322,123.322,123.962,1611,176,0
1669132800,123.962,124.562,123.762,123.882,1914,176,0
1669136400,123.882,124.302,123.262,123.342,2393,176,0
1669140000,123.342,123.382,123.002,123.222,739,176,0
1669197600,123.240,123.650,121.722,122.242,6714,176,0
1669201200,122.242,123.202,122.022,123.002,2304,176,0
1669204800,123.002,123.082,122.282,122.982,1646,176,0
1669208400,122.982,123.762,122.942,123.182,1745,176,0
1669212000,123.182,123.882,122.962,123.602,1593,176,0
1669215600,123.602,123.742,122.482,123.082,2680,176,0
1669219200,123.082,123.742,122.722,123.382,3089,176,0
1669222800,123.382,125.062,123.122,124.222,3721,176,0
1669226400,124.222,124.422,123.782,123.982,1184,176,0
1669284000,124.202,126.502,123.060,126.042,5802,176,0
1669287600,126.042,127.222,125.662,126.942,3457,176,0
1669291200,126.942,127.462,126.702,127.342,2051,176,0
1669294800,127.342,127.522,126.922,126.962,1110,176,0
1669298400,126.962,127.362,126.722,126.822,1474,176,0
1669302000,126.822,126.922,126.322,126.422,1216,176,0
1669305600,126.422,126.582,126.102,126.262,1337,176,0
1669309200,126.262,126.822,126.242,126.462,970,176,0
1669312800,126.462,126.742,126.302,126.542,666,176,0
1669370400,126.130,126.330,125.010,125.322,4567,176,0
1669374000,125.322,125.742,124.122,124.262,3832,176,0
1669377600,124.262,124.702,124.182,124.542,1838,176,0
1669381200,124.542,124.722,123.922,124.062,1178,176,0
1669384800,124.042,124.382,123.722,124.022,1400,176,0
1669388400,124.022,124.122,123.322,123.842,1244,176,0
1669392000,123.842,123.942,123.002,123.422,1662,176,0
1669395600,123.422,123.942,123.162,123.882,820,176,0
1669399200,123.882,124.442,123.862,124.062,686,176,0
1669629600,123.330,124.480,122.990,123.702,4086,176,0
1669633200,123.702,123.782,122.142,122.382,2045,176,0
1669636800,122.382,123.342,122.042,123.142,1595,176,0
1669640400,123.142,123.322,122.622,122.702,1193,176,0
1669644000,122.702,122.822,122.282,122.422,904,176,0
1669647600,122.422,122.482,121.722,121.782,845,176,0
1669651200,121.782,122.742,121.282,122.302,1891,176,0
1669654800,122.302,122.882,121.722,121.982,1738,176,0
1669658400,121.982,122.122,121.742,121.802,835,176,0
1669716000,122.740,125.522,121.842,121.942,9671,176,0
1669719600,121.942,121.942,120.922,121.202,2321,176,0
1669723200,121.202,122.122,121.202,121.962,2117,176,0
1669726800,121.962,122.242,121.502,121.862,1285,176,0
1669730400,121.862,121.950,121.022,121.222,1664,176,0
1669734000,121.222,121.282,119.962,120.982,2182,176,0
1669737600,120.982,120.982,120.062,120.522,2059,176,0
1669741200,120.522,121.822,120.402,121.762,2777,176,0
1669744800,121.762,121.862,120.822,120.962,1005,176,0
1669802400,121.670,122.410,120.642,121.622,5797,176,0
1669806000,121.622,122.442,121.222,121.622,3439,176,0
1669809600,121.622,122.102,121.282,121.342,1791,176,0
1669813200,121.342,122.302,121.302,122.122,1336,176,0
1669816800,122.122,122.982,121.922,122.902,1336,176,0
1669820400,122.902,122.982,121.902,122.602,2196,176,0
1669824000,122.602,122.602,121.682,122.522,2434,176,0
1669827600,122.522,122.562,121.502,121.862,2326,176,0
1669831200,121.882,122.302,121.582,121.842,1057,176,0
1669888800,124.290,127.560,124.230,126.662,8612,176,0
1669892400,126.662,126.662,124.402,125.242,4180,176,0
1669896000,125.242,125.602,124.382,125.362,2586,176,0
1669899600,125.362,125.722,125.222,125.282,1540,176,0
1669903200,125.282,125.542,124.922,125.382,1330,176,0
1669906800,125.382,125.930,124.782,125.222,3269,176,0
1669910400,125.222,125.842,124.762,125.582,2840,176,0
1669914000,125.582,126.050,123.762,124.202,4252,176,0
1669917600,124.202,124.342,123.942,124.182,1182,176,0
1669975200,123.122,124.500,122.682,123.862,7604,176,0
1669978800,123.862,125.242,123.862,125.222,2836,176,0
1669982400,125.222,125.722,124.882,125.602,2183,176,0
1669986000,125.602,125.842,125.162,125.462,1982,176,0
1669989600,125.390,126.282,125.250,125.322,2374,176,0
1669993200,125.322,125.702,122.022,123.422,8591,176,0
1669996800,123.422,123.762,122.922,123.742,3702,176,0
1670000400,123.742,124.402,123.462,123.702,3638,176,0
1670004000,123.702,123.982,123.022,123.942,1511,176,0
1670234400,123.862,126.922,123.770,124.882,8661,176,0
1670238000,124.882,125.022,123.762,124.502,4176,176,0
1670241600,124.502,125.142,124.262,124.302,2197,176,0
1670245200,124.302,124.562,124.182,124.262,1276,176,0
1670248800,124.262,124.582,123.582,123.862,1838,176,0
1670252400,123.862,123.982,122.742,122.842,1724,176,0
1670256000,122.842,123.402,122.362,122.362,2207,176,0
1670259600,122.362,122.620,121.502,122.262,3571,176,0
1670263200,122.262,122.682,121.962,122.082,886,176,0
1670320800,121.442,122.422,120.662,120.922,6439,176,0
1670324400,120.902,121.202,120.442,120.482,2680,176,0
1670328000,120.482,120.822,119.862,120.482,1970,176,0
1670331600,120.482,120.702,120.150,120.402,1308,176,0
1670335200,120.402,120.722,120.282,120.502,1144,176,0
1670338800,120.502,120.722,119.862,120.582,1574,176,0
1670342400,120.602,120.662,119.302,119.642,2357,176,0
1670346000,119.662,119.842,118.282,118.582,4960,176,0
1670349600,118.582,119.162,118.342,118.862,1814,176,0
1670407200,117.780,118.802,117.650,118.642,4984,176,0
1670410800,118.642,118.862,117.662,117.822,2888,176,0
1670414400,117.822,118.002,117.222,117.642,1709,176,0
1670418000,117.642,117.742,117.122,117.142,1024,176,0
1670421600,117.142,117.262,116.502,116.842,1366,176,0
1670425200,116.842,117.682,116.582,117.342,1673,176,0
1670428800,117.342,118.262,117.122,117.122,3045,176,0
1670432400,117.122,118.430,116.242,118.150,2986,176,0
1670436000,118.160,118.410,117.442,117.522,888,176,0
1670493600,117.640,117.680,115.962,116.302,4975,176,0
1670497200,116.302,116.482,115.862,116.062,1884,176,0
1670500800,116.062,116.102,114.642,114.822,1398,176,0
1670504400,114.842,115.382,114.502,115.182,1492,176,0
1670508000,115.182,115.862,115.122,115.722,1614,176,0
1670511600,115.722,116.302,115.402,115.582,1957,176,0
1670515200,115.582,115.682,114.642,115.242,1997,176,0
1670518800,115.242,115.922,115.222,115.697,2012,176,0
1670522400,115.700,117.155,115.700,117.105,1070,240,0
1670580000,118.280,119.452,117.350,117.860,3128,240,0
1670583600,117.870,118.307,117.617,118.010,1382,196,0
1670587200,117.990,118.247,117.652,118.002,1518,240,0
1670590800,117.997,119.612,117.997,118.930,1671,240,0
1670594400,118.820,119.852,118.810,119.552,1285,216,0
1670598000,119.540,119.802,117.935,118.475,3392,240,0
1670601600,118.480,118.617,117.762,118.155,2657,240,0
1670605200,118.165,118.395,117.230,117.680,2977,240,0
1670608800,117.690,118.455,117.602,118.255,1056,240,0
1670839200,117.622,117.760,115.630,115.752,2300,176,0
1670842800,115.740,116.857,115.657,116.610,1634,240,0
1670846400,116.632,117.517,116.630,117.452,1332,240,0
1670850000,117.442,118.112,117.360,117.647,1110,240,0
1670853600,117.702,117.897,117.252,117.417,1011,196,0
1670857200,117.430,117.830,116.852,116.880,889,240,0
1670860800,116.855,117.302,116.162,116.212,1341,240,0
1670864400,116.207,116.857,115.780,116.757,1719,240,0
1670868000,116.757,117.630,116.680,117.555,889,240,0
1670925600,117.040,118.790,116.990,117.957,3369,240,0
1670929200,117.982,119.447,117.852,118.447,2632,240,0
1670932800,118.420,120.580,118.247,120.512,2386,240,0
1670936400,120.525,120.997,120.357,120.780,1714,240,0
1670940000,120.780,122.180,120.710,121.902,1875,216,0
1670943600,121.907,124.837,121.280,124.640,6682,240,0
1670947200,124.652,125.975,124.385,125.857,5259,240,0
1670950800,125.872,125.907,122.340,122.457,4897,240,0
1670954400,122.457,123.180,122.280,123.180,1652,240,0
1671012000,122.580,123.530,122.030,123.320,2605,240,0
1671015600,123.312,123.312,121.852,122.140,1880,240,0
1671019200,122.130,122.412,121.962,122.142,1233,240,0
1671022800,122.147,123.202,122.035,123.030,1190,240,0
1671026400,122.960,123.082,121.407,121.500,1710,196,0
1671030000,121.520,122.410,121.430,122.290,1251,240,0
1671033600,122.280,122.720,121.830,122.510,1084,240,0
1671037200,122.450,124.030,122.110,124.010,1068,240,0
1671040800,124.020,124.020,123.410,123.980,496,240,0
1671098400,121.770,122.270,119.440,120.040,2175,240,0
1671102000,120.060,120.120,119.090,119.460,1432,240,0
1671105600,119.400,120.320,118.940,118.960,1392,240,0
1671109200,118.980,120.100,118.810,119.570,1109,240,0
1671112800,119.570,120.490,119.570,120.430,918,176,0
1671116400,120.440,120.750,118.770,119.640,2654,240,0
1671120000,119.650,119.910,118.400,118.440,3109,240,0
1671123600,118.450,119.090,117.500,118.190,2442,240,0
1671127200,118.180,118.340,117.510,118.210,1045,240,0
1671184800,117.842,117.910,116.530,116.870,2173,196,0
1671188400,116.900,118.100,116.870,118.090,1593,240,0
1671192000,118.070,119.030,117.820,118.350,2137,240,0
1671195600,118.310,120.200,118.090,119.900,1220,240,0
1671199200,120.530,121.680,120.450,121.320,1567,240,0
1671202800,121.320,121.400,120.660,121.220,1560,240,0
1671206400,121.240,122.390,121.110,121.630,2130,240,0
1671210000,121.670,121.680,120.330,121.110,1723,240,0
1671213600,121.100,121.240,120.670,121.020,859,240,0
1671444000,122.830,122.830,120.140,120.480,1614,176,0
1671447600,120.490,121.170,119.680,121.160,1135,240,0
1671451200,121.230,122.090,121.230,121.370,842,240,0
1671454800,121.380,121.410,120.740,120.990,645,240,0
1671458400,120.982,121.720,120.580,121.570,573,196,0
1671462000,121.540,121.870,120.630,120.920,553,240,0
1671465600,120.910,121.210,120.130,120.400,1147,240,0
1671469200,120.410,120.900,120.040,120.250,1078,240,0
1671472800,120.240,121.250,120.200,121.190,497,240,0
1671530400,119.550,121.220,119.010,120.290,2129,240,0
1671534000,120.280,120.600,119.700,120.450,1253,240,0
1671537600,120.480,120.770,119.660,119.660,811,240,0
1671541200,119.650,119.800,118.460,118.570,899,240,0
1671544800,118.580,119.480,118.570,118.860,838,216,0
1671548400,118.860,119.000,117.500,117.540,788,240,0
1671552000,117.580,119.350,117.350,117.990,1547,240,0
1671555600,117.970,118.870,117.620,118.440,1581,240,0
1671559200,118.430,118.560,117.900,118.120,693,240,0
1671616800,122.470,127.480,122.470,127.230,2579,170,0
1671620400,127.240,129.230,127.120,127.470,1718,240,0
1671624000,127.480,127.600,126.090,126.090,1305,240,0
1671627600,126.120,126.460,125.570,126.240,870,240,0
1671631200,126.302,126.600,125.680,125.840,941,176,0
1671634800,125.810,126.060,124.640,124.810,1170,240,0
1671638400,124.800,125.620,124.400,125.100,1272,240,0
1671642000,125.050,125.910,124.360,125.460,1293,240,0
1671645600,125.550,126.130,125.510,125.870,433,240,0
1671703200,124.802,126.710,124.230,126.640,1698,176,0
1671706800,126.680,127.050,126.170,126.990,1272,240,0
1671710400,127.010,127.010,125.830,126.160,1091,240,0
1671714000,126.210,126.370,125.970,126.160,654,240,0
1671717600,126.160,126.450,125.180,125.650,847,196,0
1671721200,125.670,125.990,125.200,125.400,1241,240,0
1671724800,125.320,125.760,124.550,125.060,1370,240,0
1671728400,125.050,125.490,124.580,125.430,1123,240,0
1671732000,125.400,125.650,125.190,125.200,450,240,0
1671789600,124.862,125.610,123.750,125.190,1926,196,0
1671793200,125.180,125.940,125.010,125.560,1196,240,0
1671796800,125.640,126.550,125.550,126.190,957,240,0
1671800400,126.180,126.560,125.600,125.850,774,240,0
1671804000,125.902,125.950,125.450,125.580,594,176,0
1671807600,125.580,126.690,124.950,125.420,1487,240,0
1671811200,125.400,125.450,123.760,124.330,1562,240,0
1671814800,124.410,126.480,124.010,125.950,1780,240,0
1671818400,125.970,125.970,125.320,125.420,596,240,0
1672135200,126.720,127.075,125.725,126.030,2257,240,0
1672138800,126.010,126.652,125.385,126.525,1932,240,0
1672142400,126.535,126.630,125.930,126.510,1321,240,0
1672146000,126.520,126.860,126.402,126.840,856,240,0
1672149600,126.840,127.030,126.230,126.302,986,176,0
1672153200,126.297,126.635,125.510,125.535,1401,240,0
1672156800,125.530,125.970,125.197,125.457,2355,240,0
1672160400,125.452,126.335,125.347,126.230,2286,240,0
1672164000,126.242,126.640,126.220,126.280,929,240,0
1672221600,126.380,127.650,126.240,127.185,2791,240,0
1672225200,127.175,127.635,126.670,127.070,1754,240,0
1672228800,127.080,127.870,126.775,127.857,1393,240,0
1672232400,127.880,128.975,127.850,128.267,1219,240,0
1672236000,128.182,128.930,128.162,128.730,1002,176,0
1672239600,128.740,128.785,128.017,128.102,1065,240,0
1672243200,128.090,128.225,126.707,126.820,2294,240,0
1672246800,126.825,127.180,125.830,125.890,2511,240,0
1672250400,125.897,126.340,125.770,126.030,979,240,0
1672308000,125.010,125.407,124.002,124.907,2934,240,0
1672311600,124.902,125.155,124.457,124.830,1497,240,0
1672315200,124.810,125.350,124.602,125.340,994,240,0
1672318800,125.305,125.497,124.950,125.255,982,240,0
1672322400,125.382,125.880,125.200,125.875,745,176,0
1672326000,125.900,126.952,125.880,126.597,1232,240,0
1672329600,126.580,127.807,126.547,127.490,1838,240,0
1672333200,127.530,128.747,127.502,128.580,1837,240,0
1672336800,128.570,129.330,128.475,128.880,815,240,0
1672394400,127.702,127.810,125.920,125.940,1392,196,0
1672398000,125.950,127.120,125.860,127.090,989,240,0
1672401600,127.080,127.640,126.900,127.210,777,240,0
1672405200,127.190,127.860,127.150,127.480,487,240,0
1672408800,127.482,127.940,127.080,127.550,837,196,0
1672653600,128.170,128.290,126.642,128.070,4787,176,0
1672657200,128.070,128.562,126.942,127.042,2799,176,0
1672660800,127.042,127.662,126.922,127.282,1051,176,0
1672664400,127.282,127.562,127.042,127.102,1276,176,0
1672668000,127.102,127.582,126.922,126.962,1071,176,0
1672671600,126.962,127.142,126.342,126.462,928,176,0
1672675200,126.462,126.862,126.102,126.662,1062,176,0
1672678800,126.662,127.382,126.422,127.282,1078,176,0
1672682400,127.302,128.102,127.182,128.042,744,176,0
1672740000,128.940,131.470,128.770,131.370,1968,240,0
1672743600,131.420,132.410,131.290,132.010,1674,240,0
1672747200,132.020,132.240,130.610,130.610,979,240,0
1672750800,130.600,131.660,130.500,130.660,969,240,0
1672754400,130.602,131.540,130.410,131.460,1016,216,0
1672758000,131.440,132.010,130.860,131.870,1198,240,0
1672761600,131.880,133.230,131.830,131.980,1866,240,0
1672765200,131.990,132.600,131.140,132.590,1944,240,0
1672768800,132.550,132.630,131.880,132.060,749,240,0
1672826400,132.220,135.120,132.220,134.302,2845,240,0
1672830000,134.297,134.675,133.845,134.620,2130,240,0
1672833600,134.625,135.225,134.090,134.320,1803,240,0
1672837200,134.280,134.860,134.190,134.230,1353,240,0
1672840800,134.362,135.275,134.320,135.115,1206,196,0
1672844400,135.125,136.770,135.000,136.335,2004,240,0
1672848000,136.330,138.585,135.940,137.557,3479,240,0
1672851600,137.545,138.035,136.145,137.820,3615,240,0
1672855200,137.820,138.735,137.675,138.630,1249,240,0
1672912800,138.182,139.885,137.407,139.540,4182,236,0
1672916400,139.550,140.347,139.480,140.252,2479,240,0
1672920000,140.257,140.725,139.470,139.870,1977,240,0
1672923600,139.885,140.180,139.085,139.720,1658,240,0
1672927200,139.720,139.940,139.310,139.535,1094,176,0
1672930800,139.540,139.585,138.700,138.775,3371,240,0
1672934400,138.770,139.345,137.830,138.630,2713,240,0
1672938000,138.590,139.715,138.520,139.080,3026,240,0
1672941600,139.085,139.340,138.775,138.980,931,240,0
1672999200,139.110,139.520,137.252,138.230,3532,240,0
1673002800,138.217,138.230,137.680,137.950,2127,240,0
1673006400,137.952,138.180,137.780,137.970,1505,240,0
1673010000,137.970,138.510,137.840,138.175,1388,240,0
1673013600,138.165,138.322,137.075,137.715,1627,176,0
1673258400,141.510,141.547,139.347,140.147,4286,240,0
1673262000,140.152,141.112,139.940,141.057,2116,240,0
1673265600,141.057,142.907,141.030,142.517,2422,240,0
1673269200,142.512,142.775,140.247,140.347,2309,240,0
1673272800,140.462,141.207,140.125,141.202,1516,176,0
1673276400,141.230,141.240,139.342,140.002,1961,176,0
1673280000,140.002,141.282,139.782,140.862,3180,176,0
1673283600,140.882,142.282,140.362,141.782,2552,176,0
1673287200,141.782,142.982,141.722,142.522,1321,176,0
1673344800,140.922,141.350,139.582,139.962,6061,170,0
1673348400,139.962,140.862,139.562,140.502,2395,176,0
1673352000,140.502,140.602,140.122,140.282,1427,176,0
1673355600,140.282,140.562,140.002,140.422,1147,176,0
1673359200,140.422,140.482,139.482,139.762,1318,176,0
1673362800,139.762,139.762,138.382,139.402,2397,176,0
1673366400,139.402,140.642,139.042,139.230,4095,176,0
1673370000,139.242,139.922,138.942,139.442,3291,176,0
1673373600,139.442,139.702,139.222,139.362,1083,176,0
1673431200,141.142,143.160,140.740,142.182,8710,176,0
1673434800,142.182,144.482,142.170,143.442,4739,176,0
1673438400,143.462,144.602,143.110,144.042,4604,176,0
1673442000,143.982,146.202,143.842,145.802,2198,176,0
1673445600,145.802,146.722,144.822,146.262,3460,176,0
1673449200,146.282,146.662,145.302,145.442,1945,176,0
1673452800,145.442,146.262,144.962,145.842,2924,176,0
1673456400,145.842,146.682,145.562,145.942,3121,176,0
1673460000,145.942,145.962,144.682,144.742,1334,176,0
1673517600,143.640,146.382,143.450,146.062,11714,176,0
1673521200,146.062,146.990,145.422,145.762,5377,176,0
1673524800,145.762,145.982,144.522,144.622,2857,176,0
1673528400,144.622,145.662,144.362,144.422,2605,176,0
1673532000,144.422,145.362,143.842,145.262,2500,176,0
1673535600,145.262,147.482,144.050,147.390,17772,176,0
1673539200,147.540,148.012,145.735,146.240,5605,216,0
1673542800,146.252,147.257,145.672,146.825,3987,240,0
1673546400,146.820,146.970,146.407,146.555,1537,240,0
1673604000,146.090,147.697,145.102,146.910,3437,240,0
1673607600,146.900,147.870,146.657,147.230,2267,240,0
1673611200,147.225,147.270,146.185,146.425,2590,240,0
1673614800,146.430,147.135,146.147,146.535,1743,240,0
1673618400,146.480,146.675,145.555,145.830,1770,216,0
1673863200,147.780,148.440,146.707,147.925,3489,236,0
1673866800,147.912,148.600,147.585,148.350,2612,240,0
1673870400,148.340,148.530,147.660,148.502,1894,240,0
1673874000,148.507,149.802,148.502,149.735,1463,240,0
1673877600,149.740,149.855,149.125,149.452,1258,240,0
1673881200,149.430,150.927,149.202,150.802,1667,240,0
1673884800,150.797,152.062,150.052,150.692,2539,240,0
1673888400,150.712,151.002,150.152,150.562,1801,240,0
1673892000,150.557,150.602,149.757,149.855,1070,240,0
1673949600,147.830,149.557,147.770,148.817,4038,176,0
1673953200,148.822,148.847,147.552,148.557,3142,240,0
1673956800,148.562,149.197,148.002,148.777,2115,240,0
1673960400,148.757,149.397,148.075,149.307,2256,240,0
1673964000,149.342,149.970,149.097,149.960,1797,196,0
1673967600,149.940,150.507,148.607,148.990,2567,240,0
1673971200,149.002,150.135,148.575,149.835,3399,240,0
1673974800,149.847,152.157,149.830,150.400,4977,240,0
1673978400,150.390,150.607,149.802,150.180,1174,240,0
1674036000,150.990,151.430,148.707,149.347,3807,240,0
1674039600,149.335,149.752,148.897,149.230,2631,240,0
1674043200,149.217,149.302,148.662,149.007,2117,240,0
1674046800,149.002,149.430,148.802,149.330,1678,240,0
1674050400,149.340,149.557,148.855,149.080,1403,176,0
1674054000,149.055,149.707,148.607,149.207,3296,240,0
1674057600,149.230,149.897,149.102,149.395,3506,240,0
1674061200,149.375,150.262,149.070,149.885,2870,240,0
1674064800,149.897,150.212,149.552,149.680,1258,240,0
1674122400,145.890,147.370,145.540,145.810,2674,240,0
1674126000,145.830,146.110,145.020,145.490,1697,240,0
1674129600,145.470,145.970,144.190,144.840,1916,240,0
1674133200,144.820,145.240,144.330,144.770,1624,240,0
1674136800,144.600,145.210,144.300,144.750,1532,240,0
1674140400,144.770,144.800,143.730,144.670,2025,240,0
1674144000,144.690,145.870,144.570,145.430,2740,240,0
1674147600,145.420,145.960,144.010,144.240,2580,240,0
1674151200,144.250,145.250,144.240,144.320,970,240,0
1674208800,145.760,147.000,144.420,145.660,2767,240,0
1674212400,145.670,145.850,144.800,145.500,1895,240,0
1674216000,145.510,145.620,144.710,144.800,1621,240,0
1674219600,144.800,145.140,144.040,144.670,1374,240,0
1674223200,144.670,144.970,144.310,144.860,1153,216,0
1674468000,147.340,148.180,145.350,146.410,2207,240,0
1674471600,146.350,146.990,146.150,146.830,1579,240,0
1674475200,146.810,147.730,146.230,146.830,1357,240,0
1674478800,146.820,147.460,146.690,147.150,1003,240,0
1674482400,147.080,147.850,147.080,147.530,1075,176,0
1674486000,147.520,148.050,147.360,147.570,1143,240,0
1674489600,147.580,148.420,147.320,147.890,1684,240,0
1674493200,147.880,148.790,147.880,148.560,1284,240,0
1674496800,148.570,148.950,148.240,148.330,408,240,0
1674554400,149.010,149.955,148.507,149.052,4083,176,0
1674558000,149.057,149.197,148.255,148.597,2696,240,0
1674561600,148.602,148.940,148.162,148.682,2077,176,0
1674565200,148.682,148.702,147.902,148.545,2723,176,0
1674568800,148.582,148.964,148.302,148.680,3222,120,0
1674572400,148.660,148.744,147.984,148.124,3874,120,0
1674576000,148.124,148.764,148.024,148.154,5025,120,0
1674579600,148.164,149.224,147.884,148.964,4677,120,0
1674583200,148.964,148.970,148.444,148.760,1608,120,0
1674640800,148.160,148.650,147.070,147.120,1682,162,0
1674644400,147.110,147.710,146.030,146.070,1277,240,0
1674648000,146.090,146.180,145.030,145.970,1676,240,0
1674651600,145.990,146.490,144.830,145.654,1898,120,0
1674655200,145.644,146.204,145.634,145.844,2769,120,0
1674658800,145.864,146.524,145.524,146.524,3001,120,0
1674662400,146.524,146.624,145.514,145.524,5065,120,0
1674666000,145.524,146.430,145.504,146.104,4508,120,0
1674669600,146.104,146.190,145.504,145.960,1656,120,0
1674727200,146.360,148.024,146.320,147.204,9264,120,0
1674730800,147.204,147.764,146.454,146.644,4869,120,0
1674734400,146.644,147.484,146.324,146.874,3268,120,0
1674738000,146.864,146.874,146.160,146.590,6464,120,0
1674741600,146.590,147.004,146.350,146.490,4875,120,0
1674745200,146.442,146.660,145.429,145.569,7764,120,0
1674748800,145.580,145.972,144.719,145.110,8797,120,0
1674752400,145.110,145.540,144.820,144.910,7830,120,0
1674756000,144.910,145.594,144.770,145.039,2733,120,0
1674813600,148.170,148.810,147.190,148.240,14995,120,0
1674817200,148.240,148.284,147.420,147.824,5582,120,0
1674820800,147.824,148.504,147.230,148.180,5237,120,0
1674824400,148.180,148.360,147.750,147.890,4443,120,0
1674828000,147.890,148.070,147.150,147.170,4033,120,0
1675072800,146.800,147.584,145.760,147.550,12861,120,0
1675076400,147.550,148.060,145.820,146.529,8019,120,0
1675080000,146.520,146.590,145.409,146.070,6023,120,0
1675083600,146.070,146.120,145.109,145.972,5676,120,0
1675087200,145.970,146.690,145.902,146.299,4003,120,0
1675090800,146.299,146.630,146.259,146.484,2857,120,0
1675094400,146.484,146.864,146.199,146.760,5296,120,0
1675098000,146.759,147.360,146.479,147.199,5815,120,0
1675101600,147.199,147.940,147.169,147.760,2611,120,0
1675159200,146.340,147.160,145.210,145.630,11479,120,0
1675162800,145.630,145.864,144.940,145.724,6864,120,0
1675166400,145.724,146.050,145.430,145.619,5577,120,0
1675170000,145.619,146.164,145.359,146.014,6226,120,0
1675173600,146.014,146.294,145.759,145.850,3759,120,0
1675177200,145.884,146.610,145.459,146.140,7928,120,0
1675180800,146.139,146.544,145.659,146.100,6914,120,0
1675184400,146.100,147.410,145.890,147.240,6780,120,0
1675188000,147.240,147.480,146.810,147.269,2573,120,0
1675245600,146.880,147.740,146.140,146.590,8150,120,0
1675249200,146.590,147.100,146.199,146.870,5857,120,0
1675252800,146.870,147.444,146.719,147.020,5983,120,0
1675256400,147.020,147.270,146.639,147.004,3663,120,0
1675260000,147.014,147.390,146.779,147.350,2511,120,0
1675263600,147.350,148.050,146.829,147.020,4723,120,0
1675267200,147.020,147.730,146.920,147.305,5166,120,0
1675270800,147.310,147.710,146.599,147.504,8217,120,0
1675274400,147.514,148.084,147.290,147.939,2347,120,0
1675332000,149.302,155.070,149.234,154.570,15119,120,0
1675335600,154.579,155.580,153.404,153.859,10070,120,0
1675339200,153.860,154.759,153.819,154.759,6179,120,0
1675342800,154.759,155.430,154.510,154.650,6068,120,0
1675346400,154.650,155.504,154.079,155.310,8683,120,0
1675350000,155.310,156.684,154.889,156.430,11714,120,0
1675353600,156.430,157.730,156.019,156.050,13976,120,0
1675357200,156.050,158.590,155.450,158.532,11601,120,0
1675360800,158.530,158.555,157.405,158.030,5927,120,0
1675418400,156.470,156.509,153.509,155.744,11534,120,0
1675422000,155.744,156.855,155.400,156.564,7488,120,0
1675425600,156.564,156.860,155.939,156.332,3858,120,0
1675429200,156.332,157.014,156.304,156.839,4372,120,0
1675432800,156.884,157.870,156.739,157.744,4273,120,0
1675677600,158.122,159.120,156.499,156.499,10136,120,0
1675681200,156.499,156.560,154.839,154.904,8323,120,0
1675684800,154.904,155.259,154.099,154.339,5590,120,0
1675688400,154.339,155.300,153.914,155.129,5483,120,0
1675692000,155.129,156.505,154.850,156.100,5980,120,0
1675695600,156.100,156.400,154.490,154.884,5744,120,0
1675699200,154.849,156.380,154.810,155.170,8373,120,0
1675702800,155.170,155.270,154.159,154.659,7171,120,0
1675706400,154.659,155.600,154.469,155.110,3138,120,0
1675764000,154.270,154.630,153.150,153.150,10752,120,0
1675767600,153.150,153.744,152.799,153.019,6422,120,0
1675771200,153.019,153.210,152.050,152.104,4153,120,0
1675774800,152.104,152.584,151.969,152.299,4511,120,0
1675778400,152.299,154.370,152.214,154.339,4049,120,0
1675782000,154.339,154.380,152.804,153.557,4279,120,0
1675785600,153.552,154.080,152.605,152.884,4969,120,0
1675789200,152.884,153.504,152.490,153.104,9053,120,0
1675792800,153.104,153.764,153.055,153.252,3363,120,0
1675850400,154.730,155.660,153.100,153.964,15725,120,0
1675854000,153.964,156.860,153.904,156.605,10975,120,0
1675857600,156.599,157.024,156.309,156.610,6676,120,0
1675861200,156.610,156.730,155.439,155.610,6518,120,0
1675864800,155.605,156.560,155.580,155.739,4923,120,0
1675868400,155.800,156.434,154.799,155.970,8998,120,0
1675872000,155.970,156.124,154.709,154.880,9988,120,0
1675875600,154.880,155.764,153.710,153.884,10881,120,0
1675879200,153.884,154.320,153.370,153.594,4757,120,0
1675936800,154.800,156.050,154.544,155.210,17060,120,0
1675940400,155.210,155.759,154.820,155.759,8049,120,0
1675944000,155.759,157.405,155.710,157.350,8083,120,0
1675947600,157.350,157.430,156.440,157.004,6631,120,0
1675951200,157.004,157.320,156.444,156.584,3332,120,0
1675954800,156.600,156.904,156.229,156.719,5254,120,0
1675958400,156.719,156.880,155.455,155.480,8676,120,0
1675962000,155.480,156.664,155.455,156.650,9833,120,0
1675965600,156.650,156.784,155.939,156.594,5027,120,0
1676023200,140.040,144.505,138.529,139.055,46116,120,0
1676026800,139.059,140.420,137.899,139.520,29150,120,0
1676030400,139.519,139.530,137.104,137.490,19046,120,0
1676034000,137.455,138.129,136.464,136.959,16959,120,0
1676037600,136.959,139.004,136.904,137.284,12466,120,0
1676282400,137.630,142.064,137.529,141.399,19771,120,0
1676286000,141.399,142.284,139.830,139.930,10741,120,0
1676289600,139.930,140.230,139.599,139.730,4838,120,0
1676293200,139.730,139.790,138.459,139.070,4600,120,0
1676296800,139.070,139.540,138.579,138.810,4394,120,0
1676300400,138.810,139.630,138.804,139.132,3864,120,0
1676304000,139.184,140.129,138.700,139.970,6827,120,0
1676307600,139.970,140.344,139.070,140.100,7105,120,0
1676311200,140.100,140.769,139.930,140.307,3005,120,0
1676368800,140.720,141.230,137.989,138.552,13371,120,0
1676372400,138.552,139.200,138.430,138.850,5339,120,0
1676376000,138.850,140.210,138.684,140.044,3790,120,0
1676379600,140.044,140.270,139.429,140.224,3984,120,0
1676383200,140.224,140.490,138.979,139.084,3683,120,0
1676386800,139.084,141.720,138.839,139.309,16535,120,0
1676390400,139.309,140.564,138.139,140.310,13798,120,0
1676394000,140.310,141.279,138.270,139.390,12692,120,0
1676397600,139.390,140.304,139.009,139.107,5979,120,0
1676455200,138.550,140.780,137.759,140.539,13253,120,0
1676458800,140.539,141.820,140.359,141.029,9489,120,0
1676462400,141.030,141.304,140.589,141.190,5447,120,0
1676466000,141.190,141.600,140.990,141.520,3506,120,0
1676469600,141.520,142.220,140.910,141.034,3989,120,0
1676473200,141.034,141.060,139.610,140.160,8646,120,0
1676476800,140.160,140.990,139.590,140.430,6707,120,0
1676480400,140.429,141.634,140.329,140.750,7030,120,0
1676484000,140.750,141.360,140.729,141.239,2886,120,0
1676541600,143.082,144.994,143.040,143.879,12789,120,0
1676545200,143.879,145.520,143.784,145.370,7096,120,0
1676548800,145.430,146.850,145.159,145.479,9503,120,0
1676552400,145.480,145.984,145.139,145.464,6778,120,0
1676556000,145.464,145.510,144.390,144.610,5959,120,0
1676559600,144.610,144.640,143.329,144.080,12509,120,0
1676563200,144.080,144.559,143.205,144.130,12914,120,0
1676566800,144.130,145.770,144.070,145.519,10059,120,0
1676570400,145.519,146.034,145.329,145.507,3306,120,0
1676628000,141.500,143.070,141.019,142.204,12826,120,0
1676631600,142.200,142.930,141.659,141.964,7337,120,0
1676635200,141.964,143.080,141.950,142.472,6542,120,0
1676638800,142.472,142.810,141.629,142.260,5387,120,0
1676642400,142.269,142.994,142.269,142.870,3824,120,0
1676887200,144.020,144.230,142.300,142.920,6548,120,0
1676890800,142.920,143.340,141.530,142.140,4683,120,0
1676894400,142.129,142.540,141.604,141.770,3456,120,0
1676898000,141.770,142.120,141.099,141.170,2484,120,0
1676901600,141.170,141.360,140.410,140.820,2126,120,0
1676905200,140.839,141.104,140.280,141.000,2265,120,0
1676908800,141.000,141.120,140.072,140.100,1722,120,0
1676912400,140.100,141.050,139.899,140.924,2532,120,0
1676916000,140.924,141.340,140.829,141.094,1257,120,0
1676973600,139.960,140.194,137.989,138.180,9487,120,0
1676977200,138.214,139.360,137.899,138.950,7844,120,0
1676980800,138.959,139.032,138.639,138.812,5128,132,0
1676984400,138.812,139.434,138.712,139.190,3102,132,0
1676988000,139.190,139.480,138.939,139.424,2491,120,0
1676991600,139.424,139.444,138.550,138.860,3275,120,0
1676995200,138.860,139.084,137.799,138.070,5876,132,0
1676998800,138.070,138.170,137.439,137.752,4963,132,0
1677002400,137.752,137.804,136.829,136.894,2392,120,0
1677060000,136.642,137.860,136.520,137.120,8585,120,0
1677063600,137.120,137.924,136.999,137.044,5655,132,0
1677067200,137.044,137.244,136.474,136.964,2482,120,0
1677070800,136.964,137.144,136.244,136.804,2133,132,0
1677074400,136.804,139.264,136.750,139.264,2822,132,0
1677078000,139.284,139.464,138.664,139.224,2121,132,0
1677081600,139.224,140.264,138.124,139.744,4209,120,0
1677085200,139.744,140.730,138.844,140.430,7767,120,0
1677088800,140.375,140.760,139.750,139.770,4473,120,0
1677146400,140.510,142.600,140.180,141.340,13385,120,0
1677150000,141.340,141.660,140.430,140.510,6916,120,0
1677153600,140.510,140.520,139.950,140.380,4288,120,0
1677157200,140.370,140.945,140.170,140.860,3681,120,0
1677160800,140.860,141.360,140.160,140.495,3874,120,0
1677164400,140.430,140.740,139.650,139.880,7089,120,0
1677168000,139.830,140.680,139.405,140.380,8010,120,0
1677171600,140.380,140.650,139.184,139.584,4550,120,0
1677175200,139.584,139.704,139.364,139.540,1385,120,0
1677232800,139.490,141.144,138.874,138.934,7492,132,0
1677236400,138.934,139.744,138.474,139.584,4385,132,0
1677240000,139.584,139.844,138.624,139.024,3520,132,0
1677243600,139.024,139.064,137.504,137.694,3552,132,0
1677247200,137.694,137.920,136.984,137.064,3854,120,0
1677492000,140.029,140.884,138.884,140.024,7937,120,0
1677495600,140.024,141.164,140.004,140.944,2578,132,0
1677499200,140.944,141.044,140.344,140.764,2117,120,0
1677502800,140.764,141.134,140.604,140.924,1738,132,0
1677506400,140.924,141.094,140.144,140.184,1322,120,0
1677510000,140.184,141.004,139.904,140.644,1972,120,0
1677513600,140.634,140.664,139.344,139.624,4167,120,0
1677517200,139.614,139.884,139.184,139.404,3383,132,0
1677520800,139.404,139.744,139.194,139.244,1575,132,0
1677578400,141.530,141.750,139.554,139.900,18072,235,0
1677582000,139.900,140.570,139.320,140.412,7796,152,0
1677585600,140.410,140.732,139.990,140.380,8857,152,0
1677589200,140.380,141.050,140.170,140.820,5517,120,0
1677592800,140.820,142.080,140.819,141.499,6231,120,0
1677596400,141.499,141.860,140.859,141.170,5950,152,0
1677600000,141.170,141.400,140.450,140.730,8122,120,0
1677603600,140.730,142.150,140.729,141.910,8676,235,0
1677607200,141.910,142.640,141.910,142.114,4087,202,0
1677664800,144.390,145.805,141.759,141.820,16445,120,0
1677668400,141.820,142.760,141.010,141.910,8977,162,0
1677672000,141.910,142.190,141.304,141.910,5630,235,0
1677675600,141.910,142.650,141.480,142.339,5022,132,0
1677679200,142.339,142.660,142.019,142.159,3144,120,0
1677682800,142.159,142.339,141.249,142.090,5295,132,0
1677686400,142.090,143.350,141.240,143.120,5573,152,0
1677690000,143.129,143.350,140.529,141.430,8845,235,0
1677693600,141.430,141.750,140.000,141.440,3323,235,0
1677751200,139.650,140.705,138.969,140.550,11229,240,0
1677754800,140.570,140.720,139.819,140.065,7150,170,0
1677758400,140.015,140.915,139.365,140.865,837,170,0
1677762000,140.915,142.462,140.865,142.442,2887,170,0
1677765600,142.422,142.662,141.782,142.322,2736,176,0
1677769200,142.300,142.742,141.122,141.502,7827,176,0
1677772800,141.502,143.162,141.480,142.842,9758,176,0
1677776400,142.842,143.562,142.307,143.122,9883,176,0
1677780000,143.122,143.462,142.875,142.897,9064,120,0
1677837600,143.290,144.322,142.940,143.122,5239,120,0
1677841200,143.122,143.942,143.042,143.742,1835,176,0
1677844800,143.742,144.442,143.742,143.982,1895,176,0
1677848400,143.982,144.602,143.802,144.562,1372,176,0
1677852000,144.562,146.062,144.510,145.322,2157,176,0
1677855600,145.322,146.082,145.282,146.062,2188,176,0
1677859200,146.062,146.762,145.322,146.302,3254,176,0
1677862800,146.282,146.582,145.602,146.142,4190,176,0
1677866400,146.142,146.782,146.142,146.602,1650,176,0
1678096800,146.320,146.710,144.642,146.242,7273,176,0
1678100400,146.242,146.542,145.742,145.902,3978,176,0
1678104000,145.902,147.542,145.902,147.502,3405,176,0
1678107600,147.502,147.622,145.782,146.122,3159,176,0
1678111200,146.122,146.842,145.842,146.662,2817,176,0
1678114800,146.662,147.062,146.402,147.022,2302,176,0
1678118400,147.022,147.122,146.102,146.502,2991,176,0
1678122000,146.482,147.082,146.262,146.702,3434,176,0
1678125600,146.702,147.062,146.502,146.522,1775,176,0
1678183200,145.740,146.542,145.130,146.502,5545,176,0
1678186800,146.502,146.762,145.922,146.442,2617,176,0
1678190400,146.442,146.922,146.242,146.242,1721,176,0
1678194000,146.242,146.564,145.384,145.564,1906,132,0
1678197600,145.564,146.114,145.304,145.704,2187,132,0
1678201200,145.704,146.034,145.244,145.664,2226,132,0
1678204800,145.664,145.704,144.684,145.324,3866,132,0
1678208400,145.324,145.684,144.004,144.104,39938,132,0
1678212000,144.082,145.104,144.062,144.799,28293,132,0
1678269600,141.380,143.500,141.100,141.984,58760,120,0
1678273200,141.984,142.824,140.922,141.724,51390,132,0
1678276800,141.724,142.984,140.242,142.362,38765,132,0
1678280400,142.362,142.784,140.922,141.644,26832,132,0
1678284000,141.644,141.804,139.942,140.644,23319,132,0
1678287600,140.622,140.664,139.262,139.924,42856,132,0
1678291200,139.922,141.164,139.882,141.144,48904,132,0
1678294800,141.144,147.564,140.262,147.564,74142,132,0
1678298400,147.442,149.422,146.922,148.362,25394,132,0
1678356000,145.960,148.450,144.430,147.244,64313,132,0
1678359600,147.244,147.454,144.562,144.824,60682,132,0
1678363200,144.822,146.024,144.542,145.884,46516,132,0
1678366800,145.862,146.394,145.482,145.582,22997,132,0
1678370400,145.602,147.704,145.062,147.704,34256,132,0
1678374000,147.662,151.244,146.762,151.244,45381,132,0
1678377600,151.222,152.754,150.322,151.982,72000,132,0
1678381200,151.982,152.564,151.042,152.064,55716,132,0
1678384800,152.042,153.004,151.622,152.544,22030,132,0
1678442400,150.555,150.720,146.582,147.402,79778,176,0
1678446000,147.390,148.062,146.799,147.030,93119,176,0
1678449600,147.042,147.642,146.829,147.149,70861,176,0
1678453200,147.182,149.182,147.120,148.910,56757,176,0
1678456800,148.942,150.002,148.799,149.530,50055,152,0
1678460400,149.542,151.102,148.959,150.442,92641,176,0
1678464000,150.442,151.102,147.609,148.310,122231,176,0
1678467600,148.322,149.282,147.990,149.202,121920,176,0
1678471200,149.202,149.262,148.330,148.630,46710,176,0
1678701600,149.555,151.230,146.642,146.990,87079,176,0
1678705200,146.990,147.062,144.682,145.510,137108,176,0
1678708800,145.510,147.262,145.239,147.000,109643,176,0
1678712400,146.979,147.622,145.359,145.380,108279,176,0
1678716000,145.402,145.502,143.562,144.242,127670,152,0
1678719600,144.262,146.042,143.622,145.842,136729,176,0
1678723200,145.829,146.782,144.719,146.122,148748,176,0
1678726800,146.129,147.082,145.899,146.650,118401,176,0
1678730400,146.650,147.122,145.750,146.088,51717,176,0
1678788000,146.880,147.660,144.380,145.939,100567,176,0
1678791600,145.962,146.122,143.805,143.850,106367,176,0
1678795200,143.850,144.622,143.562,143.859,68706,176,0
1678798800,143.870,146.242,143.800,146.020,67056,176,0
1678802400,146.022,149.322,145.830,148.980,101606,172,0
1678806000,148.960,149.762,148.319,148.850,112197,176,0
1678809600,148.850,149.662,148.002,148.070,99465,176,0
1678813200,148.070,149.122,147.670,147.670,78328,176,0
1678816800,147.682,148.302,147.669,147.742,36468,176,0
1678874400,146.955,147.155,143.440,144.040,66501,176,0
1678878000,144.040,144.342,142.750,143.322,92391,176,0
1678881600,143.342,143.962,140.610,141.479,115768,176,0
1678885200,141.482,142.662,141.409,142.162,116623,176,0
1678888800,142.149,142.382,139.422,139.602,16401,162,0
1678892400,139.602,143.542,138.922,142.462,10568,176,0
1678896000,142.482,143.590,140.662,141.782,9000,176,0
1678899600,141.782,143.740,141.442,142.542,6502,176,0
1678903200,142.542,142.762,140.542,140.682,3704,176,0
1678960800,143.405,144.962,140.442,140.442,18210,176,0
1678964400,140.442,140.842,138.942,139.522,13245,176,0
1678968000,139.522,140.102,139.262,139.702,6408,176,0
1678971600,139.702,141.022,139.242,140.482,6595,176,0
1678975200,140.482,140.882,138.222,138.362,8265,176,0
1678978800,138.362,140.142,137.422,140.142,17243,176,0
1678982400,140.142,141.342,138.122,140.842,15176,176,0
1678986000,140.842,142.202,139.522,141.602,10041,176,0
1678989600,141.622,142.342,141.142,142.302,3615,176,0
1679047200,142.630,144.290,142.122,142.562,8182,176,0
1679050800,142.562,143.902,142.482,142.962,4112,176,0
1679054400,142.962,143.462,142.622,143.302,3909,176,0
1679058000,143.302,143.322,141.382,142.402,4785,176,0
1679061600,142.402,143.002,140.522,140.702,4868,170,0
1679065200,140.702,142.062,140.542,141.202,5297,176,0
1679068800,141.202,141.782,139.922,141.002,5491,176,0
1679072400,141.002,142.022,140.622,141.282,4503,176,0
1679076000,141.282,141.442,140.662,140.802,2102,176,0
1679306400,140.055,141.862,137.550,141.842,19354,176,0
1679310000,141.842,144.030,141.102,142.562,12782,176,0
1679313600,142.562,144.430,142.062,143.882,7126,176,0
1679317200,143.882,143.902,142.462,142.482,5619,176,0
1679320800,142.482,142.702,141.602,142.222,4320,176,0
1679324400,142.222,142.262,140.162,141.522,6266,176,0
1679328000,141.522,142.262,140.842,142.162,4073,176,0
1679331600,142.162,143.282,142.122,142.522,3013,176,0
1679335200,142.522,142.682,141.242,141.562,2329,176,0
1679392800,143.130,144.402,142.220,143.022,8364,176,0
1679396400,143.022,144.302,142.982,143.462,3695,176,0
1679400000,143.462,143.962,142.862,143.022,4168,176,0
1679403600,143.022,143.362,142.382,143.302,2845,176,0
1679407200,143.302,143.490,142.762,142.942,1981,176,0
1679410800,142.942,143.122,142.622,142.942,2624,176,0
1679414400,142.942,143.402,142.382,142.802,3176,176,0
1679418000,142.802,143.262,142.362,142.522,2804,176,0
1679421600,142.522,142.582,141.662,141.682,1920,176,0
1679479200,142.030,142.180,140.422,141.242,10781,176,0
1679482800,141.242,141.582,140.722,141.382,4266,176,0
1679486400,141.402,141.642,141.082,141.302,3205,176,0
1679490000,141.302,141.562,140.942,141.022,2010,176,0
1679493600,141.022,141.382,140.942,140.962,1845,176,0
1679497200,140.962,141.382,140.422,140.642,1982,176,0
1679500800,140.642,140.862,139.082,139.962,3254,176,0
1679504400,139.962,140.522,139.802,140.002,2179,176,0
1679508000,140.002,140.302,139.922,140.282,1096,176,0
1679565600,139.922,141.580,139.282,140.662,8083,176,0
1679569200,140.662,140.802,139.482,139.862,2956,176,0
1679572800,139.862,140.102,138.642,139.062,3093,176,0
1679576400,139.082,139.802,138.982,139.782,1930,176,0
1679580000,139.802,140.222,139.362,139.862,2963,176,0
1679583600,139.862,142.202,139.642,142.182,3176,176,0
1679587200,142.182,143.062,141.442,142.162,3155,176,0
1679590800,142.162,142.802,141.942,142.702,2510,176,0
1679594400,142.702,142.802,142.162,142.402,1362,176,0
1679652000,141.970,143.820,141.642,142.502,12627,176,0
1679655600,142.502,142.642,140.802,141.202,6626,176,0
1679659200,141.202,141.462,140.182,140.522,7569,176,0
1679662800,140.522,141.162,139.842,140.582,5831,176,0
1679666400,140.582,141.502,140.122,141.182,5372,176,0
1679670000,141.182,142.082,140.582,140.922,7501,176,0
1679673600,140.922,141.122,139.822,141.042,4600,176,0
1679677200,141.042,141.282,140.122,141.222,3730,176,0
1679680800,141.222,141.362,140.422,140.782,1734,176,0
1679911200,142.760,143.042,141.182,141.842,7820,176,0
1679914800,141.822,142.942,141.682,142.862,4706,176,0
1679918400,142.882,143.582,142.802,143.282,4749,176,0
1679922000,143.282,143.702,142.922,142.942,3086,176,0
1679925600,142.942,143.122,141.602,141.862,2320,176,0
1679929200,141.862,142.022,141.182,141.302,2518,176,0
1679932800,141.302,141.782,140.502,140.722,3700,176,0
1679936400,140.722,140.802,140.142,140.322,3800,176,0
1679940000,140.322,140.802,140.302,140.782,1865,176,0
1679997600,142.400,144.342,142.082,142.902,6054,176,0
1680001200,142.902,142.982,141.262,141.302,2098,176,0
1680004800,141.302,142.042,140.500,141.042,4067,176,0
1680008400,141.042,141.662,140.760,141.062,1711,176,0
1680012000,141.062,141.662,140.882,140.982,1078,176,0
1680015600,140.982,141.242,140.342,140.482,1410,176,0
1680019200,140.482,141.882,140.442,141.002,2695,176,0
1680022800,140.962,141.602,140.662,141.102,2142,176,0
1680026400,141.102,141.562,141.062,141.562,959,176,0
1680084000,142.650,143.400,142.122,142.662,5591,120,0
1680087600,142.662,144.262,142.202,144.142,2925,176,0
1680091200,144.162,145.082,144.022,144.722,2411,176,0
1680094800,144.722,144.722,143.982,143.982,1867,176,0
1680098400,143.982,144.504,143.682,143.962,1546,120,0
1680102000,143.962,144.504,143.544,144.424,1853,120,0
1680105600,144.414,146.084,144.244,145.504,2514,120,0
1680109200,145.514,146.164,145.444,145.604,2531,120,0
1680112800,145.584,146.324,145.464,146.220,1150,120,0
1680170400,147.300,149.234,147.280,148.784,4464,120,0
1680174000,148.784,149.604,148.624,149.544,2232,120,0
1680177600,149.524,150.594,149.384,149.664,2126,120,0
1680181200,149.649,151.050,149.544,150.890,2128,120,0
1680184800,150.930,151.910,150.870,151.870,1922,120,0
1680188400,151.855,153.840,151.590,153.130,2923,120,0
1680192000,153.140,154.420,152.349,154.390,3703,235,0
1680195600,154.380,154.879,153.430,154.030,4104,235,0
1680199200,154.040,154.892,153.879,154.357,1303,235,0
1680256800,154.349,155.920,154.140,155.920,5087,132,0
1680260400,155.909,156.655,155.490,156.270,2771,235,0
1680264000,156.280,157.600,156.270,157.470,2452,212,0
1680267600,157.479,159.350,157.410,159.270,2436,196,0
1680271200,159.330,159.930,159.299,159.599,2071,162,0
1680274800,159.599,161.110,159.305,160.629,3219,240,0
1680278400,160.639,161.000,159.910,160.770,3726,240,0
1680282000,160.754,162.640,160.754,162.499,4195,240,0
1680285600,162.505,162.510,162.050,162.218,1582,240,0
1680516000,162.580,163.489,161.439,163.450,5629,240,0
1680519600,163.455,163.954,162.839,163.899,2989,240,0
1680523200,163.910,164.129,162.909,163.180,2434,240,0
1680526800,163.190,163.870,163.190,163.800,1865,240,0
1680530400,163.709,164.630,163.319,164.569,2658,240,0
1680534000,164.580,164.710,163.650,163.660,2260,142,0
1680537600,163.670,164.420,163.499,163.960,2899,240,0
1680541200,164.055,164.270,162.455,162.710,3694,240,0
1680544800,162.720,162.959,162.569,162.797,1848,240,0
1680602400,163.255,163.255,161.179,161.849,4484,240,0
1680606000,161.829,163.359,161.799,162.689,3258,240,0
1680609600,162.700,164.180,162.669,163.929,2450,240,0
1680613200,163.910,163.950,163.059,163.699,2382,240,0
1680616800,163.705,163.705,163.229,163.369,1303,132,0
1680620400,163.355,163.480,162.109,162.490,1842,240,0
1680624000,162.490,162.704,161.550,162.490,3142,240,0
1680627600,162.500,163.000,161.950,162.669,3889,240,0
1680631200,162.680,163.150,162.490,163.130,1466,240,0
1680688800,163.905,165.500,162.519,164.430,5444,240,0
1680692400,164.439,164.470,163.520,163.690,4257,240,0
1680696000,163.689,164.340,163.399,163.729,2609,240,0
1680699600,163.730,163.859,163.029,163.630,2142,240,0
1680703200,163.619,164.519,163.330,164.130,1923,176,0
1680706800,164.140,164.830,164.080,164.410,2682,240,0
1680710400,164.404,164.440,162.949,163.240,3221,240,0
1680714000,163.229,163.329,162.410,163.080,4212,240,0
1680717600,163.090,163.779,162.504,163.779,1438,240,0
1680775200,163.505,164.660,162.359,164.089,5110,240,0
1680778800,164.090,164.560,163.554,163.910,2373,240,0
1680782400,163.920,164.370,162.789,163.529,3138,240,0
1680786000,163.555,164.330,163.390,164.300,2141,240,0
1680789600,164.304,164.819,164.300,164.790,1425,142,0
1680793200,164.770,164.830,163.599,163.659,2068,240,0
1680796800,163.660,164.259,163.270,163.950,3899,240,0
1680800400,163.939,164.170,163.504,163.699,2240,240,0
1680804000,163.705,164.254,163.705,164.170,1098,240,0
1681207200,165.180,166.680,163.969,165.370,6197,240,0
1681210800,165.380,166.030,164.739,165.992,2966,120,0
1681214400,165.992,166.200,165.300,165.980,3240,120,0
1681218000,166.000,166.364,165.789,166.239,2186,120,0
1681221600,166.230,166.310,165.619,166.020,2471,120,0
1681225200,166.030,166.420,165.708,165.890,2637,120,0
1681228800,165.870,166.540,165.550,166.180,3681,132,0
1681232400,166.190,166.250,165.529,165.770,3376,132,0
1681236000,165.755,166.200,165.699,166.130,1528,120,0
1681293600,165.990,166.250,164.190,165.009,4910,120,0
1681297200,165.020,165.180,163.450,164.204,4347,142,0
1681300800,164.220,165.254,164.130,164.930,2821,120,0
1681304400,164.920,165.154,164.590,164.669,3801,120,0
1681308000,164.550,165.324,164.310,165.230,2610,120,0
1681311600,165.230,166.830,164.560,164.560,5863,132,0
1681315200,164.570,165.310,164.299,164.380,5022,120,0
1681318800,164.369,164.710,163.750,163.950,5125,142,0
1681322400,163.945,164.130,163.639,163.990,2061,132,0
1681380000,164.630,165.330,163.154,163.324,5526,122,0
1681383600,163.334,164.284,163.229,163.769,4216,120,0
1681387200,163.780,163.810,162.954,163.124,3325,120,0
1681390800,163.124,163.319,162.829,162.859,2556,120,0
1681394400,162.810,162.942,161.697,161.770,2659,120,0
1681398000,161.780,162.225,161.488,162.088,4073,120,0
1681401600,162.078,162.564,161.520,161.645,4879,120,0
1681405200,161.625,162.690,161.333,162.320,4446,120,0
1681408800,162.328,162.897,162.308,162.884,1637,120,0
1681466400,163.200,166.685,162.752,166.248,8069,120,0
1681470000,166.255,166.263,164.999,165.294,4153,120,0
1681473600,165.287,166.168,165.163,165.653,4208,120,0
1681477200,165.665,165.673,164.247,164.382,2811,120,0
1681480800,164.230,164.924,163.547,164.768,3105,120,0
1681484400,164.763,165.518,164.763,165.094,5226,120,0
1681488000,165.099,165.789,164.505,165.380,4425,120,0
1681491600,165.375,165.680,164.780,165.570,5213,120,0
1681495200,165.572,165.863,165.398,165.543,2227,180,0
1681725600,165.440,165.866,163.377,163.894,5411,120,0
1681729200,163.877,163.918,162.605,163.444,4417,180,0
1681732800,163.458,163.785,162.845,163.199,2814,120,0
1681736400,163.218,163.468,162.991,163.063,2523,180,0
1681740000,163.093,163.448,162.860,163.295,1734,180,0
1681743600,163.287,163.413,161.966,162.515,2556,180,0
1681747200,162.503,162.863,162.233,162.748,3200,180,0
1681750800,162.747,163.176,162.338,162.538,3250,180,0
1681754400,162.548,162.632,162.363,162.555,1148,180,0
1681812000,162.655,163.868,162.543,163.655,3709,185,0
1681815600,163.645,164.642,163.585,164.510,3044,185,0
1681819200,164.520,164.520,163.730,163.830,2855,180,0
1681822800,163.823,164.150,163.629,163.969,2064,180,0
1681826400,163.949,164.707,163.730,164.707,2536,180,0
1681830000,164.707,165.344,164.535,164.592,2369,180,0
1681833600,164.600,164.600,163.198,163.589,3034,180,0
1681837200,163.585,163.708,162.879,162.925,3149,180,0
1681840800,162.935,163.278,162.884,162.968,1677,179,0
1681898400,162.930,163.108,161.483,162.575,5820,180,0
1681902000,162.593,163.048,162.228,162.439,3906,180,0
1681905600,162.447,162.685,161.734,161.875,2604,180,0
1681909200,161.868,162.265,161.640,162.040,2149,180,0
1681912800,162.028,162.065,161.318,161.543,1662,180,0
1681916400,161.533,161.938,161.420,161.703,1826,180,0
1681920000,161.703,162.158,161.210,161.853,3630,180,0
1681923600,161.860,162.053,161.180,161.695,3753,180,0
1681927200,161.693,162.003,161.294,161.970,1730,179,0
1681984800,159.530,161.063,159.187,160.808,6472,180,0
1681988400,160.787,160.935,159.470,159.785,4339,180,0
1681992000,159.773,160.100,159.393,159.835,4096,180,0
1681995600,159.840,160.414,159.700,160.148,2735,179,0
1681999200,160.135,160.285,159.663,159.789,3035,180,0
1682002800,159.785,160.285,159.018,160.175,3348,180,0
1682006400,160.178,160.940,159.699,160.775,3047,180,0
1682010000,160.753,162.363,160.609,162.080,3243,180,0
1682013600,162.093,162.330,161.863,162.084,1482,180,0
1682071200,160.630,162.175,160.051,160.744,6709,185,0
1682074800,160.756,161.050,159.914,160.702,3744,180,0
1682078400,160.695,161.413,160.608,161.108,3450,180,0
1682082000,161.093,161.176,160.408,160.503,2778,180,0
1682085600,160.486,161.720,159.816,161.473,2869,180,0
1682089200,161.488,161.860,161.047,161.335,3776,180,0
1682092800,161.348,161.898,161.218,161.340,3209,180,0
1682096400,161.343,163.050,161.220,162.780,4872,180,0
1682100000,162.780,163.440,162.532,163.323,1727,180,0
1682330400,163.529,164.089,162.852,163.852,3651,120,0
1682334000,163.869,164.050,163.629,163.840,2923,120,0
1682337600,163.830,164.189,163.779,163.990,2285,120,0
1682341200,163.989,164.000,163.609,164.000,1799,120,0
1682344800,164.039,164.670,163.889,164.610,1483,120,0
1682348400,164.600,164.870,163.889,164.029,1840,120,0
1682352000,164.030,164.419,163.530,163.530,2753,120,0
1682355600,163.570,163.619,161.380,161.880,3551,120,0
1682359200,161.860,162.269,161.750,161.869,1487,120,0
1682416800,161.830,161.830,159.158,159.723,6245,180,0
1682420400,159.743,160.078,158.980,159.863,3803,180,0
1682424000,159.873,159.873,159.003,159.437,3072,180,0
1682427600,159.429,159.978,159.278,159.949,1669,180,0
1682431200,159.959,160.575,159.850,160.078,2138,180,0
1682434800,160.088,160.408,159.908,160.155,2481,180,0
1682438400,160.164,160.293,159.484,159.823,3052,179,0
1682442000,159.813,160.038,159.260,159.680,2868,179,0
1682445600,159.703,160.270,159.539,160.128,2083,180,0
1682503200,159.580,160.490,158.680,159.310,9202,182,0
1682506800,159.295,159.760,159.088,159.164,5985,185,0
1682510400,159.157,159.348,157.990,158.133,3386,172,0
1682514000,158.148,158.438,157.520,157.553,4132,167,0
1682517600,157.550,157.940,156.193,156.845,5173,167,0
1682521200,156.860,157.893,156.733,157.649,2752,167,0
1682524800,157.662,158.414,157.053,158.370,4610,167,0
1682528400,158.360,158.964,157.730,158.820,5790,167,0
1682532000,158.835,159.433,158.823,158.975,1784,167,0
1682589600,158.955,159.282,157.369,158.680,9827,167,0
1682593200,158.690,160.207,158.690,159.650,5639,172,0
1682596800,159.652,159.890,159.017,159.130,4610,185,0
1682600400,159.120,159.620,158.745,159.218,3133,180,0
1682604000,159.210,159.913,159.130,159.592,2318,180,0
1682607600,159.589,160.320,159.128,159.475,4529,180,0
1682611200,159.463,160.218,158.610,158.618,4708,179,0
1682614800,158.623,158.643,157.168,157.753,4538,167,0
1682618400,157.765,158.103,157.613,157.960,3048,167,0
1682676000,157.955,159.003,157.540,157.980,8266,177,0
1682679600,157.970,158.037,157.013,157.363,7248,172,0
1682683200,157.350,158.030,157.125,157.765,6754,172,0
1682686800,157.755,158.385,157.275,157.285,3465,172,0
1682690400,157.268,158.684,157.093,158.289,2738,172,0
1682694000,158.288,158.860,158.063,158.723,5167,172,0
1682697600,158.742,159.538,158.518,159.250,4365,172,0
1682701200,159.260,160.115,159.034,159.205,4719,180,0
1682704800,159.195,159.603,159.039,159.603,1570,179,0
1683021600,159.169,161.156,158.970,159.950,5714,120,0
1683025200,159.965,160.335,159.409,159.580,5378,185,0
1683028800,159.569,159.730,158.755,159.205,4476,180,0
1683032400,159.218,159.499,158.823,158.825,2781,167,0
1683036000,158.840,159.268,158.533,158.988,2258,177,0
1683039600,158.978,160.543,158.598,160.393,3317,172,0
1683043200,160.400,160.618,159.193,159.365,3452,180,0
1683046800,159.393,159.688,158.503,158.915,6128,167,0
1683050400,158.920,159.313,158.738,158.890,2372,167,0
1683108000,159.580,159.770,158.095,158.618,5971,172,0
1683111600,158.625,159.414,158.472,158.673,4555,172,0
1683115200,158.658,159.810,158.595,159.653,3660,177,0
1683118800,159.663,160.083,158.643,158.843,2968,172,0
1683122400,158.922,159.355,158.748,159.048,2031,172,0
1683126000,159.038,159.080,158.533,158.770,3450,167,0
1683129600,158.778,158.778,157.360,157.580,4014,172,0
1683133200,157.590,157.860,156.627,156.690,4253,167,0
1683136800,156.710,157.070,156.533,156.823,2023,167,0
1683194400,158.320,158.510,155.850,156.482,7473,176,0
1683198000,156.482,156.542,154.722,154.722,4513,176,0
1683201600,154.722,155.082,153.782,154.202,3597,176,0
1683205200,154.202,155.942,154.082,155.802,3054,176,0
1683208800,155.802,155.922,155.202,155.682,2325,176,0
1683212400,155.682,157.102,155.462,155.682,5573,176,0
1683216000,155.682,156.542,154.822,156.242,5046,176,0
1683219600,156.242,156.442,155.042,155.222,4891,176,0
1683223200,155.222,156.762,155.102,156.282,2552,176,0
1683280800,161.010,166.302,160.970,164.220,18766,176,0
1683284400,164.220,169.430,164.010,169.170,16152,176,0
1683288000,169.160,169.240,167.762,168.502,7733,176,0
1683291600,168.502,168.922,167.622,167.782,3172,176,0
1683295200,167.802,168.642,167.502,168.342,3996,176,0
1683298800,168.342,169.382,167.862,168.842,5646,176,0
1683302400,168.842,170.042,168.422,168.462,4667,176,0
1683306000,168.482,169.822,168.442,169.702,5613,176,0
1683309600,169.702,172.342,169.662,170.642,7802,176,0
1683540000,170.422,171.862,168.222,168.222,9165,176,0
1683543600,168.222,168.782,167.322,167.662,3836,176,0
1683547200,167.662,168.342,167.322,168.142,2022,176,0
1683550800,168.142,169.142,168.002,168.922,1394,176,0
1683554400,168.942,169.322,168.522,168.982,1067,176,0
1683558000,168.982,169.642,168.862,169.562,1068,176,0
1683561600,169.562,170.522,169.422,169.982,1959,176,0
1683565200,169.982,170.422,168.702,169.882,2186,176,0
1683568800,169.882,170.642,169.602,169.742,1261,176,0
1683626400,168.980,170.382,168.790,169.882,5394,176,0
1683630000,169.902,170.302,168.422,168.442,3017,176,0
1683633600,168.442,168.862,166.722,167.142,2899,176,0
1683637200,167.142,167.562,165.942,166.322,2333,176,0
1683640800,166.322,167.062,165.762,167.062,2154,176,0
1683644400,167.062,168.282,166.942,167.802,1719,176,0
1683648000,167.802,168.122,166.462,167.082,2632,176,0
1683651600,167.082,167.282,165.602,165.862,3207,176,0
1683655200,165.842,165.882,164.982,165.262,912,176,0
1683712800,164.900,165.982,163.722,163.882,9334,176,0
1683716400,163.882,164.422,163.742,163.782,2999,176,0
1683720000,163.782,164.582,163.762,164.282,1708,176,0
1683723600,164.282,164.302,163.802,164.042,1519,176,0
1683727200,164.062,164.182,163.582,163.702,1688,176,0
1683730800,163.702,164.982,163.342,164.502,4036,176,0
1683734400,164.522,164.562,162.362,162.802,4425,176,0
1683738000,162.802,164.022,162.802,163.142,3605,176,0
1683741600,163.142,163.182,162.640,163.002,1337,176,0
1683799200,164.322,166.942,164.322,166.382,4871,176,0
1683802800,166.382,166.842,165.942,166.682,2140,176,0
1683806400,166.682,167.542,166.562,167.302,1703,176,0
1683810000,167.302,167.502,166.942,167.182,1487,176,0
1683813600,167.120,167.522,166.522,166.642,1917,176,0
1683817200,166.642,167.162,166.542,166.622,2696,176,0
1683820800,166.602,166.942,166.082,166.542,3473,176,0
1683824400,166.542,166.982,166.122,166.942,2658,176,0
1683828000,166.942,167.802,166.842,167.482,1065,176,0
1683885600,167.670,168.000,165.342,165.602,8387,176,0
1683889200,165.602,166.502,165.322,166.342,3227,176,0
1683892800,166.342,166.722,165.982,166.142,2625,176,0
1683896400,166.162,166.422,166.062,166.182,1594,176,0
1683900000,166.182,166.422,165.782,166.042,1948,176,0
1683903600,166.042,166.102,164.422,164.462,2151,176,0
1683907200,164.462,165.122,164.102,164.502,3841,176,0
1683910800,164.482,164.702,163.702,164.222,4529,176,0
1683914400,164.222,164.842,164.042,164.482,2008,176,0
1684144800,166.020,166.482,165.382,165.982,4586,176,0
1684148400,165.982,166.022,165.442,165.762,2285,176,0
1684152000,165.762,166.402,165.562,166.322,1674,176,0
1684155600,166.322,166.362,165.562,166.022,1338,176,0
1684159200,166.042,166.142,165.682,165.702,1201,176,0
1684162800,165.702,165.842,164.782,165.122,2378,176,0
1684166400,165.122,165.362,164.822,165.342,2212,176,0
1684170000,165.342,165.862,164.982,165.722,2046,176,0
1684173600,165.722,166.502,165.722,166.302,932,176,0
1684231200,165.370,166.322,164.850,165.902,4909,176,0
1684234800,165.902,166.002,165.202,165.442,1829,176,0
1684238400,165.442,166.062,165.362,165.922,1134,176,0
1684242000,165.922,166.202,165.682,165.782,1036,176,0
1684245600,165.782,166.022,165.402,165.462,720,176,0
1684249200,165.462,165.662,165.050,165.342,1106,176,0
1684252800,165.342,165.342,164.242,164.562,1529,176,0
1684256400,164.562,164.682,161.602,161.882,2744,176,0
1684260000,161.882,162.202,161.362,161.742,1147,176,0
1684317600,161.180,161.882,159.222,159.302,6557,176,0
1684321200,159.302,160.642,159.302,160.582,2398,176,0
1684324800,160.582,161.122,160.442,160.682,2104,176,0
1684328400,160.682,161.182,160.442,161.182,1225,176,0
1684332000,161.182,162.182,160.982,161.922,1380,176,0
1684335600,161.922,162.002,161.382,161.962,1236,176,0
1684339200,161.962,162.042,161.562,161.722,1799,176,0
1684342800,161.722,162.782,161.662,162.662,1297,176,0
1684346400,162.662,162.802,162.082,162.262,1157,176,0
1684404000,164.710,165.202,163.802,164.282,4382,176,0
1684407600,164.302,166.182,164.282,165.762,3289,176,0
1684411200,165.762,165.782,164.882,165.402,1661,176,0
1684414800,165.402,165.782,165.382,165.622,1002,176,0
1684418400,165.622,165.802,164.362,164.522,927,176,0
1684422000,164.522,164.782,164.122,164.182,1331,176,0
1684425600,164.162,164.222,163.102,163.182,2164,176,0
1684429200,163.182,164.182,162.742,164.042,1838,176,0
1684432800,164.022,164.762,164.022,164.502,723,176,0
1684490400,165.080,165.320,162.942,164.162,4727,176,0
1684494000,164.162,164.582,163.962,164.422,1750,176,0
1684497600,164.422,165.142,164.342,164.582,2084,176,0
1684501200,164.602,164.862,160.150,160.360,7754,176,0
1684504800,160.360,162.622,159.122,159.802,8099,176,0
1684508400,159.802,159.862,158.140,159.262,4799,176,0
1684512000,159.262,159.582,158.082,158.862,3937,176,0
1684515600,158.862,158.882,157.702,158.742,2896,176,0
1684519200,158.742,159.202,158.522,158.522,1767,176,0
1684749600,158.230,161.122,158.200,160.762,8200,176,0
1684753200,160.762,161.222,160.342,160.842,2073,176,0
1684756800,160.842,161.342,160.822,161.042,1524,176,0
1684760400,161.042,161.122,160.202,160.742,2140,176,0
1684764000,160.742,161.182,160.422,160.502,1637,176,0
1684767600,160.502,161.002,160.222,160.962,963,176,0
1684771200,160.962,161.442,160.742,161.422,1936,176,0
1684774800,161.422,163.022,161.382,162.742,3016,176,0
1684778400,162.742,163.082,162.562,162.602,1135,176,0
1684836000,162.190,162.550,161.145,162.115,6497,164,0
1684839600,162.136,163.023,161.322,161.851,4402,165,0
1684843200,161.838,161.882,161.042,161.182,2304,169,0
1684846800,161.182,162.182,161.062,162.022,1739,176,0
1684850400,162.022,163.102,160.922,160.982,3241,176,0
1684854000,160.982,161.062,159.922,160.562,2869,176,0
1684857600,160.542,160.582,159.722,159.822,4194,176,0
1684861200,159.822,160.042,158.962,159.062,3769,176,0
1684864800,159.082,159.262,158.482,158.722,1976,176,0
1684922400,158.082,158.082,155.282,155.842,6663,176,0
1684926000,155.842,156.422,154.382,155.342,4208,176,0
1684929600,155.342,155.642,154.862,155.002,2343,176,0
1684933200,155.022,155.302,154.342,154.922,1605,176,0
1684936800,154.922,155.862,154.822,155.002,1504,176,0
1684940400,155.002,156.082,154.942,155.222,1435,176,0
1684944000,155.222,155.822,154.402,154.542,2252,176,0
1684947600,154.542,155.162,153.842,153.862,2636,176,0
1684951200,153.862,154.082,153.302,153.822,1076,176,0
1685008800,154.382,155.082,151.302,151.902,9180,176,0
1685012400,151.902,152.322,151.482,152.002,3673,176,0
1685016000,152.002,152.662,151.382,152.642,2272,176,0
1685019600,152.642,153.202,152.462,152.682,1565,176,0
1685023200,152.682,152.882,151.942,152.462,1267,176,0
1685026800,152.462,153.222,152.110,153.202,2172,176,0
1685030400,153.202,153.682,152.842,153.402,2079,176,0
1685034000,153.402,153.922,152.502,153.882,2168,176,0
1685037600,153.882,154.362,153.862,154.242,843,176,0
1685095200,154.240,154.350,151.862,152.582,7991,176,0
1685098800,152.602,153.682,152.542,153.382,3179,176,0
1685102400,153.382,153.482,152.682,153.002,2272,176,0
1685106000,153.002,153.802,152.862,153.662,2157,176,0
1685109600,153.662,154.262,153.322,154.222,1333,176,0
1685113200,154.222,154.882,153.922,154.842,2635,176,0
1685116800,154.842,155.202,154.162,154.262,3147,176,0
1685120400,154.262,155.762,154.170,155.642,2447,176,0
1685124000,155.602,155.862,155.202,155.722,1528,176,0
1685354400,156.610,156.680,154.802,154.842,3688,120,0
1685358000,154.862,155.142,154.622,154.622,2258,176,0
1685361600,154.622,155.382,154.622,155.022,1588,176,0
1685365200,155.022,155.082,154.042,154.202,1576,176,0
1685368800,154.202,154.282,153.662,153.702,1391,176,0
1685372400,153.702,154.042,153.422,153.622,1824,176,0
1685376000,153.622,153.662,153.342,153.642,1106,176,0
1685379600,153.642,154.342,153.502,154.282,1005,176,0
1685383200,154.282,154.402,154.082,154.182,570,176,0
1685440800,154.620,155.522,154.342,154.742,5403,176,0
1685444400,154.742,155.202,154.282,154.842,2735,176,0
1685448000,154.842,156.122,154.802,156.002,2333,176,0
1685451600,156.002,156.222,155.922,156.062,1788,176,0
1685455200,156.062,156.782,155.742,156.542,2240,176,0
1685458800,156.542,157.042,156.462,156.662,2072,176,0
1685462400,156.662,156.942,156.062,156.382,3219,176,0
1685466000,156.362,156.382,155.622,156.122,4359,176,0
1685469600,156.122,156.222,155.342,155.442,2166,176,0
1685527200,153.220,153.660,151.742,153.002,4735,176,0
1685530800,153.002,153.062,152.182,152.962,1967,176,0
1685534400,152.962,153.342,152.722,153.082,1828,176,0
1685538000,153.082,153.782,152.862,153.502,1548,176,0
1685541600,153.502,154.082,153.342,153.702,1007,167,0
1685545200,153.702,154.082,153.162,153.162,1543,176,0
1685548800,153.162,153.222,152.202,152.362,2284,176,0
1685552400,152.362,152.362,151.022,151.402,2973,176,0
1685556000,151.402,152.262,151.402,151.982,1309,176,0
1685613600,153.140,153.390,151.082,151.382,4109,142,0
1685617200,151.382,151.962,151.022,151.702,2588,176,0
1685620800,151.702,151.722,149.922,150.062,2360,176,0
1685624400,150.062,150.942,150.002,150.062,1873,176,0
1685628000,150.062,150.342,148.922,148.982,1914,176,0
1685631600,148.982,149.082,147.522,147.962,3157,176,0
1685635200,147.962,149.042,147.822,148.902,3556,176,0
1685638800,148.922,150.262,148.382,150.082,3414,176,0
1685642400,150.042,150.722,149.962,150.642,1418,176,0
1685700000,153.280,157.282,153.270,155.422,10181,176,0
1685703600,155.422,156.842,155.330,156.322,2945,176,0
1685707200,156.322,157.362,155.962,156.422,3004,176,0
1685710800,156.402,158.062,156.382,157.502,1802,176,0
1685714400,157.502,158.422,157.270,158.262,1554,176,0
1685718000,158.262,158.502,157.082,158.342,4164,176,0
1685721600,158.342,159.942,158.242,159.302,4527,176,0
1685725200,159.302,159.922,158.422,159.642,2801,176,0
1685728800,159.642,159.962,159.482,159.782,1488,176,0
1685959200,158.940,160.222,158.420,159.322,5614,176,0
1685962800,159.322,160.142,158.882,159.202,2335,176,0
1685966400,159.202,160.022,158.882,159.722,1429,176,0
1685970000,159.722,160.102,159.602,159.722,869,176,0
1685973600,159.722,160.042,159.062,159.962,1079,176,0
1685977200,159.962,160.182,159.882,159.922,833,176,0
1685980800,159.922,160.002,159.182,159.382,1762,176,0
1685984400,159.382,159.802,157.622,158.462,3696,176,0
1685988000,158.462,158.822,158.162,158.470,1741,176,0
1686045600,157.680,158.510,157.162,157.642,4450,176,0
1686049200,157.642,158.702,157.642,158.602,1359,176,0
1686052800,158.602,158.862,158.282,158.562,1086,176,0
1686056400,158.562,158.782,157.922,158.142,891,176,0
1686060000,158.142,158.662,157.762,158.562,835,176,0
1686063600,158.562,158.782,158.262,158.702,856,176,0
1686067200,158.702,158.742,157.922,158.602,1326,176,0
1686070800,158.582,159.642,158.062,159.522,1803,176,0
1686074400,159.522,159.942,159.322,159.402,1818,176,0
1686132000,159.540,159.762,158.582,158.622,4532,120,0
1686135600,158.622,160.242,158.522,159.502,2606,176,0
1686139200,159.502,160.002,159.242,159.582,2088,176,0
1686142800,159.582,160.122,159.462,159.922,1204,176,0
1686146400,159.922,161.122,159.790,161.082,1175,176,0
1686150000,161.082,161.582,160.422,160.662,1103,176,0
1686153600,160.662,161.322,160.442,160.842,1536,176,0
1686157200,160.842,161.002,159.822,159.942,2349,176,0
1686160800,159.942,160.222,159.342,159.642,1059,176,0
1686218400,157.560,159.402,157.240,159.162,5679,176,0
1686222000,159.142,159.342,158.722,158.922,2363,176,0
1686225600,158.922,159.622,158.662,159.262,2270,176,0
1686229200,159.262,159.442,158.902,158.922,1712,176,0
1686232800,158.922,159.722,158.720,159.682,1216,176,0
1686236400,159.682,159.902,159.082,159.262,1917,176,0
1686240000,159.262,159.362,158.362,158.682,2796,176,0
1686243600,158.662,159.142,158.242,159.142,2432,176,0
1686247200,159.142,159.542,159.062,159.422,1226,176,0
1686304800,158.950,159.440,158.162,158.902,3755,176,0
1686308400,158.902,159.802,158.822,159.482,1565,176,0
1686312000,159.482,159.662,159.262,159.522,1260,176,0
1686315600,159.522,159.902,159.062,159.482,1340,176,0
1686319200,159.482,159.530,159.102,159.362,794,176,0
1686322800,159.362,160.142,159.302,160.102,954,176,0
1686326400,160.102,160.642,159.922,160.582,2038,176,0
1686330000,160.582,161.082,160.102,160.442,2025,176,0
1686333600,160.442,160.522,159.802,159.902,974,176,0
1686564000,163.230,167.982,162.750,167.882,15740,176,0
1686567600,167.882,169.042,167.590,168.762,9299,176,0
1686571200,168.762,168.882,167.382,167.422,3241,176,0
1686574800,167.422,167.842,166.922,167.182,3415,176,0
1686578400,167.182,167.882,167.002,167.802,2007,176,0
1686582000,167.802,168.722,167.442,168.662,2055,176,0
1686585600,168.662,168.762,167.722,167.722,3274,176,0
1686589200,167.722,168.442,167.722,167.962,2894,176,0
1686592800,167.942,169.002,167.942,168.662,1531,176,0
1686650400,169.900,171.990,169.670,171.662,5796,120,0
1686654000,171.662,172.322,171.322,172.182,2648,176,0
1686657600,172.162,172.282,170.982,171.442,2001,176,0
1686661200,171.442,172.002,170.922,171.142,2129,176,0
1686664800,171.142,171.322,170.802,171.282,1519,176,0
1686668400,171.282,172.262,170.480,172.142,4174,176,0
1686672000,172.142,172.782,171.822,172.322,2821,176,0
1686675600,172.322,173.902,172.302,173.862,2922,176,0
1686679200,173.862,173.862,172.762,173.242,1581,176,0
1686736800,173.540,174.702,173.322,174.242,7609,176,0
1686740400,174.242,174.302,173.942,174.102,2768,176,0
1686744000,174.102,174.562,173.482,173.542,2122,176,0
1686747600,173.562,173.922,173.402,173.742,2171,176,0
1686751200,173.742,173.822,173.562,173.782,1628,176,0
1686754800,173.782,174.022,172.782,172.982,2062,176,0
1686758400,172.982,174.282,172.722,174.242,3002,176,0
1686762000,174.242,174.662,173.942,174.482,3140,176,0
1686765600,174.482,174.762,174.402,174.622,1327,176,0
1686823200,174.460,178.600,174.460,176.142,9507,176,0
1686826800,176.142,177.022,175.402,175.862,3595,176,0
1686830400,175.862,175.982,174.122,174.662,2759,176,0
1686834000,174.662,174.722,172.962,173.102,2689,176,0
1686837600,173.102,173.782,172.222,173.482,2218,176,0
1686841200,173.482,174.242,173.002,173.982,3731,176,0
1686844800,173.982,173.982,172.742,173.522,3327,176,0
1686848400,173.522,174.322,173.102,173.562,2451,176,0
1686852000,173.562,174.242,173.022,174.242,1458,176,0
1686909600,174.380,174.962,173.050,174.582,7145,120,0
1686913200,174.582,175.762,174.442,175.502,3039,176,0
1686916800,175.502,175.702,174.522,175.282,3999,176,0
1686920400,175.302,175.302,174.022,174.722,2886,176,0
1686924000,174.722,175.562,173.922,175.102,1993,176,0
1686927600,175.102,176.882,175.082,176.622,1965,176,0
1686931200,176.622,176.762,175.580,175.722,3408,176,0
1686934800,175.722,176.102,174.902,175.282,3034,176,0
1686938400,175.282,175.882,175.022,175.642,1549,176,0
1687168800,171.809,173.942,170.770,171.882,5910,162,0
1687172400,171.882,172.762,171.722,172.702,1788,176,0
1687176000,172.702,172.862,172.022,172.222,1286,176,0
1687179600,172.222,172.362,171.582,171.822,1488,176,0
1687183200,171.822,172.682,171.662,172.542,1208,176,0
1687186800,172.542,172.702,171.982,172.502,1056,176,0
1687190400,172.502,172.662,171.842,171.862,1013,176,0
1687194000,171.862,172.362,171.802,171.842,1115,176,0
1687197600,171.842,172.182,171.622,171.922,664,176,0
1687255200,171.150,172.342,170.450,172.282,4968,176,0
1687258800,172.302,172.342,169.422,169.822,2838,176,0
1687262400,169.822,169.922,169.222,169.302,2536,176,0
1687266000,169.282,169.562,168.862,169.262,1563,176,0
1687269600,169.262,170.522,169.182,170.242,1693,176,0
1687273200,170.242,170.542,169.482,170.282,2391,176,0
1687276800,170.282,170.942,170.062,170.082,2157,176,0
1687280400,170.082,170.322,169.462,169.602,1838,176,0
1687284000,169.602,169.762,169.282,169.362,1085,176,0
1687341600,172.140,176.762,171.540,174.922,16099,176,0
1687345200,174.922,175.502,173.442,175.362,5216,176,0
1687348800,175.362,175.402,174.322,174.602,2439,176,0
1687352400,174.602,175.242,174.322,174.422,1439,176,0
1687356000,174.422,174.822,173.962,174.762,1135,176,0
1687359600,174.762,174.862,173.902,174.482,1548,176,0
1687363200,174.482,175.462,174.282,175.042,2344,176,0
1687366800,175.042,176.702,174.022,176.542,3047,176,0
1687370400,176.542,177.342,175.562,176.262,2278,176,0
1687428000,174.950,177.582,174.340,176.962,13267,176,0
1687431600,176.962,177.762,176.482,177.722,5084,176,0
1687435200,177.722,180.262,176.922,179.540,7732,176,0
1687438800,179.550,180.362,179.022,179.030,5347,176,0
1687442400,179.042,179.682,178.422,179.622,2666,176,0
1687446000,179.622,179.662,178.302,178.702,2269,176,0
1687449600,178.702,179.542,177.702,178.862,4103,176,0
1687453200,178.862,181.522,178.802,181.042,4924,176,0
1687456800,181.042,181.662,180.922,181.102,1996,176,0
1687514400,180.750,181.762,177.750,179.430,9221,176,0
1687518000,179.430,180.502,179.302,179.582,4467,176,0
1687521600,179.582,179.882,178.362,179.182,2525,176,0
1687525200,179.162,179.222,178.322,178.702,1394,176,0
1687528800,178.702,179.242,178.622,178.902,1233,176,0
1687532400,178.902,178.922,176.042,176.182,2877,176,0
1687536000,176.202,176.842,174.662,175.982,3916,176,0
1687539600,175.982,177.662,175.742,177.302,2461,176,0
1687543200,177.302,177.542,176.222,176.442,1275,176,0
1687773600,178.090,178.850,176.162,177.902,9069,176,0
1687777200,177.902,177.942,176.162,177.082,5158,176,0
1687780800,177.082,177.462,176.202,176.882,3395,176,0
1687784400,176.882,177.002,176.082,176.082,1769,176,0
1687788000,176.102,176.380,175.502,175.742,2254,176,0
1687791600,175.742,175.942,175.322,175.662,1575,176,0
1687795200,175.662,177.242,175.182,177.142,2496,176,0
1687798800,177.142,177.582,176.422,176.822,3254,176,0
1687802400,176.822,176.942,176.262,176.402,1000,176,0
1687860000,175.690,176.280,173.522,174.742,6025,176,0
1687863600,174.742,174.782,173.662,174.162,2653,176,0
1687867200,174.162,174.282,173.342,173.742,1709,176,0
1687870800,173.742,173.822,172.942,173.642,1483,176,0
1687874400,173.642,173.742,172.822,173.262,1195,176,0
1687878000,173.242,173.502,172.502,172.562,1589,176,0
1687881600,172.562,173.782,172.482,173.502,1911,176,0
1687885200,173.522,173.722,172.722,173.322,1982,176,0
1687888800,173.322,173.702,173.042,173.602,958,176,0
1687946400,172.902,174.770,172.220,173.630,9223,176,0
1687950000,173.630,175.462,173.582,174.502,6149,176,0
1687953600,174.502,175.062,173.842,175.062,3597,176,0
1687957200,175.062,175.102,174.622,174.942,1688,176,0
1687960800,174.942,175.582,174.862,175.502,1821,176,0
1687964400,175.522,175.602,174.322,174.502,1846,176,0
1687968000,174.502,174.642,173.620,173.702,2808,176,0
1687971600,173.682,173.782,171.642,171.902,3186,176,0
1687975200,171.902,172.202,171.662,172.182,1275,176,0
1688032800,172.140,172.430,170.802,171.082,6580,162,0
1688036400,171.082,171.942,171.002,171.242,1891,176,0
1688040000,171.242,171.482,170.742,171.322,1784,176,0
1688043600,171.322,171.482,170.630,171.282,1568,176,0
1688047200,171.262,171.942,171.220,171.782,1125,176,0
1688050800,171.782,172.040,171.342,171.502,1704,176,0
1688054400,171.502,172.322,171.242,172.142,2209,176,0
1688058000,172.142,173.042,171.442,172.862,2040,176,0
1688061600,172.862,173.342,172.742,173.182,1074,176,0
1688119200,171.670,174.422,169.670,174.362,9918,176,0
1688122800,174.362,177.122,174.362,175.942,6722,176,0
1688126400,175.962,177.282,175.610,177.142,4681,176,0
1688130000,177.142,177.782,176.622,177.622,3180,176,0
1688133600,177.622,178.762,176.482,177.302,4623,176,0
1688137200,177.302,177.902,177.002,177.702,1889,176,0
1688140800,177.702,178.002,176.942,177.762,2479,176,0
1688144400,177.762,179.082,177.322,177.342,3198,176,0
1688148000,177.342,178.382,176.922,178.102,2023,176,0
1688378400,179.040,179.362,174.582,175.422,9470,176,0
1688382000,175.422,175.882,174.002,175.302,6028,176,0
1688385600,175.302,176.042,174.902,175.322,2888,176,0
1688389200,175.322,175.762,174.562,174.602,2423,176,0
1688392800,174.602,175.422,174.242,174.262,1612,176,0
1688396400,174.262,175.362,174.142,175.002,2288,176,0
1688400000,175.002,176.262,175.002,175.782,2446,176,0
1688403600,175.782,176.322,175.602,175.982,1915,176,0
1688407200,175.982,176.322,175.802,176.082,1062,176,0
1688464800,177.170,179.642,176.630,179.382,8868,176,0
1688468400,179.402,180.382,179.122,179.722,5051,176,0
1688472000,179.722,180.022,178.322,178.422,3055,176,0
1688475600,178.422,178.522,177.702,178.302,1811,176,0
1688479200,178.302,178.862,178.182,178.762,1603,176,0
1688482800,178.782,178.882,178.342,178.642,1575,176,0
1688486400,178.662,178.682,177.942,178.362,2304,176,0
1688490000,178.362,178.842,177.742,178.402,2181,176,0
1688493600,178.402,178.622,178.262,178.502,832,176,0
1688551200,177.922,178.550,176.570,177.582,9754,176,0
1688554800,177.582,177.810,176.522,176.922,4495,176,0
1688558400,176.922,177.382,176.742,177.302,2888,176,0
1688562000,177.302,177.942,177.242,177.682,2288,176,0
1688565600,177.682,178.022,176.742,176.822,2241,176,0
1688569200,176.842,177.382,176.482,176.542,2276,176,0
1688572800,176.542,176.942,175.562,175.782,4115,176,0
1688576400,175.782,175.782,173.722,174.222,4640,176,0
1688580000,174.222,174.762,174.182,174.482,2103,176,0
1688637600,170.680,170.980,169.022,169.122,12456,176,0
1688641200,169.122,169.302,167.322,168.722,6985,176,0
1688644800,168.722,168.742,167.542,168.182,5901,176,0
1688648400,168.202,168.242,166.922,166.962,3997,176,0
1688652000,166.922,167.662,166.582,166.762,4121,176,0
1688655600,166.762,166.962,165.602,165.802,5394,176,0
1688659200,165.802,165.902,163.942,164.882,8142,176,0
1688662800,164.902,164.922,163.762,164.342,4822,176,0
1688666400,164.342,164.982,164.222,164.842,2066,176,0
1688724000,165.642,166.562,163.850,166.522,13062,176,0
1688727600,166.522,167.502,165.682,166.942,5276,176,0
1688731200,166.942,167.702,166.542,167.562,4044,176,0
1688734800,167.542,167.662,166.842,166.902,2276,176,0
1688738400,166.902,167.422,166.322,166.342,2441,176,0
1688742000,166.342,168.002,165.742,165.822,7164,176,0
1688745600,165.822,166.962,165.382,165.922,5474,176,0
1688749200,165.922,166.742,165.242,166.242,4025,176,0
1688752800,166.242,166.662,165.982,166.222,1984,176,0
1688983200,167.080,167.200,165.122,165.842,4357,176,0
1688986800,165.842,166.582,165.402,165.442,1886,176,0
1688990400,165.442,166.102,165.082,165.982,2032,176,0
1688994000,165.982,166.442,165.502,166.442,979,176,0
1688997600,166.422,166.662,166.082,166.222,941,176,0
1689001200,166.222,166.562,166.102,166.362,1184,176,0
1689004800,166.362,166.902,165.842,166.382,2078,176,0
1689008400,166.382,166.962,166.322,166.782,1740,176,0
1689012000,166.782,167.022,166.422,167.002,868,176,0
1689069600,169.330,169.930,167.542,167.782,8633,176,0
1689073200,167.782,168.222,167.262,168.142,2586,176,0
1689076800,168.142,168.402,167.622,168.322,2313,176,0
1689080400,168.322,168.562,168.102,168.482,1790,176,0
1689084000,168.482,169.222,168.382,169.062,1515,176,0
1689087600,169.082,170.062,169.042,169.722,2710,176,0
1689091200,169.722,170.102,169.262,169.602,3343,176,0
1689094800,169.602,171.582,168.982,171.522,4091,176,0
1689098400,171.522,171.802,171.362,171.482,1440,176,0
1689156000,171.680,171.690,170.210,170.602,6528,176,0
1689159600,170.602,171.702,170.542,171.162,4046,176,0
1689163200,171.162,171.822,171.002,171.802,2631,176,0
1689166800,171.802,171.942,171.382,171.942,1790,176,0
1689170400,171.942,172.362,171.562,171.742,1816,176,0
1689174000,171.742,173.082,171.330,172.562,6675,176,0
1689177600,172.562,173.442,172.282,173.002,5446,176,0
1689181200,173.002,174.462,172.902,174.222,3571,176,0
1689184800,174.222,174.482,174.162,174.262,1324,176,0
1689242400,174.742,175.200,173.202,173.262,2739,176,0
1689246000,173.262,173.582,172.822,173.342,1884,176,0
1689249600,173.362,173.702,172.962,173.042,1968,176,0
1689253200,173.042,173.122,172.322,172.882,1460,176,0
1689256800,172.882,173.302,172.740,172.962,989,176,0
1689260400,172.962,173.642,172.922,173.382,2232,176,0
1689264000,173.382,174.022,173.042,173.682,2503,176,0
1689267600,173.682,174.302,173.622,174.142,1765,176,0
1689271200,174.162,174.482,173.922,174.042,974,176,0
1689328800,173.129,173.420,171.642,172.322,5577,176,0
1689332400,172.302,172.682,172.022,172.242,1395,176,0
1689336000,172.242,172.362,171.802,172.102,1762,176,0
1689339600,172.102,172.662,171.922,172.342,1551,176,0
1689343200,172.342,172.742,172.002,172.082,1995,176,0
1689346800,172.082,172.582,172.082,172.242,1231,176,0
1689350400,172.242,173.482,172.162,173.322,1986,176,0
1689354000,173.330,173.582,172.542,172.802,2844,176,0
1689357600,172.802,173.342,172.762,173.202,940,176,0
1689588000,171.541,172.550,170.680,171.922,6806,176,0
1689591600,171.922,172.842,171.682,172.362,2657,176,0
1689595200,172.362,172.482,170.942,171.682,3264,176,0
1689598800,171.682,172.602,171.642,172.402,1380,176,0
1689602400,172.402,172.542,171.882,172.122,1527,176,0
1689606000,172.122,173.602,172.082,172.902,2414,176,0
1689609600,172.902,173.002,171.742,172.002,2880,176,0
1689613200,172.002,172.662,171.942,172.522,2356,176,0
1689616800,172.522,172.622,172.382,172.522,872,176,0
1689674400,173.220,173.422,172.080,173.002,4868,176,0
1689678000,173.002,173.042,172.362,172.622,1779,176,0
1689681600,172.622,172.862,172.422,172.802,1516,176,0
1689685200,172.802,173.182,172.742,172.902,1450,176,0
1689688800,172.902,173.002,172.802,172.942,835,176,0
1689692400,172.942,173.242,172.662,172.782,2029,176,0
1689696000,172.782,172.962,172.702,172.942,1458,176,0
1689699600,172.942,173.582,172.942,173.362,1826,176,0
1689703200,173.362,173.442,172.922,172.962,719,176,0
1689760800,175.600,176.300,173.422,173.582,7157,120,0
1689764400,173.582,174.462,173.542,174.382,2262,176,0
1689768000,174.382,174.802,174.022,174.722,1314,176,0
1689771600,174.722,174.762,173.482,173.582,1270,176,0
1689775200,173.582,173.820,173.062,173.322,1360,176,0
1689778800,173.322,173.402,171.962,172.222,2027,176,0
1689782400,172.222,172.682,171.822,172.082,2671,176,0
1689786000,172.082,172.322,171.782,172.222,1494,176,0
1689789600,172.222,172.382,171.882,172.382,985,176,0
1689847200,171.530,171.962,170.610,171.962,4314,176,0
1689850800,171.962,172.442,171.662,171.942,2721,176,0
1689854400,171.942,172.022,171.142,171.142,1522,176,0
1689858000,171.142,171.182,170.222,170.222,1323,176,0
1689861600,170.222,170.522,169.870,170.362,1230,176,0
1689865200,170.362,171.022,170.282,170.842,1973,176,0
1689868800,170.842,171.102,170.642,170.942,1877,176,0
1689872400,170.942,171.542,170.522,170.922,2513,176,0
1689876000,170.922,171.202,170.762,170.802,1122,176,0
1689933600,170.150,171.482,170.110,170.802,5103,176,0
1689937200,170.802,171.362,170.662,171.302,2775,176,0
1689940800,171.302,171.702,170.902,171.562,1791,176,0
1689944400,171.582,171.742,171.302,171.482,1161,176,0
1689948000,171.482,171.722,171.182,171.222,1315,176,0
1689951600,171.222,172.102,171.022,172.022,1623,176,0
1689955200,172.022,172.382,171.642,171.982,1406,176,0
1689958800,171.982,172.802,171.782,172.022,1400,176,0
1689962400,172.022,172.282,171.962,172.222,552,176,0
1690192800,172.490,175.742,172.330,174.322,12310,176,0
1690196400,174.322,174.402,173.702,173.922,3100,176,0
1690200000,173.922,174.282,173.642,174.102,2244,176,0
1690203600,174.102,174.422,173.722,173.782,1588,176,0
1690207200,173.782,174.062,173.542,173.782,1843,176,0
1690210800,173.782,173.842,172.902,173.022,1653,176,0
1690214400,173.022,173.822,172.762,173.562,2788,176,0
1690218000,173.562,174.262,173.262,173.962,2576,176,0
1690221600,173.962,174.542,173.942,174.282,1333,176,0
1690279200,180.820,184.190,179.370,181.482,18206,176,0
1690282800,181.482,183.862,181.362,183.062,7922,176,0
1690286400,183.062,186.262,183.022,185.782,7929,176,0
1690290000,185.782,185.922,184.442,185.642,4685,176,0
1690293600,185.642,186.442,184.262,184.802,4139,176,0
1690297200,184.802,185.402,184.322,184.782,3555,176,0
1690300800,184.802,185.522,183.082,183.180,4847,176,0
1690304400,183.170,183.522,182.362,182.902,2509,176,0
1690308000,182.902,182.902,181.102,181.202,2003,176,0
1690365600,178.910,180.360,177.250,179.742,12250,176,0
1690369200,179.742,180.162,179.442,179.922,3621,176,0
1690372800,179.922,180.002,177.742,178.662,2992,176,0
1690376400,178.662,178.662,177.542,177.862,2483,176,0
1690380000,177.862,177.862,177.322,177.482,1676,176,0
1690383600,177.482,178.182,176.922,177.342,1906,176,0
1690387200,177.342,178.102,176.862,177.822,2086,176,0
1690390800,177.842,178.162,177.562,177.662,2379,176,0
1690394400,177.662,177.842,177.322,177.322,1174,176,0
1690452000,179.260,179.600,177.922,177.922,5130,176,0
1690455600,177.942,179.022,177.922,178.602,3435,176,0
1690459200,178.602,178.662,177.922,177.942,2268,176,0
1690462800,177.942,179.002,177.822,178.742,1643,176,0
1690466400,178.742,179.542,178.590,179.342,2005,176,0
1690470000,179.342,180.902,179.062,180.242,4218,176,0
1690473600,180.242,182.182,180.222,182.122,5200,176,0
1690477200,182.122,182.282,181.202,181.942,2185,176,0
1690480800,181.942,182.042,181.242,181.962,1167,176,0
1690538400,181.462,181.920,179.922,180.682,6850,176,0
1690542000,180.662,180.662,179.482,180.462,3874,176,0
1690545600,180.462,181.662,179.582,181.622,3693,176,0
1690549200,181.622,181.842,181.342,181.562,2139,176,0
1690552800,181.562,182.582,181.462,182.182,1892,176,0
1690556400,182.182,183.142,182.102,183.142,3372,176,0
1690560000,183.142,185.202,182.982,184.662,4319,176,0
1690563600,184.662,185.742,184.262,185.662,3369,176,0
1690567200,185.662,185.982,185.222,185.262,1360,176,0
1690797600,185.190,185.530,184.062,184.902,5548,120,0
1690801200,184.902,186.942,184.902,186.822,3149,176,0
1690804800,186.802,187.202,185.862,186.002,2780,176,0
1690808400,186.002,186.002,184.642,185.082,1826,176,0
1690812000,185.082,185.662,183.982,184.522,1850,176,0
1690815600,184.522,185.542,184.142,185.042,2786,176,0
1690819200,185.042,185.042,183.742,184.022,2981,176,0
1690822800,184.022,185.022,183.882,184.182,2069,176,0
1690826400,184.182,184.422,183.982,183.982,847,176,0
1690884000,183.840,184.150,182.940,183.702,5432,176,0
1690887600,183.722,184.182,182.642,183.102,6531,176,0
1690891200,183.082,183.102,182.422,182.802,4902,176,0
1690894800,182.822,183.422,182.422,183.422,3725,176,0
1690898400,183.402,183.582,182.682,183.342,3218,120,0
1690902000,183.342,183.562,182.842,183.142,2964,176,0
1690905600,183.142,183.642,182.542,183.622,3408,176,0
1690909200,183.622,184.002,183.102,183.142,3381,176,0
1690912800,183.142,183.242,182.362,182.562,1692,176,0
1690970400,178.960,180.502,177.260,179.742,9613,120,0
1690974000,179.742,179.762,178.402,179.382,5435,176,0
1690977600,179.382,179.502,178.242,178.522,4094,176,0
1690981200,178.522,180.882,178.462,180.542,3069,176,0
1690984800,180.522,180.942,180.042,180.222,2417,176,0
1690988400,180.222,180.542,179.082,179.322,2689,176,0
1690992000,179.322,179.722,177.922,178.802,4531,176,0
1690995600,178.802,179.182,177.922,178.002,4014,176,0
1690999200,178.002,178.842,178.002,178.442,1335,176,0
1691056800,181.200,181.410,175.770,176.642,17886,122,0
1691060400,176.642,180.282,176.522,180.222,12713,176,0
1691064000,180.222,182.042,179.842,180.990,6881,176,0
1691067600,181.010,182.202,180.522,181.600,4943,176,0
1691071200,181.600,182.862,180.622,180.642,6497,176,0
1691074800,180.642,180.662,179.390,179.442,4531,176,0
1691078400,179.442,182.082,178.802,181.320,7066,176,0
1691082000,181.320,181.962,178.682,179.082,8797,176,0
1691085600,179.082,179.482,178.422,179.162,3459,176,0
1691143200,181.690,181.740,180.310,180.342,8643,176,0
1691146800,180.322,181.142,179.742,180.042,4194,176,0
1691150400,180.042,180.542,179.382,180.242,3415,176,0
1691154000,180.242,180.342,179.502,179.642,1819,176,0
1691157600,179.642,179.942,178.542,179.242,1820,176,0
1691161200,179.242,180.650,179.122,180.362,6684,176,0
1691164800,180.362,180.962,179.802,179.962,3551,176,0
1691168400,179.962,182.302,179.802,182.122,3428,176,0
1691172000,182.122,182.142,181.242,181.482,1003,176,0
1691402400,179.790,180.090,178.062,178.562,7640,176,0
1691406000,178.562,178.722,177.462,177.762,3680,176,0
1691409600,177.762,178.422,177.402,178.122,3055,176,0
1691413200,178.122,178.422,177.722,178.042,1952,176,0
1691416800,178.042,178.722,178.042,178.522,1952,176,0
1691420400,178.522,179.402,178.322,179.302,2228,176,0
1691424000,179.302,179.302,178.202,178.302,2898,176,0
1691427600,178.302,179.242,177.802,178.922,2630,176,0
1691431200,178.922,179.342,178.782,179.102,1079,176,0
1691488800,178.660,178.900,177.582,178.062,7654,120,0
1691492400,178.082,178.282,177.362,177.782,4696,176,0
1691496000,177.782,177.922,177.102,177.382,3302,176,0
1691499600,177.382,177.462,176.102,176.462,3553,176,0
1691503200,176.462,176.622,175.682,175.922,3455,149,0
1691506800,175.922,176.142,175.322,175.522,3238,176,0
1691510400,175.522,175.882,174.702,174.922,3905,176,0
1691514000,174.942,175.282,174.422,175.122,2963,176,0
1691517600,175.122,175.362,174.822,175.182,1101,176,0
1691575200,178.070,178.440,176.800,177.562,5881,176,0
1691578800,177.562,179.422,177.542,178.902,3133,176,0
1691582400,178.902,179.102,178.542,178.902,1848,176,0
1691586000,178.882,179.002,178.242,178.662,1420,176,0
1691589600,178.662,179.282,178.570,179.002,2676,176,0
1691593200,179.002,179.102,178.402,178.742,2748,176,0
1691596800,178.742,179.182,178.582,179.022,3352,176,0
1691600400,179.022,179.162,177.982,178.022,1797,176,0
1691604000,178.022,178.042,176.742,176.742,1195,176,0
1691661600,179.170,180.730,178.410,179.922,7891,142,0
1691665200,179.922,180.342,179.482,180.042,3991,176,0
1691668800,180.042,181.382,180.022,181.242,2210,176,0
1691672400,181.242,181.602,180.622,181.002,3319,176,0
1691676000,181.002,181.402,180.342,180.342,3033,120,0
1691679600,180.342,181.500,179.702,180.682,7576,176,0
1691683200,180.682,182.502,180.542,182.282,8705,176,0
1691686800,182.282,183.022,181.762,182.302,6660,176,0
1691690400,182.302,182.582,182.082,182.242,2427,176,0
1691748000,181.250,181.662,179.642,179.642,5073,120,0
1691751600,179.642,179.870,178.762,179.342,2855,176,0
1691755200,179.342,180.282,179.342,179.882,3023,176,0
1691758800,179.842,180.582,179.762,179.882,3072,176,0
1691762400,179.882,179.982,179.082,179.182,1979,149,0
1691766000,179.182,179.522,177.342,177.562,7091,176,0
1691769600,177.562,178.082,177.342,177.542,5406,176,0
1691773200,177.562,178.302,177.422,177.682,4597,176,0
1691776800,177.682,178.002,177.562,177.742,1349,176,0
1692007200,177.230,178.642,176.470,178.462,8326,176,0
1692010800,178.462,179.222,178.322,179.122,6118,176,0
1692014400,179.122,179.482,179.002,179.342,2949,176,0
1692018000,179.342,179.582,178.982,179.002,3240,176,0
1692021600,179.002,179.140,178.502,178.702,2525,176,0
1692025200,178.702,179.362,178.002,179.362,5527,176,0
1692028800,179.342,179.362,177.660,178.322,5209,176,0
1692032400,178.322,179.042,177.942,178.242,3448,176,0
1692036000,178.242,178.282,177.482,178.102,1775,176,0
1692093600,180.922,182.630,179.382,179.522,10665,176,0
1692097200,179.522,180.802,179.122,179.122,5133,176,0
1692100800,179.122,179.162,177.682,177.882,5280,176,0
1692104400,177.882,178.362,176.970,177.722,5458,176,0
1692108000,177.722,179.082,177.542,178.962,3429,176,0
1692111600,178.962,179.510,178.362,179.022,4407,176,0
1692115200,179.022,180.162,178.922,178.922,5438,176,0
1692118800,178.942,178.982,178.202,178.622,4638,176,0
1692122400,178.622,179.702,178.602,179.582,1662,176,0
1692180000,179.080,180.162,178.540,180.082,7444,176,0
1692183600,180.082,183.202,179.902,182.202,6548,176,0
1692187200,182.202,183.062,181.782,182.062,3671,176,0
1692190800,182.062,182.762,181.962,182.702,3721,162,0
1692194400,182.702,183.182,181.922,183.082,3250,120,0
1692198000,183.082,183.482,182.542,183.042,5338,176,0
1692201600,183.042,183.822,182.502,183.722,7698,176,0
1692205200,183.722,184.342,183.642,184.262,4828,176,0
1692208800,184.242,184.722,184.142,184.682,1736,176,0
1692266400,183.749,187.342,183.730,186.782,10032,162,0
1692270000,186.782,187.482,186.522,187.182,3744,176,0
1692273600,187.182,187.562,186.762,187.362,2385,176,0
1692277200,187.362,187.602,186.662,186.742,2817,176,0
1692280800,186.742,188.222,186.662,187.862,2213,175,0
1692284400,187.862,187.862,187.242,187.802,2320,176,0
1692288000,187.802,187.842,185.822,185.962,3905,176,0
1692291600,185.962,186.422,185.302,185.802,3151,176,0
1692295200,185.802,185.822,184.802,184.922,1756,176,0
1692352800,183.470,184.150,181.890,182.402,9446,176,0
1692356400,182.402,183.342,182.262,183.302,5338,176,0
1692360000,183.302,183.402,182.500,183.182,3784,176,0
1692363600,183.182,184.262,183.082,184.142,3531,176,0
1692367200,184.142,184.142,182.842,183.162,2693,176,0
1692370800,183.162,183.662,182.462,182.822,3378,176,0
1692374400,182.822,183.382,181.762,182.202,5949,176,0
1692378000,182.202,183.362,181.362,183.322,4504,176,0
1692381600,183.322,184.162,183.242,183.602,2017,176,0
1692612000,184.249,186.362,183.140,186.342,9199,120,0
1692615600,186.342,188.062,186.262,187.362,5925,176,0
1692619200,187.362,188.462,187.262,188.222,2758,176,0
1692622800,188.222,188.502,187.342,187.482,3294,176,0
1692626400,187.482,187.642,187.242,187.382,2591,120,0
1692630000,187.382,187.582,185.822,186.322,2736,176,0
1692633600,186.302,186.642,184.982,185.302,4514,176,0
1692637200,185.302,185.742,184.422,184.762,3616,176,0
1692640800,184.762,184.902,183.302,183.382,1453,176,0
1692698400,185.242,187.542,183.990,186.922,13707,176,0
1692702000,186.922,187.142,186.422,186.862,4252,176,0
1692705600,186.862,187.022,186.642,186.722,2886,176,0
1692709200,186.742,186.862,186.002,186.522,2233,176,0
1692712800,186.522,186.522,181.160,185.782,21827,176,0
1692716400,185.770,186.222,184.102,185.022,4765,176,0
1692720000,185.022,185.322,183.082,183.162,5431,176,0
1692723600,183.162,184.322,182.862,184.202,4821,176,0
1692727200,184.202,184.502,183.942,184.322,2458,176,0
1692784800,184.530,185.630,183.522,184.022,9998,176,0
1692788400,184.022,185.222,183.682,184.342,6735,176,0
1692792000,184.362,184.582,183.682,184.282,3846,176,0
1692795600,184.282,184.502,178.962,179.280,14160,176,0
1692799200,179.300,179.359,171.580,174.270,31585,176,0
1692802800,174.280,175.120,172.170,174.150,18488,176,0
1692806400,174.142,176.240,173.422,175.330,17113,176,0
1692810000,175.350,176.002,174.250,175.622,7941,176,0
1692813600,175.622,178.022,175.622,177.822,4482,176,0
1692871200,179.610,181.430,179.222,179.790,14238,142,0
1692874800,179.802,181.382,179.722,180.422,6408,176,0
1692878400,180.422,180.582,177.950,179.622,6608,176,0
1692882000,179.622,180.262,179.130,179.822,4736,176,0
1692885600,179.822,180.682,178.482,178.702,3441,122,0
1692889200,178.702,178.742,176.902,178.122,6658,176,0
1692892800,178.122,178.982,177.042,177.902,6592,176,0
1692896400,177.902,178.282,175.102,175.462,5802,176,0
1692900000,175.442,176.162,175.022,176.150,3051,176,0
1692957600,174.649,178.302,173.950,178.302,4676,120,0
1692961200,178.302,179.142,177.962,178.822,3054,176,0
1692964800,178.842,178.862,178.122,178.522,2375,176,0
1692968400,178.522,179.262,178.442,178.602,1744,176,0
1692972000,178.602,179.402,178.322,179.182,1858,176,0
1692975600,179.182,179.362,177.962,177.962,1891,176,0
1692979200,177.962,178.122,176.662,178.000,3386,176,0
1692982800,177.990,178.742,175.922,175.982,6250,176,0
1692986400,175.982,176.342,175.762,176.122,1434,176,0
1693216800,177.870,178.440,177.222,177.602,4394,176,0
1693220400,177.602,177.782,176.382,176.462,1765,176,0
1693224000,176.462,176.762,176.122,176.162,1527,176,0
1693227600,176.210,176.242,175.182,175.822,1420,158,0
1693231200,175.969,176.622,175.940,176.542,991,176,0
1693234800,176.542,177.482,176.542,177.262,1693,176,0
1693238400,177.262,178.242,177.082,177.842,3164,176,0
1693242000,177.842,178.342,176.962,177.322,3261,176,0
1693245600,177.322,177.962,177.242,177.682,1435,176,0
1693303200,178.480,180.262,177.190,177.310,8812,176,0
1693306800,177.310,178.642,177.242,177.942,5538,176,0
1693310400,177.942,179.662,177.882,179.422,4533,176,0
1693314000,179.422,179.982,179.202,179.702,2594,176,0
1693317600,179.702,180.482,179.602,180.342,2104,176,0
1693321200,180.342,180.762,179.702,180.742,3004,176,0
1693324800,180.742,181.062,180.082,180.482,3946,176,0
1693328400,180.482,182.102,180.442,181.562,4853,176,0
1693332000,181.562,181.922,181.162,181.622,2221,176,0
1693389600,181.622,182.550,181.130,182.142,6094,176,0
1693393200,182.142,182.382,180.602,180.702,3509,176,0
1693396800,180.702,181.282,179.802,181.242,3145,176,0
1693400400,181.242,181.982,181.162,181.622,1731,176,0
1693404000,181.622,182.042,181.340,181.842,1258,158,0
1693407600,181.842,182.842,181.742,182.642,3125,176,0
1693411200,182.642,182.682,181.562,182.382,3494,176,0
1693414800,182.382,183.962,181.742,183.662,3932,176,0
1693418400,183.662,183.702,183.222,183.542,1620,176,0
1693476000,183.469,183.902,182.390,183.802,4667,158,0
1693479600,183.802,183.862,183.022,183.722,1878,176,0
1693483200,183.722,183.822,183.182,183.602,2362,176,0
1693486800,183.582,183.802,182.822,183.422,2135,176,0
1693490400,183.431,183.822,183.042,183.662,2104,158,0
1693494000,183.662,184.582,183.502,184.182,3156,176,0
1693497600,184.182,185.002,183.582,184.922,3273,176,0
1693501200,184.922,186.362,184.902,185.342,3801,176,0
1693504800,185.342,185.382,184.802,184.862,1587,176,0
1693562400,183.400,186.040,182.882,184.562,8413,176,0
1693566000,184.562,184.842,183.282,183.382,3520,176,0
1693569600,183.382,184.582,183.282,183.322,2848,176,0
1693573200,183.322,183.542,182.742,183.142,2018,176,0
1693576800,183.122,183.562,182.622,183.022,2199,158,0
1693580400,183.022,185.502,182.922,184.982,5851,176,0
1693584000,184.982,185.442,183.482,184.540,6653,176,0
1693587600,184.540,185.722,183.682,184.382,8002,176,0
1693591200,184.382,185.022,184.222,184.322,1646,176,0
1693821600,186.021,188.042,185.500,187.222,3648,158,0
1693825200,187.222,188.302,187.222,188.002,1991,158,0
1693828800,188.002,188.362,187.542,187.642,1537,176,0
1693832400,187.642,188.382,187.462,187.762,1256,176,0
1693836000,187.762,187.922,187.002,187.222,1292,158,0
1693839600,187.222,187.222,186.282,186.342,1548,176,0
1693843200,186.342,186.682,185.582,185.982,1493,176,0
1693846800,185.982,186.002,184.782,185.162,1771,176,0
1693850400,185.162,185.322,184.982,185.142,756,176,0
1693908000,183.400,184.170,181.682,181.722,9277,176,0
1693911600,181.722,182.342,180.342,182.002,5368,176,0
1693915200,182.002,183.902,181.782,183.642,2540,176,0
1693918800,183.642,184.342,183.242,183.742,2122,176,0
1693922400,183.580,184.822,183.570,184.542,1695,176,0
1693926000,184.542,184.922,183.642,184.162,2554,176,0
1693929600,184.162,184.262,182.922,183.250,4621,176,0
1693933200,183.262,183.442,181.442,181.882,3715,176,0
1693936800,181.882,182.742,181.882,182.342,1479,176,0
1693994400,181.560,182.442,180.990,181.782,1893,176,0
1693998000,181.802,183.602,181.762,183.482,1126,176,0
1694001600,183.502,184.022,183.202,183.882,1044,176,0
1694005200,183.882,184.162,183.682,183.922,819,176,0
1694008800,183.922,184.142,183.002,183.162,986,176,0
1694012400,183.142,183.362,181.962,182.882,955,176,0
1694016000,182.882,183.302,182.602,183.082,977,176,0
1694019600,183.082,183.382,181.782,181.842,1589,176,0
1694023200,181.842,181.882,181.202,181.442,459,176,0
1694080800,180.680,180.830,178.342,180.162,1761,176,0
1694084400,180.142,180.282,178.962,179.982,1194,176,0
1694088000,179.982,180.622,179.002,179.262,1133,176,0
1694091600,179.262,179.422,178.222,178.982,732,176,0
1694095200,178.982,179.202,177.622,177.662,813,176,0
1694098800,177.662,178.122,176.302,176.802,1246,176,0
1694102400,176.802,177.222,175.622,175.622,1597,176,0
1694106000,175.602,177.242,174.002,176.202,1900,176,0
1694109600,176.202,176.222,175.222,175.602,716,176,0
1694167200,177.470,178.122,176.110,177.922,1377,176,0
1694170800,177.922,178.082,174.642,174.742,1809,176,0
1694174400,174.762,175.442,174.202,174.622,1716,176,0
1694178000,174.622,176.502,174.062,176.322,1406,176,0
1694181600,176.322,176.502,175.162,175.822,1263,176,0
1694185200,175.822,177.002,175.682,176.642,1126,176,0
1694188800,176.642,177.142,175.922,176.002,1391,176,0
1694192400,176.022,176.642,174.762,175.382,1418,176,0
1694196000,175.382,175.702,175.322,175.562,544,176,0
1694426400,177.170,178.290,176.302,176.882,1616,176,0
1694430000,176.862,177.262,175.482,175.542,1123,176,0
1694433600,175.542,176.182,175.442,175.722,1026,176,0
1694437200,175.722,175.782,174.482,175.582,981,176,0
1694440800,175.650,176.142,175.202,175.982,966,176,0
1694444400,175.982,177.342,175.842,177.182,947,176,0
1694448000,177.182,177.882,175.882,176.082,1249,176,0
1694451600,176.142,177.522,176.042,177.302,1266,176,0
1694455200,177.302,177.642,176.942,177.582,454,176,0
1694512800,178.000,178.062,175.242,176.002,1804,176,0
1694516400,176.002,177.022,175.622,175.882,1504,176,0
1694520000,175.902,176.062,175.082,175.102,1384,176,0
1694523600,175.122,175.862,174.962,175.802,954,176,0
1694527200,175.802,175.842,175.102,175.522,1004,176,0
1694530800,175.542,176.342,175.462,175.562,1072,176,0
1694534400,175.562,175.842,174.562,175.542,1372,176,0
1694538000,175.522,175.962,173.802,173.962,1361,176,0
1694541600,173.962,174.642,173.862,174.322,513,176,0
1694599200,173.080,173.110,169.402,169.502,1846,158,0
1694602800,169.522,170.202,166.862,167.142,2191,176,0
1694606400,167.102,168.762,166.862,167.602,1536,176,0
1694610000,167.602,171.262,166.582,171.062,1262,176,0
1694613600,170.642,170.782,168.282,168.802,1199,176,0
1694617200,168.802,170.602,168.562,170.242,1982,176,0
1694620800,170.242,171.122,169.742,170.882,1669,176,0
1694624400,170.882,171.142,169.722,170.402,1392,176,0
1694628000,170.402,171.222,170.402,170.982,420,176,0
1694685600,172.080,173.480,168.902,169.102,1747,176,0
1694689200,169.122,169.302,168.122,168.782,1642,176,0
1694692800,168.762,169.802,168.602,169.462,979,176,0
1694696400,169.442,170.162,169.262,169.742,898,176,0
1694700000,169.742,169.962,168.642,168.862,721,158,0
1694703600,168.862,169.742,168.202,169.622,1936,176,0
1694707200,169.622,170.462,168.922,169.630,1905,176,0
1694710800,169.702,170.202,168.662,170.122,1175,176,0
1694714400,170.122,170.642,169.982,170.302,507,176,0
1694772000,173.010,174.900,172.462,172.802,1902,176,0
1694775600,172.802,173.402,172.442,172.962,978,176,0
1694779200,172.962,173.502,172.422,173.362,867,176,0
1694782800,173.362,173.842,172.902,173.182,762,176,0
1694786400,173.182,174.382,173.182,174.322,572,176,0
1694790000,174.322,174.322,173.222,173.262,761,176,0
1694793600,173.242,173.482,172.142,172.742,1198,176,0
1694797200,172.742,174.062,172.622,173.302,1138,176,0
1694800800,173.302,173.702,173.222,173.582,369,176,0
1695031200,173.561,174.562,173.102,173.882,1325,158,0
1695034800,173.882,173.922,173.002,173.622,872,176,0
1695038400,173.622,173.642,172.922,173.182,818,176,0
1695042000,173.182,173.342,172.302,172.502,833,176,0
1695045600,172.502,172.562,171.462,172.002,865,169,0
1695049200,171.982,172.742,171.522,171.862,947,176,0
1695052800,171.862,172.162,170.422,170.842,1505,176,0
1695056400,170.842,170.862,169.202,169.662,1428,176,0
1695060000,169.662,169.662,168.702,169.222,580,176,0
1695117600,168.420,168.500,166.302,166.582,1345,176,0
1695121200,166.582,166.962,165.982,166.322,1095,176,0
1695124800,166.322,166.402,165.662,166.042,892,176,0
1695128400,166.062,166.602,166.022,166.282,714,176,0
1695132000,166.282,166.782,165.882,166.002,681,158,0
1695135600,166.002,166.002,165.402,165.402,2169,176,0
1695139200,165.402,166.602,164.022,164.482,6206,176,0
1695142800,164.482,165.182,163.722,165.062,2817,176,0
1695146400,165.062,165.402,164.602,165.282,1097,176,0
1695204000,165.149,165.922,163.970,165.362,5046,158,0
1695207600,165.382,166.982,165.042,166.702,4404,176,0
1695211200,166.702,167.442,166.122,166.562,2591,176,0
1695214800,166.562,166.842,166.082,166.242,2127,176,0
1695218400,166.242,167.002,166.222,166.542,2151,176,0
1695222000,166.542,166.542,165.742,166.342,2172,176,0
1695225600,166.342,167.302,164.982,166.722,4287,176,0
1695229200,166.722,166.922,165.842,166.062,3143,176,0
1695232800,166.062,166.682,166.062,166.422,1416,176,0
1695290400,164.490,167.850,164.290,167.302,9652,176,0
1695294000,167.322,168.002,166.462,167.222,4384,176,0
1695297600,167.222,167.422,166.142,166.362,2815,176,0
1695301200,166.362,166.402,165.082,165.510,2459,176,0
1695304800,165.520,165.762,164.462,164.582,3812,176,0
1695308400,164.582,164.662,163.442,163.522,3419,176,0
1695312000,163.522,164.122,162.062,162.862,6386,176,0
1695315600,162.862,163.602,162.642,162.882,3948,176,0
1695319200,162.882,163.162,162.582,162.882,1325,176,0
1695376800,161.530,162.962,161.142,162.382,5876,176,0
1695380400,162.382,163.122,162.082,162.802,3961,176,0
1695384000,162.802,163.322,162.442,163.202,2453,176,0
1695387600,163.202,163.322,162.582,163.142,1891,176,0
1695391200,163.142,163.162,162.682,163.102,1948,176,0
1695394800,163.102,164.162,163.102,163.682,2003,176,0
1695398400,163.682,163.842,162.622,163.022,3438,176,0
1695402000,163.022,163.962,162.922,163.462,2911,176,0
1695405600,163.462,163.682,162.842,163.102,1323,176,0
1695636000,162.360,164.082,161.930,163.462,3808,176,0
1695639600,163.462,163.662,160.842,161.142,5317,176,0
1695643200,161.142,162.122,161.002,161.762,2892,176,0
1695646800,161.762,162.002,161.122,161.302,1881,176,0
1695650400,161.302,161.662,161.022,161.102,1680,176,0
1695654000,161.102,161.562,160.482,161.142,2256,176,0
1695657600,161.142,162.182,160.742,161.122,3168,176,0
1695661200,161.122,161.482,160.662,161.022,1782,176,0
1695664800,161.022,161.462,161.002,161.422,778,176,0
1695722400,160.422,161.222,159.800,161.122,7000,176,0
1695726000,161.142,162.122,160.922,161.142,5548,176,0
1695729600,161.122,161.202,159.422,159.662,4377,176,0
1695733200,159.662,160.302,159.442,160.142,3011,176,0
1695736800,160.142,160.322,159.722,159.802,2230,176,0
1695740400,159.802,160.362,159.742,160.202,2256,176,0
1695744000,160.202,160.942,159.782,160.162,3636,176,0
1695747600,160.162,160.442,159.182,159.602,4523,176,0
1695751200,159.582,159.782,159.082,159.782,1730,176,0
1695808800,159.862,160.462,159.140,160.162,4257,176,0
1695812400,160.162,160.722,159.642,159.682,3335,176,0
1695816000,159.682,159.802,158.422,158.682,2917,176,0
1695819600,158.662,159.022,158.322,158.902,2458,176,0
1695823200,158.902,159.242,158.382,158.982,2507,176,0
1695826800,158.982,159.042,158.422,158.862,3154,176,0
1695830400,158.862,159.222,158.262,158.722,3771,176,0
1695834000,158.722,158.802,157.422,157.582,3792,176,0
1695837600,157.582,157.722,157.262,157.502,1668,176,0
1695895200,157.321,157.390,155.270,156.722,9126,158,0
1695898800,156.722,157.142,155.702,156.142,4999,176,0
1695902400,156.142,156.562,155.642,156.242,3824,176,0
1695906000,156.242,156.662,155.822,156.602,3186,176,0
1695909600,156.602,156.662,155.662,156.102,3449,176,0
1695913200,156.102,156.742,155.382,155.482,5622,176,0
1695916800,155.482,156.102,155.182,155.382,5400,176,0
1695920400,155.382,156.062,155.142,155.882,4015,176,0
1695924000,155.882,156.322,155.722,156.262,1864,176,0
1695981600,166.710,167.430,164.482,165.842,13699,176,0
1695985200,165.842,166.342,165.542,165.802,4769,176,0
1695988800,165.802,166.622,165.642,165.982,3498,176,0
1695992400,165.982,167.162,165.742,166.742,2057,176,0
1695996000,166.742,167.182,166.262,166.922,2527,176,0
1695999600,166.922,168.022,166.642,167.062,4179,176,0
1696003200,167.062,168.262,167.002,167.682,4512,176,0
1696006800,167.682,168.422,166.622,167.122,5212,176,0
1696010400,167.142,167.302,166.442,166.562,2149,176,0
1696240800,166.381,168.482,165.050,167.742,6965,158,0
1696244400,167.722,168.422,167.062,167.222,4264,176,0
1696248000,167.222,167.302,166.202,166.342,2990,176,0
1696251600,166.342,166.682,166.002,166.262,2614,176,0
1696255200,166.262,167.302,166.202,166.842,2256,176,0
1696258800,166.842,167.002,166.202,166.322,2523,176,0
1696262400,166.302,166.962,165.562,165.862,3453,176,0
1696266000,165.862,166.162,164.322,164.402,6570,176,0
1696269600,164.402,165.262,164.362,164.562,2387,176,0
1696327200,163.150,163.970,162.710,163.042,5329,176,0
1696330800,163.042,164.162,162.862,163.442,2861,176,0
1696334400,163.442,163.482,161.882,162.102,2965,176,0
1696338000,162.102,162.202,161.482,161.622,2827,176,0
1696341600,161.542,161.742,160.162,160.562,3545,158,0
1696345200,160.562,161.342,160.082,160.262,4119,176,0
1696348800,160.262,161.602,160.142,161.542,3890,176,0
1696352400,161.542,161.582,160.282,160.862,6311,176,0
1696356000,160.862,160.942,160.382,160.802,1662,176,0
1696413600,159.170,160.002,158.262,159.002,5196,176,0
1696417200,159.002,160.022,158.942,159.702,3114,176,0
1696420800,159.702,160.282,159.222,159.982,2022,176,0
1696424400,159.962,161.042,159.962,161.022,2120,176,0
1696428000,161.022,162.422,161.022,162.422,2947,176,0
1696431600,162.422,162.630,161.502,161.962,4295,176,0
1696435200,161.942,162.482,161.322,161.690,4246,176,0
1696438800,161.570,161.822,160.722,161.782,4886,176,0
1696442400,161.782,162.542,161.522,162.302,1834,176,0
1696500000,162.322,163.130,160.842,161.222,5903,176,0
1696503600,161.222,162.102,155.690,156.602,8610,176,0
1696507200,156.602,158.222,154.522,157.382,10971,176,0
1696510800,157.382,159.380,155.422,157.542,14539,176,0
1696514400,157.542,158.182,157.222,157.662,3517,176,0
1696518000,157.662,157.902,154.982,155.462,5898,176,0
1696521600,155.442,157.542,154.922,157.402,6276,176,0
1696525200,157.402,157.922,155.922,156.242,4675,176,0
1696528800,156.222,156.802,155.842,156.662,2303,176,0
1696586400,156.020,158.182,156.010,156.622,4650,176,0
1696590000,156.622,157.142,156.362,156.382,2932,176,0
1696593600,156.382,158.002,156.362,157.882,2280,176,0
1696597200,157.882,158.582,157.762,158.042,1655,176,0
1696600800,158.042,158.462,157.522,157.882,1818,176,0
1696604400,157.882,158.142,155.182,156.022,4547,176,0
1696608000,156.022,158.442,155.862,157.542,5749,176,0
1696611600,157.542,158.682,157.042,158.562,4919,176,0
1696615200,158.562,159.842,158.522,159.702,1932,176,0
1696845600,157.750,164.822,157.720,164.742,13546,176,0
1696849200,164.742,165.762,163.802,165.322,5658,176,0
1696852800,165.322,165.562,163.282,164.042,4120,176,0
1696856400,164.042,165.162,163.962,164.022,3931,176,0
1696860000,164.022,164.802,163.802,164.782,3227,176,0
1696863600,164.782,166.162,164.122,166.142,2986,176,0
1696867200,166.142,167.722,165.582,166.622,5730,176,0
1696870800,166.622,166.662,164.362,165.422,4608,176,0
1696874400,165.422,166.522,164.722,166.462,2204,176,0
1696932000,168.021,172.302,167.720,168.882,10765,158,0
1696935600,168.862,169.642,168.502,169.262,5321,176,0
1696939200,169.302,169.522,168.742,169.422,2744,176,0
1696942800,169.422,169.762,168.522,168.522,2348,176,0
1696946400,168.542,168.982,167.822,168.542,2573,176,0
1696950000,168.542,168.922,167.902,168.802,3170,176,0
1696953600,168.822,169.862,168.622,169.382,4407,176,0
1696957200,169.382,170.662,169.242,170.242,3805,176,0
1696960800,170.242,170.862,170.122,170.522,1504,176,0
1697018400,167.760,169.442,166.710,168.702,8406,176,0
1697022000,168.702,169.642,168.062,169.362,3793,176,0
1697025600,169.362,170.502,169.362,169.902,2784,176,0
1697029200,169.902,170.582,169.682,170.102,2092,176,0
1697032800,170.102,170.982,170.062,170.922,1886,176,0
1697036400,170.922,172.342,170.822,171.642,3517,176,0
1697040000,171.642,171.942,170.922,171.122,3898,176,0
1697043600,171.142,171.142,170.022,170.662,3009,176,0
1697047200,170.662,171.402,169.962,169.962,1529,176,0
1697104800,170.890,171.930,170.422,171.122,6131,176,0
1697108400,171.122,172.122,170.962,172.122,2261,176,0
1697112000,172.122,172.642,171.702,172.182,2221,176,0
1697115600,172.182,172.642,172.022,172.322,1416,176,0
1697119200,172.162,172.482,172.042,172.302,1810,176,0
1697122800,172.302,172.562,171.182,171.222,3974,176,0
1697126400,171.222,171.562,169.522,170.022,4397,176,0
1697130000,170.002,170.502,169.502,170.002,3884,176,0
1697133600,170.002,170.022,169.582,169.822,1641,176,0
1697191200,169.080,170.422,167.960,169.582,6849,176,0
1697194800,169.582,170.122,169.162,169.502,5224,176,0
1697198400,169.502,169.722,168.602,168.842,4262,176,0
1697202000,168.842,169.142,167.662,167.942,4917,176,0
1697205600,167.962,168.220,167.422,167.702,4736,176,0
1697209200,167.702,169.122,167.422,169.122,5811,176,0
1697212800,169.122,169.722,168.722,169.610,8230,176,0
1697216400,169.620,169.630,168.062,168.302,10841,176,0
1697220000,168.302,168.322,167.422,167.442,3810,176,0
1697450400,167.640,169.190,165.442,165.522,3294,176,0
1697454000,165.742,167.422,165.662,167.242,3055,176,0
1697457600,167.242,167.982,167.042,167.662,4281,176,0
1697461200,167.662,168.082,167.302,167.802,2868,176,0
1697464800,167.782,168.062,167.482,167.802,2483,176,0
1697468400,167.802,170.462,167.542,169.382,4736,176,0
1697472000,169.382,170.402,168.662,170.222,7016,176,0
1697475600,170.222,171.982,169.922,171.082,6820,176,0
1697479200,171.082,171.122,170.022,170.522,3003,176,0
1697536800,169.890,171.242,169.240,170.362,5927,176,0
1697540400,170.362,170.482,168.102,169.442,5396,176,0
1697544000,169.442,170.282,169.342,170.202,3985,176,0
1697547600,170.202,170.322,169.362,170.262,4261,176,0
1697551200,170.262,170.382,169.662,169.962,4077,176,0
1697554800,169.962,170.402,169.242,169.362,5319,176,0
1697558400,169.382,170.142,168.362,169.722,8663,176,0
1697562000,169.742,170.842,169.342,170.482,8872,176,0
1697565600,170.482,170.902,170.462,170.702,2291,176,0
1697623200,179.080,179.750,175.942,177.342,14113,176,0
1697626800,177.322,178.882,177.202,178.742,5071,176,0
1697630400,178.742,179.802,178.242,178.802,4527,176,0
1697634000,178.802,179.022,177.342,177.422,3703,176,0
1697637600,177.422,178.482,177.022,178.182,3041,176,0
1697641200,178.182,178.602,177.022,177.122,2928,176,0
1697644800,177.122,177.862,176.702,177.342,6387,176,0
1697648400,177.342,177.942,175.782,176.102,6369,176,0
1697652000,176.062,176.622,175.962,176.382,2126,176,0
1697709600,175.100,176.030,174.502,175.422,8532,176,0
1697713200,175.422,175.822,173.842,173.902,4799,176,0
1697716800,173.902,176.482,173.662,176.482,3316,176,0
1697720400,176.462,177.262,175.922,177.002,3415,176,0
1697724000,177.002,177.202,176.362,176.582,3389,176,0
1697727600,176.582,176.702,175.942,176.422,3615,176,0
1697731200,176.422,176.582,174.602,174.642,5556,176,0
1697734800,174.642,175.122,174.362,174.522,5297,176,0
1697738400,174.522,174.702,173.942,173.962,2285,176,0
1697796000,171.750,172.782,170.410,172.642,1970,176,0
1697799600,172.662,173.302,172.462,172.762,1124,176,0
1697803200,172.802,172.842,170.762,171.562,1176,176,0
1697806800,171.582,172.082,170.942,170.962,851,176,0
1697810400,170.962,171.062,170.102,170.362,903,176,0
1697814000,170.362,170.422,169.362,169.822,918,176,0
1697817600,169.842,170.762,169.582,170.682,1624,176,0
1697821200,170.722,170.962,169.602,169.642,1595,176,0
1697824800,169.642,170.302,169.302,169.682,548,176,0
1698055200,170.270,170.580,168.102,168.262,1667,176,0
1698058800,168.282,169.622,168.182,169.062,1697,176,0
1698062400,169.062,169.202,166.722,166.742,1628,176,0
1698066000,166.742,167.382,166.422,167.242,1210,176,0
1698069600,167.230,167.582,167.102,167.262,780,176,0
1698073200,167.262,167.382,166.622,166.762,885,176,0
1698076800,166.762,167.542,166.122,167.382,1463,176,0
1698080400,167.382,168.862,167.242,168.662,1602,176,0
1698084000,168.662,169.222,168.602,169.042,534,176,0
1698141600,172.450,173.940,169.682,170.022,1984,176,0
1698145200,170.062,171.182,169.242,170.962,1356,176,0
1698148800,170.962,172.302,170.762,171.982,1131,176,0
1698152400,171.982,172.022,171.482,171.642,708,176,0
1698156000,171.642,171.882,171.062,171.262,784,176,0
1698159600,171.262,171.862,170.802,171.742,995,176,0
1698163200,171.742,172.022,170.802,171.982,1504,176,0
1698166800,172.022,173.302,171.922,172.922,1699,176,0
1698170400,172.922,172.922,172.042,172.342,628,176,0
1698228000,170.760,171.410,169.740,169.882,1844,176,0
1698231600,169.882,171.202,169.522,170.802,1213,176,0
1698235200,170.802,171.282,170.102,170.462,1012,176,0
1698238800,170.402,170.522,169.822,170.282,845,176,0
1698242400,170.282,171.222,170.250,170.662,620,176,0
1698246000,170.662,171.162,169.642,169.642,719,176,0
1698249600,169.642,169.882,169.022,169.762,1173,176,0
1698253200,169.762,171.742,169.362,171.142,1553,176,0
1698256800,171.142,172.162,171.102,171.562,753,176,0
1698314400,167.200,168.010,166.122,166.422,1882,176,0
1698318000,166.442,167.622,165.982,166.542,1187,176,0
1698321600,166.542,168.330,166.542,167.482,1009,176,0
1698325200,167.482,168.542,167.162,168.042,554,176,0
1698328800,168.042,168.102,167.122,167.442,751,176,0
1698332400,167.482,169.022,167.242,168.782,1582,176,0
1698336000,168.762,168.842,166.442,166.622,1956,176,0
1698339600,166.642,166.942,165.622,166.682,1513,176,0
1698343200,166.682,166.902,166.342,166.662,509,176,0
1698400800,166.262,166.440,163.430,165.502,1653,176,0
1698404400,165.522,166.802,165.402,166.422,1146,176,0
1698408000,166.402,166.442,165.262,165.782,703,176,0
1698411600,165.742,166.262,164.962,164.962,504,176,0
1698415200,164.790,165.522,164.482,164.702,741,176,0
1698418800,164.702,166.722,164.482,166.462,1120,176,0
1698422400,166.462,167.262,166.102,166.822,1793,176,0
1698426000,166.882,167.382,166.222,166.442,2096,176,0
1698429600,166.462,167.062,166.182,166.862,766,176,0
1698660000,166.610,167.662,165.802,166.642,1646,176,0
1698663600,166.662,167.742,166.462,167.662,1206,176,0
1698667200,167.662,167.822,166.662,167.502,983,176,0
1698670800,167.502,167.542,166.502,166.642,772,176,0
1698674400,166.622,166.710,165.902,166.082,790,176,0
1698678000,166.082,167.782,166.022,167.262,1427,176,0
1698681600,167.262,167.342,165.982,166.222,1837,176,0
1698685200,166.222,166.982,166.062,166.582,1056,176,0
1698688800,166.582,166.722,166.062,166.142,464,176,0
1698746400,166.240,167.582,165.120,167.502,1294,176,0
1698750000,167.502,167.662,165.662,166.582,1291,176,0
1698753600,166.582,166.862,166.222,166.362,1209,176,0
1698757200,166.302,166.942,166.062,166.622,909,176,0
1698760800,166.622,167.422,166.482,166.922,1082,176,0
1698764400,166.922,167.222,165.962,166.402,1561,176,0
1698768000,166.402,167.422,166.182,167.102,1813,176,0
1698771600,167.142,167.402,166.442,166.902,1328,176,0
1698775200,166.902,167.062,166.402,167.062,541,176,0
1698832800,168.240,168.250,166.502,166.642,1550,176,0
1698836400,166.642,166.882,166.302,166.642,986,176,0
1698840000,166.642,166.682,165.422,165.622,912,176,0
1698843600,165.622,165.942,164.922,165.102,678,176,0
1698847200,165.122,166.582,165.022,166.342,1130,176,0
1698850800,166.342,167.962,166.042,166.522,1441,176,0
1698854400,166.530,167.042,166.122,166.422,1961,176,0
1698858000,166.422,166.962,165.822,166.902,1091,176,0
1698861600,166.902,167.082,166.682,166.722,490,176,0
1698919200,169.100,173.582,169.080,172.682,1749,176,0
1698922800,172.682,173.042,172.182,172.642,1379,176,0
1698926400,172.642,173.982,172.462,173.482,1030,176,0
1698930000,173.482,173.942,172.602,173.450,1100,176,0
1698933600,173.440,173.460,172.482,172.602,1064,176,0
1698937200,172.582,172.902,171.562,172.670,1300,176,0
1698940800,172.670,173.022,171.682,172.462,1407,176,0
1698944400,172.482,172.862,171.502,171.502,937,176,0
1698948000,171.502,171.582,171.102,171.402,542,176,0
1699005600,172.780,173.020,170.422,170.802,1675,176,0
1699009200,170.862,171.042,169.622,169.662,963,176,0
1699012800,169.662,169.962,169.122,169.422,1015,176,0
1699016400,169.422,169.622,168.422,169.062,939,176,0
1699020000,169.062,171.542,168.722,171.142,1120,176,0
1699023600,171.142,173.550,170.902,173.410,1363,176,0
1699027200,173.410,173.610,171.562,171.862,1429,176,0
1699030800,171.862,171.942,170.662,170.742,910,176,0
1699034400,170.742,170.822,170.302,170.642,376,176,0
1699264800,171.010,173.062,171.010,172.782,1223,176,0
1699268400,172.762,172.882,171.762,172.162,983,176,0
1699272000,172.162,173.002,171.742,172.042,659,176,0
1699275600,172.042,172.402,171.962,172.122,516,176,0
1699279200,172.122,172.602,171.962,172.182,462,176,0
1699282800,172.182,172.222,171.302,171.582,518,176,0
1699286400,171.582,172.102,171.542,171.862,994,176,0
1699290000,171.862,173.002,171.802,172.302,809,176,0
1699293600,172.302,172.602,172.242,172.422,384,176,0
1699351200,170.850,171.102,169.570,170.822,1590,176,0
1699354800,170.842,171.142,169.402,169.802,918,176,0
1699358400,169.802,170.762,169.542,170.242,860,176,0
1699362000,170.242,170.242,169.302,169.562,607,176,0
1699365600,169.562,170.042,169.402,169.942,587,176,0
1699369200,169.942,171.022,169.762,170.922,746,176,0
1699372800,170.922,171.862,170.262,171.462,1208,176,0
1699376400,171.442,172.502,171.382,171.922,1065,176,0
1699380000,171.922,172.362,171.782,171.782,492,176,0
1699437600,172.300,173.860,168.222,168.822,1340,176,0
1699441200,168.862,170.450,167.290,168.390,1462,176,0
1699444800,168.390,170.100,168.082,169.582,1228,176,0
1699448400,169.582,169.762,168.262,168.540,944,176,0
1699452000,168.540,170.342,168.540,170.202,818,176,0
1699455600,170.202,170.582,169.382,169.602,728,176,0
1699459200,169.602,172.082,169.562,171.460,969,176,0
1699462800,171.450,171.450,169.282,169.302,1302,176,0
1699466400,169.302,169.402,168.422,168.450,550,176,0
1699524000,168.590,171.422,167.130,169.102,1708,176,0
1699527600,169.102,171.662,168.362,171.342,1172,176,0
1699531200,171.342,173.462,171.342,172.742,717,176,0
1699534800,172.742,172.982,171.762,172.202,715,176,0
1699538400,172.202,173.402,172.142,173.402,603,176,0
1699542000,173.402,173.842,173.122,173.702,507,176,0
1699545600,173.702,174.642,173.270,173.462,786,176,0
1699549200,173.482,173.762,172.642,173.362,879,176,0
1699552800,173.362,174.222,173.322,173.502,468,176,0
1699610400,171.810,172.520,170.202,170.582,1797,176,0
1699614000,170.562,170.982,170.102,170.242,1151,176,0
1699617600,170.242,170.382,169.362,169.942,1096,176,0
1699621200,169.942,170.022,169.282,169.522,696,176,0
1699624800,169.502,170.342,169.502,169.962,724,176,0
1699628400,169.962,171.022,169.862,170.682,715,176,0
1699632000,170.682,170.782,169.822,170.282,934,176,0
1699635600,170.290,170.302,169.242,169.882,1161,176,0
1699639200,169.882,170.882,169.842,170.742,457,176,0
1699869600,170.242,170.622,170.222,170.462,152,176,0
1699880400,170.462,170.462,170.462,170.462,5,216,0
1699891200,168.942,168.982,168.462,168.642,1138,176,0
1699894800,168.642,169.402,168.502,169.162,2894,176,0
1699898400,169.162,169.502,168.902,169.502,1508,176,0
1699956000,169.922,171.342,169.430,171.182,4842,176,0
1699959600,171.182,172.762,170.962,172.602,2288,176,0
1699963200,172.602,173.662,172.282,173.222,2300,176,0
1699966800,173.222,173.462,172.582,173.142,1978,176,0
1699970400,173.142,173.442,172.982,173.262,1132,176,0
1699974000,173.262,179.422,172.962,178.362,7853,176,0
1699977600,178.350,178.422,176.522,177.602,6827,176,0
1699981200,177.602,178.702,176.962,178.642,3797,176,0
1699984800,178.642,179.382,178.382,178.782,1382,176,0
1700042400,179.740,180.722,178.662,180.722,6511,176,0
1700046000,180.742,180.802,178.622,178.862,3222,176,0
1700049600,178.862,179.222,178.562,179.162,2426,176,0
1700053200,179.182,179.882,178.802,179.662,2251,176,0
1700056800,179.682,179.770,178.302,179.002,2517,176,0
1700060400,179.002,179.282,177.582,177.762,3975,176,0
1700064000,177.762,178.822,177.102,178.442,4605,176,0
1700067600,178.442,179.542,178.302,178.542,2815,176,0
1700071200,178.542,178.922,178.222,178.482,1396,176,0
1700128800,178.060,179.602,177.642,179.282,5876,176,0
1700132400,179.242,179.422,177.882,177.982,2211,176,0
1700136000,177.982,178.742,177.942,178.082,1486,176,0
1700139600,178.082,178.202,176.922,177.602,1521,176,0
1700143200,177.602,177.642,176.562,177.122,2074,176,0
1700146800,177.182,178.510,177.002,178.202,2009,176,0
1700150400,178.202,178.202,176.602,177.462,3948,176,0
1700154000,177.482,177.502,175.882,175.942,3576,176,0
1700157600,175.942,176.082,175.582,175.802,1222,176,0
1700215200,176.522,180.182,175.980,179.902,6083,176,0
1700218800,179.902,181.142,179.882,180.702,2703,176,0
1700222400,180.702,181.362,180.542,181.142,2924,176,0
1700226000,181.142,181.142,179.582,179.922,1878,176,0
1700229600,179.922,180.562,179.682,180.282,2124,176,0
1700233200,180.282,180.462,179.182,179.482,2170,176,0
1700236800,179.482,179.682,178.102,178.882,3838,176,0
1700240400,178.882,179.582,178.562,179.522,3471,176,0
1700244000,179.522,179.702,179.062,179.542,1749,176,0
1700474400,179.700,182.222,179.630,181.902,4000,176,0
1700478000,181.902,183.102,181.882,183.022,2546,176,0
1700481600,183.022,183.702,182.342,182.502,3032,176,0
1700485200,182.502,182.902,182.082,182.582,1723,176,0
1700488800,182.582,182.590,181.422,181.902,2392,176,0
1700492400,181.902,182.362,181.422,182.282,1528,176,0
1700496000,182.262,182.402,181.482,182.142,2627,176,0
1700499600,182.142,182.242,180.502,180.862,2667,176,0
1700503200,180.862,181.622,180.522,181.622,1124,176,0
1700560800,182.680,184.882,182.450,184.022,6722,176,0
1700564400,184.022,184.342,183.502,183.922,2217,176,0
1700568000,183.922,184.782,183.682,184.702,1514,176,0
1700571600,184.722,184.822,184.222,184.382,1381,176,0
1700575200,184.382,187.242,184.362,185.382,4942,176,0
1700578800,185.382,185.422,184.282,184.342,2892,176,0
1700582400,184.362,185.022,183.682,183.942,3781,176,0
1700586000,183.942,185.342,183.942,184.942,3809,176,0
1700589600,184.942,185.522,184.502,185.482,1463,176,0
1700647200,185.780,186.702,185.010,186.282,5924,176,0
1700650800,186.282,187.142,184.922,185.502,4462,176,0
1700654400,185.502,186.242,185.142,186.242,2794,176,0
1700658000,186.242,186.462,185.822,185.902,1896,176,0
1700661600,185.902,186.422,185.682,186.102,2188,176,0
1700665200,186.102,186.600,185.782,185.802,2823,176,0
1700668800,185.822,187.022,185.642,186.542,3244,176,0
1700672400,186.562,187.262,185.862,187.042,3538,176,0
1700676000,187.042,187.322,186.842,187.282,1130,176,0
1700733600,186.582,187.222,186.150,187.042,3001,176,0
1700737200,187.062,187.122,186.182,186.762,1796,176,0
1700740800,186.762,186.762,185.982,186.082,1530,176,0
1700744400,186.082,186.682,186.022,186.442,1187,176,0
1700748000,186.420,186.422,185.822,185.822,1038,176,0
1700751600,185.822,186.082,185.382,185.542,1144,176,0
1700755200,185.542,185.662,185.102,185.242,2578,176,0
1700758800,185.242,185.322,184.902,185.202,1878,176,0
1700762400,185.222,185.522,185.162,185.222,774,176,0
1700820000,185.670,185.760,183.162,183.622,4248,176,0
1700823600,183.622,184.642,183.622,184.322,1584,176,0
1700827200,184.322,184.782,183.722,184.682,1442,176,0
1700830800,184.682,185.042,184.442,184.882,1015,176,0
1700834400,184.882,185.022,184.542,184.682,1059,176,0
1700838000,184.682,184.822,184.182,184.522,982,176,0
1700841600,184.522,185.002,184.042,184.902,2354,176,0
1700845200,184.922,185.042,183.782,183.862,1905,176,0
1700848800,183.862,184.242,183.822,184.222,900,176,0
1701079200,184.390,185.162,183.922,184.642,3691,176,0
1701082800,184.642,184.862,183.582,183.742,1652,176,0
1701086400,183.742,184.362,183.442,184.362,1754,176,0
1701090000,184.382,184.382,183.922,184.182,672,176,0
1701093600,184.182,184.742,184.082,184.642,1100,176,0
1701097200,184.642,184.842,184.482,184.702,962,176,0
1701100800,184.722,185.142,184.402,184.962,1911,176,0
1701104400,184.962,185.502,184.962,185.002,2337,176,0
1701108000,185.002,185.262,184.742,185.202,1319,176,0
1701165600,184.030,184.682,183.282,183.942,5310,176,0
1701169200,183.962,184.762,183.762,184.722,2206,176,0
1701172800,184.742,184.842,184.142,184.802,1478,176,0
1701176400,184.802,184.902,184.202,184.202,1189,176,0
1701180000,184.222,184.762,184.202,184.422,1579,176,0
1701183600,184.422,185.442,184.322,185.382,1870,176,0
1701187200,185.382,185.802,185.262,185.642,2338,176,0
1701190800,185.642,186.642,185.542,186.562,3716,176,0
1701194400,186.562,186.742,186.402,186.562,1335,176,0
1701252000,187.822,190.630,187.400,190.422,8577,176,0
1701255600,190.442,190.742,188.182,188.222,3067,176,0
1701259200,188.210,188.422,187.522,187.542,2236,176,0
1701262800,187.542,190.430,187.482,189.562,7501,176,0
1701266400,189.562,192.082,189.402,192.050,3818,176,0
1701270000,192.050,192.462,191.242,191.762,5597,176,0
1701273600,191.762,192.982,191.382,192.362,3840,176,0
1701277200,192.382,193.742,191.962,193.262,5323,176,0
1701280800,193.262,193.602,192.722,193.022,2215,176,0
1701338400,193.650,194.542,192.642,192.662,8349,176,0
1701342000,192.662,193.702,192.342,193.662,3466,176,0
1701345600,193.662,193.762,192.642,192.742,3492,176,0
1701349200,192.782,193.022,192.582,192.822,2341,176,0
1701352800,192.822,193.062,192.722,192.742,1411,176,0
1701356400,192.742,192.882,191.540,192.702,2597,176,0
1701360000,192.702,193.002,191.702,192.242,4012,176,0
1701363600,192.242,192.622,191.342,191.882,4823,176,0
1701367200,191.882,192.582,191.642,191.822,1765,176,0
1701424800,192.310,194.322,192.242,194.162,6403,176,0
1701428400,194.162,194.542,193.142,193.282,2434,176,0
1701432000,193.282,193.922,193.162,193.402,2351,176,0
1701435600,193.402,193.782,193.082,193.702,1527,176,0
1701439200,193.702,193.862,193.082,193.302,1618,176,0
1701442800,193.302,193.502,192.262,192.362,2099,176,0
1701446400,192.362,193.322,191.822,192.290,3359,176,0
1701450000,192.310,193.882,192.280,193.762,4489,176,0
1701453600,193.762,194.462,193.282,194.082,3206,176,0
1701684000,194.102,195.402,194.102,195.302,3957,176,0
1701687600,195.422,196.042,194.162,194.262,4594,176,0
1701691200,194.282,194.982,193.962,194.862,1646,176,0
1701694800,194.862,195.082,194.242,194.942,1486,176,0
1701698400,194.942,194.982,193.802,194.282,1192,176,0
1701702000,194.282,194.522,193.642,193.682,834,176,0
1701705600,193.722,194.802,192.962,194.662,792,176,0
1701709200,194.702,195.442,193.362,193.822,737,176,0
1701712800,193.822,194.322,193.622,193.982,218,176,0
1701770400,194.220,195.322,194.062,194.722,1072,176,0
1701774000,194.762,195.782,194.162,195.362,561,176,0
1701777600,195.322,195.322,194.402,194.642,397,176,0
1701781200,194.662,195.142,194.082,194.082,448,176,0
1701784800,194.102,194.582,193.862,194.202,477,176,0
1701788400,194.222,195.182,194.202,194.742,399,176,0
1701792000,194.782,194.842,193.302,193.810,631,176,0
1701795600,194.050,195.302,193.950,195.242,804,176,0
1701799200,195.322,195.622,194.702,195.142,255,176,0
1701856800,195.822,196.510,194.922,194.962,775,196,0
1701860400,194.922,195.242,194.222,195.142,443,176,0
1701864000,195.122,195.802,195.002,195.802,178,176,0
1701867600,195.802,196.302,195.502,196.302,188,176,0
1701871200,196.242,196.422,195.802,196.242,231,176,0
1701874800,196.162,197.202,196.162,197.042,1148,176,0
1701878400,197.042,197.602,196.422,196.922,2058,176,0
1701882000,196.942,198.262,196.862,197.102,2982,176,0
1701885600,197.102,197.302,197.042,197.122,648,176,0
1701943200,195.600,196.070,195.130,195.590,4483,176,0
1701946800,195.582,195.662,193.562,193.902,5263,176,0
1701950400,193.882,195.022,193.802,193.802,2915,176,0
1701954000,193.822,193.882,190.530,190.982,8546,176,0
1701957600,190.982,191.222,189.522,189.562,1622,176,0
1701961200,189.562,190.122,188.722,188.810,2765,176,0
1701964800,188.802,190.442,188.322,190.442,3878,176,0
1701968400,190.402,190.642,189.082,190.622,2251,176,0
1701972000,190.642,190.922,189.942,190.342,724,176,0
1702029600,192.690,194.210,192.490,193.802,1647,176,0
1702033200,193.782,194.722,193.422,193.862,2659,176,0
1702036800,193.862,194.342,193.382,193.842,1803,176,0
1702040400,193.842,194.042,193.122,193.342,2053,176,0
1702044000,193.322,193.382,192.482,192.982,1208,176,0
1702047600,192.962,193.030,192.342,192.810,1831,176,0
1702051200,192.980,193.122,191.722,193.122,4055,176,0
1702054800,193.142,193.782,192.922,193.622,2076,176,0
1702058400,193.642,193.662,192.922,193.542,1334,176,0
1702288800,192.990,193.790,192.650,192.902,3392,176,0
1702292400,192.922,193.702,192.710,193.382,3105,176,0
1702296000,193.382,193.782,192.982,193.302,1659,176,0
1702299600,193.302,193.702,192.722,193.162,1624,176,0
1702303200,193.162,193.662,193.162,193.542,934,176,0
1702306800,193.502,193.582,192.882,193.362,1408,176,0
1702310400,193.342,193.422,192.642,192.902,1610,176,0
1702314000,192.922,193.982,192.902,193.642,3190,176,0
1702317600,193.662,193.902,193.442,193.682,530,176,0
1702375200,194.550,195.962,194.202,195.482,2289,176,0
1702378800,195.482,195.682,194.422,194.462,2314,176,0
1702382400,194.442,194.442,193.682,193.782,1692,176,0
1702386000,193.782,194.042,193.441,193.651,1680,158,0
1702389600,193.582,194.091,193.570,193.901,1809,158,0
1702393200,193.901,194.471,193.141,193.571,3498,158,0
1702396800,193.581,194.251,193.261,193.911,3528,158,0
1702400400,193.901,194.451,193.841,193.981,2563,158,0
1702404000,193.981,194.021,193.371,193.381,1495,158,0
1702461600,193.930,195.462,193.760,195.462,1117,158,0
1702465200,195.522,195.962,194.162,194.342,556,176,0
1702468800,194.342,194.542,193.662,193.862,551,176,0
1702472400,193.842,194.722,193.782,194.702,318,176,0
1702476000,194.742,195.262,194.422,194.422,318,176,0
1702479600,194.442,194.962,193.902,194.902,382,176,0
1702483200,194.922,195.042,193.682,194.062,510,176,0
1702486800,194.042,194.222,193.602,193.882,373,176,0
1702490400,193.882,193.942,193.522,193.542,169,176,0
1702548000,198.440,198.600,195.842,196.022,2045,176,0
1702551600,196.002,196.282,194.762,196.182,1165,176,0
1702555200,196.142,196.902,195.762,196.602,656,176,0
1702558800,196.642,197.202,196.502,197.022,394,176,0
1702562400,197.000,197.062,196.302,196.982,307,176,0
1702566000,197.002,197.222,196.322,197.202,516,176,0
1702569600,197.262,197.902,196.962,197.582,977,176,0
1702573200,197.562,197.642,196.202,197.502,924,176,0
1702576800,197.462,198.122,197.442,197.902,350,176,0
1702634400,198.060,198.430,195.110,195.282,1584,176,0
1702638000,195.262,195.802,194.742,195.742,790,176,0
1702641600,195.802,196.482,195.082,195.122,874,176,0
1702645200,195.142,195.142,193.542,193.542,405,176,0
1702648800,193.582,193.902,191.002,191.222,1084,176,0
1702652400,191.182,192.450,190.582,190.922,1215,176,0
1702656000,190.962,192.162,190.862,191.142,1303,176,0
1702659600,191.202,191.982,190.962,191.542,942,176,0
1702663200,191.602,191.942,191.282,191.802,310,176,0
1702893600,190.840,191.290,189.730,190.162,1415,176,0
1702897200,190.162,190.802,189.782,190.062,393,176,0
1702900800,190.042,190.742,189.842,190.442,380,176,0
1702904400,190.462,190.522,190.002,190.382,318,176,0
1702908000,190.382,191.302,190.150,190.862,338,176,0
1702911600,190.862,191.882,190.662,191.742,502,176,0
1702915200,191.742,192.042,190.722,190.802,640,176,0
1702918800,190.862,191.822,190.742,191.182,552,176,0
1702922400,191.262,191.642,191.102,191.542,175,176,0
1702980000,192.280,192.922,191.622,191.702,1055,176,0
1702983600,191.742,191.942,191.282,191.682,431,176,0
1702987200,191.642,191.822,190.682,191.722,435,176,0
1702990800,191.682,192.382,191.522,191.862,428,176,0
1702994400,191.842,192.442,191.742,192.102,356,176,0
1702998000,192.102,192.282,191.762,192.022,292,176,0
1703001600,192.002,192.022,190.962,191.682,588,176,0
1703005200,191.722,193.002,191.482,192.242,560,176,0
1703008800,192.242,192.822,192.242,192.602,173,176,0
1703066400,194.060,195.180,192.582,192.722,675,176,0
1703070000,192.742,193.402,191.662,191.862,715,176,0
1703073600,191.922,192.682,191.802,192.522,329,176,0
1703077200,192.542,193.302,192.522,193.162,301,176,0
1703080800,193.122,193.902,192.962,193.802,299,176,0
1703084400,193.782,194.762,193.782,194.422,388,176,0
1703088000,194.422,195.042,193.702,194.962,476,176,0
1703091600,194.922,195.922,194.782,195.482,510,176,0
1703095200,195.422,196.262,195.402,196.142,169,176,0
1703152800,195.060,196.982,195.060,196.662,856,176,0
1703156400,196.722,196.802,195.162,195.242,514,176,0
1703160000,195.222,195.222,193.742,193.842,515,176,0
1703163600,193.882,194.502,193.842,194.462,303,176,0
1703167200,194.442,195.022,194.082,194.802,421,176,0
1703170800,194.882,195.702,194.802,195.542,465,176,0
1703174400,195.562,195.862,193.682,193.762,552,176,0
1703178000,193.802,193.922,193.162,193.842,535,176,0
1703181600,193.802,194.202,193.782,194.142,165,176,0
1703239200,182.790,184.250,181.550,183.602,2591,176,0
1703242800,183.582,184.262,181.942,182.922,1151,176,0
1703246400,182.942,183.550,181.962,182.842,655,176,0
1703250000,182.782,183.822,182.422,182.722,531,176,0
1703253600,182.722,183.182,182.062,183.182,438,176,0
1703257200,183.222,183.962,183.022,183.122,562,176,0
1703260800,183.102,183.902,182.822,183.582,731,176,0
1703264400,183.602,184.402,183.142,184.322,667,176,0
1703268000,184.322,184.562,184.002,184.062,151,176,0
1703671200,185.450,186.222,184.660,185.402,488,176,0
1703674800,185.402,186.182,184.822,186.162,302,176,0
1703678400,186.142,186.442,184.982,184.982,234,176,0
1703682000,184.942,185.802,184.922,185.442,162,176,0
1703685600,185.442,185.862,185.142,185.742,136,176,0
1703689200,185.802,186.362,185.802,185.882,163,176,0
1703692800,185.842,186.022,184.982,184.982,252,176,0
1703696400,185.002,185.542,184.702,184.822,261,176,0
1703700000,184.762,185.422,184.762,185.422,100,176,0
1703757600,185.520,185.650,184.082,184.242,424,176,0
1703761200,184.202,184.322,183.442,183.622,287,176,0
1703764800,183.662,184.222,183.502,183.522,334,176,0
1703768400,183.442,183.662,183.202,183.342,236,176,0
1703772000,183.342,183.622,182.722,182.942,157,176,0
1703775600,182.982,183.902,182.882,183.742,269,196,0
1703779200,183.742,184.182,183.702,184.182,317,176,0
1703782800,184.182,184.222,183.442,184.082,354,176,0
1703786400,184.102,184.182,183.782,184.102,112,176,0
1703844000,184.540,185.280,184.302,184.382,337,196,0
1703847600,184.442,185.062,184.342,184.542,204,176,0
1703851200,184.602,185.022,184.322,184.862,225,176,0
1703854800,184.862,185.202,184.542,184.582,197,176,0
1703858400,184.582,184.582,184.062,184.142,214,176,0
1704189600,184.730,186.382,184.140,186.342,792,176,0
1704193200,186.402,186.462,184.822,185.582,474,176,0
1704196800,185.602,185.662,184.982,185.442,325,176,0
1704200400,185.462,185.462,183.662,184.042,445,176,0
1704204000,184.042,184.042,181.922,182.002,306,176,0
1704207600,181.982,182.282,181.422,181.682,396,176,0
1704211200,181.722,182.262,180.982,181.282,728,176,0
1704214800,181.202,182.022,180.922,181.742,677,176,0
1704218400,181.782,182.302,181.702,181.922,231,176,0
1704276000,181.070,182.330,179.522,180.642,673,176,0
1704279600,180.562,180.602,179.322,179.602,444,176,0
1704283200,179.642,179.682,177.922,178.722,525,176,0
1704286800,178.702,179.322,178.322,179.242,315,176,0
1704290400,179.282,179.282,178.002,178.162,323,176,0
1704294000,178.182,180.222,178.162,180.042,370,176,0
1704297600,180.082,180.162,178.262,178.542,775,176,0
1704301200,178.482,179.162,178.430,179.102,843,176,0
1704304800,179.062,179.242,178.642,178.882,198,176,0
1704362400,174.582,174.782,172.520,173.742,1171,176,0
1704366000,173.782,173.782,171.362,171.742,630,176,0
1704369600,171.782,171.882,170.522,171.682,713,176,0
1704373200,171.662,172.542,171.042,171.082,393,176,0
1704376800,171.082,171.662,170.622,171.342,374,176,0
1704380400,171.382,172.242,171.322,171.662,337,176,0
1704384000,171.662,172.342,171.202,172.162,582,176,0
1704387600,172.202,173.762,171.922,173.022,523,176,0
1704391200,173.042,174.162,173.022,174.002,239,176,0
1704448800,172.750,173.362,170.670,172.322,808,176,0
1704452400,172.242,172.242,170.842,171.582,459,176,0
1704456000,171.522,171.522,169.582,170.102,508,176,0
1704459600,170.082,171.042,170.002,171.002,405,176,0
1704463200,170.982,171.462,170.702,171.322,347,176,0
1704466800,171.282,171.682,170.322,171.182,639,196,0
1704470400,171.262,172.962,171.222,172.602,550,176,0
1704474000,172.780,174.302,172.670,173.882,694,176,0
1704477600,173.902,173.942,173.082,173.082,160,176,0
1704708000,173.160,173.550,171.850,172.122,812,176,0
1704711600,172.022,172.782,171.062,172.762,577,176,0
1704715200,172.722,173.542,172.462,172.882,416,176,0
1704718800,172.822,174.002,172.362,173.422,482,176,0
1704722400,173.422,174.322,173.250,173.902,280,176,0
1704726000,173.922,174.642,173.802,174.282,343,176,0
1704729600,174.342,175.922,174.342,175.902,536,176,0
1704733200,175.882,176.402,175.622,176.242,403,176,0
1704736800,176.302,176.702,176.022,176.642,219,176,0
1704794400,177.700,178.730,176.162,176.522,639,176,0
1704798000,176.482,177.322,175.962,176.982,402,176,0
1704801600,177.002,177.062,176.302,176.482,410,176,0
1704805200,176.462,176.722,176.162,176.342,265,176,0
1704808800,176.382,176.982,176.182,176.942,211,176,0
1704812400,176.942,177.442,176.582,176.682,358,176,0
1704816000,176.722,177.071,176.502,177.011,975,158,0
1704819600,177.021,177.681,176.771,177.141,1275,158,0
1704823200,177.151,178.081,177.081,177.861,549,158,0
1704880800,179.079,180.007,178.071,178.381,1228,158,0
1704884400,178.361,178.901,177.861,178.441,1235,158,0
1704888000,178.471,178.471,177.751,178.061,888,158,0
1704891600,178.101,178.111,177.691,177.921,639,158,0
1704895200,177.840,178.601,177.661,177.971,728,158,0
1704898800,177.961,178.791,177.911,178.361,845,158,0
1704902400,178.371,178.961,177.981,178.121,1403,158,0
1704906000,178.111,178.911,178.031,178.801,1252,158,0
1704909600,178.821,179.741,178.641,179.361,533,158,0
1704967200,180.451,181.781,180.371,181.281,1485,158,0
1704970800,181.301,181.661,179.342,179.602,1182,158,0
1704974400,179.582,180.002,179.522,179.902,277,176,0
1704978000,179.902,180.422,179.682,180.142,242,176,0
1704981600,180.142,180.262,179.682,179.722,253,176,0
1704985200,179.722,179.942,177.702,178.062,752,176,0
1704988800,178.102,179.682,177.962,179.242,757,176,0
1704992400,179.162,179.182,177.122,177.302,771,176,0
1704996000,177.302,177.522,177.022,177.342,211,176,0
1705053600,178.100,180.382,177.660,179.682,983,176,0
1705057200,179.662,179.842,178.702,178.742,507,176,0
1705060800,178.782,179.202,178.002,178.222,476,176,0
1705064400,178.242,178.782,177.802,178.162,407,176,0
1705068000,178.142,178.822,177.982,177.982,346,176,0
1705071600,177.902,178.562,177.762,178.302,555,176,0
1705075200,178.322,178.462,177.422,177.422,492,176,0
1705078800,177.362,177.682,177.122,177.522,746,176,0
1705082400,177.522,177.622,177.202,177.522,209,176,0
1705312800,176.760,177.842,175.802,175.862,849,196,0
1705316400,175.822,176.422,175.382,175.822,451,176,0
1705320000,175.802,176.222,175.022,175.182,371,176,0
1705323600,175.162,175.202,174.462,174.802,307,176,0
1705327200,174.802,175.322,174.722,174.882,395,176,0
1705330800,174.902,175.402,174.762,175.162,321,176,0
1705334400,175.202,175.362,174.502,174.982,387,176,0
1705338000,174.962,176.462,174.742,176.342,307,176,0
1705341600,176.302,176.482,175.922,176.022,106,176,0
1705399200,173.480,173.480,172.042,172.582,1077,176,0
1705402800,172.602,173.422,172.582,173.002,532,176,0
1705406400,172.982,173.002,172.002,172.102,403,176,0
1705410000,172.082,172.962,171.822,172.962,331,176,0
1705413600,172.942,173.082,172.242,172.342,311,176,0
1705417200,172.342,172.382,171.202,171.622,427,176,0
1705420800,171.662,171.842,170.662,171.782,618,176,0
1705424400,171.822,172.122,171.442,171.682,451,176,0
1705428000,171.742,171.742,171.142,171.502,437,176,0
1705485600,168.500,168.520,165.002,167.142,1094,176,0
1705489200,167.122,167.222,166.002,166.522,556,176,0
1705492800,166.522,166.682,166.182,166.602,383,176,0
1705496400,166.582,167.062,166.002,166.182,255,176,0
1705500000,166.182,166.542,166.162,166.402,242,176,0
1705503600,166.382,166.442,165.422,166.402,414,176,0
1705507200,166.522,166.662,165.602,165.862,439,176,0
1705510800,165.822,165.982,164.042,164.102,781,176,0
1705514400,164.122,165.362,164.122,165.282,189,176,0
1705572000,166.660,167.422,163.862,164.662,867,176,0
1705575600,164.682,165.242,163.662,163.662,507,176,0
1705579200,163.622,163.822,163.022,163.382,311,176,0
1705582800,163.462,165.302,163.442,164.842,458,176,0
1705586400,164.842,165.102,164.102,164.122,253,176,0
1705590000,164.122,164.542,163.022,163.062,333,176,0
1705593600,163.102,164.462,163.082,163.842,603,176,0
1705597200,163.902,165.322,163.722,164.082,536,176,0
1705600800,164.062,164.702,163.682,164.582,197,176,0
1705658400,166.520,166.930,164.702,165.082,815,176,0
1705662000,165.062,165.782,164.282,164.702,461,176,0
1705665600,164.742,165.402,164.222,165.202,358,176,0
1705669200,165.182,165.282,164.662,164.662,216,176,0
1705672800,164.662,165.062,164.502,165.042,187,176,0
1705676400,165.062,165.142,164.342,164.342,228,176,0
1705680000,164.342,165.222,164.182,165.202,472,176,0
1705683600,165.220,165.430,164.142,164.462,509,176,0
1705687200,164.502,164.582,164.242,164.282,128,176,0
1705917600,166.122,167.322,166.122,167.142,700,176,0
1705921200,167.062,167.162,166.462,166.642,227,176,0
1705924800,166.742,166.762,165.562,165.882,228,176,0
1705928400,165.882,166.342,165.582,165.842,217,176,0
1705932000,165.842,166.002,165.542,165.742,170,176,0
1705935600,165.702,166.062,165.602,165.962,210,176,0
1705939200,166.022,166.302,165.502,165.842,390,176,0
1705942800,165.882,166.042,165.562,165.802,262,176,0
1705946400,165.842,166.122,165.642,166.122,103,176,0
1706004000,167.830,168.382,166.922,167.642,573,176,0
1706007600,167.702,169.002,167.702,168.102,330,176,0
1706011200,168.042,168.042,167.142,167.942,251,176,0
1706014800,167.962,168.482,167.382,167.702,298,176,0
1706018400,167.710,167.782,167.442,167.602,206,176,0
1706022000,167.582,167.622,166.582,166.622,201,176,0
1706025600,166.582,166.742,166.002,166.222,484,176,0
1706029200,166.202,167.002,166.022,166.242,362,176,0
1706032800,166.302,167.182,166.302,166.782,151,176,0
1706090400,171.342,171.370,160.200,162.620,1667,176,0
1706094000,162.750,165.740,162.300,164.382,1071,176,0
1706097600,164.282,166.422,163.242,166.282,581,176,0
1706101200,166.242,167.882,165.742,167.262,502,176,0
1706104800,167.262,167.922,165.722,166.422,448,176,0
1706108400,166.402,166.522,165.762,166.002,296,176,0
1706112000,165.982,167.302,165.962,166.522,531,176,0
1706115600,166.542,166.962,164.682,165.342,454,176,0
1706119200,165.342,165.742,165.122,165.742,149,176,0
1706176800,165.310,167.002,164.780,166.142,687,176,0
1706180400,166.142,166.142,164.482,164.622,291,176,0
1706184000,164.642,164.682,163.502,164.422,257,176,0
1706187600,164.442,174.930,164.442,173.350,1240,176,0
1706191200,173.322,174.362,172.662,174.222,477,176,0
1706194800,174.262,177.422,173.722,176.822,834,176,0
1706198400,176.842,177.242,174.922,175.010,850,176,0
1706202000,175.042,175.182,173.982,174.762,761,176,0
1706205600,174.782,175.722,174.442,175.602,256,176,0
1706263200,176.160,176.330,173.142,174.842,904,176,0
1706266800,174.842,176.822,174.482,176.122,476,176,0
1706270400,176.122,177.182,176.062,176.382,465,176,0
1706274000,176.422,176.482,175.802,176.082,354,176,0
1706277600,176.122,177.182,175.802,176.902,346,176,0
1706281200,176.882,177.542,175.542,176.182,513,176,0
1706284800,176.222,177.022,175.542,176.362,553,176,0
1706288400,176.422,177.862,175.942,177.862,495,176,0
1706292000,177.862,177.922,177.222,177.302,225,176,0
1706522400,175.910,177.062,175.740,176.422,650,176,0
1706526000,176.362,176.762,175.582,176.422,408,176,0
1706529600,176.482,177.202,176.362,176.622,295,176,0
1706533200,176.642,176.682,176.262,176.462,187,176,0
1706536800,176.442,176.522,175.162,175.862,181,176,0
1706540400,175.922,176.622,175.862,176.522,292,176,0
1706544000,176.622,177.422,176.502,177.182,378,176,0
1706547600,177.162,178.062,177.002,177.842,330,176,0
1706551200,177.782,177.982,177.662,177.802,79,176,0
1706608800,178.600,178.770,177.142,177.442,639,196,0
1706612400,177.482,177.702,176.942,177.662,270,176,0
1706616000,177.682,178.062,177.282,177.382,269,176,0
1706619600,177.462,177.562,176.822,177.362,217,176,0
1706623200,177.362,178.262,177.330,177.822,225,176,0
1706626800,177.822,178.062,177.442,178.022,232,176,0
1706630400,177.922,178.362,177.742,178.122,327,176,0
1706634000,178.050,178.882,177.842,178.842,304,176,0
1706637600,178.902,179.682,178.902,179.522,102,176,0
1706695200,178.370,179.022,177.490,178.462,615,176,0
1706698800,178.522,178.522,177.182,177.462,315,176,0
1706702400,177.562,177.902,176.442,177.062,269,176,0
1706706000,177.062,177.902,177.062,177.442,235,176,0
1706709600,177.450,177.562,176.802,177.102,224,176,0
1706713200,177.162,177.222,175.922,176.142,331,176,0
1706716800,176.122,176.362,175.702,176.222,443,176,0
1706720400,176.182,176.582,175.782,175.882,450,176,0
1706724000,175.862,176.702,175.862,176.222,164,176,0
1706781600,163.650,165.860,160.130,161.210,2148,176,0
1706785200,161.122,167.022,161.070,165.982,1449,176,0
1706788800,165.902,168.102,164.962,165.782,1015,176,0
1706792400,165.762,167.970,165.422,167.950,633,176,0
1706796000,167.930,170.282,167.502,168.202,1172,176,0
1706799600,168.170,170.490,167.322,170.422,691,176,0
1706803200,170.470,173.350,170.402,172.750,1055,176,0
1706806800,172.420,175.002,171.762,172.542,1210,176,0
1706810400,172.602,172.802,171.802,172.442,479,176,0
1706868000,171.140,174.862,171.140,174.222,969,176,0
1706871600,174.262,176.842,173.962,176.842,521,176,0
1706875200,176.822,177.782,176.002,176.082,608,176,0
1706878800,176.042,176.642,175.682,176.282,450,176,0
1706882400,176.282,176.942,176.002,176.542,239,176,0
1706886000,176.522,176.522,174.702,174.982,684,176,0
1706889600,174.962,176.002,174.230,174.762,843,176,0
1706893200,174.560,176.062,174.560,175.402,576,176,0
1706896800,175.422,175.442,174.942,175.062,202,176,0
1707127200,176.310,180.082,175.220,180.022,703,176,0
1707130800,180.022,180.322,179.600,179.882,523,176,0
1707134400,179.862,180.242,178.982,179.502,481,176,0
1707138000,179.582,179.782,178.942,179.602,334,176,0
1707141600,179.570,179.602,178.742,178.922,259,176,0
1707145200,178.922,179.242,177.942,178.022,360,176,0
1707148800,178.042,178.342,176.342,176.890,574,176,0
1707152400,176.850,177.082,175.682,175.942,703,176,0
1707156000,175.842,175.902,175.162,175.442,314,176,0
1707213600,176.970,178.350,171.962,172.522,976,176,0
1707217200,172.482,174.722,172.422,174.142,610,176,0
1707220800,174.122,174.742,173.982,174.622,385,196,0
1707224400,174.582,174.702,173.002,173.582,323,176,0
1707228000,174.180,174.402,173.162,174.042,382,176,0
1707231600,174.062,175.362,173.982,175.302,335,176,0
1707235200,175.322,175.702,173.922,175.102,621,176,0
1707238800,175.082,175.642,174.822,175.302,569,176,0
1707242400,175.322,175.942,175.142,175.762,195,176,0
1707300000,175.590,176.902,175.210,176.862,573,176,0
1707303600,176.802,176.922,176.042,176.682,328,176,0
1707307200,176.682,177.762,176.622,177.042,326,176,0
1707310800,177.082,177.622,176.222,176.282,282,176,0
1707314400,176.180,176.342,175.422,176.082,289,176,0
1707318000,176.042,176.322,175.722,175.942,230,176,0
1707321600,175.922,176.042,175.242,175.422,510,176,0
1707325200,175.402,176.082,175.082,175.662,452,176,0
1707328800,175.642,175.782,175.362,175.462,151,176,0
1707386400,175.670,175.670,173.202,173.202,788,176,0
1707390000,173.242,173.642,172.562,173.202,520,176,0
1707393600,173.222,173.502,172.462,172.722,287,176,0
1707397200,172.642,172.862,171.662,172.182,329,176,0
1707400800,172.242,173.802,172.022,172.042,379,176,0
1707404400,171.942,172.322,171.642,171.982,368,176,0
1707408000,171.902,172.402,171.262,171.382,499,176,0
1707411600,171.382,172.462,171.142,172.422,449,176,0
1707415200,172.422,172.582,172.102,172.242,215,176,0
1707472800,173.710,174.742,173.170,174.582,758,176,0
1707476400,174.542,175.062,172.742,173.142,384,176,0
1707480000,173.182,173.182,172.682,172.962,253,176,0
1707483600,173.002,173.682,172.662,172.842,300,176,0
1707487200,172.882,173.642,172.882,173.162,216,176,0
1707490800,173.122,173.442,172.342,172.402,394,176,0
1707494400,172.402,172.622,171.682,171.962,378,176,0
1707498000,172.042,172.322,171.762,172.042,349,176,0
1707501600,172.002,172.102,171.742,171.742,73,176,0
1707732000,172.510,172.510,170.750,170.902,757,176,0
1707735600,170.942,171.502,170.882,171.242,290,176,0
1707739200,171.282,172.222,171.282,171.902,187,196,0
1707742800,171.882,171.942,171.102,171.522,196,176,0
1707746400,171.560,171.622,171.142,171.402,148,176,0
1707750000,171.342,171.582,170.822,170.982,194,176,0
1707753600,170.982,173.042,170.982,173.042,363,176,0
1707757200,173.062,174.182,173.062,173.902,401,176,0
1707760800,173.922,174.022,173.502,173.882,154,176,0
1707818400,173.640,174.530,172.762,172.962,586,176,0
1707822000,172.942,173.162,172.262,172.482,310,176,0
1707825600,172.462,173.002,172.262,172.902,305,176,0
1707829200,172.842,173.582,172.422,172.502,202,176,0
1707832800,172.462,172.762,172.342,172.382,184,176,0
1707836400,172.442,172.442,169.602,169.982,553,176,0
1707840000,169.862,170.562,169.562,169.722,720,176,0
1707843600,169.762,171.462,169.682,171.182,459,176,0
1707847200,171.182,171.342,170.882,171.022,145,176,0
1707904800,169.540,170.950,169.180,170.682,418,176,0
1707908400,170.622,171.102,170.502,170.862,208,176,0
1707912000,170.862,171.722,170.762,171.642,159,176,0
1707915600,171.662,171.762,171.302,171.642,191,176,0
1707919200,171.600,175.862,171.482,174.770,460,176,0
1707922800,175.010,175.330,172.142,173.042,559,176,0
1707926400,173.182,174.522,172.982,173.662,466,176,0
1707930000,173.622,175.222,173.202,174.982,415,176,0
1707933600,174.962,175.082,174.342,174.862,268,176,0
1707991200,175.960,177.802,175.580,177.102,641,176,0
1707994800,177.102,177.182,176.382,176.662,288,176,0
1707998400,176.682,177.262,176.682,176.942,185,176,0
1708002000,176.982,177.442,176.642,177.422,204,176,0
1708005600,177.410,177.410,175.782,175.822,178,176,0
1708009200,175.762,175.762,173.682,173.802,539,176,0
1708012800,173.782,174.422,173.262,174.342,412,176,0
1708016400,174.302,174.342,173.002,173.282,420,176,0
1708020000,173.322,174.042,173.262,174.042,148,176,0
1708077600,174.980,176.742,174.740,176.002,685,196,0
1708081200,176.002,177.582,175.682,176.942,403,176,0
1708084800,176.942,178.102,176.762,177.422,230,176,0
1708088400,177.442,178.082,177.282,177.922,236,176,0
1708092000,177.780,178.122,177.642,178.102,148,176,0
1708095600,178.162,178.422,177.202,178.242,288,176,0
1708099200,178.262,178.622,176.902,177.022,433,176,0
1708102800,176.920,176.982,175.922,176.122,455,176,0
1708106400,176.142,176.622,176.042,176.202,111,176,0
1708336800,175.370,176.460,175.340,176.062,364,196,0
1708340400,176.042,176.862,175.962,176.782,266,176,0
1708344000,176.742,176.822,176.062,176.562,163,196,0
1708347600,176.442,177.122,176.422,176.922,129,176,0
1708351200,176.942,177.122,176.482,176.862,119,176,0
1708354800,176.902,178.662,176.642,177.942,313,196,0
1708358400,178.062,179.122,177.802,179.122,221,176,0
1708362000,179.082,180.802,179.042,179.922,397,176,0
1708365600,179.922,180.302,179.642,179.642,109,176,0
1708423200,179.122,181.122,179.122,180.642,540,176,0
1708426800,180.622,182.322,180.442,181.582,433,176,0
1708430400,181.602,182.402,181.282,181.282,362,176,0
1708434000,181.282,181.282,180.182,180.522,287,176,0
1708437600,180.482,180.722,179.942,180.542,237,176,0
1708441200,180.502,180.782,180.002,180.342,234,176,0
1708444800,180.382,180.422,179.522,179.862,424,176,0
1708448400,179.862,181.442,179.742,181.422,410,176,0
1708452000,181.422,181.602,181.122,181.422,144,176,0
1708509600,181.600,182.980,181.600,182.142,430,176,0
1708513200,182.202,183.062,182.022,182.322,349,176,0
1708516800,182.342,183.462,182.322,182.962,296,176,0
1708520400,182.962,183.622,182.862,183.502,261,176,0
1708524000,183.500,183.722,182.902,183.142,281,176,0
1708527600,183.182,183.282,181.602,181.662,260,176,0
1708531200,181.622,182.002,181.142,181.882,453,176,0
1708534800,181.902,182.002,181.122,181.162,297,176,0
1708538400,181.202,181.762,181.202,181.422,82,176,0
1708596000,183.140,184.802,182.702,183.082,856,176,0
1708599600,183.102,184.022,183.082,183.642,421,176,0
1708603200,183.642,183.822,183.082,183.802,292,176,0
1708606800,183.722,185.442,183.682,185.302,334,176,0
1708610400,185.302,186.622,185.222,186.302,300,176,0
1708614000,186.302,186.342,185.542,185.742,332,176,0
1708617600,185.762,187.802,185.702,187.282,456,176,0
1708621200,187.302,187.682,186.582,187.682,496,176,0
1708624800,187.662,188.082,187.302,187.762,211,176,0
1708682400,187.270,188.142,187.070,187.982,460,176,0
1708686000,188.082,188.522,187.462,187.862,308,176,0
1708689600,187.882,188.362,187.522,187.642,292,176,0
1708693200,187.662,188.262,187.502,188.082,210,176,0
1708696800,188.210,188.942,188.062,188.942,242,176,0
1708700400,188.922,189.422,188.802,188.862,262,176,0
1708704000,188.942,189.842,188.822,189.642,328,176,0
1708707600,189.642,189.782,188.562,188.622,343,176,0
1708711200,188.642,188.742,187.902,188.502,211,176,0
1708941600,187.730,188.662,187.350,187.922,421,176,0
1708945200,187.942,189.830,187.462,188.262,411,176,0
1708948800,188.282,189.042,187.922,188.242,259,176,0
1708952400,188.282,188.802,188.062,188.762,191,176,0
1708956000,188.750,189.102,188.622,189.082,198,176,0
1708959600,189.102,189.482,188.922,189.202,219,176,0
1708963200,189.242,190.082,188.702,190.082,371,176,0
1708966800,190.022,190.122,188.662,188.882,332,176,0
1708970400,188.882,188.942,188.122,188.382,137,176,0
1709028000,188.500,188.622,187.090,188.322,609,176,0
1709031600,188.262,188.582,188.042,188.562,288,176,0
1709035200,188.522,189.042,187.942,188.022,313,176,0
1709038800,188.022,188.802,187.962,188.702,206,176,0
1709042400,188.670,189.902,188.582,189.542,321,176,0
1709046000,189.562,189.702,188.322,188.342,355,176,0
1709049600,188.302,188.802,186.882,186.882,559,176,0
1709053200,186.882,188.802,185.762,188.462,575,176,0
1709056800,188.482,188.482,187.922,188.342,141,176,0
1709114400,188.600,189.902,188.510,189.662,601,176,0
1709118000,189.622,189.742,188.302,188.702,499,176,0
1709121600,188.662,189.662,188.542,189.662,343,176,0
1709125200,189.642,189.902,189.382,189.442,252,176,0
1709128800,189.400,189.842,189.082,189.442,225,176,0
1709132400,189.382,189.642,188.762,189.082,256,176,0
1709136000,189.082,189.382,188.562,188.602,419,176,0
1709139600,188.562,188.962,188.442,188.782,297,176,0
1709143200,188.802,189.842,188.802,189.622,153,176,0
1709200800,190.130,191.270,188.682,189.802,617,176,0
1709204400,189.802,189.942,189.282,189.502,341,176,0
1709208000,189.502,189.522,188.322,188.362,265,176,0
1709211600,188.362,189.142,188.282,188.442,225,176,0
1709215200,188.422,188.622,187.922,188.122,203,176,0
1709218800,188.122,188.622,187.482,188.302,426,176,0
1709222400,188.362,189.102,187.842,188.022,479,176,0
1709226000,188.062,188.402,187.322,187.382,340,176,0
1709229600,187.422,187.842,187.402,187.602,142,176,0
1709287200,187.770,188.940,187.230,187.522,602,176,0
1709290800,187.522,188.462,187.122,188.222,474,176,0
1709294400,188.242,188.342,187.082,187.242,417,176,0
1709298000,187.302,188.622,187.282,188.242,284,176,0
1709301600,188.440,188.440,187.122,187.902,238,176,0
1709305200,187.902,188.142,187.342,187.742,322,176,0
1709308800,187.702,188.202,186.230,186.230,462,176,0
1709312400,186.380,187.322,186.380,187.242,390,176,0
1709316000,187.182,187.322,186.722,187.142,136,176,0
1709546400,186.430,187.942,185.742,186.422,479,176,0
1709550000,186.442,187.302,186.202,186.202,257,196,0
1709553600,186.162,186.182,184.962,185.442,293,176,0
1709557200,185.482,185.602,184.622,185.382,195,176,0
1709560800,185.370,186.222,185.220,186.022,271,176,0
1709564400,185.962,186.742,185.802,186.022,241,176,0
1709568000,186.022,186.022,184.762,185.142,280,176,0
1709571600,185.142,185.202,184.382,184.842,217,176,0
1709575200,184.822,185.262,184.762,184.862,79,176,0
1709632800,182.980,183.362,181.942,182.842,548,176,0
1709636400,182.782,183.642,182.642,183.442,380,176,0
1709640000,183.442,184.162,183.322,183.862,215,176,0
1709643600,183.902,184.022,183.442,183.802,170,176,0
1709647200,183.720,184.162,182.822,183.182,243,176,0
1709650800,183.222,183.682,182.942,183.062,282,176,0
1709654400,183.122,185.262,183.022,184.590,412,176,0
1709658000,184.642,185.310,183.482,183.482,457,176,0
1709661600,183.542,184.762,183.502,184.742,157,176,0
1709719200,184.280,185.602,183.550,184.742,468,176,0
1709722800,184.702,187.302,184.582,186.202,334,176,0
1709726400,186.222,186.682,185.562,185.762,231,196,0
1709730000,185.742,188.770,182.220,183.730,628,176,0
1709733600,184.042,192.700,184.042,192.670,914,176,0
1709737200,192.480,193.642,188.860,189.042,809,176,0
1709740800,188.982,189.802,185.922,186.260,605,176,0
1709744400,186.370,186.902,184.362,185.542,787,176,0
1709748000,185.522,186.122,184.962,186.122,208,176,0
1709805600,184.270,184.460,180.702,182.822,875,176,0
1709809200,182.902,183.042,181.562,182.482,621,176,0
1709812800,182.542,184.802,182.502,184.142,449,176,0
1709816400,184.202,184.422,182.962,184.082,289,176,0
1709820000,183.950,185.342,183.950,184.542,298,176,0
1709823600,184.562,187.262,184.102,186.542,715,176,0
1709827200,186.642,187.082,185.582,186.882,795,176,0
1709830800,186.822,187.862,186.582,187.542,594,176,0
1709834400,187.562,188.362,187.542,188.182,249,176,0
1709892000,189.180,191.022,188.762,190.922,586,176,0
1709895600,190.902,191.442,190.182,190.202,510,176,0
1709899200,190.282,190.662,188.422,188.542,387,176,0
1709902800,188.602,189.022,187.842,188.362,255,176,0
1709906400,188.410,189.082,187.942,189.082,263,176,0
1709910000,189.042,190.682,188.982,190.162,507,176,0
1709913600,190.182,190.622,189.022,189.222,484,176,0
1709917200,189.242,189.542,188.962,189.122,252,176,0
1709920800,189.122,189.122,188.702,188.702,166,176,0
1710151200,188.160,188.160,185.842,186.342,647,176,0
1710154800,186.422,187.262,185.542,186.082,351,176,0
1710158400,186.062,187.242,185.822,187.022,218,176,0
1710162000,187.042,187.722,186.982,187.362,240,176,0
1710165600,187.442,187.942,187.182,187.802,275,176,0
1710169200,187.722,188.642,187.682,187.842,367,176,0
1710172800,187.822,187.882,187.042,187.362,387,176,0
1710176400,187.362,187.862,187.202,187.782,260,176,0
1710180000,187.762,188.422,187.642,188.402,149,176,0
1710237600,190.760,192.842,190.450,192.342,608,176,0
1710241200,192.442,192.842,191.502,191.782,401,176,0
1710244800,191.742,192.102,190.662,191.602,346,176,0
1710248400,191.502,192.142,191.262,191.682,191,176,0
1710252000,191.630,192.162,190.122,191.062,562,176,0
1710255600,191.122,191.942,189.822,190.862,490,176,0
1710259200,190.822,191.022,190.162,190.242,366,176,0
1710262800,190.242,192.582,190.222,192.342,454,176,0
1710266400,192.362,192.462,191.822,192.410,215,176,0
1710324000,192.840,195.002,184.860,187.770,1047,176,0
1710327600,187.810,192.862,187.602,192.250,803,176,0
1710331200,192.150,193.640,191.030,192.780,619,176,0
1710334800,192.980,193.810,191.820,192.440,578,176,0
1710338400,192.370,193.602,192.102,193.080,320,176,0
1710342000,192.840,193.330,191.980,192.902,448,176,0
1710345600,192.882,194.842,191.900,194.842,649,176,0
1710349200,194.930,200.580,194.770,199.902,901,176,0
1710352800,199.920,201.380,198.800,199.690,413,176,0
1710410400,201.630,203.155,200.255,202.230,394,206,0
1710414000,202.330,206.322,202.180,206.280,496,206,0
1710417600,206.380,208.680,205.630,206.780,517,206,0
1710421200,206.730,208.230,205.905,207.680,292,206,0
1710424800,207.780,208.272,206.172,207.680,328,206,0
1710428400,207.680,207.780,204.905,205.880,440,206,0
1710432000,205.155,207.280,204.605,206.472,488,206,0
1710435600,206.530,207.322,205.380,206.730,379,206,0
1710439200,206.672,206.672,205.872,206.580,182,206,0
1710496800,206.130,206.905,205.230,205.880,188,206,0
1710500400,205.822,207.030,205.480,206.830,142,206,0
1710504000,206.772,207.030,206.355,206.822,132,206,0
1710507600,206.630,206.772,205.872,206.080,92,206,0
1710511200,206.272,206.572,205.830,206.180,111,206,0
1710514800,206.330,206.430,205.530,206.105,144,206,0
1710518400,206.222,207.722,206.222,206.722,189,206,0
1710522000,206.772,206.772,205.780,206.022,124,206,0
1710525600,206.072,206.222,204.780,205.022,92,206,0
1710756000,204.830,204.830,200.680,202.230,272,206,0
1710759600,202.222,202.422,201.080,201.430,210,206,0
1710763200,201.430,201.522,200.272,200.380,158,206,0
1710766800,200.480,200.530,200.022,200.130,123,206,0
1710770400,200.080,200.280,199.002,199.582,203,176,0
1710774000,199.582,200.222,199.482,199.690,287,176,0
1710777600,199.682,199.930,199.322,199.862,369,176,0
1710781200,199.922,200.280,199.762,199.922,142,176,0
1710784800,199.862,200.080,199.642,200.080,98,176,0
1710842400,200.980,201.155,200.080,200.730,201,206,0
1710846000,200.822,201.730,200.680,200.972,124,206,0
1710849600,200.930,201.130,200.330,200.922,92,206,0
1710853200,200.880,200.980,200.680,200.872,64,206,0
1710856800,200.730,201.522,200.680,201.372,97,206,0
1710860400,201.272,201.380,200.280,200.430,88,206,0
1710864000,200.430,200.980,200.130,200.780,99,206,0
1710867600,200.780,201.330,200.780,201.322,43,206,0
1710871200,201.272,201.322,201.022,201.072,30,206,0
1710928800,199.300,201.455,198.622,199.222,455,196,0
1710932400,199.262,200.272,199.202,199.902,313,176,0
1710936000,199.862,200.180,199.442,199.682,168,176,0
1710939600,199.742,200.022,199.682,199.842,90,176,0
1710943200,199.880,200.022,199.422,200.022,157,176,0
1710946800,199.980,200.130,199.662,200.072,123,176,0
1710950400,199.972,200.580,199.402,200.272,141,176,0
1710954000,200.230,200.230,199.662,199.702,126,176,0
1710957600,199.722,199.922,199.662,199.902,109,176,0
1711015200,201.480,201.872,200.280,200.880,191,206,0
1711018800,200.780,201.930,200.630,201.172,156,206,0
1711022400,201.230,201.272,199.422,200.230,205,176,0
1711026000,200.272,200.480,199.242,200.330,168,176,0
1711029600,200.405,200.430,199.162,199.742,340,176,0
1711033200,199.662,200.330,199.282,199.980,251,176,0
1711036800,199.980,200.072,199.122,199.902,388,176,0
1711040400,199.930,200.422,197.602,197.862,380,176,0
1711044000,197.762,199.162,196.342,198.442,498,176,0
1711101600,194.230,199.022,194.230,197.642,773,176,0
1711105200,197.662,198.422,196.602,197.482,532,176,0
1711108800,197.442,198.582,197.362,198.422,396,176,0
1711112400,198.482,199.002,198.222,198.862,388,176,0
1711116000,198.820,201.222,198.382,201.222,304,176,0
1711119600,201.272,201.322,199.222,199.642,354,176,0
1711123200,199.662,200.580,199.522,199.762,188,196,0
1711126800,199.822,201.622,199.762,200.472,141,196,0
1711130400,200.422,200.872,199.930,200.180,74,206,0
1711360800,199.690,199.980,199.380,199.742,168,176,0
1711364400,199.642,199.862,198.682,198.842,269,176,0
1711368000,198.882,199.882,198.322,199.622,265,176,0
1711371600,199.542,200.122,199.542,199.980,155,196,0
1711375200,199.960,201.072,199.902,201.030,82,206,0
1711378800,201.080,203.030,201.080,202.580,150,206,0
1711382400,202.630,204.022,202.480,203.772,145,206,0
1711386000,203.872,204.030,203.272,203.480,92,206,0
1711389600,203.380,203.922,203.380,203.630,28,206,0
1711447200,203.505,204.780,203.505,204.072,145,206,0
1711450800,203.880,204.330,203.822,204.080,59,206,0
1711454400,204.022,204.372,203.580,203.722,86,206,0
1711458000,203.772,204.372,203.380,204.280,68,206,0
1711461600,204.255,204.330,203.530,204.172,74,206,0
1711465200,204.172,205.230,204.072,204.972,90,206,0
1711468800,204.830,205.072,204.180,204.672,102,206,0
1711472400,204.580,204.922,204.372,204.880,52,206,0
1711476000,204.822,204.972,204.230,204.380,40,206,0
1711533600,204.505,205.772,203.972,205.230,159,206,0
1711537200,205.322,205.580,204.680,205.080,117,206,0
1711540800,205.230,205.872,204.930,205.722,77,206,0
1711544400,205.780,206.730,205.772,206.730,69,206,0
1711548000,206.705,207.222,206.672,207.072,67,206,0
1711551600,207.130,208.022,207.080,207.772,88,206,0
1711555200,207.830,208.472,206.872,207.380,127,206,0
1711558800,207.372,207.372,204.872,204.930,108,206,0
1711562400,204.972,205.372,204.372,204.722,79,206,0
1711620000,206.655,207.972,205.305,206.180,190,206,0
1711623600,206.155,206.772,205.280,206.522,112,206,0
1711627200,206.622,206.922,206.330,206.572,69,206,0
1711630800,206.472,206.830,206.180,206.372,66,206,0
1711634400,206.280,207.230,206.122,206.822,109,206,0
1711638000,206.722,206.880,206.030,206.830,89,206,0
1711641600,206.780,207.522,206.780,206.930,72,206,0
1711645200,207.022,207.122,206.322,206.422,53,206,0
1711648800,206.372,207.330,206.272,207.280,42,206,0
1712052000,206.780,207.830,204.830,205.180,111,240,0
1712055600,205.180,205.730,204.230,204.530,82,240,0
1712059200,204.580,204.780,204.030,204.230,39,240,0
1712062800,204.130,204.330,203.680,204.280,34,240,0
1712066400,204.380,205.130,204.380,204.630,26,240,0
1712070000,204.630,205.230,204.180,204.180,29,240,0
1712073600,204.380,204.380,201.780,203.130,74,240,0
1712077200,203.180,203.830,202.530,202.530,59,240,0
1712080800,202.530,202.530,201.430,201.580,27,240,0
1712138400,203.130,203.680,200.330,201.680,119,240,0
1712142000,201.580,202.780,201.530,202.680,50,240,0
1712145600,202.680,202.880,201.930,202.130,28,240,0
1712149200,202.030,202.080,201.480,201.980,26,240,0
1712152800,201.830,202.030,201.530,201.680,28,240,0
1712156400,201.430,201.580,200.330,200.330,32,240,0
1712160000,200.430,200.930,200.330,200.930,40,240,0
1712163600,200.880,201.580,200.730,201.030,46,240,0
1712167200,201.030,201.630,201.030,201.530,18,240,0
1712224800,200.730,201.130,200.280,200.680,58,240,0
1712228400,200.680,201.230,200.230,200.530,36,240,0
1712232000,200.530,201.480,200.280,201.180,31,240,0
1712235600,201.230,202.080,201.030,202.080,20,240,0
1712239200,201.880,202.080,201.430,201.830,24,240,0
1712242800,201.930,202.580,201.580,202.530,32,240,0
1712246400,202.280,202.780,201.630,201.630,31,240,0
1712250000,201.680,203.030,201.680,202.830,34,240,0
1712253600,202.930,202.930,202.430,202.530,24,240,0
1712311200,199.930,201.080,198.830,200.480,126,206,0
1712314800,200.580,200.580,199.480,199.630,89,206,0
1712318400,199.480,199.680,199.180,199.422,117,206,0
1712322000,199.480,199.930,199.430,199.730,97,206,0
1712325600,199.680,200.030,199.380,199.380,74,206,0
1712329200,199.430,200.180,199.230,199.905,177,206,0
1712332800,199.980,203.230,199.980,200.730,148,240,0
1712336400,200.830,201.730,200.480,201.730,63,240,0
1712340000,201.630,201.930,201.380,201.430,38,240,0
1712570400,200.930,202.480,200.880,201.680,60,240,0
1712574000,201.580,202.580,201.580,202.130,35,240,0
1712577600,201.980,202.980,201.730,202.880,43,240,0
1712581200,202.630,202.630,202.130,202.330,21,240,0
1712584800,202.280,203.330,202.030,203.330,29,240,0
1712588400,203.330,203.980,203.330,203.830,29,240,0
1712592000,203.730,204.130,202.980,204.030,28,240,0
1712595600,203.480,203.830,203.330,203.630,27,240,0
1712599200,203.530,204.080,203.530,204.080,18,240,0
1712656800,203.630,203.830,202.380,202.680,59,240,0
1712660400,202.780,203.130,202.480,203.030,27,240,0
1712664000,202.780,203.780,202.780,203.630,27,240,0
1712667600,203.630,203.930,202.480,203.380,28,240,0
1712671200,203.480,203.530,203.030,203.230,22,240,0
1712674800,203.430,203.580,203.180,203.180,22,240,0
1712678400,202.330,202.680,200.380,200.830,34,240,0
1712682000,200.730,201.180,200.130,200.930,56,240,0
1712685600,200.880,201.030,200.630,200.930,36,240,0
1712743200,202.080,204.130,201.680,203.480,82,240,0
1712746800,203.730,204.230,202.880,203.130,51,240,0
1712750400,203.130,203.730,202.780,202.780,23,240,0
1712754000,203.130,203.330,202.830,203.330,29,240,0
1712757600,203.480,203.830,202.730,202.880,34,240,0
1712761200,202.730,202.730,199.830,200.180,142,240,0
1712764800,200.080,200.280,198.955,200.080,422,206,0
1712768400,199.980,201.230,199.430,200.130,80,206,0
1712772000,200.030,200.230,199.630,200.130,55,206,0
1712829600,199.930,201.480,199.805,200.780,65,240,0
1712833200,200.980,201.330,200.180,200.380,49,240,0
1712836800,200.030,200.330,199.430,199.830,34,240,0
1712840400,199.822,200.180,199.530,200.130,80,206,0
1712844000,199.930,199.980,198.730,198.930,149,206,0
1712847600,198.880,200.980,198.605,200.580,216,206,0
1712851200,200.780,201.530,200.280,200.280,64,240,0
1712854800,200.130,200.130,198.372,198.422,232,206,0
1712858400,198.472,199.230,198.472,199.080,50,206,0
1712916000,200.780,201.530,200.380,200.930,76,240,0
1712919600,200.980,200.980,200.130,200.530,29,240,0
1712923200,200.330,200.880,199.672,199.830,45,206,0
1712926800,199.730,199.830,198.855,199.230,111,206,0
1712930400,199.130,199.480,198.730,198.730,89,206,0
1712934000,198.680,199.030,195.830,195.830,186,206,0
1712937600,195.730,196.730,195.355,196.105,324,206,0
1712941200,195.905,196.380,195.330,195.330,368,206,0
1712944800,195.380,195.930,195.330,195.830,65,206,0
1713175200,200.730,203.980,200.005,203.630,189,240,0
1713178800,203.780,205.580,203.780,204.480,90,240,0
1713182400,204.530,205.780,204.280,204.380,59,240,0
1713186000,203.980,203.980,202.580,202.930,39,240,0
1713189600,202.780,203.130,202.630,202.730,38,240,0
1713193200,202.880,205.380,202.430,205.380,87,240,0
1713196800,205.480,206.430,204.630,205.780,58,240,0
1713200400,205.580,206.030,204.580,204.980,103,240,0
1713204000,204.730,204.730,203.730,204.030,35,240,0
1713261600,201.130,202.530,200.980,202.280,148,240,0
1713265200,202.180,202.780,201.780,202.280,68,240,0
1713268800,202.080,202.780,201.630,201.630,37,240,0
1713272400,201.730,201.830,201.280,201.630,29,240,0
1713276000,201.680,204.180,201.680,203.780,54,240,0
1713279600,203.830,203.980,203.030,203.180,43,240,0
1713283200,203.080,203.080,201.080,201.480,69,240,0
1713286800,201.630,202.330,201.630,201.830,56,240,0
1713290400,201.580,202.030,201.580,202.030,25,240,0
1713348000,210.780,216.980,210.630,216.080,278,240,0
1713351600,215.830,216.130,214.430,214.430,129,240,0
1713355200,214.180,219.230,214.180,218.930,218,240,0
1713358800,219.080,219.630,216.730,217.780,120,240,0
1713362400,217.880,219.330,216.580,217.880,98,240,0
1713366000,217.780,219.530,217.730,218.580,75,240,0
1713369600,218.780,221.230,218.780,220.130,115,240,0
1713373200,220.080,221.530,219.830,220.430,87,240,0
1713376800,220.230,220.530,219.130,220.030,52,240,0
1713434400,219.830,221.330,219.030,220.580,160,240,0
1713438000,220.380,221.030,218.930,219.030,89,240,0
1713441600,219.980,220.630,219.180,220.630,61,240,0
1713445200,220.380,220.730,219.330,220.380,45,240,0
1713448800,220.480,221.380,220.230,221.380,47,240,0
1713452400,221.380,222.530,220.980,222.330,64,240,0
1713456000,222.580,223.580,221.930,223.180,79,240,0
1713459600,223.280,225.130,223.080,225.030,89,240,0
1713463200,225.130,225.630,224.630,225.580,43,240,0
1713520800,225.130,226.780,223.580,225.180,186,240,0
1713524400,225.130,225.630,223.380,223.380,107,240,0
1713528000,224.030,225.730,223.680,225.030,85,240,0
1713531600,224.780,225.230,223.780,224.280,67,240,0
1713535200,224.680,226.980,224.680,225.030,101,240,0
1713538800,225.280,225.430,224.430,225.030,48,240,0
1713542400,224.930,225.380,224.330,225.030,69,240,0
1713546000,224.880,225.430,224.530,224.630,63,240,0
1713549600,224.630,224.930,224.530,224.730,30,240,0
1713780000,226.630,227.280,224.780,225.330,108,240,0
1713783600,225.230,226.280,224.930,225.380,64,240,0
1713787200,225.280,225.730,224.830,225.380,33,240,0
1713790800,225.330,226.180,225.130,225.330,44,240,0
1713794400,225.480,225.580,224.830,224.830,38,240,0
1713798000,225.130,225.880,224.680,225.730,26,240,0
1713801600,225.980,225.980,224.530,224.530,42,240,0
1713805200,224.680,224.980,223.130,223.130,65,240,0
1713808800,223.230,223.930,222.630,223.030,43,240,0
1713866400,225.480,225.480,224.080,224.530,95,240,0
1713870000,224.480,225.580,224.230,225.430,46,240,0
1713873600,225.280,225.380,224.480,224.730,47,240,0
1713877200,224.830,225.180,224.480,225.180,26,240,0
1713880800,225.330,225.580,224.680,224.830,29,240,0
1713884400,225.230,225.580,224.930,225.480,28,240,0
1713888000,225.480,226.680,225.130,226.180,39,240,0
1713891600,226.030,226.830,225.980,226.630,43,240,0
1713895200,226.430,227.630,226.430,227.180,29,240,0
1713952800,229.480,231.080,228.830,229.680,159,240,0
1713956400,229.580,230.530,229.530,229.730,70,240,0
1713960000,229.680,230.430,229.530,230.130,39,240,0
1713963600,230.280,230.580,229.730,230.080,36,240,0
1713967200,230.080,230.630,230.080,230.230,38,240,0
1713970800,230.430,230.830,229.180,229.180,46,240,0
1713974400,228.980,229.230,228.180,228.830,55,240,0
1713978000,228.980,229.080,227.430,227.530,45,240,0
1713981600,227.630,227.830,226.630,227.330,38,240,0
1714039200,227.530,227.780,226.180,226.880,128,240,0
1714042800,226.830,227.830,226.830,227.530,61,240,0
1714046400,227.480,227.930,227.030,227.930,38,240,0
1714050000,227.830,227.830,226.730,226.730,29,240,0
1714053600,226.930,227.930,226.680,227.630,34,240,0
1714057200,227.630,227.630,226.080,226.480,73,240,0
1714060800,226.580,227.080,224.730,224.730,86,240,0
1714064400,224.780,226.430,224.430,226.430,67,240,0
1714068000,226.430,227.030,226.130,226.330,32,240,0
1714125600,228.030,228.430,224.780,224.980,119,240,0
1714129200,224.880,226.230,224.780,225.830,50,240,0
1714132800,225.880,226.830,225.630,226.730,40,240,0
1714136400,226.630,227.030,226.280,226.480,25,240,0
1714140000,226.580,227.480,226.580,227.180,37,240,0
1714143600,227.380,227.980,226.480,226.780,94,240,0
1714147200,227.080,229.280,226.780,229.080,60,240,0
1714150800,229.080,230.280,228.780,229.730,72,240,0
1714154400,229.930,230.330,229.930,230.130,18,240,0
1714384800,230.730,232.880,230.730,232.880,90,240,0
1714388400,232.780,233.030,232.630,232.780,34,240,0
1714392000,232.880,232.980,231.130,231.330,35,240,0
1714395600,231.130,232.980,231.130,232.830,41,240,0
1714399200,232.830,233.080,232.430,233.080,50,240,0
1714402800,233.030,233.780,232.480,232.630,46,240,0
1714406400,232.580,232.580,230.980,231.930,59,240,0
1714410000,232.030,232.530,231.230,232.330,48,240,0
1714413600,232.380,232.630,231.980,232.630,23,240,0
1714471200,231.980,231.980,228.380,229.680,152,240,0
1714474800,229.680,230.330,228.230,228.580,81,240,0
1714478400,228.680,230.030,227.580,229.180,82,240,0
1714482000,229.130,229.380,228.330,229.280,49,240,0
1714485600,229.180,229.230,228.180,228.480,42,240,0
1714489200,228.580,228.980,227.780,228.080,73,240,0
1714492800,228.080,231.280,227.580,230.680,126,240,0
1714496400,230.780,231.130,227.030,227.480,132,240,0
1714500000,227.280,227.380,224.930,225.380,96,240,0
1714644000,226.830,227.030,222.780,223.780,191,240,0
1714647600,223.880,224.680,223.130,223.380,66,240,0
1714651200,223.780,224.230,222.980,224.180,48,240,0
1714654800,224.130,224.730,223.780,224.080,31,240,0
1714658400,223.930,224.180,223.380,223.580,45,240,0
1714662000,223.630,224.130,223.230,223.730,29,240,0
1714665600,223.930,224.080,223.680,223.930,31,240,0
1714669200,224.030,224.130,222.380,223.630,30,240,0
1714672800,223.430,224.130,223.430,223.830,24,240,0
1714730400,225.530,225.530,222.530,224.030,111,240,0
1714734000,223.880,224.730,223.880,224.180,42,240,0
1714737600,224.130,224.830,223.930,224.530,35,240,0
1714741200,224.430,224.930,223.930,224.080,52,240,0
1714744800,224.180,224.530,223.830,224.430,25,240,0
1714748400,224.430,226.680,224.430,225.430,72,240,0
1714752000,225.330,225.630,224.430,225.080,68,240,0
1714755600,225.330,225.430,224.730,225.330,69,240,0
1714759200,225.430,225.530,224.730,224.730,27,240,0
1714989600,224.630,225.630,224.430,224.630,57,240,0
1714993200,224.730,224.930,224.630,224.630,25,240,0
1714996800,224.630,224.730,224.130,224.280,23,240,0
1715000400,224.330,225.580,224.330,225.330,43,240,0
1715004000,225.180,225.830,225.180,225.330,27,240,0
1715007600,225.330,225.930,225.230,225.580,29,240,0
1715011200,225.530,225.530,224.330,224.330,39,240,0
1715014800,224.930,225.130,224.430,224.730,36,240,0
1715018400,224.830,224.930,224.430,224.830,16,240,0
1715076000,226.730,226.830,223.180,224.180,100,240,0
1715079600,223.980,224.130,220.730,221.780,113,240,0
1715083200,221.830,222.780,221.280,221.280,74,240,0
1715086800,221.330,221.880,220.980,221.430,55,240,0
1715090400,221.380,222.580,221.180,222.330,42,240,0
1715094000,222.480,222.680,222.180,222.430,33,240,0
1715097600,222.480,223.630,221.480,221.480,45,240,0
1715101200,221.580,223.080,221.580,222.430,51,240,0
1715104800,222.430,222.930,222.330,222.480,21,240,0
1715162400,222.430,224.130,222.280,222.930,126,240,0
1715166000,222.730,223.330,222.530,222.630,51,240,0
1715169600,222.730,223.230,222.130,222.130,30,240,0
1715173200,222.180,222.780,222.180,222.680,21,240,0
1715176800,222.280,222.280,221.930,221.930,22,240,0
1715180400,221.930,221.980,220.780,221.080,33,240,0
1715184000,220.980,223.680,220.980,222.330,84,240,0
1715187600,222.280,222.480,221.380,221.930,41,240,0
1715191200,222.030,222.180,221.730,221.780,15,240,0
1715248800,220.980,221.030,219.780,220.080,99,240,0
1715252400,220.030,220.730,220.030,220.730,29,240,0
1715256000,220.730,221.930,220.630,221.830,40,240,0
1715259600,222.030,222.730,221.830,222.430,31,240,0
1715263200,222.380,223.130,222.380,222.580,31,240,0
1715266800,222.780,223.030,222.530,222.630,35,240,0
1715270400,222.830,222.930,222.380,222.730,32,240,0
1715274000,222.830,223.330,222.730,222.730,40,240,0
1715277600,222.830,222.930,222.630,222.830,12,240,0
1715335200,224.980,225.130,222.930,223.230,71,240,0
1715338800,223.430,224.280,223.030,224.280,34,240,0
1715342400,224.180,224.280,223.330,223.830,41,240,0
1715346000,223.730,223.980,223.030,223.080,31,240,0
1715349600,222.880,223.930,222.880,223.630,35,240,0
1715353200,223.630,224.230,223.630,223.930,26,240,0
1715356800,224.030,224.530,223.630,223.980,41,240,0
1715360400,223.880,224.630,223.680,223.930,55,240,0
1715364000,223.730,223.930,223.430,223.580,36,240,0
1715594400,223.980,226.180,223.980,225.380,79,240,0
1715598000,225.830,226.030,225.030,225.130,29,240,0
1715601600,225.030,226.330,225.030,226.030,28,240,0
1715605200,226.030,226.030,224.780,224.830,31,240,0
1715608800,224.680,225.130,224.630,225.130,21,240,0
1715612400,225.130,225.130,224.430,224.630,23,240,0
1715616000,224.480,224.630,224.180,224.530,32,240,0
1715619600,224.630,224.630,223.830,223.880,21,240,0
1715623200,223.980,224.380,223.730,224.230,13,240,0
1715680800,225.380,225.430,224.280,224.880,68,240,0
1715684400,224.830,225.030,224.430,224.730,28,240,0
1715688000,224.880,225.780,224.580,225.780,24,240,0
1715691600,225.830,225.980,225.430,225.980,17,240,0
1715695200,226.030,226.130,225.730,225.830,21,240,0
1715698800,225.980,226.680,225.330,225.530,60,240,0
1715702400,225.830,227.480,225.630,227.230,46,240,0
1715706000,226.730,226.730,225.830,225.930,39,240,0
1715709600,225.930,226.530,225.930,226.230,13,240,0
1715767200,226.980,228.230,226.830,228.030,56,240,0
1715770800,227.830,229.230,227.830,228.730,51,240,0
1715774400,228.930,229.830,228.580,229.430,33,240,0
1715778000,229.380,230.330,229.330,230.230,34,240,0
1715781600,230.130,230.630,228.530,228.680,52,240,0
1715785200,228.930,231.180,228.930,228.980,74,240,0
1715788800,229.230,231.030,229.230,230.330,72,240,0
1715792400,230.730,231.030,229.980,230.830,48,240,0
1715796000,230.930,231.530,230.930,231.030,32,240,0
1715853600,231.630,232.680,231.030,231.030,81,240,0
1715857200,231.130,232.130,230.930,231.880,61,240,0
1715860800,231.930,232.030,231.530,231.530,28,240,0
1715864400,231.330,231.330,230.680,231.080,28,240,0
1715868000,231.180,231.380,227.230,229.880,102,240,0
1715871600,229.930,230.480,229.180,229.380,29,240,0
1715875200,229.280,230.380,229.180,229.930,43,240,0
1715878800,229.930,230.130,229.280,229.930,40,240,0
1715882400,229.930,230.130,229.230,229.280,27,240,0
1715940000,228.480,229.730,228.480,229.230,60,240,0
1715943600,229.280,229.680,228.680,228.880,42,240,0
1715947200,229.080,229.430,228.630,229.280,45,240,0
1715950800,229.430,229.630,228.680,228.730,26,240,0
1715954400,228.630,229.630,228.630,228.930,20,240,0
1715958000,228.930,229.430,228.830,228.830,31,240,0
1715961600,228.830,229.280,228.630,229.130,35,240,0
1715965200,229.330,229.430,229.030,229.130,31,240,0
1715968800,229.030,229.330,228.880,229.030,22,240,0
1716199200,228.730,228.930,227.980,228.530,38,240,0
1716202800,228.530,228.630,228.430,228.530,16,240,0
1716206400,228.430,228.530,227.980,228.030,17,240,0
1716210000,228.080,228.530,227.730,228.530,16,240,0
1716213600,228.680,228.880,227.930,228.030,27,240,0
1716217200,228.180,228.180,227.530,227.530,24,240,0
1716220800,227.730,227.930,227.030,227.530,37,240,0
1716224400,227.530,228.030,226.830,226.930,36,240,0
1716228000,227.180,227.180,226.930,227.130,22,240,0
1716285600,227.330,227.830,226.630,226.630,53,240,0
1716289200,226.530,226.780,225.330,225.330,35,240,0
1716292800,225.330,225.530,224.630,224.730,23,240,0
1716296400,224.930,226.380,224.930,226.380,42,240,0
1716300000,226.180,226.830,225.880,226.230,35,240,0
1716303600,226.230,226.230,225.630,225.730,20,240,0
1716307200,225.630,226.130,225.480,226.130,40,240,0
1716310800,226.130,227.330,226.030,227.330,49,240,0
1716314400,227.730,228.130,227.630,227.930,23,240,0
1716372000,227.680,228.630,225.980,228.580,70,240,0
1716375600,228.580,228.580,227.380,227.930,37,240,0
1716379200,227.930,228.080,227.130,227.230,36,240,0
1716382800,227.230,227.280,226.530,226.530,25,240,0
1716386400,226.580,226.830,226.380,226.630,26,240,0
1716390000,226.830,226.930,226.330,226.830,24,240,0
1716393600,227.030,227.030,226.130,226.230,29,240,0
1716397200,225.930,226.130,224.730,224.930,34,240,0
1716400800,225.130,225.130,224.530,224.930,23,240,0
1716458400,224.930,225.880,224.730,224.830,68,240,0
1716462000,224.730,225.130,222.680,222.980,53,240,0
1716465600,223.480,223.480,221.880,222.280,51,240,0
1716469200,222.480,223.080,222.030,223.080,31,240,0
1716472800,222.830,223.030,222.430,222.780,23,240,0
1716476400,222.630,222.830,222.080,222.530,34,240,0
1716480000,222.480,222.480,220.880,221.380,49,240,0
1716483600,221.580,222.480,220.880,220.880,52,240,0
1716487200,220.980,222.530,220.880,222.530,54,240,0
1716544800,221.680,222.530,220.780,222.430,87,240,0
1716548400,222.330,223.230,221.930,223.130,38,240,0
1716552000,222.930,222.930,222.130,222.230,45,240,0
1716555600,222.380,222.730,221.680,221.680,23,240,0
1716559200,221.730,221.930,221.330,221.930,38,240,0
1716562800,221.880,222.180,221.830,221.980,24,240,0
1716566400,222.030,223.080,221.730,222.230,40,240,0
1716570000,222.280,223.230,222.280,222.880,58,240,0
1716573600,223.030,223.630,223.030,223.430,22,240,0
1716804000,223.030,223.280,222.530,222.830,48,240,0
1716807600,222.730,223.030,222.580,222.830,22,240,0
1716811200,222.830,223.030,222.430,222.430,21,240,0
1716814800,222.430,222.530,222.030,222.230,20,240,0
1716818400,222.480,222.530,222.080,222.330,23,240,0
1716822000,222.530,222.730,222.330,222.330,26,240,0
1716825600,222.380,222.530,221.930,222.130,26,240,0
1716829200,222.230,222.330,221.930,222.280,21,240,0
1716832800,222.330,222.580,222.230,222.330,14,240,0
1716890400,222.430,222.680,220.980,221.430,71,240,0
1716894000,221.530,222.230,221.430,222.030,38,240,0
1716897600,222.030,222.030,221.530,221.730,29,240,0
1716901200,221.830,221.980,221.330,221.830,45,240,0
1716904800,221.930,222.930,221.930,222.530,38,240,0
1716908400,222.530,222.530,221.280,221.380,34,240,0
1716912000,221.430,222.130,221.380,221.930,53,240,0
1716915600,221.780,221.780,220.430,220.630,50,240,0
1716919200,220.580,221.430,220.430,221.430,34,240,0
1716976800,221.480,223.830,221.180,223.530,88,240,0
1716980400,223.330,224.730,223.130,224.530,73,240,0
1716984000,224.430,225.030,223.580,224.830,55,240,0
1716987600,224.830,226.530,224.780,226.530,42,240,0
1716991200,226.680,227.780,226.230,226.380,96,240,0
1716994800,226.480,226.530,224.980,225.130,71,240,0
1716998400,225.080,227.130,224.730,227.030,59,240,0
1717002000,227.230,228.030,226.430,227.830,73,240,0
1717005600,227.630,227.730,226.430,226.530,50,240,0
1717063200,227.780,230.480,227.780,228.580,104,240,0
1717066800,228.480,229.030,227.980,228.830,51,240,0
1717070400,228.830,229.080,228.230,228.930,38,240,0
1717074000,228.830,229.830,228.230,229.530,72,240,0
1717077600,229.580,231.280,229.380,230.080,74,240,0
1717081200,230.080,230.880,229.880,230.580,44,240,0
1717084800,230.530,231.130,229.830,230.930,60,240,0
1717088400,231.030,231.780,230.930,231.030,59,240,0
1717092000,231.130,231.830,231.030,231.730,23,240,0
1717149600,230.880,231.230,229.580,229.980,84,240,0
1717153200,229.980,230.530,229.880,230.380,30,240,0
1717156800,230.280,231.130,230.180,230.630,36,240,0
1717160400,230.630,230.980,230.030,230.980,29,240,0
1717164000,231.080,231.180,230.680,230.980,26,240,0
1717167600,230.730,231.580,230.680,231.030,35,240,0
1717171200,230.980,231.030,230.030,231.030,28,240,0
1717174800,230.930,231.130,229.530,230.230,39,240,0
1717178400,230.130,230.380,229.930,230.380,28,240,0
1717408800,234.430,235.130,233.880,234.880,72,240,0
1717412400,234.880,236.130,234.780,235.030,34,240,0
1717416000,234.430,234.830,233.830,234.330,36,240,0
1717419600,234.430,234.430,233.880,234.080,21,240,0
1717423200,234.030,234.180,233.230,233.630,32,240,0
1717426800,233.730,234.180,233.530,233.930,26,240,0
1717430400,233.930,233.930,233.230,233.480,39,240,0
1717434000,233.680,233.980,232.730,232.830,47,240,0
1717437600,232.630,233.230,232.530,232.830,22,240,0
1717495200,232.430,232.880,231.480,232.080,68,240,0
1717498800,232.080,232.080,230.780,231.030,53,240,0
1717502400,231.080,231.080,230.080,230.630,75,240,0
1717506000,230.630,230.630,229.730,230.030,40,240,0
1717509600,230.230,231.580,230.230,231.580,37,240,0
1717513200,231.530,232.730,231.430,232.430,28,240,0
1717516800,232.980,234.130,232.930,233.430,43,240,0
1717520400,233.480,233.930,232.130,232.330,60,240,0
1717524000,232.430,232.730,232.280,232.380,23,240,0
1717581600,232.680,233.930,232.530,233.280,53,240,0
1717585200,233.180,233.230,231.280,231.880,40,240,0
1717588800,231.680,232.030,231.480,232.030,22,240,0
1717592400,232.080,232.430,231.880,232.280,23,240,0
1717596000,232.280,233.030,232.230,232.930,23,240,0
1717599600,232.880,233.630,232.730,233.380,31,240,0
1717603200,233.180,233.580,232.030,232.230,47,240,0
1717606800,231.480,232.180,230.030,230.530,60,240,0
1717610400,230.630,231.430,230.630,231.430,24,240,0
1717668000,233.580,233.580,231.780,232.780,61,240,0
1717671600,232.580,233.930,232.480,233.530,47,240,0
1717675200,233.480,233.480,231.980,231.980,36,240,0
1717678800,231.930,233.130,231.730,233.130,28,240,0
1717682400,233.330,233.430,232.180,232.230,30,240,0
1717686000,232.030,232.480,231.630,231.830,65,240,0
1717689600,231.830,232.230,231.130,231.430,43,240,0
1717693200,231.630,232.030,231.130,231.130,34,240,0
1717696800,231.130,231.130,230.330,230.580,24,240,0
1717754400,230.680,230.680,228.730,229.930,60,240,0
1717758000,229.930,230.230,229.680,229.930,39,240,0
1717761600,229.930,229.930,229.530,229.630,34,240,0
1717765200,229.630,229.730,229.030,229.130,21,240,0
1717768800,229.130,229.430,228.680,229.430,36,240,0
1717772400,229.530,229.830,228.580,228.930,77,240,0
1717776000,229.030,230.130,229.030,229.930,57,240,0
1717779600,230.030,230.730,229.830,230.330,60,240,0
1717783200,230.230,230.730,230.230,230.330,22,240,0
1718013600,229.830,230.980,228.730,229.980,88,240,0
1718017200,230.080,230.180,229.480,229.730,33,240,0
1718020800,229.830,230.530,229.330,230.430,38,240,0
1718024400,230.330,231.130,230.230,231.030,38,240,0
1718028000,230.580,230.730,230.130,230.280,33,240,0
1718031600,230.430,231.230,230.430,230.930,29,240,0
1718035200,231.030,231.180,229.930,230.030,44,240,0
1718038800,229.830,230.130,229.330,229.530,42,240,0
1718042400,229.530,229.530,228.530,228.830,20,240,0
1718100000,229.730,230.280,227.730,228.930,80,240,0
1718103600,229.080,229.630,227.880,228.180,55,240,0
1718107200,228.080,228.530,225.380,225.730,96,240,0
1718110800,224.680,225.680,224.280,225.480,61,240,0
1718114400,225.380,225.580,224.380,225.330,60,240,0
1718118000,225.230,226.530,225.130,225.330,67,240,0
1718121600,225.230,226.230,224.630,225.730,87,240,0
1718125200,225.630,225.830,224.530,225.430,67,240,0
1718128800,225.530,225.530,224.930,225.230,28,240,0
1718186400,226.680,226.680,224.380,225.680,88,240,0
1718190000,225.630,226.280,225.530,225.830,55,240,0
1718193600,225.630,226.730,225.630,226.430,38,240,0
1718197200,226.580,227.080,226.580,226.980,36,240,0
1718200800,227.030,227.830,226.980,227.580,35,240,0
1718204400,227.530,229.580,227.480,229.180,113,240,0
1718208000,229.030,230.580,228.830,230.380,60,240,0
1718211600,230.530,230.780,229.530,229.730,72,240,0
1718215200,229.830,230.430,229.430,229.680,29,240,0
1718272800,229.680,230.180,227.830,227.830,65,240,0
1718276400,227.880,227.880,226.780,226.980,50,240,0
1718280000,227.430,227.480,225.830,225.930,58,240,0
1718283600,226.130,226.530,225.430,226.430,44,240,0
1718287200,226.330,227.030,226.280,226.980,37,240,0
1718290800,227.230,227.930,227.030,227.730,50,240,0
1718294400,227.730,227.930,226.830,226.830,61,240,0
1718298000,226.930,227.830,226.180,227.830,47,240,0
1718301600,227.730,227.830,227.280,227.430,35,240,0
1718359200,227.030,227.680,226.030,227.130,90,240,0
1718362800,226.580,226.680,224.480,224.480,86,240,0
1718366400,224.580,225.280,223.330,223.430,90,240,0
1718370000,223.480,223.680,222.230,223.430,80,240,0
1718373600,223.480,225.030,223.080,223.980,76,240,0
1718377200,224.080,224.080,223.080,223.530,45,240,0
1718380800,223.730,224.180,222.430,223.480,92,240,0
1718384400,223.430,224.230,223.230,224.230,69,240,0
1718388000,224.330,224.780,224.080,224.530,33,240,0
1718618400,223.930,223.930,221.130,221.280,130,240,0
1718622000,221.480,221.930,219.230,219.530,90,240,0
1718625600,219.380,220.080,216.780,216.830,134,240,0
1718629200,216.730,216.930,215.580,215.830,82,240,0
1718632800,215.880,217.380,215.830,215.830,78,240,0
1718636400,215.680,217.530,215.130,217.530,75,240,0
1718640000,217.630,218.430,217.330,217.830,77,240,0
1718643600,217.630,218.830,216.930,218.730,90,240,0
1718647200,218.730,218.830,218.230,218.480,36,240,0
1718704800,221.880,221.880,216.230,216.230,87,240,0
1718708400,216.480,217.030,215.930,216.630,58,240,0
1718712000,216.380,217.630,216.380,217.330,65,240,0
1718715600,217.330,217.430,216.130,216.530,43,240,0
1718719200,216.480,216.480,215.730,216.030,51,240,0
1718722800,216.130,216.330,214.780,215.730,71,240,0
1718726400,215.830,215.930,214.930,215.430,71,240,0
1718730000,215.480,216.530,215.030,215.230,57,240,0
1718733600,215.130,215.830,215.030,215.730,26,240,0
1718791200,215.730,215.830,214.480,215.330,59,240,0
1718794800,215.230,215.330,214.130,214.630,42,240,0
1718798400,214.630,215.280,214.630,214.930,34,240,0
1718802000,215.030,215.030,214.530,214.730,27,240,0
1718805600,214.930,215.330,214.780,215.230,30,240,0
1718809200,215.230,215.230,214.630,214.930,30,240,0
1718812800,215.030,215.480,215.030,215.230,34,240,0
1718816400,215.330,215.530,215.130,215.230,28,240,0
1718820000,215.330,215.330,214.730,214.730,20,240,0
1718877600,215.330,216.380,214.280,216.330,62,240,0
1718881200,216.130,216.980,216.130,216.930,38,240,0
1718884800,217.180,217.580,216.780,217.430,31,240,0
1718888400,217.430,218.030,217.380,217.930,30,240,0
1718892000,218.080,218.880,217.430,218.130,47,240,0
1718895600,218.130,219.330,218.130,218.630,47,240,0
1718899200,218.530,220.830,218.530,220.480,44,240,0
1718902800,220.630,220.980,220.030,220.830,60,240,0
1718906400,220.830,221.230,220.630,220.930,33,240,0
1718964000,221.230,221.280,219.580,220.330,94,240,0
1718967600,220.330,220.780,218.630,218.730,56,240,0
1718971200,218.830,219.130,218.030,218.230,83,240,0
1718974800,218.230,218.430,216.930,217.280,46,240,0
1718978400,217.030,217.730,216.330,217.230,60,240,0
1718982000,217.230,218.430,217.230,218.080,46,240,0
1718985600,218.030,218.030,216.980,217.630,50,240,0
1718989200,217.880,218.930,217.530,218.930,52,240,0
1718992800,218.830,218.830,217.830,217.930,34,240,0
1719223200,217.630,218.780,216.380,218.780,74,240,0
1719226800,218.780,219.730,218.780,219.230,52,240,0
1719230400,219.330,219.880,218.280,218.730,38,240,0
1719234000,218.730,218.930,218.230,218.730,27,240,0
1719237600,218.730,218.830,218.130,218.430,30,240,0
1719241200,218.330,218.330,217.330,217.530,26,240,0
1719244800,217.830,219.330,217.530,219.130,41,240,0
1719248400,219.380,219.530,218.730,219.480,44,240,0
1719252000,219.530,220.730,219.530,220.580,24,240,0
1719309600,220.630,220.630,217.580,218.280,79,240,0
1719313200,218.330,219.730,218.180,218.980,45,240,0
1719316800,218.880,219.230,218.230,218.630,48,240,0
1719320400,218.730,218.980,218.280,218.930,31,240,0
1719324000,218.880,219.330,218.330,218.580,36,240,0
1719327600,218.480,218.830,218.030,218.430,30,240,0
1719331200,218.430,218.430,217.530,217.930,57,240,0
1719334800,217.930,218.530,217.830,218.130,42,240,0
1719338400,218.130,218.430,217.730,217.880,25,240,0
1719396000,219.380,221.580,218.330,221.480,82,240,0
1719399600,221.630,222.830,221.030,222.230,50,240,0
1719403200,222.230,222.730,221.580,222.630,40,240,0
1719406800,222.430,222.730,221.880,222.080,24,240,0
1719410400,222.180,222.230,220.430,220.730,45,240,0
1719414000,220.780,220.830,219.280,219.430,44,240,0
1719417600,219.330,221.230,218.780,221.130,51,240,0
1719421200,221.130,222.030,221.080,222.030,46,240,0
1719424800,222.130,222.330,221.680,221.780,37,240,0
1719482400,220.730,223.380,219.630,222.930,97,240,0
1719486000,222.880,223.030,221.430,222.230,51,240,0
1719489600,222.230,222.430,221.430,221.730,52,240,0
1719493200,221.630,222.130,221.230,221.630,49,240,0
1719496800,221.580,221.680,220.730,221.280,44,240,0
1719500400,221.530,221.630,220.480,221.630,59,240,0
1719504000,221.530,222.930,221.430,222.430,72,240,0
1719507600,222.580,223.080,222.330,222.630,71,240,0
1719511200,222.430,222.930,222.230,222.330,38,240,0
1719568800,223.230,226.180,221.280,222.080,335,240,0
1719572400,221.880,222.680,220.780,222.580,115,240,0
1719576000,222.780,224.180,222.380,223.930,81,240,0
1719579600,224.130,224.780,223.180,223.180,43,240,0
1719583200,223.380,223.380,220.680,221.480,56,240,0
1719586800,221.730,222.330,220.380,220.830,78,240,0
1719590400,220.880,222.480,220.880,221.480,82,240,0
1719594000,221.080,224.080,221.080,223.330,87,240,0
1719597600,223.330,223.330,222.430,222.880,46,240,0
1719828000,224.580,225.130,220.980,222.080,161,240,0
1719831600,222.680,223.480,220.880,221.280,91,240,0
1719835200,221.430,222.480,220.830,222.380,62,240,0
1719838800,222.580,223.480,220.930,221.330,65,240,0
1719842400,221.330,221.430,220.930,221.230,32,240,0
1719846000,221.330,222.330,220.630,222.330,43,240,0
1719849600,222.480,223.030,221.930,222.130,66,240,0
1719853200,222.330,222.330,219.380,219.830,89,240,0
1719856800,219.630,220.130,219.630,219.630,40,240,0
1719914400,219.080,219.480,216.930,217.480,118,240,0
1719918000,217.380,217.530,215.280,215.280,66,240,0
1719921600,215.330,216.030,213.630,213.630,76,240,0
1719925200,213.380,214.180,212.630,212.730,63,240,0
1719928800,212.680,212.780,211.880,212.780,43,240,0
1719932400,212.780,213.280,211.380,213.280,67,240,0
1719936000,213.430,214.880,213.430,214.730,113,240,0
1719939600,214.580,215.430,213.430,214.480,64,240,0
1719943200,214.630,215.180,214.580,215.180,30,240,0
1720000800,216.580,216.980,215.130,216.330,86,240,0
1720004400,216.230,218.030,215.930,217.980,46,240,0
1720008000,217.830,219.480,217.830,219.230,41,240,0
1720011600,219.430,220.230,219.430,219.730,38,240,0
1720015200,219.730,219.930,218.680,218.830,35,240,0
1720018800,218.980,219.180,217.580,217.580,50,240,0
1720022400,217.330,217.330,216.530,216.730,55,240,0
1720026000,216.980,217.880,216.730,217.730,69,240,0
1720029600,217.830,218.330,217.730,218.080,24,240,0
1720087200,218.130,218.130,216.480,217.430,54,240,0
1720090800,217.230,217.230,216.730,216.730,28,240,0
1720094400,216.880,217.930,216.730,217.230,38,240,0
1720098000,217.130,217.930,216.930,217.930,28,240,0
1720101600,217.980,218.230,217.830,217.880,29,240,0
1720105200,217.830,218.230,217.830,218.030,30,240,0
1720108800,217.830,218.430,217.730,217.880,32,240,0
1720112400,218.330,218.730,217.530,218.530,48,240,0
1720116000,218.530,219.230,218.530,219.130,17,240,0
1720173600,219.830,220.830,218.680,220.680,58,240,0
1720177200,220.630,222.080,220.380,221.480,44,240,0
1720180800,221.530,222.380,221.130,222.280,33,240,0
1720184400,222.230,222.580,221.730,222.480,33,240,0
1720188000,222.580,222.680,221.780,221.880,23,240,0
1720191600,221.830,222.930,221.730,221.730,66,240,0
1720195200,221.680,221.880,220.180,220.230,49,240,0
1720198800,220.280,220.280,218.980,219.930,66,240,0
1720202400,220.030,220.330,219.830,220.080,18,240,0
1720432800,219.980,222.280,219.780,222.130,59,240,0
1720436400,222.030,222.580,221.030,221.030,40,240,0
1720440000,220.830,221.330,220.130,221.030,42,240,0
1720443600,220.880,221.580,220.330,220.380,32,240,0
1720447200,220.180,220.730,220.180,220.480,26,240,0
1720450800,220.230,220.630,220.230,220.280,23,240,0
1720454400,220.330,220.730,219.830,220.430,31,240,0
1720458000,220.280,220.280,218.580,218.930,78,240,0
1720461600,219.030,219.530,218.930,219.280,25,240,0
1720519200,218.580,219.030,217.880,218.630,43,240,0
1720522800,218.730,219.130,218.530,218.830,37,240,0
1720526400,218.630,218.830,218.380,218.830,24,240,0
1720530000,218.730,218.930,218.330,218.480,29,240,0
1720533600,218.480,218.530,218.030,218.330,30,240,0
1720537200,218.330,218.330,216.930,217.580,32,240,0
1720540800,217.730,217.830,216.830,216.830,33,240,0
1720544400,216.930,216.930,216.130,216.430,56,240,0
1720548000,216.330,216.630,216.130,216.530,28,240,0
1720605600,216.830,218.180,216.180,217.830,63,240,0
1720609200,217.980,219.080,217.980,218.630,33,240,0
1720612800,218.580,218.980,218.430,218.630,31,240,0
1720616400,218.830,219.030,218.630,218.880,26,240,0
1720620000,218.980,220.030,218.830,219.880,32,240,0
1720623600,219.830,220.430,219.630,219.730,37,240,0
1720627200,219.930,220.930,219.730,220.130,54,240,0
1720630800,220.530,220.830,219.880,220.780,51,240,0
1720634400,220.930,221.930,220.830,221.580,35,240,0
1720692000,222.730,223.780,222.030,223.130,64,240,0
1720695600,223.180,223.180,222.080,222.480,40,240,0
1720699200,222.430,222.430,221.880,222.030,34,240,0
1720702800,221.930,222.130,221.230,221.730,18,240,0
1720706400,221.630,221.980,221.480,221.830,28,240,0
1720710000,222.030,223.330,221.430,222.580,75,240,0
1720713600,222.530,224.580,222.480,224.430,56,240,0
1720717200,224.530,225.230,223.830,225.230,54,240,0
1720720800,225.330,225.930,225.130,225.280,35,240,0
1720778400,227.430,230.180,227.230,227.680,126,240,0
1720782000,227.530,227.930,226.980,227.380,65,240,0
1720785600,227.430,227.780,226.930,227.330,37,240,0
1720789200,227.430,228.130,226.930,227.930,40,240,0
1720792800,227.980,228.130,227.630,228.030,33,240,0
1720796400,228.130,228.680,227.930,228.430,63,240,0
1720800000,228.330,229.730,228.230,229.530,65,240,0
1720803600,229.730,230.330,229.130,230.130,70,240,0
1720807200,230.030,230.380,229.830,230.380,26,240,0
1721037600,230.630,232.380,229.680,232.380,82,240,0
1721041200,232.430,232.630,232.030,232.130,37,240,0
1721044800,232.930,234.480,232.930,233.730,42,240,0
1721048400,233.830,233.830,233.280,233.280,31,240,0
1721052000,233.680,233.830,232.930,233.330,32,240,0
1721055600,233.230,233.430,232.180,232.180,42,240,0
1721059200,231.980,231.980,229.530,231.030,72,240,0
1721062800,231.030,231.280,229.730,230.330,68,240,0
1721066400,230.430,231.680,230.430,231.080,42,240,0
1721124000,229.530,229.980,225.930,225.930,137,240,0
1721127600,226.030,226.580,225.180,225.430,74,240,0
1721131200,225.430,226.730,225.330,226.230,55,240,0
1721134800,226.430,227.880,226.230,227.830,45,240,0
1721138400,227.780,227.780,226.580,226.930,34,240,0
1721142000,227.030,227.380,226.480,226.730,64,240,0
1721145600,226.630,227.230,226.230,226.880,74,240,0
1721149200,227.130,228.430,227.130,228.130,64,240,0
1721152800,228.130,228.130,227.830,227.830,29,240,0
1721210400,236.630,240.180,234.580,238.380,318,240,0
1721214000,238.280,239.280,236.730,237.430,136,240,0
1721217600,237.330,238.080,236.530,236.730,79,240,0
1721221200,236.880,237.330,235.680,236.230,69,240,0
1721224800,236.230,236.380,234.730,234.830,52,240,0
1721228400,234.730,235.280,234.030,234.030,64,240,0
1721232000,233.830,234.880,233.430,234.730,102,240,0
1721235600,234.730,235.730,234.280,234.430,89,240,0
1721239200,234.230,234.330,232.630,233.230,69,240,0
1721296800,234.830,234.830,230.180,232.630,121,240,0
1721300400,232.730,234.380,232.730,234.380,81,240,0
1721304000,234.230,234.630,233.780,234.530,49,240,0
1721307600,234.430,234.630,234.030,234.630,38,240,0
1721311200,234.730,234.730,233.580,234.030,33,240,0
1721314800,233.930,234.580,233.630,234.580,35,240,0
1721318400,234.630,235.230,233.930,234.030,53,240,0
1721322000,234.130,234.630,232.830,233.230,59,240,0
1721325600,233.130,233.430,232.330,232.430,42,240,0
1721383200,229.580,231.280,229.280,230.280,165,240,0
1721386800,230.080,230.380,229.580,230.030,56,240,0
1721390400,229.930,230.930,229.880,230.230,78,240,0
1721394000,230.230,231.180,230.230,230.480,47,240,0
1721397600,230.580,230.830,230.130,230.530,29,240,0
1721401200,230.630,231.080,230.280,230.430,35,240,0
1721404800,230.280,230.280,229.180,229.630,50,240,0
1721408400,229.480,229.480,226.980,227.630,84,240,0
1721412000,227.730,228.130,226.930,226.930,31,240,0
1721642400,228.380,228.380,226.680,227.630,68,240,0
1721646000,227.780,228.380,227.630,227.830,47,240,0
1721649600,227.630,228.630,227.630,228.530,49,240,0
1721653200,228.630,228.880,227.930,227.930,44,240,0
1721656800,227.880,228.180,227.530,227.530,36,240,0
1721660400,227.630,228.330,227.630,228.130,42,240,0
1721664000,228.330,228.730,227.880,228.080,56,240,0
1721667600,228.430,229.030,228.130,229.030,46,240,0
1721671200,228.830,229.230,228.330,228.530,36,240,0
1721728800,227.830,228.980,226.980,227.380,73,240,0
1721732400,227.530,228.880,227.330,228.730,40,240,0
1721736000,228.630,229.730,228.530,229.530,38,240,0
1721739600,229.530,230.280,229.330,230.230,28,240,0
1721743200,230.280,230.730,230.230,230.330,31,240,0
1721746800,230.380,230.430,229.630,229.980,33,240,0
1721750400,229.830,230.030,229.330,229.630,31,240,0
1721754000,229.530,229.930,229.330,229.730,34,240,0
1721757600,229.680,230.030,229.230,229.630,27,240,0
1721815200,226.430,228.330,224.680,227.880,146,240,0
1721818800,227.780,230.330,227.230,230.330,98,240,0
1721822400,230.580,230.680,229.230,229.330,60,240,0
1721826000,229.230,230.230,229.230,230.230,44,240,0
1721829600,230.080,230.630,229.830,230.530,37,240,0
1721833200,230.530,230.530,230.030,230.330,33,240,0
1721836800,230.280,231.530,230.230,230.930,61,240,0
1721840400,231.030,232.030,230.930,231.430,66,240,0
1721844000,231.430,231.730,231.230,231.630,24,240,0
1721901600,230.980,231.730,229.930,230.130,90,240,0
1721905200,230.330,230.330,228.930,229.630,71,240,0
1721908800,229.630,229.930,229.030,229.930,43,240,0
1721912400,229.930,230.130,229.130,229.380,33,240,0
1721916000,229.480,230.130,229.480,229.980,27,240,0
1721919600,229.980,230.080,229.280,229.530,34,240,0
1721923200,229.530,229.930,229.330,229.530,58,240,0
1721926800,229.430,229.630,228.730,229.430,62,240,0
1721930400,229.330,229.530,228.630,228.730,36,240,0
1721988000,228.880,230.680,228.880,230.280,88,240,0
1721991600,230.380,230.780,229.980,230.080,41,240,0
1721995200,230.180,230.180,229.180,229.430,42,240,0
1721998800,229.480,229.730,229.230,229.230,30,240,0
1722002400,229.180,229.430,228.630,229.230,39,240,0
1722006000,229.330,229.330,228.230,228.280,45,240,0
1722009600,228.130,229.880,227.730,229.680,58,240,0
1722013200,230.580,231.230,229.830,231.230,69,240,0
1722016800,231.730,232.480,231.430,232.280,34,240,0
1722247200,233.580,234.980,232.830,233.130,71,240,0
1722250800,232.930,232.980,232.030,232.280,66,240,0
1722254400,232.030,232.930,231.580,232.630,39,240,0
1722258000,232.730,233.630,232.530,233.280,32,240,0
1722261600,233.530,235.480,233.480,235.380,53,240,0
1722265200,235.530,237.080,235.380,235.930,99,240,0
1722268800,235.730,236.230,234.480,236.180,85,240,0
1722272400,236.330,236.630,235.480,236.630,68,240,0
1722276000,236.630,236.730,236.030,236.030,29,240,0
1722333600,236.380,236.930,233.780,234.480,103,240,0
1722337200,234.580,235.280,234.430,234.980,63,240,0
1722340800,234.880,235.180,232.530,232.730,72,240,0
1722344400,233.130,233.480,232.880,232.930,35,240,0
1722348000,232.830,234.980,232.830,234.730,35,240,0
1722351600,234.730,235.930,234.730,235.830,38,240,0
1722355200,235.880,236.430,235.330,235.430,58,240,0
1722358800,235.580,236.530,235.230,235.830,61,240,0
1722362400,235.930,236.330,235.530,235.780,37,240,0
1722420000,236.280,241.880,235.780,239.930,208,240,0
1722423600,239.430,240.380,238.180,239.280,120,240,0
1722427200,239.080,239.830,238.530,238.680,69,240,0
1722430800,238.530,239.930,238.180,239.080,69,240,0
1722434400,238.730,238.730,235.830,236.730,91,240,0
1722438000,236.580,239.930,236.580,238.080,100,240,0
1722441600,237.980,239.280,229.530,229.630,178,240,0
1722445200,230.030,231.830,227.280,228.880,318,240,0
1722448800,228.680,230.930,228.280,229.430,86,240,0
1722506400,230.080,231.430,227.180,227.530,159,240,0
1722510000,227.480,227.580,225.880,226.780,132,240,0
1722513600,227.480,228.180,226.980,227.530,104,240,0
1722517200,227.580,228.780,227.430,228.230,55,240,0
1722520800,228.430,228.780,226.080,226.130,64,240,0
1722524400,226.330,226.680,225.030,225.830,76,240,0
1722528000,225.680,227.030,225.480,226.930,81,240,0
1722531600,226.880,227.180,224.930,225.230,108,240,0
1722535200,225.080,225.830,224.830,225.530,58,240,0
1722592800,223.280,223.580,220.580,222.980,136,240,0
1722596400,222.780,225.080,222.630,224.130,91,240,0
1722600000,224.130,224.280,222.280,222.530,83,240,0
1722603600,222.680,222.830,221.230,222.480,50,240,0
1722607200,222.730,223.230,222.280,223.180,52,240,0
1722610800,223.430,223.780,221.880,222.880,100,240,0
1722614400,222.930,222.930,220.780,221.880,97,240,0
1722618000,221.880,222.480,220.530,220.530,127,240,0
1722621600,220.430,220.430,218.030,218.130,78,240,0
1722852000,214.080,214.980,212.280,214.080,396,240,0
1722855600,213.980,215.280,213.680,214.980,226,240,0
1722859200,214.880,215.280,212.230,213.230,136,240,0
1722862800,213.130,213.230,211.280,211.880,82,240,0
1722866400,211.780,212.030,209.480,209.980,137,240,0
1722870000,210.580,211.380,209.630,210.880,176,240,0
1722873600,210.730,212.630,209.880,211.680,234,240,0
1722877200,211.930,213.980,211.930,213.330,344,240,0
1722880800,213.080,214.830,212.580,213.680,80,240,0
1722938400,213.930,215.980,213.230,214.530,246,240,0
1722942000,214.380,214.480,213.130,213.480,95,240,0
1722945600,212.880,212.880,210.080,211.180,140,240,0
1722949200,210.930,211.080,210.230,210.480,85,240,0
1722952800,210.630,211.030,209.830,210.780,55,240,0
1722956400,210.830,210.980,208.980,210.030,72,240,0
1722960000,209.930,211.430,209.180,211.430,133,240,0
1722963600,211.330,213.930,211.130,213.630,136,240,0
1722967200,213.730,213.930,212.480,212.480,65,240,0
1723024800,212.580,213.230,210.680,211.180,180,240,0
1723028400,211.130,211.580,210.580,211.580,77,240,0
1723032000,211.680,212.330,211.280,212.330,59,240,0
1723035600,212.580,212.630,212.030,212.380,38,240,0
1723039200,212.530,213.430,211.680,211.930,58,240,0
1723042800,211.830,212.330,211.330,212.330,51,240,0
1723046400,212.330,214.430,212.330,214.430,56,240,0
1723050000,214.580,217.430,214.580,216.930,113,240,0
1723053600,217.030,217.130,216.330,216.330,47,240,0
1723111200,214.930,215.180,211.880,213.280,171,240,0
1723114800,213.330,213.480,211.080,212.130,127,240,0
1723118400,212.380,212.380,211.180,211.180,55,240,0
1723122000,211.230,211.430,210.780,211.280,49,240,0
1723125600,211.180,211.530,210.830,211.330,50,240,0
1723129200,211.480,213.380,210.930,213.030,98,240,0
1723132800,213.080,214.930,212.930,214.480,58,240,0
1723136400,214.930,215.430,214.830,215.330,57,240,0
1723140000,215.280,215.830,215.130,215.330,39,240,0
1723197600,214.730,215.880,214.530,215.730,72,240,0
1723201200,215.830,215.830,215.230,215.530,46,240,0
1723204800,215.530,215.730,214.930,215.730,40,240,0
1723208400,215.880,215.880,215.030,215.030,35,240,0
1723212000,215.080,215.380,214.730,214.930,30,240,0
1723215600,214.430,214.630,213.980,214.330,27,240,0
1723219200,214.230,214.330,212.730,213.280,38,240,0
1723222800,213.330,213.730,212.930,213.630,65,240,0
1723226400,213.730,213.930,213.280,213.480,32,240,0
1723456800,215.230,216.730,214.780,215.580,90,240,0
1723460400,215.580,215.830,213.830,213.880,43,240,0
1723464000,213.930,214.430,213.580,214.330,37,240,0
1723467600,214.180,214.280,213.830,214.280,20,240,0
1723471200,214.330,214.630,214.080,214.080,25,240,0
1723474800,214.030,214.230,213.780,214.130,29,240,0
1723478400,214.180,214.530,212.880,213.130,48,240,0
1723482000,213.230,213.330,212.680,213.130,41,240,0
1723485600,213.030,213.030,211.180,211.180,44,240,0
1723543200,212.630,213.430,211.530,212.330,85,240,0
1723546800,211.830,212.080,209.730,210.180,63,240,0
1723550400,209.980,210.580,209.430,210.130,49,240,0
1723554000,209.830,209.930,208.880,209.130,34,240,0
1723557600,209.280,209.580,208.980,209.380,22,240,0
1723561200,209.530,211.330,209.530,211.180,46,240,0
1723564800,211.230,211.630,210.830,211.130,36,240,0
1723568400,211.380,212.730,211.330,212.530,50,240,0
1723572000,212.630,212.830,212.430,212.730,31,240,0
1723629600,214.380,215.380,214.230,214.330,77,240,0
1723633200,214.280,216.030,213.980,215.930,34,240,0
1723636800,216.130,217.130,216.080,216.230,51,240,0
1723640400,216.130,216.680,216.030,216.530,28,240,0
1723644000,216.530,217.530,216.230,217.330,34,240,0
1723647600,217.430,218.080,216.880,218.030,70,240,0
1723651200,217.980,218.180,216.330,216.480,61,240,0
1723654800,216.230,216.730,215.580,216.630,62,240,0
1723658400,216.630,216.730,216.330,216.380,27,240,0
1723716000,217.130,217.780,216.330,217.330,61,240,0
1723719600,217.330,217.330,216.630,216.780,28,240,0
1723723200,216.930,216.930,216.530,216.630,21,240,0
1723726800,216.730,216.730,216.030,216.430,26,240,0
1723730400,216.480,217.230,216.480,216.830,22,240,0
1723734000,216.880,220.180,216.680,219.580,71,240,0
1723737600,219.530,219.980,218.780,219.430,52,240,0
1723741200,219.380,219.380,218.530,218.530,55,240,0
1723744800,218.680,218.680,218.080,218.180,35,240,0
1723802400,219.130,219.430,216.930,217.880,94,240,0
1723806000,217.830,218.930,217.830,218.680,49,240,0
1723809600,218.780,219.330,218.630,219.230,29,240,0
1723813200,219.230,219.230,218.430,218.580,28,240,0
1723816800,218.230,218.830,218.230,218.330,30,240,0
1723820400,218.330,218.530,217.530,217.630,22,240,0
1723824000,217.380,218.130,217.380,217.530,35,240,0
1723827600,217.680,217.880,216.730,216.730,42,240,0
1723831200,216.830,217.130,216.730,216.930,33,240,0
1724061600,216.580,217.980,216.580,217.130,96,240,0
1724065200,217.080,217.330,216.580,216.680,44,240,0
1724068800,216.630,216.630,215.730,215.930,30,240,0
1724072400,215.830,216.630,215.830,216.180,35,240,0
1724076000,216.030,216.730,215.880,216.680,39,240,0
1724079600,216.830,216.880,215.880,215.880,39,240,0
1724083200,216.030,216.930,216.030,216.830,41,240,0
1724086800,216.980,217.630,216.680,217.130,35,240,0
1724090400,217.030,217.230,216.830,216.930,23,240,0
1724148000,217.480,217.730,216.830,217.680,56,240,0
1724151600,217.730,217.730,216.030,216.330,45,240,0
1724155200,216.430,217.230,216.330,217.080,24,240,0
1724158800,217.130,217.130,216.530,216.630,32,240,0
1724162400,216.580,216.930,216.530,216.530,27,240,0
1724166000,216.530,216.530,215.330,215.730,34,240,0
1724169600,215.830,216.080,214.980,216.080,35,240,0
1724173200,216.030,216.230,213.830,213.830,52,240,0
1724176800,213.830,214.030,213.730,214.030,31,240,0
1724234400,213.580,216.030,213.580,215.730,53,240,0
1724238000,215.630,215.630,214.730,214.730,25,240,0
1724241600,214.730,217.130,214.730,215.880,63,240,0
1724245200,216.030,216.380,215.730,216.030,41,240,0
1724248800,216.030,217.380,216.030,217.030,25,240,0
1724252400,216.980,217.680,216.730,217.030,24,240,0
1724256000,216.980,217.030,216.030,216.180,25,240,0
1724259600,216.330,216.680,215.430,215.430,36,240,0
1724263200,215.530,216.430,215.430,216.430,21,240,0
1724320800,216.630,217.930,216.380,216.730,75,240,0
1724324400,216.930,217.030,216.530,216.730,36,240,0
1724328000,216.930,217.080,216.530,216.530,21,240,0
1724331600,216.630,217.280,216.630,217.080,20,240,0
1724335200,217.230,217.230,216.980,217.230,21,240,0
1724338800,217.130,217.480,217.030,217.480,26,240,0
1724342400,217.530,218.130,217.330,217.780,34,240,0
1724346000,217.780,217.780,216.930,217.130,43,240,0
1724349600,217.030,217.130,216.730,216.930,18,240,0
1724407200,217.680,217.830,215.830,215.830,58,240,0
1724410800,215.730,217.180,215.730,217.180,33,240,0
1724414400,217.330,217.930,217.280,217.930,33,240,0
1724418000,217.780,217.930,217.330,217.330,25,240,0
1724421600,217.180,217.380,216.830,217.030,24,240,0
1724425200,217.080,217.380,216.630,217.380,22,240,0
1724428800,217.330,217.430,217.030,217.280,29,240,0
1724432400,217.380,219.230,217.380,218.430,57,240,0
1724436000,218.480,218.630,218.130,218.630,24,240,0
1724666400,218.430,219.280,218.330,218.980,59,240,0
1724670000,219.080,219.430,219.030,219.030,23,240,0
1724673600,219.130,219.230,218.130,218.230,29,240,0
1724677200,218.330,218.330,217.830,218.080,20,240,0
1724680800,218.280,218.780,218.130,218.730,25,240,0
1724684400,218.830,218.830,218.430,218.830,20,240,0
1724688000,219.080,219.080,218.580,218.830,27,240,0
1724691600,219.330,219.430,218.530,218.930,28,240,0
1724695200,218.930,219.230,218.630,218.730,26,240,0
1724752800,219.730,219.730,218.930,219.530,53,240,0
1724756400,219.630,220.730,219.630,220.630,35,240,0
1724760000,220.730,220.730,219.930,220.130,28,240,0
1724763600,220.030,220.130,219.730,220.080,25,240,0
1724767200,219.980,220.280,219.630,220.030,30,240,0
1724770800,220.080,220.680,219.430,219.430,38,240,0
1724774400,219.330,220.530,219.230,220.430,53,240,0
1724778000,220.630,223.530,220.630,223.430,64,240,0
1724781600,223.430,223.430,222.430,222.930,34,240,0
1724839200,223.480,226.380,223.280,226.130,85,240,0
1724842800,226.330,227.280,225.480,227.130,44,240,0
1724846400,227.230,228.430,226.880,228.430,50,240,0
1724850000,228.280,229.280,225.980,226.680,126,240,0
1724853600,226.880,226.980,226.130,226.830,39,240,0
1724857200,226.830,226.930,225.930,226.530,23,240,0
1724860800,226.480,227.930,226.130,227.430,44,240,0
1724864400,227.230,227.330,226.330,226.630,57,240,0
1724868000,226.630,227.130,226.530,227.030,29,240,0
1724925600,227.030,227.680,226.180,226.980,89,240,0
1724929200,226.930,227.980,226.930,226.980,41,240,0
1724932800,227.030,228.530,227.030,228.130,31,240,0
1724936400,228.130,228.430,227.930,228.130,25,240,0
1724940000,228.080,228.730,228.030,228.680,24,240,0
1724943600,228.730,230.230,228.730,230.230,34,240,0
1724947200,230.230,230.230,228.730,229.130,40,240,0
1724950800,229.530,230.630,229.530,230.330,45,240,0
1724954400,230.430,231.530,230.330,231.530,40,240,0
1725012000,231.030,232.830,229.980,232.630,60,240,0
1725015600,232.630,234.330,232.630,234.130,39,240,0
1725019200,234.230,235.730,234.230,235.530,45,240,0
1725022800,235.430,235.980,235.330,235.880,25,240,0
1725026400,235.980,236.280,234.830,235.130,42,240,0
1725030000,235.130,235.730,235.130,235.330,28,240,0
1725033600,235.430,236.030,233.930,234.480,41,240,0
1725037200,234.580,235.030,233.130,233.130,57,240,0
1725040800,233.130,233.130,232.530,232.630,31,240,0
1725271200,230.530,231.480,230.180,231.080,102,240,0
1725274800,230.980,231.080,229.380,229.530,45,240,0
1725278400,229.380,230.030,229.380,229.380,25,240,0
1725282000,229.530,229.530,229.030,229.330,21,240,0
1725285600,229.530,229.530,228.730,229.430,27,240,0
1725289200,229.480,230.130,229.480,230.030,33,240,0
1725292800,230.130,230.230,229.030,229.330,32,240,0
1725296400,229.480,229.930,229.130,229.730,20,240,0
1725300000,229.630,229.630,229.030,229.030,17,240,0
1725357600,230.080,230.530,229.480,229.930,72,240,0
1725361200,230.030,230.130,228.680,229.430,28,240,0
1725364800,229.030,229.730,228.580,229.330,39,240,0
1725368400,229.330,229.480,229.080,229.230,25,240,0
1725372000,229.430,229.880,229.030,229.530,25,240,0
1725375600,229.630,230.230,229.630,230.180,34,240,0
1725379200,230.130,231.180,229.780,230.880,58,240,0
1725382800,230.480,231.230,229.830,229.830,71,240,0
1725386400,229.830,230.680,229.830,230.330,29,240,0
1725444000,227.630,227.730,224.980,226.880,119,240,0
1725447600,226.880,227.580,226.130,227.480,57,240,0
1725451200,227.530,229.430,227.530,229.380,43,240,0
1725454800,229.230,229.430,225.980,226.880,53,240,0
1725458400,226.730,226.730,224.680,225.180,57,240,0
1725462000,225.080,225.280,223.680,223.680,47,240,0
1725465600,223.830,223.830,223.330,223.630,46,240,0
1725469200,223.480,223.930,222.280,223.830,73,240,0
1725472800,223.930,224.730,223.830,224.630,43,240,0
1725530400,222.930,223.680,221.730,223.680,85,240,0
1725534000,223.730,223.730,221.180,221.530,63,240,0
1725537600,221.630,221.830,220.680,221.330,44,240,0
1725541200,221.530,221.630,221.130,221.130,30,240,0
1725544800,221.330,221.630,220.330,220.330,50,240,0
1725548400,220.530,221.730,219.780,221.730,57,240,0
1725552000,221.830,222.030,221.630,222.030,39,240,0
1725555600,222.180,222.480,221.230,221.830,62,240,0
1725559200,221.930,222.080,221.630,222.080,34,240,0
1725616800,221.480,221.480,218.130,218.430,107,240,0
1725620400,218.280,218.630,216.930,217.880,57,240,0
1725624000,218.080,219.730,218.030,219.730,52,240,0
1725627600,219.830,220.030,219.530,219.880,21,240,0
1725631200,219.980,220.630,219.730,220.630,45,240,0
1725634800,220.430,221.530,219.730,220.980,89,240,0
1725638400,221.180,222.730,220.530,222.130,73,240,0
1725642000,221.780,221.830,219.630,219.830,72,240,0
1725645600,219.930,220.980,219.330,219.430,43,240,0
1725876000,215.230,215.380,212.080,214.530,217,240,0
1725879600,214.330,214.330,210.580,211.780,125,240,0
1725883200,211.830,212.330,210.930,211.430,60,240,0
1725886800,211.480,211.480,210.480,210.930,52,240,0
1725890400,210.980,211.280,210.180,210.180,37,240,0
1725894000,210.230,211.730,207.580,211.630,80,240,0
1725897600,211.680,213.780,210.780,213.480,101,240,0
1725901200,213.630,215.030,213.530,214.930,66,240,0
1725904800,215.130,215.530,214.130,214.680,32,240,0
1725962400,213.830,214.980,213.530,214.330,58,240,0
1725966000,214.530,214.530,210.480,211.380,57,240,0
1725969600,211.380,211.480,210.580,210.930,43,240,0
1725973200,210.830,211.030,210.030,211.030,35,240,0
1725976800,211.030,212.080,210.830,211.180,43,240,0
1725980400,211.180,211.430,209.730,209.830,45,240,0
1725984000,209.780,211.180,208.880,208.980,59,240,0
1725987600,209.080,209.230,208.230,209.030,67,240,0
1725991200,208.930,209.330,208.730,209.130,42,240,0
1726048800,209.930,213.680,209.630,213.680,101,240,0
1726052400,213.530,213.530,210.730,210.780,52,240,0
1726056000,210.830,211.330,210.130,211.330,32,240,0
1726059600,211.580,212.130,210.930,211.880,33,240,0
1726063200,212.080,212.330,211.630,212.230,35,240,0
1726066800,212.430,212.430,210.230,212.030,114,240,0
1726070400,212.230,212.430,211.080,211.080,47,240,0
1726074000,211.080,211.830,209.980,211.730,71,240,0
1726077600,211.630,212.830,211.530,212.530,26,240,0
1726135200,215.230,216.280,214.280,215.830,147,240,0
1726138800,215.730,216.730,215.730,215.830,44,240,0
1726142400,215.830,217.430,215.830,216.780,41,240,0
1726146000,216.630,217.230,216.480,216.980,32,240,0
1726149600,216.830,216.930,216.330,216.930,37,240,0
1726153200,217.030,217.480,216.680,217.230,50,240,0
1726156800,217.230,218.130,216.630,217.730,64,240,0
1726160400,217.630,219.930,217.430,219.330,69,240,0
1726164000,219.130,219.130,218.430,218.430,25,240,0
1726221600,218.880,219.680,217.930,218.230,66,240,0
1726225200,218.230,218.680,218.130,218.430,37,240,0
1726228800,218.530,219.330,218.230,218.830,50,240,0
1726232400,218.730,219.130,218.380,218.730,42,240,0
1726236000,218.830,219.030,218.480,218.780,31,240,0
1726239600,218.830,219.230,218.730,219.130,30,240,0
1726243200,219.130,219.230,218.530,218.730,37,240,0
1726246800,218.730,219.730,218.630,218.930,55,240,0
1726250400,218.830,219.030,218.230,218.430,31,240,0
1726480800,217.930,219.580,217.030,219.480,77,240,0
1726484400,219.380,219.630,218.930,219.230,44,240,0
1726488000,219.230,219.230,218.430,218.630,25,240,0
1726491600,218.630,219.280,218.630,218.830,18,240,0
1726495200,218.780,219.130,218.280,218.330,24,240,0
1726498800,218.230,219.180,218.230,218.730,23,240,0
1726502400,218.930,220.180,218.780,219.580,50,240,0
1726506000,219.530,220.130,219.330,220.030,28,240,0
1726509600,219.780,219.930,219.630,219.630,13,240,0
1726567200,218.830,219.930,218.580,219.680,54,240,0
1726570800,219.580,220.030,219.430,219.780,23,240,0
1726574400,219.680,220.630,219.580,220.530,33,240,0
1726578000,220.680,220.880,220.280,220.380,31,240,0
1726581600,219.780,220.580,219.630,220.580,25,240,0
1726585200,220.680,221.980,220.680,221.980,35,240,0
1726588800,222.130,222.280,220.880,221.330,52,240,0
1726592400,221.430,222.130,220.930,221.280,49,240,0
1726596000,221.430,221.630,221.230,221.530,26,240,0
1726653600,220.780,220.780,219.880,220.030,53,240,0
1726657200,220.080,220.430,219.180,220.130,35,240,0
1726660800,219.980,220.330,219.930,220.130,30,240,0
1726664400,220.130,220.280,219.930,220.230,19,240,0
1726668000,220.080,220.730,220.080,220.580,29,240,0
1726671600,220.630,221.030,220.630,220.930,21,240,0
1726675200,221.030,221.130,220.430,220.830,43,240,0
1726678800,221.030,221.930,220.930,221.230,37,240,0
1726682400,221.330,221.630,220.430,220.530,24,240,0
1726740000,223.630,224.330,221.930,223.030,87,240,0
1726743600,223.280,225.430,223.230,225.330,58,240,0
1726747200,225.330,226.230,225.130,225.130,59,240,0
1726750800,225.330,225.530,224.930,225.330,45,240,0
1726754400,225.180,226.130,224.730,226.130,25,240,0
1726758000,226.080,226.330,225.630,225.730,29,240,0
1726761600,225.830,227.230,225.530,225.830,58,240,0
1726765200,225.880,226.330,225.280,225.930,60,240,0
1726768800,226.030,227.230,226.030,227.130,52,240,0
1726826400,221.130,221.680,217.280,219.480,188,240,0
1726830000,219.580,219.580,217.930,218.480,101,240,0
1726833600,218.280,219.180,217.480,217.630,65,240,0
1726837200,217.880,218.030,216.980,217.430,39,240,0
1726840800,217.480,218.680,217.330,217.530,50,240,0
1726844400,217.630,218.630,217.530,218.430,45,240,0
1726848000,218.530,218.830,217.730,218.030,52,240,0
1726851600,217.880,219.330,217.730,218.080,67,240,0
1726855200,218.230,218.930,218.230,218.630,33,240,0
1727085600,218.080,219.080,217.030,218.580,112,240,0
1727089200,218.680,220.180,218.680,219.430,62,240,0
1727092800,219.230,219.330,218.680,219.180,35,240,0
1727096400,219.130,219.330,218.330,218.930,29,240,0
1727100000,218.980,218.980,217.930,218.080,34,240,0
1727103600,218.230,218.530,217.980,218.330,25,240,0
1727107200,218.530,218.530,217.880,218.030,30,240,0
1727110800,217.580,217.930,216.730,217.230,47,240,0
1727114400,217.180,217.930,216.730,217.930,34,240,0
1727172000,222.330,222.730,220.280,222.280,95,240,0
1727175600,222.480,222.580,220.330,220.980,63,240,0
1727179200,220.730,221.030,220.180,220.330,45,240,0
1727182800,220.430,221.630,220.230,221.380,29,240,0
1727186400,221.330,221.530,220.930,220.930,35,240,0
1727190000,220.930,221.430,220.830,220.930,30,240,0
1727193600,220.930,221.780,220.930,221.380,34,240,0
1727197200,221.480,221.480,220.530,220.930,57,240,0
1727200800,220.930,221.030,220.230,220.230,12,240,0
1727258400,219.630,221.280,219.030,221.280,80,240,0
1727262000,221.380,221.630,220.130,220.880,43,240,0
1727265600,220.780,221.480,220.780,221.230,26,240,0
1727269200,221.330,222.980,221.230,222.730,44,240,0
1727272800,223.130,223.380,222.380,222.630,26,240,0
1727276400,222.680,223.230,222.530,223.230,24,240,0
1727280000,223.330,223.330,222.530,222.830,44,240,0
1727283600,222.930,223.930,222.930,223.330,45,240,0
1727287200,223.230,223.230,222.430,222.430,27,240,0
1727344800,227.480,233.530,227.430,233.030,184,240,0
1727348400,232.880,234.680,232.780,233.630,74,240,0
1727352000,233.730,233.730,232.730,233.030,61,240,0
1727355600,233.230,233.480,232.530,233.480,38,240,0
1727359200,233.430,234.330,233.130,233.630,33,240,0
1727362800,233.630,234.730,233.530,234.680,43,240,0
1727366400,234.730,236.130,234.530,234.680,54,240,0
1727370000,234.680,234.680,233.280,233.530,62,240,0
1727373600,233.480,233.830,232.230,233.630,44,240,0
1727431200,235.480,236.580,234.580,235.530,108,240,0
1727434800,235.530,236.980,235.230,236.230,59,240,0
1727438400,236.330,237.830,235.930,237.730,51,240,0
1727442000,237.630,238.430,237.080,237.430,55,240,0
1727445600,237.780,238.130,237.180,238.130,39,240,0
1727449200,238.230,238.930,238.030,238.630,54,240,0
1727452800,238.530,238.630,237.480,237.480,46,240,0
1727456400,237.580,239.630,237.580,239.130,69,240,0
1727460000,239.030,239.830,238.930,239.730,30,240,0
1727690400,238.830,243.680,238.830,242.880,122,240,0
1727694000,243.080,243.530,241.430,241.630,70,240,0
1727697600,241.530,242.030,240.430,241.230,63,240,0
1727701200,241.430,241.430,238.130,238.680,73,240,0
1727704800,238.630,238.630,236.730,236.980,54,240,0
1727708400,237.130,237.930,236.930,237.730,35,240,0
1727712000,237.930,238.730,237.680,238.730,51,240,0
1727715600,238.630,239.130,237.980,238.130,52,240,0
1727719200,238.330,238.830,237.830,237.930,36,240,0
1727776800,238.230,239.480,235.180,236.780,207,240,0
1727780400,236.780,238.480,236.780,238.030,67,240,0
1727784000,237.930,238.030,237.330,237.530,48,240,0
1727787600,237.430,237.930,237.030,237.630,45,240,0
1727791200,237.630,238.630,237.630,238.130,48,240,0
1727794800,238.330,238.630,238.030,238.130,40,240,0
1727798400,238.330,238.330,234.480,234.480,132,240,0
1727802000,234.230,235.530,232.630,234.230,154,240,0
1727805600,234.130,234.230,232.430,232.830,64,240,0
1727863200,230.830,240.330,230.830,239.480,208,240,0
1727866800,239.680,240.080,238.280,239.430,85,240,0
1727870400,239.230,239.630,236.730,237.130,71,240,0
1727874000,236.880,237.530,236.330,236.830,56,240,0
1727877600,236.980,237.430,234.980,235.130,71,240,0
1727881200,235.030,236.080,234.780,235.130,70,240,0
1727884800,235.030,235.230,233.930,233.930,86,240,0
1727888400,234.030,236.580,234.030,235.530,118,240,0
1727892000,235.830,236.430,235.630,236.330,59,240,0
1727949600,236.330,236.480,232.680,233.380,165,240,0
1727953200,233.530,234.680,233.380,234.280,53,240,0
1727956800,234.430,234.430,233.230,233.630,37,240,0
1727960400,233.730,234.330,233.130,234.330,38,240,0
1727964000,234.630,235.880,234.330,235.730,39,240,0
1727967600,235.630,236.730,235.380,235.480,44,240,0
1727971200,235.480,236.480,235.380,235.830,47,240,0
1727974800,236.630,236.930,235.080,235.530,91,240,0
1727978400,235.330,236.180,235.180,235.630,27,240,0
1728036000,235.480,237.480,234.980,236.980,118,240,0
1728039600,236.880,236.980,236.380,236.780,54,240,0
1728043200,236.680,237.330,236.630,236.830,47,240,0
1728046800,236.930,237.530,236.530,236.980,60,240,0
1728050400,236.980,238.080,236.930,237.680,40,240,0
1728054000,237.880,239.430,237.630,238.880,96,240,0
1728057600,238.880,238.880,237.380,237.480,64,240,0
1728061200,237.730,238.330,237.080,238.230,82,240,0
1728064800,238.330,238.530,237.730,238.030,34,240,0
1728295200,239.080,239.230,236.680,236.830,101,240,0
1728298800,237.080,237.580,236.980,237.330,45,240,0
1728302400,236.530,238.030,236.480,237.830,56,240,0
1728306000,237.830,237.930,236.630,236.930,46,240,0
1728309600,237.030,237.530,236.980,237.530,31,240,0
1728313200,237.530,237.830,237.230,237.430,31,240,0
1728316800,237.630,238.380,237.530,238.030,48,240,0
1728320400,237.530,239.330,237.530,239.030,65,240,0
1728324000,238.830,238.930,238.430,238.630,23,240,0
1728381600,233.330,235.580,232.480,234.880,165,240,0
1728385200,234.980,236.380,234.580,234.680,77,240,0
1728388800,234.730,236.630,234.730,236.130,46,240,0
1728392400,236.130,237.430,236.130,237.430,41,240,0
1728396000,237.530,237.830,237.080,237.730,39,240,0
1728399600,237.730,237.730,236.630,236.730,37,240,0
1728403200,236.830,236.930,235.330,235.630,60,240,0
1728406800,235.630,235.830,234.930,235.630,51,240,0
1728410400,235.430,235.530,235.130,235.130,30,240,0
1728468000,235.280,235.930,233.680,234.580,97,240,0
1728471600,234.930,235.780,234.730,235.330,49,240,0
1728475200,235.430,236.030,235.380,235.880,32,240,0
1728478800,235.830,237.930,235.630,237.280,56,240,0
1728482400,237.330,237.480,236.380,236.380,39,240,0
1728486000,236.480,236.880,235.880,236.680,29,240,0
1728489600,236.430,236.880,235.680,235.680,44,240,0
1728493200,235.580,236.180,235.530,236.030,46,240,0
1728496800,236.130,236.630,236.130,236.430,22,240,0
1728554400,236.930,237.130,233.780,234.580,97,240,0
1728558000,234.580,234.980,233.780,233.780,39,240,0
1728561600,233.880,234.830,233.630,234.280,29,240,0
1728565200,234.430,234.930,233.980,234.080,67,240,0
1728568800,234.080,234.380,233.630,233.880,36,240,0
1728572400,233.730,233.980,231.580,232.680,122,240,0
1728576000,233.030,233.080,231.330,232.230,98,240,0
1728579600,232.030,232.780,230.980,231.280,76,240,0
1728583200,231.480,232.230,230.930,232.230,33,240,0
1728640800,232.180,233.230,231.430,233.230,81,240,0
1728644400,233.030,233.180,231.780,231.930,60,240,0
1728648000,231.930,232.630,231.930,232.230,40,240,0
1728651600,232.230,232.930,232.130,232.480,43,240,0
1728655200,232.580,232.930,232.380,232.630,36,240,0
1728658800,232.730,233.130,232.480,232.880,45,240,0
1728662400,232.930,233.130,232.630,232.830,50,240,0
1728666000,232.730,233.430,232.380,232.830,51,240,0
1728669600,232.830,233.030,232.730,232.930,29,240,0
1728900000,234.530,238.780,234.230,238.030,169,240,0
1728903600,238.030,238.180,235.430,235.630,73,240,0
1728907200,235.530,237.630,235.530,237.030,61,240,0
1728910800,237.130,237.630,236.330,236.680,38,240,0
1728914400,236.730,237.030,235.730,236.130,28,240,0
1728918000,236.130,236.430,235.630,236.330,34,240,0
1728921600,236.580,237.230,235.730,236.480,92,240,0
1728925200,236.580,236.980,235.730,235.830,55,240,0
1728928800,235.930,236.430,235.930,236.180,29,240,0
1728986400,237.130,239.130,236.530,238.930,82,240,0
1728990000,238.730,238.830,237.780,238.730,55,240,0
1728993600,238.530,240.380,238.380,239.680,62,240,0
1728997200,239.780,240.530,239.780,239.980,39,240,0
1729000800,239.880,239.930,239.430,239.730,36,240,0
1729004400,239.930,240.130,239.080,240.030,46,240,0
1729008000,240.030,240.530,239.430,239.480,55,240,0
1729011600,239.280,239.730,238.080,239.530,125,240,0
1729015200,239.430,240.030,239.230,239.730,44,240,0
1729072800,229.930,234.880,227.430,231.880,457,240,0
1729076400,231.680,232.230,230.480,231.180,138,240,0
1729080000,231.180,233.830,231.180,233.230,99,240,0
1729083600,233.330,233.930,232.280,232.330,62,240,0
1729087200,232.330,232.330,230.730,230.880,70,240,0
1729090800,231.030,231.830,229.230,229.630,104,240,0
1729094400,229.730,229.730,228.430,228.630,114,240,0
1729098000,228.530,228.630,226.230,226.730,118,240,0
1729101600,226.830,226.930,224.130,224.280,71,240,0
1729159200,223.480,224.080,222.630,222.830,161,240,0
1729162800,222.830,225.680,222.480,225.580,97,240,0
1729166400,225.680,226.080,224.780,225.530,76,240,0
1729170000,225.630,225.830,225.080,225.530,48,240,0
1729173600,225.380,225.980,224.980,225.230,36,240,0
1729177200,225.330,226.630,225.330,226.230,49,240,0
1729180800,226.430,227.230,225.280,225.280,87,240,0
1729184400,225.380,225.630,224.480,225.230,79,240,0
1729188000,225.280,225.580,225.030,225.130,21,240,0
1729245600,227.730,229.530,227.430,228.630,113,240,0
1729249200,228.630,229.730,228.580,229.030,52,240,0
1729252800,229.030,229.830,229.030,229.730,42,240,0
1729256400,229.630,230.330,229.330,229.980,36,240,0
1729260000,230.330,231.230,230.230,230.330,38,240,0
1729263600,230.180,230.830,230.130,230.430,36,240,0
1729267200,230.330,230.530,228.780,228.780,59,240,0
1729270800,228.830,229.030,228.430,228.730,53,240,0
1729274400,228.530,228.830,228.130,228.330,30,240,0
1729504800,228.030,228.230,224.230,224.480,130,240,0
1729508400,224.230,224.630,223.330,223.780,79,240,0
1729512000,223.780,224.030,223.080,223.530,51,240,0
1729515600,223.330,224.080,223.230,223.230,34,240,0
1729519200,223.180,224.030,223.180,223.530,41,240,0
1729522800,223.430,224.430,223.030,224.430,42,240,0
1729526400,224.480,224.830,223.730,224.430,53,240,0
1729530000,224.330,224.530,222.430,222.430,61,240,0
1729533600,222.330,222.330,221.430,221.880,63,240,0
1729591200,222.080,222.530,220.280,220.530,113,240,0
1729594800,220.630,221.030,220.330,220.630,38,240,0
1729598400,220.430,220.630,219.430,220.030,58,240,0
1729602000,219.930,220.030,219.130,219.130,42,240,0
1729605600,219.080,220.530,219.030,220.380,50,240,0
1729609200,220.230,220.530,219.730,220.230,33,240,0
1729612800,220.130,220.530,220.030,220.130,43,240,0
1729616400,220.130,220.630,219.930,219.930,36,240,0
1729620000,219.830,220.230,219.630,219.930,30,240,0
1729677600,217.680,217.930,216.130,216.130,82,240,0
1729681200,216.230,216.830,215.730,216.730,47,240,0
1729684800,216.830,218.730,216.730,217.980,50,240,0
1729688400,217.830,218.130,217.130,217.230,37,240,0
1729692000,217.230,218.430,217.130,218.130,30,240,0
1729695600,218.130,218.130,216.930,217.080,41,240,0
1729699200,217.230,218.230,216.930,218.080,53,240,0
1729702800,218.130,218.180,217.630,217.630,43,240,0
1729706400,217.730,217.730,217.030,217.330,27,240,0
1729764000,215.880,216.730,214.680,216.730,132,240,0
1729767600,216.930,217.930,216.430,217.080,84,240,0
1729771200,217.030,217.480,216.480,216.480,46,240,0
1729774800,216.630,217.030,216.180,216.580,46,240,0
1729778400,216.780,217.830,216.480,217.830,37,240,0
1729782000,217.830,218.230,217.180,218.230,49,240,0
1729785600,218.630,219.230,217.630,218.280,72,240,0
1729789200,217.680,217.930,215.730,216.230,61,240,0
1729792800,216.130,216.530,215.830,215.830,36,240,0
1729850400,215.030,215.230,214.330,214.830,58,240,0
1729854000,214.880,215.830,214.730,215.830,41,240,0
1729857600,215.930,216.330,215.230,215.330,53,240,0
1729861200,215.230,215.530,215.130,215.130,37,240,0
1729864800,214.980,215.530,214.830,215.480,33,240,0
1729868400,215.430,216.330,215.230,216.230,25,240,0
1729872000,216.130,216.830,215.930,216.630,47,240,0
1729875600,216.580,217.530,216.530,216.830,51,240,0
1729879200,216.930,217.030,216.230,216.230,33,240,0
1730109600,216.830,216.830,215.280,216.230,100,240,0
1730113200,216.030,216.730,215.830,215.980,67,240,0
1730116800,215.730,216.030,213.930,213.930,51,240,0
1730120400,213.730,214.830,213.730,214.180,57,240,0
1730124000,214.180,214.280,213.630,214.030,46,240,0
1730127600,214.130,214.530,213.880,214.430,41,240,0
1730131200,214.430,214.430,212.930,213.630,56,240,0
1730134800,213.730,214.130,213.130,213.630,48,240,0
1730138400,213.430,213.530,213.230,213.430,23,240,0
1730196000,216.880,219.830,215.230,216.080,329,240,0
1730199600,216.180,218.180,214.530,217.280,149,240,0
1730203200,217.430,217.480,216.430,216.430,74,240,0
1730206800,215.930,216.630,214.430,216.480,63,240,0
1730210400,216.630,219.230,216.480,218.030,50,240,0
1730214000,218.180,218.930,216.780,216.780,96,240,0
1730217600,216.580,220.830,216.280,220.730,161,240,0
1730221200,221.230,222.030,218.830,222.030,178,240,0
1730224800,222.080,222.080,220.430,220.430,27,240,0
1730282400,222.530,224.380,220.780,223.180,284,240,0
1730286000,223.230,224.230,221.730,222.830,126,240,0
1730289600,222.680,222.930,221.580,221.630,57,240,0
1730293200,221.630,222.180,221.530,221.830,49,240,0
1730296800,221.880,221.980,219.580,219.580,77,240,0
1730300400,219.430,221.830,219.080,221.780,93,240,0
1730304000,222.030,222.030,220.380,221.230,81,240,0
1730307600,221.030,221.180,220.030,220.480,48,240,0
1730311200,220.830,221.130,220.330,220.330,32,240,0
1730368800,219.330,219.780,216.280,217.880,143,240,0
1730372400,217.780,218.230,217.030,217.730,58,240,0
1730376000,217.730,218.630,217.230,218.030,57,240,0
1730379600,218.130,218.630,217.980,218.180,44,240,0
1730383200,218.180,218.630,218.080,218.630,32,240,0
1730386800,218.630,218.830,217.530,217.630,43,240,0
1730390400,217.530,217.530,215.630,216.180,67,240,0
1730394000,216.080,218.030,215.880,218.030,46,240,0
1730397600,217.930,218.630,217.830,218.230,35,240,0
1730455200,218.180,220.280,218.030,220.180,50,240,0
1730458800,220.130,220.280,219.580,220.280,33,240,0
1730462400,220.180,220.630,219.980,220.630,24,240,0
1730466000,220.380,220.930,219.780,220.530,39,240,0
1730469600,220.580,220.730,219.830,220.330,26,240,0
1730473200,220.080,220.880,220.080,220.880,31,240,0
1730476800,220.930,221.630,220.830,221.380,50,240,0
1730480400,221.530,222.030,221.330,221.630,35,240,0
1730484000,221.830,222.530,221.830,222.330,14,240,0
1730714400,222.230,222.730,221.930,222.430,23,240,0
1730718000,222.680,222.880,222.030,222.130,51,240,0
1730721600,222.330,222.830,222.230,222.280,29,240,0
1730725200,222.280,222.280,221.230,221.230,25,240,0
1730728800,221.430,221.680,221.180,221.230,28,240,0
1730732400,220.930,221.880,220.730,221.330,32,240,0
1730736000,221.330,221.430,219.130,219.930,39,240,0
1730739600,219.930,220.830,219.330,220.530,52,240,0
1730743200,220.630,220.830,220.130,220.530,24,240,0
1730800800,220.330,222.780,220.280,220.580,33,240,0
1730804400,220.680,221.230,220.030,220.530,39,240,0
1730808000,220.630,220.830,218.980,219.430,54,240,0
1730811600,219.530,220.330,219.330,219.930,28,240,0
1730815200,219.880,219.880,219.180,219.580,27,240,0
1730818800,219.630,220.330,219.430,220.180,30,240,0
1730822400,220.130,220.230,219.630,219.630,24,240,0
1730826000,219.530,220.480,219.330,220.480,49,240,0
1730829600,220.580,220.930,220.180,220.330,18,240,0
1730887200,220.830,220.830,215.430,216.480,199,240,0
1730890800,216.630,218.980,215.030,216.680,213,240,0
1730894400,217.330,217.480,215.730,215.730,87,240,0
1730898000,215.730,216.580,214.430,216.480,76,240,0
1730901600,216.330,216.430,214.330,214.980,63,240,0
1730905200,215.030,216.480,214.930,214.930,61,240,0
1730908800,214.780,214.930,212.930,213.530,84,240,0
1730912400,213.480,214.230,212.330,213.330,117,240,0
1730916000,213.130,213.430,212.430,212.830,44,240,0
1730973600,213.480,217.630,213.480,217.380,110,240,0
1730977200,217.480,218.830,217.430,218.480,64,240,0
1730980800,218.430,219.730,218.180,219.630,44,240,0
1730984400,219.630,221.380,219.580,220.980,50,240,0
1730988000,220.930,222.230,220.580,221.580,51,240,0
1730991600,222.080,222.780,221.830,222.780,47,240,0
1730995200,222.330,224.130,222.230,223.780,58,240,0
1730998800,224.030,224.030,222.130,222.430,61,240,0
1731002400,222.530,222.730,221.830,222.730,44,240,0
1731060000,223.830,223.830,219.880,220.230,141,240,0
1731063600,220.230,220.930,219.580,219.830,61,240,0
1731067200,219.280,219.280,217.880,218.130,84,240,0
1731070800,218.030,219.030,218.030,218.580,50,240,0
1731074400,218.780,220.080,218.780,220.080,33,240,0
1731078000,219.880,220.030,219.130,219.280,29,240,0
1731081600,219.480,219.530,218.030,218.430,51,240,0
1731085200,218.530,218.530,217.630,218.030,56,240,0
1731088800,217.930,218.230,217.080,218.130,33,240,0
1731319200,220.880,222.280,220.130,221.530,118,240,0
1731322800,221.530,223.730,221.230,223.730,46,240,0
1731326400,223.630,224.180,223.330,223.930,36,240,0
1731330000,224.030,224.580,224.030,224.580,23,240,0
1731333600,224.530,225.380,224.530,225.130,34,240,0
1731337200,225.230,225.230,224.630,224.930,31,240,0
1731340800,225.030,225.030,223.830,223.880,54,240,0
1731344400,223.780,224.630,223.730,224.030,47,240,0
1731348000,223.930,224.230,223.130,223.130,25,240,0
1731405600,219.830,220.180,218.580,219.680,106,240,0
1731409200,219.780,220.180,218.780,219.280,55,240,0
1731412800,219.180,219.680,217.880,218.030,39,240,0
1731416400,218.230,218.930,218.030,218.830,22,240,0
1731420000,218.880,219.080,218.380,218.380,31,240,0
1731423600,218.480,218.880,218.380,218.880,16,240,0
1731427200,219.080,219.980,218.480,219.530,43,240,0
1731430800,219.330,219.430,217.330,217.330,57,240,0
1731434400,217.130,217.330,216.330,217.080,32,240,0
1731492000,216.330,216.980,215.480,216.580,107,240,0
1731495600,216.630,218.730,216.530,218.530,51,240,0
1731499200,218.430,218.530,217.930,218.130,36,240,0
1731502800,218.030,218.130,217.330,217.930,32,240,0
1731506400,218.130,218.380,216.730,216.930,41,240,0
1731510000,216.680,217.230,215.780,217.130,54,240,0
1731513600,216.930,217.030,215.180,215.780,67,240,0
1731517200,215.630,216.130,214.680,215.930,56,240,0
1731520800,215.830,216.730,215.730,216.130,25,240,0
1731578400,215.930,216.580,215.030,216.030,128,240,0
1731582000,216.180,217.480,215.880,216.330,55,240,0
1731585600,216.380,217.330,216.180,217.230,36,240,0
1731589200,217.330,218.530,217.330,218.530,28,240,0
1731592800,218.380,218.630,217.730,217.730,30,240,0
1731596400,217.730,218.930,217.730,217.830,53,240,0
1731600000,217.630,217.830,216.830,217.480,61,240,0
1731603600,217.580,218.430,217.430,218.130,42,240,0
1731607200,218.230,218.230,217.830,218.030,29,240,0
1731664800,216.630,217.680,216.180,217.230,65,240,0
1731668400,217.180,217.230,216.330,217.080,39,240,0
1731672000,217.780,218.580,217.480,217.830,48,240,0
1731675600,217.830,217.830,216.980,216.980,28,240,0
1731679200,216.730,217.530,216.730,217.180,25,240,0
1731682800,217.130,217.230,216.330,216.980,35,240,0
1731686400,217.080,217.130,216.480,216.730,34,240,0
1731690000,216.930,216.930,215.730,215.830,44,240,0
1731693600,215.730,215.730,214.680,214.830,29,240,0
1731924000,215.730,215.730,214.080,214.780,62,240,0
1731927600,214.780,214.880,212.630,212.730,67,240,0
1731931200,212.830,213.530,212.530,212.930,36,240,0
1731934800,213.030,213.230,211.680,212.330,41,240,0
1731938400,212.330,213.080,212.230,212.430,52,240,0
1731942000,212.530,213.430,212.430,213.130,33,240,0
1731945600,213.380,213.730,213.030,213.430,45,240,0
1731949200,213.680,214.930,213.630,214.130,45,240,0
1731952800,214.030,214.830,213.830,214.630,32,240,0
1732010400,216.130,216.380,213.880,214.180,119,240,0
1732014000,214.080,214.230,211.730,212.080,156,240,0
1732017600,212.130,212.430,211.680,212.130,65,240,0
1732021200,212.280,212.280,211.730,211.930,28,240,0
1732024800,212.130,212.280,211.730,212.130,30,240,0
1732028400,212.030,212.130,210.580,210.580,51,240,0
1732032000,210.180,210.880,210.180,210.830,61,240,0
1732035600,210.880,211.830,210.630,211.830,53,240,0
1732039200,211.730,212.930,211.680,212.930,37,240,0
1732096800,214.880,216.330,214.730,214.830,76,240,0
1732100400,214.680,215.330,214.330,214.530,43,240,0
1732104000,214.530,214.980,214.330,214.530,28,240,0
1732107600,214.330,214.630,214.030,214.130,27,240,0
1732111200,214.280,216.130,214.080,215.930,47,240,0
1732114800,216.030,216.230,215.380,215.430,42,240,0
1732118400,215.180,215.430,213.630,213.630,49,240,0
1732122000,213.580,214.230,212.080,214.230,51,240,0
1732125600,214.130,214.130,213.330,213.430,31,240,0
1732183200,210.730,212.730,210.530,211.730,134,240,0
1732186800,211.730,211.730,210.030,210.380,112,240,0
1732190400,210.530,210.680,209.630,209.730,53,240,0
1732194000,210.180,211.130,209.930,209.930,60,240,0
1732197600,209.930,210.080,209.530,209.530,39,240,0
1732201200,209.730,210.230,209.530,209.580,48,240,0
1732204800,209.330,209.880,208.630,208.880,54,240,0
1732208400,208.730,210.180,208.080,210.030,73,240,0
1732212000,210.030,211.030,209.830,210.830,47,240,0
1732269600,212.780,212.780,210.580,210.780,90,240,0
1732273200,210.780,210.980,207.980,209.080,146,240,0
1732276800,209.180,209.430,207.980,209.430,101,240,0
1732280400,209.430,209.830,209.180,209.830,32,240,0
1732284000,209.830,211.530,209.730,211.480,47,240,0
1732287600,211.680,211.930,211.330,211.880,41,240,0
1732291200,211.730,214.430,211.730,214.430,53,240,0
1732294800,214.530,215.030,214.030,214.180,51,240,0
1732298400,214.230,214.530,213.980,214.530,24,240,0
1732528800,218.080,220.180,217.730,219.380,142,240,0
1732532400,219.330,220.030,219.130,219.780,56,240,0
1732536000,219.830,220.030,218.830,218.830,33,240,0
1732539600,218.930,219.130,218.430,218.630,32,240,0
1732543200,218.480,218.630,217.930,218.430,27,240,0
1732546800,218.330,219.330,218.330,219.330,30,240,0
1732550400,219.230,220.930,218.930,220.630,57,240,0
1732554000,220.430,220.930,219.830,220.730,57,240,0
1732557600,220.730,221.030,220.530,220.830,28,240,0
1732615200,219.180,220.180,218.180,218.880,88,240,0
1732618800,218.830,219.680,218.630,219.530,40,240,0
1732622400,219.630,221.030,219.630,220.980,37,240,0
1732626000,220.830,222.230,220.830,222.180,29,240,0
1732629600,222.480,223.780,222.230,222.630,75,240,0
1732633200,222.530,222.530,221.830,222.130,55,240,0
1732636800,222.380,223.130,222.230,222.930,55,240,0
1732640400,222.780,222.830,221.430,221.730,57,240,0
1732644000,221.830,222.130,221.380,222.130,28,240,0
1732701600,221.180,221.780,220.430,220.580,115,240,0
1732705200,220.830,221.380,219.080,219.480,55,240,0
1732708800,219.480,219.530,218.280,218.280,53,240,0
1732712400,218.430,218.580,217.930,218.130,212,240,0
1732716000,218.030,219.580,217.930,219.330,171,240,0
1732719600,219.280,219.680,219.030,219.680,218,240,0
1732723200,219.730,220.330,219.180,219.530,204,240,0
1732726800,219.480,220.030,218.630,218.730,348,240,0
1732730400,218.780,219.830,218.430,219.830,159,240,0
1732788000,220.780,221.280,220.480,221.180,214,240,0
1732791600,221.230,221.280,220.480,221.030,486,240,0
1732795200,221.130,221.380,219.930,220.130,355,240,0
1732798800,220.030,220.930,220.030,220.830,196,240,0
1732802400,220.930,220.930,219.980,220.130,155,240,0
1732806000,220.280,220.580,219.530,219.830,145,240,0
1732809600,219.780,219.780,219.130,219.230,126,240,0
1732813200,219.030,219.430,219.030,219.330,190,240,0
1732816800,219.380,220.330,219.330,219.630,94,240,0
1732874400,220.080,222.080,219.980,221.930,63,240,0
1732878000,221.830,222.280,220.980,221.330,40,240,0
1732881600,221.230,221.830,220.930,221.630,25,240,0
1732885200,221.530,221.930,221.330,221.830,26,240,0
1732888800,221.680,221.930,221.680,221.930,23,240,0
1732892400,221.830,221.980,220.530,220.580,30,240,0
1732896000,220.730,221.730,220.580,221.630,49,240,0
1732899600,221.630,222.530,221.630,222.280,51,240,0
1732903200,222.430,222.630,222.030,222.530,27,240,0
1733133600,221.730,223.980,221.580,223.480,253,240,0
1733137200,223.580,224.730,223.180,223.780,232,240,0
1733140800,223.830,227.530,223.830,227.080,236,240,0
1733144400,227.180,228.780,226.730,228.730,326,240,0
1733148000,228.830,229.730,228.630,229.480,306,240,0
1733151600,229.530,231.130,229.180,230.980,356,240,0
1733155200,230.930,231.330,228.680,229.430,416,240,0
1733158800,229.480,230.030,228.780,228.930,537,240,0
1733162400,228.880,229.930,228.880,229.930,179,240,0
1733220000,232.580,234.930,232.180,233.980,238,240,0
1733223600,233.930,234.430,232.080,232.680,334,240,0
1733227200,232.780,232.780,231.880,232.680,172,240,0
1733230800,232.530,232.980,232.180,232.830,32,240,0
1733234400,232.880,233.430,232.880,233.130,24,240,0
1733238000,233.230,234.330,233.230,233.630,39,240,0
1733241600,233.580,233.780,232.930,233.280,50,240,0
1733245200,233.080,234.130,233.080,234.030,43,240,0
1733248800,234.430,235.430,234.430,235.330,28,240,0
1733306400,236.530,237.030,235.780,236.530,136,240,0
1733310000,236.480,237.330,235.980,236.330,236,240,0
1733313600,236.230,237.280,235.880,236.830,180,240,0
1733317200,236.780,238.030,234.080,235.180,197,240,0
1733320800,235.180,237.830,233.030,235.330,289,240,0
1733324400,235.530,235.530,232.930,235.380,341,240,0
1733328000,235.430,237.430,234.330,237.430,197,240,0
1733331600,237.330,238.130,236.080,238.130,279,240,0
1733335200,238.080,238.580,237.330,237.330,107,240,0
1733392800,237.880,238.780,237.430,237.980,282,240,0
1733396400,238.030,239.330,237.530,238.530,398,240,0
1733400000,238.480,239.980,238.180,238.280,184,240,0
1733403600,238.230,238.330,236.580,237.230,310,240,0
1733407200,237.280,238.280,237.130,238.180,210,240,0
1733410800,238.230,238.680,237.880,238.080,252,240,0
1733414400,238.180,238.680,237.830,238.230,233,240,0
1733418000,238.180,239.830,237.930,239.030,314,240,0
1733421600,239.130,239.730,239.030,239.430,145,240,0
1733479200,239.630,239.780,238.480,239.480,159,240,0
1733482800,239.280,239.580,238.780,239.130,181,240,0
1733486400,239.230,239.530,238.980,239.180,187,240,0
1733490000,239.230,239.780,238.980,239.430,144,240,0
1733493600,239.330,240.030,239.330,239.980,134,240,0
1733497200,239.930,240.330,239.330,239.580,147,240,0
1733500800,239.530,240.880,239.530,240.830,214,240,0
1733504400,240.680,241.830,240.230,241.830,233,240,0
1733508000,241.780,241.780,241.130,241.480,92,240,0
1733738400,244.630,244.780,241.630,241.680,286,240,0
1733742000,241.780,242.130,239.730,240.230,329,240,0
1733745600,240.280,240.280,238.430,238.780,358,240,0
1733749200,238.680,240.580,237.980,240.080,215,240,0
1733752800,240.130,241.130,240.030,240.930,226,240,0
1733756400,240.830,240.930,240.280,240.530,172,240,0
1733760000,240.430,240.830,240.130,240.530,105,240,0
1733763600,240.480,240.530,239.080,239.380,259,240,0
1733767200,239.480,240.030,239.130,239.580,81,240,0
1733824800,236.680,238.380,236.280,238.030,230,240,0
1733828400,237.980,237.980,236.080,236.480,227,240,0
1733832000,236.380,238.380,236.380,238.330,262,240,0
1733835600,238.380,238.530,237.630,238.330,186,240,0
1733839200,238.380,238.880,238.230,238.780,89,240,0
1733842800,238.830,239.030,238.080,238.130,122,240,0
1733846400,238.180,239.580,237.980,239.580,254,240,0
1733850000,239.480,239.680,238.730,238.830,246,240,0
1733853600,239.830,239.930,239.080,239.930,47,240,0
1733911200,236.430,238.580,235.430,237.280,449,240,0
1733914800,237.230,239.130,236.780,239.080,298,240,0
1733918400,239.030,242.680,239.030,241.180,273,240,0
1733922000,241.080,241.430,240.580,240.680,169,240,0
1733925600,240.730,242.080,240.730,242.030,81,240,0
1733929200,242.130,243.180,241.830,241.830,206,240,0
1733932800,241.880,242.730,241.880,242.430,206,240,0
1733936400,242.480,243.580,242.230,243.030,252,240,0
1733940000,242.980,243.130,241.180,242.180,96,240,0
1733997600,243.130,245.280,243.130,245.180,219,240,0
1734001200,245.280,245.280,243.730,243.780,235,240,0
1734004800,243.730,243.880,243.080,243.780,218,240,0
1734008400,243.730,244.780,243.330,243.580,226,240,0
1734012000,243.680,244.030,242.430,242.530,147,240,0
1734015600,242.530,243.130,241.780,242.280,133,240,0
1734019200,242.430,242.980,241.380,241.680,247,240,0
1734022800,241.630,243.380,241.480,242.930,300,240,0
1734026400,242.880,243.830,242.730,243.430,99,240,0
1734084000,243.830,244.080,243.280,243.930,154,240,0
1734087600,243.830,244.330,243.480,244.230,225,240,0
1734091200,244.130,244.180,242.530,242.580,267,240,0
1734094800,242.530,243.830,242.430,243.430,280,240,0
1734098400,243.530,243.530,241.680,242.380,141,240,0
1734102000,242.430,242.480,241.730,242.130,223,240,0
1734105600,242.080,242.280,241.530,241.880,247,240,0
1734109200,241.830,242.080,240.730,241.280,233,240,0
1734112800,241.230,241.280,240.430,240.430,128,240,0
1734343200,237.280,239.780,237.280,239.480,129,240,0
1734346800,239.430,240.180,238.930,239.980,206,240,0
1734350400,239.930,240.430,238.980,239.180,176,240,0
1734354000,239.230,240.280,239.230,239.980,117,240,0
1734357600,239.930,240.530,239.830,240.530,98,240,0
1734361200,240.580,240.980,240.180,240.780,147,240,0
1734364800,240.830,242.880,240.830,242.180,199,240,0
1734368400,242.130,243.730,241.530,243.680,379,240,0
1734372000,243.730,243.730,242.680,242.880,112,240,0
1734429600,242.730,243.180,241.630,241.880,147,240,0
1734433200,242.130,243.230,241.830,243.030,156,240,0
1734436800,243.080,244.580,242.980,244.230,136,240,0
1734440400,244.180,244.480,243.730,243.830,151,240,0
1734444000,243.830,244.330,243.480,243.630,121,240,0
1734447600,243.730,243.730,242.930,242.980,173,240,0
1734451200,242.930,244.130,242.630,243.930,96,240,0
1734454800,243.830,244.580,241.480,241.830,273,240,0
1734458400,241.030,241.930,240.830,240.830,52,240,0
1734516000,241.680,242.080,240.330,241.780,188,240,0
1734519600,241.230,241.980,240.730,241.280,185,240,0
1734523200,241.230,242.680,241.130,242.080,243,240,0
1734526800,242.130,242.930,241.930,242.830,163,240,0
1734530400,242.930,242.930,242.180,242.280,61,240,0
1734534000,242.230,242.230,240.530,240.930,106,240,0
1734537600,240.730,241.030,240.380,240.430,204,240,0
1734541200,240.480,241.930,240.380,241.830,234,240,0
1734544800,241.730,241.830,240.730,241.630,48,240,0
1734602400,238.330,240.180,237.580,239.580,146,240,0
1734606000,239.530,240.430,238.980,239.430,317,240,0
1734609600,239.380,239.780,237.580,238.130,278,240,0
1734613200,238.080,238.280,237.580,237.880,253,240,0
1734616800,237.930,239.030,237.580,238.830,230,240,0
1734620400,238.780,238.980,237.830,238.130,185,240,0
1734624000,238.180,238.430,236.930,237.380,192,240,0
1734627600,237.330,237.680,236.630,236.730,481,240,0
1734631200,236.780,237.330,236.580,236.780,187,240,0
1734688800,235.630,236.130,234.180,234.680,141,240,0
1734692400,234.680,234.980,233.880,234.080,63,240,0
1734696000,234.180,234.930,233.930,234.380,60,240,0
1734699600,234.330,234.430,233.580,233.930,57,240,0
1734703200,234.180,234.230,233.280,234.130,25,240,0
1734706800,233.980,234.330,233.880,233.930,226,240,0
1734710400,233.980,234.880,233.930,234.180,376,240,0
1734714000,234.230,235.480,234.130,235.180,364,240,0
1734717600,235.130,235.830,235.030,235.830,152,240,0
1734948000,234.830,235.580,234.380,235.080,70,240,0
1734951600,235.880,236.180,235.030,235.980,144,240,0
1734955200,236.030,236.530,235.630,236.230,218,240,0
1734958800,236.280,236.330,235.380,235.630,147,240,0
1734962400,235.630,236.130,235.230,235.980,156,240,0
1734966000,236.030,236.580,235.330,235.330,139,240,0
1734969600,235.430,236.280,235.280,235.530,175,240,0
1734973200,235.630,235.830,234.630,234.730,293,240,0
1734976800,234.780,234.780,233.930,233.980,110,240,0
1735293600,233.880,234.780,233.030,234.480,59,240,0
1735297200,235.280,235.580,235.280,235.580,3,240,0
1735300800,235.580,235.630,235.330,235.480,28,240,0
1735304400,235.430,236.130,235.080,235.830,210,240,0
1735308000,235.880,237.080,235.780,237.030,106,240,0
1735311600,237.480,237.480,236.830,236.830,21,240,0
1735315200,236.830,237.030,236.330,236.980,18,240,0
1735318800,236.730,236.730,235.030,235.830,33,240,0
1735322400,235.730,235.930,235.430,235.630,16,240,0
1735552800,235.230,236.180,234.880,235.680,180,240,0
1735556400,235.780,236.330,235.380,235.830,195,240,0
1735560000,235.730,236.230,235.530,236.130,118,240,0
1735563600,236.030,237.030,235.930,236.730,115,240,0
1735567200,236.780,237.330,235.430,235.430,141,240,0
1735570800,236.630,236.680,235.130,235.580,163,240,0
1735812000,236.230,238.680,234.680,235.030,132,240,0
1735815600,234.930,235.030,232.730,234.030,74,240,0
1735819200,233.880,234.930,233.530,233.630,32,240,0
1735822800,233.430,234.930,233.430,234.930,32,240,0
1735826400,234.880,235.730,234.880,235.130,30,240,0
1735830000,235.230,235.980,235.230,235.480,34,240,0
1735833600,235.330,235.780,234.780,235.430,52,240,0
1735837200,235.630,235.730,234.430,235.730,41,240,0
1735840800,235.830,235.830,235.280,235.730,19,240,0
1735898400,237.180,237.480,234.930,235.530,92,240,0
1735902000,235.280,236.830,235.180,236.630,47,240,0
1735905600,236.480,236.480,235.830,235.830,39,240,0
1735909200,235.930,236.530,235.830,236.030,26,240,0
1735912800,236.230,236.230,235.080,235.530,40,240,0
1735916400,235.630,235.630,235.030,235.280,18,240,0
1735920000,235.330,235.430,233.930,234.080,200,240,0
1735923600,233.830,234.830,231.880,232.330,363,240,0
1735927200,232.430,232.730,231.980,232.130,123,240,0
1736157600,234.830,235.280,234.380,234.880,224,240,0
1736161200,235.130,237.030,235.030,236.380,329,240,0
1736164800,236.430,237.280,235.580,235.630,210,240,0
1736168400,235.680,240.780,235.330,240.180,298,240,0
1736172000,240.280,241.330,239.080,241.080,327,240,0
1736175600,241.180,241.180,238.680,238.930,366,240,0
1736179200,238.980,239.880,235.680,237.480,400,240,0
1736182800,237.380,238.530,237.180,237.930,454,240,0
1736186400,238.030,238.780,237.680,238.630,182,240,0
1736244000,242.030,245.580,242.030,242.380,293,240,0
1736247600,242.330,244.430,242.280,243.780,319,240,0
1736251200,243.730,244.530,243.030,244.230,336,240,0
1736254800,244.280,244.430,242.380,243.830,323,240,0
1736258400,243.880,244.430,243.180,244.130,182,240,0
1736262000,244.080,244.480,243.630,243.830,237,240,0
1736265600,243.930,244.030,243.130,243.780,214,240,0
1736269200,243.830,244.380,242.480,243.180,423,240,0
1736272800,243.130,243.430,242.230,243.330,229,240,0
1736330400,243.930,246.580,243.330,246.230,242,240,0
1736334000,246.280,246.830,245.530,245.930,350,240,0
1736337600,245.880,247.030,245.130,246.880,260,240,0
1736341200,246.730,246.930,243.580,245.930,206,240,0
1736344800,245.980,246.080,243.380,244.130,601,240,0
1736348400,244.080,244.730,243.580,244.630,526,240,0
1736352000,244.580,245.030,243.430,243.930,462,240,0
1736355600,244.330,244.330,243.030,243.880,63,240,0
1736359200,243.930,244.230,243.630,243.730,29,240,0
1736416800,243.030,244.680,242.680,244.680,77,240,0
1736420400,245.380,245.380,244.930,244.930,56,240,0
1736424000,244.980,246.630,244.880,246.030,140,240,0
1736427600,245.730,246.330,245.730,246.080,64,240,0
1736431200,245.430,245.430,245.180,245.430,7,240,0
1736434800,245.180,245.980,244.730,245.630,159,240,0
1736438400,245.530,246.730,245.480,246.280,190,240,0
1736442000,246.330,246.530,245.730,246.030,133,240,0
1736445600,246.080,246.180,245.280,245.430,125,240,0
1736503200,245.880,246.930,245.330,245.580,61,240,0
1736506800,245.430,247.130,245.180,247.080,43,240,0
1736510400,245.880,248.280,245.630,248.230,269,240,0
1736514000,248.180,248.430,247.480,247.630,306,240,0
1736517600,247.830,248.230,247.380,248.030,230,240,0
1736521200,247.980,248.730,245.180,247.330,216,240,0
1736524800,246.630,247.030,245.080,247.030,552,240,0
1736528400,246.830,246.830,244.280,245.280,646,240,0
1736532000,245.330,245.680,244.480,244.830,216,240,0
1736762400,243.530,243.580,238.980,240.380,186,240,0
1736766000,240.330,240.530,238.180,239.780,361,240,0
1736769600,239.880,240.630,239.880,239.980,323,240,0
1736773200,240.030,240.730,239.130,239.430,280,240,0
1736776800,239.530,241.030,239.530,240.430,237,240,0
1736780400,240.580,241.130,239.280,239.730,367,240,0
1736784000,239.680,240.930,239.680,240.230,188,240,0
1736787600,240.280,241.030,239.830,240.480,367,240,0
1736791200,240.430,240.730,239.830,240.330,90,240,0
1736848800,238.930,239.130,235.480,237.480,435,240,0
1736852400,237.380,238.780,236.680,238.080,307,240,0
1736856000,238.030,238.630,236.880,236.880,313,240,0
1736859600,236.830,238.530,236.830,237.680,267,240,0
1736863200,237.630,238.830,237.030,237.030,228,240,0
1736866800,237.080,237.430,236.830,236.930,202,240,0
1736870400,238.180,238.280,236.530,236.530,340,240,0
1736874000,236.630,238.080,236.430,236.830,244,240,0
1736877600,236.880,237.780,236.730,237.530,131,240,0
1736935200,237.530,238.030,237.130,237.680,147,240,0
1736938800,237.630,237.930,237.230,237.480,270,240,0
1736942400,237.530,237.980,237.330,237.930,186,240,0
1736946000,238.930,239.130,238.530,238.530,100,240,0
1736949600,238.680,239.080,237.880,238.430,114,240,0
1736953200,238.380,240.580,237.680,237.930,112,240,0
1736956800,238.830,240.680,238.830,240.630,475,240,0
1736960400,240.680,241.280,239.830,240.730,508,240,0
1736964000,240.780,241.530,240.680,241.180,157,240,0
1737021600,244.180,244.730,242.280,242.280,112,240,0
1737025200,242.180,243.780,242.180,243.580,40,240,0
1737028800,243.680,245.230,243.680,244.780,47,240,0
1737032400,244.730,244.930,244.230,244.430,43,240,0
1737036000,244.480,244.530,242.880,242.880,32,240,0
1737039600,242.980,243.230,241.980,242.230,40,240,0
1737043200,242.280,242.330,240.380,240.880,73,240,0
1737046800,240.430,241.630,240.230,241.130,445,240,0
1737050400,241.230,241.830,241.030,241.430,131,240,0
1737108000,242.380,242.380,239.880,240.780,107,240,0
1737111600,240.730,242.880,240.730,242.580,343,240,0
1737115200,242.630,242.830,241.930,242.280,240,240,0
1737118800,242.230,242.230,241.480,241.830,286,240,0
1737122400,241.930,242.380,241.580,241.880,169,240,0
1737126000,241.830,242.280,241.430,242.130,179,240,0
1737129600,242.180,242.480,241.630,242.480,291,240,0
1737133200,241.680,242.680,241.480,242.480,287,240,0
1737136800,242.530,242.630,241.830,242.530,74,240,0
1737367200,241.930,242.380,241.380,241.630,94,240,0
1737370800,241.780,242.780,241.780,242.330,214,240,0
1737374400,242.380,243.130,242.330,242.530,128,240,0
1737378000,242.580,242.580,241.880,242.030,155,240,0
1737381600,241.980,241.980,240.580,241.130,102,240,0
1737385200,241.330,244.030,241.330,244.030,132,240,0
1737388800,244.130,244.580,243.130,244.280,320,240,0
1737392400,244.330,244.880,243.530,244.030,390,240,0
1737396000,244.080,244.080,243.330,243.730,84,240,0
1737453600,242.280,243.080,241.980,242.980,175,240,0
1737457200,243.080,243.130,241.880,242.030,317,240,0
1737460800,242.030,242.230,240.930,241.730,297,240,0
1737464400,241.880,242.130,241.080,242.130,203,240,0
1737468000,241.280,242.230,241.280,241.930,166,240,0
1737471600,242.030,242.080,241.230,241.230,120,240,0
1737475200,241.080,242.530,240.980,242.330,143,240,0
1737478800,242.380,242.730,241.730,241.830,240,240,0
1737482400,241.980,243.830,241.930,243.830,31,240,0
1737540000,252.730,259.730,252.630,258.380,382,240,0
1737543600,258.330,259.830,257.580,259.430,690,240,0
1737547200,259.480,259.830,258.330,259.480,497,240,0
1737550800,259.530,260.330,258.630,260.130,412,240,0
1737554400,260.080,260.830,258.980,259.780,276,240,0
1737558000,259.830,262.680,259.830,262.130,287,240,0
1737561600,262.180,262.430,259.030,259.630,397,240,0
1737565200,259.680,260.230,258.730,258.730,339,240,0
1737568800,258.930,259.830,258.730,258.930,77,240,0
1737626400,258.680,259.630,257.830,259.380,276,240,0
1737630000,259.580,259.630,257.630,257.930,259,240,0
1737633600,258.030,258.230,257.330,258.230,167,240,0
1737637200,258.130,258.130,256.480,256.630,41,240,0
1737640800,256.680,257.130,256.280,256.830,47,240,0
1737644400,256.830,257.230,256.330,256.930,45,240,0
1737648000,257.030,257.330,254.930,255.030,76,240,0
1737651600,255.030,256.530,254.630,256.430,62,240,0
1737655200,256.530,258.430,256.330,258.430,55,240,0
1737712800,258.980,259.330,257.530,258.180,134,240,0
1737716400,258.080,258.430,256.430,258.430,226,240,0
1737720000,258.480,258.630,256.530,256.930,162,240,0
1737723600,257.030,257.930,256.180,256.330,204,240,0
1737727200,256.230,256.480,255.630,255.680,122,240,0
1737730800,255.630,255.980,254.830,255.580,168,240,0
1737734400,255.430,255.630,254.130,254.980,174,240,0
1737738000,255.030,255.230,252.330,253.130,302,240,0
1737741600,253.230,254.230,253.230,254.130,83,240,0
1737972000,252.930,255.980,251.680,255.530,333,240,0
1737975600,255.480,255.780,254.130,255.180,611,240,0
1737979200,255.230,256.130,254.230,254.280,392,240,0
1737982800,254.230,254.930,253.880,254.530,511,240,0
1737986400,254.630,255.580,254.380,255.130,259,240,0
1737990000,255.180,255.580,254.630,255.430,355,240,0
1737993600,255.380,255.480,253.330,254.030,271,240,0
1737997200,254.080,254.930,253.230,254.830,494,240,0
1738000800,254.780,255.130,254.430,254.530,110,240,0
1738058400,253.130,254.280,252.930,254.280,103,240,0
1738062000,254.280,255.430,254.280,255.330,44,240,0
1738065600,255.130,255.530,254.380,255.530,41,240,0
1738069200,255.330,255.830,255.130,255.380,20,240,0
1738072800,255.180,255.180,254.230,254.780,32,240,0
1738076400,254.830,255.030,254.580,254.780,61,240,0
1738080000,254.980,255.130,254.430,255.130,227,240,0
1738083600,255.180,255.230,254.030,254.180,246,240,0
1738087200,254.130,254.930,253.930,254.730,124,240,0
1738144800,252.830,253.280,252.130,252.980,172,240,0
1738148400,252.930,253.480,251.830,252.880,281,240,0
1738152000,252.980,253.980,252.930,253.480,269,240,0
1738155600,253.530,253.980,253.230,253.430,119,240,0
1738159200,253.230,253.730,252.980,253.730,135,240,0
1738162800,253.880,255.330,253.080,254.430,191,240,0
1738166400,254.480,257.380,254.430,257.280,218,240,0
1738170000,257.230,257.280,255.530,255.980,251,240,0
1738173600,255.930,256.680,255.930,256.030,143,240,0
1738231200,257.430,257.430,255.880,257.280,66,240,0
1738234800,256.630,257.580,256.480,256.730,29,240,0
1738238400,256.680,257.830,256.680,257.730,38,240,0
1738242000,257.930,258.730,257.930,258.530,33,240,0
1738245600,258.630,259.180,258.480,259.080,36,240,0
1738249200,259.030,259.580,258.780,259.130,150,240,0
1738252800,259.080,259.830,258.930,259.180,107,240,0
1738256400,258.980,259.830,258.780,259.380,262,240,0
1738260000,259.430,259.830,259.180,259.330,61,240,0
1738317600,258.630,259.580,258.530,258.880,153,240,0
1738321200,258.980,259.230,256.680,257.730,237,240,0
1738324800,257.880,257.930,257.080,257.430,222,240,0
1738328400,257.530,258.130,256.880,256.880,191,240,0
1738332000,256.830,257.080,256.330,256.730,226,240,0
1738335600,256.680,256.680,255.930,256.180,92,240,0
1738339200,256.330,256.330,254.830,255.430,172,240,0
1738342800,255.330,256.080,255.130,255.730,259,240,0
1738346400,255.680,255.830,255.130,255.330,115,240,0
1738576800,247.380,252.080,247.380,251.280,296,240,0
1738580400,251.380,251.830,250.530,250.780,87,240,0
1738584000,250.880,252.330,250.880,252.130,49,240,0
1738587600,252.130,252.180,251.830,251.930,32,240,0
1738591200,251.830,252.230,251.230,251.280,36,240,0
1738594800,251.480,252.480,251.380,251.430,41,240,0
1738598400,251.330,251.680,250.530,250.680,56,240,0
1738602000,250.430,254.030,250.280,253.680,568,240,0
1738605600,253.730,253.780,252.630,252.630,411,240,0
1738663200,253.230,253.680,251.130,252.180,143,240,0
1738666800,252.380,252.530,251.680,252.230,36,240,0
1738670400,252.180,252.330,251.530,252.030,29,240,0
1738674000,251.830,252.280,251.630,251.630,36,240,0
1738677600,251.730,252.830,251.730,252.530,30,240,0
1738681200,252.430,253.030,252.230,252.430,36,240,0
1738684800,252.430,252.930,251.830,252.930,47,240,0
1738688400,253.080,253.130,252.330,252.630,41,240,0
1738692000,252.630,253.080,252.530,252.730,23,240,0
1738749600,251.880,251.880,250.930,251.330,139,240,0
1738753200,251.380,252.330,250.580,250.730,307,240,0
1738756800,250.930,251.480,250.830,251.330,152,240,0
1738760400,251.330,251.680,251.130,251.630,49,240,0
1738764000,251.680,251.830,251.330,251.430,68,240,0
1738767600,251.630,252.130,251.330,251.830,47,240,0
1738771200,251.780,252.430,251.380,252.130,63,240,0
1738774800,252.180,252.230,251.030,251.130,221,240,0
1738778400,251.030,251.530,250.780,251.430,48,240,0
1738836000,253.530,255.430,253.380,255.430,71,240,0
1738839600,255.480,257.330,255.280,257.230,34,240,0
1738843200,257.430,257.530,255.230,255.230,40,240,0
1738846800,255.130,256.680,254.680,256.330,49,240,0
1738850400,256.280,256.730,255.780,256.430,35,240,0
1738854000,256.430,256.830,255.180,255.330,46,240,0
1738857600,255.730,257.630,255.730,257.630,32,240,0
1738861200,257.680,258.330,257.430,257.430,67,240,0
1738864800,257.530,259.230,257.530,259.130,36,240,0
1738922400,256.630,257.280,255.680,257.080,268,240,0
1738926000,256.880,257.130,255.930,256.480,336,240,0
1738929600,256.580,257.480,256.330,257.330,346,240,0
1738933200,257.280,257.730,257.080,257.580,321,240,0
1738936800,257.480,257.480,256.430,256.530,75,240,0
1738940400,256.480,256.730,255.030,255.530,189,240,0
1738944000,255.780,256.130,254.780,256.130,338,240,0
1738947600,255.980,256.530,253.830,254.630,331,240,0
1738951200,254.530,254.730,252.330,253.530,151,240,0
1739181600,253.630,255.280,253.530,254.930,141,240,0
1739185200,254.880,255.630,254.580,254.930,219,240,0
1739188800,254.880,255.230,254.630,255.030,217,240,0
1739192400,255.530,256.080,255.330,255.830,105,240,0
1739196000,255.930,255.930,255.180,255.330,132,240,0
1739199600,255.380,255.630,255.180,255.430,127,240,0
1739203200,255.430,255.930,254.830,255.130,145,240,0
1739206800,255.130,257.230,255.030,257.230,205,240,0
1739210400,256.480,257.330,256.430,257.330,104,240,0
1739268000,257.380,257.630,256.830,257.330,154,240,0
1739271600,257.130,257.430,255.630,256.030,97,240,0
1739275200,256.180,256.230,255.430,255.930,101,240,0
1739278800,255.830,256.380,255.830,256.330,49,240,0
1739282400,256.230,256.230,255.030,255.030,91,240,0
1739286000,255.130,255.830,255.130,255.330,40,240,0
1739289600,255.230,255.830,254.230,254.830,160,240,0
1739293200,254.930,255.030,254.230,254.930,144,240,0
1739296800,254.930,255.430,254.830,255.130,25,240,0
1739354400,257.330,258.380,256.630,257.480,82,240,0
1739358000,257.080,257.830,256.930,257.730,46,240,0
1739361600,257.680,257.930,256.630,256.780,40,240,0
1739365200,256.630,256.980,256.530,256.630,26,240,0
1739368800,256.680,257.880,256.580,257.880,41,240,0
1739372400,257.930,258.230,255.280,257.030,125,240,0
1739376000,257.180,258.830,257.030,258.580,43,240,0
1739379600,258.680,259.780,258.030,259.430,68,240,0
1739383200,259.330,259.330,258.730,259.130,35,240,0
1739440800,261.580,262.430,260.880,261.230,402,240,0
1739444400,261.180,261.380,260.080,260.830,460,240,0
1739448000,260.930,261.530,260.480,260.830,197,240,0
1739451600,260.780,262.130,260.680,261.980,205,240,0
1739455200,262.030,262.730,260.980,261.130,346,240,0
1739458800,261.230,262.580,261.180,261.930,218,240,0
1739462400,261.830,262.780,261.830,262.530,385,240,0
1739466000,262.480,263.430,262.130,263.430,344,240,0
1739469600,263.430,263.630,263.130,263.380,34,240,0
1739527200,262.130,262.630,260.880,261.030,124,240,0
1739530800,261.080,262.130,260.730,262.030,44,240,0
1739534400,261.630,261.830,259.880,259.930,75,240,0
1739538000,260.030,260.030,259.130,259.830,54,240,0
1739541600,259.580,259.780,258.980,259.230,31,240,0
1739545200,259.430,259.930,259.230,259.630,30,240,0
1739548800,259.630,259.930,259.430,259.830,42,240,0
1739552400,259.680,259.830,258.730,258.730,52,240,0
1739556000,258.830,258.830,257.630,257.630,25,240,0
1739786400,258.280,258.580,257.030,257.080,223,240,0
1739790000,257.030,258.980,257.030,258.880,265,240,0
1739793600,258.830,259.730,258.280,258.930,283,240,0
1739797200,258.880,259.030,258.330,258.730,148,240,0
1739800800,258.930,259.180,258.330,259.130,71,240,0
1739804400,259.180,259.180,258.630,258.830,55,240,0
1739808000,258.780,259.180,258.330,259.080,78,240,0
1739811600,259.130,260.130,258.880,260.130,92,240,0
1739815200,260.030,260.130,259.130,260.030,21,240,0
1739872800,259.130,259.530,256.880,256.880,214,240,0
1739876400,256.830,257.030,253.680,254.230,480,240,0
1739880000,254.330,256.480,254.230,256.430,285,240,0
1739883600,256.480,256.630,255.330,256.480,136,240,0
1739887200,256.580,257.330,256.280,257.230,67,240,0
1739890800,257.030,257.480,256.530,257.480,150,240,0
1739894400,257.430,258.080,257.130,257.730,124,240,0
1739898000,257.780,257.780,255.330,255.430,293,240,0
1739901600,255.480,256.080,255.430,255.830,79,240,0
1739959200,254.330,254.780,253.630,254.380,269,240,0
1739962800,254.480,254.780,253.380,254.080,176,240,0
1739966400,254.030,254.080,251.530,252.330,234,240,0
1739970000,252.280,252.380,250.630,251.030,369,240,0
1739973600,250.980,251.480,250.730,250.830,207,240,0
1739977200,250.630,251.030,249.930,250.530,152,240,0
1739980800,250.480,250.830,248.830,248.880,199,240,0
1739984400,248.880,249.530,248.380,249.130,328,240,0
1739988000,249.230,249.830,247.930,248.430,88,240,0
1740045600,250.380,251.280,248.930,249.530,118,240,0
1740049200,249.630,249.730,249.030,249.730,52,240,0
1740052800,249.930,250.330,249.730,249.830,53,240,0
1740056400,249.830,249.930,249.030,249.030,43,240,0
1740060000,249.030,249.480,248.630,249.030,49,240,0
1740063600,248.930,249.030,248.230,248.430,35,240,0
1740067200,248.680,249.730,248.230,248.330,87,240,0
1740070800,248.480,248.580,245.830,245.930,108,240,0
1740074400,245.230,246.830,245.230,246.580,33,240,0
1740132000,247.780,248.580,247.480,248.330,77,240,0
1740135600,248.230,248.730,247.130,247.330,54,240,0
1740139200,247.330,247.430,246.730,247.130,68,240,0
1740142800,247.030,247.030,246.330,246.380,40,240,0
1740146400,246.530,246.830,245.930,246.230,48,240,0
1740150000,246.230,246.930,245.530,245.780,34,240,0
1740153600,245.830,246.130,243.980,244.080,91,240,0
1740157200,244.180,244.530,242.730,243.230,89,240,0
1740160800,243.430,244.630,243.430,244.630,48,240,0
1740391200,249.580,249.580,243.680,244.630,138,240,0
1740394800,244.780,246.430,244.780,245.980,77,240,0
1740398400,246.130,247.180,245.430,245.430,58,240,0
1740402000,245.630,247.330,245.630,246.630,45,240,0
1740405600,246.730,246.730,245.830,246.530,52,240,0
1740409200,246.580,246.730,246.030,246.330,43,240,0
1740412800,246.330,246.730,244.330,244.530,91,240,0
1740416400,244.930,245.930,244.130,244.930,104,240,0
1740420000,244.830,245.830,244.730,245.530,64,240,0
1740477600,242.630,245.130,242.530,243.980,82,240,0
1740481200,244.030,246.030,244.030,245.330,67,240,0
1740484800,245.580,246.130,244.230,244.230,60,240,0
1740488400,244.380,246.830,244.380,246.530,62,240,0
1740492000,246.480,247.430,246.230,247.030,47,240,0
1740495600,247.030,247.230,246.130,247.230,50,240,0
1740499200,247.130,247.130,245.930,246.530,81,240,0
1740502800,246.380,246.380,244.930,245.930,109,240,0
1740506400,245.930,246.130,245.430,245.680,44,240,0
1740564000,246.280,247.030,244.930,245.330,82,240,0
1740567600,245.230,246.930,245.230,246.830,59,240,0
1740571200,247.030,247.180,246.230,246.830,42,240,0
1740574800,246.730,247.630,246.330,247.130,37,240,0
1740578400,247.080,247.780,247.080,247.230,46,240,0
1740582000,247.330,247.430,246.730,246.930,47,240,0
1740585600,246.830,246.830,245.430,245.630,46,240,0
1740589200,245.530,248.030,245.530,248.030,67,240,0
1740592800,248.130,248.230,247.730,248.030,35,240,0
1740650400,244.680,245.180,243.330,243.830,106,240,0
1740654000,244.230,247.480,244.230,247.480,62,240,0
1740657600,247.230,247.630,246.730,247.130,47,240,0
1740661200,246.880,247.630,246.730,247.230,46,240,0
1740664800,247.330,247.430,246.980,247.230,39,240,0
1740668400,247.230,247.430,244.580,245.080,99,240,0
1740672000,244.980,245.830,243.480,243.480,85,240,0
1740675600,243.480,245.280,242.930,244.730,103,240,0
1740679200,244.830,245.730,244.630,245.430,50,240,0
1740736800,242.730,244.180,241.480,243.980,134,240,0
1740740400,243.830,244.580,243.780,244.330,47,240,0
1740744000,244.530,244.530,243.330,243.530,55,240,0
1740747600,243.530,243.780,243.130,243.530,37,240,0
1740751200,243.580,243.630,242.930,243.630,60,240,0
1740754800,243.530,243.830,242.830,242.880,53,240,0
1740758400,243.130,243.830,242.530,243.230,80,240,0
1740762000,243.330,245.030,243.330,245.030,77,240,0
1740765600,245.130,245.530,244.030,245.430,51,240,0
1740996000,243.730,245.880,243.430,245.830,183,240,0
1740999600,245.780,246.930,245.080,246.830,63,240,0
1741003200,246.830,246.830,245.430,245.430,56,240,0
1741006800,245.530,246.730,245.330,246.630,44,240,0
1741010400,246.830,249.580,246.580,249.530,146,240,0
1741014000,249.430,249.580,246.830,247.580,72,240,0
1741017600,247.630,249.230,247.630,248.230,76,240,0
1741021200,248.230,248.730,246.180,247.730,135,240,0
1741024800,247.830,247.930,246.830,247.430,50,240,0
1741082400,244.480,244.480,240.180,241.280,216,240,0
1741086000,241.280,241.330,239.830,240.430,75,240,0
1741089600,240.780,240.880,239.230,240.130,88,240,0
1741093200,239.930,240.630,239.480,240.130,60,240,0
1741096800,239.980,241.980,239.430,240.980,95,240,0
1741100400,240.730,241.330,239.480,239.530,44,240,0
1741104000,239.330,240.280,238.080,238.680,123,240,0
1741107600,238.630,239.280,237.130,238.030,138,240,0
1741111200,238.130,238.330,236.580,237.830,50,240,0
1741168800,231.330,233.180,228.480,230.530,517,240,0
1741172400,230.580,236.880,230.430,236.480,276,240,0
1741176000,236.630,240.630,235.880,239.430,316,240,0
1741179600,239.630,241.330,238.730,239.180,175,240,0
1741183200,239.230,239.780,233.230,233.930,222,240,0
1741186800,233.880,234.980,231.780,232.180,218,240,0
1741190400,232.180,235.080,231.630,234.780,206,240,0
1741194000,235.580,242.080,234.480,240.680,308,240,0
1741197600,239.780,239.930,237.230,238.680,134,240,0
1741255200,243.180,244.030,240.280,240.980,228,240,0
1741258800,240.880,242.030,237.280,237.680,143,240,0
1741262400,237.480,237.730,236.130,237.480,121,240,0
1741266000,237.330,238.330,237.330,237.330,75,240,0
1741269600,237.530,238.730,237.130,237.930,73,240,0
1741273200,238.030,238.830,237.830,237.930,81,240,0
1741276800,237.930,238.130,234.830,235.980,165,240,0
1741280400,235.980,239.430,235.830,239.380,141,240,0
1741284000,239.530,242.230,239.530,242.230,86,240,0
1741341600,236.130,236.830,233.830,235.580,268,240,0
1741345200,235.380,239.430,235.180,237.730,137,240,0
1741348800,237.780,237.980,234.430,234.830,142,240,0
1741352400,234.980,235.930,234.780,235.430,54,240,0
1741356000,235.580,236.230,234.930,235.980,56,240,0
1741359600,235.880,237.530,235.380,235.580,112,240,0
1741363200,235.430,235.880,233.530,235.080,149,240,0
1741366800,235.230,237.130,234.830,237.030,156,240,0
1741370400,236.930,237.030,236.330,236.330,46,240,0
1741600800,239.730,239.730,231.680,231.780,283,240,0
1741604400,231.680,234.180,231.280,232.380,294,240,0
1741608000,232.580,233.380,231.180,231.730,129,240,0
1741611600,231.880,232.180,230.530,231.680,124,240,0
1741615200,232.430,232.430,229.930,231.230,80,240,0
1741618800,231.780,232.030,230.130,230.630,140,240,0
1741622400,230.580,230.580,227.980,228.530,205,240,0
1741626000,228.780,229.330,225.930,226.530,159,240,0
1741629600,226.480,226.730,225.530,226.230,67,240,0
1741687200,228.080,228.780,226.630,226.930,180,240,0
1741690800,227.130,227.280,225.280,225.280,108,240,0
1741694400,225.330,225.380,223.930,224.380,88,240,0
1741698000,223.880,224.030,223.180,223.580,82,240,0
1741701600,223.480,224.080,222.430,223.530,87,240,0
1741705200,223.780,224.830,222.830,223.030,125,240,0
1741708800,223.280,223.880,220.480,222.580,338,240,0
1741712400,222.380,223.980,222.080,222.180,189,240,0
1741716000,221.730,221.780,220.830,221.230,54,240,0
1741773600,223.180,223.230,220.280,222.230,219,240,0
1741777200,222.330,222.480,221.230,221.230,94,240,0
1741780800,221.380,221.930,220.780,221.730,51,240,0
1741784400,221.880,223.980,221.880,222.580,44,240,0
1741788000,222.430,224.080,222.430,223.380,97,240,0
1741791600,223.430,223.430,220.580,221.280,90,240,0
1741795200,221.530,221.980,220.480,220.630,87,240,0
1741798800,220.880,222.080,220.130,221.730,69,240,0
1741802400,221.530,222.230,221.430,222.130,61,240,0
1741860000,220.380,221.330,218.880,221.330,254,240,0
1741863600,221.530,224.230,220.730,224.030,118,240,0
1741867200,224.180,225.380,223.380,223.380,80,240,0
1741870800,223.380,223.930,221.280,221.480,93,240,0
1741874400,221.430,221.480,219.630,219.880,101,240,0
1741878000,220.030,221.230,218.780,218.780,107,240,0
1741881600,218.680,221.380,218.580,221.330,126,240,0
1741885200,221.580,221.780,219.730,220.780,107,240,0
1741888800,220.830,221.130,219.930,219.930,58,240,0
1741946400,220.180,225.480,219.080,225.130,278,240,0
1741950000,225.380,227.380,225.180,225.930,121,240,0
1741953600,226.080,227.780,225.930,227.030,176,240,0
1741957200,227.230,227.780,226.030,227.480,109,240,0
1741960800,227.730,228.180,226.330,226.430,97,240,0
1741964400,226.480,226.930,224.830,224.830,113,240,0
1741968000,224.580,224.980,223.730,224.080,113,240,0
1741971600,224.280,224.530,222.630,222.930,78,240,0
1741975200,222.730,223.530,222.730,222.930,36,240,0
1742205600,220.880,221.830,219.680,220.930,147,240,0
1742209200,220.730,220.780,219.180,220.130,109,240,0
1742212800,220.030,220.730,220.030,220.330,61,240,0
1742216400,220.330,221.780,220.330,221.780,57,240,0
1742220000,221.880,223.080,221.630,222.980,59,240,0
1742223600,222.730,223.880,222.630,222.930,81,240,0
1742227200,222.930,224.130,222.180,223.430,49,240,0
1742230800,223.430,223.630,221.330,222.530,79,240,0
1742234400,222.480,222.930,222.480,222.880,25,240,0
1742292000,223.230,225.030,222.980,223.730,143,240,0
1742295600,223.830,224.630,223.330,224.230,66,240,0
1742299200,224.180,224.330,223.330,224.230,85,240,0
1742302800,224.180,224.880,223.630,223.980,41,240,0
1742306400,224.230,225.380,223.930,224.030,62,240,0
1742310000,224.030,224.330,222.280,222.280,88,240,0
1742313600,222.130,222.230,221.130,222.030,61,240,0
1742317200,222.671,222.771,222.371,222.471,39,158,0
1742320800,222.571,223.371,222.371,223.371,157,158,0
1742378400,222.721,224.080,222.071,223.821,344,158,0
1742382000,223.671,224.871,223.280,224.721,365,158,0
1742385600,224.721,226.421,224.571,225.871,329,158,0
1742389200,225.871,225.871,223.671,223.971,405,158,0
1742392800,223.854,224.221,223.271,223.871,391,158,0
1742396400,223.871,224.780,223.371,224.321,378,158,0
1742400000,224.421,226.071,224.371,226.021,446,158,0
1742403600,226.021,227.121,225.921,226.771,309,158,0
1742407200,226.671,226.871,226.471,226.621,193,158,0
1742464800,225.580,226.430,223.980,225.580,160,240,0
1742468400,224.980,225.371,222.880,223.280,299,158,0
1742472000,223.380,224.080,222.471,223.671,346,158,0
1742475600,223.671,224.271,223.121,223.471,434,158,0
1742479200,223.521,223.821,222.280,222.471,326,158,0
1742482800,222.421,222.771,221.621,222.721,431,158,0
1742486400,222.721,223.671,222.621,223.021,449,158,0
1742490000,223.171,223.971,222.471,223.821,267,158,0
1742493600,223.771,224.371,223.730,223.830,148,158,0
1742551200,222.830,223.480,221.080,223.480,280,158,0
1742554800,223.630,224.080,222.580,223.271,266,158,0
1742558400,223.321,224.830,223.221,223.780,454,158,0
1742562000,223.730,223.821,222.971,223.171,274,158,0
1742565600,223.421,223.621,222.671,222.771,324,158,0
1742569200,222.771,223.180,221.571,222.780,332,158,0
1742572800,222.771,223.021,222.030,222.671,430,158,0
1742576400,222.721,224.021,222.371,222.730,454,158,0
1742580000,222.630,223.921,222.630,223.671,190,158,0
1742810400,225.330,227.204,223.321,223.680,194,158,0
1742814000,223.780,223.880,221.871,222.171,268,158,0
1742817600,222.271,222.971,221.921,222.771,351,158,0
1742821200,222.771,223.771,222.671,222.871,326,158,0
1742824800,222.804,222.971,221.971,221.971,313,158,0
1742828400,222.071,224.021,221.671,223.971,432,158,0
1742832000,223.971,224.121,222.780,223.130,329,158,0
1742835600,223.230,223.671,222.421,222.921,339,158,0
1742839200,222.871,223.371,222.771,223.071,183,158,0
1742896800,222.980,223.980,221.380,222.671,202,158,0
1742900400,222.671,224.071,222.221,224.021,439,158,0
1742904000,223.971,224.871,223.371,224.421,402,158,0
1742907600,224.421,225.421,224.371,225.371,370,158,0
1742911200,225.321,225.371,224.371,224.571,282,158,0
1742914800,224.571,224.771,224.221,224.571,384,158,0
1742918400,224.571,224.571,223.671,223.921,298,158,0
1742922000,223.971,224.371,223.330,223.671,243,158,0
1742925600,223.571,224.271,223.571,224.171,139,158,0
1742983200,222.980,223.380,220.030,220.180,212,240,0
1742986800,219.980,220.921,219.680,219.921,336,158,0
1742990400,219.821,221.271,219.721,221.071,375,158,0
1742994000,221.121,221.171,220.571,221.171,334,158,0
1742997600,221.071,221.571,220.771,221.471,275,158,0
1743001200,221.471,221.471,219.621,219.771,477,158,0
1743004800,219.621,221.421,219.571,220.971,447,158,0
1743008400,221.071,222.171,220.730,221.771,403,158,0
1743012000,221.671,221.721,220.971,221.121,254,158,0
1743069600,218.680,218.930,217.280,218.180,276,158,0
1743073200,218.280,219.071,217.580,218.921,400,158,0
1743076800,219.021,219.571,218.671,218.921,351,158,0
1743080400,218.971,219.671,218.871,219.321,358,158,0
1743084000,219.371,219.921,219.221,219.671,385,158,0
1743087600,219.721,221.180,219.671,221.071,449,158,0
1743091200,221.121,221.671,220.521,221.671,282,158,0
1743094800,221.771,222.171,220.830,221.271,242,158,0
1743098400,221.371,221.571,220.971,221.280,128,158,0
1743156000,219.330,221.671,218.230,221.421,265,158,0
1743159600,221.471,221.721,219.621,219.771,428,158,0
1743163200,219.771,221.271,219.771,220.221,497,158,0
1743166800,220.271,221.721,219.921,221.471,329,158,0
1743170400,221.521,221.771,220.971,221.071,390,158,0
1743174000,221.121,222.171,220.771,220.980,542,158,0
1743177600,220.830,221.030,219.421,220.121,470,158,0
1743181200,220.071,221.830,219.821,221.571,384,158,0
1743184800,221.521,222.371,221.421,221.571,303,158,0
1743415200,219.530,219.530,215.930,217.171,264,158,0
1743418800,217.271,217.821,215.630,216.221,275,158,0
1743422400,216.171,216.471,214.971,215.521,384,158,0
1743426000,215.621,215.621,214.121,214.221,327,158,0
1743429600,214.271,215.971,214.121,215.521,424,158,0
1743433200,215.471,218.030,215.471,217.980,421,158,0
1743436800,217.971,218.371,216.480,217.171,302,158,0
1743440400,217.171,217.421,215.871,216.230,465,158,0
1743444000,216.330,216.771,215.730,215.930,113,158,0
1743501600,218.780,224.480,217.630,224.480,287,240,0
1743505200,223.980,225.030,222.921,223.121,196,158,0
1743508800,223.171,224.771,222.980,224.121,305,158,0
1743512400,224.071,224.280,221.771,222.321,277,158,0
1743516000,222.371,222.721,221.271,222.721,355,158,0
1743519600,222.571,224.521,222.380,222.430,393,158,0
1743523200,222.530,223.230,221.430,222.271,217,158,0
1743526800,222.075,222.730,221.280,221.571,348,158,0
1743530400,221.521,223.971,221.471,223.171,245,158,0
1743588000,222.380,223.221,220.480,220.880,302,158,0
1743591600,220.780,222.021,219.571,220.221,457,158,0
1743595200,220.171,221.980,219.921,221.721,339,158,0
1743598800,221.671,222.071,220.921,221.521,311,158,0
1743602400,221.571,221.671,219.530,219.721,292,158,0
1743606000,219.771,220.571,219.171,220.521,98,158,0
1743609600,220.721,222.317,219.771,220.971,115,158,0
1743613200,221.521,222.671,220.721,222.321,93,158,0
1743616800,221.630,222.621,220.721,220.871,53,158,0
1743674400,198.805,203.230,197.030,198.330,857,206,0
1743678000,198.205,199.355,196.580,197.780,735,206,0
1743681600,197.680,199.030,196.980,198.580,363,206,0
1743685200,198.722,199.122,197.130,197.530,374,206,0
1743688800,197.530,200.630,196.772,198.855,314,158,0
1743692400,198.780,201.230,198.305,199.330,300,206,0
1743696000,199.380,200.830,197.280,197.980,438,206,0
1743699600,197.830,198.205,193.730,195.130,691,206,0
1743703200,195.130,196.872,194.980,196.422,219,206,0
1743760800,194.730,195.230,190.580,190.905,663,206,0
1743764400,190.830,191.130,189.130,190.930,555,206,0
1743768000,190.880,192.130,189.580,191.922,474,206,0
1743771600,191.930,192.730,184.455,184.780,1498,158,0
1743775200,184.971,188.580,182.730,187.955,1141,158,0
1743778800,187.930,188.480,185.280,187.680,1079,206,0
1743782400,187.730,189.580,185.380,187.305,1156,206,0
1743786000,187.355,188.430,184.980,186.580,799,206,0
1743789600,186.480,199.201,186.480,198.305,1133,158,0
1744020000,182.005,183.004,175.255,177.155,1789,158,0
1744023600,177.105,182.805,176.605,180.505,1502,206,0
1744027200,180.430,183.705,179.205,182.005,1002,206,0
1744030800,182.172,185.355,181.555,183.355,1398,206,0
1744034400,183.329,185.780,182.747,183.555,1354,158,0
1744038000,183.630,187.280,183.180,186.480,1194,206,0
1744041600,186.405,187.805,184.180,187.755,1177,206,0
1744045200,187.855,197.955,187.455,190.030,1978,206,0
1744048800,189.955,191.030,183.955,186.322,1272,158,0
1744106400,189.205,191.730,185.230,186.780,1323,206,0
1744110000,186.680,186.680,183.830,186.180,832,206,0
1744113600,186.180,186.505,185.172,185.530,516,206,0
1744117200,185.580,187.905,185.130,187.555,491,206,0
1744120800,187.847,189.630,186.521,189.380,721,158,0
1744124400,189.580,190.830,189.030,190.480,621,206,0
1744128000,190.455,193.330,190.230,192.255,1091,206,0
1744131600,192.180,194.380,191.330,191.480,845,206,0
1744135200,191.380,191.980,189.522,189.980,416,206,0
1744192800,183.872,186.655,183.855,184.855,1181,206,0
1744196400,184.905,185.780,184.130,185.680,601,206,0
1744200000,185.780,186.230,184.630,184.930,498,206,0
1744203600,184.872,187.730,184.105,187.030,486,206,0
1744207200,185.355,185.555,181.380,183.555,1088,206,0
1744210800,183.380,185.255,182.405,184.655,578,206,0
1744214400,184.705,188.380,184.255,187.930,1037,206,0
1744218000,187.855,189.255,185.755,185.905,939,206,0
1744221600,185.755,186.580,185.530,185.930,278,206,0
1744279200,202.980,208.880,202.480,204.980,495,240,0
1744282800,204.630,206.180,202.880,204.930,396,240,0
1744286400,204.980,205.480,202.730,204.130,220,240,0
1744290000,204.230,205.780,203.430,205.280,179,158,0
1744293600,205.180,205.380,202.980,203.621,206,158,0
1744297200,203.721,203.721,199.930,200.180,233,158,0
1744300800,200.280,201.630,195.905,196.055,648,158,0
1744304400,195.980,198.280,194.530,197.030,965,206,0
1744308000,197.080,198.380,196.580,196.580,348,206,0
1744365600,199.405,200.630,194.680,194.855,653,206,0
1744369200,194.730,195.321,191.480,192.755,873,158,0
1744372800,192.680,194.122,190.580,193.880,608,206,0
1744376400,193.980,194.030,192.580,193.980,390,206,0
1744380000,193.871,194.230,192.130,193.122,445,158,0
1744383600,193.230,193.980,192.480,193.030,448,206,0
1744387200,193.030,195.072,192.280,193.855,754,206,0
1744390800,193.730,195.780,193.280,194.430,1075,206,0
1744394400,194.280,195.530,194.180,195.530,417,206,0
1744624800,200.080,200.230,198.330,199.730,433,206,0
1744628400,199.830,200.821,198.371,200.771,771,158,0
1744632000,200.821,201.921,199.605,200.471,251,158,0
1744635600,200.421,200.921,199.621,200.321,322,158,0
1744639200,200.371,201.171,200.321,200.821,335,158,0
1744642800,199.897,201.821,199.671,200.421,335,158,0
1744646400,200.371,202.180,200.271,201.630,220,158,0
1744650000,201.730,203.280,201.530,202.680,185,158,0
1744653600,202.580,203.371,201.921,202.671,265,158,0
1744711200,199.580,201.180,197.930,200.830,355,206,0
1744714800,201.480,202.421,199.721,201.821,486,158,0
1744718400,201.854,202.621,201.421,201.621,410,158,0
1744722000,201.771,202.321,200.030,200.871,315,158,0
1744725600,200.921,201.021,198.880,199.030,286,158,0
1744729200,199.130,199.180,197.572,198.880,275,158,0
1744732800,198.930,200.030,198.580,199.630,281,206,0
1744736400,199.680,199.930,198.072,198.480,522,206,0
1744740000,198.555,198.880,198.330,198.530,168,206,0
1744797600,195.205,196.405,193.530,193.830,312,206,0
1744801200,193.722,196.322,193.572,194.505,464,206,0
1744804800,194.605,195.630,194.530,194.872,196,206,0
1744808400,194.822,195.730,194.671,195.580,353,158,0
1744812000,195.630,196.672,195.371,196.597,289,158,0
1744815600,196.571,196.597,194.830,195.430,318,158,0
1744819200,195.622,196.580,194.871,195.272,369,158,0
1744822800,195.130,196.430,195.121,195.746,469,158,0
1744826400,195.821,197.780,195.647,197.780,129,158,0
1744884000,198.655,199.980,197.605,198.130,413,206,0
1744887600,198.030,198.205,197.280,197.880,250,206,0
1744891200,197.830,198.030,196.705,197.830,252,206,0
1744894800,197.855,198.196,196.705,197.480,325,158,0
1744898400,197.071,197.947,196.680,196.730,280,158,0
1744902000,196.780,198.680,196.780,197.980,292,158,0
1744905600,198.030,198.480,197.380,197.930,509,206,0
1744909200,198.030,198.322,197.230,197.330,479,206,0
1744912800,197.330,198.330,197.180,198.272,186,206,0
1745316000,200.330,201.180,198.755,199.330,435,206,0
1745319600,199.380,201.380,199.172,201.130,376,158,0
1745323200,200.980,201.671,200.421,201.071,208,158,0
1745326800,200.971,201.721,200.471,201.021,292,158,0
1745330400,201.121,201.121,199.871,200.621,304,158,0
1745334000,200.671,201.771,200.221,201.321,178,158,0
1745337600,201.271,202.330,200.121,201.930,143,158,0
1745341200,202.030,203.430,201.471,202.721,235,158,0
1745344800,202.571,204.330,202.371,203.671,105,158,0
1745402400,207.080,209.280,206.880,209.171,225,158,0
1745406000,208.930,210.171,208.830,209.671,125,158,0
1745409600,209.521,211.330,208.821,210.571,124,158,0
1745413200,210.571,210.571,208.221,208.621,80,158,0
1745416800,208.621,209.613,208.171,208.830,86,158,0
1745420400,208.980,209.871,208.021,209.571,96,158,0
1745424000,209.721,213.780,209.371,213.780,300,158,0
1745427600,214.030,214.230,211.880,212.880,227,158,0
1745431200,212.730,212.880,210.621,210.880,72,158,0
1745488800,213.480,214.621,211.830,213.921,493,158,0
1745492400,213.821,215.321,213.621,214.771,294,158,0
1745496000,215.280,217.330,214.871,216.571,313,158,0
1745499600,216.671,217.771,216.071,216.771,283,158,0
1745503200,216.821,216.821,215.471,215.771,275,158,0
1745506800,215.721,216.621,215.630,216.421,289,158,0
1745510400,215.721,217.030,215.721,216.721,198,158,0
1745514000,216.671,217.471,216.071,217.221,417,158,0
1745517600,217.271,217.321,216.130,216.271,102,158,0
1745575200,217.380,219.480,215.630,216.080,246,240,0
1745578800,216.030,216.871,214.521,214.971,314,158,0
1745582400,215.021,216.971,214.821,216.730,303,158,0
1745586000,216.680,216.930,215.430,216.521,164,158,0
1745589600,216.571,216.621,215.471,216.421,371,158,0
1745593200,216.371,217.230,215.721,216.721,310,158,0
1745596800,216.821,217.621,216.621,217.371,285,158,0
1745600400,216.880,217.571,215.580,215.921,278,158,0
1745604000,215.871,216.771,215.671,216.730,166,158,0
1745834400,216.380,218.680,216.280,218.221,311,158,0
1745838000,218.021,218.371,216.321,217.621,362,158,0
1745841600,217.671,219.330,217.621,219.221,281,158,0
1745845200,219.271,219.371,218.121,218.471,250,158,0
1745848800,218.521,219.021,217.821,219.021,209,158,0
1745852400,218.471,219.171,218.421,219.071,236,158,0
1745856000,219.121,219.421,217.621,218.821,209,158,0
1745859600,218.771,218.821,216.080,217.021,193,158,0
1745863200,216.330,216.721,216.071,216.121,165,158,0
1745920800,218.630,218.880,214.880,217.780,235,240,0
1745924400,217.580,218.071,216.921,217.821,308,158,0
1745928000,217.871,218.721,216.780,217.721,208,158,0
1745931600,217.821,217.821,213.780,214.380,165,158,0
1745935200,215.221,215.221,212.630,213.521,206,158,0
1745938800,213.571,213.721,212.521,213.421,219,158,0
1745942400,213.471,213.521,209.480,211.230,168,158,0
1745946000,211.080,213.321,210.271,212.021,355,158,0
1745949600,211.971,212.021,210.630,211.921,170,158,0
1746007200,210.180,210.930,207.180,207.680,255,240,0
1746010800,207.480,208.321,204.780,206.021,196,158,0
1746014400,205.971,206.071,203.821,205.730,245,158,0
1746018000,205.830,206.371,204.571,206.271,201,158,0
1746021600,206.321,206.471,204.271,204.321,252,158,0
1746025200,204.271,206.280,202.730,202.730,160,158,0
1746028800,202.480,203.671,201.080,201.280,207,158,0
1746032400,201.330,203.030,200.730,202.530,332,158,0
1746036000,202.680,203.071,201.171,202.621,206,158,0
1746180000,203.880,205.821,203.280,204.571,207,158,0
1746183600,204.521,204.721,203.271,204.071,333,158,0
1746187200,204.021,204.571,203.521,204.221,233,158,0
1746190800,204.121,204.671,204.071,204.471,232,158,0
1746194400,204.671,206.421,204.280,206.421,179,158,0
1746198000,206.321,209.380,206.021,207.221,145,158,0
1746201600,207.254,209.771,207.254,209.021,378,158,0
1746205200,209.071,209.071,206.221,207.230,316,158,0
1746208800,207.330,207.371,206.421,206.921,172,158,0
1746439200,208.430,208.480,206.821,208.021,226,158,0
1746442800,208.071,208.121,207.021,207.471,202,158,0
1746446400,207.421,207.921,207.121,207.471,112,158,0
1746450000,207.521,207.571,206.721,207.371,95,158,0
1746453600,207.530,208.021,207.371,207.871,101,158,0
1746457200,207.871,209.071,207.771,208.721,135,158,0
1746460800,208.571,208.880,207.821,207.971,98,158,0
1746464400,207.921,208.330,207.621,208.221,193,158,0
1746468000,208.271,208.371,207.221,207.521,92,158,0
1746525600,208.480,209.821,207.780,208.421,334,158,0
1746529200,208.454,208.921,205.180,205.821,223,158,0
1746532800,205.871,205.971,203.680,204.730,236,158,0
1746536400,204.880,205.071,204.021,204.621,307,158,0
1746540000,204.671,205.771,204.221,204.921,223,158,0
1746543600,204.971,206.371,204.671,205.321,145,158,0
1746547200,205.221,206.371,205.221,206.080,188,158,0
1746550800,206.021,206.771,205.271,206.371,280,158,0
1746554400,205.671,206.071,205.021,205.871,95,158,0
1746612000,205.980,206.071,204.380,204.721,191,158,0
1746615600,204.671,206.771,204.421,206.371,305,158,0
1746619200,206.471,206.721,205.721,206.171,230,158,0
1746622800,206.271,206.321,205.321,205.321,177,158,0
1746626400,205.571,205.771,205.171,205.421,145,158,0
1746630000,205.521,206.021,205.371,205.571,218,158,0
1746633600,205.621,207.030,204.621,207.030,265,158,0
1746637200,207.180,207.180,205.821,206.030,359,158,0
1746640800,205.980,207.271,205.930,206.171,129,158,0
1746698400,207.130,207.921,206.871,207.921,273,158,0
1746702000,207.971,209.571,207.721,208.871,341,158,0
1746705600,208.971,209.871,208.871,209.121,269,158,0
1746709200,209.671,210.771,209.021,210.671,200,158,0
1746712800,210.480,210.671,209.921,210.121,206,158,0
1746716400,210.171,210.321,207.380,209.421,214,158,0
1746720000,209.371,209.421,206.680,207.371,230,158,0
1746723600,207.421,209.221,207.271,208.730,229,158,0
1746727200,208.830,209.421,208.680,208.921,153,158,0
1746784800,211.530,212.221,209.980,210.521,229,158,0
1746788400,210.671,211.471,210.071,211.371,227,158,0
1746792000,211.421,211.471,210.521,210.930,198,158,0
1746795600,210.830,211.221,210.471,210.621,185,158,0
1746799200,210.571,211.071,209.921,210.521,211,158,0
1746802800,210.571,210.980,210.321,210.771,288,158,0
1746806400,210.521,211.071,209.571,210.271,170,158,0
1746810000,210.321,210.621,209.521,209.971,191,158,0
1746813600,209.230,209.921,208.871,209.221,113,158,0
1747044000,214.130,219.130,214.030,216.780,323,240,0
1747047600,216.580,217.717,214.621,214.771,218,158,0
1747051200,214.671,217.871,214.471,217.130,266,158,0
1747054800,217.030,217.471,215.971,216.371,204,158,0
1747058400,216.421,216.771,215.771,216.271,244,158,0
1747062000,216.171,217.371,215.971,216.671,186,158,0
1747065600,216.571,217.680,215.730,216.230,198,158,0
1747069200,216.330,217.567,213.580,215.480,237,158,0
1747072800,215.530,216.980,213.871,216.880,141,158,0
1747130400,217.480,217.721,215.121,216.430,221,158,0
1747134000,216.971,217.721,216.071,217.221,277,158,0
1747137600,217.271,218.571,216.921,218.571,199,158,0
1747141200,217.571,218.821,217.371,218.721,184,158,0
1747144800,218.771,219.321,218.621,219.121,197,158,0
1747148400,219.171,220.521,218.721,220.321,228,158,0
1747152000,220.271,221.571,220.221,221.271,378,158,0
1747155600,221.321,223.130,221.271,223.130,174,158,0
1747159200,223.280,223.621,222.771,223.521,161,158,0
1747216800,223.180,223.280,219.821,221.321,234,158,0
1747220400,221.271,221.371,220.621,221.371,225,158,0
1747224000,221.421,222.171,220.525,221.771,295,158,0
1747227600,221.771,222.921,221.421,222.871,242,158,0
1747231200,221.871,223.571,221.871,223.171,179,158,0
1747234800,223.171,223.871,223.021,223.371,266,158,0
1747238400,223.230,223.771,222.071,222.330,300,158,0
1747242000,222.330,222.871,221.930,222.371,323,158,0
1747245600,222.371,223.471,221.971,223.271,205,158,0
1747303200,222.280,222.930,221.121,222.171,282,158,0
1747306800,222.321,222.621,220.521,221.071,338,158,0
1747310400,221.071,221.271,219.971,220.730,238,158,0
1747314000,220.571,220.671,219.421,219.571,199,158,0
1747317600,219.471,220.471,219.471,219.671,186,158,0
1747321200,219.621,220.821,219.030,220.071,248,158,0
1747324800,220.071,220.821,219.530,219.721,296,158,0
1747328400,219.721,219.921,218.321,219.271,318,158,0
1747332000,219.221,219.771,218.721,219.080,122,158,0
1747389600,218.280,218.580,216.980,217.921,185,158,0
1747393200,217.921,218.821,216.830,218.371,274,158,0
1747396800,218.421,218.630,217.371,218.430,299,158,0
1747400400,218.230,218.871,217.771,218.171,193,158,0
1747404000,218.371,218.421,217.071,217.371,236,158,0
1747407600,217.371,217.571,216.621,216.871,258,158,0
1747411200,216.821,218.021,216.521,218.021,346,158,0
1747414800,217.808,218.171,217.021,217.471,315,158,0
1747418400,217.471,218.871,217.471,218.871,153,158,0
1747648800,218.880,219.780,217.421,218.221,264,158,0
1747652400,218.221,218.321,216.671,216.771,278,158,0
1747656000,216.821,217.521,216.521,217.071,206,158,0
1747659600,217.171,217.971,216.971,217.621,245,158,0
1747663200,217.580,218.221,217.521,217.971,175,158,0
1747666800,217.971,218.171,217.621,217.621,201,158,0
1747670400,217.621,218.667,217.571,218.571,192,158,0
1747674000,218.571,218.721,217.571,218.371,240,158,0
1747677600,218.371,218.821,218.271,218.821,172,158,0
1747735200,217.730,217.730,215.980,217.371,242,158,0
1747738800,217.371,218.821,217.221,218.621,296,158,0
1747742400,218.671,219.871,218.121,219.871,245,158,0
1747746000,219.971,220.721,219.421,220.521,287,158,0
1747749600,220.621,220.771,219.871,220.671,186,158,0
1747753200,220.671,221.021,220.521,220.621,275,158,0
1747756800,220.621,222.580,220.571,221.530,258,158,0
1747760400,221.380,223.021,221.130,221.871,223,158,0
1747764000,221.821,221.871,220.621,220.671,159,158,0
1747821600,219.580,219.580,218.080,219.171,180,158,0
1747825200,219.221,219.321,218.121,218.571,273,158,0
1747828800,218.621,218.821,218.271,218.671,212,158,0
1747832400,218.771,219.321,218.121,219.321,276,158,0
1747836000,219.271,219.921,219.071,219.471,196,158,0
1747839600,219.521,219.971,219.371,219.771,286,158,0
1747843200,219.771,220.230,219.471,220.130,238,158,0
1747846800,220.221,220.871,219.671,219.971,363,158,0
1747850400,220.021,220.421,219.871,220.121,172,158,0
1747908000,217.780,219.430,217.780,218.171,195,158,0
1747911600,218.121,219.421,217.871,219.071,322,158,0
1747915200,219.121,219.371,218.521,219.071,229,158,0
1747918800,219.071,219.521,218.171,218.521,268,158,0
1747922400,218.380,218.971,218.221,218.571,256,158,0
1747926000,218.571,218.871,217.671,218.571,394,158,0
1747929600,218.571,219.071,217.871,218.521,407,158,0
1747933200,218.521,218.671,216.871,217.471,340,158,0
1747936800,217.667,217.871,217.071,217.671,144,158,0
1747994400,218.680,220.180,218.330,218.871,295,158,0
1747998000,218.871,219.171,217.871,218.821,313,158,0
1748001600,218.771,218.871,217.821,218.371,446,158,0
1748005200,218.371,218.671,217.830,218.671,223,158,0
1748008800,217.971,218.671,211.980,212.030,718,158,0
1748012400,211.830,215.230,209.421,212.180,477,158,0
1748016000,212.080,214.980,211.180,213.280,210,240,0
1748019600,213.254,213.730,212.171,213.021,341,158,0
1748023200,213.071,213.671,212.630,213.421,192,158,0
1748253600,217.930,218.180,215.821,216.721,221,158,0
1748257200,216.721,217.321,216.471,216.521,295,158,0
1748260800,216.521,217.171,216.421,216.971,286,158,0
1748264400,216.971,217.021,216.571,216.621,235,158,0
1748268000,216.580,217.221,216.471,216.971,208,158,0
1748271600,216.971,216.971,216.021,216.771,249,158,0
1748275200,216.821,217.671,216.471,217.471,296,158,0
1748278800,217.521,217.871,217.230,217.671,268,158,0
1748282400,217.671,218.171,217.121,218.071,140,158,0
1748340000,217.780,218.271,216.980,217.821,182,158,0
1748343600,217.821,218.221,216.671,218.121,358,158,0
1748347200,218.121,219.321,218.021,219.021,275,158,0
1748350800,219.021,219.121,218.621,218.871,203,158,0
1748354400,218.871,219.071,218.471,218.621,235,158,0
1748358000,218.621,219.021,218.129,218.521,325,158,0
1748361600,218.521,219.671,218.521,219.121,270,158,0
1748365200,219.121,220.621,219.121,220.121,363,158,0
1748368800,220.171,220.671,219.871,220.521,141,158,0
1748426400,219.430,220.871,219.430,220.671,305,158,0
1748430000,220.721,220.771,219.071,219.371,262,158,0
1748433600,219.271,220.871,218.971,220.571,299,158,0
1748437200,220.621,220.621,219.371,220.471,247,158,0
1748440800,220.571,220.571,219.271,219.271,210,158,0
1748444400,219.171,219.821,218.571,218.871,254,158,0
1748448000,218.871,219.921,218.871,219.171,357,158,0
1748451600,219.171,219.471,218.671,219.021,367,158,0
1748455200,219.071,219.421,218.371,218.371,177,158,0
1748512800,226.380,227.580,224.630,226.030,296,158,0
1748516400,225.830,225.830,223.521,224.421,242,158,0
1748520000,224.421,224.771,224.021,224.621,354,158,0
1748523600,224.621,224.771,224.021,224.321,239,158,0
1748527200,224.321,224.821,223.971,224.021,288,158,0
1748530800,223.971,223.971,222.121,222.121,335,158,0
1748534400,222.021,222.671,220.421,220.621,406,158,0
1748538000,220.621,221.221,219.821,220.071,301,158,0
1748541600,220.071,220.071,219.230,219.830,199,158,0
1748599200,219.030,220.480,218.880,220.321,204,158,0
1748602800,220.321,221.771,220.321,220.971,341,158,0
1748606400,220.971,221.671,220.721,221.071,289,158,0
1748610000,221.071,221.271,220.471,220.721,264,158,0
1748613600,220.571,221.471,220.571,221.021,231,158,0
1748617200,221.021,221.321,219.921,220.971,417,158,0
1748620800,220.971,221.371,219.821,220.221,349,158,0
1748624400,220.371,220.721,219.271,219.421,356,158,0
1748628000,219.521,220.121,218.821,219.221,182,158,0
1748858400,216.730,217.230,213.780,214.680,210,240,0
1748862000,214.480,216.280,214.480,215.821,330,158,0
1748865600,215.721,215.821,213.871,214.671,363,158,0
1748869200,214.671,215.571,214.321,215.521,343,158,0
1748872800,215.621,216.021,215.121,215.271,309,158,0
1748876400,215.221,215.821,214.621,214.871,303,158,0
1748880000,214.871,215.971,214.530,215.071,413,158,0
1748883600,214.954,216.771,214.471,216.721,664,158,0
1748887200,216.671,217.821,216.671,217.521,167,158,0
1748944800,218.630,219.130,215.080,215.521,219,158,0
1748948400,215.571,216.071,214.671,215.521,417,158,0
1748952000,215.521,216.171,213.671,213.980,378,158,0
1748955600,214.180,214.430,212.730,214.071,264,158,0
1748959200,213.921,214.921,213.171,214.871,308,158,0
1748962800,214.921,215.471,214.671,215.071,323,158,0
1748966400,215.171,216.171,215.071,216.121,291,158,0
1748970000,216.171,217.021,215.871,216.721,242,158,0
1748973600,216.721,217.371,216.721,217.171,174,158,0
1749031200,217.230,217.421,215.680,216.980,233,158,0
1749034800,217.130,218.271,216.971,217.921,281,158,0
1749038400,217.971,218.471,216.871,217.021,273,158,0
1749042000,216.971,217.071,215.871,216.071,301,158,0
1749045600,216.221,216.921,215.821,216.530,249,158,0
1749049200,216.530,216.721,214.471,215.021,242,158,0
1749052800,214.971,215.221,214.130,214.630,233,158,0
1749056400,214.380,214.871,213.230,214.371,246,158,0
1749060000,214.571,214.771,214.471,214.571,126,158,0
1749117600,214.430,215.280,213.880,214.571,239,158,0
1749121200,214.571,215.471,214.371,214.471,307,158,0
1749124800,214.471,215.121,214.171,215.071,273,158,0
1749128400,215.071,215.121,214.371,214.571,217,158,0
1749132000,214.621,214.721,212.621,212.721,250,158,0
1749135600,212.671,213.680,212.071,213.180,358,158,0
1749139200,213.180,213.580,210.780,210.980,379,158,0
1749142800,211.080,212.580,210.971,212.221,250,158,0
1749146400,212.271,212.271,211.630,211.921,154,158,0
1749204000,210.580,210.730,208.280,210.171,201,158,0
1749207600,210.221,210.971,210.071,210.921,347,158,0
1749211200,210.921,211.471,210.571,210.571,280,158,0
1749214800,210.571,211.371,210.321,210.971,194,158,0
1749218400,211.121,211.221,210.530,210.671,228,158,0
1749222000,210.671,211.771,210.571,211.271,364,158,0
1749225600,211.271,212.021,210.921,211.121,360,158,0
1749229200,211.071,211.171,210.121,210.271,275,158,0
1749232800,210.230,211.071,210.230,210.921,198,158,0
1749463200,210.830,213.671,210.580,213.671,195,158,0
1749466800,213.721,215.671,213.371,215.571,273,158,0
1749470400,215.621,215.671,214.471,214.621,166,158,0
1749474000,214.621,214.771,214.121,214.230,200,158,0
1749477600,214.280,215.221,214.254,214.471,190,158,0
1749481200,214.471,214.471,213.871,213.971,249,158,0
1749484800,213.971,214.621,213.721,214.371,282,158,0
1749488400,214.371,214.571,213.321,213.571,181,158,0
1749492000,213.571,213.671,213.171,213.421,129,158,0
1749549600,213.080,214.980,213.080,214.021,212,158,0
1749553200,214.021,214.321,212.171,212.321,287,158,0
1749556800,212.321,213.271,212.321,212.921,295,158,0
1749560400,212.971,213.071,212.571,212.721,233,158,0
1749564000,212.671,212.821,211.721,212.371,213,158,0
1749567600,212.371,212.471,211.721,211.821,226,158,0
1749571200,211.871,212.771,211.671,212.671,343,158,0
1749574800,212.475,212.821,211.671,211.871,344,158,0
1749578400,211.971,213.521,211.871,213.121,175,158,0
1749636000,212.680,213.071,211.480,212.821,360,158,0
1749639600,212.771,213.621,212.771,212.971,343,158,0
1749643200,213.121,213.221,211.371,211.371,197,158,0
1749646800,211.371,211.971,211.071,211.071,212,158,0
1749650400,211.171,211.271,210.571,211.221,230,158,0
1749654000,211.271,212.730,210.571,212.121,478,158,0
1749657600,212.121,212.271,210.971,211.221,404,158,0
1749661200,211.171,211.471,210.171,210.721,280,158,0
1749664800,210.721,210.771,209.971,210.121,149,158,0
1749722400,207.930,209.030,205.980,206.421,224,158,0
1749726000,206.421,206.580,205.971,206.421,248,158,0
1749729600,206.421,206.471,206.271,206.371,19,158,0
1749740400,206.230,206.230,205.521,205.771,17,158,0
1749744000,205.771,206.021,204.971,205.271,266,158,0
1749747600,205.371,206.271,204.971,206.021,277,158,0
1749751200,205.971,206.471,205.171,205.371,116,158,0
1749808800,200.780,201.680,199.455,201.421,222,158,0
1749812400,201.471,202.521,199.730,200.180,354,158,0
1749816000,200.280,200.871,199.496,200.330,384,158,0
1749819600,200.130,200.130,199.430,199.972,187,158,0
1749823200,199.921,200.671,199.171,200.271,354,158,0
1749826800,200.321,200.471,199.430,199.430,257,158,0
1749830400,199.330,199.905,198.780,199.122,258,158,0
1749834000,199.330,199.630,198.730,199.630,288,206,0
1749837600,199.530,200.171,199.472,199.680,103,158,0
1750068000,200.030,201.080,199.547,200.071,272,158,0
1750071600,200.121,200.871,199.596,200.821,403,158,0
1750075200,201.017,201.021,199.546,199.747,320,158,0
1750078800,199.721,200.071,199.121,200.071,259,158,0
1750082400,199.930,199.980,199.621,199.905,172,158,0
1750086000,199.896,200.321,199.772,199.847,193,158,0
1750089600,199.821,201.121,199.430,201.030,374,158,0
1750093200,201.080,201.821,200.771,201.471,289,158,0
1750096800,201.471,201.521,200.771,201.221,162,158,0
1750154400,199.430,199.880,197.805,199.522,308,158,0
1750158000,199.430,200.571,199.422,200.121,237,158,0
1750161600,200.121,200.130,198.446,198.797,273,158,0
1750165200,198.671,198.846,198.330,198.647,295,158,0
1750168800,198.521,199.522,198.521,199.421,230,158,0
1750172400,199.421,199.571,197.596,197.646,314,158,0
1750176000,197.571,198.172,196.930,197.130,308,158,0
1750179600,197.230,197.922,196.680,197.572,189,158,0
1750183200,197.630,197.672,197.272,197.422,64,206,0
1750240800,197.130,198.480,197.105,197.780,297,158,0
1750244400,197.771,198.421,197.280,198.021,302,158,0
1750248000,197.997,198.222,197.621,198.021,321,158,0
1750251600,198.021,198.047,196.180,196.280,266,158,0
1750255200,196.305,197.722,196.280,197.446,212,158,0
1750258800,197.446,198.530,197.271,197.921,306,158,0
1750262400,197.930,198.130,196.930,197.680,382,158,0
1750266000,197.622,198.780,197.380,198.380,172,206,0
1750269600,198.322,198.430,197.596,197.672,118,158,0
1750327200,195.055,195.622,194.280,194.930,338,206,0
1750330800,194.880,195.621,194.472,194.746,282,158,0
1750334400,194.746,195.071,194.530,194.921,342,158,0
1750338000,194.921,194.921,194.221,194.421,358,158,0
1750341600,194.647,194.647,193.671,193.930,218,158,0
1750345200,193.872,194.321,193.730,193.980,272,158,0
1750348800,194.080,194.947,193.905,194.447,273,158,0
1750352400,194.471,194.947,193.722,193.972,231,158,0
1750356000,193.872,193.946,193.030,193.121,186,158,0
1750413600,194.530,195.630,194.530,195.471,248,158,0
1750417200,195.471,195.547,194.380,195.030,275,158,0
1750420800,195.130,195.171,194.055,194.822,307,158,0
1750424400,194.772,194.830,194.180,194.572,274,158,0
1750428000,194.471,196.446,194.371,195.946,523,158,0
1750431600,195.972,196.171,195.171,195.297,310,158,0
1750435200,195.347,195.380,194.147,194.730,269,158,0
1750438800,194.630,195.230,194.530,194.730,257,158,0
1750442400,194.580,195.046,194.530,194.680,127,158,0
1750672800,194.505,197.530,194.105,197.530,292,158,0
1750676400,197.480,197.972,197.022,197.380,217,158,0
1750680000,197.372,197.422,195.580,195.772,279,158,0
1750683600,195.580,196.080,195.230,195.780,182,158,0
1750687200,195.846,195.896,193.780,194.630,258,158,0
1750690800,194.830,196.230,194.630,195.980,252,158,0
1750694400,195.922,196.030,195.180,196.030,263,158,0
1750698000,196.180,196.530,195.680,196.097,336,158,0
1750701600,196.121,196.522,196.047,196.321,175,158,0
1750759200,201.730,202.130,199.080,200.430,478,158,0
1750762800,200.480,200.621,199.580,200.121,204,158,0
1750766400,200.171,200.871,200.021,200.571,304,158,0
1750770000,200.471,200.771,198.630,199.330,306,158,0
1750773600,199.330,199.330,198.497,198.921,287,158,0
1750777200,198.947,198.971,196.946,196.971,243,158,0
1750780800,196.971,197.630,195.780,195.930,267,158,0
1750784400,195.930,198.172,194.630,198.130,265,206,0
1750788000,198.222,198.772,197.930,198.072,145,158,0
1750845600,199.105,199.705,198.621,198.671,270,158,0
1750849200,198.697,199.630,197.630,199.480,270,158,0
1750852800,199.530,200.321,199.430,199.730,223,158,0
1750856400,199.730,199.780,198.380,198.880,242,158,0
1750860000,198.821,199.671,198.471,199.571,283,158,0
1750863600,199.571,199.596,198.122,198.572,252,158,0
1750867200,198.530,198.771,196.680,196.780,233,158,0
1750870800,196.672,197.371,196.280,196.972,258,158,0
1750874400,197.071,197.172,196.822,197.021,122,158,0
1750932000,198.205,198.380,196.230,196.380,291,158,0
1750935600,196.472,197.522,196.330,196.422,262,158,0
1750939200,196.530,196.646,195.821,196.247,311,158,0
1750942800,196.297,196.297,195.371,195.496,325,158,0
1750946400,196.046,196.121,195.472,196.071,306,158,0
1750950000,196.047,196.071,194.530,194.672,219,158,0
1750953600,194.680,195.097,193.230,193.822,293,158,0
1750957200,193.830,194.030,193.096,193.122,209,158,0
1750960800,193.096,193.571,192.580,192.630,148,158,0
1751018400,195.780,200.371,195.780,199.830,428,158,0
1751022000,199.780,200.180,198.971,199.555,241,158,0
1751025600,199.480,199.530,197.980,198.080,290,158,0
1751029200,198.230,199.522,197.805,199.321,212,158,0
1751032800,199.230,199.780,199.021,199.480,208,158,0
1751036400,199.330,199.621,197.680,197.880,259,158,0
1751040000,197.955,199.305,196.930,199.305,208,158,0
1751043600,199.405,199.480,198.205,198.605,299,206,0
1751047200,198.630,199.180,198.580,199.130,90,206,0
1751277600,199.805,199.805,196.955,198.021,365,158,0
1751281200,198.217,199.180,197.971,198.680,292,158,0
1751284800,198.780,200.371,198.780,200.071,202,158,0
1751288400,200.071,200.871,199.971,200.171,223,158,0
1751292000,200.071,201.171,199.971,201.021,196,158,0
1751295600,201.021,201.121,199.971,200.021,227,158,0
1751299200,199.971,200.371,197.822,197.930,255,158,0
1751302800,198.022,199.096,197.772,198.971,202,158,0
1751306400,199.021,199.097,197.972,197.972,120,158,0
1751364000,198.380,203.280,198.380,202.680,292,158,0
1751367600,202.430,203.421,201.580,202.871,251,158,0
1751371200,202.921,203.121,202.071,202.871,224,158,0
1751374800,202.821,203.421,202.371,203.330,184,158,0
1751378400,203.330,203.721,202.921,203.371,217,158,0
1751382000,203.371,204.971,203.371,204.530,227,158,0
1751385600,204.430,205.880,204.180,205.121,218,158,0
1751389200,205.021,206.130,204.671,205.230,302,158,0
1751392800,205.280,206.080,205.271,206.080,105,158,0
1751450400,207.830,207.880,205.680,206.930,262,158,0
1751454000,207.030,210.130,206.930,209.571,135,158,0
1751457600,209.571,210.030,208.871,209.671,226,158,0
1751461200,209.671,210.421,209.371,209.871,186,158,0
1751464800,210.021,210.621,209.671,209.821,169,158,0
1751468400,209.871,210.121,207.521,207.821,250,158,0
1751472000,207.871,208.871,207.221,207.371,243,158,0
1751475600,207.530,212.580,207.380,208.430,456,158,0
1751479200,208.180,209.680,207.080,208.680,79,240,0
1751536800,209.980,210.530,206.171,207.180,264,158,0
1751540400,207.330,207.580,205.880,206.530,162,158,0
1751544000,206.621,206.821,205.421,205.980,266,158,0
1751547600,205.930,206.671,205.721,205.771,225,158,0
1751551200,205.880,206.030,205.371,205.771,213,158,0
1751554800,205.721,206.880,205.321,206.571,347,158,0
1751558400,206.571,207.971,206.571,207.521,242,158,0
1751562000,207.621,207.771,206.871,207.071,283,158,0
1751565600,206.930,207.371,206.830,207.071,108,158,0
1751623200,205.980,206.330,204.480,205.080,169,158,0
1751626800,205.071,205.271,203.621,203.821,329,158,0
1751630400,203.921,205.021,203.821,204.271,275,158,0
1751634000,204.321,205.221,204.180,204.671,229,158,0
1751637600,204.826,205.471,204.571,205.271,168,158,0
1751641200,205.221,205.671,205.071,205.571,255,158,0
1751644800,205.621,206.421,205.221,206.221,276,158,0
1751648400,206.221,206.571,205.771,205.980,230,158,0
1751652000,206.030,206.080,204.721,205.071,142,158,0
1751882400,206.280,207.330,205.721,207.271,212,158,0
1751886000,207.321,207.721,206.171,207.521,322,158,0
1751889600,207.521,207.671,207.071,207.530,205,158,0
1751893200,207.580,208.171,207.371,208.171,161,158,0
1751896800,208.254,208.821,208.071,208.771,190,158,0
1751900400,208.821,209.171,208.471,208.571,177,158,0
1751904000,208.630,210.071,208.280,210.071,212,158,0
1751907600,210.071,210.721,209.480,209.921,247,158,0
1751911200,209.921,210.071,209.071,209.071,101,158,0
1751968800,208.180,209.071,207.380,209.021,222,158,0
1751972400,209.071,209.071,207.171,207.271,235,158,0
1751976000,207.271,208.471,207.271,208.321,146,158,0
1751979600,208.371,208.671,208.171,208.371,145,158,0
1751983200,208.404,208.421,208.171,208.171,130,158,0
1751986800,208.171,208.171,207.371,207.621,127,158,0
1751990400,207.621,208.771,207.621,208.371,153,158,0
1751994000,208.371,208.671,207.521,208.380,297,158,0
1751997600,208.321,209.530,208.271,209.071,75,158,0
1752055200,208.730,208.880,206.780,207.921,138,158,0
1752058800,207.871,208.821,207.321,208.821,210,158,0
1752062400,208.921,210.571,208.671,210.471,204,158,0
1752066000,210.275,210.371,209.321,209.671,151,158,0
1752069600,209.471,210.771,209.471,210.771,152,158,0
1752073200,210.771,211.671,210.330,211.321,224,158,0
1752076800,211.371,213.271,211.221,213.021,275,158,0
1752080400,213.071,213.421,212.071,213.071,188,158,0
1752084000,213.021,213.171,212.071,212.321,132,158,0
1752141600,213.380,213.471,212.330,212.721,207,158,0
1752145200,212.671,213.071,211.671,212.071,216,158,0
1752148800,212.021,213.171,212.021,212.371,177,158,0
1752152400,212.371,213.271,211.571,212.971,149,158,0
1752156000,212.930,213.171,212.771,212.971,133,158,0
1752159600,212.921,213.721,212.771,213.721,194,158,0
1752163200,213.721,214.871,213.571,214.571,191,158,0
1752166800,214.621,214.671,211.871,211.871,233,158,0
1752170400,211.871,212.530,211.871,212.171,89,158,0
1752228000,210.480,210.480,208.480,209.930,208,158,0
1752231600,210.121,210.321,209.421,209.871,246,158,0
1752235200,209.871,210.371,209.421,209.471,272,158,0
1752238800,209.471,210.321,209.071,210.021,203,158,0
1752242400,210.071,210.421,209.971,210.271,191,158,0
1752246000,210.321,210.421,209.221,210.421,195,158,0
1752249600,210.421,210.821,209.871,210.530,213,158,0
1752253200,210.480,210.480,208.171,208.271,211,158,0
1752256800,208.271,208.771,207.930,208.021,72,158,0
1752487200,205.380,206.621,204.980,206.321,197,158,0
1752490800,206.321,206.521,205.571,206.371,238,158,0
1752494400,206.321,207.471,206.071,207.471,180,158,0
1752498000,207.471,207.871,206.521,206.721,166,158,0
1752501600,206.604,207.121,206.371,206.971,218,158,0
1752505200,206.921,207.221,205.871,205.871,160,158,0
1752508800,205.921,206.371,205.371,205.571,243,158,0
1752512400,205.571,205.971,204.821,205.671,284,158,0
1752516000,205.671,206.371,205.571,206.230,82,158,0
1752573600,206.980,207.871,205.980,207.821,214,158,0
1752577200,207.821,208.671,207.821,208.271,225,158,0
1752580800,208.271,208.271,207.671,208.171,171,158,0
1752584400,208.121,208.671,207.771,208.121,226,158,0
1752588000,208.054,208.321,207.671,207.671,212,158,0
1752591600,207.671,208.121,207.430,207.671,229,158,0
1752595200,207.771,208.271,206.771,206.871,352,158,0
1752598800,206.921,207.471,206.671,206.971,397,158,0
1752602400,206.971,207.471,206.771,207.321,89,158,0
1752660000,206.480,208.080,205.880,207.921,241,158,0
1752663600,207.921,208.921,206.721,208.771,260,158,0
1752667200,208.821,208.821,207.471,207.671,195,158,0
1752670800,207.671,208.621,207.421,207.971,232,158,0
1752674400,208.021,208.721,207.871,208.571,203,158,0
1752678000,208.571,209.121,208.271,208.571,244,158,0
1752681600,208.571,208.871,208.271,208.371,303,158,0
1752685200,208.421,208.771,208.071,208.421,249,158,0
1752688800,208.471,208.671,207.521,208.330,164,158,0
1752746400,209.730,209.980,208.571,208.571,200,158,0
1752750000,208.521,208.571,207.071,207.271,311,158,0
1752753600,207.271,208.171,207.021,207.371,238,158,0
1752757200,207.371,207.371,205.771,205.871,293,158,0
1752760800,205.921,206.421,205.521,205.671,169,158,0
1752764400,205.671,206.021,205.371,205.771,228,158,0
1752768000,205.771,207.221,205.671,206.621,263,158,0
1752771600,206.621,206.721,205.521,205.830,177,158,0
1752775200,205.930,207.167,205.930,206.971,90,158,0
1752832800,206.030,208.321,205.030,208.221,218,158,0
1752836400,208.271,208.821,207.371,207.971,237,158,0
1752840000,208.021,208.121,207.621,207.771,175,158,0
1752843600,207.771,208.171,206.780,206.871,161,158,0
1752847200,207.021,207.071,205.621,205.971,211,158,0
1752850800,205.971,205.971,204.771,205.571,201,158,0
1752854400,205.571,206.671,205.471,205.571,284,158,0
1752858000,205.721,206.071,205.030,205.871,224,158,0
1752861600,205.821,206.221,205.721,205.921,152,158,0
1753092000,205.130,206.921,205.071,205.521,265,158,0
1753095600,205.521,206.321,204.821,206.171,301,158,0
1753099200,206.171,206.521,204.621,204.771,233,158,0
1753102800,204.771,205.121,204.171,204.821,191,158,0
1753106400,204.771,205.121,203.971,204.071,174,158,0
1753110000,204.071,204.221,202.830,203.571,238,158,0
1753113600,203.571,204.721,203.371,204.521,364,158,0
1753117200,204.521,204.771,204.171,204.271,176,158,0
1753120800,204.271,205.171,204.271,204.971,84,158,0
1753178400,204.480,204.821,202.230,202.580,140,158,0
1753182000,202.480,203.121,201.421,201.971,238,158,0
1753185600,201.821,201.871,200.271,201.271,247,158,0
1753189200,201.271,201.921,200.921,201.471,229,158,0
1753192800,201.430,202.821,201.221,202.630,231,158,0
1753196400,202.480,204.421,202.480,204.371,213,158,0
1753200000,204.371,205.471,204.271,204.680,261,158,0
1753203600,204.530,204.880,202.871,202.871,244,158,0
1753207200,202.871,203.121,202.571,202.871,86,158,0
1753264800,202.230,203.880,198.755,199.155,498,158,0
1753268400,199.130,200.671,198.972,199.471,344,158,0
1753272000,199.471,201.621,199.471,200.671,249,158,0
1753275600,200.671,200.771,199.205,199.572,274,158,0
1753279200,200.471,201.071,199.180,200.971,282,158,0
1753282800,200.921,201.521,200.771,201.221,196,158,0
1753286400,201.171,201.571,200.471,200.571,221,158,0
1753290000,200.621,201.430,199.772,199.821,269,158,0
1753293600,199.771,199.930,199.180,199.930,216,158,0
1753351200,202.280,202.530,200.080,200.680,297,158,0
1753354800,200.780,200.780,199.247,199.522,341,158,0
1753358400,199.546,200.030,198.746,198.821,273,158,0
1753362000,198.771,198.971,197.530,198.821,282,158,0
1753365600,198.871,199.047,197.871,198.722,211,158,0
1753369200,198.722,198.821,197.621,198.480,323,158,0
1753372800,198.580,198.580,197.030,198.030,283,158,0
1753376400,197.980,198.480,197.630,198.430,164,206,0
1753380000,198.330,198.330,197.547,197.780,157,158,0
1753437600,194.530,195.905,193.055,193.480,467,206,0
1753441200,193.630,197.705,193.105,196.630,360,206,0
1753444800,196.580,196.880,194.980,196.380,218,158,0
1753448400,196.471,196.521,195.630,196.371,322,158,0
1753452000,196.297,196.421,195.530,196.030,250,158,0
1753455600,196.030,196.671,195.030,195.930,253,158,0
1753459200,195.880,196.680,195.030,196.180,259,206,0
1753462800,196.180,198.646,196.130,198.472,253,158,0
1753466400,198.430,199.230,198.330,198.730,91,206,0
1753696800,201.780,201.980,199.205,200.230,289,158,0
1753700400,200.080,200.430,199.330,199.430,261,158,0
1753704000,199.530,199.871,198.430,198.530,232,158,0
1753707600,198.430,198.971,198.221,198.297,274,158,0
1753711200,198.321,198.372,197.180,197.180,247,158,0
1753714800,197.380,197.521,196.830,197.422,233,158,0
1753718400,197.472,197.530,194.980,195.705,285,158,0
1753722000,195.630,196.130,195.130,195.830,224,158,0
1753725600,195.780,196.380,195.472,196.030,112,158,0
1753783200,197.680,198.580,196.080,198.580,233,158,0
1753786800,198.630,198.705,197.680,198.196,279,158,0
1753790400,198.196,198.830,197.447,198.472,265,158,0
1753794000,198.522,199.272,197.721,198.997,289,158,0
1753797600,199.021,199.647,198.530,199.496,258,158,0
1753801200,199.522,199.647,198.780,199.172,232,158,0
1753804800,199.096,199.372,198.272,198.330,204,158,0
1753808400,198.405,199.630,198.171,198.747,341,158,0
1753812000,198.721,198.847,197.421,197.480,148,158,0
1753869600,187.080,188.584,179.430,182.005,986,158,0
1753873200,181.830,187.080,181.772,184.472,488,206,0
1753876800,184.255,185.472,182.230,183.230,362,158,0
1753880400,183.380,183.605,182.030,182.730,397,206,0
1753884000,183.021,183.046,180.805,181.172,389,158,0
1753887600,181.172,181.780,180.796,180.972,312,158,0
1753891200,180.980,181.180,177.505,177.505,333,206,0
1753894800,177.555,179.130,175.121,175.422,614,158,0
1753898400,175.446,176.030,175.030,175.230,249,158,0
1753956000,177.055,177.180,172.305,173.730,514,206,0
1753959600,173.605,174.430,170.930,171.380,337,206,0
1753963200,171.305,171.580,169.730,171.272,301,206,0
1753966800,171.130,171.830,169.571,169.805,224,158,0
1753970400,169.896,170.071,168.572,168.605,274,158,0
1753974000,168.572,168.922,167.955,168.430,233,206,0
1753977600,168.280,169.622,167.872,169.380,271,158,0
1753981200,169.330,169.730,167.630,168.472,295,158,0
1753984800,168.530,168.530,167.172,167.480,102,206,0
1754042400,165.021,167.205,164.671,164.980,493,158,0
1754046000,165.030,165.730,164.880,165.122,248,206,0
1754049600,164.980,167.180,164.622,166.730,361,158,0
1754053200,166.622,166.771,165.630,166.047,248,158,0
1754056800,166.171,168.472,166.021,168.172,313,158,0
1754060400,168.180,170.180,167.922,169.130,439,158,0
1754064000,169.030,169.030,167.130,167.830,383,158,0
1754067600,167.930,168.605,167.230,167.972,327,206,0
1754071200,167.922,168.030,166.880,166.972,124,206,0
1754301600,166.780,168.821,166.080,168.671,323,158,0
1754305200,168.680,168.680,167.280,167.772,302,158,0
1754308800,167.730,168.021,166.722,166.880,290,158,0
1754312400,166.830,167.471,166.821,167.421,253,158,0
1754316000,167.397,168.380,167.121,168.380,244,158,0
1754319600,168.322,169.397,168.322,168.980,146,158,0
1754323200,168.972,169.222,167.572,167.721,198,157,0
1754326800,167.697,168.022,167.122,167.146,329,158,0
1754330400,167.122,167.180,166.621,167.072,98,158,0
1754388000,166.830,168.330,166.180,166.280,228,157,0
1754391600,166.380,168.272,166.380,168.222,268,158,0
1754395200,167.780,168.171,167.380,168.055,244,157,0
1754398800,167.980,168.372,167.696,167.772,220,157,0
1754402400,167.821,167.921,166.980,167.222,269,157,0
1754406000,167.030,167.030,165.821,166.772,408,158,0
1754409600,166.772,166.796,165.780,165.780,257,157,0
1754413200,165.605,166.330,165.230,165.730,176,206,0
1754416800,165.630,166.396,165.430,166.372,137,158,0
1754474400,166.580,166.871,166.305,166.821,317,158,0
1754478000,166.821,166.871,164.522,164.680,292,157,0
1754481600,164.530,165.230,164.130,164.930,210,158,0
1754485200,164.830,164.980,163.496,163.621,184,157,0
1754488800,163.571,164.321,163.521,164.030,236,157,0
1754492400,163.830,163.947,163.280,163.496,179,158,0
1754496000,163.496,163.922,163.080,163.122,294,158,0
1754499600,163.122,163.472,162.580,162.871,307,158,0
1754503200,162.897,163.330,162.796,163.130,170,158,0
1754560800,161.680,162.422,160.800,161.480,308,158,0
1754564400,161.530,164.422,161.530,164.305,213,206,0
1754568000,164.372,165.796,164.030,165.330,261,158,0
1754571600,165.230,167.571,165.130,166.422,332,158,0
1754575200,167.146,167.571,166.321,166.421,280,157,0
1754578800,166.471,168.480,166.421,167.930,155,158,0
1754582400,167.980,168.672,167.180,167.630,208,206,0
1754586000,167.530,167.872,166.830,167.246,277,158,0
1754589600,167.272,167.346,166.380,166.380,144,158,0
1754647200,166.805,167.580,166.330,167.080,239,158,0
1754650800,167.180,168.172,167.080,167.496,249,158,0
1754654400,167.471,167.771,166.980,167.346,275,158,0
1754658000,167.422,167.947,167.371,167.546,292,157,0
1754661600,167.496,168.222,167.347,168.022,306,157,0
1754665200,168.046,168.180,167.430,167.871,227,157,0
1754668800,167.871,167.971,167.171,167.530,284,157,0
1754672400,167.630,169.055,167.280,167.380,237,206,0
1754676000,167.496,167.871,167.030,167.380,147,158,0
1754906400,168.805,168.805,166.930,167.371,215,158,0
1754910000,167.371,167.471,166.280,166.355,244,158,0
1754913600,166.280,166.696,165.747,165.871,284,157,0
1754917200,165.880,166.246,165.471,165.547,265,157,0
1754920800,165.471,166.771,165.421,166.771,272,157,0
1754924400,166.747,167.021,166.147,166.321,229,157,0
1754928000,166.321,166.430,165.830,166.072,193,157,0
1754931600,166.130,166.197,165.030,165.272,315,157,0
1754935200,165.230,165.280,164.530,164.580,173,158,0
1754992800,165.280,165.530,164.730,164.971,320,158,0
1754996400,164.947,165.222,164.430,164.580,259,157,0
1755000000,164.621,165.271,164.371,164.547,195,157,0
1755003600,164.521,164.997,164.122,164.771,296,157,0
1755007200,164.797,164.972,164.446,164.780,281,157,0
1755010800,164.871,166.030,164.521,165.280,321,158,0
1755014400,165.230,165.430,164.480,165.230,246,158,0
1755018000,165.180,166.430,165.030,166.171,184,158,0
1755021600,166.171,166.972,165.980,166.621,211,158,0
1755079200,167.705,169.247,167.705,168.980,186,158,0
1755082800,168.930,169.071,168.071,168.346,289,157,0
1755086400,168.346,168.472,167.871,168.046,286,157,0
1755090000,168.071,168.171,167.821,168.147,280,157,0
1755093600,168.196,168.196,167.472,167.530,197,157,0
1755097200,167.571,168.272,167.530,168.122,202,157,0
1755100800,168.122,168.472,167.347,168.021,338,157,0
1755104400,168.021,168.871,167.921,168.346,295,157,0
1755108000,168.346,168.621,168.097,168.196,190,158,0
1755165600,168.280,168.280,166.280,166.572,214,158,0
1755169200,166.630,166.921,166.071,166.222,218,158,0
1755172800,166.222,166.896,166.172,166.772,246,157,0
1755176400,166.772,167.146,166.722,166.896,171,157,0
1755180000,166.946,167.646,166.722,167.646,209,157,0
1755183600,167.646,167.646,166.521,166.547,267,157,0
1755187200,166.571,167.222,166.271,167.147,233,157,0
1755190800,167.171,167.872,167.071,167.846,434,158,0
1755194400,167.821,168.022,167.347,167.496,185,158,0
1755252000,168.480,168.680,167.297,167.671,245,158,0
1755255600,167.671,168.071,167.547,167.621,280,157,0
1755259200,167.621,168.222,167.521,167.830,230,157,0
1755262800,167.630,167.680,166.946,166.971,229,157,0
1755266400,167.221,167.221,166.630,167.021,168,157,0
1755270000,166.971,167.071,166.521,166.621,245,157,0
1755273600,166.621,167.172,166.330,166.380,248,157,0
1755277200,166.230,166.721,166.047,166.371,205,157,0
1755280800,166.371,166.497,166.130,166.446,160,158,0
1755511200,166.880,166.880,165.871,166.321,220,158,0
1755514800,166.297,166.622,165.921,166.497,405,157,0
1755518400,166.521,166.571,166.146,166.471,242,157,0
1755522000,166.447,166.780,166.421,166.547,285,157,0
1755525600,166.571,166.797,166.296,166.396,193,157,0
1755529200,166.321,166.596,165.972,166.022,227,157,0
1755532800,166.071,166.722,165.871,166.447,346,157,0
1755536400,166.471,166.721,166.171,166.472,291,158,0
1755540000,166.472,166.622,166.230,166.571,130,157,0
1755597600,167.205,168.080,166.921,167.971,316,158,0
1755601200,167.971,168.880,167.771,168.830,232,157,0
1755604800,168.921,169.930,168.796,169.705,254,157,0
1755608400,169.630,169.721,168.780,169.022,230,157,0
1755612000,168.996,169.171,168.597,168.871,216,157,0
1755615600,168.871,169.022,168.596,168.671,208,157,0
1755619200,168.671,169.480,168.297,169.230,202,157,0
1755622800,169.330,169.897,169.146,169.421,232,157,0
1755626400,169.421,169.596,169.071,169.571,145,158,0
1755684000,169.005,169.130,168.180,168.780,201,157,0
1755687600,168.772,168.896,168.030,168.780,184,158,0
1755691200,168.821,169.596,168.647,168.697,283,158,0
1755694800,168.672,169.146,168.672,169.122,206,157,0
1755698400,168.872,169.547,168.847,168.921,177,157,0
1755702000,168.921,169.272,168.771,168.821,145,157,0
1755705600,168.821,170.180,168.771,169.930,326,157,0
1755709200,169.880,170.230,169.346,169.521,298,158,0
1755712800,169.497,170.322,169.246,170.272,193,157,0
1755770400,169.330,169.455,168.480,168.821,219,157,0
1755774000,168.846,169.271,168.722,168.747,262,157,0
1755777600,168.746,169.422,168.621,169.321,267,157,0
1755781200,169.321,169.521,168.971,168.971,235,158,0
1755784800,168.997,169.272,168.722,169.047,231,157,0
1755788400,169.047,169.222,168.771,168.771,255,157,0
1755792000,168.821,169.522,168.821,168.996,250,158,0
1755795600,168.872,169.271,168.721,168.871,232,157,0
1755799200,168.897,169.021,168.572,168.622,127,157,0
1755856800,167.930,169.630,167.930,169.530,203,158,0
1755860400,169.530,170.372,169.480,170.121,155,157,0
1755864000,170.046,170.180,169.846,170.046,213,157,0
1755867600,170.046,170.321,169.430,170.271,201,157,0
1755871200,170.347,170.396,169.780,169.971,211,157,0
1755874800,169.971,169.997,169.621,169.771,202,157,0
1755878400,169.771,170.372,169.621,170.321,314,157,0
1755882000,170.421,171.972,170.330,171.430,339,158,0
1755885600,171.430,171.622,171.272,171.372,169,158,0
1756116000,171.030,171.480,170.247,170.871,265,157,0
1756119600,170.871,171.321,170.630,171.271,220,157,0
1756123200,171.271,171.846,170.971,171.671,198,157,0
1756126800,171.671,172.722,171.571,172.321,303,157,0
1756130400,172.321,172.497,171.996,172.246,219,157,0
1756134000,172.246,172.296,171.247,171.271,236,157,0
1756137600,171.271,173.297,169.355,169.980,483,157,0
1756141200,170.005,170.380,168.830,169.171,232,158,0
1756144800,169.196,169.522,169.022,169.180,107,158,0
1756202400,168.205,169.255,167.055,167.980,266,206,0
1756206000,168.030,168.980,167.772,168.721,248,158,0
1756209600,168.747,168.921,168.030,168.921,178,158,0
1756213200,168.971,169.221,168.621,168.871,241,157,0
1756216800,168.947,168.971,168.271,168.671,313,157,0
1756220400,168.671,169.297,168.647,169.197,281,157,0
1756224000,169.197,169.447,168.480,168.646,331,157,0
1756227600,168.672,168.930,167.947,168.022,380,158,0
1756231200,167.997,168.221,167.522,167.530,177,158,0
1756288800,167.480,170.130,167.155,169.280,204,206,0
1756292400,169.355,169.530,167.671,168.271,301,158,0
1756296000,168.297,169.022,168.280,168.380,281,157,0
1756299600,168.430,168.571,166.946,168.022,315,158,0
1756303200,167.971,168.547,167.971,168.471,238,157,0
1756306800,168.421,169.572,168.421,168.730,258,158,0
1756310400,168.680,169.180,168.322,169.072,243,158,0
1756314000,169.030,169.480,168.472,168.622,261,158,0
1756317600,168.671,169.022,168.372,168.472,103,158,0
1756375200,168.530,169.872,168.530,169.680,185,158,0
1756378800,169.730,170.321,169.580,170.021,229,157,0
1756382400,170.021,170.121,169.480,169.480,301,157,0
1756386000,169.472,169.480,168.571,168.621,281,157,0
1756389600,168.647,168.821,167.880,168.630,295,157,0
1756393200,168.680,168.971,168.171,168.621,230,157,0
1756396800,168.621,168.921,168.080,168.721,346,157,0
1756400400,168.747,169.497,168.597,169.071,290,158,0
1756404000,169.071,169.122,168.646,168.872,174,158,0
1756461600,168.955,169.605,167.972,168.021,371,158,0
1756465200,167.996,168.171,166.980,167.671,270,158,0
1756468800,167.647,168.580,167.430,168.472,231,157,0
1756472400,168.580,169.071,168.230,168.697,219,157,0
1756476000,168.797,168.897,168.580,168.797,163,157,0
1756479600,168.797,168.871,168.097,168.272,281,157,0
1756483200,168.247,168.671,168.130,168.130,264,158,0
1756486800,168.180,168.372,166.996,167.171,332,157,0
1756490400,167.171,167.296,166.571,166.646,178,157,0
1756720800,166.830,167.355,166.321,167.071,213,157,0
1756724400,167.071,167.680,166.905,167.547,168,158,0
1756728000,167.547,167.721,166.922,166.930,264,157,0
1756731600,166.972,167.030,166.247,166.421,238,157,0
1756735200,166.421,166.571,166.197,166.372,261,157,0
1756738800,166.372,166.897,166.222,166.896,232,157,0
1756742400,166.896,166.896,166.222,166.371,225,157,0
1756746000,166.371,166.421,165.747,165.972,172,157,0
1756749600,165.996,166.046,165.847,165.996,120,157,0
1756807200,165.755,166.305,163.730,163.830,268,206,0
1756810800,163.730,165.347,163.630,165.071,328,158,0
1756814400,165.071,165.171,164.480,165.047,298,158,0
1756818000,164.971,165.472,164.521,164.680,280,157,0
1756821600,164.821,164.821,163.997,164.147,337,157,0
1756825200,164.121,164.421,163.772,164.080,327,158,0
1756828800,164.080,164.630,163.422,164.530,187,158,0
1756832400,164.505,164.780,163.696,163.846,367,157,0
1756836000,163.796,163.972,163.380,163.730,104,158,0
1756893600,167.655,169.630,167.655,169.530,382,206,0
1756897200,169.480,171.280,169.480,171.130,191,158,0
1756900800,171.122,171.122,169.880,170.772,191,158,0
1756904400,170.872,171.121,170.297,170.480,307,158,0
1756908000,170.421,171.272,170.421,170.921,268,157,0
1756911600,170.947,171.271,170.222,170.430,262,157,0
1756915200,170.480,171.080,170.330,170.780,317,157,0
1756918800,170.655,171.172,170.171,170.897,259,158,0
1756922400,170.897,171.372,170.672,171.222,163,158,0
1756980000,171.730,172.355,170.880,171.030,266,158,0
1756983600,171.180,172.272,170.771,172.055,349,158,0
1756987200,172.122,172.430,171.671,172.147,206,157,0
1756990800,172.122,172.730,171.846,171.972,268,157,0
1756994400,171.946,172.472,171.821,172.030,252,157,0
1756998000,172.030,172.597,171.447,171.680,271,157,0
1757001600,171.680,172.130,171.230,171.872,232,158,0
1757005200,171.922,172.946,171.780,172.280,292,158,0
1757008800,172.180,173.372,172.172,173.122,125,158,0
1757066400,173.230,176.105,173.155,175.097,389,158,0
1757070000,175.071,175.430,174.230,175.330,211,157,0
1757073600,175.380,175.471,174.530,174.672,327,157,0
1757077200,174.780,175.547,174.680,175.147,203,158,0
1757080800,175.121,175.821,175.021,175.797,270,157,0
1757084400,175.797,175.847,174.672,175.130,324,158,0
1757088000,175.180,176.572,175.122,176.280,325,158,0
1757091600,176.280,176.522,175.030,175.330,313,158,0
1757095200,175.280,175.772,175.280,175.430,64,206,0
1757325600,175.980,177.880,175.480,177.130,224,206,0
1757329200,177.180,179.622,177.130,179.372,267,158,0
1757332800,179.230,180.722,178.930,180.630,194,158,0
1757336400,180.580,180.772,180.321,180.480,143,158,0
1757340000,180.571,181.030,180.246,180.246,335,158,0
1757343600,180.222,181.847,180.030,181.771,251,157,0
1757347200,181.771,182.480,181.072,181.972,235,157,0
1757350800,181.872,182.080,181.246,181.671,261,158,0
1757354400,181.697,182.672,181.596,182.472,120,157,0
1757412000,181.080,182.321,179.880,180.130,279,158,0
1757415600,180.330,180.580,179.422,179.930,277,157,0
1757419200,179.980,180.521,179.672,180.280,166,157,0
1757422800,180.380,180.771,180.172,180.271,192,157,0
1757426400,180.271,180.697,179.821,180.146,286,158,0
1757430000,180.246,180.972,180.030,180.130,262,158,0
1757433600,180.180,180.180,179.230,179.230,266,158,0
1757437200,179.280,179.880,178.771,179.321,347,158,0
1757440800,179.321,179.347,178.522,178.572,174,158,0
1757498400,178.130,179.480,177.780,179.430,301,206,0
1757502000,179.530,179.530,177.305,177.380,202,158,0
1757505600,177.380,178.580,177.071,178.580,265,158,0
1757509200,178.521,179.197,178.221,179.096,244,157,0
1757512800,179.122,179.172,178.371,178.496,255,157,0
1757516400,178.496,179.005,178.247,178.380,313,158,0
1757520000,178.380,179.072,178.230,178.480,205,158,0
1757523600,178.430,178.772,178.071,178.071,211,158,0
1757527200,178.030,178.321,177.922,178.221,85,158,0
1757584800,178.130,179.505,177.030,178.021,259,158,0
1757588400,177.997,178.730,177.830,178.121,211,157,0
1757592000,178.121,178.821,178.047,178.447,296,157,0
1757595600,178.497,178.621,177.972,178.521,264,157,0
1757599200,178.547,178.797,178.271,178.746,206,157,0
1757602800,178.746,178.946,177.830,178.830,265,158,0
1757606400,178.880,180.330,178.680,180.272,271,158,0
1757610000,180.330,180.330,179.072,179.321,255,158,0
1757613600,179.321,179.371,178.230,178.980,92,158,0
1757671200,178.180,178.705,177.272,177.330,224,206,0
1757674800,177.280,177.580,176.430,177.022,193,158,0
1757678400,176.980,177.680,176.830,177.122,198,157,0
1757682000,177.171,177.867,177.071,177.821,427,157,0
1757685600,177.397,178.297,177.397,178.271,229,158,0
1757689200,178.321,178.671,177.871,178.530,349,157,0
1757692800,178.580,178.996,177.130,177.747,241,158,0
1757696400,177.721,178.371,177.371,177.922,320,157,0
1757700000,177.921,178.272,177.446,177.571,168,158,0
1757930400,178.680,179.280,177.880,178.980,210,206,0
1757934000,178.780,179.330,177.830,178.230,272,158,0
1757937600,178.180,178.346,176.971,176.971,254,158,0
1757941200,177.071,177.921,176.821,177.780,274,157,0
1757944800,177.755,178.730,177.730,178.646,222,157,0
1757948400,178.696,179.447,178.380,178.471,257,157,0
1757952000,178.447,178.571,177.421,177.672,262,158,0
1757955600,177.697,178.571,177.421,178.171,276,157,0
1757959200,178.221,178.372,177.997,178.321,160,158,0
1758016800,178.180,179.005,177.255,178.630,294,206,0
1758020400,178.780,179.371,178.630,178.930,241,157,0
1758024000,178.880,178.930,177.480,177.680,199,158,0
1758027600,177.730,178.197,177.180,177.921,231,157,0
1758031200,177.971,178.121,174.780,176.280,413,158,0
1758034800,176.180,177.522,175.930,176.680,260,157,0
1758038400,176.730,177.321,175.330,176.230,320,158,0
1758042000,176.180,176.180,175.280,175.480,233,206,0
1758045600,175.480,175.780,175.280,175.621,115,158,0
1758103200,176.930,176.930,174.805,175.780,265,157,0
1758106800,175.930,176.280,175.230,175.647,253,157,0
1758110400,175.647,176.722,174.680,174.921,266,157,0
1758114000,174.897,175.071,173.630,173.880,239,157,0
1758117600,173.830,174.272,173.480,174.172,204,157,0
1758121200,174.196,176.455,174.146,175.580,280,157,0
1758124800,175.530,176.521,175.321,176.380,327,157,0
1758128400,176.330,178.397,176.330,178.321,232,158,0
1758132000,178.322,178.422,177.821,178.122,134,158,0
1758189600,178.905,180.930,178.880,179.980,306,206,0
1758193200,180.030,180.922,179.472,180.630,163,206,0
1758196800,180.630,180.780,179.730,179.980,236,158,0
1758200400,179.880,180.821,179.780,180.330,261,158,0
1758204000,180.347,180.896,179.630,179.930,308,158,0
1758207600,179.922,180.480,179.722,180.271,267,158,0
1758211200,180.222,180.630,179.771,180.022,404,157,0
1758214800,179.980,181.147,179.896,180.430,239,158,0
1758218400,180.322,181.121,180.080,181.071,244,158,0
1758276000,181.555,181.755,179.780,180.930,214,206,0
1758279600,180.830,181.496,180.130,180.622,230,158,0
1758283200,180.622,180.830,179.872,179.872,342,158,0
1758286800,179.930,180.171,179.680,179.746,280,158,0
1758290400,179.822,180.846,179.722,180.771,284,157,0
1758294000,180.771,181.222,180.696,180.872,323,158,0
1758297600,180.846,181.471,180.480,180.572,319,158,0
1758301200,180.480,181.122,179.930,180.530,281,158,0
1758304800,180.397,180.622,180.022,180.072,207,157,0
1758535200,179.080,179.530,176.955,177.780,268,206,0
1758538800,177.680,179.272,177.680,178.772,275,158,0
1758542400,178.821,178.821,177.671,177.830,210,158,0
1758546000,177.780,179.230,177.780,178.622,263,157,0
1758549600,178.596,179.422,178.471,179.371,267,157,0
1758553200,179.346,179.972,178.830,179.022,266,158,0
1758556800,178.922,179.221,177.772,178.146,278,158,0
1758560400,178.172,178.896,177.930,178.896,280,158,0
1758564000,178.846,179.022,178.721,179.021,228,158,0
1758621600,179.980,181.955,179.780,181.772,254,206,0
1758625200,181.830,183.230,181.480,182.922,228,158,0
1758628800,182.980,183.730,182.497,183.080,213,158,0
1758632400,183.030,184.230,182.580,184.130,165,206,0
1758636000,183.146,185.530,183.046,185.522,222,158,0
1758639600,185.472,186.222,185.422,185.522,168,157,0
1758643200,185.580,186.080,184.630,186.030,207,158,0
1758646800,186.022,186.222,184.930,185.180,266,158,0
1758650400,185.130,185.346,184.830,185.280,172,158,0
1758708000,183.155,183.972,181.980,183.972,315,158,0
1758711600,183.830,185.022,183.730,184.722,256,158,0
1758715200,184.672,185.372,184.546,184.830,222,158,0
1758718800,184.780,184.846,184.180,184.230,192,158,0
1758722400,184.155,184.580,183.896,184.430,255,157,0
1758726000,184.380,184.897,183.921,183.922,277,158,0
1758729600,183.921,184.580,183.822,184.180,257,158,0
1758733200,184.080,185.022,183.880,184.622,367,158,0
1758736800,184.580,185.071,184.530,185.021,187,158,0
1758794400,185.905,187.430,185.105,186.621,331,158,0
1758798000,186.646,187.280,185.930,187.080,319,157,0
1758801600,187.072,188.046,176.630,180.605,926,158,0
1758805200,180.705,183.505,180.480,182.822,361,158,0
1758808800,182.821,183.171,181.421,181.530,293,158,0
1758812400,181.580,182.855,181.530,182.530,232,158,0
1758816000,182.430,182.780,181.530,181.596,336,157,0
1758819600,181.622,181.980,180.622,180.771,305,158,0
1758823200,180.721,180.822,179.672,180.080,131,158,0
1758880800,181.255,181.780,178.880,180.771,304,158,0
1758884400,180.746,182.180,180.005,180.005,205,158,0
1758888000,179.930,180.796,179.905,180.472,272,157,0
1758891600,180.530,180.530,180.022,180.172,225,157,0
1758895200,180.496,180.880,180.121,180.572,176,158,0
1758898800,180.522,180.905,179.930,180.030,239,157,0
1758902400,180.122,180.255,178.430,179.955,242,206,0
1758906000,180.005,180.430,179.380,180.280,248,158,0
1758909600,180.272,180.721,180.130,180.621,220,158,0
1759140000,180.205,181.630,179.930,180.780,296,206,0
1759143600,180.730,181.222,180.480,180.771,254,158,0
1759147200,180.771,181.146,180.030,180.780,292,157,0
1759150800,180.830,181.147,180.030,180.822,292,157,0
1759154400,180.847,180.922,180.080,180.721,227,158,0
1759158000,180.721,180.822,180.322,180.722,260,157,0
1759161600,180.722,181.471,180.622,181.055,263,158,0
1759165200,181.030,181.130,180.371,181.022,233,158,0
1759168800,181.022,181.630,181.022,181.530,109,157,0
1759226400,182.055,186.005,182.055,183.780,440,206,0
1759230000,183.655,183.930,182.230,182.805,340,158,0
1759233600,182.730,182.830,181.380,181.572,187,206,0
1759237200,181.580,182.022,181.180,181.730,158,158,0
1759240800,181.480,181.947,181.380,181.872,255,158,0
1759244400,181.896,182.196,181.746,182.030,263,157,0
1759248000,182.096,182.122,180.330,180.405,245,158,0
1759251600,180.355,180.680,179.447,179.972,187,158,0
1759255200,179.872,180.322,179.630,179.680,109,158,0
1759312800,178.505,180.505,178.130,180.380,303,206,0
1759316400,180.322,182.330,179.680,181.330,246,158,0
1759320000,181.255,183.730,181.255,183.380,227,158,0
1759323600,183.330,184.422,182.821,183.030,339,158,0
1759327200,183.421,183.930,182.546,183.630,322,158,0
1759330800,183.722,184.146,182.980,183.630,284,158,0
1759334400,183.671,185.672,183.647,185.222,269,158,0
1759338000,185.296,186.072,184.630,186.072,282,158,0
1759341600,185.880,186.830,185.805,186.822,82,206,0
1759399200,188.205,189.255,187.580,187.955,480,158,0
1759402800,187.930,188.830,187.880,187.972,266,158,0
1759406400,187.972,188.980,187.480,188.580,249,158,0
1759410000,188.580,188.930,188.371,188.730,297,158,0
1759413600,188.621,188.872,188.130,188.130,341,157,0
1759417200,188.130,188.180,186.472,186.522,362,157,0
1759420800,186.530,187.480,186.530,187.105,310,158,0
1759424400,187.205,187.330,185.930,186.330,259,158,0
1759428000,186.430,186.772,185.980,186.696,85,158,0
1759485600,187.055,187.522,186.280,187.430,242,158,0
1759489200,187.430,187.580,186.272,186.472,262,158,0
1759492800,186.472,187.521,186.346,187.121,366,157,0
1759496400,187.146,187.771,186.830,187.421,230,158,0
1759500000,186.996,187.830,186.996,187.421,219,157,0
1759503600,187.396,187.530,186.621,186.922,270,157,0
1759507200,186.922,187.680,186.522,187.546,251,158,0
1759510800,187.446,187.996,187.080,187.821,323,157,0
1759514400,187.771,187.821,187.280,187.771,178,157,0
1759744800,187.355,187.530,184.830,184.955,481,158,0
1759748400,185.055,186.130,184.630,185.980,242,206,0
1759752000,185.980,186.930,185.396,186.730,155,158,0
1759755600,186.671,187.046,186.471,187.046,260,157,0
1759759200,187.130,187.630,186.972,187.622,227,157,0
1759762800,187.671,187.722,186.521,186.972,294,158,0
1759766400,186.946,187.580,186.730,187.196,235,158,0
1759770000,187.146,187.696,186.880,187.347,294,157,0
1759773600,187.347,187.722,187.347,187.480,161,158,0
1759831200,188.480,188.780,186.530,186.580,288,158,0
1759834800,186.630,188.872,186.630,188.746,296,157,0
1759838400,188.746,189.722,188.230,188.621,292,158,0
1759842000,188.622,188.647,187.630,188.071,268,157,0
1759845600,188.071,188.422,187.772,188.322,252,157,0
1759849200,188.322,188.322,187.422,187.622,218,157,0
1759852800,187.622,188.621,187.372,188.046,363,158,0
1759856400,187.996,188.280,187.371,187.422,261,158,0
1759860000,187.422,187.580,187.080,187.380,87,158,0
1759917600,186.455,189.555,186.030,188.905,250,206,0
1759921200,188.980,191.230,188.972,190.405,380,158,0
1759924800,190.355,192.180,190.255,191.222,264,158,0
1759928400,191.180,192.222,190.980,192.030,208,158,0
1759932000,191.980,192.572,191.430,191.572,282,158,0
1759935600,191.572,192.680,191.321,192.572,211,158,0
1759939200,192.530,193.772,191.672,193.630,197,158,0
1759942800,193.580,194.046,193.130,193.380,286,158,0
1759946400,193.272,193.780,193.030,193.080,146,158,0
1760004000,194.880,195.580,194.455,195.080,273,158,0
1760007600,194.880,195.722,194.380,195.446,361,158,0
1760011200,195.421,195.896,194.321,194.471,377,158,0
1760014800,194.446,194.972,194.271,194.522,371,158,0
1760018400,194.371,194.872,193.980,194.730,271,157,0
1760022000,194.722,195.472,194.330,194.822,297,157,0
1760025600,194.772,195.080,193.230,193.230,221,158,0
1760029200,193.180,193.180,191.730,192.247,206,158,0
1760032800,192.221,192.546,191.830,192.346,130,158,0
1760090400,192.180,193.105,191.705,192.780,269,206,0
1760094000,192.605,192.855,191.921,192.672,245,158,0
1760097600,192.696,192.696,191.596,192.130,252,158,0
1760101200,192.055,192.572,191.680,192.430,293,158,0
1760104800,192.355,192.355,191.572,192.222,261,157,0
1760108400,192.246,192.422,191.572,191.922,254,158,0
1760112000,191.922,192.730,191.822,192.230,206,157,0
1760115600,192.205,192.480,190.530,190.730,334,157,0
1760119200,190.805,190.930,187.430,187.780,399,166,0
1760349600,188.530,190.380,188.155,189.830,312,206,0
1760353200,189.922,190.130,188.722,189.021,275,158,0
1760356800,188.996,189.372,188.730,189.030,267,158,0
1760360400,188.972,189.322,188.396,188.422,293,157,0
1760364000,188.821,188.922,188.021,188.430,352,158,0
1760367600,188.372,188.696,187.596,187.680,311,158,0
1760371200,187.680,188.880,187.680,188.880,244,158,0
1760374800,188.980,189.080,188.430,188.671,200,158,0
1760378400,188.696,189.396,188.696,189.030,215,158,0
1760436000,187.505,188.605,186.130,186.480,444,206,0
1760439600,186.505,187.530,186.280,187.455,304,158,0
1760443200,187.605,187.805,186.596,186.672,217,158,0
1760446800,186.672,186.946,185.730,186.430,294,158,0
1760450400,186.380,187.080,186.221,186.680,237,158,0
1760454000,186.630,186.922,186.421,186.872,234,157,0
1760457600,186.821,187.222,186.330,187.022,346,158,0
1760461200,187.030,187.730,186.780,187.572,240,158,0
1760464800,187.572,187.671,186.830,186.930,185,158,0
1760522400,190.405,191.030,188.855,189.505,553,206,0
1760526000,189.530,189.905,188.030,188.180,307,158,0
1760529600,188.105,188.480,187.280,187.580,155,206,0
1760533200,187.530,188.472,187.405,188.022,237,157,0
1760536800,187.897,188.155,186.630,187.772,260,158,0
1760540400,187.722,188.272,187.371,187.930,344,158,0
1760544000,187.980,189.905,187.430,189.805,272,158,0
1760547600,189.880,190.930,189.205,189.630,294,158,0
1760551200,189.630,190.330,189.330,190.030,113,206,0
1760608800,190.180,190.855,188.730,189.830,417,206,0
1760612400,189.905,191.222,189.580,190.480,239,158,0
1760616000,190.430,190.921,190.371,190.871,361,158,0
1760619600,190.896,190.946,190.380,190.521,177,157,0
1760623200,190.497,191.222,190.396,191.080,274,157,0
1760626800,191.130,192.046,190.621,191.921,221,158,0
1760630400,191.921,192.322,190.580,190.680,254,158,0
1760634000,190.730,191.971,190.422,191.696,290,158,0
1760637600,191.722,192.496,191.630,192.471,151,158,0
1760695200,190.955,191.005,189.030,189.580,497,206,0
1760698800,189.505,189.980,188.822,189.130,272,158,0
1760702400,189.155,190.630,189.155,190.330,369,158,0
1760706000,190.222,190.230,189.171,189.630,426,158,0
1760709600,189.721,192.330,189.471,191.897,488,157,0
1760713200,191.896,192.280,191.205,191.330,264,158,0
1760716800,191.430,191.796,190.880,191.080,279,158,0
1760720400,190.980,191.622,190.530,190.946,284,158,0
1760724000,190.971,191.672,190.572,191.530,208,158,0
1760954400,193.005,193.722,192.080,193.122,232,206,0
1760958000,193.030,193.730,192.847,193.080,205,158,0
1760961600,192.980,193.580,192.580,193.372,267,158,0
1760965200,193.430,193.572,192.230,192.330,210,157,0
1760968800,192.305,192.446,191.930,192.371,216,157,0
1760972400,192.422,193.121,192.122,193.046,290,158,0
1760976000,193.096,194.622,192.780,194.330,217,158,0
1760979600,194.322,195.297,194.130,195.272,240,157,0
1760983200,195.272,195.396,194.771,195.171,182,158,0
1761040800,194.330,194.330,193.105,193.630,272,158,0
1761044400,193.430,194.055,192.780,193.371,175,158,0
1761048000,193.372,193.572,192.996,193.571,316,157,0
1761051600,193.546,193.646,193.130,193.471,278,158,0
1761055200,193.471,194.072,193.217,193.822,331,157,0
1761058800,193.822,194.246,193.630,194.021,267,158,0
1761062400,194.022,194.322,193.680,193.946,305,158,0
1761066000,193.972,195.646,193.680,195.571,325,158,0
1761069600,195.546,196.322,194.930,195.130,212,158,0
1761127200,188.430,191.855,186.130,190.972,651,206,0
1761130800,190.880,191.605,189.880,190.730,263,206,0
1761134400,190.780,192.097,190.555,191.930,256,158,0
1761138000,191.755,193.630,191.555,193.572,222,158,0
1761141600,193.671,193.672,192.172,192.455,366,158,0
1761145200,192.530,193.580,192.104,192.371,274,158,0
1761148800,192.321,192.916,190.280,191.530,290,158,0
1761152400,191.780,191.972,189.480,189.780,253,206,0
1761156000,189.780,190.072,188.930,188.980,101,206,0
1761213600,189.155,190.872,189.130,190.480,296,158,0
1761217200,190.530,190.630,189.530,189.872,249,158,0
1761220800,189.872,189.972,188.780,189.130,374,157,0
1761224400,189.180,190.422,189.180,189.980,327,158,0
1761228000,190.030,190.246,189.480,189.672,258,158,0
1761231600,189.646,189.646,188.130,188.930,213,157,0
1761235200,188.880,189.972,188.830,189.822,319,158,0
1761238800,189.980,191.105,188.980,189.780,226,158,0
1761242400,189.730,190.296,189.580,190.171,176,158,0
1761300000,189.805,191.130,189.372,189.496,342,158,0
1761303600,189.471,190.772,189.380,190.446,356,158,0
1761307200,190.447,190.971,190.046,190.046,295,157,0
1761310800,190.046,190.047,189.222,189.272,299,157,0
1761314400,189.396,189.396,187.580,187.821,303,157,0
1761318000,187.821,188.655,187.580,188.196,201,158,0
1761321600,188.247,188.780,187.897,188.180,289,158,0
1761325200,188.230,188.322,186.046,186.130,319,158,0
1761328800,186.172,187.680,186.172,187.405,100,206,0
1761559200,188.805,189.780,185.430,185.722,343,206,0
1761562800,185.630,186.730,185.430,186.430,187,158,0
1761566400,186.380,186.630,185.596,185.980,369,157,0
1761570000,185.996,186.422,185.571,186.305,230,157,0
1761573600,186.172,186.872,186.172,186.521,261,157,0
1761577200,186.521,186.680,185.480,186.371,263,158,0
1761580800,186.371,186.621,185.680,185.872,291,158,0
1761584400,185.830,186.922,185.596,186.872,402,158,0
1761588000,186.930,187.372,186.672,187.271,137,158,0
1761645600,186.530,187.130,185.430,185.771,241,158,0
1761649200,185.797,187.555,185.722,186.922,294,157,0
1761652800,186.972,187.271,186.772,187.022,345,158,0
1761656400,187.022,187.446,186.747,187.322,339,157,0
1761660000,187.372,187.697,186.821,187.021,295,157,0
1761663600,186.995,187.480,186.522,187.480,301,157,0
1761667200,187.330,187.430,184.630,184.780,231,158,0
1761670800,184.780,185.272,184.130,184.130,279,157,0
1761674400,183.972,184.880,183.821,184.530,221,158,0
1761732000,182.555,186.330,181.080,181.855,541,206,0
1761735600,181.930,182.421,177.347,177.805,627,158,0
1761739200,177.605,179.405,176.755,177.830,356,206,0
1761742800,177.780,179.105,174.555,174.830,519,158,0
1761746400,174.896,176.255,174.696,175.605,382,158,0
1761750000,175.722,175.730,170.480,171.555,548,206,0
1761753600,171.505,173.205,166.980,166.980,918,158,0
1761757200,167.030,167.180,164.855,165.380,985,206,0
1761760800,165.330,166.972,164.530,164.705,340,206,0
1761818400,167.130,169.555,166.455,168.705,526,206,0
1761822000,168.830,170.222,168.355,168.805,296,158,0
1761825600,168.605,169.080,166.205,166.472,215,205,0
1761829200,166.380,167.046,165.430,165.730,256,157,0
1761832800,166.047,166.171,164.880,165.280,217,158,0
1761836400,165.280,166.830,165.230,166.572,278,158,0
1761840000,166.530,166.980,166.130,166.630,191,206,0
1761843600,166.672,166.930,166.222,166.521,292,157,0
1761847200,166.471,166.872,166.447,166.872,92,158,0
1761904800,166.505,166.580,165.180,165.896,234,158,0
1761908400,165.871,166.130,165.447,165.497,293,158,0
1761912000,165.496,166.122,165.121,165.672,302,157,0
1761915600,165.580,166.347,165.430,166.121,219,158,0
1761919200,166.097,166.446,165.322,165.555,273,157,0
1761922800,165.472,165.722,164.772,165.071,221,157,0
1761926400,165.071,165.772,164.272,164.296,325,157,0
1761930000,164.271,164.446,163.122,164.080,252,158,0
1761933600,164.130,164.180,163.622,164.130,134,158,0
1762164000,161.830,163.230,161.230,162.696,194,158,0
1762167600,162.696,164.530,162.372,164.430,245,158,0
1762171200,164.330,164.330,163.246,163.772,297,157,0
1762174800,163.821,163.846,163.130,163.596,224,157,0
1762178400,163.347,163.597,162.230,162.330,246,158,0
1762182000,162.280,162.447,162.022,162.171,186,157,0
1762185600,162.171,162.796,162.097,162.771,244,157,0
1762189200,162.771,162.921,162.146,162.472,329,158,0
1762192800,162.472,162.472,161.322,161.771,146,158,0
1762250400,160.105,160.580,158.330,158.330,348,158,0
1762254000,158.380,158.496,157.172,157.622,265,157,0
1762257600,157.622,158.447,157.546,158.396,334,158,0
1762261200,158.396,158.830,158.147,158.772,255,157,0
1762264800,158.671,158.947,158.146,158.872,222,157,0
1762268400,158.872,158.972,158.072,158.172,312,157,0
1762272000,158.172,158.571,157.430,157.472,255,157,0
1762275600,157.280,158.246,157.097,157.196,299,158,0
1762279200,157.196,157.647,157.097,157.596,237,158,0
1762336800,155.080,155.172,152.605,155.122,447,158,0
1762340400,155.030,155.396,154.522,155.222,293,157,0
1762344000,155.222,155.321,154.546,154.746,266,157,0
1762347600,154.821,155.405,154.772,155.280,188,158,0
1762351200,155.271,156.172,154.971,155.972,228,157,0
1762354800,156.022,156.846,155.796,156.496,291,157,0
1762358400,156.521,157.797,156.296,157.746,307,158,0
1762362000,157.796,159.380,157.446,159.222,163,158,0
1762365600,159.172,159.472,158.430,158.830,71,206,0
1762423200,160.580,162.455,160.480,162.396,313,158,0
1762426800,162.396,164.280,162.130,163.580,396,158,0
1762430400,163.472,164.272,163.171,163.372,338,158,0
1762434000,163.372,163.647,162.471,162.496,239,157,0
1762437600,162.471,162.621,161.847,162.196,222,158,0
1762441200,162.196,162.321,161.622,161.671,215,158,0
1762444800,161.671,161.996,159.596,159.622,253,157,0
1762448400,159.596,159.930,158.946,159.130,302,158,0
1762452000,159.130,159.271,158.480,158.880,119,158,0
1762509600,160.022,160.930,159.530,159.580,259,158,0
1762513200,159.580,159.780,157.872,158.330,177,157,0
1762516800,158.322,158.596,157.722,157.730,289,158,0
1762520400,157.630,157.896,156.780,157.871,236,158,0
1762524000,157.746,157.830,157.371,157.830,265,157,0
1762527600,157.872,158.030,157.496,157.746,235,158,0
1762531200,157.746,158.030,157.046,157.380,267,157,0
1762534800,157.405,157.880,157.030,157.622,266,158,0
1762538400,157.622,157.746,157.230,157.230,154,158,0
1762768800,159.830,159.855,157.480,158.680,287,206,0
1762772400,158.680,158.872,157.830,158.372,225,158,0
1762776000,158.372,158.530,157.530,157.672,252,158,0
1762779600,157.671,157.771,157.021,157.372,242,157,0
1762783200,157.372,157.622,157.221,157.421,274,157,0
1762786800,157.421,157.672,156.755,156.946,229,158,0
1762790400,156.921,157.322,156.146,156.580,211,158,0
1762794000,156.722,157.896,156.330,157.722,200,157,0
1762797600,157.772,158.322,157.471,158.221,162,158,0
1762855200,158.330,159.046,158.122,158.772,326,158,0
1762858800,158.872,159.130,158.571,158.671,286,158,0
1762862400,158.671,160.530,158.646,159.730,262,158,0
1762866000,159.630,159.922,159.496,159.571,293,157,0
1762869600,159.530,161.872,159.480,161.597,225,158,0
1762873200,161.597,161.771,160.897,161.222,296,157,0
1762876800,161.180,161.871,161.030,161.822,256,157,0
1762880400,161.772,163.330,161.480,162.280,233,158,0
1762884000,162.230,162.472,161.780,162.421,173,158,0
1762941600,163.280,163.780,161.930,162.380,248,158,0
1762945200,162.430,163.222,161.971,163.071,305,158,0
1762948800,163.071,164.622,163.022,164.246,343,157,0
1762952400,164.271,164.396,163.672,164.072,279,157,0
1762956000,164.071,164.522,163.971,164.196,299,157,0
1762959600,164.197,164.721,163.671,164.671,286,157,0
1762963200,164.696,165.646,164.222,165.621,255,158,0
1762966800,165.622,166.030,164.230,164.230,204,158,0
1762970400,164.230,164.821,163.972,164.722,143,158,0
1763028000,166.055,166.055,164.730,165.322,236,158,0
1763031600,165.380,165.530,164.630,165.072,282,157,0
1763035200,165.072,165.971,165.072,165.321,314,157,0
1763038800,165.321,165.347,164.722,164.771,275,157,0
1763042400,165.021,165.021,164.221,164.322,276,157,0
1763046000,164.296,164.780,163.972,164.730,290,158,0
1763049600,164.730,164.880,164.080,164.630,227,158,0
1763053200,164.422,164.480,163.080,163.430,300,158,0
1763056800,163.522,163.680,163.271,163.572,184,158,0
1763114400,162.330,163.496,162.255,162.880,285,158,0
1763118000,162.930,162.980,160.230,160.380,302,158,0
1763121600,160.496,160.830,159.680,159.922,421,158,0
1763125200,159.946,159.996,158.672,159.130,334,158,0
1763128800,159.046,159.580,158.380,159.222,293,158,0
1763132400,159.222,159.971,159.072,159.730,308,158,0
1763136000,159.622,160.880,159.480,160.830,225,157,0
1763139600,160.730,162.022,160.480,161.621,252,158,0
1763143200,161.622,161.722,161.030,161.571,131,158,0
1763373600,161.755,161.755,160.505,161.321,213,158,0
1763377200,161.347,161.472,160.722,160.996,268,158,0
1763380800,161.022,161.172,160.471,160.472,263,157,0
1763384400,160.472,161.121,160.330,160.421,328,158,0
1763388000,160.296,160.447,159.771,160.180,253,158,0
1763391600,160.330,160.772,160.130,160.696,250,158,0
1763395200,160.672,160.896,160.080,160.780,273,158,0
1763398800,160.830,161.272,160.080,160.180,199,158,0
1763402400,160.246,160.246,159.630,160.121,134,158,0
1763460000,158.480,158.655,156.630,157.896,294,158,0
1763463600,157.872,158.121,156.980,157.472,308,157,0
1763467200,157.446,157.446,156.380,156.630,257,157,0
1763470800,156.580,156.972,156.296,156.296,229,157,0
1763474400,156.246,156.271,155.680,155.796,258,157,0
1763478000,155.796,155.821,154.622,154.696,217,157,0
1763481600,154.622,155.555,154.147,154.246,299,158,0
1763485200,154.221,154.322,153.380,153.780,422,158,0
1763488800,153.830,154.080,153.480,153.480,75,206,0
1763546400,153.305,153.705,151.630,152.980,217,206,0
1763550000,152.971,153.622,152.480,153.596,357,158,0
1763553600,153.571,153.772,152.180,152.472,220,157,0
1763557200,152.472,152.730,152.021,152.122,231,158,0
1763560800,152.346,153.222,152.122,153.071,188,157,0
1763564400,153.046,154.172,152.896,153.822,222,157,0
1763568000,153.746,154.072,153.221,154.030,255,158,0
1763571600,153.930,154.430,153.171,153.322,267,157,0
1763575200,153.346,153.880,153.246,153.471,193,158,0
1763632800,153.230,153.622,152.055,153.155,213,158,0
1763636400,153.080,153.080,150.930,150.980,256,158,0
1763640000,150.930,151.397,150.580,151.021,240,158,0
1763643600,151.021,151.371,150.330,150.821,213,158,0
1763647200,150.771,152.121,150.621,152.047,251,157,0
1763650800,152.047,153.896,152.046,153.872,283,158,0
1763654400,153.896,154.130,153.272,153.930,276,157,0
1763658000,153.980,154.322,153.180,153.280,293,158,0
1763661600,153.330,153.380,152.230,152.530,75,206,0
1763719200,150.605,153.355,150.605,153.280,233,206,0
1763722800,153.205,153.205,151.180,151.872,194,158,0
1763726400,151.780,152.180,151.230,151.996,283,158,0
1763730000,152.022,152.680,151.680,151.680,273,158,0
1763733600,151.596,152.730,151.421,152.396,260,158,0
1763737200,152.321,152.472,151.930,152.397,307,157,0
1763740800,152.321,152.530,151.896,152.080,309,158,0
1763744400,152.030,152.280,151.280,151.630,471,206,0
1763748000,151.530,151.630,151.122,151.621,109,158,0
1763978400,152.555,153.680,151.930,153.280,193,158,0
1763982000,153.122,153.521,151.780,152.280,259,158,0
1763985600,152.230,152.430,151.422,151.596,278,157,0
1763989200,151.621,151.797,151.072,151.280,227,158,0
1763992800,151.222,151.446,151.021,151.272,219,157,0
1763996400,151.297,152.321,151.147,151.596,222,158,0
1764000000,151.521,152.330,151.480,152.330,272,158,0
1764003600,152.430,152.721,151.996,152.421,386,157,0
1764007200,152.471,152.871,152.421,152.547,116,158,0
1764064800,152.105,152.580,150.422,151.680,237,158,0
1764068400,151.830,152.480,151.630,151.830,232,158,0
1764072000,151.780,152.197,151.371,152.080,289,158,0
1764075600,152.122,152.421,151.572,151.671,254,157,0
1764079200,151.772,154.255,151.246,152.880,393,157,0
1764082800,152.780,153.222,152.080,152.480,259,158,0
1764086400,152.530,153.230,151.830,153.230,300,158,0
1764090000,153.155,154.272,152.580,154.230,359,158,0
1764093600,154.180,154.272,153.722,153.722,134,158,0
1764151200,154.305,154.805,153.280,154.372,232,157,0
1764154800,154.372,154.872,153.871,154.196,271,158,0
1764158400,154.196,154.372,153.922,154.121,185,157,0
1764162000,154.121,154.646,153.847,154.030,268,157,0
1764165600,154.046,154.046,153.280,153.847,343,157,0
1764169200,153.871,154.030,153.080,153.930,259,158,0
1764172800,153.880,155.330,153.471,155.080,282,158,0
1764176400,154.930,156.772,154.930,156.772,228,158,0
1764180000,156.796,159.422,156.746,159.005,226,158,0
1764237600,159.080,161.572,158.980,160.830,264,206,0
1764241200,160.780,161.172,160.246,160.271,206,158,0
1764244800,160.271,161.280,160.130,160.922,211,157,0
1764248400,160.872,161.022,159.330,159.480,266,157,0
1764252000,159.521,159.921,159.221,159.822,211,157,0
1764255600,159.822,160.896,159.521,160.072,234,157,0
1764259200,160.121,160.430,159.472,159.871,225,157,0
1764262800,159.871,160.021,158.947,159.021,178,158,0
1764266400,159.047,159.572,159.021,159.522,142,158,0
1764324000,159.055,159.722,158.205,158.822,240,157,0
1764327600,158.801,159.372,158.621,159.071,191,157,0
1764331200,159.072,159.397,158.622,159.371,266,158,0
1764334800,159.397,159.446,158.971,159.121,225,157,0
1764338400,159.122,159.272,158.846,158.921,219,157,0
1764342000,158.921,160.022,158.921,159.397,218,157,0
1764345600,159.421,160.347,159.371,160.272,260,157,0
1764349200,160.222,160.596,159.930,160.230,278,157,0
1764352800,160.271,160.747,160.171,160.171,178,158,0
1764583200,160.305,161.405,158.955,160.571,246,158,0
1764586800,160.571,162.080,160.430,161.080,228,158,0
1764590400,161.130,161.572,160.730,161.255,191,158,0
1764594000,161.230,161.480,160.971,161.122,313,157,0
1764597600,161.046,161.322,160.330,160.521,244,157,0
1764601200,160.572,160.972,160.271,160.722,304,157,0
1764604800,160.722,161.371,160.180,161.130,282,157,0
1764608400,161.271,161.472,160.621,161.380,267,157,0
1764612000,161.572,161.680,161.146,161.480,143,157,0
1764669600,159.330,160.022,158.155,159.972,272,158,0
1764673200,160.022,160.222,159.472,159.672,253,158,0
1764676800,159.672,160.471,159.530,160.296,223,157,0
1764680400,160.296,160.622,160.221,160.397,240,157,0
1764684000,160.371,160.572,159.822,160.422,207,158,0
1764687600,160.422,160.422,159.821,159.971,240,157,0
1764691200,159.971,160.721,159.530,160.096,254,158,0
1764694800,160.121,160.472,159.772,160.196,357,158,0
1764698400,160.121,160.472,159.921,160.321,215,158,0
1764756000,160.005,161.905,159.971,160.605,316,158,0
1764759600,160.655,160.672,159.946,160.530,308,157,0
1764763200,160.480,161.346,160.130,160.180,233,158,0
1764766800,160.180,160.722,160.071,160.480,223,157,0
1764770400,160.446,160.771,160.221,160.396,280,157,0
1764774000,160.396,160.872,160.080,160.171,302,157,0
1764777600,160.196,160.296,159.046,159.472,310,158,0
1764781200,159.471,159.671,158.630,159.230,230,158,0
1764784800,159.080,159.546,159.022,159.546,162,158,0
1764842400,162.480,162.655,160.455,161.372,219,158,0
1764846000,161.396,161.680,160.471,161.272,338,158,0
1764849600,161.271,161.872,160.871,161.196,290,157,0
1764853200,161.196,161.846,161.021,161.271,232,157,0
1764856800,161.221,162.322,161.071,162.322,240,157,0
1764860400,162.296,163.097,162.096,163.072,299,157,0
1764864000,163.096,164.180,162.796,163.980,295,158,0
1764867600,163.930,163.980,161.430,161.471,310,158,0
1764871200,161.472,161.846,161.272,161.521,131,158,0
1764928800,162.380,165.405,162.105,164.305,270,206,0
1764932400,164.430,166.480,163.730,166.280,318,158,0
1764936000,166.355,166.530,164.930,164.980,225,158,0
1764939600,164.930,166.121,164.930,165.421,220,157,0
1764943200,165.372,165.472,165.021,165.172,191,157,0
1764946800,165.146,165.321,163.530,163.530,243,157,0
1764950400,163.646,163.846,162.980,163.272,282,158,0
1764954000,163.430,164.580,163.180,164.480,273,158,0
1764957600,164.572,164.796,163.871,164.022,141,158,0
1765188000,163.705,165.322,163.496,163.846,322,158,0
1765191600,163.846,164.672,163.446,164.347,281,157,0
1765195200,164.347,164.421,163.547,163.571,249,157,0
1765198800,163.547,163.547,163.072,163.396,188,157,0
1765202400,163.397,163.447,162.822,163.246,159,157,0
1765206000,163.246,163.846,163.072,163.422,237,157,0
1765209600,163.522,164.130,162.822,162.822,237,157,0
1765213200,162.730,162.880,160.580,160.630,285,158,0
1765216800,160.680,160.830,160.130,160.830,89,206,0
1765274400,160.255,160.505,158.655,158.822,245,158,0
1765278000,158.905,159.372,157.480,157.796,221,158,0
1765281600,157.746,158.430,157.571,158.180,312,158,0
1765285200,158.222,159.072,158.122,158.571,282,158,0
1765288800,158.380,158.922,158.171,158.872,194,157,0
1765292400,158.872,159.980,158.871,159.622,193,158,0
1765296000,159.622,159.780,159.071,159.630,252,158,0
1765299600,159.630,160.021,159.380,159.846,173,158,0
1765303200,159.872,160.171,159.422,159.871,97,158,0
1765360800,158.805,159.280,157.555,159.130,254,158,0
1765364400,159.080,159.230,158.272,158.930,229,158,0
1765368000,158.980,159.330,158.372,158.680,234,158,0
1765371600,158.822,159.222,158.571,158.772,232,157,0
1765375200,158.771,158.972,158.022,158.446,212,157,0
1765378800,158.446,159.222,158.222,158.722,295,157,0
1765382400,158.746,160.071,158.746,160.022,264,157,0
1765386000,159.971,161.130,159.596,160.772,250,158,0
1765389600,160.672,161.572,160.672,161.321,139,158,0
1765447200,161.280,163.080,161.280,162.780,285,206,0
1765450800,162.680,162.830,161.830,162.071,208,158,0
1765454400,162.071,162.272,161.821,162.172,274,157,0
1765458000,162.147,162.397,161.921,162.022,216,157,0
1765461600,162.122,162.780,161.846,162.780,237,157,0
1765465200,162.821,163.322,162.496,163.180,220,157,0
1765468800,163.172,164.330,163.080,164.321,271,157,0
1765472400,164.321,165.021,163.505,164.330,224,158,0
1765476000,164.230,164.630,163.780,164.122,120,158,0
1765533600,164.080,168.830,164.080,168.130,302,206,0
1765537200,168.180,168.621,167.480,168.380,249,158,0
1765540800,168.380,168.622,167.721,167.822,279,157,0
1765544400,167.772,168.071,167.372,167.572,275,157,0
1765548000,167.522,167.921,167.272,167.572,283,157,0
1765551600,167.546,168.171,167.521,168.121,301,157,0
1765555200,168.121,169.172,168.022,168.822,348,157,0
1765558800,168.730,169.180,168.372,168.722,285,158,0
1765562400,168.696,168.696,167.630,168.180,79,158,0
1765792800,167.272,168.930,166.805,168.280,289,158,0
1765796400,168.280,168.980,168.105,168.572,214,158,0
1765800000,168.572,168.597,168.030,168.396,229,157,0
1765803600,168.422,168.747,168.271,168.271,249,157,0
1765807200,168.521,168.521,167.321,167.821,266,157,0
1765810800,167.822,168.046,167.146,167.222,283,157,0
1765814400,167.072,167.072,165.297,165.705,256,157,0
1765818000,165.730,166.405,165.280,165.771,279,158,0
1765821600,165.796,166.472,165.572,166.472,218,158,0
1765879200,166.480,169.222,166.480,169.171,249,158,0
1765882800,169.021,169.480,167.921,168.046,218,157,0
1765886400,168.046,168.596,167.546,167.672,261,158,0
1765890000,167.672,168.072,167.497,167.896,311,157,0
1765893600,167.922,168.246,167.571,168.172,192,157,0
1765897200,168.146,168.472,168.122,168.421,194,157,0
1765900800,168.421,168.472,167.422,167.680,286,157,0
1765904400,167.680,168.480,166.872,168.480,291,157,0
1765908000,168.472,168.730,167.821,168.080,118,158,0
1765965600,168.080,168.605,167.072,167.280,156,206,0
1765969200,167.255,167.522,166.596,167.221,235,158,0
1765972800,167.221,167.530,166.380,166.722,236,157,0
1765976400,166.722,166.772,166.021,166.180,210,157,0
1765980000,166.246,166.446,165.896,166.096,267,157,0
1765983600,166.096,167.097,165.922,166.572,311,158,0
1765987200,166.571,166.780,165.996,166.630,282,158,0
1765990800,166.580,167.130,165.422,165.821,285,157,0
1765994400,165.796,166.221,165.072,165.321,141,158,0
1766052000,165.280,165.771,163.872,165.522,343,158,0
1766055600,165.521,165.672,164.880,165.022,253,158,0
1766059200,165.022,165.022,163.946,164.571,284,157,0
1766062800,164.571,164.572,163.230,164.022,252,157,0
1766066400,163.497,164.780,163.497,164.780,212,157,0
1766070000,164.922,165.747,164.680,165.430,323,158,0
1766073600,165.430,166.272,165.080,166.172,277,158,0
1766077200,166.272,167.280,166.272,167.180,262,158,0
1766080800,167.230,167.780,167.072,167.121,147,158,0
1766138400,167.080,167.180,163.555,165.430,394,158,0
1766142000,165.480,167.105,165.480,166.180,152,206,0
1766145600,166.730,167.372,166.630,166.730,274,158,0
1766149200,166.730,166.772,166.272,166.522,176,157,0
1766152800,166.646,166.771,166.021,166.272,245,157,0
1766156400,166.272,166.372,165.646,165.821,217,158,0
1766160000,165.822,166.722,165.530,166.471,221,157,0
1766163600,166.546,166.572,165.222,165.446,245,157,0
1766167200,165.372,165.546,164.930,165.130,113,158,0
1766397600,165.805,168.230,165.780,166.972,283,158,0
1766401200,166.805,167.030,166.580,166.672,200,158,0
1766404800,166.722,166.772,165.971,166.222,304,157,0
1766408400,166.222,166.472,165.955,166.122,154,157,0
1766412000,166.372,166.622,166.021,166.072,255,157,0
1766415600,166.072,166.222,165.596,165.972,216,158,0
1766419200,165.972,167.022,165.730,165.880,214,157,0
1766422800,166.021,166.722,165.996,166.572,218,157,0
1766426400,166.546,166.622,165.880,166.222,145,158,0
1766484000,166.180,166.472,165.430,165.921,247,158,0
1766487600,165.921,166.422,165.880,166.396,173,157,0
1766491200,166.396,166.447,166.121,166.230,174,157,0
1766494800,166.205,166.322,165.821,165.896,163,157,0
1766498400,165.897,166.147,165.671,166.096,163,157,0
1766502000,166.096,166.246,164.796,164.846,219,157,0
1766505600,164.846,165.172,164.080,164.272,275,157,0
1766509200,164.296,164.780,163.680,164.521,266,158,0
1766512800,164.546,164.622,164.072,164.480,138,158,0
1766570400,164.530,164.530,164.530,164.530,1,240,0
1767002400,165.255,167.321,165.055,166.330,269,158,0
1767006000,166.380,167.122,165.871,166.572,230,157,0
1767009600,166.572,167.747,166.371,167.721,247,157,0
1767013200,167.721,167.746,166.780,166.996,203,157,0
1767016800,166.921,167.396,166.896,167.121,227,157,0
1767020400,167.146,167.971,167.096,167.971,196,157,0
1767024000,167.947,168.871,167.697,167.930,236,158,0
1767027600,167.880,168.546,167.822,168.546,189,158,0
1767031200,168.496,168.771,168.171,168.330,142,158,0
1767088800,168.330,168.471,167.205,168.221,206,157,0
1767092400,168.221,169.080,168.146,168.830,379,157,0
1767096000,168.880,168.930,168.171,168.171,209,158,0
1767099600,168.196,168.872,167.921,168.722,232,157,0
1767103200,168.647,169.596,168.647,169.522,293,158,0
1767106800,169.171,169.596,169.096,169.396,58,158,0
1767348000,169.505,170.897,169.030,169.922,282,158,0
1767351600,169.930,170.330,169.571,169.622,209,157,0
1767355200,169.622,170.096,169.171,169.905,230,157,0
1767358800,169.972,170.021,169.571,169.571,238,157,0
1767362400,169.430,169.430,168.671,169.021,213,157,0
1767366000,169.021,169.280,168.771,169.180,201,157,0
1767369600,169.172,169.421,168.372,168.722,312,157,0
1767373200,168.730,168.822,166.780,166.930,192,158,0
1767376800,167.030,167.680,166.630,167.521,100,158,0
1767607200,168.930,171.180,168.930,170.805,322,206,0
1767610800,170.780,170.930,168.630,168.680,189,206,0
1767614400,168.680,168.680,167.372,167.646,310,158,0
1767618000,167.672,167.672,166.230,166.280,318,158,0
1767621600,166.396,167.022,166.271,166.480,247,158,0
1767625200,166.430,166.722,165.872,166.530,278,157,0
1767628800,166.480,169.730,166.422,169.680,209,158,0
1767632400,169.730,170.230,168.872,169.480,261,158,0
1767636000,169.380,169.721,169.230,169.471,121,158,0
1767693600,169.380,169.380,156.930,158.080,931,158,0
1767697200,157.980,158.730,157.572,158.272,315,206,0
1767700800,158.280,158.572,157.480,157.730,237,158,0
1767704400,157.680,159.730,157.530,159.280,225,158,0
1767708000,159.321,160.172,159.246,159.580,221,157,0
1767711600,159.630,160.572,158.780,159.522,328,158,0
1767715200,159.546,161.096,159.480,160.180,331,158,0
1767718800,160.230,163.030,160.130,162.380,399,158,0
1767722400,162.480,163.230,162.371,162.580,175,158,0
1767780000,162.530,164.805,162.130,162.505,366,158,0
1767783600,162.430,163.130,161.222,161.371,218,158,0
1767787200,161.246,162.580,161.022,162.121,237,158,0
1767790800,162.147,163.180,162.080,162.530,199,157,0
1767794400,162.547,162.596,161.621,162.347,383,157,0
1767798000,162.371,162.746,161.547,162.380,326,158,0
1767801600,162.421,162.521,160.172,160.172,263,158,0
1767805200,160.122,160.230,158.430,159.830,269,158,0
1767808800,160.030,160.821,159.996,160.821,106,158,0
1767866400,160.780,160.780,158.905,159.080,236,158,0
1767870000,159.080,159.180,158.130,158.696,282,158,0
1767873600,158.672,159.797,158.322,159.471,293,158,0
1767877200,159.471,161.296,159.397,160.996,288,157,0
1767880800,160.997,161.630,160.447,161.472,300,158,0
1767884400,161.472,161.997,160.630,160.730,273,158,0
1767888000,160.680,163.030,160.680,163.030,214,157,0
1767891600,162.980,165.830,162.730,165.830,280,206,0
1767895200,165.946,166.172,165.172,165.630,175,158,0
1767952800,165.630,169.130,165.530,168.930,290,206,0
1767956400,168.980,169.455,167.780,169.072,282,158,0
1767960000,169.072,169.171,166.830,166.880,344,158,0
1767963600,166.822,167.897,166.822,167.430,208,157,0
1767967200,167.572,168.530,167.546,168.480,287,157,0
1767970800,168.580,168.872,167.522,167.621,252,157,0
1767974400,167.621,167.922,167.180,167.330,238,158,0
1767978000,167.430,167.480,164.705,166.780,268,206,0
1767981600,166.722,167.522,166.230,167.321,240,158,0
1768212000,167.130,167.172,165.321,166.280,266,158,0
1768215600,166.280,166.972,166.180,166.722,247,157,0
1768219200,166.722,166.922,166.330,166.796,188,157,0
1768222800,166.796,168.139,166.730,167.671,339,157,0
1768226400,167.046,168.380,166.971,167.872,196,157,0
1768230000,167.872,167.872,167.047,167.522,242,157,0
1768233600,167.522,167.621,166.480,166.730,273,157,0
1768237200,166.680,166.730,165.030,165.472,260,158,0
1768240800,165.472,166.221,165.430,166.022,123,157,0
1768298400,166.030,166.055,165.505,165.921,188,158,0
1768302000,165.946,166.096,165.471,165.671,269,157,0
1768305600,165.697,165.921,165.121,165.146,245,157,0
1768309200,165.146,165.272,164.771,164.872,234,157,0
1768312800,165.172,165.722,164.630,165.622,235,157,0
1768316400,165.596,165.872,165.071,165.672,305,157,0
1768320000,165.672,166.580,165.580,165.621,195,158,0
1768323600,165.580,165.630,163.380,163.530,264,158,0
1768327200,163.480,163.580,162.730,162.980,165,158,0
1768384800,162.980,164.830,162.930,163.672,236,157,0
1768388400,163.672,163.672,162.221,162.346,294,157,0
1768392000,162.346,162.596,162.030,162.072,219,157,0
1768395600,162.046,162.496,161.646,161.697,187,157,0
1768399200,161.697,162.297,161.022,162.271,255,157,0
1768402800,162.271,162.322,161.280,161.380,243,157,0
1768406400,161.480,162.372,161.121,162.080,305,158,0
1768410000,161.980,162.905,159.522,159.522,227,158,0
1768413600,159.572,160.830,159.046,160.772,112,158,0
1768471200,160.780,165.205,160.780,162.305,427,206,0
1768474800,162.230,162.380,161.071,161.172,223,158,0
1768478400,161.196,162.872,161.122,162.522,236,158,0
1768482000,162.472,162.830,161.422,161.572,237,157,0
1768485600,161.622,162.671,161.371,162.580,295,157,0
1768489200,162.630,162.830,161.930,162.330,190,158,0
1768492800,162.330,162.780,161.505,162.280,171,206,0
1768496400,162.205,163.480,162.205,162.630,247,158,0
1768500000,162.580,162.921,162.230,162.596,133,158,0
1768557600,162.580,162.580,160.180,160.746,264,158,0
1768561200,160.772,161.280,160.472,161.272,278,158,0
1768564800,161.180,161.422,160.322,160.322,271,157,0
1768568400,160.272,160.472,159.971,160.221,205,157,0
1768572000,160.246,160.697,159.671,160.572,235,157,0
1768575600,160.571,160.571,159.930,160.272,208,157,0
1768579200,160.271,160.822,159.530,160.130,245,157,0
1768582800,160.280,161.180,160.030,160.271,157,158,0
1768586400,160.246,160.272,159.430,159.980,165,158,0
1768816800,155.905,155.905,152.205,153.622,424,206,0
1768820400,153.580,153.972,152.971,153.972,301,157,0
1768824000,153.896,154.046,152.871,152.972,226,158,0
1768827600,152.971,153.172,152.122,152.421,231,157,0
1768831200,152.446,153.396,152.080,153.347,275,158,0
1768834800,153.347,153.822,153.021,153.622,279,158,0
1768838400,153.580,153.872,153.172,153.271,286,158,0
1768842000,153.271,153.272,152.046,152.296,345,157,0
1768845600,152.372,152.622,151.572,151.572,67,158,0
1768903200,151.580,153.672,151.105,153.530,326,206,0
1768906800,153.430,153.705,152.222,152.472,335,158,0
1768910400,152.497,152.522,150.697,151.221,338,158,0
1768914000,151.221,151.822,150.772,151.172,265,158,0
1768917600,151.172,152.722,151.096,152.530,274,157,0
1768921200,152.630,153.055,151.855,152.872,244,158,0
1768924800,152.872,153.380,152.480,152.780,299,158,0
1768928400,152.830,153.280,151.830,152.522,200,158,0
1768932000,152.471,153.196,152.396,152.897,204,158,0
1768989600,153.719,154.246,152.521,152.896,597,158,0
1768993200,152.871,153.246,152.146,152.171,251,157,0
1768996800,152.197,153.022,151.946,152.272,304,157,0
1769000400,152.246,152.497,151.621,151.772,259,157,0
1769004000,151.696,152.097,151.471,151.622,290,157,0
1769007600,151.621,151.747,150.980,151.471,289,157,0
1769011200,151.447,153.668,151.271,153.380,453,158,0
1769014800,153.430,153.947,152.730,152.897,385,157,0
1769018400,152.896,152.896,152.346,152.571,152,158,0
1769076000,152.530,156.455,152.530,153.530,276,206,0
1769079600,153.630,153.821,153.030,153.771,211,158,0
1769083200,153.896,154.072,153.322,153.472,206,157,0
1769086800,153.472,153.721,151.955,152.330,224,158,0
1769090400,152.447,153.246,151.922,152.872,270,157,0
1769094000,152.930,153.947,152.696,153.947,265,158,0
1769097600,153.947,154.780,153.696,154.372,218,157,0
1769101200,154.346,154.422,153.246,153.246,246,158,0
1769104800,153.155,153.472,152.830,153.046,115,158,0
1769162400,153.022,153.022,148.572,148.721,270,158,0
1769166000,148.771,148.930,145.822,146.130,284,158,0
1769169600,146.080,147.871,142.930,143.480,451,158,0
1769173200,143.572,145.022,142.430,144.372,277,158,0
1769176800,144.255,145.280,144.221,144.921,284,157,0
1769180400,144.921,144.947,143.430,143.630,149,157,0
1769184000,143.580,144.730,143.030,144.630,221,158,0
1769187600,144.755,144.930,143.622,143.780,247,158,0
1769191200,143.830,143.871,142.922,143.030,182,158,0
1769421600,143.930,145.555,143.930,145.171,300,158,0
1769425200,145.172,145.322,144.446,144.447,200,157,0
1769428800,144.446,144.871,144.221,144.322,255,157,0
1769432400,144.322,144.747,143.971,144.747,204,157,0
1769436000,144.747,145.596,144.622,144.722,246,157,0
1769439600,144.722,144.922,144.330,144.730,183,158,0
1769443200,144.680,145.072,144.346,144.796,234,157,0
1769446800,144.796,147.122,144.722,146.597,366,157,0
1769450400,146.597,147.147,146.322,146.896,162,158,0
1769508000,146.830,148.855,145.930,146.230,374,158,0
1769511600,146.105,146.280,145.622,146.022,225,158,0
1769515200,145.996,146.222,145.847,145.847,227,157,0
1769518800,145.821,146.397,145.622,146.172,227,157,0
1769522400,146.071,146.746,145.821,146.680,170,157,0
1769526000,146.597,146.921,146.471,146.697,251,157,0
1769529600,146.647,146.772,144.930,145.155,240,158,0
1769533200,145.205,146.322,144.946,146.322,245,157,0
1769536800,146.422,146.797,146.372,146.797,162,158,0
1769594400,146.830,146.830,144.855,146.180,229,206,0
1769598000,146.180,146.680,145.572,145.580,211,157,0
1769601600,145.621,146.597,145.472,146.372,227,157,0
1769605200,146.372,146.896,146.330,146.872,218,157,0
1769608800,146.696,147.422,145.896,146.080,283,158,0
1769612400,146.130,146.580,145.630,145.771,172,158,0
1769616000,145.746,146.180,145.080,145.330,257,158,0
1769619600,145.380,146.096,144.580,144.630,251,158,0
1769623200,144.730,145.147,144.471,144.722,146,157,0
1769680800,144.680,147.505,144.680,145.330,263,158,0
1769684400,145.380,145.596,144.447,144.596,256,157,0
1769688000,144.622,145.021,144.430,144.846,195,158,0
1769691600,144.872,144.921,144.471,144.722,261,157,0
1769695200,144.621,144.872,144.372,144.447,263,157,0
1769698800,144.447,145.722,144.447,145.022,207,157,0
1769702400,145.071,145.472,143.930,143.930,238,158,0
1769706000,143.980,144.930,143.780,144.430,265,206,0
1769709600,144.430,144.430,143.472,143.472,139,158,0
1769767200,143.372,152.205,143.372,151.955,505,206,0
1769770800,151.930,152.271,150.071,152.122,272,158,0
1769774400,152.130,152.330,150.530,150.772,262,158,0
1769778000,150.722,151.697,150.522,151.621,300,158,0
1769781600,151.646,152.130,151.330,151.346,180,158,0
1769785200,151.222,151.222,149.971,150.746,201,157,0
1769788800,150.697,150.822,149.230,149.372,260,157,0
1769792400,149.372,150.246,149.171,149.297,261,158,0
1769796000,149.297,149.371,148.622,148.671,176,158,0
1770026400,149.630,151.055,149.496,150.830,298,158,0
1770030000,150.730,151.471,150.322,151.330,295,157,0
1770033600,151.380,152.546,151.380,152.130,278,158,0
1770037200,152.080,152.572,151.872,152.421,276,157,0
1770040800,152.479,152.721,151.980,152.072,292,157,0
1770044400,152.030,153.146,151.871,153.071,242,157,0
1770048000,153.096,153.447,152.130,152.230,293,157,0
1770051600,152.230,152.630,151.630,152.171,169,158,0
1770055200,152.172,152.346,149.980,149.980,207,158,0
1770112800,149.980,151.505,149.880,151.072,257,158,0
1770116400,150.972,151.130,149.721,150.071,207,157,0
1770120000,150.071,150.172,149.396,149.530,209,158,0
1770123600,149.522,149.522,148.622,149.046,211,158,0
1770127200,149.296,149.430,148.646,148.971,215,158,0
1770130800,148.997,149.421,148.671,148.721,264,158,0
1770134400,148.697,149.422,148.246,149.422,406,158,0
1770138000,149.380,149.380,147.280,148.330,246,206,0
1770141600,148.380,149.122,148.022,148.871,117,158,0
1770199200,148.872,150.830,148.872,150.080,262,158,0
1770202800,149.980,151.180,149.930,151.180,221,158,0
1770206400,151.130,152.122,151.130,151.371,302,158,0
1770210000,151.371,151.797,151.172,151.421,250,158,0
1770213600,151.397,151.672,150.396,150.421,323,157,0
1770217200,150.471,151.046,150.346,150.872,232,157,0
1770220800,150.772,151.980,150.647,151.680,250,158,0
1770224400,151.580,153.180,151.180,152.372,286,206,0
1770228000,152.422,152.472,151.530,151.721,119,158,0
1770285600,151.680,153.680,151.680,152.071,236,158,0
1770289200,152.072,152.271,151.646,151.772,359,158,0
1770292800,151.772,152.247,151.572,151.747,200,157,0
1770296400,151.696,152.172,151.571,151.972,204,158,0
1770300000,151.955,152.192,151.196,151.546,310,157,0
1770303600,151.497,152.072,151.246,151.972,367,158,0
1770307200,151.972,152.547,149.722,150.080,379,158,0
1770310800,150.030,151.530,149.780,151.130,333,206,0
1770314400,151.180,151.772,150.822,151.622,116,158,0
1770372000,151.680,151.680,149.030,149.172,213,206,0
1770375600,149.230,150.497,148.580,150.471,315,158,0
1770379200,150.471,150.972,150.422,150.496,301,158,0
1770382800,150.571,151.246,150.521,150.771,302,158,0
1770386400,150.871,151.397,150.630,151.072,332,158,0
1770390000,151.130,151.747,151.072,151.496,321,157,0
1770393600,151.471,152.230,150.921,151.380,322,157,0
1770397200,151.380,153.071,151.372,152.696,417,158,0
1770400800,152.696,152.971,152.280,152.722,160,158,0
1770631200,152.930,154.072,152.830,153.680,158,206,0
1770634800,153.622,153.972,153.221,153.480,257,158,0
1770638400,153.430,153.472,152.746,152.972,307,158,0
1770642000,152.971,153.146,152.821,152.921,214,157,0
1770645600,152.805,153.522,152.805,153.372,264,157,0
1770649200,153.372,153.996,153.322,153.522,258,158,0
1770652800,153.546,153.872,152.746,153.222,295,157,0
1770656400,153.180,153.830,153.180,153.622,208,158,0
1770660000,153.622,154.046,153.571,153.930,162,158,0
1770717600,153.830,157.072,153.830,155.172,272,206,0
1770721200,155.130,156.222,155.121,156.172,283,157,0
1770724800,156.146,156.772,155.230,155.230,190,158,0
1770728400,155.296,155.672,155.147,155.297,320,158,0
1770732000,155.246,155.496,154.546,154.872,272,158,0
1770735600,154.930,155.797,154.880,155.646,278,158,0
1770739200,155.671,156.871,155.630,156.821,248,158,0
1770742800,156.846,157.071,155.722,155.722,249,158,0
1770746400,155.696,155.930,155.480,155.771,101,158,0
1770804000,155.730,156.180,154.880,155.830,268,158,0
1770807600,155.880,156.046,155.271,155.372,303,157,0
1770811200,155.396,155.430,154.922,155.171,253,157,0
1770814800,155.171,155.321,154.771,155.122,263,158,0
1770818400,155.255,155.596,154.896,155.096,258,157,0
1770822000,155.096,156.722,154.772,156.722,228,157,0
1770825600,156.747,157.680,156.121,157.122,235,158,0
1770829200,157.272,157.480,155.130,155.380,197,206,0
1770832800,155.430,155.730,154.630,154.680,127,158,0
1770890400,154.680,155.705,153.355,154.372,289,158,0
1770894000,154.380,154.730,153.846,153.880,263,158,0
1770897600,153.922,154.272,153.680,154.196,297,157,0
1770901200,154.196,154.421,153.896,154.322,267,158,0
1770904800,154.272,154.846,154.146,154.830,204,157,0
1770908400,154.930,155.571,154.780,155.096,244,157,0
1770912000,155.147,155.271,154.172,154.830,260,157,0
1770915600,154.822,155.080,154.296,154.780,310,158,0
1770919200,154.722,154.730,153.322,153.422,144,158,0
1770976800,153.430,154.072,152.805,154.072,234,158,0
1770980400,154.080,154.721,153.730,154.721,290,157,0
1770984000,154.722,155.097,154.080,154.422,234,157,0
1770987600,154.522,154.971,154.171,154.521,341,158,0
1770991200,154.496,154.697,154.022,154.171,276,158,0
1770994800,154.171,155.746,154.121,155.230,338,158,0
1770998400,155.396,155.672,153.780,153.880,370,158,0
1771002000,153.930,154.730,153.822,154.672,244,158,0
1771005600,154.622,154.972,154.446,154.721,110,158,0
1771236000,155.055,155.505,154.255,154.971,306,157,0
1771239600,154.946,155.096,154.371,154.446,243,157,0
1771243200,154.472,154.847,154.321,154.696,214,157,0
1771246800,154.696,154.922,154.421,154.722,197,157,0
1771250400,154.671,154.872,154.446,154.746,168,157,0
1771254000,154.746,154.746,154.122,154.321,210,157,0
1771257600,154.230,154.871,154.171,154.697,288,157,0
1771261200,154.746,155.046,154.471,154.622,283,158,0
1771264800,154.622,154.821,153.930,153.930,180,157,0
1771322400,153.930,155.580,153.505,154.522,258,158,0
1771326000,154.546,155.072,154.430,154.872,270,157,0
1771329600,154.872,155.047,154.571,154.721,257,157,0
1771333200,154.721,155.521,154.571,155.430,223,157,0
1771336800,155.372,155.396,154.371,154.496,228,158,0
1771340400,154.472,155.571,154.421,155.030,299,157,0
1771344000,155.030,156.605,154.972,155.730,300,158,0
1771347600,155.780,156.380,155.280,155.722,257,157,0
1771351200,155.746,156.622,155.571,156.430,140,158,0
1771408800,156.430,156.430,154.830,155.471,277,158,0
1771412400,155.496,155.596,154.680,155.447,340,157,0
1771416000,155.371,155.647,155.322,155.647,177,157,0
1771419600,155.646,155.771,155.146,155.271,283,157,0
1771423200,155.322,155.621,154.872,155.096,250,157,0
1771426800,155.096,155.572,154.971,155.271,242,158,0
1771430400,155.271,156.172,155.121,156.080,301,158,0
1771434000,156.030,156.830,155.821,156.822,273,157,0
1771437600,156.922,157.372,156.796,157.247,158,158,0
1771495200,157.222,158.080,156.530,156.696,230,158,0
1771498800,156.772,157.330,156.622,156.622,298,157,0
1771502400,156.622,156.746,156.246,156.396,276,157,0
1771506000,156.396,156.597,155.730,155.872,342,157,0
1771509600,155.872,156.196,155.472,156.105,221,157,0
1771513200,156.172,156.697,156.146,156.530,259,157,0
1771516800,156.580,157.280,155.830,156.572,258,158,0
1771520400,156.580,156.722,155.480,155.630,267,158,0
1771524000,155.722,156.030,155.272,155.280,111,158,0
1771581600,155.280,157.105,155.280,156.722,243,158,0
1771585200,156.721,157.047,156.330,156.797,268,158,0
1771588800,156.797,156.921,156.396,156.546,265,157,0
1771592400,156.522,156.947,156.396,156.796,213,157,0
1771596000,156.896,156.946,156.371,156.471,267,157,0
1771599600,156.421,156.696,156.221,156.547,206,157,0
1771603200,156.547,157.830,156.496,157.530,291,158,0
1771606800,157.455,160.855,157.455,159.446,514,158,0
1771610400,159.472,159.472,158.580,158.722,170,158,0
1771840800,157.955,160.680,157.655,160.430,316,158,0
1771844400,160.480,160.697,160.030,160.146,275,158,0
1771848000,160.097,160.821,158.987,160.530,344,157,0
1771851600,160.622,160.822,160.146,160.197,248,157,0
1771855200,160.255,160.496,159.946,160.046,253,157,0
1771858800,160.021,160.047,159.171,159.171,238,157,0
1771862400,159.171,159.455,157.830,158.355,299,157,0
1771866000,158.580,159.172,158.130,158.422,310,158,0
1771869600,158.421,158.796,158.072,158.422,125,158,0
1771927200,158.105,160.172,158.105,159.180,268,158,0
1771930800,159.230,160.372,159.180,159.221,239,157,0
1771934400,159.222,159.822,159.121,159.596,228,157,0
1771938000,159.622,160.272,159.622,160.246,245,158,0
1771941600,160.222,160.396,159.446,159.680,231,158,0
1771945200,159.696,161.572,159.680,161.330,212,158,0
1771948800,161.422,162.330,161.271,161.422,319,157,0
1771952400,161.480,161.896,160.822,160.822,243,158,0
1771956000,160.872,160.872,160.022,160.072,65,206,0
1772013600,160.030,161.705,159.980,160.222,297,157,0
1772017200,160.321,161.072,160.271,160.530,249,158,0
1772020800,160.580,160.580,159.296,159.322,237,157,0
1772024400,159.346,159.447,158.997,159.271,261,157,0
1772028000,159.072,159.446,158.896,159.072,301,157,0
1772031600,159.072,159.730,159.047,159.730,218,157,0
1772035200,159.672,159.672,157.872,158.280,276,158,0
1772038800,158.372,158.730,157.896,158.146,228,158,0
1772042400,158.146,158.422,157.822,158.330,125,158,0
1772100000,158.330,159.980,158.330,159.430,258,158,0
1772103600,159.405,161.022,159.222,160.796,208,158,0
1772107200,160.796,161.096,160.221,160.271,214,157,0
1772110800,160.271,160.922,160.180,160.847,224,157,0
1772114400,160.805,161.471,160.805,161.072,212,157,0
1772118000,161.072,161.597,161.072,161.246,267,157,0
1772121600,161.272,163.530,161.221,162.822,373,157,0
1772125200,162.880,162.880,161.446,161.646,233,158,0
1772128800,161.696,162.372,161.621,161.880,158,158,0
1772186400,161.880,163.280,161.830,161.930,247,206,0
1772190000,161.980,162.722,160.680,161.230,209,158,0
1772193600,161.322,161.622,159.821,159.871,338,158,0
1772197200,159.830,160.471,159.696,159.872,245,158,0
1772200800,159.771,159.872,158.421,158.730,339,157,0
1772204400,158.780,160.030,158.780,159.847,202,158,0
1772208000,159.847,159.847,157.830,158.480,370,158,0
1772211600,158.480,159.030,157.530,157.680,232,158,0
1772215200,157.730,158.822,157.580,158.430,174,158,0
1772445600,151.472,154.505,150.505,153.855,476,206,0
1772449200,153.955,154.730,153.630,154.730,230,158,0
1772452800,154.672,154.980,153.872,154.072,309,158,0
1772456400,154.247,155.072,153.971,154.330,349,157,0
1772460000,154.546,154.546,153.071,153.080,300,157,0
1772463600,153.030,153.146,151.630,151.847,311,157,0
1772467200,151.871,153.122,150.772,151.080,357,158,0
1772470800,151.280,152.130,151.272,151.422,207,206,0
1772474400,151.230,152.372,150.980,151.330,122,206,0
1772532000,151.372,151.372,148.230,148.322,493,206,0
1772535600,148.430,148.880,147.172,147.880,263,158,0
1772539200,147.830,147.830,145.930,146.696,306,158,0
1772542800,146.722,146.722,145.480,145.680,335,158,0
1772546400,145.721,147.580,145.546,147.555,242,158,0
1772550000,147.680,147.730,145.872,146.230,271,158,0
1772553600,146.322,147.122,145.330,146.180,423,158,0
1772557200,146.230,147.380,146.122,147.180,343,206,0
1772560800,147.130,148.230,146.572,146.880,181,206,0
1772618400,146.880,146.880,135.680,136.630,1253,158,0
1772622000,136.530,137.322,135.572,136.755,448,205,0
1772625600,136.605,137.280,134.755,137.072,584,206,0
1772629200,137.080,138.530,136.080,138.130,290,206,0
1772632800,136.721,138.622,135.280,135.530,404,158,0
1772636400,135.680,138.730,135.480,138.030,339,206,0
1772640000,137.922,142.055,137.922,141.805,503,206,0
1772643600,141.880,142.355,139.730,140.530,364,206,0
1772647200,140.580,142.180,140.480,141.780,190,206,0
1772704800,141.780,142.372,139.655,142.372,547,206,0
1772708400,142.330,144.330,142.230,143.680,372,158,0
1772712000,143.655,144.696,143.372,144.622,270,158,0
1772715600,144.646,148.280,144.422,147.822,352,158,0
1772719200,147.946,148.930,146.822,146.830,355,158,0
1772722800,147.022,148.572,146.980,147.330,253,158,0
1772726400,147.472,148.480,147.022,148.472,328,158,0
1772730000,148.372,148.896,146.972,146.972,290,158,0
1772733600,147.072,147.172,144.880,145.305,166,205,0
1772791200,145.330,148.680,145.205,148.030,397,158,0
1772794800,147.980,148.080,145.530,145.972,284,158,0
1772798400,146.022,147.572,145.796,147.430,368,158,0
1772802000,147.430,147.580,145.180,145.480,277,158,0
1772805600,147.221,147.271,144.730,145.080,276,158,0
1772809200,145.122,146.021,143.080,143.130,336,158,0
1772812800,143.130,143.330,141.946,142.630,484,158,0
1772816400,142.705,143.105,141.772,142.630,257,158,0
1772820000,142.530,142.872,141.972,142.222,75,206,0
1773050400,140.730,140.730,138.130,139.130,389,206,0
1773054000,139.080,140.080,138.130,139.372,277,206,0
1773057600,139.430,139.780,137.930,138.380,227,158,0
1773061200,138.330,138.630,137.771,137.946,212,158,0
1773064800,137.797,138.230,137.530,137.880,285,158,0
1773068400,137.980,138.422,136.722,136.930,240,158,0
1773072000,136.930,138.480,136.080,138.405,342,206,0
1773075600,138.380,139.480,137.830,139.480,239,158,0
1773079200,139.430,140.030,138.872,139.321,126,158,0
1773136800,139.280,142.555,139.280,140.980,332,206,0
1773140400,140.922,142.272,140.872,141.205,394,158,0
1773144000,141.255,141.847,141.030,141.721,227,158,0
1773147600,141.671,142.130,138.155,138.630,384,158,0
1773151200,139.821,139.821,137.372,138.580,359,158,0
1773154800,138.630,138.772,137.530,137.830,241,158,0
1773158400,137.780,141.080,137.672,140.830,226,206,0
1773162000,140.922,141.546,140.030,140.222,239,158,0
1773165600,140.172,141.122,139.930,141.022,115,158,0
1773223200,141.022,141.022,138.922,139.380,283,206,0
1773226800,139.330,140.071,139.130,139.497,459,158,0
1773230400,139.521,140.822,139.521,140.672,307,157,0
1773234000,140.746,141.121,139.921,140.280,419,158,0
1773237600,140.230,140.730,139.630,139.730,293,158,0
1773241200,139.830,141.030,139.830,140.930,273,157,0
1773244800,140.805,141.955,140.080,141.080,320,206,0
1773248400,141.022,141.080,139.371,139.630,268,158,0
1773252000,139.580,139.822,139.130,139.530,94,206,0
1773309600,139.572,139.572,137.680,138.580,262,206,0
1773313200,138.580,139.371,137.930,138.971,288,158,0
1773316800,138.971,139.780,138.830,139.430,276,158,0
1773320400,139.280,140.472,139.230,139.980,241,158,0
1773324000,140.071,140.371,139.530,140.371,226,157,0
1773327600,140.372,140.680,139.630,140.180,383,158,0
1773331200,140.130,141.080,139.772,140.980,276,158,0
1773334800,141.130,141.230,139.772,140.530,244,206,0
1773338400,140.480,141.030,139.822,140.930,112,206,0
1773396000,140.930,140.930,137.322,138.180,325,158,0
1773399600,138.030,138.372,137.380,138.121,258,158,0
1773403200,138.171,139.272,137.921,138.980,233,158,0
1773406800,139.030,139.547,138.746,139.447,340,157,0
1773410400,139.246,140.067,139.080,139.646,274,157,0
1773414000,139.696,140.530,139.472,139.922,305,158,0
1773417600,140.071,140.122,138.430,138.780,275,158,0
1773421200,138.822,139.471,137.880,137.972,375,158,0
1773424800,137.880,138.522,137.522,138.480,119,206,0
1773655200,139.080,139.605,136.972,136.980,357,158,0
1773658800,137.022,137.230,136.121,136.272,322,158,0
1773662400,136.246,137.746,136.246,137.696,344,158,0
1773666000,137.722,138.147,137.646,137.922,266,158,0
1773669600,137.996,138.696,137.721,138.330,244,157,0
1773673200,138.430,139.722,138.096,139.622,284,157,0
1773676800,139.621,140.197,139.180,140.096,283,158,0
1773680400,140.097,140.630,139.722,139.722,224,157,0
1773684000,139.772,140.746,139.530,140.330,138,158,0
1773741600,140.330,140.555,138.780,139.105,291,158,0
1773745200,139.180,140.196,139.080,139.971,262,158,0
1773748800,139.971,139.971,139.371,139.430,272,157,0
1773752400,139.480,139.746,139.221,139.580,321,157,0
1773756000,139.505,140.246,139.505,140.196,229,157,0
1773759600,140.196,140.595,140.071,140.330,319,157,0
1773763200,140.280,142.472,140.230,141.230,222,206,0
1773766800,141.280,141.522,140.322,140.830,246,157,0
1773770400,140.847,140.896,140.322,140.546,185,158,0
1773828000,140.522,141.630,140.430,140.880,361,158,0
1773831600,140.922,140.996,140.380,140.446,282,157,0
1773835200,140.471,140.671,140.071,140.297,323,157,0
1773838800,140.271,140.722,139.630,140.330,159,157,0
1773842400,140.047,140.297,137.930,137.980,298,157,0
1773846000,138.080,138.830,137.396,138.180,303,158,0
1773849600,138.230,138.572,136.830,137.330,198,205,0
1773853200,137.380,138.421,137.280,137.680,284,158,0
1773856800,137.721,138.505,137.546,138.430,145,158,0
1773914400,138.380,138.380,133.772,133.830,301,206,0
1773918000,133.880,134.630,132.780,133.480,250,206,0
1773921600,133.422,133.996,132.822,132.980,191,158,0
1773925200,132.930,133.430,132.621,133.296,228,158,0
1773928800,133.255,133.330,131.280,132.180,291,158,0
1773932400,132.180,132.972,131.630,132.972,335,158,0
1773936000,132.980,133.622,132.422,132.480,260,206,0
1773939600,132.572,134.122,132.572,133.930,215,158,0
1773943200,133.830,134.630,133.072,133.130,145,158,0
1774000800,133.180,136.055,133.180,135.330,322,158,0
1774004400,135.330,135.330,133.522,133.830,281,158,0
1774008000,133.830,133.830,132.380,132.830,350,158,0
1774011600,132.872,133.672,132.680,133.572,187,158,0
1774015200,133.396,133.722,133.146,133.572,302,158,0
1774018800,133.572,133.622,132.280,132.830,352,158,0
1774022400,132.930,133.180,131.680,132.180,348,205,0
1774026000,132.180,133.980,132.180,133.180,398,158,0
1774029600,133.122,133.497,132.622,132.872,120,158,0
1774260000,131.046,132.296,129.921,131.471,1514,158,0
1774263600,131.497,131.621,130.571,131.221,1264,158,0
1774267200,131.246,131.271,130.430,130.430,678,158,0
1774285200,136.080,136.080,134.080,134.180,174,206,0
1774288800,134.280,134.480,132.930,132.930,148,206,0
1774346400,132.980,134.455,132.130,132.330,375,206,0
1774350000,132.330,133.180,131.930,133.130,305,206,0
1774353600,133.172,133.355,132.622,133.230,350,158,0
1774357200,133.180,133.546,132.730,133.430,315,158,0
1774360800,133.121,133.580,132.580,132.672,392,158,0
1774364400,132.580,132.922,131.830,132.380,507,158,0
1774368000,132.422,133.130,131.622,132.730,342,206,0
1774371600,132.780,133.030,131.880,131.880,400,158,0
1774375200,131.780,132.222,131.380,132.222,75,206,0
1774432800,132.230,134.330,132.230,133.930,338,158,0
1774436400,133.830,135.580,133.630,135.480,232,206,0
1774440000,135.480,135.630,134.746,135.272,213,158,0
1774443600,135.322,135.646,134.880,135.422,296,157,0
1774447200,135.521,135.780,134.171,134.472,276,158,0
1774450800,134.446,135.080,133.822,133.830,325,158,0
1774454400,133.822,134.222,133.422,133.522,308,158,0
1774458000,133.580,133.630,132.180,132.671,348,158,0
1774461600,132.697,133.180,132.472,133.180,263,158,0
1774519200,133.230,133.230,131.080,133.030,244,206,0
1774522800,133.080,133.422,132.580,133.230,313,158,0
1774526400,133.180,133.471,132.722,133.080,391,157,0
1774530000,132.980,133.522,132.830,132.830,371,158,0
1774533600,132.830,134.072,132.830,133.971,316,157,0
1774537200,134.021,135.480,133.871,135.480,322,158,0
1774540800,135.430,136.080,134.980,135.580,359,158,0
1774544400,135.580,135.672,134.821,135.030,432,158,0
1774548000,135.030,135.130,133.672,133.872,64,206,0
1774605600,133.830,133.830,132.530,132.780,216,206,0
1774609200,132.830,133.330,132.280,132.746,275,158,0
1774612800,132.672,133.322,132.672,132.930,409,158,0
1774616400,132.930,133.346,132.521,133.022,299,157,0
1774620000,133.121,133.322,132.822,133.221,300,157,0
1774623600,133.197,133.221,131.980,132.121,242,158,0
1774627200,132.146,132.622,131.780,132.280,286,158,0
1774630800,132.430,132.930,131.730,132.322,275,158,0
1774634400,132.180,132.472,131.971,132.330,143,158,0
1774864800,131.080,132.072,130.955,131.521,248,158,0
1774868400,131.496,131.672,130.971,131.480,275,158,0
1774872000,131.522,131.796,130.521,130.772,391,158,0
1774875600,130.822,131.246,130.380,131.246,322,157,0
1774879200,131.230,133.130,131.230,131.896,386,158,0
1774882800,131.971,132.372,131.696,132.272,384,157,0
1774886400,132.321,132.372,131.580,131.680,268,158,0
1774890000,131.730,132.230,131.030,132.180,253,206,0
1774893600,132.280,132.930,131.946,132.922,100,158,0
1774951200,134.130,135.280,133.655,135.030,211,206,0
1774954800,135.080,135.630,134.580,134.980,205,158,0
1774958400,134.980,135.571,134.905,135.030,297,158,0
1774962000,135.121,135.346,133.930,134.796,321,158,0
1774965600,134.746,136.097,134.746,135.330,456,158,0
1774969200,135.380,135.780,134.730,134.980,277,158,0
1774972800,135.030,136.180,134.946,135.780,338,158,0
1774976400,135.880,135.922,135.380,135.822,394,158,0
1774980000,135.930,137.072,135.930,136.872,76,206,0
1775037600,142.180,142.180,139.230,139.580,364,206,0
1775041200,139.480,140.130,138.771,138.855,297,158,0
1775044800,138.980,139.030,136.605,137.372,407,158,0
1775048400,137.330,137.646,136.655,137.621,234,158,0
1775052000,137.495,138.222,137.429,137.930,340,158,0
1775055600,137.830,138.180,136.630,136.680,262,158,0
1775059200,136.772,136.980,135.630,136.030,347,158,0
1775062800,136.030,137.271,135.771,137.122,323,158,0
1775066400,137.096,137.722,137.072,137.280,136,158,0
1775124000,134.580,135.830,133.855,135.830,242,206,0
1775127600,135.972,136.121,134.930,135.071,423,158,0
1775131200,135.171,135.222,134.330,134.422,385,158,0
1775134800,134.322,134.522,133.830,134.080,245,158,0
1775138400,134.222,134.297,132.871,132.922,349,157,0
1775142000,132.922,133.422,132.471,133.272,286,158,0
1775145600,133.272,133.680,132.680,133.222,343,158,0
1775149200,133.230,136.130,133.080,134.930,414,158,0
1775152800,134.980,135.280,134.480,134.880,128,206,0
1775556000,136.005,136.005,134.280,134.780,216,206,0
1775559600,134.980,136.680,134.730,136.080,277,158,0
1775563200,136.080,136.221,135.580,135.730,200,157,0
1775566800,135.680,135.730,134.172,134.297,538,158,0
1775570400,134.221,134.630,132.980,133.130,380,158,0
1775574000,133.080,133.530,131.872,131.872,242,206,0
1775577600,131.830,132.371,131.130,131.180,322,158,0
1775581200,131.030,131.980,130.830,130.955,444,158,0
1775584800,130.822,131.480,130.372,131.222,135,206,0
1775642400,131.322,140.030,131.322,139.180,460,206,0
1775646000,139.180,139.555,138.605,139.455,280,158,0
1775649600,139.355,139.530,138.430,138.871,210,158,0
1775653200,138.896,139.147,138.297,138.996,379,158,0
1775656800,138.872,139.830,138.546,139.372,294,158,0
1775660400,139.422,140.021,139.096,139.446,384,157,0
1775664000,139.446,139.696,137.930,138.180,270,158,0
1775667600,138.122,138.280,136.372,136.730,186,206,0
1775671200,136.780,137.396,136.522,137.272,124,158,0
1775728800,137.080,137.305,134.980,135.296,251,158,0
1775732400,135.321,135.447,135.030,135.071,292,157,0
1775736000,135.071,135.522,134.946,135.297,320,158,0
1775739600,135.371,135.622,135.097,135.371,316,158,0
1775743200,135.122,135.571,135.121,135.521,305,158,0
1775746800,135.521,135.997,135.330,135.821,329,158,0
1775750400,135.797,135.821,134.822,135.330,353,158,0
1775754000,135.372,135.696,135.080,135.471,339,157,0
1775757600,135.446,136.471,135.321,136.446,177,157,0
1775815200,136.380,138.972,136.380,138.971,350,158,0
1775818800,138.971,138.972,138.072,138.122,325,158,0
1775822400,138.122,139.572,137.946,139.380,407,158,0
1775826000,139.522,139.822,139.021,139.722,347,158,0
1775829600,139.542,140.047,138.930,138.980,267,158,0
1775833200,138.830,139.871,138.630,139.322,255,158,0
1775836800,139.297,139.447,137.930,138.372,264,158,0
1775840400,138.380,138.380,137.380,137.547,284,158,0
1775844000,137.530,137.922,137.247,137.421,113,158,0
1776074400,136.505,136.505,135.221,135.372,269,158,0
1776078000,135.346,136.130,135.346,135.680,243,158,0
1776081600,135.730,136.071,135.730,135.772,264,157,0
1776085200,135.796,136.096,135.621,136.072,295,157,0
1776088800,136.275,136.421,135.371,135.446,331,158,0
1776092400,135.421,135.971,135.396,135.946,356,157,0
1776096000,135.946,136.630,135.322,136.030,340,157,0
1776099600,136.305,136.380,135.296,135.871,261,158,0
1776103200,135.871,136.380,135.721,136.121,264,158,0
1776160800,136.122,137.330,136.122,137.022,287,158,0
1776164400,137.046,137.430,136.597,137.430,296,158,0
1776168000,137.430,138.222,137.196,137.546,194,157,0
1776171600,137.521,137.971,137.047,137.147,261,157,0
1776175200,136.980,137.671,136.822,137.221,281,157,0
1776178800,137.171,138.105,136.780,137.022,260,158,0
1776182400,136.997,137.972,136.746,137.580,243,158,0
1776186000,137.530,137.980,137.430,137.830,177,158,0
1776189600,137.830,138.130,137.072,137.780,125,158,0
1776247200,137.780,137.822,136.422,137.772,427,158,0
1776250800,137.722,139.080,137.622,139.030,238,158,0
1776254400,139.022,139.022,137.747,137.747,316,158,0
1776258000,137.721,138.080,137.346,137.897,337,158,0
1776261600,137.671,138.908,137.646,138.471,323,158,0
1776265200,138.397,138.530,138.080,138.196,302,158,0
1776268800,138.122,139.080,137.796,139.080,319,157,0
1776272400,139.030,139.746,138.830,139.646,285,158,0
1776276000,139.646,139.730,138.980,139.280,100,158,0
1776333600,139.280,141.580,139.280,141.280,321,158,0
1776337200,141.230,141.480,140.680,141.221,233,157,0
1776340800,141.221,141.322,140.572,140.921,207,158,0
1776344400,140.897,141.397,140.896,141.222,285,157,0
1776348000,141.280,141.280,140.771,141.146,252,157,0
1776351600,141.146,141.372,140.897,141.297,224,157,0
1776355200,141.321,141.971,141.030,141.080,260,158,0
1776358800,141.030,141.572,140.830,141.430,217,158,0
1776362400,141.471,141.822,141.421,141.622,110,158,0
1776420000,141.505,142.372,141.455,142.172,284,158,0
1776423600,142.172,142.822,142.072,142.571,303,157,0
1776427200,142.596,143.530,142.521,143.222,260,158,0
1776430800,143.172,143.446,142.796,143.322,253,157,0
1776434400,143.171,143.596,142.996,143.522,264,157,0
1776438000,143.522,145.772,143.247,145.772,570,157,0
1776441600,145.830,147.480,145.680,146.880,427,206,0
1776445200,146.830,147.922,146.680,147.430,274,158,0
1776448800,147.380,147.480,145.972,146.080,157,158,0
1776679200,143.030,144.305,143.030,144.272,198,158,0
1776682800,144.272,144.322,142.930,143.522,280,158,0
1776686400,143.522,144.271,143.371,143.980,329,157,0
1776690000,143.972,144.172,143.772,143.922,358,157,0
1776693600,143.771,144.246,143.572,144.222,278,157,0
1776697200,144.222,144.372,143.571,143.596,315,157,0
1776700800,143.596,145.030,143.471,144.922,403,158,0
1776704400,144.880,145.322,143.521,144.122,428,157,0
1776708000,144.280,144.821,143.930,144.821,123,158,0
1776765600,144.780,146.730,144.780,146.172,211,158,0
1776769200,146.130,146.822,145.071,146.521,287,158,0
1776772800,146.455,146.696,146.080,146.522,217,157,0
1776776400,146.472,146.521,145.930,146.372,244,157,0
1776780000,146.346,146.396,145.696,145.722,229,157,0
1776783600,145.772,145.772,144.830,144.972,261,157,0
1776787200,144.971,146.155,144.630,145.930,273,157,0
1776790800,145.930,146.080,144.780,144.830,269,157,0
1776794400,144.880,144.930,144.430,144.671,195,158,0
1776852000,144.630,144.630,142.005,142.330,196,206,0
1776855600,142.280,142.497,141.530,142.471,284,158,0
1776859200,142.447,143.197,142.380,142.930,209,158,0
1776862800,142.980,143.146,142.546,142.946,295,157,0
1776866400,142.921,143.472,142.722,143.372,391,158,0
1776870000,143.396,143.721,142.496,142.621,320,158,0
1776873600,142.621,143.271,141.796,142.155,453,157,0
1776877200,142.030,142.180,141.021,141.272,221,158,0
1776880800,141.272,141.472,140.572,141.330,101,158,0
1776938400,141.322,141.322,140.005,141.030,358,158,0
1776942000,140.905,140.980,139.147,139.147,351,158,0
1776945600,139.097,139.446,138.505,139.422,210,158,0
1776949200,139.372,139.972,139.080,139.872,332,157,0
1776952800,139.880,139.980,139.380,139.572,269,158,0
1776956400,139.521,140.430,138.880,140.072,290,158,0
1776960000,140.072,140.172,139.271,139.271,272,158,0
1776963600,139.221,139.530,138.130,138.280,259,158,0
1776967200,138.122,138.821,137.730,138.472,163,158,0
1777024800,138.372,138.372,135.630,136.221,256,158,0
1777028400,136.196,136.397,135.372,135.672,321,158,0
1777032000,135.696,135.721,134.780,135.422,308,157,0
1777035600,135.472,136.072,135.146,135.921,293,158,0
1777039200,135.805,137.830,135.571,137.122,339,158,0
1777042800,137.146,137.347,136.196,136.496,374,157,0
1777046400,136.547,136.930,136.272,136.530,300,158,0
1777050000,136.430,136.830,136.180,136.580,198,158,0
1777053600,136.646,136.880,136.272,136.430,146,158,0
1777284000,136.755,138.755,136.755,138.530,215,158,0
1777287600,138.430,138.921,137.972,138.572,227,158,0
1777291200,138.572,138.722,138.396,138.622,183,158,0
1777294800,138.596,139.021,138.421,138.671,227,157,0
1777298400,138.455,138.646,138.121,138.296,216,158,0
1777302000,138.321,139.097,137.272,137.480,191,157,0
1777305600,137.580,138.172,137.272,137.830,271,158,0
1777309200,137.730,138.280,137.480,137.496,234,158,0
1777312800,137.496,137.871,137.180,137.871,88,158,0
1777370400,137.830,138.030,137.205,137.830,249,158,0
1777374000,137.755,138.396,137.355,138.322,274,157,0
1777377600,138.322,138.372,137.622,138.021,229,158,0
1777381200,137.972,138.321,137.871,137.872,314,157,0
1777384800,137.972,138.121,136.971,137.272,293,157,0
1777388400,137.296,137.572,136.771,137.305,375,158,0
1777392000,137.280,137.730,136.930,137.130,194,158,0
1777395600,137.080,137.430,136.621,137.272,283,158,0
1777399200,137.296,137.621,137.122,137.421,206,158,0
1777456800,137.380,148.980,137.380,147.372,501,206,0
1777460400,147.480,147.955,145.830,145.830,311,158,0
1777464000,145.655,147.330,145.422,147.072,209,158,0
1777467600,147.130,148.096,147.130,147.730,290,157,0
1777471200,147.555,147.872,146.080,146.630,309,158,0
1777474800,146.580,149.730,146.496,149.730,301,158,0
1777478400,149.680,150.372,148.671,149.530,279,158,0
1777482000,149.472,149.846,148.280,149.722,343,158,0
1777485600,149.746,150.130,148.280,150.030,197,158,0
1777543200,150.022,150.022,145.830,146.280,268,206,0
1777546800,146.230,146.780,146.030,146.080,219,158,0
1777550400,146.030,146.622,145.680,145.822,266,158,0
1777554000,145.846,147.430,145.846,147.280,170,158,0
1777557600,147.355,147.646,146.521,146.730,368,158,0
1777561200,146.771,148.280,146.446,147.521,237,158,0
1777564800,147.521,149.422,146.980,147.030,311,157,0
1777568400,147.080,147.930,146.930,147.372,212,206,0
1777572000,147.380,148.221,147.330,147.880,221,158,0
1777888800,148.280,148.280,143.705,144.980,271,206,0
1777892400,144.930,145.696,144.530,145.122,212,158,0
1777896000,145.122,145.421,144.496,145.030,257,157,0
1777899600,145.080,145.630,143.121,145.122,525,158,0
1777903200,145.079,145.372,144.680,145.322,376,157,0
1777906800,145.322,146.472,145.022,146.230,324,157,0
1777910400,146.222,146.580,145.030,145.230,383,158,0
1777914000,145.230,145.572,143.330,143.330,246,206,0
1777917600,143.230,143.272,141.122,141.330,229,206,0
1777975200,141.430,142.630,140.505,141.330,248,206,0
1777978800,141.280,142.222,140.521,140.822,315,158,0
1777982400,140.847,141.872,140.522,141.696,328,158,0
1777986000,141.722,141.921,141.196,141.522,254,157,0
1777989600,141.371,141.922,140.980,141.472,284,158,0
1777993200,141.472,142.280,140.880,141.696,266,157,0
1777996800,141.696,142.630,141.130,141.721,248,158,0
1778000400,141.722,142.530,141.255,142.530,407,158,0
1778004000,142.580,143.230,142.330,143.030,89,206,0
1778061600,143.080,144.380,142.980,144.080,331,158,0
1778065200,144.080,147.630,144.080,147.422,429,157,0
1778068800,147.330,147.680,146.330,147.330,208,206,0
1778072400,147.330,149.772,147.230,149.572,337,158,0
1778076000,149.596,150.430,149.230,149.280,256,158,0
1778079600,149.222,149.280,147.580,148.272,257,158,0
1778083200,148.372,148.530,147.680,148.080,244,158,0
1778086800,148.130,148.530,147.580,148.180,283,158,0
1778090400,148.280,148.780,147.830,148.630,97,206,0
1778148000,148.630,153.030,148.630,151.880,184,206,0
1778151600,152.005,152.005,150.130,150.130,168,158,0
1778155200,150.171,150.596,150.022,150.022,226,158,0
1778158800,150.022,150.330,149.730,149.972,165,158,0
1778162400,149.972,150.496,149.546,150.271,177,157,0
1778166000,150.322,151.430,150.222,151.072,166,158,0
1778169600,151.072,151.730,150.480,151.605,154,158,0
1778173200,151.630,151.830,150.980,151.380,135,158,0
1778176800,151.430,151.830,151.030,151.530,75,206,0
1778234400,151.630,151.630,148.105,149.205,219,206,0
1778238000,149.180,149.222,148.621,148.646,258,158,0
1778241600,148.697,149.321,148.580,148.680,265,157,0
1778245200,148.630,149.746,148.546,149.730,294,157,0
1778248800,149.771,149.771,149.230,149.571,229,157,0
1778252400,149.571,150.130,148.830,148.930,323,158,0
1778256000,148.930,149.130,148.580,148.821,290,158,0
1778259600,148.847,148.847,147.671,147.680,385,158,0
1778263200,147.630,147.730,146.830,146.930,118,158,0
1778493600,144.780,145.805,144.180,144.430,348,158,0
1778497200,144.430,144.630,143.971,144.146,295,158,0
1778500800,144.121,144.822,144.021,144.522,306,157,0
1778504400,144.471,144.530,143.671,143.997,227,157,0
1778508000,144.071,144.172,142.730,142.730,277,158,0
1778511600,142.771,143.472,142.596,143.322,360,158,0
1778515200,143.322,143.496,142.030,142.230,209,157,0
1778518800,142.055,142.096,140.930,141.072,256,158,0
1778522400,141.072,141.680,140.630,141.380,128,158,0
1778580000,141.430,142.346,139.830,141.730,311,158,0
1778583600,141.680,142.771,141.180,141.530,295,157,0
1778587200,141.680,144.055,141.380,142.622,277,158,0
1778590800,142.580,143.280,142.505,142.980,260,158,0
1778594400,142.842,143.580,141.846,141.946,234,158,0
1778598000,141.946,142.897,141.896,142.571,282,158,0
1778601600,142.596,142.797,141.580,141.630,272,158,0
1778605200,141.530,141.530,140.580,140.847,221,158,0
1778608800,140.871,141.280,140.421,141.280,149,158,0
1778666400,141.280,141.280,139.655,140.180,339,158,0
1778670000,140.130,142.096,140.130,141.746,269,157,0
1778673600,141.721,142.196,141.330,142.172,261,157,0
1778677200,142.172,142.371,141.771,141.971,328,157,0
1778680800,141.947,142.446,141.771,142.422,210,158,0
1778684400,142.422,143.080,141.880,143.055,233,157,0
1778688000,143.080,143.130,142.422,143.080,265,157,0
1778691600,143.072,145.130,143.072,145.080,324,158,0
1778695200,145.180,145.380,143.796,143.871,128,158,0
1778752800,143.855,145.630,143.855,143.930,171,158,0
1778756400,143.780,144.046,143.455,143.796,310,157,0
1778760000,143.797,143.880,143.246,143.371,243,157,0
1778763600,143.380,143.872,143.246,143.821,227,158,0
1778767200,143.730,144.272,143.575,144.171,199,157,0
1778770800,144.171,144.722,144.096,144.722,237,158,0
1778774400,144.721,145.022,144.421,144.772,257,157,0
1778778000,144.722,146.572,144.721,146.122,290,158,0
1778781600,146.122,147.097,146.021,147.046,151,158,0
1778839200,147.030,147.030,144.072,144.230,242,158,0
1778842800,144.330,144.572,143.872,144.030,186,158,0
1778846400,144.180,144.472,143.930,144.172,211,157,0
1778850000,144.280,144.930,143.996,144.580,335,158,0
1778853600,144.346,144.530,143.746,144.046,224,157,0
1778857200,144.046,144.046,142.722,143.080,168,158,0
1778860800,143.072,144.280,143.072,144.280,325,158,0
1778864400,144.430,146.430,144.330,146.322,243,158,0
1778868000,146.396,146.471,145.830,146.330,192,158,0
1779098400,143.730,144.755,142.980,144.222,270,158,0
1779102000,144.222,144.846,144.080,144.796,282,157,0
1779105600,144.771,144.872,144.221,144.872,262,157,0
1779109200,144.872,144.896,143.572,143.830,283,157,0
1779112800,144.024,145.830,143.680,145.322,333,158,0
1779116400,145.321,147.630,145.272,147.530,273,158,0
1779120000,147.630,149.372,147.180,148.955,244,158,0
1779123600,148.880,149.480,148.022,148.180,258,158,0
1779127200,148.080,148.172,146.771,146.897,154,158,0
1779184800,146.872,148.280,146.872,148.280,269,158,0
1779188400,148.330,148.672,147.230,147.571,226,158,0
1779192000,147.596,147.897,147.421,147.646,346,158,0
1779195600,147.597,148.522,147.596,148.022,297,157,0
1779199200,147.972,148.021,147.297,147.297,284,157,0
1779202800,147.271,147.771,147.130,147.222,237,157,0
1779206400,147.246,147.547,145.980,147.422,316,158,0
1779210000,147.421,147.680,146.872,147.347,257,158,0
1779213600,147.321,147.647,146.880,146.880,123,158,0
1779271200,146.830,146.830,144.155,145.830,245,158,0
1779274800,145.755,146.580,145.730,146.222,139,158,0
1779278400,146.296,146.647,146.171,146.522,223,158,0
1779282000,146.522,147.072,145.771,145.821,327,157,0
1779285600,145.722,145.897,145.021,145.122,360,158,0
1779289200,145.172,145.871,144.996,144.996,326,157,0
1779292800,144.946,145.480,144.122,144.880,283,157,0
1779296400,144.830,147.630,144.430,147.230,370,206,0
1779300000,147.072,149.230,146.905,148.180,253,206,0
1779357600,148.180,148.922,147.630,148.430,180,206,0
1779361200,148.380,150.580,148.380,150.322,254,158,0
1779364800,150.346,151.480,150.322,151.446,240,158,0
1779368400,151.446,151.472,147.772,148.222,434,158,0
1779372000,148.172,148.780,148.172,148.380,296,158,0
1779375600,148.380,148.930,148.222,148.546,284,158,0
1779379200,148.522,150.122,148.130,150.105,288,158,0
1779382800,150.205,150.730,149.680,150.480,180,158,0
1779386400,150.580,151.180,150.330,150.822,111,206,0
1779444000,150.780,153.855,150.780,152.655,305,206,0
1779447600,152.655,152.980,151.480,152.280,225,206,0
1779451200,152.230,153.647,152.030,153.596,312,158,0
1779454800,153.547,154.621,153.146,154.421,336,158,0
1779458400,154.447,156.130,154.346,156.072,210,158,0
1779462000,156.080,156.980,155.872,156.646,305,157,0
1779465600,156.696,157.330,156.030,156.355,271,158,0
1779469200,156.255,156.255,154.380,154.630,186,206,0
1779472800,154.730,155.180,154.222,154.930,100,206,0
1779703200,155.955,156.571,155.155,156.496,361,158,0
1779706800,156.472,156.822,155.771,156.772,262,157,0
1779710400,156.771,157.121,156.496,156.730,258,157,0
1779714000,156.680,157.122,156.480,157.021,263,157,0
1779717600,157.046,157.746,156.896,157.471,308,157,0
1779721200,157.471,157.747,157.296,157.671,298,157,0
1779724800,157.697,158.122,157.480,158.080,197,158,0
1779728400,158.230,158.796,157.930,158.572,265,158,0
1779732000,158.596,158.896,158.130,158.280,155,158,0
1779789600,158.230,158.230,155.980,156.372,227,158,0
1779793200,156.422,156.472,155.072,155.122,281,158,0
1779796800,155.071,156.171,155.021,155.971,356,157,0
1779800400,155.971,157.172,155.896,156.772,329,157,0
1779804000,156.772,157.072,156.330,156.772,275,157,0
1779807600,156.772,156.847,156.171,156.296,287,158,0
1779811200,156.222,156.530,155.130,155.822,210,158,0
1779814800,155.880,157.280,155.830,156.971,320,158,0
1779818400,156.971,157.446,156.871,156.971,194,158,0
1779876000,156.980,162.655,156.980,161.730,317,206,0
1779879600,161.580,165.372,161.330,165.372,268,158,0
1779883200,165.430,167.080,165.322,166.522,258,158,0
1779886800,166.472,167.871,166.130,167.830,262,158,0
1779890400,167.822,168.496,166.530,168.296,299,158,0
1779894000,168.296,168.830,167.572,168.322,333,158,0
1779897600,168.222,168.380,165.730,166.130,326,158,0
1779901200,166.222,167.580,165.830,167.147,246,158,0
1779904800,167.147,167.280,166.080,166.972,110,158,0
1779962400,166.980,168.680,166.455,167.180,274,206,0
1779966000,167.230,169.080,166.730,169.080,150,206,0
1779969600,169.105,169.622,168.180,169.280,213,158,0
1779973200,169.330,169.996,168.530,168.880,301,158,0
1779976800,169.005,169.130,168.221,168.322,341,157,0
1779980400,168.272,168.530,166.980,167.530,164,206,0
1779984000,167.630,167.680,166.030,167.530,215,158,0
1779987600,167.580,169.305,166.880,167.580,400,206,0
1779991200,167.572,167.872,167.122,167.480,206,158,0
1780048800,167.480,169.230,166.780,166.972,199,206,0
1780052400,167.055,169.630,166.880,169.280,202,206,0
1780056000,169.180,169.822,168.996,169.822,269,158,0
1780059600,169.680,170.180,169.221,169.572,145,158,0
1780063200,169.374,169.546,168.596,169.046,352,157,0
1780066800,169.022,169.380,168.571,168.680,315,158,0
1780070400,168.722,168.946,167.430,167.430,222,158,0
1780074000,167.530,168.155,167.280,167.730,267,158,0
1780077600,167.780,168.430,167.780,168.030,117,206,0
1780308000,167.255,167.880,165.672,166.230,237,206,0
1780311600,166.280,166.430,164.980,165.422,203,158,0
1780315200,165.630,165.721,164.672,164.722,197,158,0
1780318800,164.771,166.097,164.746,165.921,269,157,0
1780322400,165.972,167.180,165.630,167.030,324,157,0
1780326000,166.980,167.472,166.321,166.730,211,158,0
1780329600,166.780,166.780,163.180,163.530,610,206,0
1780333200,163.480,164.480,163.055,163.722,305,158,0
1780336800,163.722,164.371,163.530,164.321,182,158,0
1780394400,165.755,169.130,165.755,168.422,283,206,0
1780398000,168.380,168.780,166.722,167.222,211,158,0
1780401600,167.196,167.497,166.471,166.597,295,158,0
1780405200,166.597,167.146,166.497,166.997,229,157,0
1780408800,167.072,167.522,166.721,167.471,256,157,0
1780412400,167.446,167.471,166.496,166.522,324,158,0
1780416000,166.522,166.922,165.372,165.471,249,158,0
1780419600,165.497,166.721,165.322,165.430,252,158,0
1780423200,165.580,166.572,165.280,166.572,118,157,0
1780480800,166.572,166.572,164.330,164.821,230,158,0
1780484400,164.871,165.271,164.297,164.896,290,158,0
1780488000,164.971,165.680,163.930,164.480,238,158,0
1780491600,164.572,165.522,164.330,164.522,258,158,0
1780495200,164.522,165.422,164.396,165.422,289,157,0
1780498800,165.522,165.622,164.921,165.471,308,158,0
1780502400,165.421,165.472,163.730,164.280,293,158,0
1780506000,164.280,164.422,161.730,161.980,267,158,0
1780509600,162.030,162.597,162.022,162.521,115,158,0
1780567200,162.380,162.680,160.822,162.680,204,206,0
1780570800,162.730,163.080,162.080,162.422,264,157,0
1780574400,162.422,163.330,161.821,162.830,282,158,0
1780578000,162.722,162.780,161.546,161.880,254,158,0
1780581600,161.796,163.180,161.796,163.130,268,158,0
1780585200,163.180,163.280,162.472,162.830,240,158,0
1780588800,162.830,163.246,161.630,162.096,431,158,0
1780592400,162.072,162.097,160.130,160.480,294,158,0
1780596000,160.430,161.430,159.930,160.830,122,158,0
1780653600,160.830,162.905,160.580,162.830,218,206,0
1780657200,162.780,164.080,162.680,163.271,210,158,0
1780660800,163.271,164.280,163.071,163.621,422,158,0
1780664400,163.646,164.430,163.421,163.821,240,157,0
1780668000,163.622,164.246,163.171,163.971,327,157,0
1780671600,163.971,164.072,163.030,163.196,369,158,0
1780675200,163.196,164.172,161.880,162.180,290,158,0
1780678800,162.272,162.630,161.372,161.721,220,158,0
1780682400,161.721,161.922,161.430,161.630,115,158,0
1780912800,161.672,161.672,158.330,159.272,342,158,0
1780916400,159.172,159.371,158.671,159.296,381,158,0
1780920000,159.322,160.455,159.322,160.046,265,158,0
1780923600,160.072,161.846,159.772,160.521,367,158,0
1780927200,160.522,162.746,160.471,162.372,351,158,0
1780930800,162.371,163.580,162.172,162.280,265,158,0
1780934400,162.372,164.530,162.280,164.530,268,158,0
1780938000,164.480,166.322,164.480,164.822,283,158,0
1780941600,164.772,165.272,164.722,164.771,105,158,0
1780999200,164.130,167.080,163.980,166.230,254,206,0
1781002800,166.172,167.472,165.480,167.222,338,158,0
1781006400,167.222,167.630,166.647,166.946,273,157,0
1781010000,166.972,168.071,166.530,168.071,263,158,0
1781013600,167.897,168.396,167.021,167.222,272,157,0
1781017200,167.372,167.972,167.180,167.972,310,158,0
1781020800,168.022,169.330,167.130,169.230,317,157,0
1781024400,169.280,169.530,167.530,169.022,211,206,0
1781028000,169.030,169.072,167.280,167.280,124,158,0
1781085600,167.180,170.805,167.180,169.096,280,158,0
1781089200,169.121,169.530,168.230,169.530,315,158,0
1781092800,169.430,169.805,168.380,169.046,250,157,0
1781096400,169.071,169.430,168.596,169.005,403,158,0
1781100000,169.030,169.530,167.372,169.030,485,158,0
1781103600,168.930,170.180,168.780,169.521,301,158,0
1781107200,169.521,171.980,168.830,171.830,308,158,0
1781110800,171.872,172.380,170.380,171.780,310,158,0
1781114400,171.822,172.080,171.230,171.930,149,158,0
1781172000,171.480,174.430,171.380,172.330,284,206,0
1781175600,172.380,173.022,172.005,172.821,287,158,0
1781179200,172.921,174.080,172.872,173.746,263,157,0
1781182800,173.697,174.622,173.230,174.572,226,158,0
1781186400,174.349,174.872,174.021,174.172,265,158,0
1781190000,174.172,174.297,172.321,173.680,391,158,0
1781193600,173.622,174.580,173.146,174.180,257,158,0
1781197200,174.272,174.722,172.522,172.522,202,158,0
1781200800,172.430,173.580,172.330,173.180,199,158,0
1781258400,174.280,178.855,174.280,178.080,287,206,0
1781262000,178.030,179.530,177.930,179.080,254,158,0
1781265600,178.922,179.430,178.080,178.130,215,158,0
1781269200,178.080,178.897,177.972,178.621,300,158,0
1781272800,178.822,179.047,178.580,178.947,210,158,0
1781276400,178.971,178.971,176.980,177.097,255,158,0
1781280000,177.021,178.172,175.755,175.955,312,157,0
1781283600,176.030,176.921,175.421,176.580,351,157,0
1781287200,176.480,176.680,176.272,176.322,91,206,0
1781517600,180.055,180.355,177.480,177.480,361,206,0
1781521200,177.530,177.872,176.580,177.871,247,158,0
1781524800,177.871,178.221,176.080,176.080,326,158,0
1781528400,175.972,176.146,175.271,175.722,299,157,0
1781532000,175.521,176.672,175.521,176.580,250,157,0
1781535600,176.630,176.946,176.146,176.372,296,157,0
1781539200,176.371,177.572,176.280,177.022,265,158,0
1781542800,177.130,177.130,176.122,176.122,242,158,0
1781546400,176.130,176.380,175.772,176.022,78,206,0
1781604000,175.380,175.805,173.230,174.230,219,206,0
1781607600,174.380,175.322,174.330,174.997,256,158,0
1781611200,175.021,175.296,174.180,174.521,268,158,0
1781614800,174.547,174.897,174.271,174.672,274,158,0
1781618400,174.480,174.572,173.622,173.847,241,157,0
1781622000,173.847,174.871,173.846,174.572,250,158,0
1781625600,174.572,175.230,174.330,175.080,322,157,0
1781629200,175.030,175.580,174.597,175.196,234,158,0
1781632800,175.221,175.221,174.522,174.747,102,158,0
1781690400,174.722,174.755,173.480,173.830,268,158,0
1781694000,173.830,174.172,172.880,173.280,185,158,0
1781697600,173.280,173.722,173.122,173.580,228,158,0
1781701200,173.480,173.946,173.180,173.822,222,158,0
1781704800,173.905,173.971,173.221,173.522,260,157,0
1781708400,173.547,173.946,173.421,173.696,310,157,0
1781712000,173.672,174.580,173.346,173.830,350,157,0
1781715600,173.730,174.330,173.030,173.121,250,158,0
1781719200,173.121,173.672,172.730,173.472,114,158,0
1781776800,170.905,171.755,170.205,170.930,292,206,0
1781780400,171.030,171.196,169.980,170.080,171,158,0
1781784000,169.980,171.221,169.480,171.021,211,158,0
1781787600,171.021,171.330,170.630,170.871,182,158,0
1781791200,170.846,171.072,170.272,170.672,377,158,0
1781794800,170.672,171.130,170.396,170.430,246,157,0
1781798400,170.280,173.180,170.030,172.880,315,158,0
1781802000,172.930,177.380,172.930,177.280,354,158,0
1781805600,177.230,178.022,176.930,177.480,157,206,0
1781863200,177.480,177.480,175.130,175.872,201,206,0
1781866800,175.930,175.930,174.772,174.772,288,158,0
1781870400,174.772,175.521,174.521,174.980,338,157,0
1781874000,175.080,175.096,173.680,173.680,313,158,0
1781877600,173.696,174.222,173.617,174.072,318,157,0
1781881200,174.072,174.872,173.230,174.680,376,157,0
1781884800,174.730,174.880,173.971,174.380,153,157,0
1781888400,174.280,175.472,174.121,175.346,301,157,0
1781892000,175.346,175.372,174.497,174.521,129,158,0
1782122400,174.880,174.880,171.930,171.930,232,158,0
1782126000,171.930,172.655,171.930,172.371,311,158,0
1782129600,172.371,172.722,170.580,170.972,265,158,0
1782133200,171.080,172.272,171.080,172.272,195,158,0
1782136800,172.155,172.730,171.871,172.622,178,157,0
1782140400,172.646,173.480,172.422,173.321,237,157,0
1782144000,173.246,173.622,172.580,173.322,351,158,0
1782147600,173.280,173.930,172.930,173.630,293,158,0
1782151200,173.680,173.930,173.380,173.680,98,206,0
1782208800,173.730,174.971,172.980,174.455,402,158,0
1782212400,174.355,174.680,173.422,173.596,227,158,0
1782216000,173.596,175.280,173.280,175.122,265,158,0
1782219600,175.122,175.821,175.122,175.521,310,158,0
1782223200,175.547,176.430,174.130,174.521,227,158,0
1782226800,174.496,175.322,173.722,174.930,186,158,0
1782230400,174.880,175.530,173.971,175.530,321,158,0
1782234000,175.480,175.530,172.580,172.772,193,206,0
1782237600,172.730,172.880,171.380,171.472,114,206,0
1782295200,172.130,172.530,170.680,171.722,282,158,0
1782298800,171.746,172.430,171.330,171.671,240,158,0
1782302400,171.646,172.530,171.446,172.472,373,158,0
1782306000,172.480,174.930,172.422,174.230,379,158,0
1782309600,174.246,174.572,173.480,174.522,268,158,0
1782313200,174.522,174.830,174.080,174.780,299,158,0
1782316800,174.872,175.305,174.280,175.172,228,206,0
1782320400,175.230,175.971,174.972,175.730,272,158,0
1782324000,175.680,176.472,175.672,176.322,77,206,0
1782381600,176.905,179.630,176.680,178.630,336,206,0
1782385200,178.530,180.072,178.180,179.846,188,158,0
1782388800,179.871,180.772,179.846,180.746,271,158,0
1782392400,180.772,180.897,180.322,180.697,268,158,0
1782396000,180.630,181.196,180.496,180.597,336,157,0
1782399600,180.597,181.271,180.496,180.746,297,157,0
1782403200,180.721,181.872,180.072,180.430,280,157,0
1782406800,180.530,180.930,178.872,178.980,250,158,0
1782410400,178.880,179.080,177.872,178.280,90,205,0
1782468000,178.705,179.530,177.780,178.605,297,206,0
1782471600,178.680,179.580,178.680,179.030,276,157,0
1782475200,178.955,178.955,177.422,177.630,272,158,0
1782478800,177.580,177.971,176.855,177.805,244,158,0
1782482400,177.761,178.372,177.530,177.696,262,158,0
1782486000,177.721,178.255,177.496,177.572,334,158,0
1782489600,177.572,178.980,176.280,178.772,250,158,0
1782493200,178.822,179.472,178.772,179.430,187,158,0
1782496800,179.430,181.022,179.430,180.980,102,206,0
1782727200,181.380,181.380,179.005,180.730,368,158,0
1782730800,180.780,181.347,180.447,180.672,316,158,0
1782734400,180.722,181.747,180.672,181.396,199,157,0
1782738000,181.396,181.472,180.871,180.897,292,157,0
1782741600,180.847,181.321,180.180,181.246,280,157,0
1782745200,181.196,181.821,181.147,181.796,251,158,0
1782748800,181.821,182.171,180.780,180.780,264,158,0
1782752400,180.722,183.030,180.022,182.622,176,206,0
1782756000,182.472,182.472,180.472,180.680,116,158,0
1782813600,177.480,180.355,176.780,178.780,351,158,0
1782817200,178.830,179.630,178.055,178.671,203,158,0
1782820800,178.671,180.647,178.646,180.471,383,158,0
1782824400,180.472,181.472,180.422,181.346,192,157,0
1782828000,181.171,181.421,180.896,181.071,211,158,0
1782831600,181.096,181.121,179.896,180.172,188,158,0
1782835200,180.080,180.480,179.730,180.180,208,158,0
1782838800,180.196,180.196,178.630,178.847,337,158,0
1782842400,178.871,179.947,178.821,179.430,188,158,0
1782900000,177.880,179.505,176.055,176.855,288,158,0
1782903600,176.730,177.630,176.430,176.730,237,158,0
1782907200,176.672,176.871,176.080,176.372,240,158,0
1782910800,176.322,177.330,175.980,176.821,238,158,0
1782914400,176.680,177.021,175.430,175.480,243,158,0
1782918000,175.621,176.721,175.521,176.130,230,158,0
1782921600,176.030,177.780,176.030,177.080,247,158,0
1782925200,176.980,179.472,176.980,179.380,325,158,0
1782928800,179.430,180.822,179.330,180.822,115,158,0
1782986400,181.330,183.530,181.330,182.330,285,206,0
1782990000,182.330,182.572,181.730,182.280,250,158,0
1782993600,182.230,183.072,182.196,182.622,272,158,0
1782997200,182.646,183.696,182.580,183.621,269,157,0
1783000800,183.630,184.247,182.580,183.046,262,158,0
1783004400,183.021,183.080,182.121,182.830,347,158,0
1783008000,182.780,184.680,182.780,184.472,276,158,0
1783011600,184.496,185.480,183.596,185.480,387,158,0
1783015200,185.422,185.896,184.130,184.130,147,158,0
1783072800,184.080,184.080,181.730,182.555,263,158,0
1783076400,182.480,183.722,182.380,183.171,239,158,0
1783080000,183.171,183.372,182.830,183.072,346,158,0
1783083600,183.072,183.672,182.646,183.122,276,158,0
1783087200,183.122,183.847,182.809,183.730,277,157,0
1783090800,183.772,184.422,183.621,184.321,243,157,0
1783094400,184.347,184.672,183.930,184.672,263,158,0
1783098000,184.730,185.897,184.580,185.872,335,158,0
1783101600,185.972,185.980,185.296,185.421,141,157,0
1783332000,184.430,187.996,184.430,187.872,290,157,0
1783335600,187.822,188.422,187.572,188.046,256,158,0
1783339200,188.046,188.697,187.530,188.372,249,157,0
1783342800,188.322,188.372,187.096,187.147,233,157,0
1783346400,187.071,188.021,186.997,187.296,253,157,0
1783350000,187.296,187.821,187.296,187.547,248,157,0
1783353600,187.547,187.747,185.822,186.647,345,157,0
1783357200,186.621,186.797,185.172,185.471,278,158,0
1783360800,185.421,185.846,184.980,185.472,105,157,0
1783418400,186.780,187.280,185.880,186.246,319,158,0
1783422000,186.297,187.830,186.271,187.646,256,157,0
1783425600,187.646,188.022,187.122,187.980,190,157,0
1783429200,188.080,188.396,187.496,187.722,203,157,0
1783432800,187.922,188.296,186.771,186.872,330,158,0
1783436400,186.872,187.672,186.696,187.522,287,158,0
1783440000,187.422,187.446,185.880,186.180,365,157,0
1783443600,186.230,186.772,185.922,186.322,263,158,0
1783447200,186.322,187.621,186.322,187.530,156,158,0
1783504800,187.480,187.480,184.380,184.730,278,206,0
1783508400,184.730,184.830,180.330,180.380,493,158,0
1783512000,180.480,181.205,178.930,179.630,261,158,0
1783515600,179.730,179.830,178.655,179.622,293,158,0
1783519200,179.497,182.530,179.296,181.980,257,158,0
1783522800,181.872,183.372,181.672,182.822,211,158,0
1783526400,182.680,183.480,181.172,181.305,201,206,0
1783530000,181.172,181.780,179.872,180.072,217,158,0
1783533600,180.030,180.322,179.630,179.822,145,158,0
1783591200,180.630,180.755,179.105,179.580,290,206,0
1783594800,179.530,179.872,178.721,179.121,250,158,0
1783598400,179.096,180.071,178.930,179.572,250,158,0
1783602000,179.572,179.572,178.630,178.930,275,158,0
1783605600,178.972,179.572,178.872,179.521,222,158,0
1783609200,179.496,180.080,179.472,179.822,248,157,0
1783612800,179.821,180.080,179.180,179.830,290,157,0
1783616400,179.930,181.530,179.780,181.430,140,206,0
1783620000,181.480,182.121,181.280,181.380,136,158,0
1783677600,181.380,182.455,180.980,181.355,276,157,0
1783681200,181.330,181.872,180.947,180.971,226,157,0
1783684800,180.971,181.097,180.196,180.396,372,158,0
1783688400,180.347,180.722,180.096,180.297,153,157,0
1783692000,180.297,180.496,179.996,180.297,241,157,0
1783695600,180.296,181.147,179.780,180.472,440,157,0
1783699200,180.446,181.572,180.297,181.521,333,158,0
1783702800,181.446,181.922,179.780,181.280,362,157,0
1783706400,181.330,181.730,180.930,181.580,124,158,0
1783936800,180.230,183.972,180.230,183.896,225,158,0
1783940400,183.871,183.922,182.996,183.447,255,157,0
1783944000,183.447,183.980,183.196,183.346,232,157,0
1783947600,183.346,183.397,182.396,182.947,247,158,0
1783951200,182.693,183.347,182.572,182.630,214,157,0
1783954800,182.580,183.246,182.230,182.930,160,158,0
1783958400,182.972,184.130,182.497,184.080,204,158,0
1783962000,184.130,184.230,182.996,183.830,293,158,0
1783965600,183.772,183.772,183.297,183.647,124,158,0
1784023200,180.430,181.330,180.122,180.880,275,158,0
1784026800,180.955,181.272,180.072,180.246,208,157,0
1784030400,180.196,181.122,180.121,181.046,305,157,0
1784034000,181.046,181.397,180.921,180.971,291,157,0
1784037600,180.821,181.321,180.696,180.897,294,157,0
1784041200,180.896,183.380,180.697,181.830,265,158,0
1784044800,181.830,182.230,181.021,181.280,220,158,0
1784048400,181.380,182.180,180.830,181.697,172,158,0
1784052000,181.721,182.105,181.072,181.280,138,158,0
1784109600,179.530,181.755,179.530,181.030,365,206,0
1784113200,180.930,181.396,179.946,179.946,242,158,0
1784116800,179.971,181.030,179.830,180.222,210,158,0
1784120400,180.272,180.422,179.321,179.321,275,158,0
1784124000,179.297,180.797,178.930,180.472,238,158,0
1784127600,180.472,181.322,180.130,181.272,284,157,0
1784131200,181.272,183.330,181.230,183.080,216,206,0
1784134800,182.955,183.830,182.680,183.630,244,206,0
1784138400,183.530,183.730,183.030,183.680,153,158,0
1784196000,183.680,183.680,181.305,181.971,236,158,0
1784199600,181.971,182.530,181.630,181.880,179,158,0
1784203200,181.880,181.930,180.330,180.572,252,157,0
1784206800,180.522,181.272,180.422,180.847,276,157,0
1784210400,180.772,181.371,180.097,180.580,338,158,0
1784214000,180.672,180.797,179.172,179.296,229,158,0
1784217600,179.297,181.130,179.297,180.730,266,158,0
1784221200,180.630,182.130,179.280,182.030,197,205,0
1784224800,181.980,182.580,181.380,182.422,85,206,0
1784282400,181.355,182.780,181.355,182.080,300,158,0
1784286000,181.980,182.580,180.930,181.730,175,206,0
1784289600,181.730,181.730,180.530,181.480,209,158,0
1784293200,181.522,181.872,181.180,181.430,244,157,0
1784296800,181.422,181.972,180.821,181.122,218,158,0
1784300400,181.122,181.672,180.521,181.522,275,158,0
1784304000,181.480,181.646,180.722,181.030,191,158,0
1784307600,181.030,181.030,180.130,180.572,178,158,0
1784311200,180.522,180.880,180.221,180.422,127,158,0
1784541600,180.530,181.780,180.255,181.330,304,158,0
1784545200,181.380,181.872,180.872,181.380,254,158,0
1784548800,181.430,182.280,181.330,182.280,316,157,0
1784552400,182.330,182.571,181.830,182.321,377,158,0
1784556000,182.421,182.880,181.830,182.580,249,157,0
1784559600,182.480,182.480,181.496,181.680,243,158,0
1784563200,181.680,182.172,181.380,181.672,260,158,0
1784566800,181.580,182.372,180.980,181.030,254,157,0
1784570400,181.230,182.230,181.080,181.880,154,158,0
1784628000,180.605,181.180,179.780,180.430,226,158,0
1784631600,180.422,180.630,180.030,180.546,154,158,0
1784635200,180.521,181.497,180.380,180.480,265,158,0
1784638800,180.622,181.097,180.021,180.346,309,157,0
1784642400,180.447,180.496,179.796,179.972,284,157,0
1784646000,179.996,180.147,178.722,179.730,224,158,0
1784649600,179.630,180.430,179.296,179.630,355,158,0
1784653200,179.722,180.130,178.930,180.022,210,158,0
1784656800,179.980,180.421,179.546,179.896,196,158,0
1784714400,179.872,179.872,176.355,176.480,295,158,0
1784718000,176.530,178.180,176.480,178.022,177,158,0
1784721600,177.922,180.880,177.871,179.621,280,158,0
1784725200,179.621,181.255,179.571,180.180,326,158,0
1784728800,180.146,180.946,179.922,179.922,359,157,0
1784732400,179.980,180.672,179.571,180.121,236,158,0
1784736000,180.097,180.380,179.322,179.572,263,158,0
1784739600,179.480,180.272,178.780,180.105,227,158,0
1784743200,180.180,180.330,179.630,180.130,141,158,0
1784800800,177.830,178.505,176.230,177.880,364,158,0
1784804400,177.822,178.780,177.722,178.621,336,158,0
1784808000,178.621,178.880,177.871,177.922,360,158,0
1784811600,177.972,178.371,177.571,178.222,291,157,0
1784815200,178.196,179.372,177.822,178.621,278,157,0
1784818800,178.621,178.621,177.930,178.180,208,158,0
1784822400,178.130,178.222,176.380,176.380,317,158,0
1784826000,176.430,176.972,175.080,175.772,240,206,0
1784829600,175.922,176.372,175.130,176.080,106,206,0
1784887200,176.080,176.080,166.580,170.572,609,206,0
1784890800,170.372,171.505,169.605,171.280,293,206,0
1784894400,171.430,173.222,171.272,172.322,339,158,0
1784898000,172.280,173.330,172.172,172.871,216,158,0
1784901600,172.634,174.430,172.634,174.330,265,158,0
1784905200,174.155,174.155,172.330,173.422,265,158,0
1784908800,173.280,173.822,172.730,173.422,252,158,0
1784912400,173.330,174.030,172.930,173.080,212,206,0
1784916000,172.980,174.022,172.780,173.930,180,206,0
1785146400,174.005,177.730,174.005,176.030,312,158,0
1785150000,175.905,177.330,175.730,177.230,303,158,0
1785153600,177.180,178.171,176.830,177.621,297,158,0
1785157200,177.596,177.596,177.021,177.296,380,158,0
1785160800,177.071,177.822,177.071,177.671,256,157,0
1785164400,177.622,178.322,177.121,178.171,258,157,0
1785168000,178.221,179.180,178.055,179.030,286,158,0
1785171600,178.980,180.072,178.980,180.072,274,158,0
1785175200,180.121,180.222,179.330,179.630,100,158,0
1785232800,180.430,181.255,179.580,180.280,351,206,0
1785236400,180.230,180.705,179.980,180.572,252,158,0
1785240000,180.471,180.747,180.080,180.346,221,158,0
1785243600,180.321,180.472,178.996,179.572,348,157,0
1785247200,179.621,179.980,179.330,179.672,228,157,0
1785250800,179.672,180.397,179.380,180.196,241,158,0
1785254400,180.171,180.822,179.930,180.130,236,157,0
1785258000,180.180,181.530,180.105,180.330,194,158,0
1785261600,180.380,181.680,180.380,181.330,168,158,0
1785319200,181.330,181.505,180.155,181.280,384,158,0
1785322800,181.380,181.430,179.130,180.596,213,158,0
1785326400,180.571,181.046,179.330,179.830,207,158,0
1785330000,179.730,180.380,179.330,180.330,447,158,0
1785333600,180.330,181.205,180.021,180.980,299,158,0
1785337200,180.780,180.922,179.880,180.596,195,158,0
1785340800,180.522,181.280,180.222,181.030,298,158,0
1785344400,181.172,181.630,180.822,181.222,242,158,0
1785348000,181.172,181.380,180.630,180.980,100,158,0
1785405600,157.505,157.530,149.542,151.072,1518,158,0
1785409200,151.030,152.172,150.080,151.430,679,206,0
1785412800,151.522,151.580,150.022,150.630,518,206,0
1785416400,150.572,150.572,148.772,149.280,432,206,0
1785420000,149.380,149.580,146.980,148.430,490,206,0
1785423600,148.380,150.522,147.421,150.522,546,158,0
1785427200,150.572,151.072,147.680,150.422,519,206,0
1785430800,150.530,154.272,150.272,152.122,877,158,0
1785434400,152.172,162.305,152.072,162.180,506,158,0
1785492000,162.280,162.280,157.555,159.930,624,206,0
1785495600,159.980,163.180,159.980,161.522,429,205,0
1785499200,161.530,161.730,159.430,159.972,235,205,0
1785502800,160.080,160.280,159.422,159.996,224,158,0
1785506400,159.742,160.296,158.172,159.422,268,158,0
1785510000,159.330,159.672,158.330,158.930,180,206,0
1785513600,158.830,158.880,157.422,158.122,243,206,0
1785517200,158.080,159.422,157.572,159.022,196,206,0
1785520800,158.972,159.522,158.772,159.172,87,205,0
1785751200,161.105,165.780,161.105,164.280,403,206,0
1785754800,164.330,165.580,164.130,164.930,201,158,0
1785758400,164.972,166.030,164.780,165.922,169,158,0
1785762000,165.872,166.197,165.172,165.280,218,158,0
1785765600,165.196,166.496,165.196,166.397,275,157,0
1785769200,166.397,167.372,166.272,167.047,181,158,0
1785772800,167.047,167.330,166.630,166.930,272,158,0
1785776400,166.880,167.080,164.930,164.980,386,158,0
1785780000,165.030,166.030,164.730,165.605,97,206,0
1785837600,162.380,163.022,161.555,162.146,385,158,0
1785841200,162.172,162.196,159.722,160.222,218,158,0
1785844800,160.180,160.272,159.722,160.122,199,157,0
1785848400,160.072,160.430,159.672,160.346,258,157,0
1785852000,160.297,161.322,159.971,161.272,312,158,0
1785855600,161.222,161.422,160.930,161.196,249,158,0
1785859200,161.196,162.480,161.196,162.230,301,158,0
1785862800,162.180,162.430,160.222,160.380,288,158,0
1785866400,160.472,161.130,160.122,160.322,106,205,0
1785924000,160.272,161.980,160.272,161.472,264,158,0
1785927600,161.522,161.730,160.780,161.096,229,157,0
1785931200,161.071,161.521,160.771,160.796,269,157,0
1785934800,160.822,160.822,160.146,160.822,280,157,0
1785938400,160.921,161.921,160.846,161.847,235,158,0
1785942000,161.847,162.122,160.771,160.896,292,157,0
1785945600,160.896,162.330,160.597,161.980,192,158,0
1785949200,161.930,164.130,161.930,163.930,186,158,0
1785952800,163.880,164.480,163.346,163.522,83,158,0
1786010400,163.155,165.072,163.155,164.022,347,158,0
1786014000,163.930,164.496,163.580,164.322,238,158,0
1786017600,164.321,164.422,163.396,164.422,256,158,0
1786021200,164.396,164.696,163.722,164.097,298,158,0
1786024800,164.046,164.447,163.530,164.321,238,157,0
1786028400,164.321,164.697,163.880,163.880,223,158,0
1786032000,163.847,165.072,163.371,165.072,218,158,0
1786035600,165.080,165.180,163.280,164.822,168,158,0
1786039200,164.572,165.030,164.572,164.930,107,158,0
1786096800,164.930,164.980,163.872,164.496,252,158,0
1786100400,164.496,164.622,163.822,163.997,249,158,0
1786104000,163.997,164.646,163.846,164.596,263,157,0
1786107600,164.621,165.547,164.596,165.521,245,157,0
1786111200,164.749,165.646,164.749,165.221,194,157,0
1786114800,165.221,165.746,164.971,165.072,272,158,0
1786118400,165.097,165.147,163.522,163.530,297,157,0
1786122000,163.622,164.422,162.871,164.071,244,158,0
1786125600,164.046,164.080,163.521,163.821,125,158,0
1786356000,163.380,166.130,163.380,164.921,282,158,0
1786359600,164.972,165.321,164.380,164.997,236,158,0
1786363200,164.997,166.071,164.946,166.047,254,158,0
1786366800,166.047,166.922,165.997,166.896,187,158,0
1786370400,166.897,167.172,166.596,167.072,180,157,0
1786374000,167.072,167.546,166.521,167.496,271,158,0
1786377600,167.496,167.672,166.972,167.072,264,158,0
1786381200,167.096,167.797,166.730,166.780,262,157,0
1786384800,166.780,166.921,166.422,166.722,112,158,0
1786442400,166.655,167.780,166.296,166.296,221,157,0
1786446000,166.322,166.346,165.671,165.771,277,158,0
1786449600,165.747,165.771,162.480,162.872,360,158,0
1786453200,162.872,163.747,162.872,163.371,277,157,0
1786456800,163.422,163.821,162.647,163.321,260,158,0
1786460400,163.321,163.672,162.071,162.072,257,157,0
1786464000,162.071,163.572,160.930,161.630,307,158,0
1786467600,161.572,163.071,161.480,162.722,290,158,0
1786471200,162.872,162.922,161.622,161.630,121,158,0
1786528800,161.080,161.155,158.230,159.946,235,158,0
1786532400,159.946,160.180,159.746,160.022,286,157,0
1786536000,160.022,160.650,159.875,160.330,234,158,0
1786539600,160.222,160.655,159.600,159.826,280,199,0
1786543200,160.021,160.301,159.825,159.876,161,199,0
1786546800,159.875,160.500,159.726,160.476,215,199,0
1786550400,160.476,160.780,159.425,159.450,321,200,0
1786554000,159.425,159.551,158.530,159.122,291,199,0
1786557600,159.022,159.222,157.980,158.022,101,200,0
1786615200,160.255,160.280,157.300,157.300,229,200,0
1786618800,157.325,157.980,156.972,157.550,253,199,0
1786622400,157.600,158.176,157.375,157.550,199,199,0
1786626000,157.550,157.926,157.450,157.700,208,199,0
1786629600,157.700,158.126,157.350,157.425,220,199,0
1786633200,157.401,158.251,157.325,158.251,194,199,0
1786636800,158.251,158.880,157.951,158.872,255,199,0
1786640400,158.980,159.350,158.530,159.301,177,200,0
1786644000,159.301,159.330,158.801,159.122,176,199,0
1786701600,159.030,161.030,158.905,160.280,227,200,0
1786705200,160.280,160.901,159.950,160.500,231,199,0
1786708800,160.451,161.025,160.300,161.000,250,199,0
1786712400,161.000,161.026,160.025,160.380,196,199,0
1786716000,160.155,160.676,160.000,160.375,237,199,0
1786719600,160.401,160.675,159.426,159.501,210,199,0
1786723200,159.501,159.600,157.580,157.880,227,200,0
1786726800,157.730,157.801,156.830,157.700,225,200,0
1786730400,157.701,157.775,157.425,157.550,142,200,0
1786960800,158.030,158.030,155.450,156.225,212,200,0
1786964400,156.225,156.225,155.625,155.950,185,199,0
1786968000,155.950,156.326,155.751,156.275,172,199,0
1786971600,156.275,156.825,155.775,155.776,216,199,0
1786975200,155.780,155.875,154.775,155.322,203,199,0
1786978800,155.230,155.250,154.075,154.250,243,200,0
1786982400,154.175,154.530,153.230,153.280,247,200,0
1786986000,153.180,153.180,151.830,152.725,171,200,0
1786989600,152.750,153.330,152.622,153.280,146,200,0
1787047200,151.480,152.880,150.555,151.751,246,199,0
1787050800,151.751,152.650,151.625,152.650,287,199,0
1787054400,152.650,153.176,152.501,152.750,231,199,0
1787058000,152.775,153.125,152.450,152.550,196,199,0
1787061600,152.505,153.150,152.450,152.500,162,199,0
1787065200,152.475,153.525,152.400,153.100,282,199,0
1787068800,153.050,153.230,152.630,153.001,182,199,0
1787072400,153.001,154.500,152.930,154.330,256,199,0
1787076000,154.330,154.330,153.922,154.150,82,200,0
1787133600,154.430,155.501,154.230,154.801,278,200,0
1787137200,154.800,155.251,154.730,154.901,231,200,0
1787140800,154.851,154.875,153.825,154.350,240,199,0
1787144400,154.351,154.751,154.180,154.700,259,199,0
1787148000,154.725,155.451,154.450,155.151,225,199,0
1787151600,155.151,155.301,154.550,154.551,226,199,0
1787155200,154.551,155.780,154.550,155.130,310,200,0
1787158800,155.180,155.972,154.875,155.100,287,200,0
1787162400,155.101,155.330,154.826,155.250,119,200,0
1787220000,155.930,155.930,153.750,154.372,318,200,0
1787223600,154.222,154.530,152.372,153.150,235,200,0
1787227200,153.176,153.580,153.000,153.100,239,200,0
1787230800,153.100,154.025,153.050,154.025,247,199,0
1787234400,154.001,154.251,152.980,152.980,204,199,0
1787238000,152.575,153.025,152.001,152.075,213,199,0
1787241600,152.125,152.125,150.430,150.530,278,200,0
1787245200,150.430,150.430,148.430,149.472,277,200,0
1787248800,149.372,150.651,149.272,150.630,113,200,0
1787306400,151.180,153.001,151.180,152.800,238,200,0
1787310000,152.826,153.026,152.451,152.826,299,199,0
1787313600,152.850,153.475,152.650,153.175,272,199,0
1787317200,153.272,153.372,152.850,153.000,147,199,0
1787320800,153.125,153.475,152.930,153.475,189,199,0
1787324400,153.426,153.776,153.050,153.725,253,199,0
1787328000,153.750,154.325,153.480,154.201,207,199,0
1787331600,154.175,154.575,154.025,154.276,300,199,0
1787335200,154.276,154.351,153.572,153.630,157,200,0
1787565600,154.155,155.676,154.155,155.401,251,200,0
1787569200,155.401,156.051,155.251,155.801,222,199,0
1787572800,155.801,155.801,155.175,155.700,186,199,0
1787576400,155.725,156.301,155.725,156.051,187,199,0
1787580000,156.025,156.351,155.800,155.900,198,199,0
1787583600,155.900,155.900,155.000,155.100,259,199,0
1787587200,155.100,155.480,154.600,155.280,206,199,0
1787590800,155.230,155.550,154.950,155.080,209,200,0
1787594400,155.080,155.330,154.925,154.950,195,200,0
1787652000,155.030,155.701,154.155,154.750,248,199,0
1787655600,154.751,155.800,154.600,155.300,273,199,0
1787659200,155.300,156.350,155.300,156.050,255,199,0
1787662800,156.050,156.276,155.825,156.151,192,199,0
1787666400,156.050,156.050,152.530,153.400,354,200,0
1787670000,153.400,153.580,152.080,152.630,206,200,0
1787673600,152.580,153.580,152.530,152.980,243,199,0
1787677200,153.105,153.250,151.976,152.226,287,200,0
1787680800,152.176,152.401,151.801,152.330,227,200,0
1787738400,152.355,153.501,152.130,153.300,234,199,0
1787742000,153.250,154.101,153.200,153.872,195,199,0
1787745600,153.780,153.880,152.801,153.401,226,199,0
1787749200,153.400,153.550,152.851,152.951,229,199,0
1787752800,152.951,153.526,152.800,153.350,173,199,0
1787756400,153.376,153.601,153.100,153.400,300,199,0
1787760000,153.400,153.451,152.080,152.472,282,200,0
1787763600,152.372,152.372,151.550,151.600,238,200,0
1787767200,151.450,151.550,150.975,151.150,154,200,0
1787824800,151.605,151.605,149.926,150.650,322,199,0
1787828400,150.675,151.551,150.630,151.476,312,200,0
1787832000,151.500,153.051,151.500,152.951,237,200,0
1787835600,152.951,153.351,152.450,152.501,269,200,0
1787839200,152.280,152.825,152.200,152.726,239,199,0
1787842800,152.700,153.230,152.650,153.101,226,199,0
1787846400,153.101,153.376,152.775,153.180,291,199,0
1787850000,153.080,153.150,152.326,152.972,326,199,0
1787853600,152.830,153.250,152.680,153.100,164,200,0
1787911200,152.105,153.280,151.780,152.730,225,199,0
1787914800,152.730,153.551,152.701,152.750,219,199,0
1787918400,152.801,153.325,152.650,152.980,173,199,0
1787922000,153.072,153.275,152.830,152.876,223,199,0
1787925600,152.851,153.275,152.622,152.680,183,199,0
1787929200,152.725,153.200,152.600,153.125,195,199,0
1787932800,153.125,153.701,152.975,153.625,300,199,0
1787936400,153.601,154.625,153.530,154.425,325,200,0
1787940000,154.425,155.080,154.180,154.675,98,200,0
1788170400,153.830,154.630,153.455,153.830,218,199,0
1788174000,153.955,154.130,153.350,153.375,203,200,0
1788177600,153.375,153.375,152.850,153.025,202,199,0
1788181200,153.025,153.025,152.401,152.575,206,199,0
1788184800,152.425,152.801,152.151,152.375,139,199,0
1788188400,152.401,152.651,152.150,152.250,238,199,0
1788192000,152.222,153.351,151.630,152.380,148,199,0
1788195600,152.430,152.850,151.701,151.901,222,199,0
1788199200,151.901,152.126,151.575,151.676,191,200,0
1788256800,151.072,151.730,150.330,151.480,199,206,0
1788260400,151.530,151.801,149.800,149.800,245,200,0
1788264000,149.801,149.925,149.350,149.425,271,200,0
1788267600,149.425,149.501,149.122,149.300,218,200,0
1788271200,149.350,149.501,148.726,148.800,227,199,0
1788274800,148.800,149.280,148.800,148.951,219,199,0
1788278400,148.951,148.976,147.880,148.130,248,200,0
1788282000,148.030,148.451,147.500,147.675,328,199,0
1788285600,147.675,148.501,147.551,148.122,160,200,0
1788343200,149.305,151.230,148.955,150.730,339,206,0
1788346800,150.630,150.972,149.950,150.325,207,199,0
1788350400,150.301,150.630,149.430,149.550,244,199,0
1788354000,149.526,149.726,148.550,148.701,267,199,0
1788357600,148.855,149.901,148.650,149.900,236,200,0
1788361200,149.900,150.501,149.900,150.175,292,199,0
1788364800,150.225,150.780,149.122,150.730,262,200,0
1788368400,150.655,150.730,149.501,149.700,251,200,0
1788372000,149.700,150.100,149.172,149.180,124,200,0
1788429600,149.455,149.455,146.772,146.950,231,200,0
1788433200,146.950,148.400,146.950,147.775,360,200,0
1788436800,147.800,148.176,147.301,147.351,337,200,0
1788440400,147.351,147.851,146.930,147.800,185,199,0
1788444000,147.930,148.451,147.700,147.700,311,199,0
1788447600,147.725,148.355,147.475,147.825,290,200,0
1788451200,147.801,148.830,147.700,148.180,300,200,0
1788454800,148.180,148.201,147.072,147.730,258,200,0
1788458400,147.780,148.726,147.726,148.700,101,200,0
1788516000,147.255,148.905,147.255,147.850,273,200,0
1788519600,147.876,148.025,147.425,147.676,224,199,0
1788523200,147.676,148.125,147.350,148.051,287,200,0
1788526800,148.030,148.251,147.850,148.126,173,199,0
1788530400,147.901,148.600,147.900,148.000,196,199,0
1788534000,148.025,148.126,147.255,147.930,245,200,0
1788537600,147.925,149.480,147.576,149.330,294,200,0
1788541200,149.325,149.875,148.851,149.125,303,199,0
1788544800,149.150,149.151,148.750,148.900,146,199,0
1788775200,149.055,149.055,147.580,148.080,209,200,0
1788778800,148.030,148.525,147.972,148.026,223,200,0
1788782400,148.026,148.376,147.950,148.351,221,199,0
1788786000,148.351,148.480,147.450,147.601,226,199,0
1788789600,147.650,147.901,147.500,147.600,235,199,0
1788793200,147.600,148.251,147.451,148.250,252,199,0
1788796800,148.200,148.430,147.700,148.275,207,199,0
1788800400,148.275,148.400,147.500,147.651,267,199,0
1788804000,147.651,147.651,147.250,147.476,124,199,0
1788861600,145.830,146.530,145.630,146.025,288,200,0
1788865200,146.025,146.230,145.651,146.100,322,199,0
1788868800,146.050,147.275,145.950,147.225,273,199,0
1788872400,147.201,147.997,146.572,147.300,287,200,0
1788876000,147.384,148.601,147.200,148.601,299,199,0
1788879600,148.625,149.572,148.575,149.330,228,200,0
1788883200,149.472,149.830,147.230,147.980,242,200,0
1788886800,148.030,148.030,146.922,147.825,271,200,0
1788890400,147.680,147.880,147.400,147.400,44,200,0
1788948000,147.355,148.630,146.330,147.530,264,200,0
1788951600,147.480,147.480,146.930,147.201,252,200,0
1788955200,147.201,147.201,146.650,146.700,237,199,0
1788958800,146.725,146.901,146.350,146.400,324,199,0
1788962400,146.376,147.230,146.350,146.625,198,199,0
1788966000,146.601,147.230,146.275,146.980,237,199,0
1788969600,146.930,147.530,146.750,146.830,219,200,0
1788973200,147.030,147.030,146.130,146.422,291,200,0
1788976800,146.280,146.376,145.872,146.350,147,200,0
1789034400,145.780,145.780,142.530,143.751,378,200,0
1789038000,143.751,143.900,142.450,142.500,276,199,0
1789041600,142.526,143.075,142.050,142.251,257,200,0
1789045200,142.251,142.700,142.226,142.230,246,199,0
1789048800,142.175,142.250,140.922,140.930,170,199,0
1789052400,140.822,140.880,139.780,140.276,240,199,0
1789056000,140.276,140.480,139.251,139.450,275,200,0
1789059600,139.501,140.372,139.480,140.322,308,200,0
1789063200,140.380,143.272,139.980,142.580,199,206,0
1789120800,142.830,143.480,141.825,142.372,251,200,0
1789124400,142.380,142.522,141.501,141.880,274,199,0
1789128000,141.980,142.080,141.050,141.750,202,199,0
1789131600,141.751,142.276,141.651,142.251,194,199,0
1789135200,142.275,143.026,142.250,142.951,155,199,0
1789138800,142.951,143.101,142.300,142.901,285,199,0
1789142400,142.901,143.201,142.475,143.050,273,199,0
1789146000,143.025,143.101,142.525,142.525,283,199,0
1789149600,142.525,142.525,141.930,142.350,98,200,0
1789380000,141.305,142.330,140.605,142.122,281,199,0
1789383600,142.130,142.780,142.025,142.625,237,199,0
1789387200,142.625,142.625,141.975,142.500,299,199,0
1789390800,142.450,143.326,142.350,142.826,220,199,0
1789394400,142.979,143.851,142.901,143.472,268,199,0
1789398000,143.380,143.380,142.300,142.651,266,200,0
1789401600,142.651,143.380,142.450,143.030,285,199,0
1789405200,143.072,143.430,142.300,143.351,284,200,0
1789408800,143.325,143.801,143.175,143.500,210,200,0
1789466400,143.580,144.480,142.355,142.672,241,200,0
1789470000,142.730,143.551,142.380,143.451,222,199,0
1789473600,143.425,144.001,143.401,143.930,277,199,0
1789477200,143.930,144.351,143.500,144.301,210,200,0
1789480800,144.275,144.750,144.116,144.500,242,199,0
1789484400,144.525,144.730,143.900,144.550,224,200,0
1789488000,144.525,144.575,143.230,143.400,307,199,0
1789491600,143.375,143.451,141.325,141.630,279,200,0
1789495200,141.680,142.300,141.580,141.872,118,200,0
1789552800,142.230,142.980,141.850,142.025,266,199,0
1789556400,142.025,142.125,141.526,141.926,338,199,0
1789560000,141.926,142.975,141.626,142.900,287,199,0
1789563600,142.901,143.625,142.750,143.225,293,199,0
1789567200,143.350,143.575,143.200,143.250,277,199,0
1789570800,143.250,144.050,143.130,143.975,217,199,0
1789574400,143.975,144.551,143.822,144.251,298,200,0
1789578000,144.251,144.850,144.050,144.330,389,200,0
1789581600,144.522,145.172,144.430,144.600,174,200,0
1789639200,144.855,144.955,143.530,144.101,221,200,0
1789642800,144.151,144.451,143.280,144.150,282,200,0
1789646400,144.150,144.400,143.750,143.800,242,200,0
1789650000,143.800,143.826,143.450,143.626,312,200,0
1789653600,143.650,144.451,143.650,144.451,333,199,0
1789657200,144.451,144.575,144.000,144.151,340,200,0
1789660800,144.151,144.151,143.125,143.372,434,199,0
1789664400,143.280,143.680,142.922,143.122,318,200,0
1789668000,143.080,143.172,142.300,142.500,85,200,0
1789725600,142.380,143.125,142.025,143.075,187,200,0
1789729200,143.076,143.076,142.350,142.775,311,199,0
1789732800,142.775,143.176,142.072,142.172,300,200,0
1789736400,142.122,142.401,141.875,141.925,301,199,0
1789740000,141.875,142.630,141.850,142.150,300,199,0
1789743600,142.125,142.125,140.613,141.401,297,200,0
1789747200,141.351,142.080,141.180,142.080,315,199,0
1789750800,141.980,142.275,141.151,141.372,286,199,0
1789754400,141.422,141.772,140.950,141.730,114,200,0
1789984800,142.280,142.405,139.980,140.600,201,200,0
1789988400,140.601,141.001,140.450,140.600,267,199,0
1789992000,140.625,141.650,140.450,141.625,207,199,0
1789995600,141.575,141.925,141.426,141.750,226,199,0
1789999200,142.178,142.178,141.522,141.730,198,199,0
1790002800,141.830,143.501,141.750,143.180,201,200,0
1790006400,143.080,143.380,142.380,143.280,229,199,0
1790010000,143.350,144.426,143.100,143.276,311,200,0
1790013600,143.276,143.276,142.850,142.950,155,200,0
1790071200,143.630,145.230,143.455,144.700,228,200,0
1790074800,144.751,146.730,144.601,146.372,300,200,0
1790078400,146.322,147.651,146.030,147.630,344,200,0
1790082000,147.630,147.730,147.072,147.201,212,200,0
1790085600,147.251,147.751,146.750,146.980,256,199,0
1790089200,146.980,148.330,146.980,147.880,247,199,0
1790092800,147.925,148.451,147.280,148.075,448,200,0
1790096400,148.075,148.630,146.930,147.225,300,200,0
1790100000,147.201,147.280,146.651,146.675,146,200,0
