time,open,high,low,close,tick_volume,spread,real_volume
1450058400,36.39,36.63,36.39,36.63,25,0,0
1450144800,36.67,38.36,36.56,38.21,207,0,0
1450231200,38.18,39.39,38.14,39.31,138,0,0
1450317600,39.42,39.77,38.99,39.10,125,0,0
1450404000,38.91,39.25,37.63,38.01,235,0,0
1450490400,38.02,38.02,38.01,38.02,3,0,0
1450663200,38.13,39.09,37.80,39.08,164,0,0
1450749600,39.25,39.41,38.59,39.32,158,0,0
1450836000,39.40,40.36,39.33,40.02,145,0,0
1450922400,40.01,40.25,39.65,39.68,88,0,0
1451268000,39.52,40.06,39.36,40.04,89,0,0
1451354400,40.09,40.23,39.62,40.04,118,0,0
1451440800,39.76,40.03,39.53,39.74,99,0,0
1451527200,39.75,39.75,38.73,39.07,137,0,0
1451872800,38.49,39.03,38.22,39.02,110,0,0
1451959200,38.83,40.42,38.75,40.22,196,0,0
1452045600,39.66,40.38,39.51,40.04,137,0,0
1452132000,39.62,40.83,39.29,40.56,215,0,0
1452218400,40.84,41.20,39.79,39.92,191,0,0
1452477600,39.86,40.02,39.18,39.62,145,0,0
1452564000,39.90,40.11,39.38,39.92,145,0,0
1452650400,40.33,40.46,38.83,38.88,182,0,0
1452736800,38.86,39.72,38.00,39.41,290,0,0
1452823200,38.15,38.88,36.78,37.86,392,0,0
1453168800,38.28,38.28,37.45,37.65,104,0,0
1453255200,37.22,37.68,35.50,37.68,391,0,0
1453341600,37.67,37.85,36.76,37.12,164,0,0
1453428000,37.92,38.07,37.48,37.79,106,0,0
1453687200,37.64,38.98,37.63,37.93,242,0,0
1453773600,38.44,39.69,38.28,39.33,194,0,0
1453860000,39.47,39.53,38.35,38.53,143,0,0
1453946400,38.69,38.91,38.15,38.59,143,0,0
1454032800,39.59,40.31,38.90,40.03,239,0,0
1454119200,40.04,40.14,39.86,40.14,47,0,0
1454292000,40.00,40.73,39.47,40.30,223,0,0
1454378400,40.45,40.52,38.98,39.24,188,0,0
1454464800,39.75,39.93,37.23,38.21,387,0,0
1454551200,38.22,39.00,37.77,38.62,207,0,0
1454637600,38.98,39.02,35.40,35.71,398,0,0
1454896800,34.86,35.60,33.54,34.04,331,0,0
1454983200,33.37,34.39,33.24,33.87,181,0,0
1455069600,34.35,35.20,33.72,34.32,294,0,0
1455156000,33.32,34.41,33.32,34.06,145,0,0
1455242400,34.47,35.28,34.01,35.05,197,0,0
1455588000,35.35,36.54,35.05,36.49,185,0,0
1455674400,36.88,38.52,35.90,36.96,517,0,0
1455760800,37.03,37.42,36.45,36.54,146,0,0
1455847200,36.54,36.60,34.83,35.00,201,0,0
1456106400,35.35,35.98,35.29,35.74,100,0,0
1456192800,35.74,36.41,35.55,36.16,131,0,0
1456279200,36.25,36.93,35.81,36.90,160,0,0
1456365600,36.91,38.44,36.91,38.37,161,0,0
1456452000,38.70,38.70,36.57,37.43,300,0,0
1456711200,37.42,38.02,37.04,37.25,180,0,0
1456797600,37.82,38.69,37.16,38.66,223,0,0
1456884000,38.32,38.82,37.69,38.73,186,0,0
1456970400,38.75,39.79,38.75,38.98,186,0,0
1457056800,39.02,39.48,38.37,38.41,162,0,0
1457316000,38.24,39.19,38.24,38.64,151,0,0
1457402400,38.45,39.10,38.45,39.03,73,0,0
1457488800,38.98,39.02,38.18,38.26,97,0,0
1457575200,38.60,38.76,37.47,37.59,158,0,0
1457661600,37.95,38.15,37.47,37.71,113,0,0
1457920800,37.36,37.59,36.69,37.05,150,0,0
1458007200,36.91,36.93,36.27,36.90,132,0,0
1458093600,36.74,37.27,36.48,37.27,106,0,0
1458180000,37.14,37.53,36.96,37.23,106,0,0
1458266400,37.19,37.51,36.74,37.00,136,0,0
1458525600,37.15,37.49,36.95,37.27,97,0,0
1458612000,36.99,37.42,36.86,37.23,89,0,0
1458698400,37.08,37.26,36.26,37.08,201,0,0
1458784800,36.75,37.11,36.44,37.06,104,0,0
1459134000,36.98,37.20,36.75,36.93,86,0,0
1459220400,36.97,38.61,36.96,38.38,190,0,0
1459306800,38.55,38.98,38.18,38.42,148,0,0
1459393200,38.42,38.67,38.01,38.36,127,0,0
1459479600,38.15,39.51,37.93,39.35,197,0,0
1459738800,39.26,39.96,39.06,39.75,132,0,0
1459825200,39.62,39.75,38.83,39.40,163,0,0
1459911600,39.36,39.38,38.96,39.06,55,0,0
1459998000,38.65,39.03,38.42,38.82,106,0,0
1460084400,38.93,39.11,38.45,38.71,111,0,0
1460343600,38.99,38.99,38.52,38.70,66,0,0
1460430000,38.67,39.19,38.47,38.90,122,0,0
1460516400,38.98,39.34,38.66,38.85,124,0,0
1460602800,38.80,38.99,38.44,38.84,107,0,0
1460689200,38.91,39.52,38.87,39.33,89,0,0
1460948400,39.13,39.61,38.98,39.27,113,0,0
1461034800,39.75,39.89,39.03,39.84,164,0,0
1461121200,39.73,40.81,39.67,40.21,181,0,0
1461207600,40.08,40.60,39.89,40.28,123,0,0
1461294000,40.19,40.84,40.11,40.15,143,0,0
1461553200,40.24,41.78,40.04,41.28,245,0,0
1461639600,42.15,42.58,39.09,39.26,410,0,0
1461726000,39.26,40.12,39.26,39.83,116,0,0
1461812400,39.48,40.10,39.33,39.85,118,0,0
1461898800,39.51,39.68,38.47,39.32,224,0,0
1462158000,39.57,40.10,39.41,39.79,117,0,0
1462244400,39.68,39.88,39.43,39.62,85,0,0
1462330800,39.54,39.92,39.08,39.12,127,0,0
1462417200,38.88,39.68,38.86,39.48,105,0,0
1462503600,39.10,39.63,38.69,39.57,142,0,0
1462762800,39.42,40.00,39.39,39.74,91,0,0
1462849200,40.08,40.90,39.76,40.79,158,0,0
1462935600,40.78,41.11,40.53,40.80,115,0,0
1463022000,40.80,41.06,40.48,40.63,100,0,0
1463108400,40.81,41.03,40.60,40.66,72,0,0
1463367600,40.57,40.90,40.29,40.70,110,0,0
1463454000,40.38,41.47,39.00,39.25,382,0,0
1463540400,41.60,41.61,38.84,39.50,345,0,0
1463626800,42.07,42.08,40.09,40.88,280,0,0
1463713200,42.14,42.15,40.46,41.94,319,0,0
1463972400,42.63,42.63,39.95,40.19,293,0,0
1464058800,42.59,42.60,40.24,40.24,238,0,0
1464145200,41.50,42.18,41.09,42.07,162,0,0
1464231600,42.86,42.86,41.33,42.06,227,0,0
1464318000,43.13,43.13,41.50,42.06,220,0,0
1464663600,43.08,43.13,41.44,43.08,339,0,0
1464750000,43.20,43.21,41.44,42.03,238,0,0
1464836400,43.48,43.49,39.89,42.97,670,0,0
1464922800,43.11,43.83,42.31,43.00,294,0,0
1465182000,43.11,43.83,42.35,42.80,266,0,0
1465268400,43.11,43.98,42.03,42.57,337,0,0
1465354800,41.26,44.34,41.26,43.64,379,0,0
1465441200,41.26,44.13,40.47,43.02,557,0,0
1465527600,41.26,43.23,41.20,42.11,322,0,0
1465786800,41.26,42.75,41.25,42.02,225,0,0
1465873200,41.26,43.96,40.35,42.36,613,0,0
1465959600,41.26,42.54,41.19,42.10,187,0,0
1466046000,41.26,42.06,39.90,41.68,391,0,0
1466132400,41.76,42.00,40.10,42.00,357,0,0
1466391600,41.76,43.66,41.67,42.25,350,0,0
1466478000,41.76,43.40,41.76,42.22,283,0,0
1466564400,41.76,43.20,40.61,43.20,375,0,0
1466650800,41.76,44.34,41.75,43.25,370,0,0
1466737200,41.76,42.80,40.34,41.20,437,0,0
1466996400,42.81,42.82,40.33,42.71,489,0,0
1467082800,42.81,43.75,41.27,43.12,466,0,0
1467169200,43.52,44.07,42.00,43.57,410,0,0
1467342000,42.81,44.16,42.75,43.00,264,0,0
1467687600,42.81,43.83,41.52,43.58,386,0,0
1467774000,42.81,43.80,41.72,43.74,324,0,0
1467860400,42.81,43.71,41.74,43.56,320,0,0
1467946800,42.81,44.06,42.80,43.15,219,0,0
1468206000,42.81,44.09,42.06,43.31,357,0,0
1468292400,42.81,44.79,42.81,43.76,302,0,0
1468378800,42.81,44.35,42.03,43.38,408,0,0
1468465200,42.81,44.72,42.81,43.39,325,0,0
1468551600,42.23,44.94,42.23,44.20,346,0,0
1468810800,42.43,44.68,42.43,44.13,281,0,0
1468897200,42.66,44.54,42.33,43.93,316,0,0
1468983600,43.00,45.20,42.45,43.93,458,0,0
1469070000,42.99,44.90,42.99,44.50,232,0,0
1469156400,42.84,45.56,42.79,45.07,332,0,0
1469415600,42.92,45.72,42.92,45.26,327,0,0
1469502000,44.64,45.38,44.45,45.32,119,0,0
1469588400,45.75,46.76,44.29,45.50,470,0,0
1469674800,45.62,46.24,45.43,46.11,114,0,0
1469761200,45.50,46.96,45.50,46.58,185,0,0
1470020400,46.52,47.79,46.49,47.79,134,0,0
1470106800,46.93,47.11,46.15,46.15,115,0,0
1470193200,46.53,47.23,46.46,47.09,99,0,0
1470279600,47.15,47.88,46.84,47.30,194,0,0
1470366000,47.88,48.26,47.16,48.01,208,0,0
1470625200,47.97,48.24,47.31,47.71,161,0,0
1470711600,47.78,48.06,47.32,47.32,103,0,0
1470798000,47.49,47.88,47.08,47.88,122,0,0
1470970800,46.64,47.58,46.63,46.65,190,0,0
1471230000,46.82,47.41,46.72,47.29,92,0,0
1471316400,46.63,46.96,45.93,46.16,160,0,0
1471402800,46.16,47.10,45.66,45.99,272,0,0
1471489200,46.07,47.09,46.07,47.09,103,0,0
1471575600,46.80,46.97,46.06,46.48,151,0,0
1471834800,46.38,46.74,45.88,46.12,147,0,0
1471921200,46.85,47.31,46.23,46.26,158,0,0
1472007600,46.80,47.18,45.85,45.85,172,0,0
1472094000,45.84,46.81,45.84,46.26,153,0,0
1472180400,45.91,46.55,45.45,45.64,194,0,0
1472439600,46.61,47.19,46.04,46.42,212,0,0
1472526000,45.91,47.00,45.89,46.33,181,0,0
1472612400,45.69,46.47,45.69,45.93,133,0,0
1472698800,45.93,46.94,45.75,46.68,164,0,0
1472785200,46.34,47.39,46.34,47.39,106,0,0
1473130800,47.25,47.55,46.81,47.31,143,0,0
1473217200,47.65,47.65,46.44,47.22,200,0,0
1473303600,46.63,46.97,46.00,46.50,182,0,0
1473390000,46.31,46.51,44.55,44.96,258,0,0
1473649200,44.10,46.47,44.10,46.46,239,0,0
1473735600,46.17,46.39,44.73,45.38,254,0,0
1473822000,45.26,46.29,44.57,45.79,292,0,0
1473908400,45.39,47.46,45.22,47.35,253,0,0
1473994800,46.57,47.64,46.32,46.75,247,0,0
1474254000,46.59,46.82,45.72,45.99,161,0,0
1474340400,45.82,46.32,44.50,44.79,262,0,0
1474426800,45.08,46.05,44.49,45.41,280,0,0
1474513200,46.14,47.20,45.73,47.20,189,0,0
1474599600,47.22,47.51,46.47,47.51,180,0,0
1474858800,46.58,47.34,46.51,46.51,160,0,0
1474945200,46.64,47.27,46.48,46.48,143,0,0
1475031600,46.60,47.16,46.40,46.89,124,0,0
1475118000,46.54,47.03,46.22,47.03,114,0,0
1475204400,46.41,47.22,46.22,46.97,145,0,0
1475463600,47.20,47.20,46.28,46.92,157,0,0
1475550000,46.69,47.25,46.50,46.86,134,0,0
1475636400,46.55,46.88,46.03,46.24,140,0,0
1475722800,46.63,46.64,45.00,45.48,214,0,0
1475809200,45.18,45.72,44.92,45.17,160,0,0
1476068400,45.12,46.58,45.11,46.58,149,0,0
1476154800,45.79,46.57,45.08,45.36,256,0,0
1476241200,45.18,46.48,45.17,46.48,133,0,0
1476327600,45.43,46.10,45.07,45.75,175,0,0
1476414000,46.08,47.00,45.59,46.32,259,0,0
1476673200,46.09,46.78,46.00,46.58,108,0,0
1476759600,46.61,47.52,46.40,46.68,218,0,0
1476846000,47.08,47.53,46.76,47.15,148,0,0
1476932400,46.38,47.41,45.78,45.78,267,0,0
1477018800,46.22,47.50,46.21,47.27,154,0,0
1477278000,47.75,51.34,47.75,51.20,374,0,0
1477364400,51.15,51.64,49.43,49.56,284,0,0
1477450800,50.25,50.40,49.32,49.39,131,0,0
1477537200,49.63,50.01,48.94,49.70,208,0,0
1477623600,49.13,50.28,48.72,49.06,306,0,0
1477879200,49.06,50.01,49.04,49.73,128,0,0
1477965600,49.68,50.01,48.65,49.86,255,0,0
1478052000,49.59,49.92,48.59,48.80,188,0,0
1478138400,48.67,49.91,48.65,49.75,145,0,0
1478224800,49.21,50.58,48.55,49.17,403,0,0
1478484000,50.60,50.88,50.08,50.42,143,0,0
1478570400,50.28,50.76,50.16,50.53,96,0,0
1478656800,50.52,53.09,48.12,53.03,744,0,0
1478743200,51.71,53.09,50.99,52.65,327,0,0
1478829600,52.75,52.92,51.17,52.50,326,0,0
1479088800,52.31,53.92,51.94,53.40,288,0,0
1479175200,53.25,53.71,52.38,53.50,242,0,0
1479261600,53.24,53.73,52.13,52.97,294,0,0
1479348000,52.45,53.71,52.39,53.60,150,0,0
1479434400,53.36,53.76,53.03,53.51,132,0,0
1479693600,54.21,54.21,52.79,53.62,226,0,0
1479780000,53.73,54.66,53.65,54.24,152,0,0
1479866400,54.25,54.69,53.31,54.49,253,0,0
1480039200,54.17,54.93,54.06,54.61,131,0,0
1480298400,54.80,55.04,54.02,55.00,185,0,0
1480384800,54.78,55.84,54.53,55.14,227,0,0
1480471200,55.13,56.10,54.18,54.18,290,0,0
1480557600,53.91,54.54,53.78,54.30,114,0,0
1480644000,54.46,54.81,53.82,54.43,196,0,0
1480903200,54.32,55.85,54.32,55.06,233,0,0
1480989600,55.08,56.69,54.54,55.90,349,0,0
1481076000,55.90,58.48,55.68,58.21,330,0,0
1481162400,58.73,59.42,57.97,59.42,222,0,0
1481248800,59.18,59.35,56.59,57.21,356,0,0
1481335200,57.32,57.32,57.32,57.32,1,0,0
1481508000,57.26,57.27,55.87,55.87,142,0,0
1481594400,56.35,57.34,56.35,56.82,152,0,0
1481680800,56.58,57.18,56.28,56.63,176,0,0
1481767200,56.41,57.75,56.15,57.25,237,0,0
1481853600,57.30,57.66,56.62,56.85,164,0,0
1482112800,57.55,58.26,56.96,57.83,233,0,0
1482199200,57.82,58.30,57.56,57.78,145,0,0
1482285600,58.02,58.25,57.48,57.78,131,0,0
1482372000,57.78,58.19,57.48,57.72,137,0,0
1482458400,57.78,58.43,57.57,58.43,108,0,0
1482804000,58.43,58.56,57.88,58.25,119,0,0
1482890400,58.00,59.25,57.95,58.24,237,0,0
1482976800,58.37,58.71,57.96,58.11,125,0,0
1483063200,58.16,58.28,57.08,57.34,159,0,0
1483408800,58.26,58.84,57.75,58.57,188,0,0
1483495200,58.60,59.47,58.03,59.40,209,0,0
1483581600,59.01,59.43,57.10,57.79,345,0,0
1483668000,58.22,58.37,56.64,56.85,210,0,0
1483927200,56.24,57.31,56.16,57.15,140,0,0
1484013600,55.50,58.85,55.36,58.85,364,0,0
1484100000,58.58,58.94,57.29,57.57,230,0,0
1484186400,57.58,57.98,56.36,56.40,207,0,0
1484272800,57.46,57.85,56.69,57.20,207,0,0
1484618400,58.05,58.12,56.32,57.07,263,0,0
1484704800,57.40,58.85,56.85,58.84,257,0,0
1484791200,58.83,60.65,58.44,59.90,336,0,0
1484877600,60.00,60.73,59.51,59.74,219,0,0
1484964000,59.74,59.74,59.74,59.74,1,0,0
1485136800,61.00,61.35,60.11,60.34,183,0,0
1485223200,60.34,60.63,59.62,60.37,200,0,0
1485309600,60.25,61.00,59.85,60.80,176,0,0
1485396000,61.27,64.13,60.45,63.64,500,0,0
1485482400,63.23,64.01,61.68,62.64,408,0,0
1485741600,62.72,62.88,60.60,61.16,301,0,0
1485828000,60.63,62.63,60.60,62.34,236,0,0
1485914400,62.49,63.66,61.99,62.68,316,0,0
1486000800,63.94,63.94,60.43,61.67,476,0,0
1486087200,61.67,62.39,60.82,61.25,273,0,0
1486173600,61.41,61.41,61.41,61.41,1,0,0
1486346400,61.25,61.53,60.88,61.05,111,0,0
1486432800,61.25,62.06,60.60,61.57,261,0,0
1486519200,61.53,62.63,61.35,61.38,242,0,0
1486605600,62.09,62.42,61.65,62.25,139,0,0
1486692000,62.25,62.54,61.40,62.39,215,0,0
1486951200,63.09,63.13,60.04,60.95,405,0,0
1487037600,60.97,63.21,59.52,61.53,683,0,0
1487124000,61.50,61.93,60.71,61.30,225,0,0
1487210400,61.36,61.41,59.91,60.65,230,0,0
1487296800,60.40,65.23,59.89,63.75,734,0,0
1487642400,64.68,64.68,62.33,62.88,291,0,0
1487728800,63.73,63.74,62.63,62.94,144,0,0
1487815200,62.95,63.33,61.92,62.08,196,0,0
1487901600,62.13,62.58,61.70,62.23,167,0,0
1488160800,62.80,62.80,60.80,61.90,311,0,0
1488247200,62.15,62.90,61.72,62.61,191,0,0
1488333600,62.15,62.97,62.05,62.33,167,0,0
1488420000,62.50,62.87,61.66,62.17,210,0,0
1488506400,62.12,63.62,62.02,63.39,194,0,0
1488592800,63.78,63.78,63.78,63.78,1,0,0
1488765600,63.18,63.50,62.52,63.05,184,0,0
1488852000,62.59,62.89,61.28,61.41,205,0,0
1488938400,61.52,62.22,61.36,61.79,146,0,0
1489024800,60.76,62.02,60.76,60.99,230,0,0
1489111200,61.17,61.87,60.88,61.41,175,0,0
1489370400,61.10,61.99,61.10,61.68,121,0,0
1489456800,61.25,62.03,61.15,61.68,134,0,0
1489543200,61.65,63.08,61.27,62.80,248,0,0
1489629600,62.95,63.22,62.07,62.40,176,0,0
1489716000,61.78,63.73,61.77,63.33,238,0,0
1489975200,63.42,63.52,62.41,62.93,174,0,0
1490061600,62.47,63.43,62.23,62.41,235,0,0
1490148000,63.05,63.62,62.35,63.62,198,0,0
1490234400,63.08,63.70,62.91,63.31,136,0,0
1490320800,63.08,64.76,62.85,64.04,287,0,0
1490583600,64.87,64.87,63.63,64.57,219,0,0
1490670000,65.11,65.11,63.64,64.15,199,0,0
1490756400,64.43,65.08,63.96,64.76,192,0,0
1490842800,64.42,65.17,64.30,65.03,114,0,0
1490929200,64.96,65.42,63.77,64.92,327,0,0
1491188400,64.58,65.02,62.96,63.75,330,0,0
1491274800,63.70,63.94,63.17,63.63,148,0,0
1491361200,62.87,63.91,62.23,62.65,315,0,0
1491447600,63.38,63.50,62.26,62.92,203,0,0
1491534000,62.93,64.33,62.93,63.66,208,0,0
1491793200,64.44,64.53,63.09,63.37,182,0,0
1491879600,63.63,64.03,63.38,63.89,105,0,0
1491966000,63.72,64.12,63.49,64.09,90,0,0
1492052400,64.10,64.55,63.58,64.23,182,0,0
1492398000,65.07,65.47,64.21,65.21,239,0,0
1492484400,64.44,65.35,64.44,64.97,130,0,0
1492570800,65.31,65.52,64.63,65.20,168,0,0
1492657200,64.96,65.42,64.78,65.00,125,0,0
1492743600,65.20,65.50,64.53,64.62,137,0,0
1493002800,65.50,66.54,64.55,65.02,351,0,0
1493089200,64.97,67.48,64.90,67.46,268,0,0
1493175600,67.00,68.24,67.00,67.73,176,0,0
1493262000,67.36,68.20,67.03,67.74,197,0,0
1493348400,68.10,68.10,66.96,67.38,157,0,0
1493607600,67.50,68.61,67.44,68.44,141,0,0
1493694000,67.96,68.85,66.57,66.94,355,0,0
1493780400,67.13,67.15,65.10,65.33,231,0,0
1493866800,65.50,65.65,64.93,65.21,116,0,0
1493953200,65.28,66.50,64.76,66.31,246,0,0
1494212400,67.08,67.26,65.84,66.42,219,0,0
1494298800,66.30,66.31,65.16,65.39,140,0,0
1494385200,67.26,68.53,65.58,65.94,459,0,0
1494471600,66.04,66.61,65.18,66.16,275,0,0
1494558000,66.98,68.58,65.26,65.64,531,0,0
1494817200,65.38,66.16,65.02,65.53,214,0,0
1494903600,65.75,66.28,65.33,65.71,187,0,0
1494990000,65.17,65.39,63.54,64.27,281,0,0
1495076400,65.28,66.05,65.25,65.84,105,0,0
1495162800,66.92,67.40,66.01,66.64,251,0,0
1495422000,66.94,67.37,66.25,67.20,199,0,0
1495508400,68.23,68.23,67.06,67.06,118,0,0
1495594800,67.28,67.94,67.23,67.71,100,0,0
1495681200,67.75,68.44,66.97,66.97,217,0,0
1495767600,68.11,68.11,66.99,67.41,155,0,0
1496113200,68.51,68.51,66.97,67.73,231,0,0
1496199600,67.00,67.59,66.54,67.14,197,0,0
1496286000,67.59,67.93,66.97,67.92,160,0,0
1496372400,68.19,68.44,67.43,68.40,182,0,0
1496631600,68.73,68.73,66.95,67.25,209,0,0
1496718000,67.09,67.80,66.03,66.15,261,0,0
1496804400,66.26,66.57,65.50,66.11,200,0,0
1496890800,66.28,66.28,65.01,65.50,177,0,0
1496977200,65.03,65.72,62.77,63.91,479,0,0
1497236400,62.69,65.12,62.69,63.79,377,0,0
1497322800,64.75,65.11,63.40,63.91,259,0,0
1497409200,63.35,64.13,62.84,63.14,238,0,0
1497495600,63.33,63.74,62.48,63.46,240,0,0
1497582000,63.18,63.82,62.48,63.20,267,0,0
1497841200,63.57,64.07,62.57,64.05,253,0,0
1497927600,63.00,64.41,62.76,63.53,278,0,0
1498014000,64.05,64.25,63.12,63.28,150,0,0
1498100400,63.81,64.11,63.13,63.65,181,0,0
1498186800,64.25,64.25,63.25,63.25,101,0,0
1498446000,63.50,63.78,63.11,63.22,107,0,0
1498532400,61.23,62.54,59.93,61.13,513,0,0
1498618800,60.98,62.25,60.94,61.61,200,0,0
1498705200,60.98,60.98,59.58,60.32,215,0,0
1498791600,60.67,61.31,59.95,60.90,250,0,0
1499050800,60.66,60.92,59.91,59.95,132,0,0
1499223600,59.72,60.32,59.39,59.93,166,0,0
1499310000,59.61,59.89,59.14,59.28,118,0,0
1499396400,59.32,60.17,59.25,59.58,159,0,0
1499655600,59.75,60.89,59.65,60.41,183,0,0
1499742000,60.27,61.47,60.10,60.83,219,0,0
1499828400,61.07,62.00,60.90,61.44,184,0,0
1499914800,61.48,61.67,60.29,60.81,210,0,0
1500001200,60.90,61.73,60.63,61.17,194,0,0
1500260400,61.37,61.74,60.72,61.65,177,0,0
1500346800,61.48,62.63,60.91,61.54,339,0,0
1500433200,61.27,64.84,61.12,63.81,491,0,0
1500519600,63.14,64.49,60.63,61.07,566,0,0
1500606000,60.61,62.73,60.61,62.48,238,0,0
1500865200,61.51,63.07,61.51,62.26,238,0,0
1500951600,62.36,62.83,62.01,62.43,158,0,0
1501038000,62.63,62.89,62.16,62.40,124,0,0
1501124400,62.40,62.76,61.05,61.31,234,0,0
1501210800,61.89,62.11,61.11,61.50,162,0,0
1501470000,62.80,62.80,61.10,61.77,238,0,0
1501556400,61.25,63.48,61.08,62.95,311,0,0
1501642800,63.24,63.75,62.75,63.56,169,0,0
1501729200,63.27,63.93,63.15,63.86,98,0,0
1501815600,63.39,64.79,63.39,64.35,185,0,0
1502074800,64.06,64.98,64.06,64.61,130,0,0
1502161200,63.70,64.60,63.30,63.83,248,0,0
1502247600,63.32,63.95,63.19,63.48,137,0,0
1502334000,62.86,63.94,62.14,62.40,315,0,0
1502420400,62.75,63.67,62.23,63.60,204,0,0
1502679600,63.61,64.26,63.40,63.70,164,0,0
1502766000,63.53,64.38,63.41,64.38,110,0,0
1502852400,63.98,64.47,63.55,63.98,185,0,0
1502938800,64.08,64.12,62.59,62.94,193,0,0
1503025200,62.94,63.44,62.72,62.87,138,0,0
1503284400,62.84,63.76,62.50,62.50,219,0,0
1503370800,63.38,64.72,63.04,64.25,250,0,0
1503457200,64.07,64.37,63.70,64.28,114,0,0
1503543600,63.82,64.33,63.51,64.14,133,0,0
1503630000,64.57,64.57,63.58,64.28,170,0,0
1503889200,63.45,64.10,62.50,63.23,299,0,0
1503975600,62.86,63.74,62.85,63.73,92,0,0
1504062000,63.50,64.36,63.28,64.23,144,0,0
1504148400,64.85,64.86,63.91,64.85,191,0,0
1504234800,64.87,64.90,63.46,64.30,232,0,0
1504580400,64.50,64.50,62.90,63.71,242,0,0
1504666800,64.28,64.31,62.90,63.75,230,0,0
1504753200,63.95,64.16,63.16,63.30,136,0,0
1504839600,63.95,63.95,62.42,63.13,225,0,0
1505098800,63.41,63.48,62.76,62.87,91,0,0
1505185200,63.35,63.75,62.78,63.07,167,0,0
1505271600,62.20,63.43,62.17,62.61,212,0,0
1505358000,62.25,62.62,61.08,61.09,193,0,0
1505444400,61.97,61.97,60.73,61.09,161,0,0
1505703600,60.43,62.20,60.41,61.96,206,0,0
1505790000,62.28,65.79,61.34,65.63,556,0,0
1505876400,64.70,65.79,63.09,63.70,441,0,0
1505962800,64.07,64.39,62.95,62.95,177,0,0
1506049200,63.25,64.90,63.25,64.20,236,0,0
1506308400,64.70,65.40,62.68,63.12,387,0,0
1506394800,63.41,63.46,62.63,63.08,134,0,0
1506481200,64.01,64.19,62.01,62.40,276,0,0
1506567600,62.01,62.12,61.70,61.84,68,0,0
1506654000,62.51,62.54,61.40,61.53,131,0,0
1506913200,61.65,62.20,61.07,61.49,211,0,0
1506999600,61.75,62.00,61.20,62.00,136,0,0
1507086000,61.87,61.93,61.27,61.76,122,0,0
1507172400,61.76,62.10,61.29,61.29,116,0,0
1507258800,61.75,62.66,61.31,62.31,215,0,0
1507518000,63.19,63.19,61.18,62.25,309,0,0
1507604400,61.85,62.11,61.11,61.16,132,0,0
1507690800,62.08,62.08,59.72,61.06,371,0,0
1507777200,60.75,61.80,60.62,61.14,198,0,0
1507863600,60.90,61.60,60.74,61.48,115,0,0
1508122800,61.69,62.07,60.90,61.18,184,0,0
1508209200,61.20,61.44,60.58,61.41,152,0,0
1508295600,61.86,61.86,60.25,60.50,187,0,0
1508382000,59.89,61.97,59.89,61.70,236,0,0
1508468400,61.54,62.01,60.29,60.43,234,0,0
1508727600,61.81,62.01,60.31,61.51,311,0,0
1508814000,62.01,62.39,61.36,61.63,169,0,0
1508900400,61.81,62.27,60.90,62.09,247,0,0
1508986800,61.70,62.36,61.53,61.61,158,0,0
1509073200,61.74,63.00,61.47,62.66,215,0,0
1509328800,62.91,63.08,59.24,59.77,455,0,0
1509415200,59.78,60.26,59.34,59.63,170,0,0
1509501600,60.00,60.41,59.36,59.55,166,0,0
1509588000,59.99,60.31,58.08,59.20,368,0,0
1509674400,59.34,59.93,58.57,59.00,239,0,0
1509933600,57.42,58.07,54.94,55.66,451,0,0
1510020000,55.53,56.03,54.60,55.25,259,0,0
1510106400,56.18,56.42,54.97,56.10,283,0,0
1510192800,56.04,57.33,55.63,55.75,312,0,0
1510279200,55.90,57.04,55.30,56.48,291,0,0
1510365600,56.88,56.88,56.88,56.88,1,0,0
1510538400,56.98,57.31,55.92,56.37,218,0,0
1510624800,56.43,57.07,55.96,56.24,204,0,0
1510711200,56.15,57.06,55.77,56.26,248,0,0
1510797600,56.52,59.98,56.12,59.85,440,0,0
1510884000,59.98,60.34,58.96,60.23,252,0,0
1511143200,60.39,60.81,59.51,60.45,255,0,0
1511229600,60.48,61.27,59.97,60.94,215,0,0
1511316000,60.12,61.46,60.11,60.73,210,0,0
1511488800,60.73,62.08,60.38,61.68,246,0,0
1511748000,61.12,62.93,60.98,61.90,313,0,0
1511834400,61.93,62.40,61.21,61.53,199,0,0
1511920800,61.53,62.66,61.23,62.36,204,0,0
1512007200,61.21,62.44,60.72,60.99,323,0,0
1512093600,60.70,61.26,60.50,60.95,128,0,0
1512352800,60.72,60.97,59.89,60.15,160,0,0
1512439200,60.62,61.36,60.38,61.13,146,0,0
1512525600,60.75,62.26,59.97,61.82,352,0,0
1512612000,61.82,62.92,60.38,62.50,441,0,0
1512698400,62.42,62.99,62.20,62.70,131,0,0
1512957600,61.97,63.48,61.91,62.65,247,0,0
1513044000,62.73,63.96,62.48,63.52,218,0,0
1513130400,63.50,64.47,62.95,64.00,255,0,0
1513216800,63.21,64.26,62.03,62.26,352,0,0
1513303200,62.00,63.48,62.00,62.51,246,0,0
1513562400,63.45,63.63,62.89,63.25,129,0,0
1513648800,62.43,64.64,62.40,63.75,317,0,0
1513735200,62.93,64.26,62.69,62.98,310,0,0
1513821600,62.82,63.82,62.75,63.81,116,0,0
1513908000,63.81,64.09,63.23,63.50,142,0,0
1514253600,62.44,64.15,62.43,64.15,174,0,0
1514340000,64.25,64.28,63.20,64.28,214,0,0
1514426400,63.93,64.64,63.58,64.24,182,0,0
1514512800,64.32,64.43,63.04,63.04,151,0,0
1514858400,64.12,64.54,63.08,63.90,271,0,0
1514944800,63.92,64.33,63.26,63.67,190,0,0
1515031200,64.04,64.61,62.88,63.09,252,0,0
1515117600,63.79,64.81,63.33,63.95,281,0,0
1515376800,64.16,65.98,64.03,64.71,336,0,0
1515463200,64.62,66.53,64.57,65.93,262,0,0
1515549600,65.60,65.93,63.60,63.96,303,0,0
1515636000,64.27,64.53,63.24,63.74,206,0,0
1515722400,63.52,64.43,63.51,63.76,161,0,0
1516068000,63.73,64.29,62.55,62.88,264,0,0
1516154400,63.59,64.46,62.90,63.23,277,0,0
1516240800,63.23,64.25,62.43,62.63,305,0,0
1516327200,63.16,63.84,62.80,63.56,169,0,0
1516586400,63.76,64.18,63.47,64.15,104,0,0
1516672800,64.80,64.87,63.23,64.62,311,0,0
1516759200,64.75,65.34,64.55,64.64,148,0,0
1516845600,65.56,65.73,64.34,64.75,198,0,0
1516932000,63.95,65.75,63.82,65.64,218,0,0
1517191200,64.28,65.14,64.05,64.81,166,0,0
1517277600,64.18,65.38,63.69,64.63,294,0,0
1517364000,64.80,65.49,64.23,65.48,185,0,0
1517450400,65.68,65.68,63.29,63.90,301,0,0
1517536800,63.91,64.31,62.93,63.68,254,0,0
1517796000,63.25,63.82,60.75,61.26,416,0,0
1517882400,60.50,61.98,60.03,60.43,384,0,0
1517968800,60.41,62.92,60.28,61.77,393,0,0
1518055200,61.77,63.24,58.69,59.31,665,0,0
1518141600,59.32,60.45,57.65,59.25,554,0,0
1518228000,59.35,59.40,59.35,59.35,11,0,0
1518400800,59.82,60.06,57.59,57.95,308,0,0
1518487200,57.95,58.43,57.22,58.05,233,0,0
1518573600,58.00,59.46,57.00,58.56,437,0,0
1518660000,58.56,60.83,58.18,60.75,312,0,0
1518746400,60.72,61.42,59.42,60.26,355,0,0
1519092000,59.76,61.08,59.39,60.18,297,0,0
1519178400,60.18,61.44,58.87,59.16,413,0,0
1519264800,59.73,60.26,58.38,58.92,296,0,0
1519351200,58.93,60.27,58.64,60.04,216,0,0
1519610400,60.93,61.15,58.76,60.37,423,0,0
1519696800,60.36,61.19,59.80,60.19,262,0,0
1519783200,60.07,61.40,60.05,60.29,249,0,0
1519869600,60.79,62.41,60.40,61.85,297,0,0
1519956000,61.85,62.71,61.32,62.50,214,0,0
1520215200,62.55,63.35,61.83,63.33,227,0,0
1520301600,63.01,64.04,62.46,62.47,263,0,0
1520388000,62.46,65.00,62.23,64.79,322,0,0
1520474400,64.78,65.51,63.69,65.03,340,0,0
1520560800,65.03,65.79,64.86,65.06,184,0,0
1520647200,64.86,64.86,64.86,64.86,1,0,0
1520820000,65.18,65.74,64.43,64.70,215,0,0
1520906400,65.18,65.76,64.66,65.20,219,0,0
1520992800,65.28,65.64,64.49,64.90,193,0,0
1521079200,65.16,65.54,64.39,64.85,200,0,0
1521165600,64.37,65.28,64.36,64.85,137,0,0
1521424800,64.04,64.91,63.06,63.38,305,0,0
1521511200,64.18,64.31,62.69,63.27,234,0,0
1521597600,63.51,63.53,62.34,62.34,122,0,0
1521684000,62.29,63.10,60.33,60.33,359,0,0
1521770400,60.44,61.75,59.73,60.16,377,0,0
1522033200,61.21,61.70,60.20,61.21,301,0,0
1522119600,62.54,62.57,59.60,59.61,302,0,0
1522206000,59.75,61.72,59.64,60.91,301,0,0
1522292400,61.21,61.83,60.41,60.58,222,0,0
1522638000,60.76,60.85,59.29,59.68,205,0,0
1522724400,60.05,60.26,59.28,59.46,138,0,0
1522810800,59.44,60.11,58.45,59.63,314,0,0
1522897200,60.57,60.80,58.53,58.75,273,0,0
1522983600,59.27,60.32,58.79,59.83,251,0,0
1523242800,60.44,60.45,59.70,59.74,81,0,0
1523329200,60.62,64.63,60.19,63.31,620,0,0
1523415600,63.04,63.80,62.50,63.02,259,0,0
1523502000,63.22,63.49,62.91,63.26,113,0,0
1523588400,62.39,63.47,61.79,62.04,302,0,0
1523847600,62.40,63.04,61.82,61.94,199,0,0
1523934000,63.68,63.75,62.09,62.99,264,0,0
1524020400,63.40,63.61,62.60,62.90,153,0,0
1524106800,63.32,63.78,62.72,63.29,210,0,0
1524193200,63.23,63.93,62.77,62.98,208,0,0
1524452400,63.10,63.26,62.15,62.51,164,0,0
1524538800,63.38,63.47,62.11,62.62,197,0,0
1524625200,61.69,64.33,61.67,63.79,323,0,0
1524711600,63.44,66.75,63.21,65.75,478,0,0
1524798000,64.91,66.43,63.95,65.16,472,0,0
1525057200,65.98,65.98,59.29,60.58,799,0,0
1525143600,60.43,61.21,58.17,59.72,538,0,0
1525230000,60.41,60.50,55.53,56.67,621,0,0
1525316400,57.22,57.22,55.09,56.23,328,0,0
1525402800,56.33,57.75,55.73,57.63,275,0,0
1525662000,57.89,58.07,56.04,56.64,282,0,0
1525748400,56.85,57.12,55.43,55.76,230,0,0
1525834800,55.75,56.57,55.58,56.22,152,0,0
1525921200,56.35,57.49,55.93,57.49,199,0,0
1526007600,56.40,57.44,56.24,56.51,230,0,0
1526266800,56.21,56.66,56.13,56.44,84,0,0
1526353200,56.45,57.04,55.92,56.34,214,0,0
1526439600,56.34,56.86,56.28,56.72,79,0,0
1526526000,56.83,56.88,56.41,56.62,74,0,0
1526612400,56.30,57.50,56.29,56.76,197,0,0
1526871600,56.71,57.46,56.57,56.94,156,0,0
1526958000,57.04,57.89,56.91,57.37,164,0,0
1527044400,57.50,57.50,56.28,56.83,178,0,0
1527130800,57.23,57.38,56.74,57.08,114,0,0
1527217200,57.20,57.28,56.51,57.28,147,0,0
1527562800,56.24,57.15,55.99,56.78,179,0,0
1527649200,56.30,57.08,56.21,56.56,149,0,0
1527735600,56.53,56.59,55.23,55.86,206,0,0
1527822000,55.82,57.05,55.72,56.79,170,0,0
1528081200,56.76,57.55,56.61,57.07,158,0,0
1528167600,57.28,57.60,56.83,57.38,145,0,0
1528254000,57.45,57.67,56.89,57.45,157,0,0
1528340400,57.17,58.36,57.07,57.86,190,0,0
1528426800,57.33,58.26,56.98,57.88,202,0,0
1528686000,57.65,58.18,57.41,58.04,116,0,0
1528772400,57.65,59.62,57.65,59.05,255,0,0
1528858800,59.19,59.66,58.39,58.65,201,0,0
1528945200,58.75,59.70,58.55,59.49,157,0,0
1529031600,59.47,60.09,58.72,59.98,224,0,0
1529290800,60.33,60.53,59.25,60.25,249,0,0
1529377200,59.94,60.88,59.43,60.58,227,0,0
1529463600,60.08,60.76,59.66,59.77,190,0,0
1529550000,59.66,60.70,59.46,59.76,239,0,0
1529636400,59.81,61.17,59.74,60.75,193,0,0
1529895600,60.90,60.90,59.34,60.33,256,0,0
1529982000,60.87,60.90,58.83,59.74,302,0,0
1530068400,59.09,60.48,58.97,60.32,180,0,0
1530154800,60.46,60.46,58.68,59.76,287,0,0
1530241200,59.30,60.06,59.20,59.33,170,0,0
1530500400,59.20,59.94,58.94,59.35,186,0,0
1530586800,60.02,60.56,58.85,59.73,314,0,0
1530759600,58.86,60.13,58.85,59.22,221,0,0
1530846000,60.03,61.37,59.21,61.08,328,0,0
1531105200,60.95,61.64,60.46,61.63,169,0,0
1531191600,61.64,61.68,60.50,60.69,142,0,0
1531278000,60.65,61.11,59.81,60.15,211,0,0
1531364400,59.90,61.62,59.87,61.22,219,0,0
1531450800,61.51,61.81,60.49,61.13,227,0,0
1531710000,61.74,62.10,60.92,61.77,234,0,0
1531796400,62.06,62.06,61.11,61.53,138,0,0
1531882800,62.00,62.00,60.49,60.78,181,0,0
1531969200,59.85,60.45,59.22,59.30,192,0,0
1532055600,58.86,59.86,58.76,59.72,135,0,0
1532314800,59.60,59.73,58.21,58.40,185,0,0
1532401200,58.10,59.37,57.74,58.21,316,0,0
1532487600,58.75,59.46,58.52,59.42,122,0,0
1532574000,59.12,59.80,58.50,58.82,231,0,0
1532660400,58.69,60.68,58.69,59.96,272,0,0
1532919600,58.78,60.74,58.71,59.66,319,0,0
1533006000,59.11,60.37,58.85,58.85,279,0,0
1533092400,59.28,60.33,59.15,59.87,178,0,0
1533178800,60.26,62.24,59.11,62.06,447,0,0
1533265200,61.36,62.29,61.25,61.66,179,0,0
1533524400,62.28,66.55,61.38,66.30,633,0,0
1533610800,65.37,66.38,64.79,65.17,299,0,0
1533697200,65.50,66.31,64.47,65.25,344,0,0
1533783600,66.00,66.05,64.61,64.61,150,0,0
1533870000,65.14,65.25,64.07,65.25,226,0,0
1534129200,65.06,65.80,64.58,65.75,176,0,0
1534215600,66.30,66.79,65.34,65.77,238,0,0
1534302000,64.90,65.83,64.72,64.94,219,0,0
1534388400,64.77,66.35,64.74,65.67,233,0,0
1534474800,65.56,66.04,65.33,65.94,105,0,0
1534734000,65.46,66.24,65.04,65.04,199,0,0
1534820400,65.90,66.64,65.35,65.75,244,0,0
1534906800,66.63,66.63,64.89,64.89,175,0,0
1534993200,64.94,65.91,64.80,65.06,211,0,0
1535079600,66.10,66.24,64.65,64.65,174,0,0
1535338800,65.71,65.95,64.88,65.23,167,0,0
1535425200,65.75,66.11,65.16,65.35,151,0,0
1535511600,65.16,66.49,64.86,66.18,225,0,0
1535598000,66.19,66.36,65.25,66.28,214,0,0
1535684400,66.19,66.37,65.82,66.19,111,0,0
1536030000,65.02,66.31,65.01,66.27,136,0,0
1536116400,66.19,66.24,64.96,64.96,134,0,0
1536202800,65.03,65.96,64.89,64.89,201,0,0
1536289200,64.87,65.97,64.08,65.03,363,0,0
1536548400,64.70,66.12,64.62,65.73,198,0,0
1536634800,66.21,66.36,65.08,66.06,242,0,0
1536721200,65.48,68.34,65.48,67.95,326,0,0
1536807600,68.40,68.72,67.35,68.21,256,0,0
1536894000,68.53,68.88,67.91,68.53,195,0,0
1537153200,68.53,68.53,66.63,66.63,191,0,0
1537239600,68.07,68.58,67.09,68.03,295,0,0
1537326000,67.95,68.86,67.70,68.75,153,0,0
1537412400,69.03,69.32,68.33,68.84,180,0,0
1537498800,69.02,69.78,68.14,69.00,327,0,0
1537758000,68.55,69.64,67.95,69.40,254,0,0
1537844400,69.53,69.62,68.59,69.49,203,0,0
1537930800,69.69,69.72,68.20,69.15,251,0,0
1538017200,69.14,71.28,68.89,70.13,380,0,0
1538103600,70.40,71.13,69.97,70.45,228,0,0
1538362800,71.10,71.10,69.96,70.17,136,0,0
1538449200,70.16,70.57,69.49,69.65,166,0,0
1538535600,69.55,70.16,68.75,69.18,246,0,0
1538622000,67.01,69.98,67.01,69.98,298,0,0
1538708400,69.99,70.01,68.12,68.88,268,0,0
1538967600,69.13,69.31,68.02,68.95,241,0,0
1539054000,69.79,69.80,68.02,68.49,227,0,0
1539140400,67.73,69.01,66.02,66.33,459,0,0
1539226800,65.90,67.72,65.90,66.39,316,0,0
1539313200,67.34,69.23,66.25,68.98,433,0,0
1539572400,67.70,68.71,66.74,66.81,306,0,0
1539658800,67.15,69.13,67.10,69.02,220,0,0
1539745200,68.51,69.66,68.45,69.18,176,0,0
1539831600,69.05,69.71,68.35,69.02,270,0,0
1539918000,69.39,70.14,68.44,68.90,292,0,0
1540177200,69.00,70.23,68.71,68.72,277,0,0
1540263600,68.54,70.51,67.79,69.89,410,0,0
1540350000,68.98,69.64,65.59,65.93,506,0,0
1540436400,67.03,67.62,64.80,64.81,343,0,0
1540522800,64.88,65.81,64.19,65.44,269,0,0
1540778400,66.70,67.07,63.49,65.44,591,0,0
1540864800,65.85,66.26,62.75,64.75,593,0,0
1540951200,65.55,69.53,65.55,68.96,456,0,0
1541037600,68.75,69.60,68.28,69.01,239,0,0
1541124000,69.67,69.72,67.56,68.78,344,0,0
1541383200,69.23,69.68,67.11,68.63,455,0,0
1541469600,68.92,69.43,68.28,69.02,221,0,0
1541556000,69.02,70.79,68.73,70.46,269,0,0
1541642400,70.64,70.88,69.52,70.15,224,0,0
1541728800,70.15,70.15,67.98,68.60,280,0,0
1541815200,67.97,68.15,67.88,67.99,53,0,0
1541988000,67.63,69.08,66.98,68.81,303,0,0
1542074400,68.27,69.55,67.80,69.54,224,0,0
1542160800,68.46,69.57,67.78,68.05,318,0,0
1542247200,67.91,68.40,67.54,68.15,149,0,0
1542333600,68.06,69.70,67.03,69.61,380,0,0
1542592800,69.56,69.88,67.75,68.99,370,0,0
1542679200,69.00,69.25,66.21,66.21,330,0,0
1542765600,66.71,67.49,65.92,66.67,311,0,0
1542852000,66.67,66.68,66.67,66.68,2,0,0
1542938400,66.63,67.46,65.95,67.07,259,0,0
1543197600,67.81,67.88,66.75,66.93,139,0,0
1543284000,66.93,68.13,66.92,67.46,190,0,0
1543370400,67.45,68.98,67.25,68.58,234,0,0
1543456800,68.58,68.95,68.07,68.85,150,0,0
1543543200,68.63,69.21,68.06,68.89,205,0,0
1543629600,68.88,68.88,68.88,68.88,1,0,0
1543802400,68.75,68.93,66.97,68.17,335,0,0
1543888800,68.28,68.54,65.49,66.52,435,0,0
1543975200,66.03,66.50,66.03,66.50,48,0,0
1544061600,65.75,68.14,65.03,67.14,484,0,0
1544148000,67.99,68.48,65.68,66.18,380,0,0
1544234400,65.93,65.93,65.93,65.93,1,0,0
1544407200,66.00,66.99,64.34,66.76,455,0,0
1544493600,66.31,67.44,64.91,66.21,497,0,0
1544580000,66.88,67.08,65.78,65.79,152,0,0
1544666400,65.79,66.85,65.49,66.13,239,0,0
1544752800,66.13,66.69,65.38,65.55,205,0,0
1544839200,65.55,65.56,65.55,65.56,2,0,0
1545012000,65.58,66.08,64.29,64.72,273,0,0
1545098400,65.50,66.20,63.58,64.55,430,0,0
1545184800,64.42,66.58,64.24,65.45,366,0,0
1545271200,65.45,65.45,63.42,64.79,341,0,0
1545357600,64.77,65.35,61.50,61.50,444,0,0
1545616800,61.26,62.67,59.88,60.18,451,0,0
1545789600,59.87,64.07,59.87,63.38,490,0,0
1545876000,62.48,63.45,60.91,62.89,468,0,0
1545962400,62.97,63.75,62.60,63.06,222,0,0
1546048800,63.05,63.06,63.05,63.06,2,0,0
1546221600,63.25,63.86,62.42,63.24,288,0,0
1546308000,63.24,63.25,63.24,63.25,2,0,0
1546394400,62.01,65.58,61.85,64.81,467,0,0
1546480800,64.54,66.24,63.95,66.06,307,0,0
1546567200,66.03,67.57,64.99,67.32,388,0,0
1546653600,67.32,67.69,67.28,67.29,80,0,0
1546826400,68.00,68.61,66.90,68.34,309,0,0
1546912800,68.19,68.81,67.37,68.13,283,0,0
1546999200,68.12,68.75,67.15,68.25,308,0,0
1547085600,67.34,68.88,66.79,67.83,370,0,0
1547172000,68.00,69.46,67.52,68.70,319,0,0
1547258400,68.61,68.69,68.56,68.69,19,0,0
1547431200,68.01,69.50,66.98,67.96,500,0,0
1547517600,67.94,68.42,66.71,67.51,300,0,0
1547604000,67.27,67.62,65.81,66.65,301,0,0
1547690400,66.65,67.10,65.59,66.21,259,0,0
1547776800,66.22,68.06,65.73,66.90,399,0,0
1548122400,66.02,67.43,65.82,65.93,314,0,0
1548208800,66.03,68.01,65.98,67.52,258,0,0
1548295200,67.52,69.01,67.21,68.97,216,0,0
1548381600,69.01,69.61,68.20,68.74,256,0,0
1548640800,68.10,68.86,67.07,67.95,344,0,0
1548727200,68.28,68.43,66.63,67.74,307,0,0
1548813600,67.49,69.39,67.08,69.16,296,0,0
1548900000,69.28,70.39,67.94,70.24,395,0,0
1548986400,70.25,70.33,69.05,69.09,141,0,0
1549245600,69.96,70.00,68.90,69.55,180,0,0
1549332000,69.44,69.75,66.81,66.94,339,0,0
1549418400,66.93,67.54,65.92,66.66,298,0,0
1549504800,66.81,68.42,65.67,68.26,406,0,0
1549591200,68.63,68.66,66.97,68.20,296,0,0
1549850400,68.54,69.19,67.18,68.67,390,0,0
1549936800,68.73,69.67,68.51,69.20,186,0,0
1550023200,69.20,69.95,68.54,69.14,277,0,0
1550109600,69.29,70.80,69.00,70.26,264,0,0
1550196000,68.75,72.40,68.71,72.40,374,0,0
1550541600,72.20,72.99,70.44,72.46,485,0,0
1550628000,72.55,73.09,72.17,72.67,173,0,0
1550714400,72.84,73.76,72.40,73.05,252,0,0
1550800800,73.27,74.36,72.48,72.48,298,0,0
1551060000,72.48,74.18,72.48,72.56,333,0,0
1551146400,72.55,73.71,69.84,71.95,715,0,0
1551232800,73.16,73.43,71.78,71.89,204,0,0
1551319200,71.85,72.99,71.85,72.36,178,0,0
1551405600,72.43,72.58,71.61,72.13,165,0,0
1551664800,72.37,72.87,71.27,71.28,212,0,0
1551751200,71.28,72.48,70.86,71.06,303,0,0
1551837600,70.86,71.61,69.99,70.79,318,0,0
1551924000,70.23,71.90,70.23,71.47,211,0,0
1552010400,70.74,70.74,70.74,70.74,1,0,0
1552096800,70.75,70.75,70.75,70.75,1,0,0
1552269600,70.29,72.06,69.93,71.98,258,0,0
1552356000,71.40,72.23,71.26,71.50,185,0,0
1552442400,72.31,72.96,71.50,72.88,236,0,0
1552528800,71.84,73.08,71.44,71.67,312,0,0
1552615200,72.80,73.50,72.14,72.70,263,0,0
1552874400,72.89,74.28,72.22,73.86,316,0,0
1552960800,74.87,75.76,71.58,72.47,597,0,0
1553047200,72.25,72.90,71.67,72.10,232,0,0
1553133600,71.64,72.74,70.97,71.91,328,0,0
1553220000,71.96,72.86,71.64,72.06,235,0,0
1553479200,71.49,73.11,71.23,72.56,270,0,0
1553565600,72.80,73.66,72.29,73.28,227,0,0
1553652000,74.45,74.45,71.29,72.35,423,0,0
1553738400,71.08,72.48,68.48,68.48,541,0,0
1553824800,68.81,69.93,68.17,69.19,315,0,0
1554087600,68.79,70.03,68.79,68.99,229,0,0
1554174000,69.21,70.17,69.21,69.39,175,0,0
1554260400,69.19,70.06,68.70,69.31,261,0,0
1554346800,69.26,70.46,69.03,70.44,169,0,0
1554433200,69.25,70.64,69.25,69.68,236,0,0
1554692400,69.43,71.62,69.43,70.65,317,0,0
1554778800,70.01,71.78,70.01,71.27,229,0,0
1554865200,72.43,72.43,71.24,71.95,191,0,0
1554951600,72.75,73.12,71.83,73.05,229,0,0
1555038000,73.61,73.88,72.82,73.66,208,0,0
1555297200,73.61,74.37,73.21,73.93,201,0,0
1555383600,73.61,74.53,69.51,71.15,759,0,0
1555470000,72.38,74.28,71.05,72.68,617,0,0
1555556400,72.25,73.93,72.25,73.89,173,0,0
1555902000,72.87,74.38,72.87,73.67,223,0,0
1555988400,73.75,74.00,73.04,73.69,187,0,0
1556074800,73.75,74.33,72.72,73.24,272,0,0
1556161200,72.93,73.60,72.35,73.26,218,0,0
1556247600,71.79,74.46,71.71,72.58,472,0,0
1556506800,72.66,73.87,72.40,73.48,213,0,0
1556593200,74.62,74.89,72.54,73.41,350,0,0
1556679600,73.06,74.11,72.93,73.57,186,0,0
1556766000,74.45,74.79,72.65,73.66,350,0,0
1556852400,73.70,74.89,73.31,74.77,210,0,0
1557111600,74.09,74.62,72.84,74.26,340,0,0
1557198000,74.23,74.64,73.37,74.00,232,0,0
1557284400,74.01,74.47,72.50,72.64,258,0,0
1557370800,73.45,74.37,72.27,74.23,343,0,0
1557457200,73.30,75.65,73.30,75.63,238,0,0
1557716400,75.93,76.35,72.91,73.17,413,0,0
1557802800,73.54,74.01,73.08,73.98,143,0,0
1557889200,73.16,75.10,73.02,74.93,240,0,0
1557975600,75.05,77.14,74.30,75.46,528,0,0
1558062000,75.01,76.33,74.00,76.18,350,0,0
1558321200,76.66,80.99,74.80,78.31,1074,0,0
1558407600,79.23,79.86,76.80,77.32,422,0,0
1558494000,76.82,77.56,75.73,76.58,343,0,0
1558580400,75.87,77.75,75.31,76.40,436,0,0
1558666800,75.24,77.51,75.24,77.05,274,0,0
1559012400,75.99,77.90,75.14,76.45,507,0,0
1559098800,75.79,76.70,75.29,75.50,254,0,0
1559185200,77.06,77.21,75.03,77.00,431,0,0
1559271600,75.97,77.18,73.28,74.63,647,0,0
1559530800,74.02,75.11,73.37,75.11,240,0,0
1559617200,74.00,76.85,73.99,76.85,288,0,0
1559703600,74.49,77.05,74.40,74.55,525,0,0
1559790000,75.81,76.88,74.51,75.88,468,0,0
1559876400,75.85,77.39,75.30,77.38,266,0,0
1560135600,77.55,77.55,76.07,77.24,266,0,0
1560222000,75.85,77.43,74.72,75.75,533,0,0
1560308400,75.85,76.43,74.50,74.98,300,0,0
1560394800,75.85,76.26,74.02,74.98,362,0,0
1560481200,75.55,78.00,74.29,74.93,681,0,0
1560740400,74.95,76.64,74.35,76.64,290,0,0
1560826800,76.58,77.40,75.55,76.63,366,0,0
1560913200,75.98,78.97,75.98,78.97,300,0,0
1560999600,77.43,79.52,77.17,78.25,389,0,0
1561086000,77.70,78.11,75.22,75.51,360,0,0
1561345200,76.21,76.58,75.37,76.01,223,0,0
1561431600,74.69,76.05,74.48,75.25,259,0,0
1561518000,73.86,74.84,72.51,72.73,354,0,0
1561604400,73.35,73.78,72.92,73.48,160,0,0
1561690800,73.38,74.53,72.85,74.29,246,0,0
1561950000,75.43,75.43,73.91,74.21,183,0,0
1562036400,73.38,75.81,73.38,75.62,263,0,0
1562122800,75.12,77.06,74.59,76.18,389,0,0
1562295600,75.43,76.70,74.48,76.70,318,0,0
1562554800,76.07,76.43,75.43,76.21,187,0,0
1562641200,75.10,78.31,75.07,77.97,362,0,0
1562727600,78.35,78.96,77.57,78.33,277,0,0
1562814000,78.64,78.87,76.97,78.19,336,0,0
1562900400,79.07,79.69,78.17,79.31,281,0,0
1563159600,79.69,80.19,78.49,80.05,305,0,0
1563246000,80.11,80.33,78.84,79.42,230,0,0
1563332400,79.96,80.04,78.67,78.79,158,0,0
1563418800,80.14,80.14,77.27,77.73,334,0,0
1563505200,77.41,78.31,76.93,77.58,260,0,0
1563764400,77.26,78.85,77.04,77.91,298,0,0
1563850800,77.29,78.83,76.96,78.50,254,0,0
1563937200,78.45,81.95,78.45,81.27,419,0,0
1564023600,82.28,82.28,78.82,79.95,460,0,0
1564110000,81.32,85.23,79.22,84.25,910,0,0
1564369200,84.55,85.01,81.93,82.96,458,0,0
1564455600,81.58,82.44,79.78,80.39,414,0,0
1564542000,79.91,81.65,78.94,79.37,489,0,0
1564628400,80.86,80.86,78.50,79.25,312,0,0
1564714800,80.13,80.14,76.79,77.03,361,0,0
1564974000,77.00,78.00,73.73,74.32,587,0,0
1565060400,76.23,77.96,75.97,77.18,304,0,0
1565146800,77.26,77.56,75.25,77.43,446,0,0
1565233200,76.57,78.21,76.57,77.25,261,0,0
1565319600,77.92,78.22,76.74,77.80,285,0,0
1565578800,77.37,77.95,76.06,76.50,292,0,0
1565665200,76.98,78.28,75.84,77.42,445,0,0
1565751600,77.66,77.66,75.89,76.60,249,0,0
1565838000,76.94,77.81,76.21,77.26,289,0,0
1565924400,77.16,78.25,76.41,77.88,297,0,0
1566183600,78.01,78.45,76.75,78.00,340,0,0
1566270000,77.87,77.87,77.87,77.87,1,0,0
1566356400,77.70,78.32,76.75,78.31,254,0,0
1566442800,78.29,78.43,76.66,77.99,325,0,0
1566529200,77.81,78.27,76.00,76.00,274,0,0
1566788400,76.43,78.30,76.00,76.76,428,0,0
1566874800,78.10,78.11,76.05,76.75,278,0,0
1566961200,77.16,78.11,76.29,78.04,277,0,0
1567047600,77.07,78.41,76.80,78.09,221,0,0
1567134000,78.02,78.37,76.81,77.31,242,0,0
1567479600,77.68,78.16,76.55,77.44,299,0,0
1567566000,77.41,78.10,76.64,77.93,241,0,0
1567652400,77.74,78.57,76.41,78.19,388,0,0
1567738800,77.90,79.27,77.88,79.21,148,0,0
1567998000,78.92,79.87,78.60,79.10,237,0,0
1568084400,78.66,79.31,77.94,78.35,244,0,0
1568170800,78.31,79.77,78.12,79.70,192,0,0
1568257200,79.90,80.70,79.02,79.68,315,0,0
1568343600,79.89,80.24,79.02,79.36,192,0,0
1568602800,79.76,80.28,78.70,79.79,314,0,0
1568689200,79.87,81.56,79.04,81.56,336,0,0
1568775600,80.23,81.43,79.12,80.40,446,0,0
1568862000,80.09,81.15,79.18,81.00,304,0,0
1568948400,80.96,81.83,79.07,79.75,432,0,0
1569207600,80.00,80.79,79.15,79.15,244,0,0
1569294000,79.99,80.50,78.88,79.43,269,0,0
1569380400,79.70,80.01,78.86,79.84,217,0,0
1569466800,79.89,80.50,78.96,79.00,220,0,0
1569553200,79.53,79.94,76.76,77.56,440,0,0
1569812400,77.51,79.09,77.19,78.92,240,0,0
1569898800,78.96,79.63,77.99,78.53,286,0,0
1569985200,78.00,78.01,75.50,76.00,303,0,0
1570071600,77.00,77.41,75.99,76.00,185,0,0
1570158000,77.06,78.48,76.00,78.01,402,0,0
1570417200,77.98,78.69,77.56,78.62,163,0,0
1570503600,78.46,78.65,77.18,77.90,239,0,0
1570590000,77.75,78.90,76.65,77.14,390,0,0
1570676400,77.89,79.30,76.81,79.10,378,0,0
1570762800,78.28,80.29,78.10,80.29,238,0,0
1571022000,79.52,79.66,78.40,79.27,228,0,0
1571108400,78.35,79.95,77.38,78.25,505,0,0
1571194800,79.69,81.46,78.01,78.28,550,0,0
1571281200,80.12,82.41,78.75,81.58,587,0,0
1571367600,81.11,82.58,80.02,81.85,439,0,0
1571626800,81.67,82.87,80.55,82.87,345,0,0
1571713200,82.07,82.56,81.34,81.83,221,0,0
1571799600,81.71,82.56,81.13,82.00,258,0,0
1571886000,82.14,82.56,81.07,81.69,254,0,0
1571972400,81.51,82.41,80.62,81.26,334,0,0
1572228000,82.80,83.10,81.57,82.05,232,0,0
1572314400,81.13,82.53,79.33,81.78,576,0,0
1572400800,81.73,83.86,81.16,82.95,419,0,0
1572487200,83.26,83.56,81.79,82.70,299,0,0
1572573600,83.01,83.45,82.01,82.95,283,0,0
1572832800,82.93,83.26,80.15,81.00,430,0,0
1572919200,81.47,82.12,80.52,80.96,270,0,0
1573005600,81.55,82.32,81.29,81.93,169,0,0
1573092000,82.75,83.03,81.55,81.99,221,0,0
1573178400,81.91,82.50,80.83,81.15,259,0,0
1573264800,81.46,81.46,80.65,80.89,106,0,0
1573437600,80.94,81.68,77.59,79.62,687,0,0
1573524000,79.46,79.96,77.28,77.46,337,0,0
1573610400,77.45,78.26,76.79,77.30,280,0,0
1573696800,77.29,78.06,76.48,77.25,313,0,0
1573783200,76.89,79.39,76.89,77.90,400,0,0
1573869600,77.85,77.85,77.78,77.78,8,0,0
1574042400,77.92,78.46,75.50,77.95,590,0,0
1574128800,77.91,78.70,76.90,76.90,260,0,0
1574215200,76.91,77.79,76.68,77.25,189,0,0
1574301600,77.58,77.96,77.34,77.49,116,0,0
1574388000,77.68,79.05,77.49,79.00,181,0,0
1574647200,78.56,79.12,77.58,78.35,288,0,0
1574733600,78.36,79.04,77.60,78.84,241,0,0
1574820000,78.43,79.31,78.12,78.12,208,0,0
1574992800,78.68,79.26,78.43,78.58,157,0,0
1575252000,78.53,79.28,76.84,77.70,406,0,0
1575338400,77.71,78.34,76.80,78.11,269,0,0
1575424800,77.67,78.72,77.47,77.76,242,0,0
1575511200,77.98,78.83,76.88,77.10,303,0,0
1575597600,77.00,78.56,76.62,78.27,262,0,0
1575856800,77.72,78.29,75.31,75.65,390,0,0
1575943200,75.67,76.65,74.76,75.03,315,0,0
1576029600,75.03,75.43,74.30,74.91,215,0,0
1576116000,74.83,75.55,74.46,75.35,167,0,0
1576202400,75.08,76.01,74.50,75.61,250,0,0
1576461600,75.50,76.45,75.23,75.37,232,0,0
1576548000,75.44,75.96,75.08,75.47,174,0,0
1576634400,75.51,77.15,74.85,77.15,297,0,0
1576720800,76.65,77.55,75.90,77.21,275,0,0
1576807200,77.24,78.33,76.36,77.38,381,0,0
1577066400,77.35,77.86,76.92,77.04,158,0,0
1577152800,76.93,77.42,76.89,77.34,66,0,0
1577325600,77.50,78.01,77.01,77.85,166,0,0
1577412000,77.84,77.89,77.01,77.26,119,0,0
1577498400,77.25,77.25,76.99,77.20,48,0,0
1577671200,76.10,78.11,76.10,78.09,204,0,0
1577930400,78.54,78.86,77.93,78.70,171,0,0
1578016800,78.70,78.76,77.47,78.26,215,0,0
1578103200,78.05,78.25,78.05,78.25,21,0,0
1578276000,77.90,78.85,77.85,78.75,116,0,0
1578362400,78.62,79.52,77.98,78.12,259,0,0
1578448800,78.12,79.79,77.75,79.66,255,0,0
1578535200,79.00,80.33,78.75,80.05,212,0,0
1578621600,80.03,80.24,77.68,78.25,335,0,0
1578708000,78.50,78.98,77.75,78.52,245,0,0
1578880800,79.19,79.81,78.31,79.74,246,0,0
1578967200,79.60,79.95,78.84,79.22,185,0,0
1579053600,79.62,80.49,79.19,79.75,248,0,0
1579140000,79.98,81.66,79.65,81.57,244,0,0
1579226400,81.57,82.24,80.45,81.96,320,0,0
1579312800,81.11,81.98,81.11,81.98,88,0,0
1579572000,81.63,82.96,80.54,82.33,415,0,0
1579658400,81.71,83.27,80.74,83.02,376,0,0
1579744800,83.00,83.24,80.92,81.86,351,0,0
1579831200,82.09,83.12,80.79,81.61,419,0,0
1579917600,81.61,81.62,80.86,81.53,145,0,0
1580090400,81.19,82.11,79.95,81.42,410,0,0
1580176800,81.87,82.30,79.95,81.44,428,0,0
1580263200,81.80,82.27,80.09,80.96,353,0,0
1580349600,80.94,81.76,79.50,80.87,446,0,0
1580436000,80.82,81.28,79.18,79.82,321,0,0
1580695200,79.36,81.16,79.32,79.61,344,0,0
1580781600,80.34,82.49,79.22,82.32,457,0,0
1580868000,81.88,82.96,81.39,82.34,269,0,0
1580954400,81.94,83.56,81.93,83.55,166,0,0
1581040800,83.28,85.79,82.33,85.40,481,0,0
1581300000,86.49,86.49,84.25,84.66,266,0,0
1581386400,91.39,95.21,89.86,94.29,781,0,0
1581472800,94.69,96.88,93.36,95.83,591,0,0
1581559200,95.11,96.15,93.22,95.23,575,0,0
1581645600,95.09,96.60,95.06,96.60,158,0,0
1581991200,95.81,100.00,95.81,99.86,434,0,0
1582077600,100.74,101.35,99.19,100.44,403,0,0
1582164000,100.66,100.68,98.24,98.90,313,0,0
1582250400,99.02,99.48,96.65,98.29,494,0,0
1582509600,96.22,97.87,95.45,96.61,446,0,0
1582596000,96.64,97.62,93.41,95.16,695,0,0
1582682400,95.16,97.11,92.89,94.10,739,0,0
1582768800,94.09,94.57,90.02,90.63,565,0,0
1582855200,90.64,92.37,87.50,92.27,812,0,0
1582941600,92.27,92.27,92.05,92.05,23,0,0
1583114400,92.83,93.38,88.99,92.86,876,0,0
1583200800,92.98,94.32,88.44,89.64,843,0,0
1583287200,89.64,93.95,89.63,91.42,687,0,0
1583373600,91.45,93.46,89.21,91.02,808,0,0
1583460000,91.03,91.03,85.43,86.63,681,0,0
1583546400,86.64,86.93,86.63,86.93,32,0,0
1583719200,84.11,85.26,77.65,79.40,1052,0,0
1583805600,82.59,85.62,80.20,83.60,984,0,0
1583892000,83.04,87.60,82.77,86.50,621,0,0
1583978400,83.12,86.06,75.20,75.45,1406,0,0
1584064800,79.62,87.56,76.49,82.94,1883,0,0
1584324000,81.19,81.19,74.90,79.25,1065,0,0
1584410400,76.76,80.38,75.45,77.48,915,0,0
1584496800,75.15,77.94,63.62,77.82,2598,0,0
1584583200,74.13,81.95,72.02,77.71,1629,0,0
1584669600,81.50,81.94,73.23,74.33,1026,0,0
1584928800,71.61,77.63,70.85,76.28,890,0,0
1585015200,77.90,79.69,75.84,78.14,747,0,0
1585101600,79.21,85.44,76.53,80.72,1632,0,0
1585188000,79.05,85.32,76.71,85.01,1127,0,0
1585274400,82.08,83.82,81.06,81.61,506,0,0
1585537200,80.84,84.43,80.28,82.63,652,0,0
1585623600,83.07,85.91,81.98,83.57,737,0,0
1585710000,82.16,86.71,81.30,85.38,761,0,0
1585796400,87.16,88.53,84.03,85.45,730,0,0
1585882800,83.75,85.26,81.06,81.46,612,0,0
1586142000,80.84,86.46,80.83,86.19,592,0,0
1586228400,81.68,89.15,81.28,86.31,1112,0,0
1586314800,87.50,90.50,85.50,86.75,926,0,0
1586401200,90.50,90.51,83.51,86.05,956,0,0
1586746800,90.50,90.50,83.39,86.59,1032,0,0
1586833200,90.50,90.50,86.42,89.33,700,0,0
1586919600,88.96,89.95,86.51,87.51,544,0,0
1587006000,89.87,92.00,88.07,91.65,609,0,0
1587092400,92.82,93.02,89.87,90.98,447,0,0
1587351600,91.29,91.72,89.23,90.48,418,0,0
1587438000,90.45,90.45,86.09,87.53,581,0,0
1587524400,88.75,90.63,87.77,89.73,475,0,0
1587610800,90.05,91.88,89.17,89.17,455,0,0
1587697200,90.28,91.39,89.01,89.93,442,0,0
1587956400,91.55,91.56,89.02,89.89,343,0,0
1588042800,91.07,91.43,87.47,88.54,540,0,0
1588129200,87.84,90.04,87.84,89.15,310,0,0
1588215600,89.40,89.40,86.51,86.86,325,0,0
1588302000,89.38,89.38,85.82,87.42,517,0,0
1588561200,86.01,88.94,85.59,88.83,389,0,0
1588647600,90.30,90.30,88.22,89.44,331,0,0
1588734000,88.38,89.72,86.15,87.30,607,0,0
1588820400,87.70,96.46,87.02,95.75,1084,0,0
1588906800,97.26,98.76,95.02,98.64,611,0,0
1589166000,98.53,98.54,95.36,96.55,439,0,0
1589252400,96.13,97.38,94.05,94.32,486,0,0
1589338800,96.51,96.87,91.50,92.83,707,0,0
1589425200,92.74,95.08,91.49,94.97,496,0,0
1589511600,94.73,97.62,93.74,97.08,542,0,0
1589770800,96.85,102.74,94.03,99.56,1472,0,0
1589857200,99.71,99.78,96.71,98.98,542,0,0
1589943600,98.80,99.80,97.82,98.39,356,0,0
1590030000,99.39,99.39,94.00,94.77,617,0,0
1590116400,94.56,96.73,93.83,95.87,450,0,0
1590462000,98.04,99.19,95.07,95.67,588,0,0
1590548400,96.83,97.76,95.07,97.75,447,0,0
1590634800,96.13,100.25,96.13,99.86,452,0,0
1590721200,101.92,101.92,97.32,99.72,701,0,0
1590980400,97.50,100.96,97.50,99.59,484,0,0
1591066800,99.82,100.89,98.00,100.87,474,0,0
1591153200,100.62,102.35,99.99,101.17,418,0,0
1591239600,101.87,101.87,99.54,100.37,317,0,0
1591326000,100.74,102.98,99.49,101.22,651,0,0
1591585200,101.90,105.12,100.30,103.08,847,0,0
1591671600,104.17,104.17,101.35,103.31,479,0,0
1591758000,104.04,106.71,101.26,105.30,965,0,0
1591844400,102.86,105.33,100.61,102.07,866,0,0
1591930800,102.40,105.02,100.25,102.70,925,0,0
1592190000,101.50,105.20,100.73,104.26,619,0,0
1592276400,105.48,106.38,100.16,103.28,1025,0,0
1592362800,104.08,105.75,102.17,103.78,687,0,0
1592449200,103.68,107.22,102.46,106.83,638,0,0
1592535600,106.66,109.63,105.87,106.36,723,0,0
1592794800,107.47,108.71,103.75,104.79,725,0,0
1592881200,105.53,110.44,103.50,106.55,1287,0,0
1592967600,105.63,109.31,104.08,108.42,768,0,0
1593054000,108.21,111.58,108.21,109.46,550,0,0
1593140400,109.34,110.00,104.72,105.08,631,0,0
1593399600,106.06,106.67,103.93,106.10,545,0,0
1593486000,106.20,106.60,104.01,105.03,402,0,0
1593572400,105.54,106.63,103.87,106.23,484,0,0
1593658800,106.47,107.35,105.36,106.26,378,0,0
1594004400,105.55,108.00,105.55,106.58,388,0,0
1594090800,106.37,107.59,105.57,106.29,397,0,0
1594177200,107.90,107.90,105.36,106.83,402,0,0
1594263600,107.55,107.55,105.06,106.25,369,0,0
1594350000,107.90,107.90,105.29,106.51,384,0,0
1594609200,108.24,108.45,104.27,105.50,563,0,0
1594695600,104.52,106.54,103.55,105.70,481,0,0
1594782000,105.77,106.89,104.49,104.87,391,0,0
1594868400,103.01,105.37,102.54,104.25,443,0,0
1594954800,104.61,106.21,103.78,105.92,356,0,0
1595214000,106.84,106.84,104.60,106.09,374,0,0
1595300400,107.07,107.07,105.26,106.19,275,0,0
1595386800,106.56,106.56,104.46,105.22,287,0,0
1595473200,106.57,106.57,104.32,105.47,341,0,0
1595559600,104.12,105.52,104.11,104.96,199,0,0
1595818800,105.34,106.47,104.37,106.06,349,0,0
1595905200,106.77,106.77,104.20,104.58,296,0,0
1595991600,101.98,106.39,101.98,105.87,494,0,0
1596078000,105.36,105.96,103.39,105.00,479,0,0
1596164400,105.59,108.26,104.51,107.19,591,0,0
1596423600,106.34,108.74,106.34,106.75,440,0,0
1596510000,106.73,108.74,106.34,108.32,322,0,0
1596596400,108.93,109.57,107.27,108.25,393,0,0
1596682800,107.98,116.84,107.16,114.12,1323,0,0
1596769200,112.81,117.99,112.46,114.63,925,0,0
1597028400,115.22,116.67,113.59,115.90,549,0,0
1597114800,116.35,116.42,113.29,114.40,432,0,0
1597201200,115.21,116.23,113.97,115.23,451,0,0
1597287600,115.23,117.15,114.69,115.58,458,0,0
1597374000,115.21,116.08,114.32,115.56,318,0,0
1597633200,115.56,117.44,115.56,117.04,229,0,0
1597719600,116.82,118.26,115.89,116.15,408,0,0
1597806000,117.39,117.71,114.83,114.83,321,0,0
1597892400,114.81,115.85,114.25,115.45,257,0,0
1597978800,115.43,115.51,113.45,114.85,355,0,0
1598238000,115.34,116.15,114.17,115.51,380,0,0
1598324400,115.57,116.54,114.61,115.63,381,0,0
1598410800,115.42,116.60,114.76,115.80,331,0,0
1598497200,116.11,117.29,115.09,115.62,392,0,0
1598583600,115.24,116.32,114.69,116.14,237,0,0
1598842800,116.46,117.12,115.03,116.21,394,0,0
1598929200,116.93,117.76,115.89,117.28,340,0,0
1599015600,117.56,119.20,117.16,119.00,265,0,0
1599102000,120.12,120.54,113.93,114.77,788,0,0
1599188400,114.66,116.60,112.17,114.78,875,0,0
1599534000,114.57,115.00,109.62,110.65,685,0,0
1599620400,111.62,114.56,110.40,112.74,721,0,0
1599706800,113.60,114.96,111.06,112.11,632,0,0
1599793200,112.67,113.49,110.46,111.48,488,0,0
1600052400,112.85,113.50,111.59,112.00,298,0,0
1600138800,112.44,116.22,111.52,115.24,661,0,0
1600225200,116.07,117.43,113.49,114.16,598,0,0
1600311600,112.64,114.89,110.11,112.49,942,0,0
1600398000,112.95,113.73,107.81,109.89,879,0,0
1600657200,111.32,111.50,108.61,111.49,562,0,0
1600743600,110.97,113.68,110.23,111.57,631,0,0
1600830000,112.51,113.00,108.61,109.05,533,0,0
1600916400,109.00,112.32,107.90,111.53,632,0,0
1601002800,110.56,112.57,109.50,110.91,580,0,0
1601262000,113.51,114.83,112.46,114.79,347,0,0
1601348400,114.13,115.30,112.50,112.99,447,0,0
1601434800,113.04,115.09,112.03,114.21,496,0,0
1601521200,115.36,116.44,113.90,115.54,491,0,0
1601607600,113.94,115.70,112.51,112.86,531,0,0
1601866800,114.98,114.99,113.42,114.12,229,0,0
1601953200,114.70,115.47,111.75,112.01,476,0,0
1602039600,113.81,114.52,112.40,114.35,371,0,0
1602126000,114.67,115.65,113.45,115.30,378,0,0
1602212400,115.24,117.57,115.23,117.33,260,0,0
1602471600,117.47,121.33,117.42,120.67,463,0,0
1602558000,120.32,123.43,119.90,122.18,521,0,0
1602644400,122.74,124.06,116.47,116.94,939,0,0
1602730800,116.88,117.67,114.09,115.55,584,0,0
1602817200,115.02,116.93,114.52,116.52,333,0,0
1603076400,114.69,115.69,112.09,113.41,593,0,0
1603162800,113.37,114.27,112.51,112.70,286,0,0
1603249200,113.96,113.96,112.19,112.21,180,0,0
1603335600,114.17,115.43,110.87,111.57,653,0,0
1603422000,111.72,112.64,110.93,111.96,319,0,0
1603677600,111.86,112.02,110.04,111.50,361,0,0
1603764000,111.89,113.54,111.10,112.36,442,0,0
1603850400,112.13,112.58,109.55,110.19,413,0,0
1603936800,110.21,111.06,107.60,108.65,537,0,0
1604023200,107.55,110.28,107.12,110.09,379,0,0
1604282400,109.92,112.17,108.09,110.71,738,0,0
1604368800,110.74,112.39,109.72,111.58,451,0,0
1604455200,111.58,116.90,110.25,115.95,894,0,0
1604541600,115.99,128.04,115.44,124.88,1632,0,0
1604628000,124.80,127.13,122.50,123.48,795,0,0
1604714400,123.41,123.89,123.41,123.61,77,0,0
1604887200,125.81,127.06,122.00,122.92,724,0,0
1604973600,122.38,124.22,116.31,121.47,1492,0,0
1605060000,121.48,126.03,121.43,125.58,511,0,0
1605146400,125.59,127.81,123.25,126.93,779,0,0
1605232800,126.91,129.08,124.61,128.63,723,0,0
1605319200,128.53,128.53,128.35,128.35,19,0,0
1605492000,129.84,133.89,127.55,132.09,1044,0,0
1605578400,131.96,134.25,128.71,128.97,810,0,0
1605664800,128.94,132.50,127.38,128.05,936,0,0
1605751200,128.11,130.23,127.20,128.87,531,0,0
1605837600,128.85,132.41,128.16,129.44,792,0,0
1605924000,129.43,129.43,129.43,129.43,1,0,0
1606096800,132.45,132.45,126.90,128.05,671,0,0
1606183200,128.06,129.05,125.77,128.47,616,0,0
1606269600,128.47,129.61,125.98,128.53,721,0,0
1606356000,128.53,128.53,128.52,128.52,2,0,0
1606442400,130.71,132.45,126.34,131.80,1114,0,0
1606701600,132.22,134.25,129.81,133.27,784,0,0
1606788000,133.35,135.37,131.58,134.25,669,0,0
1606874400,134.38,134.66,132.39,132.71,288,0,0
1606960800,132.69,133.84,130.77,131.84,530,0,0
1607047200,131.84,134.11,130.70,131.45,644,0,0
1607133600,131.90,131.90,131.88,131.90,5,0,0
1607306400,131.67,133.21,131.67,132.45,231,0,0
1607392800,132.44,134.19,131.82,132.74,445,0,0
1607479200,132.74,133.86,130.25,130.99,548,0,0
1607565600,130.87,131.91,129.59,131.34,418,0,0
1607652000,131.70,132.01,129.71,130.97,388,0,0
1607911200,131.47,132.96,129.24,129.71,569,0,0
1607997600,129.73,130.65,128.49,129.67,427,0,0
1608084000,130.19,132.46,129.12,129.58,608,0,0
1608170400,129.58,131.19,128.94,129.90,419,0,0
1608256800,129.90,132.77,129.51,132.01,442,0,0
1608343200,132.01,132.63,131.48,131.48,178,0,0
1608516000,130.50,133.00,127.69,129.11,924,0,0
1608602400,129.11,132.95,129.11,131.93,487,0,0
1608688800,131.97,132.87,130.21,132.42,488,0,0
1608775200,132.42,133.81,130.85,131.89,540,0,0
1609120800,135.56,136.31,131.42,133.29,752,0,0
1609207200,133.55,134.01,131.64,133.45,465,0,0
1609293600,133.10,134.08,132.53,133.52,269,0,0
1609380000,132.07,135.00,132.07,134.38,356,0,0
1609466400,134.31,134.31,134.30,134.30,2,0,0
1609725600,136.32,137.20,130.49,131.88,899,0,0
1609812000,131.88,133.75,130.13,131.83,720,0,0
1609898400,131.84,135.27,128.91,133.18,1139,0,0
1609984800,133.16,135.45,132.63,133.02,551,0,0
1610071200,133.13,135.34,131.72,134.14,624,0,0
1610157600,135.29,135.29,134.05,135.25,245,0,0
1610330400,134.70,135.51,132.77,133.61,440,0,0
1610416800,133.53,134.40,127.68,129.08,900,0,0
1610503200,129.20,130.91,128.26,128.61,472,0,0
1610589600,128.62,130.44,123.91,125.23,968,0,0
1610676000,125.19,127.86,124.22,127.40,508,0,0
1610762400,127.31,127.78,127.31,127.43,83,0,0
1611021600,129.59,130.73,127.16,130.60,614,0,0
1611108000,130.47,132.70,128.64,131.70,690,0,0
1611194400,131.75,132.83,129.87,130.30,448,0,0
1611280800,130.33,131.24,128.87,130.16,458,0,0
1611367200,130.18,130.18,130.18,130.18,1,0,0
1611540000,130.88,132.41,129.68,130.70,529,0,0
1611626400,130.95,132.70,129.71,131.11,583,0,0
1611712800,131.08,131.55,122.40,124.02,1125,0,0
1611799200,124.08,129.59,122.56,127.32,1083,0,0
1611885600,127.75,129.19,124.80,125.53,657,0,0
1611972000,125.54,126.03,125.54,126.03,50,0,0
1612144800,126.57,129.35,125.29,128.79,591,0,0
1612231200,128.79,132.42,128.12,131.82,558,0,0
1612317600,131.84,132.57,128.73,129.71,556,0,0
1612404000,129.71,132.56,126.22,127.32,1030,0,0
1612490400,127.35,129.48,124.66,125.76,806,0,0
1612576800,125.78,125.90,125.76,125.90,17,0,0
1612749600,125.95,126.75,122.58,126.03,827,0,0
1612836000,126.05,126.70,124.05,124.64,390,0,0
1612922400,124.68,125.67,124.27,124.54,267,0,0
1613008800,124.44,125.42,123.46,124.54,383,0,0
1613095200,124.51,124.54,122.67,123.82,306,0,0
1613181600,123.63,123.63,123.63,123.63,1,0,0
1613440800,123.38,124.23,121.40,123.50,555,0,0
1613527200,123.38,124.11,120.85,121.45,460,0,0
1613613600,121.40,123.24,119.67,122.63,592,0,0
1613700000,122.77,123.73,119.42,120.17,603,0,0
1613786400,120.13,120.25,120.06,120.06,32,0,0
1613959200,119.76,119.86,117.41,118.16,331,0,0
1614045600,118.16,119.64,115.88,119.00,669,0,0
1614132000,118.92,125.72,116.88,125.18,1143,0,0
1614218400,125.18,125.75,119.74,121.52,837,0,0
1614304800,121.53,121.69,119.00,119.85,371,0,0
1614391200,119.86,119.95,119.85,119.85,20,0,0
1614564000,120.06,123.98,119.34,123.85,550,0,0
1614650400,123.88,124.55,121.05,123.22,635,0,0
1614736800,122.87,123.51,118.69,119.24,602,0,0
1614823200,119.39,121.53,117.43,117.82,664,0,0
1614909600,117.82,125.16,117.51,123.96,917,0,0
1614996000,124.92,124.92,124.02,124.03,92,0,0
1615168800,124.32,128.47,120.52,127.72,1251,0,0
1615255200,127.55,129.75,125.47,126.92,794,0,0
1615341600,126.85,129.16,123.97,127.59,965,0,0
1615428000,127.70,130.17,124.00,127.36,1201,0,0
1615514400,127.01,130.50,124.72,127.66,1092,0,0
1615600800,127.49,128.50,127.43,127.66,198,0,0
1615773600,128.52,130.70,124.08,125.69,1042,0,0
1615860000,126.77,129.47,124.94,127.82,802,0,0
1615946400,127.62,130.65,125.61,127.08,955,0,0
1616032800,127.12,127.51,124.90,125.34,345,0,0
1616119200,125.10,126.85,122.96,124.31,700,0,0
1616378400,125.15,127.09,123.50,126.79,555,0,0
1616464800,126.15,127.35,124.24,124.82,490,0,0
1616551200,124.50,125.61,122.32,122.44,453,0,0
1616637600,123.14,124.66,121.16,123.74,641,0,0
1616724000,123.72,124.73,121.03,122.96,665,0,0
1616986800,125.54,125.57,121.90,123.75,556,0,0
1617073200,123.46,125.39,122.15,124.62,533,0,0
1617159600,127.10,127.10,124.19,125.39,412,0,0
1617246000,127.60,128.02,124.85,127.00,575,0,0
1617591600,130.43,131.70,126.95,131.23,871,0,0
1617678000,130.06,131.99,128.77,131.11,540,0,0
1617764400,132.71,133.41,129.11,129.88,578,0,0
1617850800,131.60,131.80,129.63,130.12,287,0,0
1617937200,131.60,131.60,128.18,128.89,414,0,0
1618196400,129.95,130.85,127.46,130.80,594,0,0
1618282800,130.30,132.13,128.58,131.12,629,0,0
1618369200,130.30,131.24,128.61,130.13,510,0,0
1618455600,130.30,132.06,130.02,131.21,318,0,0
1618542000,130.30,133.55,128.84,132.85,688,0,0
1618801200,130.30,133.80,130.30,132.25,506,0,0
1618887600,130.30,132.04,128.50,130.75,664,0,0
1618974000,130.30,132.49,129.80,131.68,401,0,0
1619060400,130.30,132.88,130.27,132.25,328,0,0
1619146800,132.48,133.92,132.47,133.27,212,0,0
1619406000,132.93,133.48,129.67,133.05,751,0,0
1619492400,131.16,133.49,129.90,133.24,511,0,0
1619578800,131.10,133.14,130.46,132.00,447,0,0
1619665200,131.59,134.07,130.86,133.49,453,0,0
1619751600,131.10,133.50,131.10,132.17,374,0,0
1620010800,133.15,133.36,130.91,131.36,312,0,0
1620097200,130.80,132.57,127.11,131.26,1047,0,0
1620183600,130.66,135.34,130.05,133.85,740,0,0
1620270000,134.20,138.98,132.21,138.89,886,0,0
1620356400,138.10,140.67,136.25,139.25,770,0,0
1620615600,139.98,139.98,135.28,135.47,490,0,0
1620702000,138.10,138.25,133.95,137.50,801,0,0
1620788400,138.30,138.31,135.44,136.49,394,0,0
1620874800,138.30,139.11,135.00,138.20,813,0,0
1620961200,138.30,143.11,138.14,141.91,634,0,0
1621220400,142.37,142.84,139.17,141.71,669,0,0
1621306800,142.37,142.37,134.63,134.63,775,0,0
1621393200,134.60,135.37,132.49,134.13,530,0,0
1621479600,134.60,136.68,133.32,136.13,520,0,0
1621566000,137.05,138.19,134.94,136.25,571,0,0
1621825200,135.15,138.23,135.15,137.75,357,0,0
1621911600,138.51,138.87,136.47,137.36,366,0,0
1621998000,137.49,140.87,136.00,139.77,747,0,0
1622084400,139.25,142.14,138.14,141.76,550,0,0
1622170800,142.54,144.17,140.98,141.00,485,0,0
1622516400,138.42,144.21,138.42,141.78,823,0,0
1622602800,144.05,144.18,139.95,140.57,499,0,0
1622689200,142.15,142.86,139.72,141.80,594,0,0
1622775600,141.39,144.77,141.08,143.97,481,0,0
1623034800,142.31,144.84,142.31,143.54,384,0,0
1623121200,143.73,145.80,142.34,145.58,508,0,0
1623207600,145.62,147.95,145.50,147.51,302,0,0
1623294000,147.50,148.70,145.69,146.50,503,0,0
1623380400,147.64,147.80,144.37,145.20,443,0,0
1623639600,147.28,147.75,144.58,145.13,420,0,0
1623726000,147.28,147.28,144.98,145.54,287,0,0
1623812400,147.14,147.64,143.26,144.01,564,0,0
1623898800,146.58,147.88,143.89,146.20,761,0,0
1623985200,144.60,147.20,143.17,144.81,786,0,0
1624244400,145.56,147.70,143.48,146.38,763,0,0
1624330800,145.56,147.51,145.01,146.16,441,0,0
1624417200,144.24,146.30,144.24,145.19,318,0,0
1624503600,145.25,146.05,144.86,145.95,169,0,0
1624590000,148.08,148.08,144.80,145.41,390,0,0
1624849200,143.30,145.56,143.30,144.89,294,0,0
1624935600,145.01,146.65,142.92,145.29,719,0,0
1625022000,145.05,146.08,143.49,144.90,504,0,0
1625108400,143.15,146.52,142.75,144.96,574,0,0
1625194800,146.60,147.75,145.32,146.31,458,0,0
1625540400,147.16,147.20,145.13,145.93,292,0,0
1625626800,146.03,148.29,145.08,148.18,428,0,0
1625713200,147.60,148.00,142.85,146.87,958,0,0
1625799600,147.40,147.65,144.54,146.24,507,0,0
1626058800,147.08,147.90,145.36,147.00,501,0,0
1626145200,146.08,149.51,145.69,147.87,586,0,0
1626231600,147.63,149.81,146.95,149.12,424,0,0
1626318000,149.02,150.15,147.13,147.13,416,0,0
1626404400,148.00,150.20,147.44,149.23,430,0,0
1626663600,148.50,150.82,143.29,144.99,1156,0,0
1626750000,149.00,149.00,144.11,144.60,539,0,0
1626836400,145.05,146.23,142.88,145.01,667,0,0
1626922800,144.62,146.44,142.48,144.32,763,0,0
1627009200,145.05,147.37,143.37,143.75,671,0,0
1627268400,142.92,146.10,142.51,146.02,409,0,0
1627354800,144.62,148.25,143.50,143.97,886,0,0
1627441200,144.79,146.44,144.00,145.56,412,0,0
1627527600,144.29,146.87,139.58,141.38,1168,0,0
1627614000,141.17,145.17,139.65,144.24,798,0,0
1627873200,146.45,146.45,142.73,143.78,478,0,0
1627959600,145.75,146.05,143.00,143.45,381,0,0
1628046000,143.48,145.57,142.11,142.17,562,0,0
1628132400,142.76,143.53,141.68,141.76,271,0,0
1628218800,141.91,142.91,140.71,141.97,435,0,0
1628478000,142.44,144.00,141.38,142.56,513,0,0
1628564400,143.85,144.98,142.31,143.15,465,0,0
1628650800,142.58,144.80,141.19,143.46,635,0,0
1628737200,145.17,146.57,143.21,144.65,621,0,0
1628823600,144.95,145.34,143.01,144.72,444,0,0
1629082800,142.69,144.03,139.28,140.49,731,0,0
1629169200,140.50,142.82,139.67,140.52,629,0,0
1629255600,141.36,142.37,139.34,140.11,482,0,0
1629342000,138.46,142.06,137.82,139.94,701,0,0
1629428400,139.72,143.26,138.37,142.61,690,0,0
1629687600,141.90,143.28,140.72,142.85,418,0,0
1629774000,142.56,143.44,141.43,141.74,321,0,0
1629860400,142.52,143.26,139.76,139.95,444,0,0
1629946800,140.67,141.70,137.40,138.50,644,0,0
1630033200,138.25,139.64,137.08,138.36,502,0,0
1630292400,137.15,139.10,135.61,137.86,628,0,0
1630378800,138.27,139.10,136.58,137.36,414,0,0
1630465200,136.73,138.79,136.56,137.92,328,0,0
1630551600,137.85,138.21,135.06,136.28,474,0,0
1630638000,135.95,137.97,135.43,135.84,498,0,0
1630983600,136.26,138.45,134.18,134.71,700,0,0
1631070000,134.28,135.42,128.95,130.13,880,0,0
1631156400,128.49,133.74,127.14,131.62,1008,0,0
1631242800,132.49,132.50,129.09,130.49,483,0,0
1631502000,130.97,133.32,129.56,130.39,695,0,0
1631588400,129.92,131.43,128.00,129.12,607,0,0
1631674800,128.95,129.40,125.40,127.33,639,0,0
1631761200,127.23,129.62,125.97,129.18,536,0,0
1631847600,128.74,129.83,127.03,127.51,438,0,0
1632106800,126.25,128.12,124.70,125.96,656,0,0
1632193200,127.38,127.71,124.70,124.74,339,0,0
1632279600,125.62,128.24,124.88,127.91,444,0,0
1632366000,128.45,131.88,127.50,131.37,585,0,0
1632452400,130.48,131.37,129.04,129.77,396,0,0
1632711600,129.89,130.36,127.01,127.37,419,0,0
1632798000,126.98,127.71,125.86,126.66,339,0,0
1632884400,126.96,128.94,125.99,128.32,455,0,0
1632970800,128.87,129.58,127.10,128.27,437,0,0
1633057200,126.93,128.98,125.95,126.85,599,0,0
1633316400,125.24,127.78,124.73,125.64,571,0,0
1633402800,126.03,128.68,123.84,124.19,785,0,0
1633489200,123.73,125.99,123.30,125.06,406,0,0
1633575600,125.79,126.13,122.82,123.46,430,0,0
1633662000,123.26,123.70,120.68,121.21,400,0,0
1633921200,120.03,121.62,116.85,116.98,650,0,0
1634007600,116.53,118.58,116.13,116.16,454,0,0
1634094000,116.50,118.01,116.03,116.75,372,0,0
1634180400,117.71,119.70,117.05,119.35,367,0,0
1634266800,119.53,120.25,117.29,117.60,400,0,0
1634526000,117.58,118.62,116.17,117.25,458,0,0
1634612400,117.68,119.27,116.84,118.51,404,0,0
1634698800,118.83,122.66,117.96,121.73,651,0,0
1634785200,121.70,122.58,116.45,117.35,792,0,0
1634871600,117.92,118.10,116.18,116.68,261,0,0
1635130800,116.41,117.29,115.60,116.00,298,0,0
1635217200,115.94,118.51,115.94,116.38,471,0,0
1635303600,116.94,117.59,115.67,117.23,356,0,0
1635390000,117.69,118.39,115.40,116.04,434,0,0
1635476400,115.48,116.51,114.69,115.06,323,0,0
1635732000,114.81,117.80,114.81,115.75,505,0,0
1635818400,117.50,119.25,113.08,117.68,1217,0,0
1635904800,120.63,124.65,118.68,122.15,1043,0,0
1635991200,122.99,124.07,121.24,122.63,531,0,0
1636077600,126.35,126.35,121.78,122.63,543,0,0
1636336800,123.77,124.53,119.85,120.68,628,0,0
1636423200,120.43,122.79,118.85,119.36,682,0,0
1636509600,119.85,122.27,118.44,119.29,711,0,0
1636596000,119.92,122.28,118.13,118.62,701,0,0
1636682400,121.65,121.92,118.01,118.24,442,0,0
1636941600,119.07,120.25,115.76,117.76,768,0,0
1637028000,117.85,119.60,117.50,118.43,363,0,0
1637114400,118.11,118.51,116.30,116.99,331,0,0
1637200800,117.17,119.07,115.29,116.90,730,0,0
1637287200,117.16,117.93,114.38,115.48,543,0,0
1637546400,115.56,116.76,113.63,113.99,470,0,0
1637632800,114.00,116.04,112.70,115.28,541,0,0
1637719200,115.53,116.37,113.59,114.48,452,0,0
1637805600,114.49,114.75,114.49,114.74,28,0,0
1637892000,114.33,115.77,111.63,113.58,754,0,0
1638151200,113.72,115.03,110.34,113.58,925,0,0
1638237600,113.56,115.42,108.10,109.53,1062,0,0
1638324000,109.55,111.69,105.91,107.25,927,0,0
1638410400,107.27,111.56,106.19,109.71,831,0,0
1638496800,108.95,113.24,108.27,113.00,590,0,0
1638583200,113.02,113.13,113.02,113.13,12,0,0
1638756000,112.52,116.43,112.52,115.82,453,0,0
1638842400,115.88,117.71,114.38,117.48,507,0,0
1638928800,115.85,119.00,113.48,114.54,974,0,0
1639015200,114.55,115.85,112.77,113.87,549,0,0
1639101600,113.88,115.90,112.58,114.39,614,0,0
1639188000,114.37,114.87,114.37,114.53,85,0,0
1639360800,114.94,115.84,112.55,114.20,585,0,0
1639447200,114.81,118.29,113.46,117.66,682,0,0
1639533600,117.66,118.81,115.95,118.54,485,0,0
1639620000,118.48,121.42,116.10,120.66,847,0,0
1639706400,120.25,121.99,118.63,119.75,623,0,0
1639792800,120.01,120.15,120.01,120.01,29,0,0
1639965600,118.05,120.18,117.09,119.47,477,0,0
1640052000,119.05,121.62,116.78,120.67,807,0,0
1640138400,119.24,121.62,119.22,120.76,329,0,0
1640224800,119.55,121.83,119.29,120.02,462,0,0
1640311200,120.07,120.07,120.07,120.07,1,0,0
1640397600,120.07,120.07,120.07,120.07,1,0,0
1640570400,121.61,121.78,118.32,118.66,398,0,0
1640656800,118.56,120.31,117.81,118.61,496,0,0
1640743200,118.59,119.10,116.90,117.76,358,0,0
1640829600,117.75,118.81,116.30,116.55,383,0,0
1640916000,116.43,118.13,115.36,116.10,522,0,0
1641002400,116.41,116.41,116.41,116.41,1,0,0
1641175200,115.51,116.49,114.15,114.64,382,0,0
1641261600,114.34,116.65,111.97,113.98,901,0,0
1641348000,113.96,118.22,113.01,116.29,810,0,0
1641434400,116.29,117.75,112.50,113.77,799,0,0
1641520800,113.80,115.20,108.55,109.87,938,0,0
1641607200,109.90,110.37,109.90,110.37,48,0,0
1641780000,109.51,110.97,104.11,105.91,1013,0,0
1641866400,105.92,111.36,104.60,111.04,841,0,0
1641952800,111.05,112.63,109.99,110.90,514,0,0
1642039200,110.90,112.38,109.57,110.26,499,0,0
1642125600,110.25,110.55,107.05,108.68,544,0,0
1642212000,108.64,108.64,108.64,108.64,1,0,0
1642471200,107.90,109.03,106.30,107.51,508,0,0
1642557600,107.37,108.46,105.18,105.43,463,0,0
1642644000,105.55,107.87,103.75,105.31,801,0,0
1642730400,105.33,107.19,101.52,101.61,763,0,0
1642816800,101.65,101.65,101.65,101.65,1,0,0
1642989600,104.21,106.99,101.06,106.38,970,0,0
1643076000,106.51,106.62,104.17,105.34,374,0,0
1643162400,105.75,108.03,103.56,105.37,857,0,0
1643248800,104.37,107.77,103.60,105.82,690,0,0
1643335200,106.69,109.03,104.05,108.80,786,0,0
1643421600,108.55,108.55,108.54,108.54,2,0,0
1643594400,109.07,109.11,105.88,107.56,496,0,0
1643680800,107.58,109.75,105.44,109.32,689,0,0
1643767200,109.33,119.96,107.82,117.76,1586,0,0
1643853600,117.85,122.36,116.87,120.17,867,0,0
1643940000,120.15,122.50,117.86,120.88,856,0,0
1644199200,121.10,123.07,120.18,122.22,467,0,0
1644285600,122.35,126.23,121.04,125.72,702,0,0
1644372000,125.90,128.55,125.83,128.26,309,0,0
1644458400,127.93,127.93,123.94,124.89,495,0,0
1644544800,124.89,126.94,123.24,124.02,654,0,0
1644631200,124.02,124.11,124.02,124.11,10,0,0
1644804000,121.55,126.24,121.55,124.27,667,0,0
1644890400,123.88,128.04,123.88,125.27,694,0,0
1644976800,125.25,128.35,124.70,127.33,523,0,0
1645063200,127.33,127.63,124.25,125.94,538,0,0
1645149600,126.56,126.65,122.80,123.58,473,0,0
1645495200,122.06,125.86,121.55,124.14,655,0,0
1645581600,124.15,126.05,119.71,121.66,1020,0,0
1645668000,121.72,124.12,116.25,123.26,1421,0,0
1645754400,123.22,125.99,121.20,123.98,883,0,0
1645840800,123.97,125.22,122.80,124.76,406,0,0
1646013600,122.92,125.09,120.38,123.96,839,0,0
1646100000,121.96,124.01,119.94,123.69,642,0,0
1646186400,123.70,126.25,122.20,124.80,701,0,0
1646272800,124.77,127.60,122.48,125.20,982,0,0
1646359200,125.22,125.22,121.42,122.79,518,0,0
1646618400,124.70,124.70,121.63,122.06,351,0,0
1646704800,122.26,125.48,116.92,119.01,1388,0,0
1646791200,119.64,122.85,117.34,120.66,1001,0,0
1646877600,121.63,123.88,117.65,121.40,1224,0,0
1646964000,123.55,126.38,121.02,125.03,925,0,0
1647050400,125.01,125.01,124.85,125.01,33,0,0
1647223200,124.70,126.43,123.99,124.44,463,0,0
1647309600,124.70,127.59,123.20,125.63,786,0,0
1647396000,126.75,128.35,124.05,127.90,746,0,0
1647482400,128.01,129.57,124.93,128.80,850,0,0
1647568800,128.30,129.82,125.94,128.32,775,0,0
1647828000,128.30,128.59,124.25,125.58,597,0,0
1647914400,126.15,127.14,125.24,126.38,358,0,0
1648000800,126.15,127.53,124.73,124.87,433,0,0
1648087200,126.15,126.40,123.84,125.45,443,0,0
1648173600,123.45,126.91,123.13,124.31,671,0,0
1648436400,124.70,127.25,124.29,126.54,409,0,0
1648522800,124.55,128.73,124.54,128.29,465,0,0
1648609200,128.30,128.90,126.85,128.52,389,0,0
1648695600,126.79,129.40,126.79,128.99,303,0,0
1648782000,128.30,130.92,127.92,129.63,468,0,0
1649041200,130.43,133.01,129.89,132.33,435,0,0
1649127600,131.50,133.22,129.88,130.98,617,0,0
1649214000,131.15,134.84,129.72,133.11,829,0,0
1649300400,131.95,134.83,131.15,133.60,572,0,0
1649386800,134.32,134.47,132.42,133.60,339,0,0
1649646000,131.67,134.10,129.36,129.46,728,0,0
1649732400,129.61,133.33,129.15,131.71,627,0,0
1649818800,132.20,135.04,129.82,134.51,814,0,0
1649905200,131.95,135.19,131.44,132.59,687,0,0
1650250800,131.95,133.03,129.89,131.14,548,0,0
1650337200,130.30,133.21,129.44,132.66,519,0,0
1650423600,131.94,134.31,131.16,133.00,525,0,0
1650510000,131.65,134.62,130.99,131.16,678,0,0
1650596400,131.80,132.21,127.43,128.09,586,0,0
1650855600,127.75,129.26,126.23,128.03,579,0,0
1650942000,127.84,129.50,124.71,125.13,688,0,0
1651028400,123.05,132.42,123.05,129.50,1230,0,0
1651114800,131.26,132.93,128.46,131.78,843,0,0
1651201200,135.22,135.42,122.84,123.62,1357,0,0
1651460400,125.44,126.80,122.06,125.59,934,0,0
1651546800,124.70,127.55,123.75,126.13,618,0,0
1651633200,124.70,132.43,123.67,132.25,998,0,0
1651719600,131.66,131.66,127.59,129.14,563,0,0
1651806000,127.61,130.13,125.07,127.02,954,0,0
1652065200,125.65,128.31,120.26,122.15,1261,0,0
1652151600,123.10,126.35,121.50,122.79,940,0,0
1652238000,125.59,126.51,120.69,123.70,976,0,0
1652324400,122.28,124.42,121.10,122.14,651,0,0
1652410800,126.32,127.46,121.82,124.55,952,0,0
1652670000,123.55,129.17,122.93,126.29,975,0,0
1652756400,128.22,129.59,126.67,127.35,498,0,0
1652842800,126.85,128.25,124.32,125.65,667,0,0
1652929200,123.71,127.36,123.71,125.48,554,0,0
1653015600,123.45,127.70,123.45,125.83,613,0,0
1653274800,124.93,130.10,124.93,129.49,579,0,0
1653361200,128.30,129.94,126.92,129.73,462,0,0
1653447600,128.30,131.89,126.93,131.57,666,0,0
1653534000,128.30,134.35,128.30,133.00,741,0,0
1653620400,131.65,134.52,131.65,134.48,292,0,0
1653966000,131.65,134.35,131.65,133.79,327,0,0
1654052400,133.41,135.32,131.52,134.06,696,0,0
1654138800,132.15,136.99,132.15,136.16,568,0,0
1654225200,136.42,137.17,135.18,136.41,398,0,0
1654311600,136.41,136.41,136.41,136.41,1,0,0
1654484400,137.94,139.34,136.09,137.34,591,0,0
1654570800,134.84,138.83,134.84,138.08,475,0,0
1654657200,136.49,138.26,132.78,135.53,1001,0,0
1654743600,135.03,136.51,132.46,133.19,627,0,0
1654830000,133.99,134.85,129.42,129.99,687,0,0
1655089200,128.23,130.09,124.30,125.32,868,0,0
1655175600,125.83,127.61,123.11,125.76,894,0,0
1655262000,123.76,128.46,123.76,126.78,639,0,0
1655348400,123.57,125.70,121.75,125.44,604,0,0
1655434800,125.00,129.62,122.92,127.43,1098,0,0
1655780400,129.01,133.01,128.93,131.38,580,0,0
1655866800,129.83,135.11,129.57,132.61,831,0,0
1655953200,131.17,136.89,131.10,134.88,788,0,0
1656039600,136.75,137.78,134.13,136.85,721,0,0
1656298800,137.52,137.82,134.81,137.04,555,0,0
1656385200,134.27,138.43,130.63,135.51,1437,0,0
1656471600,133.06,134.99,131.99,134.01,506,0,0
1656558000,131.76,135.78,131.10,134.67,646,0,0
1656644400,132.90,137.78,132.45,136.64,693,0,0
1656730800,136.95,136.95,136.64,136.64,32,0,0
1656990000,139.12,139.12,132.74,137.68,1133,0,0
1657076400,137.75,140.17,135.69,137.08,830,0,0
1657162800,137.34,138.39,135.26,136.13,506,0,0
1657249200,137.52,139.53,133.49,135.73,1030,0,0
1657508400,135.12,137.25,132.66,134.90,897,0,0
1657594800,134.12,136.61,132.58,136.42,577,0,0
1657681200,133.55,137.17,131.22,134.75,1071,0,0
1657767600,135.84,137.13,131.24,136.18,1145,0,0
1657854000,134.51,139.56,132.98,137.17,1051,0,0
1658113200,138.31,140.31,134.10,134.65,877,0,0
1658199600,134.13,138.77,133.46,137.74,702,0,0
1658286000,138.46,141.03,133.59,137.06,1349,0,0
1658372400,137.03,138.61,130.54,133.53,1265,0,0
1658458800,131.68,134.99,130.28,132.08,903,0,0
1658718000,128.84,135.51,128.84,134.68,751,0,0
1658804400,133.53,135.71,131.79,132.96,728,0,0
1658890800,134.11,142.37,128.50,140.75,2111,0,0
1658977200,139.83,145.14,137.01,142.08,1402,0,0
1659063600,142.84,144.00,139.48,143.20,869,0,0
1659322800,143.08,144.51,140.82,143.63,684,0,0
1659409200,141.69,146.05,141.45,142.85,805,0,0
1659495600,145.80,146.48,141.10,142.67,764,0,0
1659582000,143.75,146.40,141.49,144.11,947,0,0
1659668400,143.98,146.03,141.41,144.37,886,0,0
1659927600,144.87,146.32,141.80,145.30,862,0,0
1660014000,145.65,147.29,143.69,145.79,707,0,0
1660100400,145.77,147.61,142.26,144.88,982,0,0
1660186800,144.59,147.51,142.01,143.64,1006,0,0
1660273200,144.04,146.72,142.64,146.56,565,0,0
1660532400,144.42,147.84,142.23,146.39,926,0,0
1660618800,146.16,147.25,144.83,146.21,480,0,0
1660705200,146.41,147.31,144.87,145.20,368,0,0
1660791600,146.19,147.41,144.30,146.83,559,0,0
1660878000,146.12,147.36,142.22,145.89,1006,0,0
1661137200,143.94,146.82,141.31,144.80,1017,0,0
1661223600,143.97,146.22,142.97,144.28,620,0,0
1661310000,141.83,146.23,140.93,145.84,660,0,0
1661396400,146.02,147.67,143.75,147.53,634,0,0
1661482800,148.20,149.53,142.49,142.91,880,0,0
1661770800,140.90,144.67,140.90,144.63,9219,0,0
1661774400,141.24,143.64,140.44,141.82,1844,0,0
1661778000,141.79,142.00,140.54,141.43,778,0,0
1661781600,142.42,142.78,142.00,142.25,19,0,0
1661785200,142.13,142.46,142.13,142.46,37,0,0
1661788800,142.45,144.54,142.44,143.88,1519,0,0
1661792400,143.86,145.11,143.70,144.35,1153,0,0
1661796000,144.34,145.36,144.15,145.36,873,0,0
1661799600,145.36,146.38,145.28,146.33,874,0,0
1661803200,146.34,146.55,145.66,146.04,802,0,0
1661806800,146.02,146.08,145.42,145.83,683,0,0
1661810400,145.83,146.19,144.78,144.89,892,0,0
1661814000,144.93,145.23,144.80,145.09,86,0,0
1661817600,145.10,145.15,144.42,144.97,156,0,0
1661821200,144.98,144.98,144.97,144.98,7,0,0
1661824800,144.97,145.56,144.60,144.94,243,0,0
1661857200,147.52,147.66,144.97,145.50,5152,0,0
1661860800,145.22,147.56,144.24,146.58,8627,0,0
1661864400,146.55,147.59,144.93,147.26,8302,0,0
1661868000,147.50,147.50,145.12,145.40,1289,0,0
1661871600,145.43,145.88,145.11,145.50,242,0,0
1661875200,145.36,145.59,144.17,144.58,1332,0,0
1661878800,144.60,144.71,143.29,144.08,1329,0,0
1661882400,144.10,144.81,143.67,144.33,1272,0,0
1661886000,144.35,144.72,144.07,144.24,863,0,0
1661889600,144.25,144.42,143.73,143.97,772,0,0
1661893200,143.98,144.41,143.92,144.23,897,0,0
1661896800,144.22,145.75,144.17,145.55,1049,0,0
1661900400,145.53,145.71,145.29,145.71,78,0,0
1661904000,145.64,145.64,145.64,145.64,1,0,0
1661907600,145.69,145.69,145.64,145.64,2,0,0
1661911200,145.63,145.63,144.26,144.30,23,0,0
1661943600,144.66,146.41,144.55,145.71,2745,0,0
1661947200,146.12,146.37,144.12,144.89,1171,0,0
1661950800,144.86,147.09,144.82,147.09,2117,0,0
1661954400,145.69,145.98,145.24,145.78,54,0,0
1661958000,146.00,146.69,146.00,146.49,156,0,0
1661961600,146.52,148.56,145.66,145.73,1845,0,0
1661965200,145.72,145.72,143.75,144.35,1511,0,0
1661968800,144.35,145.03,143.78,144.94,991,0,0
1661972400,144.95,145.04,144.45,144.62,733,0,0
1661976000,144.61,144.79,144.24,144.48,641,0,0
1661979600,144.49,144.72,143.97,144.36,654,0,0
1661983200,144.37,145.26,143.86,143.92,1079,0,0
1661986800,143.94,144.74,143.57,144.03,312,0,0
1661990400,144.12,144.43,143.63,144.34,722,0,0
1661994000,144.38,144.66,144.03,144.17,43,0,0
1661997600,143.72,144.17,142.81,143.28,361,0,0
1662030000,141.52,143.67,139.92,143.49,2757,0,0
1662033600,143.53,144.48,143.18,144.48,1295,0,0
1662037200,144.26,144.26,143.36,143.66,258,0,0
1662040800,143.73,144.58,143.50,144.48,394,0,0
1662044400,144.20,144.20,143.44,143.45,19,0,0
1662048000,143.38,145.15,142.75,144.70,1468,0,0
1662051600,144.61,144.67,143.02,143.32,1268,0,0
1662055200,143.32,144.14,143.22,143.28,1041,0,0
1662058800,143.22,143.91,142.86,142.98,874,0,0
1662062400,142.96,143.53,142.47,142.59,870,0,0
1662066000,142.58,143.67,142.32,143.57,1030,0,0
1662069600,143.55,144.03,143.08,143.90,1140,0,0
1662073200,143.92,144.56,143.49,143.57,203,0,0
1662076800,143.75,144.32,143.75,144.01,38,0,0
1662080400,144.32,144.32,143.53,143.64,24,0,0
1662084000,144.08,144.26,143.53,143.81,64,0,0
1662116400,144.41,145.74,143.64,144.41,2277,0,0
1662120000,145.70,147.00,145.70,147.00,94,0,0
1662123600,146.38,147.01,144.25,144.50,837,0,0
1662127200,144.49,144.53,144.28,144.53,36,0,0
1662130800,144.26,144.56,144.25,144.50,30,0,0
1662134400,144.25,144.96,143.95,144.46,1088,0,0
1662138000,144.47,145.57,144.26,144.77,1281,0,0
1662141600,144.79,145.65,144.43,145.60,984,0,0
1662145200,145.60,145.78,143.24,143.57,1226,0,0
1662148800,143.53,143.73,141.52,141.59,1505,0,0
1662152400,141.54,142.29,141.53,141.81,1331,0,0
1662156000,141.79,142.36,141.25,141.94,1248,0,0
1662159600,141.94,142.74,141.53,142.14,221,0,0
1662166800,142.12,142.12,142.12,142.12,1,0,0
1662170400,142.10,142.10,141.98,142.10,5,0,0
1662462000,144.55,145.99,140.03,142.87,16262,0,0
1662465600,145.71,145.86,140.03,145.71,15361,0,0
1662469200,145.68,146.04,139.99,142.56,14849,0,0
1662472800,142.45,142.73,142.13,142.73,102,0,0
1662476400,142.71,142.71,142.47,142.47,25,0,0
1662480000,142.45,143.37,142.43,142.79,982,0,0
1662483600,142.80,142.94,141.34,142.65,1747,0,0
1662487200,142.61,143.20,142.05,142.10,1257,0,0
1662490800,142.10,142.31,141.04,141.67,941,0,0
1662494400,141.66,142.01,140.94,141.93,1033,0,0
1662498000,141.85,142.55,141.83,142.13,985,0,0
1662501600,142.15,142.85,141.72,141.91,1089,0,0
1662505200,141.91,142.36,141.00,141.98,162,0,0
1662512400,141.90,142.02,141.90,141.93,9,0,0
1662516000,141.92,142.02,141.83,141.90,31,0,0
1662548400,141.66,143.28,139.43,141.82,3558,0,0
1662552000,141.86,143.29,139.75,142.42,9877,0,0
1662555600,142.56,144.17,139.75,142.87,8542,0,0
1662559200,142.34,143.01,141.75,141.75,192,0,0
1662562800,141.79,142.25,141.47,141.47,200,0,0
1662566400,142.27,144.18,142.26,144.13,1047,0,0
1662570000,144.03,144.72,143.30,143.66,1374,0,0
1662573600,143.67,144.27,143.34,144.10,971,0,0
1662577200,144.09,144.19,143.32,143.93,834,0,0
1662580800,143.92,144.84,143.82,144.48,851,0,0
1662584400,144.48,145.06,144.35,145.01,871,0,0
1662588000,144.98,145.80,144.88,145.51,960,0,0
1662591600,145.50,147.68,145.16,146.63,916,0,0
1662595200,146.65,146.95,146.52,146.52,64,0,0
1662598800,146.73,146.73,146.38,146.51,17,0,0
1662602400,146.38,146.54,146.26,146.26,21,0,0
1662634800,146.12,147.61,145.80,147.61,1366,0,0
1662638400,147.57,147.76,147.32,147.75,1040,0,0
1662642000,147.58,147.76,147.13,147.23,564,0,0
1662645600,147.18,147.24,146.20,146.63,648,0,0
1662649200,146.59,147.24,145.71,146.02,500,0,0
1662652800,146.00,146.05,144.46,145.77,1173,0,0
1662656400,145.72,146.62,145.31,146.39,1381,0,0
1662660000,146.40,147.54,146.29,146.73,1051,0,0
1662663600,146.75,146.79,144.82,145.68,1298,0,0
1662667200,145.68,146.22,145.27,145.72,1126,0,0
1662670800,145.71,146.18,145.36,145.42,927,0,0
1662674400,145.43,145.46,144.43,145.37,984,0,0
1662678000,145.35,149.25,145.14,145.78,1196,0,0
1662681600,145.80,145.81,144.29,145.02,539,0,0
1662685200,144.88,145.05,144.80,145.05,15,0,0
1662688800,145.29,145.71,145.29,145.47,66,0,0
1662721200,144.15,148.04,143.76,147.27,4354,0,0
1662724800,147.31,147.57,146.78,146.78,436,0,0
1662728400,147.00,148.25,147.00,148.12,21,0,0
1662732000,148.01,148.13,147.25,147.73,222,0,0
1662735600,147.73,147.73,147.20,147.37,93,0,0
1662739200,147.60,147.72,142.43,143.34,1943,0,0
1662742800,143.34,145.68,142.91,145.48,1760,0,0
1662746400,145.48,145.86,144.83,145.46,1159,0,0
1662750000,145.39,146.03,144.75,145.79,1000,0,0
1662753600,145.80,146.35,145.47,145.95,802,0,0
1662757200,145.92,146.24,145.32,145.94,873,0,0
1662760800,145.94,146.18,145.46,145.70,967,0,0
1662764400,145.71,146.86,144.32,145.51,542,0,0
1662768000,145.49,145.65,145.49,145.57,26,0,0
1662771600,145.62,145.68,145.62,145.68,8,0,0
1662775200,145.69,145.72,145.69,145.71,7,0,0
1662980400,146.51,147.70,145.84,147.14,5548,0,0
1662984000,147.42,148.39,145.58,146.14,1937,0,0
1662987600,145.82,146.37,145.47,146.18,529,0,0
1662991200,146.23,146.60,146.23,146.41,97,0,0
1662994800,146.28,146.45,146.28,146.45,23,0,0
1662998400,146.48,146.76,145.56,145.69,910,0,0
1663002000,145.69,145.80,144.64,145.36,1193,0,0
1663005600,145.35,145.44,143.74,143.86,958,0,0
1663009200,143.85,144.33,143.43,144.09,1060,0,0
1663012800,144.06,144.86,143.82,144.72,825,0,0
1663016400,144.72,145.15,144.63,144.84,756,0,0
1663020000,144.85,145.16,144.36,145.15,852,0,0
1663023600,145.19,146.81,145.07,145.26,356,0,0
1663027200,145.28,145.36,144.98,145.20,94,0,0
1663034400,145.20,145.20,144.91,145.12,32,0,0
1663066800,145.79,147.42,143.44,146.30,15264,0,0
1663070400,145.95,147.35,145.16,147.04,10181,0,0
1663074000,146.86,147.74,146.13,146.83,8520,0,0
1663077600,146.56,146.56,145.50,146.26,311,0,0
1663081200,146.22,146.26,142.61,142.61,479,0,0
1663084800,142.73,143.49,141.56,141.78,1415,0,0
1663088400,141.77,142.51,140.87,141.07,1512,0,0
1663092000,141.04,141.31,140.55,140.73,985,0,0
1663095600,140.71,141.22,140.49,140.85,859,0,0
1663099200,140.83,141.35,140.52,140.52,877,0,0
1663102800,140.52,140.65,139.80,139.96,837,0,0
1663106400,139.93,140.07,137.49,137.76,1226,0,0
1663110000,137.76,140.97,137.74,138.26,600,0,0
1663113600,138.25,138.25,138.20,138.25,7,0,0
1663117200,138.20,138.22,138.20,138.22,2,0,0
1663120800,137.89,138.09,137.71,138.09,3,0,0
1663153200,138.27,139.30,136.90,138.22,8381,0,0
1663156800,138.29,138.74,137.01,138.39,4129,0,0
1663160400,138.42,138.67,138.35,138.42,247,0,0
1663164000,138.35,140.41,137.80,138.03,734,0,0
1663167600,138.07,138.33,137.77,138.23,121,0,0
1663171200,140.54,141.50,138.68,141.28,2711,0,0
1663174800,141.28,141.92,140.33,141.89,1612,0,0
1663178400,141.90,142.03,140.94,141.39,1063,0,0
1663182000,141.41,141.99,140.92,141.94,990,0,0
1663185600,141.96,142.17,141.46,141.59,872,0,0
1663189200,141.60,141.93,141.36,141.49,887,0,0
1663192800,141.47,142.10,141.16,141.95,981,0,0
1663196400,141.93,142.46,141.92,142.13,59,0,0
1663203600,142.18,142.18,142.13,142.13,2,0,0
1663239600,142.16,143.37,140.21,141.50,6905,0,0
1663243200,141.53,141.68,140.21,141.46,2769,0,0
1663246800,141.36,141.68,140.16,141.05,495,0,0
1663250400,141.13,141.74,141.13,141.55,76,0,0
1663254000,141.52,141.67,141.20,141.29,273,0,0
1663257600,141.61,143.05,141.16,142.36,1191,0,0
1663261200,142.36,142.70,141.16,141.28,1232,0,0
1663264800,141.27,141.34,140.80,141.03,992,0,0
1663268400,141.04,141.34,140.92,141.24,750,0,0
1663272000,141.24,141.95,141.22,141.56,857,0,0
1663275600,141.53,141.53,140.93,141.33,892,0,0
1663279200,141.34,141.58,140.96,140.98,998,0,0
1663282800,140.92,141.56,139.64,139.64,114,0,0
1663286400,140.87,141.01,139.64,140.50,206,0,0
1663290000,139.63,140.58,139.62,139.62,5,0,0
1663293600,139.62,140.66,139.62,139.63,424,0,0
1663326000,140.08,141.40,137.89,138.88,8370,0,0
1663329600,138.99,140.11,138.69,138.87,4116,0,0
1663333200,139.15,140.00,138.76,139.26,3375,0,0
1663336800,140.60,141.05,139.66,139.79,1240,0,0
1663340400,139.80,140.21,139.58,140.15,205,0,0
1663344000,140.63,140.63,137.63,139.16,1903,0,0
1663347600,139.18,139.37,138.39,138.60,1643,0,0
1663351200,138.61,139.61,138.46,139.59,1259,0,0
1663354800,139.58,139.99,138.95,139.46,905,0,0
1663358400,139.45,139.49,139.02,139.02,794,0,0
1663362000,139.02,140.60,138.96,140.30,973,0,0
1663365600,140.29,140.59,139.41,139.87,1329,0,0
1663369200,139.87,140.48,139.75,140.45,92,0,0
1663372800,140.47,140.54,139.97,140.46,16,0,0
1663376400,140.46,140.46,140.42,140.43,9,0,0
1663380000,140.45,140.72,140.02,140.47,146,0,0
1663585200,138.03,139.42,137.46,139.06,4429,0,0
1663588800,139.09,139.70,137.50,138.88,2368,0,0
1663592400,138.85,139.23,137.29,138.59,717,0,0
1663596000,138.66,139.03,138.23,138.50,516,0,0
1663599600,138.46,139.59,138.35,139.56,606,0,0
1663603200,139.44,139.89,138.98,139.64,1243,0,0
1663606800,139.63,139.76,138.90,139.65,1130,0,0
1663610400,139.66,139.98,139.11,139.25,829,0,0
1663614000,139.26,139.78,139.08,139.78,726,0,0
1663617600,139.77,139.80,139.41,139.60,664,0,0
1663621200,139.60,139.97,139.44,139.95,710,0,0
1663624800,139.95,140.84,139.93,140.66,869,0,0
1663628400,140.66,140.94,140.41,140.61,111,0,0
1663632000,140.62,140.62,140.61,140.61,2,0,0
1663635600,140.50,140.72,140.44,140.72,35,0,0
1663671600,140.00,140.52,139.77,140.00,762,0,0
1663675200,139.98,140.16,139.80,139.94,326,0,0
1663678800,140.00,140.02,139.91,140.00,25,0,0
1663682400,139.55,140.43,139.55,140.21,400,0,0
1663686000,140.18,140.62,139.24,139.89,1069,0,0
1663689600,139.92,140.85,139.59,140.02,1220,0,0
1663693200,140.03,140.46,139.62,140.41,1136,0,0
1663696800,140.41,140.77,140.08,140.58,857,0,0
1663700400,140.59,140.83,140.13,140.32,850,0,0
1663704000,140.31,140.42,139.82,140.04,769,0,0
1663707600,140.06,140.14,139.30,139.82,858,0,0
1663711200,139.82,140.16,139.36,139.57,863,0,0
1663714800,139.59,139.85,138.69,139.77,361,0,0
1663718400,139.78,139.78,139.72,139.72,7,0,0
1663722000,139.53,139.72,139.53,139.53,5,0,0
1663725600,139.44,139.44,139.44,139.44,1,0,0
1663758000,140.00,140.01,139.91,140.00,333,0,0
1663761600,139.98,140.01,139.80,140.01,275,0,0
1663765200,139.98,140.01,139.00,139.00,372,0,0
1663768800,139.02,140.02,139.00,139.62,1700,0,0
1663772400,140.10,141.14,140.06,141.14,335,0,0
1663776000,141.07,141.07,139.35,139.80,1174,0,0
1663779600,139.84,140.02,138.64,139.34,957,0,0
1663783200,139.36,139.58,139.07,139.40,728,0,0
1663786800,139.40,139.60,139.17,139.35,664,0,0
1663790400,139.33,139.74,139.22,139.72,580,0,0
1663794000,139.49,140.85,137.53,140.11,2779,0,0
1663797600,140.12,140.31,136.72,136.72,1909,0,0
1663801200,136.74,137.61,135.92,136.85,752,0,0
1663804800,136.47,136.47,136.47,136.47,1,0,0
1663808400,136.53,136.53,136.01,136.01,34,0,0
1663812000,135.91,136.37,135.79,135.87,68,0,0
1663844400,138.07,138.98,136.43,138.50,9021,0,0
1663848000,138.59,138.98,136.57,138.70,13980,0,0
1663851600,137.76,138.69,136.96,138.24,7806,0,0
1663855200,136.93,137.06,136.08,136.40,1178,0,0
1663858800,136.43,137.11,136.33,136.79,329,0,0
1663862400,137.12,137.60,135.40,135.83,2060,0,0
1663866000,135.80,136.13,135.41,135.46,1455,0,0
1663869600,135.47,135.57,134.09,134.42,1272,0,0
1663873200,134.41,135.20,134.28,134.90,975,0,0
1663876800,134.89,135.05,134.29,134.86,871,0,0
1663880400,134.84,135.14,134.49,134.97,841,0,0
1663884000,135.01,135.93,134.86,135.07,1133,0,0
1663887600,135.06,135.06,134.67,134.95,87,0,0
1663891200,135.07,135.32,133.85,135.03,177,0,0
1663894800,135.01,135.01,133.83,134.96,7,0,0
1663898400,134.97,135.15,134.96,135.15,5,0,0
1663930800,133.42,134.44,133.35,133.56,4035,0,0
1663934400,133.70,134.22,133.21,133.59,5897,0,0
1663938000,133.49,134.19,132.76,132.87,3464,0,0
1663941600,133.04,134.49,132.94,134.20,1250,0,0
1663945200,134.16,134.54,134.04,134.50,685,0,0
1663948800,134.47,134.71,131.52,132.33,1853,0,0
1663952400,132.37,133.48,131.96,132.07,1603,0,0
1663956000,132.08,132.20,130.85,131.11,1145,0,0
1663959600,131.06,132.26,130.91,132.24,960,0,0
1663963200,132.25,132.70,131.96,132.58,974,0,0
1663966800,132.58,132.58,130.44,130.53,1137,0,0
1663970400,130.54,132.42,130.52,132.39,1340,0,0
1663974000,132.37,133.94,131.30,132.51,487,0,0
1663977600,132.51,133.94,132.19,132.53,151,0,0
1663981200,132.53,133.46,132.44,132.44,9,0,0
1663984800,132.46,132.46,131.23,131.23,93,0,0
1664190000,133.67,134.13,131.10,133.14,6915,0,0
1664193600,133.70,133.88,131.50,131.68,5027,0,0
1664197200,131.71,131.99,129.85,131.19,817,0,0
1664200800,131.50,131.92,131.17,131.92,58,0,0
1664204400,131.85,131.93,131.85,131.93,16,0,0
1664208000,131.92,132.74,131.11,132.26,1343,0,0
1664211600,132.24,133.04,131.64,132.31,1425,0,0
1664215200,132.30,132.54,131.03,131.62,1474,0,0
1664218800,131.62,132.22,131.36,132.09,1029,0,0
1664222400,132.08,132.22,131.51,131.77,994,0,0
1664226000,131.76,132.70,131.73,132.45,986,0,0
1664229600,132.47,133.13,132.20,132.34,1229,0,0
1664233200,132.34,135.31,131.29,131.42,1628,0,0
1664236800,132.12,132.42,132.12,132.35,104,0,0
1664240400,132.12,135.31,131.40,132.42,1314,0,0
1664244000,133.99,135.31,132.55,132.63,417,0,0
1664276400,132.88,133.29,132.47,132.83,1646,0,0
1664280000,132.97,132.97,131.92,132.86,490,0,0
1664283600,132.82,133.46,132.29,132.95,1083,0,0
1664287200,134.25,134.25,132.15,132.83,1744,0,0
1664290800,132.76,133.71,132.15,133.70,516,0,0
1664294400,133.75,134.03,131.67,133.02,1391,0,0
1664298000,133.04,133.84,132.09,133.61,1562,0,0
1664301600,133.58,133.64,132.44,132.60,1154,0,0
1664305200,132.59,132.68,132.03,132.25,1127,0,0
1664308800,132.22,132.51,131.75,132.04,1087,0,0
1664312400,132.03,132.83,131.75,132.41,948,0,0
1664316000,132.43,132.83,132.03,132.71,1258,0,0
1664319600,132.70,134.27,131.39,133.00,1481,0,0
1664323200,133.00,133.05,132.99,133.05,5,0,0
1664326800,133.07,133.13,132.94,132.94,10,0,0
1664330400,132.95,132.95,131.77,132.80,326,0,0
1664362800,131.48,132.59,129.85,131.68,5866,0,0
1664366400,131.53,132.27,129.01,132.27,293,0,0
1664370000,129.61,132.88,129.04,132.88,8070,0,0
1664373600,132.68,133.74,131.49,133.56,2844,0,0
1664377200,133.52,134.35,133.21,133.99,1674,0,0
1664380800,134.29,134.89,133.27,133.79,1661,0,0
1664384400,133.82,135.45,133.57,134.99,1521,0,0
1664388000,135.00,135.51,134.93,135.41,1051,0,0
1664391600,135.44,136.02,135.35,135.93,887,0,0
1664395200,135.95,136.72,135.76,136.18,878,0,0
1664398800,136.19,136.36,135.62,135.95,762,0,0
1664402400,135.96,136.19,135.48,135.54,960,0,0
1664406000,135.52,136.53,135.04,135.49,400,0,0
1664409600,135.51,135.51,135.51,135.51,1,0,0
1664413200,135.52,136.53,135.39,135.39,102,0,0
1664416800,135.52,136.52,135.40,136.52,6,0,0
1664467200,135.23,135.23,133.32,133.96,768,12,0
1664470800,133.96,134.17,132.86,134.00,1523,12,0
1664474400,134.01,134.21,133.25,133.78,1192,12,0
1664478000,133.78,133.85,133.32,133.57,1256,12,0
1664481600,133.57,134.14,133.40,133.43,1133,12,0
1664485200,133.43,134.15,133.39,133.52,1302,12,0
1664488800,133.52,134.69,133.46,134.55,2118,12,0
1664553600,134.84,135.61,133.98,135.54,823,12,0
1664557200,135.54,135.56,134.30,135.17,1789,12,0
1664560800,135.17,136.10,134.68,134.89,1447,12,0
1664564400,134.89,135.13,134.54,134.85,1293,12,0
1664568000,134.85,135.08,134.56,134.95,1146,12,0
1664571600,134.95,135.16,134.55,134.66,1330,12,0
1664575200,134.66,135.13,133.94,134.13,2014,12,0
1664812800,136.10,137.99,136.10,136.92,609,12,0
1664816400,136.90,137.94,136.90,137.36,1691,12,0
1664820000,137.38,137.90,137.32,137.62,1143,12,0
1664823600,137.62,138.18,137.41,138.11,1110,12,0
1664827200,138.11,139.80,137.96,139.20,1160,12,0
1664830800,139.20,139.78,139.13,139.29,1165,12,0
1664834400,139.29,139.54,138.69,138.81,1509,12,0
1664899200,139.64,141.28,139.50,141.28,640,13,0
1664902800,141.29,142.10,141.12,141.87,1167,12,0
1664906400,141.92,142.61,141.66,142.04,1075,12,0
1664910000,142.04,142.47,141.66,142.17,893,12,0
1664913600,142.17,142.27,141.64,142.04,955,12,0
1664917200,142.04,142.09,141.32,141.78,1094,12,0
1664920800,141.76,142.54,141.51,142.43,1660,12,0
1664985600,140.24,140.85,139.54,139.73,813,12,0
1664989200,139.60,139.67,137.94,138.97,1290,12,0
1664992800,138.99,139.87,138.99,139.76,922,12,0
1664996400,139.76,140.57,139.54,140.34,922,12,0
1665000000,140.34,141.24,140.26,140.79,905,12,0
1665003600,140.79,141.32,140.70,141.29,994,12,0
1665007200,141.29,141.81,140.94,141.12,1319,12,0
1665072000,139.72,141.76,139.72,140.58,822,12,0
1665075600,140.58,140.91,139.90,140.45,1563,12,0
1665079200,140.46,140.54,139.66,139.97,1319,12,0
1665082800,139.97,140.55,139.77,140.40,953,12,0
1665086400,140.40,140.40,139.60,140.09,801,12,0
1665090000,140.11,140.11,138.89,139.03,888,12,0
1665093600,139.03,139.68,138.77,139.33,1394,12,0
1665158400,138.66,139.15,137.60,138.06,894,12,0
1665162000,138.06,138.47,137.67,137.96,1503,12,0
1665165600,137.96,138.15,137.46,137.95,1021,12,0
1665169200,137.95,138.24,137.54,137.81,1047,12,0
1665172800,137.81,138.05,137.46,137.60,825,12,0
1665176400,137.60,137.83,137.24,137.49,944,12,0
1665180000,137.49,137.66,136.96,137.50,1620,12,0
1665417600,137.35,138.19,137.10,137.87,803,12,0
1665421200,137.87,138.77,137.76,138.22,1331,12,0
1665424800,138.22,138.44,137.67,137.89,1460,12,0
1665428400,137.89,138.09,137.22,137.37,1181,12,0
1665432000,137.37,138.42,137.06,138.19,1350,12,0
1665435600,138.16,138.20,137.35,137.89,1593,12,0
1665439200,137.89,138.24,137.52,137.71,2180,12,0
1665504000,137.66,138.45,137.40,137.65,779,12,0
1665507600,137.67,137.84,137.11,137.19,1683,12,0
1665511200,137.19,137.62,136.77,137.42,1557,12,0
1665514800,137.43,137.72,137.20,137.39,1401,12,0
1665518400,137.39,137.87,137.27,137.82,1204,12,0
1665522000,137.83,138.25,136.99,137.04,1223,12,0
1665525600,137.04,137.42,136.78,137.06,1917,12,0
1665590400,136.52,136.59,135.43,135.62,873,12,0
1665594000,135.62,135.69,134.83,135.50,1678,12,0
1665597600,135.50,135.62,134.64,135.19,1229,12,0
1665601200,135.19,135.34,134.40,134.48,1153,12,0
1665604800,134.48,134.57,133.44,133.50,1003,12,0
1665608400,133.50,134.73,133.34,133.78,1846,12,0
1665612000,133.78,133.92,132.72,132.86,1847,12,0
1665676800,130.51,131.83,129.44,131.17,1010,12,0
1665680400,131.20,131.53,130.63,130.99,2451,12,0
1665684000,130.99,133.66,130.86,132.92,2851,12,0
1665687600,132.92,133.23,132.33,132.99,2155,12,0
1665691200,132.99,133.83,132.91,133.48,1729,12,0
1665694800,133.48,133.80,133.06,133.73,1802,12,0
1665698400,133.73,134.03,132.87,132.94,1743,12,0
1665763200,135.09,135.20,133.82,134.32,1141,12,0
1665766800,134.32,134.32,131.77,132.55,2264,12,0
1665770400,132.56,133.21,131.65,131.93,1603,12,0
1665774000,131.92,132.65,131.62,132.29,1386,12,0
1665777600,132.29,132.54,132.16,132.52,966,12,0
1665781200,132.52,132.54,131.56,131.72,1238,12,0
1665784800,131.72,131.96,131.38,131.49,1783,12,0
1666022400,133.09,135.14,133.09,134.53,919,12,0
1666026000,134.53,135.59,134.29,134.36,1508,12,0
1666029600,134.38,134.81,134.19,134.70,825,12,0
1666033200,134.70,134.93,134.34,134.47,943,12,0
1666036800,134.47,134.51,134.17,134.43,782,12,0
1666040400,134.43,134.61,134.03,134.18,879,12,0
1666044000,134.18,134.26,133.46,133.82,1259,12,0
1666108800,135.82,136.61,135.52,135.84,793,12,0
1666112400,135.84,136.60,135.32,135.79,1263,12,0
1666116000,135.79,135.81,134.42,134.77,988,12,0
1666119600,134.77,136.15,134.52,135.77,1012,12,0
1666123200,135.77,136.08,135.38,136.02,1423,12,0
1666126800,136.02,136.11,135.08,135.56,1526,12,0
1666130400,135.56,136.18,135.26,136.15,1832,12,0
1666195200,136.02,136.14,135.27,135.40,609,12,0
1666198800,135.40,136.73,135.40,136.04,1118,12,0
1666202400,136.04,136.68,135.87,136.05,1189,12,0
1666206000,136.05,136.41,135.90,135.98,1171,12,0
1666209600,135.98,136.06,135.32,135.81,1037,12,0
1666213200,135.81,136.09,135.65,135.76,946,12,0
1666216800,135.76,135.97,135.56,135.68,1266,12,0
1666281600,135.75,137.03,135.22,136.45,1023,12,0
1666285200,136.45,137.20,136.23,136.68,1560,12,0
1666288800,136.72,136.86,136.04,136.15,1198,12,0
1666292400,136.15,136.19,135.15,135.59,992,12,0
1666296000,135.59,135.69,134.96,135.54,1108,12,0
1666299600,135.54,135.79,134.89,135.66,951,12,0
1666303200,135.66,136.35,135.54,135.96,1385,12,0
1666368000,134.85,136.14,134.85,135.69,1139,12,0
1666371600,135.69,136.02,134.86,134.97,2013,12,0
1666375200,134.98,135.48,134.79,135.48,1846,12,0
1666378800,135.48,135.76,135.08,135.53,1424,12,0
1666382400,135.53,135.74,135.01,135.64,1059,12,0
1666386000,135.64,135.85,135.44,135.84,1104,12,0
1666389600,135.84,136.59,135.82,136.37,1297,12,0
1666627200,137.77,138.91,137.23,138.20,831,12,0
1666630800,138.20,138.43,137.46,138.20,1943,12,0
1666634400,138.18,139.07,138.08,138.97,1295,12,0
1666638000,138.97,139.76,138.87,139.21,1154,12,0
1666641600,139.21,139.34,138.94,138.98,858,12,0
1666645200,138.98,139.52,138.96,139.33,835,12,0
1666648800,139.33,139.72,139.09,139.27,1233,12,0
1666713600,140.07,141.81,139.71,141.61,839,12,0
1666717200,141.61,141.66,140.44,141.00,1524,12,0
1666720800,141.00,141.11,140.70,140.96,846,12,0
1666724400,140.96,141.18,140.75,140.94,1041,12,0
1666728000,140.94,141.07,140.49,140.62,966,12,0
1666731600,140.62,140.86,140.49,140.52,587,12,0
1666735200,140.52,140.81,140.27,140.52,1049,12,0
1666800000,141.72,142.29,141.01,141.71,860,12,0
1666803600,141.71,142.64,141.71,142.04,1611,12,0
1666807200,142.04,142.24,141.57,141.68,1213,12,0
1666810800,141.68,141.93,141.20,141.36,889,12,0
1666814400,141.36,141.54,140.85,141.07,954,12,0
1666818000,141.06,141.07,140.47,140.74,1074,12,0
1666821600,140.74,141.28,140.45,140.75,1341,12,0
1666886400,140.48,142.20,140.11,140.89,821,12,0
1666890000,140.89,142.74,140.57,140.58,1391,12,0
1666893600,140.58,141.32,140.43,141.16,1049,12,0
1666897200,141.16,141.80,140.82,140.98,908,12,0
1666900800,140.99,141.34,140.77,140.85,710,12,0
1666904400,140.85,141.59,140.77,141.13,715,12,0
1666908000,141.13,141.41,140.16,140.60,1189,12,0
1666972800,147.72,151.71,147.51,149.24,1149,12,0
1666976400,149.24,150.62,148.85,149.32,1341,12,0
1666980000,149.32,150.09,148.94,149.83,972,12,0
1666983600,149.82,150.46,149.48,150.26,960,12,0
1666987200,150.26,151.39,150.01,150.89,833,12,0
1666990800,150.90,151.05,150.26,150.94,1105,12,0
1666994400,150.95,151.30,150.06,150.94,1510,12,0
1667228400,149.94,149.94,147.17,147.85,900,12,0
1667232000,147.82,150.51,147.65,150.31,1336,12,0
1667235600,150.31,150.89,149.91,150.04,1400,12,0
1667239200,150.06,150.83,149.64,150.66,1248,12,0
1667242800,150.66,151.16,150.19,150.64,1336,12,0
1667246400,150.66,151.25,150.29,151.06,1494,12,0
1667250000,151.06,151.98,150.59,151.51,1986,12,0
1667314800,152.67,154.00,152.67,153.95,557,12,0
1667318400,153.98,154.06,151.89,152.00,1607,12,0
1667322000,152.02,152.63,151.94,152.41,1740,12,0
1667325600,152.41,153.15,152.28,152.50,1390,12,0
1667329200,152.50,152.63,151.43,151.52,1126,12,0
1667332800,151.52,152.41,151.52,152.22,1077,12,0
1667336400,152.22,152.38,151.83,152.19,1297,12,0
1667401200,152.42,152.42,150.52,150.70,537,12,0
1667404800,150.70,151.24,150.51,150.97,1719,12,0
1667408400,150.97,152.76,150.88,152.74,1218,12,0
1667412000,152.76,152.78,151.62,152.45,931,12,0
1667415600,152.45,153.02,152.06,152.23,1078,12,0
1667419200,152.23,154.24,151.29,151.77,2978,12,0
1667422800,151.77,152.68,149.91,149.91,2885,12,0
1667487600,149.19,150.08,148.29,148.71,989,12,0
1667491200,148.82,149.80,147.97,149.30,2087,12,0
1667494800,149.30,149.30,148.49,148.73,1416,12,0
1667498400,148.73,149.77,148.44,149.66,1610,12,0
1667502000,149.66,149.74,148.98,149.01,1280,12,0
1667505600,149.01,149.13,148.80,149.01,942,12,0
1667509200,149.01,149.23,147.98,148.09,1251,12,0
1667574000,148.09,149.52,146.09,147.42,993,12,0
1667577600,147.42,148.79,146.86,147.52,1638,12,0
1667581200,147.52,147.92,146.35,146.38,1302,12,0
1667584800,146.38,147.42,146.09,146.95,1680,12,0
1667588400,146.95,147.45,146.72,146.80,1477,12,0
1667592000,146.80,147.90,146.74,147.76,1384,12,0
1667595600,147.76,148.88,147.50,148.75,1739,12,0
1667836800,149.64,149.84,148.90,149.27,789,12,0
1667840400,149.31,150.18,148.75,149.12,1930,12,0
1667844000,149.13,149.51,148.83,149.32,1650,12,0
1667847600,149.32,149.91,149.25,149.80,1436,12,0
1667851200,149.80,150.31,148.90,148.90,1411,12,0
1667854800,148.90,149.75,148.86,149.30,1078,12,0
1667858400,149.30,150.11,149.26,149.69,1026,12,0
1667923200,150.06,150.06,148.97,149.75,516,12,0
1667926800,149.75,150.24,149.56,150.04,1211,12,0
1667930400,150.04,150.85,149.85,150.35,1319,12,0
1667934000,150.35,150.39,149.68,149.81,1224,12,0
1667937600,149.81,149.98,148.70,149.04,1367,12,0
1667941200,149.04,149.52,148.34,149.36,1841,12,0
1667944800,149.36,150.51,149.34,149.87,2409,12,0
1668009600,149.24,149.94,148.37,148.93,589,12,0
1668013200,148.94,150.04,148.90,149.84,1385,12,0
1668016800,149.84,149.99,149.02,149.51,1172,12,0
1668020400,149.51,150.37,149.51,149.85,1154,12,0
1668024000,149.84,150.24,149.43,150.07,1328,12,0
1668027600,150.07,150.22,149.38,149.84,1109,12,0
1668031200,149.84,150.04,148.44,148.52,1405,12,0
1668096000,151.10,151.65,149.34,151.00,1394,12,0
1668099600,151.01,151.27,150.05,150.05,2862,12,0
1668103200,150.07,150.08,148.85,148.85,2040,12,0
1668106800,148.76,148.94,148.07,148.47,1966,12,0
1668110400,148.46,149.93,148.44,149.85,1979,12,0
1668114000,149.84,149.89,149.29,149.42,1466,12,0
1668117600,149.42,150.70,149.35,150.30,2308,12,0
1668182400,149.63,149.95,147.46,147.61,1241,12,0
1668186000,147.24,148.25,144.99,145.94,2954,12,0
1668189600,145.97,146.63,145.37,145.99,2311,12,0
1668193200,145.99,146.62,145.52,145.66,2388,12,0
1668196800,145.66,146.51,145.37,145.60,2167,12,0
1668200400,145.61,146.31,145.34,145.99,1898,12,0
1668204000,145.99,146.44,145.02,146.10,2617,12,0
1668441600,145.71,146.02,145.33,145.90,384,12,0
1668445200,145.90,146.19,144.59,144.99,1467,12,0
1668448800,144.99,146.32,144.94,145.94,1052,12,0
1668452400,145.94,146.24,145.72,146.11,788,12,0
1668456000,146.11,147.23,145.97,147.13,575,12,0
1668459600,147.13,147.24,146.43,146.43,748,12,0
1668463200,146.43,146.66,145.19,145.40,1129,12,0
1668528000,147.37,148.89,147.17,148.72,593,12,0
1668531600,148.72,148.72,146.67,146.70,1042,12,0
1668535200,146.70,147.46,146.42,146.73,972,12,0
1668538800,146.73,146.76,144.19,144.20,991,12,0
1668542400,144.20,144.38,142.97,143.76,1628,12,0
1668546000,143.78,144.82,143.34,144.68,1575,12,0
1668549600,144.68,145.51,144.44,144.93,1607,12,0
1668614400,145.51,147.20,145.51,146.28,504,12,0
1668618000,146.28,146.46,145.15,145.69,1049,12,0
1668621600,145.69,146.27,145.50,146.06,755,12,0
1668625200,146.07,146.08,145.50,145.64,894,12,0
1668628800,145.64,145.77,145.02,145.02,689,12,0
1668632400,145.02,145.17,144.54,145.17,715,12,0
1668636000,145.17,145.31,144.75,144.79,922,12,0
1668700800,143.27,145.42,143.12,145.11,448,12,0
1668704400,145.08,146.30,144.89,146.19,790,12,0
1668708000,146.19,147.63,146.06,147.63,690,12,0
1668711600,147.65,148.15,147.57,147.70,738,12,0
1668715200,147.70,148.44,147.68,148.25,621,12,0
1668718800,148.25,148.32,147.18,147.65,824,12,0
1668722400,147.65,147.94,147.08,147.50,803,12,0
1668787200,148.66,150.13,148.65,149.31,501,12,0
1668790800,149.31,149.40,148.57,148.93,1152,12,0
1668794400,148.93,149.35,148.61,149.29,605,12,0
1668798000,149.31,149.83,148.87,149.35,536,12,0
1668801600,149.35,149.77,148.80,148.87,591,12,0
1668805200,148.87,149.06,148.45,148.65,672,12,0
1668808800,148.65,149.09,148.36,148.77,777,12,0
1669046400,149.41,150.09,148.81,149.78,575,13,0
1669050000,149.82,150.48,149.71,150.35,984,12,0
1669053600,150.32,150.71,149.44,149.62,917,12,0
1669057200,149.62,150.05,149.60,149.96,715,12,0
1669060800,149.96,150.98,149.93,150.40,839,12,0
1669064400,150.41,150.76,150.18,150.22,822,12,0
1669068000,150.22,150.53,149.69,149.77,976,12,0
1669132800,150.05,150.29,149.44,149.83,443,12,0
1669136400,149.83,150.44,149.59,150.43,888,12,0
1669140000,150.43,150.76,150.25,150.59,758,12,0
1669143600,150.59,150.96,150.29,150.71,566,12,0
1669147200,150.71,151.18,150.61,150.88,466,12,0
1669150800,150.88,151.01,150.54,150.97,522,12,0
1669154400,150.97,151.63,150.95,151.50,720,12,0
1669219200,150.90,152.02,150.90,151.44,358,13,0
1669222800,151.38,151.55,150.58,150.66,663,13,0
1669226400,150.66,151.15,150.06,150.26,551,12,0
1669230000,150.24,150.26,149.75,150.01,657,12,0
1669233600,150.02,150.33,149.88,150.06,512,12,0
1669237200,150.06,150.72,149.90,150.55,996,12,0
1669240800,150.55,150.86,149.70,150.08,817,12,0
1669392000,150.60,150.86,150.13,150.85,213,12,0
1669395600,150.85,151.52,150.74,151.44,559,12,0
1669399200,151.44,151.60,151.12,151.53,551,13,0
1669402800,151.53,151.68,151.26,151.26,298,12,0
1669651200,150.66,151.84,150.53,151.27,497,11,0
1669654800,151.27,152.08,150.86,150.99,666,10,0
1669658400,150.99,151.13,150.26,150.44,546,10,0
1669662000,150.44,150.52,149.52,149.59,580,10,0
1669665600,149.59,150.02,149.59,149.79,230,10,0
1669669200,149.79,149.90,149.65,149.74,395,10,0
1669672800,149.72,150.06,149.38,149.97,750,10,0
1669737600,149.89,149.89,148.67,148.69,364,11,0
1669741200,148.69,149.37,148.51,149.30,743,10,0
1669744800,149.30,149.32,147.77,148.57,629,10,0
1669748400,148.57,149.05,148.18,148.78,483,10,0
1669752000,148.78,149.02,148.07,148.48,499,10,0
1669755600,148.48,148.83,147.92,148.18,702,10,0
1669759200,148.18,148.78,147.97,148.53,911,10,0
1669824000,148.47,149.76,147.48,149.76,461,10,0
1669827600,149.69,149.69,148.97,149.09,935,11,0
1669831200,149.10,149.31,148.80,149.01,852,10,0
1669834800,149.01,149.17,148.46,148.53,652,10,0
1669838400,148.53,150.22,148.16,150.04,1295,10,0
1669842000,150.04,151.24,150.04,151.16,1439,10,0
1669845600,151.16,151.83,150.85,151.27,1318,10,0
1669996800,149.66,150.77,149.56,150.71,588,10,0
1670000400,150.69,151.96,150.67,151.43,812,10,0
1670004000,151.43,151.79,150.88,151.58,839,10,0
1670007600,151.58,152.04,151.34,151.41,628,10,0
1670011200,151.41,151.89,151.33,151.60,682,10,0
1670014800,151.58,151.84,151.20,151.83,871,10,0
1670018400,151.83,152.48,151.77,152.36,1265,10,0
1670256000,150.89,151.86,150.89,151.78,84,16,0
1670259600,151.78,151.90,151.14,151.69,651,12,0
1670263200,151.69,151.92,150.80,150.80,516,12,0
1670266800,150.80,151.33,150.48,151.18,461,12,0
1670270400,151.18,151.29,150.56,150.62,538,12,0
1670274000,150.62,150.62,149.83,150.26,619,12,0
1670277600,150.26,150.71,150.03,150.57,1079,12,0
1670342400,150.83,150.83,149.60,150.17,363,14,0
1670346000,150.17,150.19,149.35,149.37,805,12,0
1670349600,149.37,149.64,149.21,149.32,723,12,0
1670353200,149.32,149.42,148.24,148.68,621,12,0
1670356800,148.68,149.33,148.61,149.31,555,12,0
1670360400,149.31,149.60,149.18,149.44,536,12,0
1670364000,149.44,149.60,149.14,149.33,969,12,0
1670428800,149.74,150.51,148.25,148.62,436,12,0
1670432400,148.54,149.44,148.54,149.38,947,12,0
1670436000,149.38,149.57,148.77,149.15,896,12,0
1670439600,149.14,149.44,148.98,149.31,739,12,0
1670443200,149.31,149.67,149.01,149.14,723,12,0
1670446800,149.14,149.40,148.90,149.33,826,12,0
1670450400,149.33,149.46,148.66,148.70,1091,12,0
1670518800,146.10,146.85,146.10,146.64,364,12,0
1670522400,146.64,146.82,145.95,146.15,904,12,0
1670526000,146.15,146.27,144.93,145.02,797,12,0
1670529600,145.02,145.27,144.54,144.73,728,12,0
1670533200,144.73,144.77,144.06,144.40,930,12,0
1670536800,144.40,144.51,143.09,143.72,1380,12,0
1670601600,143.06,143.80,142.26,142.82,544,12,0
1670605200,142.82,143.84,142.82,143.40,1080,12,0
1670608800,143.40,143.43,142.04,142.69,876,12,0
1670612400,142.69,143.03,142.26,142.45,692,12,0
1670616000,142.45,142.45,141.54,141.62,692,12,0
1670619600,141.62,142.80,141.46,142.65,670,12,0
1670623200,142.65,142.65,141.14,141.48,1113,12,0
1670860800,142.59,143.27,141.81,142.47,331,13,0
1670864400,142.47,142.47,141.52,141.61,621,12,0
1670868000,141.61,142.20,141.55,141.79,447,12,0
1670871600,141.79,141.85,140.98,141.25,439,12,0
1670875200,141.25,141.46,141.12,141.34,460,12,0
1670878800,141.34,141.94,141.23,141.93,479,12,0
1670882400,141.93,142.34,141.89,142.34,770,12,0
1670947200,144.39,144.71,142.50,143.34,633,12,0
1670950800,143.34,143.34,142.27,142.52,1206,12,0
1670954400,142.52,142.67,140.81,141.08,1019,12,0
1670958000,141.08,141.31,140.31,140.98,1226,12,0
1670961600,140.98,141.64,140.77,141.43,1063,12,0
1670965200,141.43,141.67,141.00,141.52,979,12,0
1670968800,141.52,141.52,140.14,140.47,1405,12,0
1671033600,140.43,142.77,140.43,142.76,658,12,0
1671037200,142.76,143.62,142.53,142.64,852,12,0
1671040800,142.64,143.53,142.55,143.21,666,12,0
1671044400,143.21,143.90,143.11,143.58,587,12,0
1671048000,143.58,144.21,143.51,143.86,593,12,0
1671051600,143.86,143.86,141.44,142.57,2347,12,0
1671055200,142.57,144.39,142.01,142.31,1862,12,0
1671120000,141.51,143.90,141.51,142.82,701,12,0
1671123600,142.82,142.90,142.05,142.25,1159,12,0
1671127200,142.25,142.36,140.96,141.72,1046,12,0
1671130800,141.72,141.88,140.72,140.82,880,12,0
1671134400,140.82,140.82,140.04,140.67,770,12,0
1671138000,140.67,140.83,140.09,140.58,741,12,0
1671141600,140.58,140.84,139.87,140.15,1003,12,0
1671206400,138.50,139.92,138.02,139.63,675,12,0
1671210000,139.68,140.54,138.69,140.40,1613,12,0
1671213600,140.40,141.52,140.24,141.37,1464,12,0
1671217200,141.37,141.64,140.98,141.18,957,12,0
1671220800,141.18,141.43,140.57,141.37,971,12,0
1671224400,141.37,142.03,141.16,141.99,747,12,0
1671228000,141.97,142.98,141.97,142.27,1519,12,0
1671465600,141.98,143.95,141.98,143.10,476,12,0
1671469200,143.10,144.18,143.10,143.31,937,12,0
1671472800,143.31,143.39,142.77,142.80,698,12,0
1671476400,142.80,143.00,142.56,142.76,715,12,0
1671480000,142.77,142.87,142.41,142.62,731,12,0
1671483600,142.60,142.63,141.70,141.83,844,12,0
1671487200,141.83,141.84,141.20,141.53,1157,12,0
1671552000,141.95,142.29,141.06,141.63,419,12,0
1671555600,141.63,141.91,141.08,141.16,1054,12,0
1671559200,141.16,141.16,140.36,140.91,1147,12,0
1671562800,140.91,141.15,140.37,140.95,1059,12,0
1671566400,140.95,141.09,140.49,140.67,1014,12,0
1671570000,140.67,140.82,140.11,140.48,1041,12,0
1671573600,140.48,140.54,140.10,140.25,1076,12,0
1671638400,141.05,142.03,139.39,140.05,615,12,0
1671642000,140.06,140.93,139.82,140.93,930,12,0
1671645600,140.92,141.23,140.23,140.41,1009,12,0
1671649200,140.42,140.54,140.06,140.46,919,12,0
1671652800,140.46,140.95,140.32,140.72,878,12,0
1671656400,140.72,141.17,140.66,140.93,816,12,0
1671660000,140.93,141.48,140.73,141.39,988,12,0
1671724800,140.75,140.75,138.82,139.24,530,13,0
1671728400,139.24,139.24,137.95,138.81,987,12,0
1671732000,138.81,139.42,138.71,139.39,893,12,0
1671735600,139.42,139.45,138.37,138.57,1038,12,0
1671739200,138.57,138.58,137.64,137.98,955,12,0
1671742800,137.97,139.11,137.90,139.07,1013,12,0
1671746400,139.07,139.58,138.82,139.48,1570,12,0
1671811200,139.65,139.67,138.61,138.77,510,12,0
1671814800,138.85,139.75,138.53,139.61,1157,12,0
1671818400,139.61,140.15,139.29,139.91,1209,12,0
1671822000,139.91,140.38,139.91,140.16,1143,12,0
1671825600,140.16,140.58,139.97,140.02,1030,12,0
1671829200,140.02,140.25,139.70,140.21,1025,12,0
1671832800,140.22,140.40,139.68,139.91,1418,12,0
1672156800,140.26,140.60,140.00,140.15,338,12,0
1672160400,140.15,140.73,139.84,140.25,710,12,0
1672164000,140.25,140.73,140.16,140.73,817,12,0
1672167600,140.75,141.02,140.69,140.86,771,12,0
1672171200,140.86,141.15,140.54,140.87,675,12,0
1672174800,140.87,140.91,140.66,140.78,939,12,0
1672178400,140.78,141.43,140.70,140.95,1075,12,0
1672182000,140.95,140.96,139.37,139.47,12,14,0
1672243200,140.34,141.29,140.34,140.48,491,12,0
1672246800,140.55,140.75,139.66,139.70,997,12,0
1672250400,139.70,139.82,139.49,139.54,1175,12,0
1672254000,139.57,140.20,139.47,140.07,1223,12,0
1672257600,140.07,140.45,139.30,139.38,1019,12,0
1672261200,139.38,139.61,139.11,139.42,924,12,0
1672264800,139.42,139.43,138.74,138.93,1281,12,0
1672329600,139.33,139.88,138.98,139.81,454,12,0
1672333200,139.86,140.31,139.48,140.17,979,12,0
1672336800,140.20,140.40,139.82,139.97,958,12,0
1672340400,139.97,140.15,139.58,139.67,837,12,0
1672344000,139.67,139.70,139.40,139.64,861,12,0
1672347600,139.62,139.81,139.14,139.34,833,12,0
1672351200,139.34,139.57,139.17,139.31,1017,12,0
1672416000,139.34,139.36,138.22,138.77,567,14,0
1672419600,138.77,138.82,138.26,138.57,897,12,0
1672423200,138.56,139.22,138.48,139.21,921,12,0
1672426800,139.21,139.25,138.91,139.12,701,12,0
1672430400,139.12,139.42,138.59,138.74,940,12,0
1672434000,138.74,139.02,138.46,138.89,927,12,0
1672437600,138.89,140.01,138.89,139.97,1262,12,0
1672761600,138.71,139.94,136.41,137.88,894,12,0
1672765200,137.85,138.02,137.06,137.45,939,12,0
1672768800,137.45,137.88,136.17,137.15,751,12,0
1672772400,137.15,137.88,136.74,137.83,655,12,0
1672776000,137.83,138.23,137.35,137.95,630,12,0
1672779600,137.96,138.77,137.54,138.54,696,12,0
1672783200,138.54,139.32,138.53,138.98,1002,12,0
1672786800,138.98,139.02,138.56,138.57,11,18,0
1672848000,140.31,140.76,139.37,139.49,832,12,0
1672851600,139.49,139.72,138.31,139.20,1493,12,0
1672855200,139.20,139.44,138.15,138.15,964,12,0
1672858800,138.15,138.71,137.75,137.81,790,12,0
1672862400,137.81,138.84,137.29,138.52,926,12,0
1672866000,138.52,139.60,138.20,139.55,1952,12,0
1672869600,139.55,140.05,139.02,139.89,1409,12,0
1672934400,141.01,143.31,140.08,141.85,882,12,0
1672938000,141.74,144.05,141.70,143.82,1281,12,0
1672941600,143.81,144.68,143.22,144.53,981,12,0
1672945200,144.53,144.99,143.26,143.73,866,12,0
1672948800,143.73,144.50,143.60,143.83,987,12,0
1672952400,143.83,144.24,143.79,143.91,902,12,0
1672956000,143.91,144.79,143.52,144.43,1156,12,0
1673020800,145.64,147.38,145.64,146.62,786,12,0
1673024400,146.62,148.85,146.52,148.43,1435,12,0
1673028000,148.44,149.31,148.43,148.90,867,12,0
1673031600,148.90,149.24,148.18,149.09,754,12,0
1673035200,149.09,149.32,148.66,149.12,770,12,0
1673038800,149.12,149.37,148.62,148.79,1102,12,0
1673042400,148.79,149.14,148.35,148.46,1063,12,0
1673280000,147.87,150.09,147.65,149.86,591,12,0
1673283600,149.93,150.17,149.22,149.73,885,12,0
1673287200,149.73,149.97,149.26,149.48,747,12,0
1673290800,149.47,149.86,149.10,149.11,583,12,0
1673294400,149.11,149.14,148.11,148.13,754,12,0
1673298000,148.13,148.75,147.90,148.43,827,12,0
1673301600,148.43,148.86,147.94,148.70,1019,12,0
1673366400,148.68,148.92,147.66,148.48,653,12,0
1673370000,148.48,149.54,148.04,149.37,831,12,0
1673373600,149.37,149.47,148.29,148.59,1003,12,0
1673377200,148.59,149.01,148.31,148.84,978,12,0
1673380800,148.86,149.33,148.83,149.27,703,12,0
1673384400,149.27,149.59,149.04,149.29,667,12,0
1673388000,149.29,149.83,149.11,149.50,859,12,0
1673452800,149.45,149.48,148.14,148.56,614,12,0
1673456400,148.56,149.11,148.04,148.86,936,12,0
1673460000,148.88,149.78,148.88,149.04,649,12,0
1673463600,149.09,149.34,148.94,148.96,652,12,0
1673467200,148.95,149.75,148.88,149.38,636,12,0
1673470800,149.38,149.44,148.94,149.09,577,12,0
1673474400,149.09,149.46,148.64,148.73,838,12,0
1673539200,147.68,148.31,146.49,147.30,765,12,0
1673542800,147.34,149.13,147.30,148.32,1318,12,0
1673546400,148.32,149.49,148.09,149.48,1079,12,0
1673550000,149.48,150.00,149.39,149.62,659,12,0
1673553600,149.62,149.68,148.64,149.64,1024,12,0
1673557200,149.64,149.73,149.19,149.73,1081,12,0
1673560800,149.73,150.01,149.46,149.84,1179,12,0
1673625600,149.53,150.30,148.19,148.79,700,12,0
1673629200,148.79,150.09,148.63,149.44,1428,12,0
1673632800,149.44,149.76,148.69,148.69,1033,12,0
1673636400,148.69,149.15,148.54,149.08,833,12,0
1673640000,149.08,149.13,148.36,148.50,683,12,0
1673643600,148.50,149.28,148.50,149.24,624,12,0
1673647200,149.24,149.66,149.17,149.58,833,12,0
1673971200,148.58,148.91,147.16,148.24,630,12,0
1673974800,148.24,148.66,147.18,147.29,1010,12,0
1673978400,147.29,147.79,147.23,147.44,785,12,0
1673982000,147.44,147.73,146.94,147.73,798,12,0
1673985600,147.73,148.05,147.47,147.66,676,12,0
1673989200,147.66,147.97,147.26,147.41,710,12,0
1673992800,147.42,147.52,146.57,146.89,935,12,0
1674057600,146.17,147.16,145.40,147.03,564,12,0
1674061200,147.03,147.64,146.35,146.76,974,12,0
1674064800,146.78,146.98,146.35,146.73,936,12,0
1674068400,146.73,146.95,146.10,146.53,869,12,0
1674072000,146.53,146.64,145.86,146.41,733,12,0
1674075600,146.41,146.64,146.09,146.18,346,12,0
1674079200,146.22,146.47,145.69,145.82,799,12,0
1674144000,145.26,145.48,144.69,145.07,419,12,0
1674147600,145.06,145.33,144.32,144.33,398,12,0
1674151200,143.79,144.46,143.60,144.39,71,12,0
1674154800,144.56,144.97,144.43,144.75,505,12,0
1674158400,144.75,145.13,144.64,144.99,1273,12,0
1674162000,144.99,145.59,144.82,145.45,848,12,0
1674165600,145.45,145.57,144.87,145.01,691,12,0
1674230400,142.40,144.14,142.40,143.87,776,12,0
1674234000,143.87,144.87,143.69,144.63,950,12,0
1674237600,144.63,144.98,144.17,144.57,798,12,0
1674241200,144.59,145.00,144.58,144.95,553,12,0
1674244800,144.95,145.10,144.37,144.83,1027,12,0
1674248400,144.83,145.44,144.70,144.96,752,12,0
1674252000,144.96,145.35,144.81,144.97,911,12,0
1674489600,145.48,145.56,144.84,144.93,505,12,0
1674493200,144.94,145.37,144.26,144.82,1117,12,0
1674496800,144.82,145.34,143.80,144.36,977,12,0
1674500400,144.36,145.44,144.36,145.26,913,12,0
1674504000,145.26,145.75,145.13,145.42,856,12,0
1674507600,145.42,145.52,143.85,144.03,1433,12,0
1674511200,144.01,144.72,143.77,144.29,1457,12,0
1674576000,144.04,145.34,142.94,144.89,597,12,0
1674579600,144.89,146.45,144.62,145.91,1087,12,0
1674583200,145.91,146.09,144.63,145.23,1028,12,0
1674586800,145.23,145.40,144.89,145.19,845,12,0
1674590400,145.19,145.76,145.05,145.71,798,12,0
1674594000,145.71,145.92,145.39,145.81,802,12,0
1674597600,145.81,145.88,145.52,145.73,1020,12,0
1674662400,145.26,146.66,145.26,146.28,605,12,0
1674666000,146.27,147.67,146.25,147.58,1421,12,0
1674669600,147.58,147.58,146.80,147.32,1096,12,0
1674673200,147.34,147.83,147.32,147.51,843,12,0
1674676800,147.51,148.16,147.38,147.79,893,12,0
1674680400,147.81,148.25,147.67,148.18,1018,12,0
1674684000,148.18,148.47,147.65,147.95,1169,12,0
1674748800,148.16,148.79,147.31,148.73,623,12,0
1674752400,148.73,149.11,147.73,147.82,1422,12,0
1674756000,147.82,148.11,147.51,147.97,1250,12,0
1674759600,147.97,148.47,147.91,148.35,1033,12,0
1674763200,148.35,149.07,148.28,148.69,920,12,0
1674766800,148.69,148.75,148.31,148.42,774,12,0
1674770400,148.42,148.82,148.29,148.60,970,12,0
1674835200,148.13,148.14,147.14,147.59,530,12,0
1674838800,147.59,148.08,146.89,147.15,1006,12,0
1674842400,147.15,147.71,146.58,147.28,850,12,0
1674846000,147.28,147.55,146.88,146.95,808,12,0
1674849600,146.95,147.00,146.11,146.42,713,12,0
1674853200,146.42,147.32,146.34,147.04,773,12,0
1674856800,147.04,147.19,146.57,146.62,855,12,0
1675094400,145.88,147.40,145.30,147.21,523,12,0
1675098000,147.21,147.88,146.89,147.05,1062,12,0
1675101600,147.05,147.29,146.57,146.97,860,12,0
1675105200,146.97,147.30,146.50,146.57,789,12,0
1675108800,146.57,147.23,146.39,146.86,715,12,0
1675112400,146.86,147.05,146.44,146.57,765,12,0
1675116000,146.57,147.20,146.35,146.91,1138,12,0
1675180800,147.48,148.66,147.33,147.83,697,12,0
1675184400,147.64,149.37,147.64,148.67,1091,12,0
1675188000,148.67,149.34,148.26,149.11,776,12,0
1675191600,149.11,149.88,149.02,149.33,688,12,0
1675195200,149.33,149.63,149.13,149.37,726,12,0
1675198800,149.33,149.47,148.81,148.89,699,12,0
1675202400,148.89,149.39,148.61,149.28,923,12,0
1675267200,149.19,150.82,148.37,150.61,662,12,0
1675270800,150.61,150.85,148.86,149.91,834,12,0
1675274400,149.91,151.82,149.77,151.30,626,12,0
1675278000,151.30,151.53,150.41,150.64,492,12,0
1675281600,150.64,151.12,149.75,150.28,624,12,0
1675285200,150.28,151.37,148.65,150.80,1444,12,0
1675288800,150.82,152.08,150.67,150.91,1544,12,0
1675353600,150.15,150.15,146.15,147.04,951,12,0
1675357200,147.04,147.63,146.32,146.90,1217,12,0
1675360800,146.90,147.64,145.95,147.16,1058,12,0
1675364400,147.16,147.40,146.47,147.01,839,12,0
1675368000,147.00,147.41,146.82,147.18,694,12,0
1675371600,147.21,147.41,145.71,145.76,976,12,0
1675375200,145.76,147.21,145.74,146.84,1232,12,0
1675440000,146.64,146.64,144.96,145.71,815,13,0
1675443600,145.66,146.56,145.21,145.43,1322,12,0
1675447200,145.37,145.99,144.96,145.06,854,12,0
1675450800,145.07,146.32,145.03,145.21,794,12,0
1675454400,145.21,145.22,144.48,145.13,1289,12,0
1675458000,145.13,145.21,144.34,144.52,1287,12,0
1675461600,144.52,145.27,144.26,145.12,993,12,0
1675699200,141.58,143.21,141.58,142.65,730,12,0
1675702800,142.65,142.73,141.44,141.66,1082,12,0
1675706400,141.66,142.43,141.56,141.80,782,12,0
1675710000,141.80,142.54,141.54,142.49,734,12,0
1675713600,142.49,142.62,142.16,142.45,720,12,0
1675717200,142.45,143.02,142.40,142.79,792,12,0
1675720800,142.79,142.95,141.71,141.89,1197,12,0
1675785600,141.16,141.20,140.91,141.16,145,12,0
1675789200,141.14,141.80,141.01,141.01,1010,12,0
1675792800,141.01,141.76,141.01,141.34,602,12,0
1675796400,141.34,142.57,141.28,142.48,884,12,0
1675800000,142.49,142.72,140.94,141.11,1207,12,0
1675803600,141.11,142.50,141.07,142.42,1007,12,0
1675807200,142.43,143.31,142.29,142.93,952,12,0
1675872000,142.20,143.04,141.62,142.91,445,12,0
1675875600,142.86,143.43,142.75,143.40,970,12,0
1675879200,143.41,143.60,142.83,143.27,998,12,0
1675882800,143.27,143.71,143.10,143.71,733,12,0
1675886400,143.71,143.97,143.39,143.57,973,12,0
1675890000,143.57,144.09,143.50,144.07,942,12,0
1675893600,144.07,144.07,143.59,143.75,1075,12,0
1675958400,144.60,144.90,144.04,144.17,450,12,0
1675962000,144.21,144.59,143.65,143.76,879,12,0
1675965600,143.76,144.02,143.27,143.88,915,12,0
1675969200,143.88,143.88,143.01,143.46,736,12,0
1675972800,143.46,143.80,143.29,143.47,762,12,0
1675976400,143.47,143.56,143.22,143.27,781,12,0
1675980000,143.28,143.28,142.64,142.76,1111,12,0
1676044800,143.32,143.48,142.42,143.21,481,12,0
1676048400,143.21,143.49,142.78,142.83,1253,12,0
1676052000,142.83,143.62,142.83,143.41,878,12,0
1676055600,143.41,143.65,143.19,143.50,792,12,0
1676059200,143.50,143.77,143.48,143.59,647,12,0
1676062800,143.59,143.80,143.24,143.71,728,12,0
1676066400,143.71,143.85,143.36,143.62,948,12,0
1676304000,144.21,144.94,143.94,144.81,506,13,0
1676307600,144.82,145.77,144.79,145.63,778,12,0
1676311200,145.63,145.70,145.16,145.61,803,12,0
1676314800,145.61,145.98,145.56,145.90,590,12,0
1676318400,145.91,146.26,145.79,146.18,565,12,0
1676322000,146.20,146.34,145.80,145.93,730,12,0
1676325600,145.93,146.51,145.67,146.50,969,12,0
1676390400,145.84,146.79,144.83,146.47,637,12,0
1676394000,146.47,147.01,145.96,145.97,1439,12,0
1676397600,145.97,146.81,145.81,145.86,1274,12,0
1676401200,145.86,146.83,145.86,146.69,785,12,0
1676404800,146.69,147.43,146.69,147.03,964,12,0
1676408400,147.03,147.08,146.61,146.87,869,12,0
1676412000,146.87,147.51,146.83,147.40,1256,12,0
1676476800,146.58,147.53,146.29,147.50,536,12,0
1676480400,147.50,147.87,147.18,147.38,948,12,0
1676484000,147.38,147.91,147.18,147.83,741,12,0
1676487600,147.83,147.85,147.21,147.39,755,12,0
1676491200,147.39,147.55,147.19,147.19,546,12,0
1676494800,147.19,147.49,146.92,146.95,654,12,0
1676498400,146.95,147.51,146.66,147.47,1148,12,0
1676563200,145.55,147.03,145.22,145.85,637,12,0
1676566800,145.86,146.63,145.74,146.37,874,12,0
1676570400,146.39,146.97,146.39,146.93,768,12,0
1676574000,146.93,147.63,146.68,147.63,688,12,0
1676577600,147.62,147.97,147.30,147.35,739,12,0
1676581200,147.35,147.56,146.88,146.94,810,12,0
1676584800,146.91,147.10,146.57,146.65,1311,12,0
1676649600,147.03,148.05,146.69,147.84,655,12,0
1676653200,147.92,148.62,147.69,147.84,998,12,0
1676656800,147.84,148.19,147.68,148.04,547,12,0
1676660400,148.03,148.61,147.88,148.40,690,12,0
1676664000,148.40,148.64,148.28,148.49,726,12,0
1676667600,148.50,148.96,148.45,148.95,770,12,0
1676671200,148.95,149.30,148.64,149.29,1199,12,0
1676995200,148.04,148.36,146.30,146.76,685,12,0
1676998800,146.76,146.93,145.88,146.02,1125,12,0
1677002400,146.02,146.10,145.41,145.67,810,12,0
1677006000,145.67,146.99,145.64,146.70,829,12,0
1677009600,146.70,147.46,146.66,147.21,625,12,0
1677013200,147.21,147.26,146.75,147.03,691,12,0
1677016800,147.03,147.35,146.79,147.02,1022,12,0
1677081600,147.30,148.25,147.15,147.17,492,12,0
1677085200,147.17,147.21,146.57,147.15,907,12,0
1677088800,147.15,147.52,147.09,147.20,727,12,0
1677092400,147.21,147.59,147.08,147.43,558,12,0
1677096000,147.43,147.86,147.36,147.75,666,12,0
1677099600,147.69,147.83,147.18,147.31,1397,12,0
1677103200,147.31,147.62,147.15,147.28,1306,12,0
1677168000,146.54,146.54,144.54,145.15,821,12,0
1677171600,145.19,145.44,144.30,144.33,1044,12,0
1677175200,144.33,144.44,142.62,142.76,1035,12,0
1677178800,142.76,143.87,142.54,143.81,744,12,0
1677182400,143.81,143.87,143.32,143.61,638,12,0
1677186000,143.61,144.34,143.52,144.25,740,12,0
1677189600,144.25,144.79,144.20,144.66,960,12,0
1677254400,142.87,143.04,142.12,143.04,560,12,0
1677258000,143.04,143.90,142.97,143.85,1070,12,0
1677261600,143.86,144.27,143.76,143.83,946,12,0
1677265200,143.83,143.95,143.49,143.58,782,12,0
1677268800,143.58,144.14,143.58,143.95,795,12,0
1677272400,143.95,144.14,143.65,144.09,861,12,0
1677276000,144.09,144.48,143.81,144.36,1074,12,0
1677513600,144.06,145.12,143.99,145.06,508,12,0
1677517200,145.06,145.93,145.02,145.15,999,12,0
1677520800,145.15,145.27,144.38,144.41,751,12,0
1677524400,144.42,144.83,144.42,144.74,623,12,0
1677528000,144.74,144.79,144.23,144.33,603,12,0
1677531600,144.33,144.72,144.04,144.06,542,12,0
1677535200,144.06,144.46,143.83,144.05,876,12,0
1677600000,143.03,144.01,142.74,143.85,487,12,0
1677603600,143.85,144.21,142.90,143.11,957,12,0
1677607200,143.11,143.46,143.05,143.17,731,12,0
1677610800,143.17,143.59,143.08,143.44,753,12,0
1677614400,143.44,143.51,143.05,143.12,691,12,0
1677618000,143.11,143.21,142.39,142.62,832,12,0
1677621600,142.62,142.69,142.05,142.05,811,12,0
1677686400,141.68,142.34,141.17,141.17,617,12,0
1677690000,141.18,141.69,140.84,141.62,1164,12,0
1677693600,141.61,141.63,140.02,141.33,1142,12,0
1677697200,141.33,141.52,141.14,141.30,722,12,0
1677700800,141.30,141.38,141.08,141.34,601,12,0
1677704400,141.34,141.38,140.67,141.03,616,12,0
1677708000,141.02,141.40,140.98,141.24,844,12,0
1677772800,140.91,141.20,140.43,140.99,603,12,0
1677776400,141.00,141.31,140.63,141.10,1174,12,0
1677780000,141.10,141.32,140.97,141.19,785,12,0
1677783600,141.19,141.32,140.94,141.10,713,12,0
1677787200,141.10,141.11,140.52,140.92,825,12,0
1677790800,140.92,141.12,140.73,140.95,979,12,0
1677794400,140.95,141.28,140.77,141.06,906,12,0
1677859200,142.35,142.35,141.18,141.59,538,12,0
1677862800,141.61,141.66,140.94,141.16,1172,12,0
1677866400,141.16,141.39,140.94,141.32,797,12,0
1677870000,141.32,141.46,141.19,141.29,692,12,0
1677873600,141.31,141.67,141.26,141.49,627,12,0
1677877200,141.49,141.91,141.41,141.76,841,12,0
1677880800,141.77,142.07,141.57,141.88,926,12,0
1678118400,141.96,143.53,141.54,143.47,508,12,0
1678122000,143.47,143.76,143.29,143.57,1056,12,0
1678125600,143.57,144.02,143.47,143.93,782,12,0
1678129200,143.93,144.19,143.73,143.86,636,12,0
1678132800,143.86,144.08,143.52,143.54,724,12,0
1678136400,143.54,143.85,143.43,143.76,611,12,0
1678140000,143.76,143.81,143.51,143.68,733,12,0
1678204800,143.04,144.02,143.04,143.27,450,12,0
1678208400,143.27,143.28,142.01,142.06,1547,12,0
1678212000,142.06,142.50,141.81,142.21,1298,12,0
1678215600,142.21,142.87,142.21,142.31,1065,12,0
1678219200,142.31,142.36,141.82,142.03,926,12,0
1678222800,142.03,142.48,142.00,142.38,662,12,0
1678226400,142.38,142.93,142.36,142.81,882,12,0
1678291200,143.25,143.59,142.86,143.46,625,12,0
1678294800,143.50,143.97,143.10,143.56,1431,12,0
1678298400,143.56,143.94,143.27,143.70,996,12,0
1678302000,143.70,143.95,142.98,143.08,662,12,0
1678305600,143.08,143.14,142.24,142.48,737,12,0
1678309200,142.48,142.91,142.45,142.58,530,12,0
1678312800,142.58,143.36,142.56,143.12,774,12,0
1678377600,143.77,143.83,142.73,142.99,489,12,0
1678381200,142.99,143.44,142.77,143.13,977,12,0
1678384800,143.13,143.44,143.05,143.19,762,12,0
1678388400,143.20,143.44,142.88,143.21,682,12,0
1678392000,143.21,143.36,142.36,142.37,849,12,0
1678395600,142.37,142.41,140.85,140.87,1009,12,0
1678399200,140.87,141.45,140.61,141.02,1491,12,0
1678464000,141.93,141.99,140.55,140.75,715,12,0
1678467600,140.75,140.98,139.38,140.14,1696,12,0
1678471200,140.13,140.60,139.59,139.95,1488,12,0
1678474800,139.95,140.09,139.06,139.22,1266,12,0
1678478400,139.22,139.53,138.94,138.95,1162,12,0
1678482000,138.95,140.18,138.95,140.01,1826,12,0
1678485600,140.04,140.11,139.25,139.47,1895,12,0
1678719600,139.91,141.49,139.60,141.14,1020,12,0
1678723200,141.14,141.94,140.31,140.63,2024,12,0
1678726800,140.69,142.33,140.65,141.72,1828,12,0
1678730400,141.71,141.94,140.44,140.95,1815,12,0
1678734000,140.95,141.04,139.94,140.60,1506,12,0
1678737600,140.61,141.01,140.33,140.37,1853,12,0
1678741200,140.37,140.58,139.66,139.67,1784,12,0
1678806000,140.94,142.37,140.91,141.61,797,12,0
1678809600,141.61,142.64,141.52,142.46,1158,12,0
1678813200,142.47,142.85,142.04,142.23,856,12,0
1678816800,142.23,142.81,142.03,142.78,863,12,0
1678820400,142.78,142.81,142.01,142.61,1333,12,0
1678824000,142.61,143.11,142.47,142.82,1253,12,0
1678827600,142.82,143.03,142.44,142.92,1686,12,0
1678892400,142.49,143.88,142.49,143.05,1080,12,0
1678896000,143.14,143.88,142.96,143.65,1805,12,0
1678899600,143.65,144.67,143.56,143.90,1476,12,0
1678903200,143.90,144.81,143.74,144.16,1357,12,0
1678906800,144.14,144.40,143.78,144.20,1657,12,0
1678910400,144.20,144.87,143.89,144.27,2000,12,0
1678914000,144.27,144.44,143.69,144.27,2439,12,0
1678978800,143.38,143.47,141.32,141.77,953,12,0
1678982400,141.81,142.07,141.22,141.92,1289,12,0
1678986000,141.92,142.31,141.32,141.69,1188,12,0
1678989600,141.69,141.79,141.33,141.35,888,12,0
1678993200,141.35,142.36,141.22,142.10,877,12,0
1678996800,142.09,142.12,141.58,141.94,676,12,0
1679000400,141.94,142.04,141.39,141.44,913,12,0
1679065200,140.89,142.18,140.66,142.18,918,12,0
1679068800,142.22,142.37,140.41,141.43,1758,12,0
1679072400,141.43,142.13,141.29,141.68,1496,12,0
1679076000,141.68,142.80,141.64,142.51,1323,12,0
1679079600,142.52,142.83,142.21,142.41,1162,12,0
1679083200,142.42,142.43,141.93,142.24,1138,12,0
1679086800,142.24,142.54,142.17,142.36,1323,12,0
1679324400,142.64,143.92,142.62,143.86,848,12,0
1679328000,143.86,145.45,143.86,145.26,1172,12,0
1679331600,145.26,145.57,144.82,144.83,1039,12,0
1679335200,144.83,145.72,144.33,145.67,1180,12,0
1679338800,145.67,145.95,145.51,145.52,1089,12,0
1679342400,145.51,145.95,145.29,145.53,1020,12,0
1679346000,145.53,145.78,145.25,145.54,1391,12,0
1679410800,145.95,146.51,145.27,145.77,638,12,0
1679414400,145.83,146.07,144.33,145.02,1248,12,0
1679418000,145.03,145.03,144.49,144.93,1139,12,0
1679421600,144.93,145.00,144.44,144.49,1080,12,0
1679425200,144.49,144.86,144.17,144.21,826,12,0
1679428800,144.21,144.90,144.20,144.76,828,12,0
1679432400,144.76,144.94,144.49,144.65,1055,12,0
1679497200,144.34,145.03,143.76,144.10,585,12,0
1679500800,144.09,144.46,143.63,144.40,837,12,0
1679504400,144.40,144.61,144.19,144.58,629,12,0
1679508000,144.58,144.75,144.25,144.27,711,12,0
1679511600,144.27,144.71,144.15,144.62,706,12,0
1679515200,144.62,145.61,144.44,144.75,2575,12,0
1679518800,144.75,145.06,143.36,143.36,2608,12,0
1679583600,142.95,143.32,142.35,142.89,665,12,0
1679587200,142.90,143.78,142.80,143.68,1202,12,0
1679590800,143.68,143.76,142.96,143.27,832,12,0
1679594400,143.27,143.28,142.58,142.80,774,12,0
1679598000,142.81,142.82,142.02,142.12,949,12,0
1679601600,142.12,142.35,141.09,141.65,1168,12,0
1679605200,141.66,142.55,141.35,142.20,2453,12,0
1679670000,141.53,142.17,140.65,141.53,751,12,0
1679673600,141.56,142.09,141.26,141.78,1416,12,0
1679677200,141.77,142.00,141.19,141.98,1294,12,0
1679680800,141.98,142.41,141.53,142.29,1209,12,0
1679684400,142.29,142.50,141.95,142.25,883,12,0
1679688000,142.25,142.38,142.01,142.27,647,12,0
1679691600,142.27,142.85,142.06,142.49,1169,12,0
1679932800,143.17,144.10,142.94,143.39,689,12,0
1679936400,143.39,143.92,143.02,143.79,913,12,0
1679940000,143.79,144.79,143.67,144.37,980,12,0
1679943600,144.37,144.43,143.92,144.11,753,12,0
1679947200,144.11,144.36,143.95,144.05,571,12,0
1679950800,144.04,144.32,143.80,144.32,592,12,0
1679954400,144.32,144.35,143.74,143.85,914,12,0
1680019200,143.55,143.85,143.20,143.43,554,12,0
1680022800,143.43,143.80,143.33,143.72,901,12,0
1680026400,143.70,143.82,143.52,143.82,624,12,0
1680030000,143.82,143.84,143.58,143.61,688,12,0
1680033600,143.61,143.67,143.35,143.37,655,12,0
1680037200,143.37,143.43,143.07,143.19,743,12,0
1680040800,143.19,143.35,142.65,142.71,713,12,0
1680105600,143.99,144.05,143.36,143.36,399,12,0
1680109200,143.36,143.79,143.36,143.63,593,12,0
1680112800,143.63,143.87,143.43,143.80,465,12,0
1680116400,143.81,143.86,143.59,143.61,338,12,0
1680120000,143.61,143.79,143.45,143.63,298,12,0
1680123600,143.64,143.83,143.59,143.72,276,12,0
1680127200,143.72,143.87,143.59,143.71,593,12,0
1680192000,143.92,145.03,143.69,144.85,547,12,0
1680195600,144.90,144.90,144.29,144.67,625,12,0
1680199200,144.67,144.87,144.23,144.43,548,12,0
1680202800,144.43,144.63,144.32,144.34,464,12,0
1680206400,144.34,144.43,143.74,143.98,458,12,0
1680210000,143.98,144.57,143.97,144.26,485,12,0
1680213600,144.26,144.55,144.17,144.47,609,12,0
1680278400,144.50,145.21,144.50,144.88,444,12,0
1680282000,144.89,145.08,144.57,144.66,555,12,0
1680285600,144.66,144.94,144.50,144.80,518,12,0
1680289200,144.80,144.96,144.73,144.92,377,12,0
1680292800,144.92,144.92,144.64,144.78,334,12,0
1680296400,144.78,144.86,144.41,144.54,350,12,0
1680300000,144.54,144.87,144.46,144.71,923,12,0
1680537600,144.93,145.15,144.39,144.77,495,12,0
1680541200,144.81,145.53,144.81,145.35,864,12,0
1680544800,145.35,146.06,145.26,145.96,625,12,0
1680548400,145.97,146.70,145.96,146.47,558,12,0
1680552000,146.47,146.50,145.91,146.09,403,12,0
1680555600,146.09,146.40,146.01,146.12,306,12,0
1680559200,146.12,146.71,146.00,146.68,667,12,0
1680624000,145.11,145.59,143.74,143.76,848,12,0
1680627600,143.78,144.72,142.70,144.65,1344,12,0
1680631200,144.65,145.06,144.36,144.89,1156,12,0
1680634800,144.89,145.36,144.77,145.27,897,12,0
1680638400,145.28,145.72,145.14,145.27,857,12,0
1680642000,145.28,145.89,145.19,145.82,701,12,0
1680645600,145.81,146.29,145.54,146.25,1007,12,0
1680710400,147.04,147.97,146.96,147.85,619,12,0
1680714000,147.86,148.67,147.77,148.22,1283,12,0
1680717600,148.23,148.91,148.20,148.42,761,12,0
1680721200,148.41,148.88,148.36,148.72,547,12,0
1680724800,148.72,149.61,148.72,149.59,578,12,0
1680728400,149.60,149.97,149.50,149.73,699,12,0
1680732000,149.66,149.72,148.84,149.06,1050,12,0
1680796800,149.25,149.87,148.80,148.81,566,12,0
1680800400,148.90,149.21,148.35,149.02,856,12,0
1680804000,149.02,149.22,148.84,149.01,590,12,0
1680807600,149.02,149.61,149.00,149.45,583,12,0
1680811200,149.46,149.59,149.28,149.49,458,12,0
1680814800,149.49,149.61,149.26,149.41,331,12,0
1680818400,149.42,149.58,149.35,149.55,522,12,0
1681142400,148.69,149.48,147.80,148.05,479,12,0
1681146000,148.04,148.68,147.97,148.48,741,12,0
1681149600,148.48,149.28,148.43,149.14,560,12,0
1681153200,149.14,149.73,148.86,149.72,738,12,0
1681156800,149.71,149.88,149.37,149.53,518,12,0
1681160400,149.54,149.63,149.29,149.53,403,12,0
1681164000,149.53,149.92,149.38,149.92,732,12,0
1681228800,150.03,150.13,149.48,149.71,470,12,0
1681232400,149.70,150.09,149.44,149.82,915,12,0
1681236000,149.83,149.93,149.60,149.77,631,12,0
1681239600,149.78,150.00,149.73,149.94,566,12,0
1681243200,149.94,149.98,149.84,149.93,452,12,0
1681246800,149.94,150.01,149.90,149.96,492,12,0
1681250400,149.96,150.22,149.71,149.89,908,12,0
1681315200,149.57,150.35,149.57,150.13,581,12,0
1681318800,150.13,150.63,149.70,149.74,1030,12,0
1681322400,149.74,150.01,149.63,149.85,764,12,0
1681326000,149.85,150.03,149.82,149.87,558,12,0
1681329600,149.88,150.14,149.80,149.99,504,12,0
1681333200,149.97,150.15,149.59,149.79,936,12,0
1681336800,149.79,149.84,149.18,149.46,798,12,0
1681401600,149.31,149.86,148.77,149.16,344,12,0
1681405200,149.16,149.68,148.95,149.51,551,12,0
1681408800,149.52,149.83,149.47,149.67,382,12,0
1681412400,149.68,149.83,149.53,149.75,328,12,0
1681416000,149.75,150.01,149.64,149.97,464,12,0
1681419600,149.97,150.28,149.93,150.14,521,12,0
1681423200,150.15,150.48,150.07,150.31,851,12,0
1681488000,149.58,150.03,149.50,149.79,267,12,0
1681491600,149.76,149.84,149.41,149.61,637,12,0
1681495200,149.61,149.67,149.31,149.56,471,12,0
1681498800,149.54,149.63,149.14,149.16,361,12,0
1681502400,149.15,149.60,149.14,149.31,336,12,0
1681506000,149.31,149.67,149.22,149.64,294,12,0
1681509600,149.63,149.75,149.28,149.51,595,12,0
1681747200,149.92,150.16,149.73,149.82,426,12,0
1681750800,149.79,149.96,149.76,149.89,579,12,0
1681754400,149.89,150.04,149.58,149.77,353,12,0
1681758000,149.80,149.86,149.60,149.80,350,12,0
1681761600,149.82,149.83,149.62,149.74,227,12,0
1681765200,149.74,149.93,149.52,149.90,307,12,0
1681768800,149.89,150.39,149.88,150.39,445,12,0
1681833600,151.06,151.31,150.69,151.16,390,12,0
1681837200,151.16,151.58,150.49,150.51,860,12,0
1681840800,150.49,150.87,150.38,150.49,601,12,0
1681844400,150.49,150.80,150.28,150.38,518,12,0
1681848000,150.38,150.60,150.17,150.32,422,12,0
1681851600,150.32,150.48,150.09,150.34,516,12,0
1681855200,150.35,150.56,150.03,150.23,592,12,0
1681920000,149.40,150.29,149.40,149.76,270,12,0
1681923600,149.75,150.09,149.64,149.64,469,12,0
1681927200,149.64,149.73,149.26,149.36,335,12,0
1681930800,149.37,149.40,149.12,149.15,309,12,0
1681934400,149.15,149.41,148.99,149.11,315,12,0
1681938000,149.12,149.21,148.77,148.94,299,12,0
1681941600,148.94,149.05,148.59,148.70,337,12,0
1682006400,146.61,147.56,145.28,145.42,506,12,0
1682010000,145.45,146.30,144.74,146.20,886,12,0
1682013600,146.26,146.46,145.93,146.13,495,12,0
1682017200,146.19,146.60,146.11,146.54,485,12,0
1682020800,146.57,146.84,146.47,146.53,462,12,0
1682024400,146.53,146.65,145.74,145.83,441,12,0
1682028000,145.82,146.02,145.56,145.84,673,12,0
1682092800,144.97,145.58,144.95,145.23,438,12,0
1682096400,145.24,145.85,145.09,145.66,710,12,0
1682100000,145.66,146.03,145.56,145.96,381,12,0
1682103600,145.98,146.16,145.87,145.99,290,12,0
1682107200,145.98,146.51,145.96,146.26,350,12,0
1682110800,146.27,146.38,146.12,146.22,277,12,0
1682114400,146.21,146.32,146.01,146.17,444,12,0
1682352000,146.15,146.54,145.95,146.54,411,12,0
1682355600,146.56,146.69,146.24,146.24,510,12,0
1682359200,146.26,146.39,145.89,145.95,354,12,0
1682362800,145.95,146.36,145.94,146.35,216,12,0
1682366400,146.35,146.46,146.19,146.36,281,12,0
1682370000,146.36,146.41,146.08,146.08,241,12,0
1682373600,146.09,146.13,145.61,145.78,449,12,0
1682438400,145.99,147.78,145.99,147.65,394,12,0
1682442000,147.65,148.48,147.59,148.28,575,12,0
1682445600,148.28,149.10,148.25,148.63,445,12,0
1682449200,148.62,148.86,148.41,148.44,410,12,0
1682452800,148.43,148.66,147.72,147.72,445,12,0
1682456400,147.72,148.10,147.56,148.04,589,12,0
1682460000,148.04,148.40,147.84,147.95,846,12,0
1682524800,145.75,148.54,145.75,148.53,486,12,0
1682528400,148.56,148.59,147.94,148.38,673,12,0
1682532000,148.39,148.87,148.31,148.41,691,12,0
1682535600,148.41,148.52,148.18,148.38,709,12,0
1682539200,148.39,148.74,148.15,148.23,470,12,0
1682542800,148.24,148.52,148.13,148.52,357,12,0
1682546400,148.52,148.74,147.95,148.21,617,12,0
1682611200,148.35,150.08,148.35,149.85,540,12,0
1682614800,149.85,150.37,149.72,149.99,740,12,0
1682618400,150.03,150.25,149.68,150.11,915,12,0
1682622000,150.11,150.33,149.74,149.81,559,12,0
1682625600,149.81,150.32,149.70,150.19,369,12,0
1682629200,150.20,150.21,149.88,150.02,525,12,0
1682632800,150.01,150.15,149.50,149.78,1042,12,0
1682697600,146.45,146.87,143.58,144.43,710,12,0
1682701200,144.42,145.58,143.97,145.05,802,12,0
1682704800,145.14,145.31,144.53,144.64,715,12,0
1682708400,144.64,145.01,144.22,144.76,531,12,0
1682712000,144.69,144.74,143.92,144.55,680,12,0
1682715600,144.60,144.74,143.73,144.12,516,12,0
1682719200,144.12,144.15,143.27,143.81,777,12,0
1682956800,143.93,144.39,142.55,143.41,507,12,0
1682960400,143.34,143.77,143.08,143.44,677,12,0
1682964000,143.42,143.65,142.84,143.10,579,12,0
1682967600,143.11,143.60,143.11,143.40,396,12,0
1682971200,143.40,143.64,143.37,143.53,351,12,0
1682974800,143.53,143.57,142.89,143.51,416,12,0
1682978400,143.52,143.72,142.90,143.12,645,12,0
1683043200,142.77,143.01,141.34,141.46,405,12,0
1683046800,141.48,141.68,140.33,140.70,769,12,0
1683050400,140.69,140.74,140.00,140.43,739,12,0
1683054000,140.43,140.99,140.27,140.93,442,12,0
1683057600,140.93,140.96,140.28,140.40,438,12,0
1683061200,140.39,140.70,140.04,140.64,418,12,0
1683064800,140.69,140.74,140.16,140.27,731,12,0
1683129600,140.49,141.06,140.37,140.75,350,12,0
1683133200,140.75,140.80,139.94,140.10,388,12,0
1683136800,140.10,140.11,139.62,139.93,327,12,0
1683140400,139.93,140.49,139.91,140.29,442,12,0
1683144000,140.30,140.58,140.22,140.29,379,12,0
1683147600,140.24,140.77,140.07,140.46,1021,12,0
1683151200,140.43,140.62,139.82,139.84,1113,12,0
1683216000,140.24,141.17,140.00,141.11,363,12,0
1683219600,141.11,141.63,140.88,141.44,769,12,0
1683223200,141.47,141.66,140.90,140.90,552,12,0
1683226800,140.90,141.45,140.88,141.40,391,12,0
1683230400,141.41,141.51,140.94,141.03,481,12,0
1683234000,141.06,141.23,140.97,141.20,315,12,0
1683237600,141.20,141.35,140.88,141.17,591,12,0
1683302400,141.48,142.08,140.99,141.90,310,12,0
1683306000,141.92,143.10,141.92,142.91,475,12,0
1683309600,142.91,143.08,142.67,142.86,432,12,0
1683313200,142.86,142.98,142.64,142.96,284,12,0
1683316800,142.97,143.09,142.82,143.07,281,12,0
1683320400,143.07,143.79,143.07,143.73,325,12,0
1683324000,143.72,143.84,143.43,143.48,484,12,0
1683561600,143.64,143.65,142.66,143.50,302,12,0
1683565200,143.50,143.53,143.00,143.25,380,12,0
1683568800,143.25,143.56,143.21,143.48,366,12,0
1683572400,143.48,143.76,143.44,143.47,238,12,0
1683576000,143.47,143.78,143.47,143.64,198,12,0
1683579600,143.64,143.83,143.49,143.82,315,12,0
1683583200,143.82,144.24,143.50,144.11,381,12,0
1683648000,143.18,144.00,143.13,143.19,305,12,0
1683651600,143.19,143.27,142.33,142.55,472,12,0
1683655200,142.57,142.59,141.86,141.89,356,12,0
1683658800,141.89,142.22,141.67,142.22,373,12,0
1683662400,142.22,142.34,141.79,142.20,273,12,0
1683666000,142.20,142.36,141.89,142.06,317,12,0
1683669600,142.05,142.34,141.77,141.98,562,12,0
1683734400,141.96,142.87,141.76,142.38,317,12,0
1683738000,142.40,143.17,141.68,141.89,618,12,0
1683741600,141.91,142.01,141.53,141.53,484,12,0
1683745200,141.53,141.70,141.33,141.39,359,12,0
1683748800,141.38,141.39,140.93,141.05,451,12,0
1683752400,141.06,141.77,141.06,141.63,433,12,0
1683756000,141.62,142.14,141.54,141.94,654,12,0
1683820800,141.63,142.34,141.63,142.25,332,13,0
1683824400,142.24,143.12,142.16,142.86,563,12,0
1683828000,142.86,143.30,142.64,143.16,460,12,0
1683831600,143.17,143.32,142.81,142.99,337,12,0
1683835200,143.00,143.05,142.56,142.77,392,12,0
1683838800,142.77,142.89,142.48,142.86,419,12,0
1683842400,142.86,142.96,142.55,142.61,449,12,0
1683907200,142.18,143.46,142.18,143.46,281,12,0
1683910800,143.40,143.87,143.40,143.82,493,12,0
1683914400,143.82,143.85,143.20,143.61,418,12,0
1683918000,143.61,143.79,143.46,143.57,251,12,0
1683921600,143.57,143.71,143.39,143.42,287,12,0
1683925200,143.41,143.72,143.39,143.70,342,12,0
1683928800,143.70,144.15,143.55,144.06,414,12,0
1684166400,143.80,143.95,143.29,143.51,274,13,0
1684170000,143.51,143.88,143.37,143.79,412,12,0
1684173600,143.79,144.11,143.74,144.01,415,12,0
1684177200,144.05,144.35,143.90,144.35,320,12,0
1684180800,144.36,144.69,144.17,144.35,348,12,0
1684184400,144.36,144.57,144.32,144.53,254,12,0
1684188000,144.54,144.77,144.36,144.52,415,12,0
1684252800,143.54,144.75,143.54,143.73,299,12,0
1684256400,143.73,143.76,143.01,143.21,526,12,0
1684260000,143.19,143.36,142.78,143.27,393,12,0
1684263600,143.27,143.77,143.25,143.50,331,12,0
1684267200,143.50,143.86,143.42,143.79,231,12,0
1684270800,143.79,143.80,143.42,143.71,286,12,0
1684274400,143.71,143.95,143.56,143.63,449,12,0
1684339200,144.14,144.14,141.28,141.33,457,12,0
1684342800,141.36,141.93,140.96,141.30,572,12,0
1684346400,141.30,141.55,140.80,141.12,474,12,0
1684350000,141.13,141.34,141.00,141.24,348,12,0
1684353600,141.20,141.50,140.84,141.49,423,12,0
1684357200,141.49,141.55,141.09,141.30,300,12,0
1684360800,141.30,141.70,141.13,141.49,682,12,0
1684425600,140.33,140.70,139.70,139.96,537,12,0
1684429200,139.96,140.21,138.01,138.01,777,12,0
1684432800,137.98,138.65,137.16,137.73,857,12,0
1684436400,137.73,138.22,136.85,136.90,680,12,0
1684440000,136.92,137.87,136.72,136.82,540,12,0
1684443600,136.80,137.29,136.27,136.83,592,12,0
1684447200,136.83,138.26,136.81,138.11,810,12,0
1684512000,138.51,139.14,138.29,138.96,263,12,0
1684515600,138.96,139.86,138.81,139.26,547,12,0
1684519200,139.28,140.02,139.28,139.79,577,12,0
1684522800,139.79,140.08,139.29,139.34,524,12,0
1684526400,139.34,139.41,138.21,138.32,561,12,0
1684530000,138.32,138.57,137.95,138.28,582,12,0
1684533600,138.29,139.07,138.14,138.95,721,12,0
1684771200,139.38,139.83,138.78,139.01,364,12,0
1684774800,139.00,139.20,137.95,138.07,679,12,0
1684778400,138.10,138.31,137.57,137.83,572,12,0
1684782000,137.83,137.87,137.21,137.23,463,12,0
1684785600,137.23,140.84,136.85,140.06,1178,12,0
1684789200,140.06,141.74,139.91,141.66,790,12,0
1684792800,141.66,142.08,141.17,141.52,821,12,0
1684857600,140.57,141.68,140.22,140.56,546,12,0
1684861200,140.57,141.05,140.55,140.86,597,12,0
1684864800,140.85,141.38,140.47,141.15,652,12,0
1684868400,141.15,141.19,140.84,140.96,514,12,0
1684872000,140.98,141.57,140.84,141.37,710,12,0
1684875600,141.38,141.47,140.96,141.20,774,12,0
1684879200,141.20,141.44,140.97,141.30,1058,12,0
1684944000,141.41,141.51,140.44,140.47,250,12,0
1684947600,140.51,140.90,140.43,140.87,465,12,0
1684951200,140.88,140.89,140.48,140.77,424,12,0
1684954800,140.82,141.04,140.29,140.33,370,12,0
1684958400,140.34,140.61,140.25,140.46,400,12,0
1684962000,140.46,140.51,140.27,140.39,357,12,0
1684965600,140.39,140.64,139.83,139.92,743,12,0
1685030400,136.47,136.56,134.94,136.36,856,12,0
1685034000,136.37,137.08,135.81,136.00,752,12,0
1685037600,136.00,136.60,136.00,136.08,511,12,0
1685041200,136.08,136.73,136.03,136.52,412,12,0
1685044800,136.52,137.17,136.34,136.52,439,12,0
1685048400,136.52,136.68,135.65,135.87,594,12,0
1685052000,135.91,136.25,135.50,135.69,731,12,0
1685116800,135.63,136.10,133.99,135.61,532,12,0
1685120400,135.61,136.42,134.80,134.95,938,12,0
1685124000,134.96,135.07,134.06,134.62,867,12,0
1685127600,134.63,135.30,134.54,134.92,552,12,0
1685131200,134.88,135.13,134.51,134.60,517,12,0
1685134800,134.60,134.91,134.44,134.63,436,12,0
1685138400,134.64,135.41,134.58,135.06,840,12,0
1685462400,134.17,134.63,133.62,134.31,499,12,0
1685466000,134.31,134.82,134.06,134.73,724,12,0
1685469600,134.76,135.55,134.62,135.31,442,12,0
1685473200,135.30,135.72,135.08,135.53,374,12,0
1685476800,135.51,135.64,135.15,135.33,407,12,0
1685480400,135.33,135.44,135.05,135.05,393,12,0
1685484000,135.05,135.22,134.94,135.09,531,12,0
1685548800,135.91,137.60,135.23,137.44,536,12,0
1685552400,137.44,137.44,136.78,137.32,552,12,0
1685556000,137.32,138.36,137.23,138.36,543,12,0
1685559600,138.36,138.64,138.13,138.59,465,12,0
1685563200,138.57,138.58,137.55,137.60,438,12,0
1685566800,137.60,137.75,137.41,137.54,447,12,0
1685570400,137.52,137.82,137.01,137.20,741,12,0
1685635200,137.34,137.68,137.09,137.29,283,14,0
1685638800,137.25,138.48,137.19,138.32,1002,12,0
1685642400,138.32,138.95,138.18,138.25,645,12,0
1685646000,138.28,138.85,138.28,138.44,720,12,0
1685649600,138.44,138.78,138.26,138.54,731,12,0
1685653200,138.54,138.83,138.41,138.52,804,12,0
1685656800,138.51,139.13,138.49,138.84,800,12,0
1685721600,128.80,130.53,126.35,126.38,2093,12,0
1685725200,126.38,127.79,124.83,126.11,2366,12,0
1685728800,126.11,129.09,125.86,127.42,1947,12,0
1685732400,127.42,129.79,127.01,129.47,1778,12,0
1685736000,129.35,129.93,128.93,128.97,1393,12,0
1685739600,128.96,129.20,127.95,128.98,1125,12,0
1685743200,128.99,131.17,127.90,131.13,1339,12,0
1685980800,131.57,132.45,130.82,132.23,670,12,0
1685984400,132.23,132.93,131.94,132.81,1137,12,0
1685988000,132.82,132.82,132.31,132.49,828,12,0
1685991600,132.49,132.66,131.74,131.96,610,12,0
1685995200,131.96,132.36,131.78,132.17,669,12,0
1685998800,132.17,132.48,131.75,132.22,647,12,0
1686002400,132.23,132.63,132.10,132.16,703,12,0
1686067200,131.15,131.78,129.55,129.70,718,12,0
1686070800,129.72,130.66,128.52,128.71,1062,12,0
1686074400,128.68,128.84,127.47,127.64,955,12,0
1686078000,127.65,128.70,127.65,128.13,621,12,0
1686081600,128.13,128.41,127.64,127.76,548,12,0
1686085200,127.75,127.94,127.67,127.89,501,12,0
1686088800,127.87,128.84,127.86,128.56,680,12,0
1686153600,128.70,128.84,126.99,127.33,605,12,0
1686157200,127.33,127.64,125.99,126.46,1313,12,0
1686160800,126.46,126.70,126.16,126.40,1097,12,0
1686164400,126.41,127.40,126.34,127.16,958,12,0
1686168000,127.16,127.36,126.99,127.01,763,12,0
1686171600,127.01,127.07,126.33,126.34,598,12,0
1686175200,126.34,126.92,126.21,126.47,811,12,0
1686240000,127.74,130.29,127.74,129.47,744,12,0
1686243600,129.44,129.92,129.01,129.45,842,12,0
1686247200,129.45,129.51,129.29,129.40,506,12,0
1686250800,129.39,129.97,129.33,129.65,538,12,0
1686254400,129.64,129.86,129.30,129.38,526,12,0
1686258000,129.38,129.69,129.25,129.68,393,12,0
1686261600,129.70,130.32,129.64,130.23,592,12,0
1686326400,130.01,131.15,129.94,130.09,464,12,0
1686330000,130.10,130.71,129.99,130.42,757,12,0
1686333600,130.43,131.10,130.30,130.49,631,12,0
1686337200,130.48,130.72,130.23,130.62,559,12,0
1686340800,130.62,131.33,130.58,131.26,520,12,0
1686344400,131.26,131.66,131.10,131.60,495,12,0
1686348000,131.60,131.82,131.15,131.26,686,12,0
1686585600,131.45,131.69,130.25,130.64,425,12,0
1686589200,130.64,130.64,129.59,129.64,782,12,0
1686592800,129.63,130.07,129.38,129.71,558,12,0
1686596400,129.70,129.95,129.49,129.63,446,12,0
1686600000,129.61,129.96,129.44,129.95,335,12,0
1686603600,129.96,130.24,129.77,130.24,329,12,0
1686607200,130.24,130.88,130.08,130.76,566,12,0
1686672000,130.48,130.48,129.60,129.76,420,12,0
1686675600,129.76,129.95,129.37,129.76,965,12,0
1686679200,129.77,129.89,129.27,129.35,684,12,0
1686682800,129.35,129.44,129.07,129.43,638,12,0
1686686400,129.43,130.23,129.42,130.07,616,12,0
1686690000,130.07,130.20,129.61,129.65,634,12,0
1686693600,129.65,129.86,129.63,129.86,619,12,0
1686758400,129.47,129.59,128.54,129.22,729,12,0
1686762000,129.22,129.22,128.61,128.71,1138,12,0
1686765600,128.72,129.18,128.64,128.74,990,12,0
1686769200,128.75,128.75,127.84,127.85,734,12,0
1686772800,127.79,128.36,127.66,128.14,841,12,0
1686776400,128.14,128.34,127.69,128.07,1663,12,0
1686780000,128.07,128.46,127.89,127.99,1361,12,0
1686844800,130.27,131.89,129.51,131.51,1117,12,0
1686848400,131.51,131.80,131.02,131.51,1361,12,0
1686852000,131.52,133.00,131.48,132.85,1224,12,0
1686855600,132.85,133.18,132.65,132.96,708,12,0
1686859200,132.95,133.04,132.45,132.82,832,12,0
1686862800,132.82,132.87,132.35,132.77,941,12,0
1686866400,132.79,132.93,132.52,132.68,879,12,0
1686931200,131.21,131.90,131.01,131.83,936,12,0
1686934800,131.89,131.95,131.22,131.51,1001,12,0
1686938400,131.51,131.73,131.27,131.47,659,12,0
1686942000,131.47,131.50,131.22,131.29,500,12,0
1686945600,131.32,131.36,130.87,131.29,462,12,0
1686949200,131.29,131.54,130.95,130.96,461,12,0
1686952800,130.97,131.40,130.63,130.81,755,12,0
1687276800,131.22,131.44,130.44,130.54,627,12,0
1687280400,130.54,131.36,130.52,130.88,1046,12,0
1687284000,130.88,131.26,129.77,131.09,1114,12,0
1687287600,131.09,131.47,130.56,131.22,841,12,0
1687291200,131.21,131.54,131.13,131.41,644,12,0
1687294800,131.40,131.83,131.38,131.61,729,12,0
1687298400,131.62,131.64,131.14,131.17,637,12,0
1687363200,130.99,131.55,130.94,131.41,506,12,0
1687366800,131.41,132.92,131.34,132.88,1017,12,0
1687370400,132.89,133.41,132.80,133.24,913,12,0
1687374000,133.26,133.78,133.10,133.52,728,12,0
1687377600,133.52,133.73,133.17,133.30,624,12,0
1687381200,133.30,133.36,132.83,132.86,474,12,0
1687384800,132.87,132.87,132.51,132.59,514,12,0
1687449600,132.69,133.37,132.64,132.80,364,12,0
1687453200,132.82,133.45,132.75,133.38,904,12,0
1687456800,133.37,133.46,133.04,133.05,659,12,0
1687460400,133.03,133.51,132.83,133.34,546,12,0
1687464000,133.33,133.42,133.12,133.35,492,12,0
1687467600,133.36,133.97,133.35,133.93,607,12,0
1687471200,133.94,134.40,133.80,134.28,712,12,0
1687536000,133.68,134.51,133.53,134.15,627,12,0
1687539600,134.15,134.20,133.65,133.86,947,12,0
1687543200,133.86,134.09,133.35,133.41,632,12,0
1687546800,133.42,133.73,133.28,133.52,491,12,0
1687550400,133.52,133.52,133.09,133.09,496,12,0
1687554000,133.09,133.09,132.54,132.67,508,12,0
1687557600,132.68,133.05,132.58,132.72,696,12,0
1687795200,133.03,134.74,132.84,134.71,532,12,0
1687798800,134.74,134.76,133.99,134.41,748,12,0
1687802400,134.40,134.56,134.03,134.47,641,12,0
1687806000,134.44,134.77,134.36,134.40,689,12,0
1687809600,134.41,134.75,134.33,134.56,561,12,0
1687813200,134.56,134.62,134.22,134.37,369,12,0
1687816800,134.37,134.91,134.29,134.81,572,12,0
1687881600,134.60,135.68,134.60,135.65,506,12,0
1687885200,135.66,136.09,135.46,135.93,716,12,0
1687888800,135.94,136.16,135.71,136.09,666,12,0
1687892400,136.09,136.24,135.68,136.15,563,12,0
1687896000,136.14,136.52,136.09,136.49,608,12,0
1687899600,136.49,136.53,136.31,136.33,465,12,0
1687903200,136.34,136.42,136.03,136.13,668,12,0
1687968000,136.17,136.19,135.02,135.36,599,12,0
1687971600,135.33,135.76,135.24,135.65,914,12,0
1687975200,135.66,135.85,135.48,135.59,785,12,0
1687978800,135.59,135.72,135.18,135.39,775,12,0
1687982400,135.39,135.74,135.34,135.60,656,12,0
1687986000,135.61,135.89,135.54,135.60,654,12,0
1687989600,135.61,136.26,135.55,136.21,980,12,0
1688054400,135.66,137.02,135.66,136.38,623,12,0
1688058000,136.38,136.51,135.98,136.33,978,12,0
1688061600,136.33,137.10,136.33,137.08,700,12,0
1688065200,137.07,137.21,136.79,136.84,576,12,0
1688068800,136.82,136.89,136.65,136.79,446,12,0
1688072400,136.79,136.95,136.56,136.90,470,12,0
1688076000,136.90,137.18,136.71,136.75,736,12,0
1688140800,137.08,138.21,137.03,137.80,596,12,0
1688144400,137.81,138.31,137.61,138.23,713,12,0
1688148000,138.23,138.47,137.91,138.31,639,12,0
1688151600,138.29,138.82,138.21,138.80,565,12,0
1688155200,138.80,138.95,138.59,138.75,472,12,0
1688158800,138.75,138.85,138.56,138.77,520,12,0
1688162400,138.78,139.11,138.63,138.82,634,12,0
1688400000,138.45,139.06,138.12,138.29,352,12,0
1688403600,138.29,139.03,138.10,138.97,659,12,0
1688407200,138.96,139.33,138.84,139.29,679,12,0
1688410800,139.30,139.81,139.18,139.27,907,12,0
1688572800,138.76,139.42,137.87,138.61,505,12,0
1688576400,138.64,139.11,138.16,139.11,577,12,0
1688580000,139.11,139.41,138.90,139.06,514,12,0
1688583600,139.05,139.43,138.89,139.37,396,12,0
1688587200,139.39,139.53,139.08,139.11,383,12,0
1688590800,139.13,139.24,138.92,139.16,418,12,0
1688594400,139.16,139.57,139.05,139.50,550,12,0
1688659200,138.46,139.30,138.46,139.01,483,12,0
1688662800,138.97,139.20,138.52,139.12,623,12,0
1688666400,139.12,139.53,139.04,139.12,591,12,0
1688670000,139.12,139.49,139.02,139.43,490,12,0
1688673600,139.43,139.64,139.37,139.51,353,12,0
1688677200,139.52,139.54,139.26,139.37,297,12,0
1688680800,139.37,139.38,138.86,139.14,511,12,0
1688745600,138.15,138.84,137.80,138.72,363,12,0
1688749200,138.73,139.27,138.52,138.89,705,12,0
1688752800,138.89,139.41,138.84,138.92,393,12,0
1688756400,138.95,139.59,138.85,139.55,470,12,0
1688760000,139.55,139.87,139.40,139.46,321,12,0
1688763600,139.48,139.54,139.30,139.40,292,12,0
1688767200,139.40,139.43,138.72,138.91,510,12,0
1689004800,138.87,140.27,138.87,140.02,402,12,0
1689008400,140.02,140.17,138.97,139.31,557,12,0
1689012000,139.31,139.56,139.02,139.35,601,12,0
1689015600,139.35,139.88,139.12,139.74,448,12,0
1689019200,139.74,140.12,139.62,139.96,438,12,0
1689022800,139.96,139.96,139.40,139.43,469,12,0
1689026400,139.43,139.43,138.00,138.25,859,12,0
1689091200,137.88,138.96,137.88,138.69,357,12,0
1689094800,138.78,139.32,137.87,139.32,689,12,0
1689098400,139.32,139.70,138.95,139.70,541,12,0
1689102000,139.71,139.90,139.17,139.38,458,12,0
1689105600,139.39,139.63,139.30,139.60,414,12,0
1689109200,139.61,139.63,139.05,139.46,546,12,0
1689112800,139.46,140.01,139.30,139.97,619,12,0
1689177600,140.69,141.16,139.82,140.22,391,12,0
1689181200,140.22,140.88,140.00,140.37,615,12,0
1689184800,140.38,140.38,139.55,139.83,621,12,0
1689188400,139.83,140.24,139.50,140.16,537,12,0
1689192000,140.16,140.51,140.13,140.46,375,12,0
1689195600,140.46,140.77,140.35,140.77,361,12,0
1689199200,140.78,141.10,140.56,140.80,595,12,0
1689264000,140.93,141.05,139.42,139.50,365,12,0
1689267600,139.50,139.76,139.06,139.32,699,12,0
1689271200,139.32,139.82,139.11,139.82,419,12,0
1689274800,139.83,140.14,139.81,139.86,416,12,0
1689278400,139.82,140.05,139.64,139.86,323,12,0
1689282000,139.86,140.17,139.77,139.98,323,12,0
1689285600,139.98,140.89,139.97,140.67,529,12,0
1689350400,138.70,139.83,138.70,139.37,662,12,0
1689354000,139.32,140.02,138.36,139.92,969,12,0
1689357600,139.92,140.25,139.64,139.77,502,12,0
1689361200,139.76,140.22,139.74,140.15,483,12,0
1689364800,140.15,140.20,139.55,139.70,439,12,0
1689368400,139.70,139.98,139.59,139.96,471,12,0
1689372000,139.96,140.19,139.44,139.50,773,12,0
1689609600,139.31,139.51,137.69,139.29,496,12,0
1689613200,139.29,139.57,139.01,139.52,733,12,0
1689616800,139.47,139.49,138.75,138.95,602,12,0
1689620400,138.95,139.08,137.91,138.07,589,12,0
1689624000,138.07,138.51,137.98,138.20,518,12,0
1689627600,138.24,138.33,137.96,138.33,526,12,0
1689631200,138.36,138.69,137.85,137.89,883,12,0
1689696000,137.91,140.28,137.50,139.85,603,12,0
1689699600,139.85,140.37,139.66,140.15,794,12,0
1689703200,140.15,140.38,138.95,139.06,873,12,0
1689706800,139.06,139.09,137.89,138.13,908,12,0
1689710400,138.11,138.47,137.84,138.16,613,12,0
1689714000,138.15,138.54,138.10,138.37,425,12,0
1689717600,138.34,138.57,138.20,138.45,621,12,0
1689782400,139.48,140.28,139.48,139.79,505,13,0
1689786000,139.80,140.00,138.46,138.49,880,12,0
1689789600,138.53,138.88,138.13,138.34,813,12,0
1689793200,138.34,138.35,137.65,137.78,628,12,0
1689796800,137.78,138.18,137.60,138.06,538,12,0
1689800400,138.07,138.11,137.70,137.81,439,12,0
1689804000,137.79,137.79,137.30,137.55,677,12,0
1689868800,138.21,140.19,138.21,139.69,616,12,0
1689872400,139.69,140.73,139.60,140.01,1079,12,0
1689876000,140.01,140.81,139.91,140.65,700,12,0
1689879600,140.65,140.88,140.50,140.80,501,12,0
1689883200,140.80,141.19,140.64,140.77,546,12,0
1689886800,140.77,140.84,140.26,140.45,660,12,0
1689890400,140.46,140.49,139.84,140.09,930,12,0
1689955200,140.47,141.72,140.23,140.78,573,12,0
1689958800,140.84,141.19,140.01,140.48,1060,12,0
1689962400,140.50,140.84,140.37,140.80,737,12,0
1689966000,140.79,140.91,140.62,140.71,559,12,0
1689969600,140.73,140.79,140.30,140.68,463,12,0
1689973200,140.69,140.85,140.52,140.79,542,12,0
1689976800,140.78,141.43,140.55,140.67,944,12,0
1690214400,140.43,141.91,140.43,141.45,564,12,0
1690218000,141.45,142.13,141.45,142.06,1043,12,0
1690221600,142.04,142.04,141.19,141.21,884,12,0
1690225200,141.22,142.28,141.22,142.25,767,12,0
1690228800,142.26,142.36,141.53,142.36,616,12,0
1690232400,142.33,142.40,141.77,141.96,584,12,0
1690236000,141.97,142.04,141.18,141.32,779,12,0
1690300800,142.19,142.58,140.83,141.01,547,12,0
1690304400,141.00,141.67,140.87,141.50,893,12,0
1690308000,141.51,142.17,141.33,141.74,722,12,0
1690311600,141.80,142.30,141.75,142.14,472,12,0
1690315200,142.14,142.41,141.94,142.34,442,12,0
1690318800,142.34,142.58,142.14,142.18,488,12,0
1690322400,142.18,142.76,142.13,142.42,841,12,0
1690387200,141.05,141.59,139.67,140.95,705,12,0
1690390800,140.95,141.68,140.89,141.35,1060,12,0
1690394400,141.34,141.34,140.79,141.19,718,12,0
1690398000,141.19,141.33,140.84,140.85,588,12,0
1690401600,140.85,141.01,140.64,140.65,389,12,0
1690405200,140.65,141.09,140.42,140.79,744,12,0
1690408800,140.79,141.03,140.27,141.02,877,12,0
1690473600,141.65,142.44,141.14,141.59,494,12,0
1690477200,141.58,141.79,140.82,140.84,921,12,0
1690480800,140.85,141.30,140.62,140.72,763,12,0
1690484400,140.78,141.21,140.77,141.06,574,12,0
1690488000,141.06,141.22,140.34,140.44,841,12,0
1690491600,140.44,140.56,139.51,139.86,971,12,0
1690495200,139.86,140.21,139.31,139.87,999,12,0
1690560000,138.85,141.59,138.59,141.31,811,12,0
1690563600,141.31,141.67,139.91,141.29,785,12,0
1690567200,141.31,142.06,140.75,141.64,698,12,0
1690570800,141.51,141.59,140.93,141.26,637,12,0
1690574400,141.26,141.82,140.89,141.04,593,12,0
1690578000,141.01,141.82,140.84,141.56,646,12,0
1690581600,141.56,141.85,140.48,140.76,883,12,0
1690819200,140.47,140.52,138.74,138.77,619,12,0
1690822800,138.82,139.00,137.33,138.44,764,12,0
1690826400,138.44,138.55,137.94,138.05,556,12,0
1690830000,138.05,138.34,137.40,137.43,463,12,0
1690833600,137.40,137.92,137.20,137.86,496,12,0
1690837200,137.84,137.90,137.31,137.57,467,12,0
1690840800,137.57,137.70,137.13,137.70,654,12,0
1690905600,137.98,138.33,136.83,136.83,534,12,0
1690909200,136.80,137.14,135.86,136.00,769,12,0
1690912800,136.01,136.34,135.78,136.30,531,12,0
1690916400,136.30,136.98,136.30,136.88,442,12,0
1690920000,136.89,137.11,136.78,137.08,353,12,0
1690923600,137.08,137.50,137.07,137.44,407,12,0
1690927200,137.44,137.61,137.19,137.20,623,12,0
1690992000,136.98,137.02,136.40,136.58,538,12,0
1690995600,136.58,136.58,135.31,136.01,770,12,0
1690999200,136.01,136.01,135.19,135.81,590,12,0
1691002800,135.82,136.22,135.69,136.02,523,12,0
1691006400,136.04,136.14,135.60,135.81,565,12,0
1691010000,135.81,136.08,135.69,136.02,415,12,0
1691013600,136.03,136.22,135.73,135.74,638,12,0
1691078400,135.20,135.85,135.04,135.42,341,12,0
1691082000,135.42,135.56,134.65,134.72,579,12,0
1691085600,134.72,135.25,134.72,134.94,496,12,0
1691089200,134.94,135.59,134.79,135.58,385,12,0
1691092800,135.58,135.78,135.43,135.53,372,12,0
1691096400,135.53,135.59,135.33,135.41,314,12,0
1691100000,135.44,135.48,135.04,135.28,543,12,0
1691164800,135.57,136.28,135.34,135.42,354,12,0
1691168400,135.42,135.96,135.20,135.50,629,12,0
1691172000,135.52,136.18,135.50,136.07,414,12,0
1691175600,136.07,136.21,135.84,136.06,335,12,0
1691179200,136.06,136.06,135.60,135.70,322,12,0
1691182800,135.64,135.64,134.98,135.05,579,12,0
1691186400,135.05,135.13,134.40,134.44,754,12,0
1691424000,134.81,135.96,134.81,135.77,365,12,0
1691427600,135.77,136.45,135.69,136.04,600,12,0
1691431200,136.04,136.28,135.86,136.17,488,12,0
1691434800,136.17,136.65,136.11,136.63,366,12,0
1691438400,136.65,136.99,136.64,136.79,396,12,0
1691442000,136.79,137.10,136.67,137.01,358,12,0
1691445600,137.01,137.09,136.51,136.56,590,12,0
1691510400,136.25,137.30,136.25,136.66,471,12,0
1691514000,136.66,137.17,136.66,136.93,726,12,0
1691517600,136.93,137.49,136.93,137.27,578,12,0
1691521200,137.27,137.33,136.39,136.50,426,12,0
1691524800,136.50,136.61,136.17,136.38,542,12,0
1691528400,136.38,136.52,136.17,136.29,449,12,0
1691532000,136.28,136.62,136.13,136.22,730,12,0
1691596800,136.19,136.73,136.00,136.67,263,12,0
1691600400,136.60,138.27,136.58,137.81,532,12,0
1691604000,137.81,138.23,137.34,137.38,500,12,0
1691607600,137.34,137.79,137.26,137.55,436,12,0
1691611200,137.56,137.89,137.50,137.64,504,12,0
1691614800,137.64,137.91,137.50,137.55,503,12,0
1691618400,137.54,137.77,137.29,137.65,948,12,0
1691683200,138.30,139.10,138.30,138.88,422,12,0
1691686800,138.88,139.34,138.38,138.44,1033,12,0
1691690400,138.44,138.54,137.95,138.24,771,12,0
1691694000,138.24,138.65,138.14,138.23,631,12,0
1691697600,138.23,138.36,137.60,137.65,560,12,0
1691701200,137.63,138.20,137.59,138.18,575,12,0
1691704800,138.18,138.18,137.52,137.71,903,12,0
1691769600,137.02,137.98,136.85,137.88,354,12,0
1691773200,137.92,138.37,137.57,137.59,691,12,0
1691776800,137.61,137.94,137.46,137.94,466,12,0
1691780400,137.94,138.07,137.69,137.76,399,12,0
1691784000,137.75,138.02,137.60,137.72,353,12,0
1691787600,137.72,138.49,137.72,138.34,486,12,0
1691791200,138.34,138.44,138.14,138.26,673,12,0
1692028800,138.60,138.93,138.06,138.93,318,12,0
1692032400,138.93,139.61,138.82,139.59,511,12,0
1692036000,139.59,139.82,139.18,139.23,540,12,0
1692039600,139.23,139.37,138.77,139.16,347,12,0
1692043200,139.16,139.29,138.87,139.01,299,12,0
1692046800,139.01,139.01,138.71,138.86,291,12,0
1692050400,138.86,139.45,138.78,139.41,569,12,0
1692115200,138.36,139.30,138.02,139.10,504,12,0
1692118800,139.10,139.28,138.79,139.21,852,12,0
1692122400,139.22,139.52,139.04,139.43,567,12,0
1692126000,139.43,139.50,138.79,138.87,511,12,0
1692129600,138.84,138.92,138.46,138.59,493,12,0
1692133200,138.59,138.70,138.39,138.58,516,12,0
1692136800,138.58,138.70,138.27,138.50,861,12,0
1692201600,138.61,139.59,138.61,139.24,428,12,0
1692205200,139.23,139.34,138.87,139.30,710,12,0
1692208800,139.30,139.46,139.09,139.19,671,12,0
1692212400,139.19,139.49,138.94,138.95,507,12,0
1692216000,138.95,139.03,138.44,138.97,464,12,0
1692219600,138.97,139.11,138.69,138.79,679,12,0
1692223200,138.78,138.79,138.18,138.18,1060,12,0
1692288000,138.64,139.04,138.37,138.62,402,12,0
1692291600,138.62,138.77,137.29,137.31,736,12,0
1692295200,137.31,137.40,136.46,136.89,765,12,0
1692298800,136.92,136.96,136.36,136.49,623,12,0
1692302400,136.49,136.74,136.09,136.31,725,12,0
1692306000,136.32,136.40,136.08,136.28,715,12,0
1692309600,136.28,136.67,136.21,136.36,877,12,0
1692374400,136.26,137.20,136.03,137.08,593,12,0
1692378000,137.08,137.27,136.28,136.42,984,12,0
1692381600,136.44,136.75,136.10,136.41,939,12,0
1692385200,136.40,136.47,136.04,136.10,597,12,0
1692388800,136.10,136.24,135.54,135.95,742,12,0
1692392400,135.96,136.06,135.73,135.81,716,12,0
1692396000,135.83,136.43,135.67,136.08,813,12,0
1692633600,135.78,136.46,135.56,135.87,477,12,0
1692637200,135.96,136.08,135.02,135.14,757,12,0
1692640800,135.16,135.32,134.66,135.17,734,12,0
1692644400,135.17,135.84,135.17,135.78,600,12,0
1692648000,135.79,135.92,135.47,135.80,592,12,0
1692651600,135.82,136.26,135.72,136.26,527,12,0
1692655200,136.27,136.45,135.44,135.48,806,12,0
1692720000,134.97,135.21,134.43,134.79,477,12,0
1692723600,134.79,135.00,134.70,134.83,740,12,0
1692727200,134.84,134.89,134.37,134.86,643,12,0
1692730800,134.86,135.15,134.67,134.67,619,12,0
1692734400,134.67,134.74,134.19,134.22,435,12,0
1692738000,134.22,134.54,134.14,134.45,528,12,0
1692741600,134.45,135.25,134.41,135.12,693,12,0
1692806400,136.07,136.63,135.85,136.49,455,12,0
1692810000,136.54,136.74,136.13,136.49,756,12,0
1692813600,136.50,136.54,135.94,136.06,638,12,0
1692817200,136.06,136.22,135.70,136.18,362,12,0
1692820800,136.17,136.63,136.11,136.38,392,12,0
1692824400,136.37,136.42,136.16,136.32,513,12,0
1692828000,136.31,136.42,136.12,136.27,542,12,0
1692892800,134.65,136.18,134.52,135.91,734,12,0
1692896400,135.98,136.04,133.65,133.67,1245,12,0
1692900000,133.67,133.97,133.45,133.91,952,12,0
1692903600,133.92,134.27,133.45,133.46,600,12,0
1692907200,133.47,133.81,133.44,133.50,730,12,0
1692910800,133.50,133.67,133.14,133.64,747,12,0
1692914400,133.63,133.98,133.26,133.28,1021,12,0
1692979200,132.86,133.25,131.71,132.29,558,12,0
1692982800,132.40,133.29,131.39,133.25,1375,12,0
1692986400,133.26,133.81,133.03,133.18,1239,12,0
1692990000,133.19,133.32,132.92,132.95,1280,12,0
1692993600,132.91,133.08,132.59,132.79,852,12,0
1692997200,132.77,133.59,132.74,133.53,778,12,0
1693000800,133.54,133.89,133.23,133.25,1054,12,0
1693238400,133.88,134.75,133.88,134.40,455,20,0
1693242000,134.43,134.88,134.36,134.62,750,20,0
1693245600,134.62,134.71,134.25,134.61,566,20,0
1693249200,134.59,134.75,134.28,134.52,472,20,0
1693252800,134.52,134.84,134.51,134.59,537,20,0
1693256400,134.59,134.88,134.41,134.87,459,20,0
1693260000,134.89,135.17,134.68,135.07,733,20,0
1693324800,135.44,136.21,134.94,136.00,502,21,0
1693328400,136.03,136.95,135.85,136.16,1044,20,0
1693332000,136.18,136.18,135.81,135.89,746,20,0
1693335600,135.90,136.06,135.80,136.01,593,20,0
1693339200,136.01,136.15,135.78,135.96,582,20,0
1693342800,135.96,136.49,135.91,136.44,648,20,0
1693346400,136.44,136.75,136.35,136.66,714,20,0
1693411200,137.11,137.71,137.11,137.63,426,20,0
1693414800,137.64,137.73,136.90,137.17,798,20,0
1693418400,137.17,137.21,136.62,136.71,461,20,0
1693422000,136.71,137.15,136.61,137.10,472,20,0
1693425600,137.10,137.43,137.04,137.43,437,20,0
1693429200,137.43,137.71,137.32,137.62,579,20,0
1693432800,137.63,137.64,137.17,137.27,674,20,0
1693497600,137.56,137.90,137.16,137.23,501,20,0
1693501200,137.23,137.23,136.46,136.87,660,20,0
1693504800,136.88,137.24,136.79,137.02,527,20,0
1693508400,137.02,137.37,136.90,137.12,426,20,0
1693512000,137.14,137.41,136.65,136.71,466,20,0
1693515600,136.71,136.76,136.28,136.36,555,20,0
1693519200,136.36,136.78,136.05,136.13,740,20,0
1693584000,136.86,136.97,136.07,136.61,619,20,0
1693587600,136.53,137.45,136.52,137.16,1164,20,0
1693591200,137.15,137.42,136.87,137.05,577,20,0
1693594800,137.05,137.29,136.78,137.23,657,20,0
1693598400,137.23,137.24,136.87,137.00,429,20,0
1693602000,137.02,137.25,136.94,137.08,426,20,0
1693605600,137.07,137.55,136.91,137.21,653,20,0
1693929600,137.15,138.57,137.13,138.08,610,20,0
1693933200,138.08,138.56,137.35,137.51,833,20,0
1693936800,137.49,137.49,136.53,136.75,602,20,0
1693940400,136.75,137.09,136.56,136.58,387,20,0
1693944000,136.57,136.70,136.38,136.69,402,20,0
1693947600,136.69,137.03,136.48,137.03,349,20,0
1693951200,137.06,137.14,136.77,136.78,616,20,0
1694016000,136.55,137.03,136.06,137.00,492,20,0
1694019600,136.94,137.73,136.91,137.25,855,20,0
1694023200,137.25,137.25,136.67,137.14,563,20,0
1694026800,137.15,137.60,137.09,137.24,518,20,0
1694030400,137.24,138.83,133.51,134.67,2118,20,0
1694034000,134.67,134.89,132.30,132.91,1325,20,0
1694037600,132.83,134.09,132.83,134.04,1188,20,0
1694102400,134.49,138.10,134.36,137.85,1002,20,0
1694106000,137.93,139.02,137.64,138.74,936,20,0
1694109600,138.77,139.82,138.71,139.28,804,20,0
1694113200,139.28,139.60,138.87,138.92,487,20,0
1694116800,138.93,139.14,138.04,138.06,499,20,0
1694120400,138.06,138.13,137.26,137.42,594,20,0
1694124000,137.42,137.44,136.89,137.17,625,20,0
1694188800,137.75,137.85,136.58,137.80,405,20,0
1694192400,137.80,139.25,137.68,138.54,809,20,0
1694196000,138.54,138.64,138.22,138.27,548,20,0
1694199600,138.25,138.61,138.03,138.11,491,20,0
1694203200,138.10,138.42,137.94,138.28,424,20,0
1694206800,138.28,138.36,137.44,137.60,620,20,0
1694210400,137.61,137.91,137.39,137.51,723,20,0
1694448000,138.03,139.47,137.91,139.45,513,20,0
1694451600,139.47,140.52,139.39,139.98,804,20,0
1694455200,139.98,140.06,139.41,139.66,570,20,0
1694458800,139.66,140.47,139.47,140.47,489,20,0
1694462400,140.48,141.14,140.46,140.50,595,20,0
1694466000,140.50,140.69,140.37,140.39,510,20,0
1694469600,140.39,140.47,139.82,140.15,610,20,0
1694534400,140.11,140.41,138.84,139.28,439,20,0
1694538000,139.27,139.62,138.75,139.21,696,20,0
1694541600,139.22,139.62,138.97,139.41,550,20,0
1694545200,139.41,139.68,139.26,139.68,434,20,0
1694548800,139.72,140.48,139.68,140.35,564,20,0
1694552400,140.35,140.49,139.99,140.27,552,20,0
1694556000,140.27,140.28,139.90,139.99,764,20,0
1694620800,140.09,140.27,139.70,140.02,356,20,0
1694624400,140.08,141.23,140.06,141.18,616,20,0
1694628000,141.21,141.58,141.12,141.32,575,20,0
1694631600,141.31,142.03,141.26,141.57,479,20,0
1694635200,141.56,141.68,141.17,141.61,439,20,0
1694638800,141.62,141.86,141.40,141.50,537,20,0
1694642400,141.49,141.58,141.18,141.40,722,20,0
1694707200,141.50,141.87,141.08,141.84,391,20,0
1694710800,141.88,143.00,141.71,142.94,917,20,0
1694714400,142.94,143.69,142.91,143.63,691,20,0
1694718000,143.71,144.02,143.35,143.83,651,20,0
1694721600,143.82,143.86,143.13,143.47,478,20,0
1694725200,143.47,143.57,142.87,143.20,453,20,0
1694728800,143.20,143.52,142.91,143.01,727,20,0
1694793600,143.55,144.65,143.55,144.47,629,20,0
1694797200,144.52,144.82,143.21,143.22,882,20,0
1694800800,143.22,143.26,142.16,142.65,703,20,0
1694804400,142.65,142.79,142.21,142.37,522,20,0
1694808000,142.38,142.44,141.53,141.89,507,20,0
1694811600,141.89,142.00,141.57,141.77,589,20,0
1694815200,141.77,141.94,141.35,141.84,741,20,0
1695052800,143.16,143.18,141.58,141.77,413,21,0
1695056400,141.74,142.26,141.53,141.91,821,20,0
1695060000,141.91,142.08,141.25,141.35,520,20,0
1695063600,141.35,141.52,140.96,140.97,514,20,0
1695067200,140.97,141.02,140.69,140.96,496,20,0
1695070800,140.96,141.41,140.88,141.08,542,20,0
1695074400,141.03,141.06,140.52,140.69,678,20,0
1695139200,140.90,140.93,140.07,140.83,287,20,0
1695142800,140.83,141.09,140.29,141.00,598,20,0
1695146400,141.00,141.10,140.70,140.97,622,20,0
1695150000,140.98,141.37,140.91,141.37,605,20,0
1695153600,141.36,142.23,141.33,141.98,633,20,0
1695157200,141.99,142.31,141.89,141.91,567,20,0
1695160800,141.91,142.38,141.77,142.38,750,20,0
1695225600,142.67,142.91,142.20,142.42,286,20,0
1695229200,142.41,142.53,141.65,141.67,507,20,0
1695232800,141.68,142.00,141.30,141.92,534,20,0
1695236400,141.93,142.73,141.77,142.69,588,20,0
1695240000,142.70,142.79,142.26,142.29,469,20,0
1695243600,142.16,142.24,141.70,141.78,851,20,0
1695247200,141.78,142.26,141.50,142.02,1193,20,0
1695312000,141.71,142.69,141.47,142.45,449,20,0
1695315600,142.45,142.91,141.16,141.28,907,20,0
1695319200,141.28,141.49,140.59,140.80,793,20,0
1695322800,140.80,140.98,140.33,140.52,555,20,0
1695326400,140.53,140.84,140.35,140.82,825,20,0
1695330000,140.82,140.96,140.40,140.44,560,20,0
1695333600,140.42,140.57,139.84,139.88,750,20,0
1695398400,139.34,139.76,139.27,139.66,562,20,0
1695402000,139.66,140.02,139.61,139.66,589,20,0
1695405600,139.66,140.01,139.58,139.89,464,20,0
1695409200,139.89,140.10,139.72,140.10,331,20,0
1695412800,140.09,140.17,139.59,139.69,446,20,0
1695416400,139.69,139.80,139.29,139.50,478,20,0
1695420000,139.50,140.00,139.24,139.30,747,20,0
1695657600,138.50,138.69,138.16,138.27,370,20,0
1695661200,138.30,138.81,138.08,138.60,613,20,0
1695664800,138.60,139.41,138.42,138.99,437,20,0
1695668400,139.00,139.21,138.80,138.94,430,20,0
1695672000,138.88,139.34,138.84,139.30,373,20,0
1695675600,139.30,139.70,139.25,139.48,582,20,0
1695679200,139.48,139.92,139.45,139.86,762,20,0
1695744000,139.67,140.54,139.53,140.04,432,21,0
1695747600,140.03,140.44,139.81,140.44,412,20,0
1695751200,140.44,141.03,140.40,140.79,396,20,0
1695754800,140.79,141.17,140.64,140.72,255,20,0
1695758400,140.72,140.92,140.45,140.68,438,20,0
1695762000,140.68,140.97,140.63,140.87,411,20,0
1695765600,140.82,140.84,140.10,140.35,684,20,0
1695830400,140.31,140.68,139.73,139.75,339,20,0
1695834000,139.70,140.18,139.35,139.35,704,20,0
1695837600,139.35,139.65,138.95,139.49,563,20,0
1695841200,139.48,139.61,139.37,139.42,473,20,0
1695844800,139.46,139.48,138.52,138.66,462,20,0
1695848400,138.67,139.91,138.60,139.74,616,20,0
1695852000,139.74,140.03,139.30,139.61,815,20,0
1695916800,140.16,140.61,139.77,140.27,391,21,0
1695920400,140.29,140.59,139.29,139.47,564,20,0
1695924000,139.47,139.89,139.11,139.88,611,20,0
1695927600,139.88,140.30,139.85,140.00,484,20,0
1695931200,140.00,140.01,139.41,139.48,523,20,0
1695934800,139.49,139.73,139.40,139.52,441,20,0
1695938400,139.52,139.88,139.44,139.57,659,20,0
1696003200,139.69,140.28,139.54,140.09,421,20,0
1696006800,140.10,140.32,139.94,140.14,537,20,0
1696010400,140.15,140.54,140.02,140.18,546,20,0
1696014000,140.16,140.76,139.99,140.08,428,20,0
1696017600,140.09,140.18,139.68,139.77,452,20,0
1696021200,139.77,140.08,139.64,140.01,405,20,0
1696024800,140.03,140.28,139.77,139.82,670,20,0
1696262400,140.14,140.16,139.06,139.92,444,20,0
1696266000,139.92,140.37,139.35,139.58,809,20,0
1696269600,139.58,139.88,138.60,138.71,739,20,0
1696273200,138.69,138.83,138.41,138.79,484,20,0
1696276800,138.79,139.05,138.73,138.84,476,20,0
1696280400,138.84,139.35,138.76,138.90,469,20,0
1696284000,138.90,139.37,138.88,139.19,730,20,0
1696348800,138.41,138.59,137.64,137.67,416,20,0
1696352400,137.68,137.69,136.18,136.71,834,20,0
1696356000,136.69,137.30,136.42,136.77,600,20,0
1696359600,136.77,136.98,136.63,136.72,478,20,0
1696363200,136.71,136.85,136.15,136.33,363,20,0
1696366800,136.35,136.62,136.11,136.57,501,20,0
1696370400,136.57,136.70,136.15,136.33,761,20,0
1696435200,136.33,137.00,135.70,136.07,441,20,0
1696438800,136.07,136.46,135.88,136.12,1025,20,0
1696442400,136.12,137.25,136.01,137.14,646,20,0
1696446000,137.15,137.86,137.05,137.31,507,20,0
1696449600,137.31,137.62,137.11,137.24,536,20,0
1696453200,137.24,137.86,137.22,137.79,709,20,0
1696456800,137.79,138.30,137.74,137.98,916,20,0
1696521600,137.94,138.39,137.54,137.72,450,21,0
1696525200,137.71,137.86,136.71,137.03,1083,20,0
1696528800,137.04,137.33,136.89,137.16,1203,20,0
1696532400,137.16,137.58,137.07,137.36,906,20,0
1696536000,137.38,137.69,137.05,137.68,587,20,0
1696539600,137.68,138.33,137.68,138.02,646,20,0
1696543200,138.03,138.25,137.22,137.23,896,20,0
1696608000,136.95,137.97,136.71,137.57,751,20,0
1696611600,137.57,137.88,137.03,137.76,791,20,0
1696615200,137.77,138.82,137.33,138.80,814,20,0
1696618800,138.81,138.86,138.51,138.62,529,20,0
1696622400,138.63,139.11,138.49,138.88,543,20,0
1696626000,138.88,139.36,138.75,139.09,550,20,0
1696629600,139.08,139.29,138.67,138.89,993,20,0
1696867200,139.28,139.37,138.60,139.27,538,20,0
1696870800,139.25,139.38,138.90,139.13,815,20,0
1696874400,139.15,139.71,139.10,139.63,551,20,0
1696878000,139.63,139.63,139.02,139.32,394,20,0
1696881600,139.32,140.34,139.32,140.34,617,20,0
1696885200,140.35,140.53,139.99,140.45,704,20,0
1696888800,140.45,140.57,139.87,140.03,976,20,0
1696953600,140.10,140.83,140.03,140.54,665,20,0
1696957200,140.55,141.40,140.51,141.15,1029,20,0
1696960800,141.14,141.95,141.12,141.85,923,20,0
1696964400,141.84,141.96,141.62,141.90,675,20,0
1696968000,141.86,141.98,141.49,141.92,883,20,0
1696971600,141.92,142.20,141.79,142.11,888,20,0
1696975200,142.13,142.36,141.91,142.32,975,20,0
1697040000,142.14,142.50,141.61,142.02,428,20,0
1697043600,142.02,143.07,141.95,142.86,874,20,0
1697047200,142.86,143.08,142.55,143.03,550,20,0
1697050800,143.02,143.40,142.91,143.34,553,20,0
1697054400,143.34,143.40,142.72,142.97,564,20,0
1697058000,142.99,143.20,142.73,142.90,588,20,0
1697061600,142.91,143.14,142.74,143.06,766,20,0
1697126400,143.48,143.71,142.17,142.24,432,20,0
1697130000,142.24,142.27,140.58,140.77,689,20,0
1697133600,140.82,140.88,139.73,140.08,691,20,0
1697137200,140.09,140.20,139.67,139.94,544,20,0
1697140800,139.94,140.03,139.63,139.93,738,20,0
1697144400,139.93,140.69,139.90,140.63,634,20,0
1697148000,140.64,141.35,140.50,141.04,1075,20,0
1697212800,141.54,142.28,141.45,141.92,399,20,0
1697216400,141.92,142.00,141.54,141.68,944,20,0
1697220000,141.68,141.77,140.46,140.47,829,20,0
1697223600,140.45,141.42,140.42,141.09,726,20,0
1697227200,141.10,141.30,140.75,141.26,1013,20,0
1697230800,141.25,141.49,141.19,141.36,1005,20,0
1697234400,141.37,141.74,141.10,141.54,1379,20,0
1697472000,142.72,143.28,142.20,142.89,339,20,0
1697475600,142.89,142.89,141.93,142.85,921,20,0
1697479200,142.86,143.07,142.44,142.80,789,20,0
1697482800,142.82,143.12,142.69,142.89,645,20,0
1697486400,142.85,143.56,142.62,143.48,839,20,0
1697490000,143.50,143.55,143.17,143.35,792,20,0
1697493600,143.34,143.53,142.98,143.14,943,20,0
1697558400,143.26,144.01,141.67,141.67,847,20,0
1697562000,141.68,142.79,141.34,142.53,1147,20,0
1697565600,142.54,142.89,142.52,142.73,889,20,0
1697569200,142.70,142.97,142.52,142.65,855,20,0
1697572800,142.65,142.89,142.28,142.38,737,20,0
1697576400,142.38,142.71,142.17,142.29,787,20,0
1697580000,142.27,142.69,142.22,142.64,986,20,0
1697644800,142.28,142.52,140.65,140.74,703,20,0
1697648400,140.74,141.52,139.65,140.34,1465,20,0
1697652000,140.34,140.48,139.71,140.40,1248,20,0
1697655600,140.40,140.74,139.99,140.17,974,20,0
1697659200,140.17,140.51,139.68,140.15,1219,20,0
1697662800,140.13,140.26,139.79,140.26,1054,20,0
1697666400,140.27,140.27,139.47,139.55,1158,20,0
1697731200,139.83,139.91,137.78,138.38,810,20,0
1697734800,138.39,138.81,137.90,138.35,1241,20,0
1697738400,138.36,138.89,138.31,138.79,1025,20,0
1697742000,138.75,139.49,138.19,139.14,1482,20,0
1697745600,139.14,139.70,138.85,139.10,1474,20,0
1697749200,139.10,139.18,137.99,138.00,1367,20,0
1697752800,138.00,138.20,137.66,137.71,1257,20,0
1697817600,138.23,138.43,137.61,138.37,833,20,0
1697821200,138.37,138.73,138.17,138.61,899,20,0
1697824800,138.61,138.68,137.95,138.36,658,20,0
1697828400,138.36,138.49,138.03,138.36,670,20,0
1697832000,138.36,138.38,137.40,137.56,827,20,0
1697835600,137.56,137.83,137.33,137.43,740,20,0
1697839200,137.42,137.61,136.84,136.84,1139,20,0
1698076800,136.98,138.19,136.76,138.19,844,20,0
1698080400,138.19,138.63,137.98,138.53,1577,20,0
1698084000,138.53,138.94,138.44,138.77,1064,20,0
1698087600,138.78,138.86,138.23,138.86,1017,20,0
1698091200,138.89,138.93,138.22,138.29,987,20,0
1698094800,138.29,138.61,138.03,138.44,1243,20,0
1698098400,138.45,138.49,137.54,137.65,1503,20,0
1698163200,138.87,140.42,138.87,139.94,989,20,0
1698166800,139.94,140.79,139.58,140.71,1387,20,0
1698170400,140.70,140.83,140.33,140.72,1092,20,0
1698174000,140.72,140.89,140.12,140.26,1221,20,0
1698177600,140.25,140.50,140.07,140.44,872,20,0
1698181200,140.44,141.14,140.36,140.94,659,20,0
1698184800,140.94,141.19,140.69,140.95,934,20,0
1698249600,143.07,143.16,137.95,141.88,985,20,0
1698253200,141.88,141.88,139.21,140.67,1253,20,0
1698256800,140.67,141.82,140.67,141.09,995,20,0
1698260400,141.08,141.37,140.62,141.09,711,20,0
1698264000,141.09,141.14,140.43,140.91,920,20,0
1698267600,140.91,141.04,140.56,140.87,788,20,0
1698271200,140.88,141.51,140.54,140.83,1254,20,0
1698336000,139.41,140.76,138.31,140.71,1089,20,0
1698339600,140.63,142.21,140.35,142.19,1602,20,0
1698343200,142.16,142.83,141.20,142.11,1095,20,0
1698346800,142.08,142.65,141.91,141.91,950,20,0
1698350400,141.91,142.96,141.78,142.64,1154,20,0
1698354000,142.64,143.18,142.25,143.16,949,20,0
1698357600,143.16,143.18,142.27,142.79,1382,20,0
1698422400,142.70,143.23,141.88,141.88,729,20,0
1698426000,141.90,141.90,139.91,140.42,1402,20,0
1698429600,140.43,141.08,140.04,140.05,1132,20,0
1698433200,140.04,140.40,139.98,140.38,985,20,0
1698436800,140.38,140.53,139.10,139.69,1231,20,0
1698440400,139.70,139.73,139.16,139.37,1283,20,0
1698444000,139.36,140.13,139.31,139.98,1339,20,0
1698678000,140.95,142.12,140.95,141.31,480,20,0
1698681600,141.28,141.49,139.29,139.81,1112,20,0
1698685200,139.82,140.51,139.65,140.46,834,20,0
1698688800,140.46,141.04,140.41,140.68,572,20,0
1698692400,140.69,140.90,140.32,140.48,736,20,0
1698696000,140.47,140.88,140.30,140.86,713,20,0
1698699600,140.87,141.92,140.64,141.51,991,20,0
1698764400,141.47,142.81,141.46,142.62,510,20,0
1698768000,142.56,143.37,142.22,143.16,861,20,0
1698771600,143.17,143.43,142.87,143.42,587,20,0
1698775200,143.42,143.50,142.75,143.32,702,20,0
1698778800,143.31,143.91,143.31,143.72,556,20,0
1698782400,143.72,143.99,143.48,143.97,586,20,0
1698786000,143.95,144.11,143.69,143.73,874,20,0
1698850800,144.25,144.40,143.48,143.79,458,20,0
1698854400,143.93,144.16,143.32,143.53,880,20,0
1698858000,143.53,144.08,143.43,143.98,702,20,0
1698861600,143.98,144.21,143.79,144.20,600,20,0
1698865200,144.20,144.77,144.08,144.67,667,20,0
1698868800,144.65,145.12,143.97,144.71,1355,20,0
1698872400,144.72,145.30,144.38,144.94,1473,20,0
1698937200,144.67,145.68,144.04,144.56,586,20,0
1698940800,144.56,144.93,143.77,144.90,942,20,0
1698944400,144.90,145.57,144.86,145.45,774,20,0
1698948000,145.46,145.72,145.09,145.25,751,20,0
1698951600,145.26,146.36,145.19,146.12,772,20,0
1698955200,146.12,146.26,145.90,146.11,595,20,0
1698958800,146.11,146.43,145.68,146.40,809,20,0
1699023600,147.31,147.98,146.73,147.31,567,20,0
1699027200,147.42,147.65,146.94,147.40,991,20,0
1699030800,147.40,147.57,146.98,147.37,640,20,0
1699034400,147.37,148.04,147.25,148.01,858,20,0
1699038000,148.01,148.04,147.57,147.89,740,20,0
1699041600,147.88,147.88,147.55,147.68,626,20,0
1699045200,147.68,148.01,147.33,147.36,820,20,0
1699286400,147.60,148.51,147.27,148.38,415,21,0
1699290000,148.38,148.46,147.62,148.17,777,20,0
1699293600,148.17,148.26,147.51,147.67,470,20,0
1699297200,147.67,148.24,147.58,148.12,439,20,0
1699300800,148.13,148.13,147.32,147.39,432,20,0
1699304400,147.39,147.62,147.17,147.57,615,20,0
1699308000,147.56,147.59,146.96,147.25,641,20,0
1699372800,147.58,147.62,147.03,147.37,435,21,0
1699376400,147.37,147.84,146.95,147.26,728,20,0
1699380000,147.26,147.56,147.11,147.47,523,20,0
1699383600,147.47,147.56,147.00,147.31,505,21,0
1699387200,147.31,147.46,147.16,147.41,586,20,0
1699390800,147.38,147.45,146.82,146.88,428,20,0
1699394400,146.90,147.33,146.77,147.01,716,20,0
1699459200,146.90,147.53,146.58,147.02,347,20,0
1699462800,147.02,147.17,146.70,146.80,560,20,0
1699466400,146.80,146.81,146.32,146.38,526,20,0
1699470000,146.38,146.44,146.16,146.40,564,20,0
1699473600,146.40,146.61,145.96,146.04,552,20,0
1699477200,146.04,146.42,145.91,146.33,445,20,0
1699480800,146.33,146.75,146.28,146.50,650,20,0
1699545600,146.43,146.97,146.14,146.80,457,21,0
1699549200,146.81,146.93,146.30,146.52,838,20,0
1699552800,146.52,147.15,146.36,146.86,613,20,0
1699556400,146.87,147.48,146.87,147.45,416,20,0
1699560000,147.45,147.50,146.55,146.65,740,20,0
1699563600,146.66,146.77,146.40,146.64,707,20,0
1699567200,146.63,147.07,146.49,146.79,877,20,0
1699632000,147.03,147.55,146.35,146.45,615,22,0
1699635600,146.33,146.66,145.79,145.84,1079,20,0
1699639200,145.84,146.79,145.84,146.45,974,20,0
1699642800,146.45,146.84,146.34,146.79,885,20,0
1699646400,146.79,147.10,146.66,147.07,754,20,0
1699650000,147.07,147.18,146.82,146.93,587,20,0
1699653600,146.94,147.63,146.86,147.53,795,20,0
1699891200,147.29,147.56,146.44,147.52,498,21,0
1699894800,147.52,147.72,147.25,147.65,636,20,0
1699898400,147.65,147.69,147.17,147.23,524,20,0
1699902000,147.23,147.39,146.95,147.12,553,20,0
1699905600,147.13,147.13,146.77,146.82,632,20,0
1699909200,146.81,147.23,146.70,146.97,475,20,0
1699912800,146.97,147.21,146.76,147.06,737,20,0
1699977600,147.85,148.30,147.25,147.34,901,21,0
1699981200,147.34,148.39,147.28,147.59,927,20,0
1699984800,147.58,147.72,146.97,147.18,809,20,0
1699988400,147.18,147.27,146.49,146.65,790,20,0
1699992000,146.63,146.99,146.34,146.90,789,20,0
1699995600,146.90,147.02,146.56,146.80,851,20,0
1699999200,146.80,147.29,146.51,146.91,1048,20,0
1700064000,146.68,147.39,145.97,146.46,645,20,0
1700067600,146.47,146.62,145.65,145.89,889,20,0
1700071200,145.89,146.25,145.65,146.24,632,20,0
1700074800,146.25,146.49,146.13,146.38,600,20,0
1700078400,146.37,146.82,146.31,146.60,539,20,0
1700082000,146.60,146.80,146.41,146.46,644,20,0
1700085600,146.46,147.20,146.38,147.10,868,20,0
1700150400,148.72,149.11,148.33,148.34,541,20,0
1700154000,148.35,148.62,147.96,148.05,1127,20,0
1700157600,148.04,148.28,147.54,147.64,938,20,0
1700161200,147.60,147.73,147.15,147.55,773,20,0
1700164800,147.55,147.65,147.03,147.12,769,20,0
1700168400,147.12,147.36,146.98,147.33,803,20,0
1700172000,147.33,147.47,146.97,147.37,1171,20,0
1700236800,147.73,148.41,147.63,147.79,555,20,0
1700240400,147.79,147.89,146.99,147.58,879,20,0
1700244000,147.58,147.69,147.27,147.44,517,20,0
1700247600,147.44,147.58,147.14,147.23,611,20,0
1700251200,147.23,147.41,147.07,147.36,607,20,0
1700254800,147.36,147.68,147.06,147.16,664,20,0
1700258400,147.17,147.62,147.07,147.58,767,20,0
1700496000,147.12,148.40,147.12,147.18,456,21,0
1700499600,147.18,147.61,147.10,147.45,701,20,0
1700503200,147.45,147.94,147.45,147.68,517,20,0
1700506800,147.68,148.00,147.68,147.84,427,20,0
1700510400,147.84,148.29,147.84,148.27,663,20,0
1700514000,148.27,148.47,148.09,148.38,598,20,0
1700517600,148.35,148.82,148.22,148.39,700,20,0
1700582400,149.22,149.24,148.26,148.53,510,21,0
1700586000,148.52,148.58,148.03,148.36,771,20,0
1700589600,148.34,148.62,148.11,148.42,560,20,0
1700593200,148.42,148.71,148.40,148.57,550,20,0
1700596800,148.56,148.63,148.35,148.51,495,20,0
1700600400,148.51,148.72,148.47,148.71,633,20,0
1700604000,148.70,148.83,148.37,148.44,856,20,0
1700668800,148.67,149.41,148.55,149.17,689,21,0
1700672400,149.21,149.38,148.89,149.12,1063,20,0
1700676000,149.13,149.37,148.94,149.15,853,20,0
1700679600,149.15,149.40,148.99,149.15,836,20,0
1700683200,149.15,149.35,149.10,149.16,784,20,0
1700686800,149.17,149.41,149.00,149.18,775,20,0
1700690400,149.20,149.32,148.71,148.83,812,20,0
1700841600,148.94,149.19,148.17,148.97,506,23,0
1700845200,148.96,149.08,148.76,148.96,955,20,0
1700848800,148.95,149.18,148.85,149.04,744,20,0
1700852400,149.04,149.29,148.87,148.89,566,20,0
1701100800,148.72,149.28,148.48,148.88,395,20,0
1701104400,148.89,149.26,148.73,149.09,670,20,0
1701108000,149.10,149.13,148.23,148.44,616,20,0
1701111600,148.44,148.49,148.05,148.05,536,20,0
1701115200,148.06,148.42,148.05,148.29,429,20,0
1701118800,148.29,148.64,148.29,148.64,411,20,0
1701122400,148.64,149.01,148.50,148.69,778,20,0
1701187200,148.32,148.74,148.10,148.49,392,21,0
1701190800,148.51,148.72,148.08,148.18,609,20,0
1701194400,148.18,148.61,147.83,148.56,442,20,0
1701198000,148.57,148.66,148.29,148.31,403,20,0
1701201600,148.31,148.39,147.95,148.16,466,20,0
1701205200,148.16,148.36,148.09,148.32,484,20,0
1701208800,148.33,148.45,148.17,148.24,718,20,0
1701273600,148.72,149.15,148.58,148.90,519,21,0
1701277200,148.90,148.98,148.59,148.67,788,20,0
1701280800,148.64,148.89,148.46,148.78,682,20,0
1701284400,148.80,149.19,148.80,149.16,607,20,0
1701288000,149.16,149.34,149.03,149.16,632,20,0
1701291600,149.16,149.31,149.07,149.26,534,20,0
1701295200,149.27,149.52,148.96,149.46,786,20,0
1701360000,148.28,148.94,148.05,148.90,384,20,0
1701363600,148.90,149.24,148.55,149.17,931,20,0
1701367200,149.18,149.25,148.82,149.03,616,20,0
1701370800,149.04,149.28,148.81,149.08,505,20,0
1701374400,149.07,149.23,148.96,149.14,497,20,0
1701378000,149.15,149.72,149.03,149.69,502,20,0
1701381600,149.69,150.48,149.05,150.34,803,20,0
1701446400,150.21,151.35,150.19,151.12,365,21,0
1701450000,151.08,151.65,150.90,151.50,788,20,0
1701453600,151.50,152.32,151.11,152.09,1014,20,0
1701457200,152.08,152.74,151.84,152.57,641,20,0
1701460800,152.57,152.57,151.96,152.44,516,20,0
1701464400,152.44,152.71,152.06,152.55,601,20,0
1701468000,152.55,152.56,151.72,152.11,629,20,0
1701705600,151.25,153.30,151.25,152.83,508,20,0
1701709200,152.83,152.95,151.82,152.95,853,20,0
1701712800,152.95,153.30,152.52,152.84,534,20,0
1701716400,152.84,152.87,152.42,152.46,414,20,0
1701720000,152.46,152.53,152.27,152.46,300,20,0
1701723600,152.46,152.65,152.27,152.29,442,20,0
1701727200,152.29,152.76,152.15,152.67,687,20,0
1701792000,152.83,153.35,152.64,153.01,442,22,0
1701795600,153.05,153.33,151.87,152.75,800,20,0
1701799200,152.75,153.27,152.63,152.80,639,20,0
1701802800,152.78,153.25,152.73,153.03,697,20,0
1701806400,153.05,153.99,153.05,153.86,645,20,0
1701810000,153.86,154.41,153.66,154.16,633,20,0
1701813600,154.16,154.32,153.42,153.88,830,20,0
1701878400,154.53,155.22,153.60,154.59,361,21,0
1701882000,154.58,155.46,154.36,154.79,787,21,0
1701885600,154.79,154.94,154.26,154.70,717,20,0
1701889200,154.70,155.27,154.44,155.00,558,20,0
1701892800,155.01,155.36,154.96,155.26,673,20,0
1701896400,155.26,155.50,155.25,155.29,623,20,0
1701900000,155.27,155.42,155.01,155.39,704,20,0
1701964800,155.61,155.96,154.90,155.14,465,21,0
1701968400,155.02,155.92,154.94,155.82,1045,20,0
1701972000,155.83,156.62,155.74,156.54,789,20,0
1701975600,156.54,156.76,156.13,156.21,726,20,0
1701979200,156.18,156.30,155.92,156.12,648,20,0
1701982800,156.11,156.42,155.97,156.25,628,20,0
1701986400,156.24,156.35,155.97,156.24,653,20,0
1702051200,156.41,156.55,154.14,156.06,785,20,0
1702054800,156.20,156.85,155.45,156.45,869,20,0
1702058400,156.45,156.80,156.08,156.36,545,20,0
1702062000,156.33,156.59,155.97,156.48,403,20,0
1702065600,156.49,156.81,156.42,156.65,541,20,0
1702069200,156.65,156.80,156.44,156.52,417,20,0
1702072800,156.51,156.60,156.16,156.27,617,20,0
1702310400,157.38,159.99,157.38,158.39,826,20,0
1702314000,158.44,159.09,158.39,158.87,1141,20,0
1702317600,158.81,159.01,158.27,158.53,710,20,0
1702321200,158.53,158.95,158.51,158.72,827,20,0
1702324800,158.73,159.04,158.56,158.64,944,20,0
1702328400,158.63,158.85,158.31,158.70,989,20,0
1702332000,158.70,159.15,158.54,158.77,886,20,0
1702396800,159.59,160.50,159.17,159.36,512,20,0
1702400400,159.36,160.65,158.92,160.45,807,20,0
1702404000,160.45,160.95,160.38,160.78,692,20,0
1702407600,160.78,161.09,160.65,160.65,446,20,0
1702411200,160.65,160.81,160.11,160.31,395,20,0
1702414800,160.31,160.31,159.91,160.20,373,20,0
1702418400,160.20,160.43,160.01,160.30,600,20,0
1702483200,159.81,159.97,158.44,158.98,529,20,0
1702486800,158.98,159.07,158.54,158.71,805,20,0
1702490400,158.74,159.48,158.71,159.36,884,20,0
1702494000,159.35,159.68,159.28,159.51,706,20,0
1702497600,159.52,159.70,159.39,159.50,618,20,0
1702501200,159.48,160.19,159.42,159.94,1241,20,0
1702504800,159.92,159.93,159.15,159.23,1274,20,0
1702569600,158.47,158.61,157.00,157.02,576,20,0
1702573200,157.02,157.06,156.09,156.93,911,20,0
1702576800,156.93,157.20,156.08,156.50,606,20,0
1702580400,156.51,156.98,156.43,156.83,684,20,0
1702584000,156.83,157.34,156.72,157.19,683,20,0
1702587600,157.20,157.22,156.37,156.41,562,20,0
1702591200,156.40,157.02,156.38,156.79,702,20,0
1702656000,157.28,157.28,155.22,155.43,593,21,0
1702659600,155.43,155.70,155.11,155.36,652,20,0
1702663200,155.36,155.71,155.15,155.67,542,20,0
1702666800,155.67,156.07,155.61,155.90,517,20,0
1702670400,155.91,155.99,155.15,155.19,563,20,0
1702674000,155.19,155.35,154.84,154.96,565,20,0
1702677600,154.97,156.13,154.79,156.00,792,20,0
1702915200,156.51,156.51,154.94,155.98,661,20,0
1702918800,155.98,156.32,155.37,156.23,683,20,0
1702922400,156.23,156.90,156.11,156.87,549,20,0
1702926000,156.85,157.23,156.59,156.64,396,20,0
1702929600,156.64,156.77,156.44,156.67,398,20,0
1702933200,156.68,156.73,156.47,156.51,401,20,0
1702936800,156.51,156.51,156.01,156.18,708,20,0
1703001600,155.97,156.63,155.32,156.40,434,20,0
1703005200,156.41,156.42,155.45,155.90,756,20,0
1703008800,155.90,155.98,155.52,155.75,632,20,0
1703012400,155.75,155.86,155.43,155.62,578,20,0
1703016000,155.61,155.63,155.41,155.51,583,20,0
1703019600,155.51,155.74,155.45,155.50,496,20,0
1703023200,155.50,155.85,155.23,155.81,728,20,0
1703088000,155.75,156.37,155.40,155.87,532,21,0
1703091600,155.90,155.90,155.12,155.52,723,20,0
1703095200,155.51,155.83,155.39,155.58,469,20,0
1703098800,155.58,155.87,155.56,155.70,460,20,0
1703102400,155.70,155.71,155.16,155.23,604,20,0
1703106000,155.23,155.41,154.25,154.25,1034,20,0
1703109600,154.25,154.76,154.02,154.43,1449,20,0
1703174400,155.19,155.23,154.26,154.85,519,20,0
1703178000,154.83,155.03,154.32,154.66,836,20,0
1703181600,154.66,154.84,154.33,154.41,701,20,0
1703185200,154.42,154.59,154.15,154.39,661,20,0
1703188800,154.38,154.86,154.36,154.70,575,20,0
1703192400,154.70,154.89,154.45,154.50,715,20,0
1703196000,154.49,155.17,154.38,154.80,787,20,0
1703260800,155.05,155.98,154.19,155.84,502,20,0
1703264400,155.84,155.95,155.41,155.70,566,20,0
1703268000,155.70,156.06,155.57,155.85,552,20,0
1703271600,155.85,155.98,155.70,155.93,425,20,0
1703275200,155.93,155.93,155.65,155.69,374,20,0
1703278800,155.69,155.69,154.92,155.36,706,20,0
1703282400,155.36,155.65,155.27,155.59,799,20,0
1703606400,155.03,155.07,153.74,154.99,795,20,0
1703610000,154.99,155.69,154.72,155.68,666,20,0
1703613600,155.68,155.92,155.59,155.69,533,20,0
1703617200,155.70,155.85,155.55,155.81,467,20,0
1703620800,155.81,156.17,155.80,156.14,285,20,0
1703624400,156.14,156.75,156.08,156.75,509,20,0
1703628000,156.76,157.17,156.55,156.72,1230,20,0
1703692800,155.79,157.01,155.67,156.88,797,20,0
1703696400,156.83,158.16,156.78,158.05,1385,20,0
1703700000,158.04,158.04,157.59,157.89,1196,20,0
1703703600,157.89,157.91,157.65,157.81,883,20,0
1703707200,157.81,158.24,157.81,158.04,1138,20,0
1703710800,158.03,158.39,157.86,158.06,1188,20,0
1703714400,158.07,158.39,157.60,157.84,943,20,0
1703779200,157.66,159.14,157.52,158.86,873,20,0
1703782800,158.86,159.05,158.62,158.78,1085,20,0
1703786400,158.80,159.00,158.65,158.84,877,20,0
1703790000,158.84,158.92,158.67,158.83,789,20,0
1703793600,158.83,158.99,158.58,158.91,639,20,0
1703797200,158.91,158.95,158.79,158.89,475,20,0
1703800800,158.89,159.20,158.80,158.83,656,20,0
1703865600,158.60,160.10,158.26,160.04,890,20,0
1703869200,160.00,160.64,159.92,160.49,1160,20,0
1703872800,160.49,160.64,160.23,160.39,1428,20,0
1703876400,160.41,160.66,160.28,160.60,1398,20,0
1703880000,160.60,160.73,160.46,160.50,1073,20,0
1703883600,160.51,160.75,160.34,160.70,962,20,0
1703887200,160.70,160.78,160.10,160.23,1468,20,0
1704211200,160.32,162.88,160.21,162.13,1492,20,0
1704214800,162.15,162.72,161.87,162.21,2178,20,0
1704218400,162.21,162.35,161.80,161.92,1037,20,0
1704222000,161.92,162.16,161.87,162.00,682,20,0
1704225600,162.00,162.17,161.89,162.05,657,20,0
1704229200,162.05,162.27,161.89,162.00,768,20,0
1704232800,162.00,162.06,161.45,161.80,1123,20,0
1704297600,162.84,164.37,162.84,163.80,970,20,0
1704301200,163.80,164.01,163.38,163.53,945,20,0
1704304800,163.53,163.69,163.02,163.13,947,20,0
1704308400,163.13,163.16,162.27,162.36,680,20,0
1704312000,162.36,162.53,162.03,162.05,530,20,0
1704315600,161.99,162.67,161.90,162.13,978,20,0
1704319200,162.10,162.40,161.76,161.98,974,20,0
1704384000,162.66,163.43,162.11,162.75,1141,20,0
1704387600,162.75,162.92,162.06,162.57,1309,20,0
1704391200,162.57,162.75,162.37,162.47,998,20,0
1704394800,162.50,162.73,162.39,162.65,930,20,0
1704398400,162.65,162.85,162.54,162.63,686,20,0
1704402000,162.63,162.71,162.45,162.56,494,20,0
1704405600,162.57,162.69,162.18,162.18,998,20,0
1704470400,162.10,162.51,161.58,162.10,816,20,0
1704474000,162.07,162.76,161.70,162.42,1138,20,0
1704477600,162.41,162.87,162.35,162.54,1080,20,0
1704481200,162.53,162.61,162.05,162.31,706,20,0
1704484800,162.31,162.68,162.11,162.63,596,20,0
1704488400,162.64,163.08,162.50,162.97,1013,20,0
1704492000,162.97,163.34,162.82,163.24,1298,20,0
1704729600,163.10,163.83,162.21,162.42,1075,20,0
1704733200,162.41,163.17,162.21,162.79,1451,20,0
1704736800,162.80,162.84,162.28,162.79,763,20,0
1704740400,162.79,163.30,162.63,163.30,606,20,0
1704744000,163.31,163.41,162.84,162.93,727,20,0
1704747600,162.94,163.41,162.61,163.39,997,20,0
1704751200,163.40,163.68,163.24,163.29,1177,20,0
1704816000,162.96,162.96,161.58,161.87,1294,20,0
1704819600,161.88,162.87,161.86,162.67,1611,20,0
1704823200,162.65,162.91,162.52,162.88,1080,20,0
1704826800,162.88,163.50,162.70,163.36,669,20,0
1704830400,163.38,163.57,163.09,163.50,771,20,0
1704834000,163.51,163.67,163.40,163.64,721,20,0
1704837600,163.64,163.69,162.92,163.09,986,20,0
1704902400,163.09,163.53,161.95,162.04,1073,20,0
1704906000,162.07,162.35,161.77,162.05,1394,20,0
1704909600,162.03,162.32,161.69,162.13,952,20,0
1704913200,162.14,162.96,162.06,162.92,724,20,0
1704916800,162.89,162.93,162.60,162.89,516,20,0
1704920400,162.90,163.16,162.83,163.13,516,20,0
1704924000,163.13,163.43,163.03,163.18,988,20,0
1704988800,163.00,163.00,162.21,162.44,1014,20,0
1704992400,162.43,162.54,161.71,162.33,1868,20,0
1704996000,162.34,162.47,161.95,162.07,1488,20,0
1704999600,162.07,162.53,162.04,162.31,955,20,0
1705003200,162.31,162.62,162.30,162.55,686,20,0
1705006800,162.55,162.76,162.48,162.67,648,20,0
1705010400,162.67,162.75,161.96,162.06,1384,20,0
1705075200,163.13,163.52,162.52,162.60,1156,20,0
1705078800,162.60,162.93,162.33,162.44,1992,20,0
1705082400,162.45,162.99,162.34,162.59,1284,20,0
1705086000,162.61,162.90,162.56,162.68,856,20,0
1705089600,162.68,162.81,162.57,162.75,808,20,0
1705093200,162.74,162.89,162.54,162.64,986,20,0
1705096800,162.61,162.70,162.15,162.40,1232,20,0
1705420800,161.55,162.25,160.09,161.98,1335,20,0
1705424400,161.97,163.12,161.69,162.70,1923,20,0
1705428000,162.69,163.13,161.97,162.89,1512,20,0
1705431600,162.89,162.89,162.08,162.08,936,20,0
1705435200,162.08,162.42,161.99,162.02,1039,20,0
1705438800,162.01,162.69,161.81,162.51,669,20,0
1705442400,162.52,163.06,162.50,162.97,815,20,0
1705507200,163.08,163.88,162.59,163.83,1164,20,0
1705510800,163.82,164.30,162.97,164.24,1815,20,0
1705514400,164.25,164.63,163.95,164.43,1030,20,0
1705518000,164.43,164.71,164.17,164.61,593,20,0
1705521600,164.60,164.88,164.13,164.20,519,20,0
1705525200,164.20,164.97,164.08,164.87,572,20,0
1705528800,164.88,164.89,164.09,164.15,852,20,0
1705593600,162.51,163.91,162.17,163.46,1317,20,0
1705597200,163.47,164.45,163.46,164.18,1307,20,0
1705600800,164.18,164.74,163.85,164.59,1127,20,0
1705604400,164.58,164.78,164.28,164.56,993,20,0
1705608000,164.57,165.09,164.49,165.09,731,20,0
1705611600,165.11,165.27,164.89,165.15,786,20,0
1705615200,165.17,165.22,164.69,164.79,881,20,0
1705680000,164.19,165.20,164.14,165.07,928,20,0
1705683600,165.10,165.55,164.86,165.55,1018,20,0
1705687200,165.56,165.73,165.40,165.73,751,20,0
1705690800,165.76,165.83,165.19,165.46,717,20,0
1705694400,165.45,165.62,165.29,165.46,673,20,0
1705698000,165.47,165.64,165.37,165.56,883,20,0
1705701600,165.56,165.59,165.00,165.09,978,20,0
1705939200,165.76,165.76,164.60,165.02,834,20,0
1705942800,165.04,165.14,164.74,164.76,1511,20,0
1705946400,164.76,164.84,164.43,164.56,1502,20,0
1705950000,164.56,164.88,164.43,164.52,1198,20,0
1705953600,164.53,164.80,164.21,164.65,873,20,0
1705957200,164.65,164.82,164.43,164.77,677,20,0
1705960800,164.78,164.90,164.15,164.25,1110,20,0
1706025600,164.79,165.60,164.03,164.67,898,20,0
1706029200,164.68,165.17,164.23,164.47,1890,20,0
1706032800,164.48,164.81,164.21,164.68,1381,20,0
1706036400,164.69,164.90,164.66,164.80,788,20,0
1706040000,164.81,164.82,164.34,164.51,938,20,0
1706043600,164.50,164.54,164.08,164.25,695,20,0
1706047200,164.26,164.26,163.40,163.64,1128,20,0
1706112000,163.50,164.53,162.33,163.79,1269,20,0
1706115600,163.82,163.89,162.25,162.56,2133,20,0
1706119200,162.56,162.98,162.30,162.39,1255,20,0
1706122800,162.39,162.78,162.22,162.62,745,20,0
1706126400,162.61,162.76,162.23,162.29,826,20,0
1706130000,162.29,162.43,161.80,162.26,1011,20,0
1706133600,162.26,162.43,161.76,161.90,1147,20,0
1706198400,162.74,163.28,162.05,162.77,958,20,0
1706202000,162.79,162.84,162.04,162.13,1674,20,0
1706205600,162.14,162.57,161.90,162.21,1328,20,0
1706209200,162.24,162.48,161.90,162.21,697,20,0
1706212800,162.21,162.47,162.20,162.31,688,20,0
1706216400,162.31,162.35,162.09,162.24,770,20,0
1706220000,162.23,162.58,162.13,162.44,1127,20,0
1706284800,159.71,165.43,159.60,165.29,1285,20,0
1706288400,165.27,165.51,163.73,164.48,1873,20,0
1706292000,164.50,164.76,163.71,163.99,1757,20,0
1706295600,163.98,164.04,162.72,162.96,1039,20,0
1706299200,162.95,163.28,162.53,162.53,1053,20,0
1706302800,162.49,162.67,161.67,161.81,791,20,0
1706306400,161.81,162.31,161.75,162.02,920,20,0
1706544000,161.21,161.60,159.36,159.74,920,20,0
1706547600,159.75,160.80,159.51,160.27,899,20,0
1706551200,160.26,162.04,160.24,161.94,746,20,0
1706554800,161.94,162.63,161.80,162.39,703,20,0
1706558400,162.40,162.97,162.26,162.72,491,20,0
1706562000,162.72,163.05,162.58,162.98,508,20,0
1706565600,162.98,163.44,162.83,162.97,729,20,0
1706630400,162.40,163.72,162.33,162.79,682,20,0
1706634000,162.80,162.80,161.65,161.88,1161,20,0
1706637600,161.89,162.19,161.69,161.84,890,20,0
1706641200,161.85,162.18,161.71,161.74,741,20,0
1706644800,161.74,161.88,161.55,161.58,637,20,0
1706648400,161.56,162.20,161.56,162.01,624,20,0
1706652000,162.01,162.01,161.47,161.60,939,20,0
1706716800,162.13,162.72,160.57,161.46,777,20,0
1706720400,161.50,161.60,161.46,161.51,37,20,0
1706727600,161.23,161.60,161.15,161.55,618,20,0
1706731200,161.56,161.70,161.41,161.48,452,20,0
1706734800,161.54,161.54,160.91,160.98,1125,20,0
1706738400,160.99,161.46,160.35,161.12,1367,20,0
1706803200,160.96,161.39,160.20,160.29,737,20,0
1706806800,160.25,161.42,160.12,161.21,965,20,0
1706810400,161.21,162.53,161.04,162.43,713,20,0
1706814000,162.42,162.87,162.26,162.52,653,20,0
1706817600,162.52,162.65,162.22,162.52,556,20,0
1706821200,162.52,162.53,162.06,162.11,389,20,0
1706824800,162.11,162.40,161.97,162.37,600,20,0
1706889600,162.15,163.09,161.50,161.50,712,20,0
1706893200,161.53,162.22,161.15,161.88,998,20,0
1706896800,161.90,162.64,161.79,162.41,954,20,0
1706900400,162.43,162.46,161.60,161.89,844,20,0
1706904000,161.91,162.18,161.75,161.77,717,20,0
1706907600,161.78,161.96,161.43,161.83,808,20,0
1706911200,161.83,162.00,161.59,161.69,846,20,0
1707148800,159.91,161.14,159.79,160.76,725,20,0
1707152400,160.67,161.35,160.67,161.22,1208,20,0
1707156000,161.23,162.09,161.22,161.68,844,20,0
1707159600,161.70,161.94,161.40,161.55,755,20,0
1707163200,161.55,161.57,161.31,161.54,479,20,0
1707166800,161.55,161.72,161.44,161.55,483,20,0
1707170400,161.55,162.08,161.37,161.89,784,20,0
1707235200,161.67,162.17,161.38,161.44,584,20,0
1707238800,161.46,161.53,161.07,161.13,646,20,0
1707242400,160.93,161.34,160.91,160.99,682,20,0
1707246000,160.94,161.13,160.72,161.09,789,20,0
1707249600,161.09,161.16,160.83,160.85,491,20,0
1707253200,160.85,160.86,160.51,160.63,488,20,0
1707256800,160.63,161.02,160.48,160.91,524,20,0
1707321600,161.56,161.89,160.69,161.10,748,20,0
1707325200,161.12,162.05,160.96,161.98,1203,20,0
1707328800,161.98,162.08,161.66,161.84,767,20,0
1707332400,161.80,162.19,161.65,161.70,660,20,0
1707336000,161.70,161.82,161.54,161.60,666,20,0
1707339600,161.57,161.79,161.51,161.64,523,20,0
1707343200,161.62,161.76,161.39,161.68,566,20,0
1707408000,161.71,161.71,160.62,160.70,568,20,0
1707411600,160.73,160.87,159.11,159.72,1018,20,0
1707415200,159.71,160.20,159.43,160.07,844,20,0
1707418800,160.08,160.58,160.04,160.49,564,20,0
1707422400,160.49,160.67,160.34,160.40,563,20,0
1707426000,160.40,160.53,160.15,160.39,545,20,0
1707429600,160.40,160.86,160.37,160.83,700,20,0
1707494400,161.37,161.39,160.39,160.54,561,20,0
1707498000,160.51,160.89,160.17,160.84,859,20,0
1707501600,160.84,161.02,160.69,160.84,585,20,0
1707505200,160.86,161.25,160.69,161.18,569,20,0
1707508800,161.18,161.72,161.14,161.63,601,20,0
1707512400,161.63,162.36,161.56,162.23,523,20,0
1707516000,162.23,162.53,161.70,162.06,763,20,0
1707753600,161.44,162.19,161.22,161.31,561,20,0
1707757200,161.29,161.57,160.98,161.44,745,20,0
1707760800,161.44,161.77,161.20,161.56,708,20,0
1707764400,161.56,161.74,161.40,161.51,598,20,0
1707768000,161.52,161.63,161.37,161.60,647,20,0
1707771600,161.58,161.75,161.41,161.61,563,20,0
1707775200,161.61,161.70,161.38,161.65,657,20,0
1707840000,161.96,162.72,160.58,160.81,847,20,0
1707843600,160.81,161.44,160.20,160.38,1139,20,0
1707847200,160.40,160.42,159.90,160.11,805,20,0
1707850800,160.11,160.53,160.09,160.41,602,20,0
1707854400,160.41,160.53,160.16,160.53,589,20,0
1707858000,160.52,160.64,160.21,160.31,731,20,0
1707861600,160.30,161.37,160.20,161.37,902,20,0
1707926400,161.55,161.85,160.89,161.49,766,20,0
1707930000,161.50,161.72,161.16,161.58,1097,20,0
1707933600,161.53,161.72,161.17,161.19,1026,20,0
1707937200,161.20,161.53,160.94,161.40,725,20,0
1707940800,161.41,161.45,161.13,161.38,770,20,0
1707944400,161.38,161.42,160.80,160.89,658,20,0
1707948000,160.89,161.33,160.80,161.26,934,20,0
1708012800,161.41,161.91,161.40,161.82,846,20,0
1708016400,161.84,161.92,160.96,161.05,1314,20,0
1708020000,161.03,161.15,160.74,160.95,982,20,0
1708023600,160.94,161.24,160.84,161.15,627,20,0
1708027200,161.15,161.90,161.14,161.89,1045,20,0
1708030800,161.89,161.98,161.52,161.56,775,20,0
1708034400,161.56,161.56,161.05,161.47,911,20,0
1708099200,161.15,161.20,159.60,160.47,720,20,0
1708102800,160.40,160.54,159.50,159.96,1529,20,0
1708106400,159.95,160.34,159.79,160.21,1073,20,0
1708110000,160.21,160.36,160.01,160.29,739,20,0
1708113600,160.29,160.82,160.21,160.82,727,20,0
1708117200,160.83,161.00,160.22,160.38,943,20,0
1708120800,160.34,160.80,160.13,160.31,984,20,0
1708444800,161.52,162.74,161.52,162.45,880,20,0
1708448400,162.47,163.24,162.21,162.27,1419,20,0
1708452000,162.29,162.47,161.90,162.01,1270,20,0
1708455600,162.03,162.14,161.80,162.04,946,20,0
1708459200,162.04,162.10,161.67,161.78,850,20,0
1708462800,161.77,161.92,161.46,161.60,728,20,0
1708466400,161.61,161.94,161.38,161.94,1104,20,0
1708531200,162.55,163.49,162.55,162.98,704,20,0
1708534800,163.00,163.66,162.71,163.28,1066,20,0
1708538400,163.32,163.61,163.21,163.59,843,20,0
1708542000,163.59,163.66,163.40,163.48,637,20,0
1708545600,163.47,163.78,163.32,163.73,668,20,0
1708549200,163.73,163.92,163.49,163.86,888,20,0
1708552800,163.87,163.96,163.64,163.95,825,20,0
1708617600,163.55,164.34,162.70,163.69,737,20,0
1708621200,163.72,163.72,162.69,162.87,1404,20,0
1708624800,162.89,163.67,162.85,163.44,1143,20,0
1708628400,163.45,163.76,163.28,163.41,882,20,0
1708632000,163.40,163.51,163.18,163.50,703,20,0
1708635600,163.48,163.76,163.25,163.56,719,20,0
1708639200,163.56,163.93,163.30,163.42,1119,20,0
1708704000,163.26,164.87,163.22,164.77,688,20,0
1708707600,164.81,165.38,164.57,165.38,1345,20,0
1708711200,165.39,165.39,164.80,164.84,1181,20,0
1708714800,164.81,164.85,163.93,163.99,808,20,0
1708718400,164.00,164.27,163.91,164.14,662,20,0
1708722000,164.12,164.29,163.98,164.21,795,20,0
1708725600,164.22,164.72,164.14,164.22,1061,20,0
1708963200,162.87,164.10,162.87,163.69,597,20,0
1708966800,163.69,163.69,163.14,163.26,927,20,0
1708970400,163.27,164.06,163.20,164.03,543,20,0
1708974000,164.03,164.27,163.86,164.02,584,20,0
1708977600,164.04,164.25,163.70,163.88,698,20,0
1708981200,163.88,164.22,163.68,163.70,684,20,0
1708984800,163.72,163.98,163.66,163.83,772,20,0
1709049600,163.50,163.57,162.81,163.28,559,20,0
1709053200,163.24,163.70,163.05,163.06,775,20,0
1709056800,163.06,163.40,162.84,163.35,565,20,0
1709060400,163.38,163.49,163.11,163.28,448,20,0
1709064000,163.24,163.68,163.18,163.68,448,20,0
1709067600,163.68,164.05,163.62,164.05,433,20,0
1709071200,164.06,164.56,163.94,164.54,883,20,0
1709136000,164.11,164.41,163.91,164.04,458,20,0
1709139600,164.13,164.26,163.73,163.80,615,20,0
1709143200,163.81,163.84,163.05,163.60,614,20,0
1709146800,163.60,163.87,163.48,163.64,446,20,0
1709150400,163.64,163.77,163.43,163.70,421,20,0
1709154000,163.71,163.78,163.24,163.30,496,20,0
1709157600,163.30,163.80,163.21,163.71,598,20,0
1709222400,164.28,164.28,162.60,163.16,539,20,0
1709226000,163.16,163.36,162.63,162.90,1044,20,0
1709229600,162.89,163.24,162.79,162.90,1062,20,0
1709233200,162.90,163.11,162.58,162.86,783,20,0
1709236800,162.87,162.98,162.73,162.89,607,20,0
1709240400,162.87,162.87,162.34,162.52,471,20,0
1709244000,162.52,163.33,162.43,163.16,779,20,0
1709308800,162.43,162.83,161.93,162.42,608,20,0
1709312400,162.46,162.79,162.05,162.65,1186,20,0
1709316000,162.66,163.01,162.55,162.84,779,20,0
1709319600,162.84,163.29,162.79,163.25,512,20,0
1709323200,163.25,163.42,163.14,163.32,523,20,0
1709326800,163.34,163.49,163.28,163.41,628,20,0
1709330400,163.42,163.65,163.03,163.24,782,20,0
1709568000,162.21,163.32,162.19,163.29,448,20,0
1709571600,163.32,163.67,163.06,163.18,625,20,0
1709575200,163.18,163.25,162.88,163.10,587,20,0
1709578800,163.11,163.40,163.06,163.33,451,20,0
1709582400,163.33,163.33,162.93,162.96,506,20,0
1709586000,162.93,163.01,162.79,162.83,538,20,0
1709589600,162.83,163.40,162.82,163.23,762,20,0
1709654400,164.10,164.13,163.48,163.90,509,20,0
1709658000,163.90,166.65,163.74,166.17,1146,20,0
1709661600,166.12,166.12,165.41,165.58,714,20,0
1709665200,165.58,166.02,165.53,165.83,627,20,0
1709668800,165.83,165.96,165.57,165.86,629,20,0
1709672400,165.86,166.04,165.72,165.89,637,20,0
1709676000,165.89,165.91,165.45,165.80,978,20,0
1709740800,165.80,167.47,165.80,167.45,764,20,0
1709744400,167.32,167.94,167.02,167.40,996,20,0
1709748000,167.40,167.77,167.09,167.48,791,20,0
1709751600,167.51,168.00,167.48,167.49,508,20,0
1709755200,167.49,167.97,167.34,167.73,783,20,0
1709758800,167.73,167.84,167.36,167.77,892,20,0
1709762400,167.77,167.77,167.20,167.30,992,20,0
1709827200,168.24,168.52,167.68,168.18,478,20,0
1709830800,168.15,168.26,166.78,166.81,685,20,0
1709834400,166.81,166.81,165.51,165.62,887,20,0
1709838000,165.61,165.69,165.06,165.37,786,20,0
1709841600,165.39,165.47,165.15,165.33,753,20,0
1709845200,165.33,165.43,164.11,164.31,840,20,0
1709848800,164.29,164.51,163.98,164.25,989,20,0
1709913600,164.08,164.48,163.32,164.40,736,20,0
1709917200,164.40,164.43,163.58,163.85,905,20,0
1709920800,163.86,165.31,163.76,164.46,1159,20,0
1709924400,164.46,164.86,164.46,164.62,729,20,0
1709928000,164.65,164.68,163.91,164.02,829,20,0
1709931600,164.02,164.34,163.95,164.26,755,20,0
1709935200,164.28,164.30,163.66,163.88,1158,20,0
1710172800,163.60,163.89,163.40,163.89,334,20,0
1710176400,163.90,164.48,163.73,164.35,635,20,0
1710180000,164.36,164.77,164.08,164.31,582,20,0
1710183600,164.31,164.81,164.24,164.66,647,20,0
1710187200,164.67,164.96,164.58,164.74,535,20,0
1710190800,164.75,164.85,164.41,164.66,758,20,0
1710194400,164.65,165.06,164.56,164.95,8,25,0
1710255600,164.22,164.47,163.43,164.43,488,20,0
1710259200,164.43,164.53,163.88,164.00,628,20,0
1710262800,164.01,164.07,163.52,163.64,605,20,0
1710266400,163.63,163.65,163.26,163.48,598,20,0
1710270000,163.48,163.85,163.33,163.76,464,20,0
1710273600,163.76,163.93,163.47,163.67,476,20,0
1710277200,163.65,163.89,163.50,163.59,774,20,0
1710342000,163.97,164.58,163.62,164.54,470,20,0
1710345600,164.54,164.79,163.92,163.92,724,20,0
1710349200,163.90,164.15,163.72,164.01,579,20,0
1710352800,164.00,164.48,163.98,164.40,550,20,0
1710356400,164.39,164.45,163.87,164.00,556,20,0
1710360000,164.00,164.05,163.36,163.51,484,20,0
1710363600,163.51,163.99,163.39,163.99,919,20,0
1710428400,162.79,163.29,162.40,162.52,532,20,0
1710432000,162.48,162.72,162.38,162.51,775,20,0
1710435600,162.51,162.81,162.29,162.75,605,20,0
1710439200,162.76,162.80,161.91,161.95,484,20,0
1710442800,161.96,162.20,161.83,162.11,543,20,0
1710446400,162.11,162.62,162.11,162.18,550,20,0
1710450000,162.18,163.00,162.07,162.75,880,20,0
1710514800,163.36,164.74,163.03,163.10,899,21,0
1710518400,163.07,163.45,162.68,162.99,805,20,0
1710522000,163.00,163.08,162.31,162.45,646,20,0
1710525600,162.45,162.53,161.96,162.00,691,20,0
1710529200,162.00,162.42,161.98,162.40,592,20,0
1710532800,162.41,162.41,162.06,162.21,522,20,0
1710536400,162.22,162.25,161.56,161.71,907,20,0
1710774000,161.76,161.76,159.24,160.62,740,20,0
1710777600,160.62,160.97,160.45,160.87,692,20,0
1710781200,160.85,161.52,160.84,161.44,582,20,0
1710784800,161.44,161.75,161.12,161.20,589,20,0
1710788400,161.20,161.29,160.82,161.04,515,20,0
1710792000,161.04,161.14,160.69,161.02,437,20,0
1710795600,161.02,161.14,160.89,161.03,672,20,0
1710860400,161.44,161.71,161.01,161.43,425,20,0
1710864000,161.43,161.56,160.78,160.89,649,20,0
1710867600,160.89,161.28,160.78,160.89,410,20,0
1710871200,160.89,161.05,160.70,160.81,397,20,0
1710874800,160.81,160.91,160.62,160.75,381,20,0
1710878400,160.77,160.97,160.58,160.87,360,20,0
1710882000,160.87,160.98,160.55,160.63,748,20,0
1710946800,160.40,160.89,160.01,160.83,436,20,0
1710950400,160.83,161.04,160.65,160.87,533,20,0
1710954000,160.87,160.88,160.61,160.72,418,20,0
1710957600,160.71,160.84,160.50,160.79,389,20,0
1710961200,160.79,160.85,160.25,160.35,373,20,0
1710964800,160.38,161.47,160.26,161.23,1113,20,0
1710968400,161.24,161.46,160.89,161.05,845,20,0
1711033200,161.40,161.74,160.95,161.14,484,20,0
1711036800,161.14,161.51,161.07,161.43,485,20,0
1711040400,161.41,161.42,160.85,161.03,427,20,0
1711044000,161.03,161.05,160.55,160.62,404,20,0
1711047600,160.62,160.75,160.47,160.68,445,20,0
1711051200,160.66,160.75,160.06,160.08,575,20,0
1711054800,160.08,160.98,160.07,160.82,720,20,0
1711119600,160.84,161.36,158.80,160.31,494,20,0
1711123200,160.31,160.56,160.03,160.51,548,20,0
1711126800,160.52,160.66,159.85,160.32,620,20,0
1711130400,160.33,160.53,160.25,160.45,628,20,0
1711134000,160.46,160.48,160.16,160.40,331,20,0
1711137600,160.40,160.52,160.30,160.41,282,20,0
1711141200,160.40,160.66,160.36,160.50,446,20,0
1711378800,160.53,160.65,160.07,160.53,355,20,0
1711382400,160.53,160.80,160.46,160.72,456,20,0
1711386000,160.72,161.18,160.66,161.11,387,20,0
1711389600,161.11,161.26,160.95,160.99,351,20,0
1711393200,160.98,161.03,160.76,160.77,288,20,0
1711396800,160.77,161.04,160.75,161.01,304,20,0
1711400400,161.02,161.22,160.83,160.99,618,20,0
1711465200,160.60,161.05,159.73,160.33,452,20,0
1711468800,160.34,161.23,159.95,160.99,525,20,0
1711472400,160.98,161.57,160.98,161.42,401,20,0
1711476000,161.42,161.62,161.27,161.31,310,20,0
1711479600,161.31,161.51,161.13,161.17,358,20,0
1711483200,161.16,161.18,160.84,161.01,384,20,0
1711486800,161.01,161.26,160.93,161.04,817,20,0
1711551600,161.74,162.35,161.39,161.99,584,20,0
1711555200,162.01,162.18,161.68,161.79,542,20,0
1711558800,161.78,162.07,161.77,161.90,305,20,0
1711562400,161.90,161.90,161.56,161.56,378,20,0
1711566000,161.56,161.65,161.22,161.32,283,20,0
1711569600,161.32,161.75,161.30,161.70,273,20,0
1711573200,161.70,162.00,161.56,161.87,545,20,0
1711638000,162.73,163.39,161.96,163.06,517,20,0
1711641600,163.06,163.20,162.76,163.19,482,20,0
1711645200,163.17,163.63,162.99,163.57,441,20,0
1711648800,163.57,163.59,163.24,163.30,324,20,0
1711652400,163.28,163.39,163.19,163.20,347,20,0
1711656000,163.22,163.39,163.16,163.38,338,20,0
1711659600,163.38,163.39,162.99,163.09,605,20,0
1711987200,162.91,163.13,161.50,161.57,568,20,0
1711990800,161.57,162.11,161.46,162.00,792,20,0
1711994400,161.99,162.40,161.96,162.08,755,20,0
1711998000,162.06,162.25,161.96,162.08,360,20,0
1712001600,162.08,162.37,162.02,162.34,310,20,0
1712005200,162.33,162.48,162.26,162.40,383,20,0
1712008800,162.40,162.89,162.24,162.56,554,20,0
1712073600,161.60,162.00,161.22,161.62,497,20,0
1712077200,161.62,161.75,161.27,161.42,682,20,0
1712080800,161.42,161.70,161.09,161.16,454,20,0
1712084400,161.17,161.45,161.17,161.36,361,20,0
1712088000,161.35,161.51,161.18,161.46,316,20,0
1712091600,161.46,161.65,161.40,161.51,290,20,0
1712095200,161.49,162.27,161.48,161.97,490,20,0
1712160000,161.76,162.02,161.42,161.87,426,20,0
1712163600,161.92,162.10,161.67,162.00,584,20,0
1712167200,162.05,162.06,161.81,162.04,499,20,0
1712170800,162.04,162.85,162.01,162.60,555,20,0
1712174400,162.60,162.61,162.25,162.25,390,20,0
1712178000,162.24,162.64,162.08,162.61,332,20,0
1712181600,162.60,163.29,162.41,163.15,847,20,0
1712246400,163.66,164.40,163.60,163.86,543,20,0
1712250000,163.86,163.89,163.30,163.30,555,20,0
1712253600,163.30,163.31,162.85,163.11,381,20,0
1712257200,163.11,163.27,162.49,162.59,378,20,0
1712260800,162.60,162.74,162.34,162.43,270,20,0
1712264400,162.43,162.67,161.62,161.90,904,20,0
1712268000,161.87,161.91,161.31,161.51,1004,20,0
1712332800,161.30,161.36,160.17,160.55,595,20,0
1712336400,160.55,161.25,160.48,161.14,753,20,0
1712340000,161.12,161.95,161.11,161.87,850,20,0
1712343600,161.90,162.21,161.81,162.05,742,20,0
1712347200,162.04,162.08,161.27,161.34,760,20,0
1712350800,161.35,161.58,161.21,161.39,803,20,0
1712354400,161.39,161.49,160.97,160.98,795,20,0
1712592000,159.75,161.39,159.45,160.85,602,20,0
1712595600,160.79,161.67,160.62,161.56,828,20,0
1712599200,161.57,161.62,161.22,161.62,533,20,0
1712602800,161.61,161.65,161.18,161.29,585,20,0
1712606400,161.29,161.34,160.96,161.11,537,20,0
1712610000,161.11,161.17,160.82,160.87,331,20,0
1712613600,160.87,161.14,160.67,160.76,664,20,0
1712678400,161.28,161.34,160.03,160.09,486,20,0
1712682000,160.09,160.90,159.93,160.68,832,20,0
1712685600,160.68,160.70,160.19,160.40,591,20,0
1712689200,160.40,160.54,160.24,160.47,371,20,0
1712692800,160.47,160.62,160.41,160.57,381,20,0
1712696400,160.58,160.71,160.42,160.44,390,20,0
1712700000,160.44,161.02,160.41,160.89,672,20,0
1712764800,160.88,161.04,159.81,160.04,808,20,0
1712768400,160.03,160.14,159.41,159.59,884,20,0
1712772000,159.59,159.71,159.27,159.47,575,20,0
1712775600,159.47,159.88,159.46,159.83,461,20,0
1712779200,159.82,160.08,159.50,159.95,1032,20,0
1712782800,159.95,160.04,159.65,159.70,783,20,0
1712786400,159.72,160.28,159.70,160.20,816,20,0
1712851200,160.42,160.47,159.85,159.91,432,20,0
1712854800,159.90,160.22,159.67,159.73,744,20,0
1712858400,159.73,160.08,159.66,160.02,592,20,0
1712862000,160.02,160.26,159.89,159.90,383,20,0
1712865600,159.90,160.49,159.83,160.40,644,20,0
1712869200,160.41,160.84,160.41,160.70,498,20,0
1712872800,160.69,160.87,160.46,160.58,628,20,0
1712937600,159.95,160.74,159.92,160.33,571,20,0
1712941200,160.21,160.52,160.02,160.20,827,20,0
1712944800,160.20,160.36,159.88,159.98,522,20,0
1712948400,159.98,160.20,159.88,159.93,497,20,0
1712952000,159.93,159.95,159.67,159.86,603,20,0
1712955600,159.83,159.97,159.59,159.70,579,20,0
1712959200,159.70,160.15,159.61,159.92,867,20,0
1713196800,161.55,161.79,161.03,161.11,493,20,0
1713200400,161.09,161.09,160.48,160.51,934,20,0
1713204000,160.52,160.67,160.32,160.48,793,20,0
1713207600,160.48,160.56,160.07,160.26,632,20,0
1713211200,160.24,160.24,159.32,159.75,852,20,0
1713214800,159.72,159.88,159.37,159.41,872,20,0
1713218400,159.40,159.82,159.27,159.72,1034,20,0
1713283200,160.57,160.57,159.58,160.13,594,20,0
1713286800,160.14,160.15,159.21,159.39,1044,20,0
1713290400,159.40,159.57,159.10,159.42,750,20,0
1713294000,159.42,159.59,159.14,159.43,679,20,0
1713297600,159.42,159.47,159.01,159.31,1052,20,0
1713301200,159.30,159.77,159.20,159.68,1127,20,0
1713304800,159.68,159.77,159.24,159.65,1016,20,0
1713369600,159.69,160.36,159.31,160.23,465,20,0
1713373200,160.23,160.53,159.59,159.74,879,20,0
1713376800,159.73,160.08,159.51,159.95,825,20,0
1713380400,159.95,160.02,159.52,159.60,806,20,0
1713384000,159.58,159.78,159.48,159.69,730,20,0
1713387600,159.69,160.12,159.65,159.80,750,20,0
1713391200,159.79,160.16,159.73,159.97,940,20,0
1713456000,160.12,161.39,160.01,160.81,713,20,0
1713459600,160.81,160.93,160.30,160.72,892,20,0
1713463200,160.71,160.89,160.28,160.39,768,20,0
1713466800,160.39,160.54,160.21,160.30,619,20,0
1713470400,160.30,160.49,160.17,160.36,710,20,0
1713474000,160.35,160.57,160.27,160.50,610,20,0
1713477600,160.50,160.88,160.47,160.75,877,20,0
1713542400,161.25,162.20,160.48,161.61,514,20,0
1713546000,161.61,161.92,161.14,161.65,998,20,0
1713549600,161.65,161.65,161.35,161.41,647,20,0
1713553200,161.41,161.82,161.35,161.77,573,20,0
1713556800,161.77,161.85,161.50,161.65,567,20,0
1713560400,161.66,162.01,161.56,162.00,810,20,0
1713564000,162.02,162.27,161.88,162.18,1097,20,0
1713801600,163.70,164.44,162.33,162.54,698,20,0
1713805200,162.54,162.77,162.27,162.54,882,20,0
1713808800,162.54,162.64,162.35,162.41,737,20,0
1713812400,162.42,162.66,162.00,162.19,563,20,0
1713816000,162.19,162.69,162.07,162.67,574,20,0
1713819600,162.67,162.80,162.38,162.61,489,20,0
1713823200,162.61,162.63,162.03,162.22,655,20,0
1713888000,162.44,163.11,162.26,162.85,504,21,0
1713891600,162.82,163.31,162.64,163.23,820,20,0
1713895200,163.22,163.49,163.18,163.36,726,20,0
1713898800,163.36,163.48,163.22,163.37,551,20,0
1713902400,163.37,163.64,163.28,163.39,560,20,0
1713906000,163.37,163.75,163.34,163.69,555,20,0
1713909600,163.69,163.69,163.04,163.10,871,20,0
1713974400,162.39,162.74,162.11,162.63,598,20,0
1713978000,162.65,163.30,162.53,163.05,793,20,0
1713981600,163.06,163.30,162.92,163.21,636,20,0
1713985200,163.21,163.63,163.16,163.51,548,20,0
1713988800,163.48,163.53,163.19,163.53,453,20,0
1713992400,163.53,164.10,163.53,164.08,748,20,0
1713996000,164.08,164.44,163.94,164.10,869,20,0
1714060800,164.42,165.00,162.48,162.58,624,20,0
1714064400,162.60,162.66,161.56,162.21,879,20,0
1714068000,162.23,163.43,162.23,163.43,840,20,0
1714071600,163.43,164.00,163.25,163.88,603,20,0
1714075200,163.88,164.32,163.68,164.32,511,20,0
1714078800,164.32,164.40,163.89,163.98,533,20,0
1714082400,163.99,164.45,163.79,163.89,689,20,0
1714147200,162.21,163.70,160.68,163.13,1162,20,0
1714150800,163.13,163.92,161.42,162.10,1289,20,0
1714154400,162.10,162.46,161.76,162.34,1033,20,0
1714158000,162.33,162.84,162.24,162.71,751,20,0
1714161600,162.71,163.66,162.63,163.44,776,20,0
1714165200,163.44,163.92,163.44,163.69,603,20,0
1714168800,163.70,164.04,163.43,163.88,778,20,0
1714406400,163.54,164.07,163.09,163.60,570,20,0
1714410000,163.62,164.39,163.37,164.23,820,20,0
1714413600,164.21,164.59,164.09,164.49,558,20,0
1714417200,164.49,164.54,164.20,164.23,508,20,0
1714420800,164.25,164.34,164.07,164.25,459,20,0
1714424400,164.24,164.27,163.82,163.95,513,20,0
1714428000,163.95,164.17,163.55,164.14,797,20,0
1714492800,163.69,164.14,163.18,163.45,436,20,0
1714496400,163.45,163.69,163.34,163.53,543,20,0
1714500000,163.52,163.57,162.97,163.30,590,20,0
1714503600,163.30,163.80,163.21,163.79,528,20,0
1714507200,163.79,163.83,163.55,163.81,582,20,0
1714510800,163.81,163.93,163.46,163.73,696,20,0
1714514400,163.73,164.29,163.63,164.07,1033,20,0
1714579200,163.98,165.02,163.85,164.43,703,20,0
1714582800,164.43,165.23,164.02,165.15,1113,20,0
1714586400,165.15,166.33,165.03,166.32,903,20,0
1714590000,166.26,166.39,165.60,165.64,746,20,0
1714593600,165.62,165.79,165.43,165.53,651,20,0
1714597200,165.55,166.21,165.44,166.09,1496,20,0
1714600800,166.09,166.37,165.20,165.41,1702,20,0
1714665600,165.88,165.88,164.64,165.15,837,20,0
1714669200,165.14,165.41,164.85,165.13,1093,20,0
1714672800,165.12,165.12,164.41,164.57,1035,20,0
1714676400,164.59,165.10,164.59,164.84,772,20,0
1714680000,164.86,165.09,164.81,165.04,682,20,0
1714683600,165.04,165.22,164.92,165.05,600,20,0
1714687200,165.05,165.23,164.65,164.81,892,20,0
1714752000,164.66,165.01,163.43,164.09,674,20,0
1714755600,164.09,164.28,163.73,163.91,1032,20,0
1714759200,163.91,164.79,163.87,164.55,726,20,0
1714762800,164.55,165.07,164.43,164.91,597,20,0
1714766400,164.92,165.14,164.89,165.00,442,20,0
1714770000,165.00,165.03,164.66,164.75,626,20,0
1714773600,164.75,164.86,164.37,164.46,692,20,0
1715011200,164.67,164.72,163.15,163.27,719,20,0
1715014800,163.28,163.36,162.22,162.56,1010,20,0
1715018400,162.58,162.75,161.84,161.85,806,20,0
1715022000,161.86,162.25,161.85,162.06,629,20,0
1715025600,162.06,162.30,161.71,162.03,604,20,0
1715029200,162.04,162.25,161.74,161.77,760,20,0
1715032800,161.77,162.42,161.70,162.24,1119,20,0
1715097600,162.57,162.69,162.09,162.47,658,20,0
1715101200,162.47,162.50,161.51,161.85,1021,20,0
1715104800,161.85,162.23,161.85,161.98,855,20,0
1715108400,161.96,162.02,161.74,161.98,756,20,0
1715112000,161.97,162.08,161.73,161.82,621,20,0
1715115600,161.83,162.18,161.75,162.17,654,20,0
1715119200,162.18,162.18,161.88,162.07,961,20,0
1715184000,162.35,163.11,162.15,162.91,530,20,0
1715187600,162.87,163.74,162.82,163.73,953,20,0
1715191200,163.73,163.97,163.58,163.72,658,20,0
1715194800,163.72,163.74,163.41,163.52,616,20,0
1715198400,163.52,163.55,163.15,163.22,607,20,0
1715202000,163.20,163.26,162.95,162.96,511,20,0
1715205600,162.96,163.04,162.56,162.74,863,20,0
1715270400,163.20,163.47,162.40,162.83,634,20,0
1715274000,162.84,163.53,162.84,163.42,776,20,0
1715277600,163.45,163.57,163.32,163.48,773,20,0
1715281200,163.47,163.53,163.23,163.31,651,20,0
1715284800,163.30,163.97,163.16,163.97,797,20,0
1715288400,163.97,164.12,163.82,164.09,617,20,0
1715292000,164.09,164.60,163.99,164.59,825,20,0
1715356800,164.39,164.79,164.07,164.08,559,20,0
1715360400,164.06,164.13,163.53,163.68,1025,20,0
1715364000,163.69,164.23,163.42,164.19,905,20,0
1715367600,164.11,164.30,163.97,164.00,767,20,0
1715371200,164.00,164.19,163.88,164.14,506,20,0
1715374800,164.14,164.30,164.07,164.26,477,20,0
1715378400,164.26,164.52,163.98,164.08,776,20,0
1715616000,164.85,164.85,163.71,163.94,493,20,0
1715619600,163.94,163.95,163.09,163.16,915,20,0
1715623200,163.17,163.18,162.61,162.63,584,20,0
1715626800,162.62,163.03,162.62,162.97,479,20,0
1715630400,162.97,163.12,162.81,163.10,492,20,0
1715634000,163.10,163.11,162.65,162.83,536,20,0
1715637600,162.81,163.26,162.70,163.26,597,20,0
1715702400,163.66,164.41,163.65,164.14,614,20,0
1715706000,164.12,164.14,163.47,163.58,985,20,0
1715709600,163.57,163.58,162.53,162.61,764,20,0
1715713200,162.60,162.75,161.74,161.80,860,20,0
1715716800,161.77,162.26,161.61,161.94,669,20,0
1715720400,161.92,162.08,161.74,162.06,768,20,0
1715724000,162.07,162.36,161.83,162.29,825,20,0
1715788800,162.70,163.90,162.70,163.27,453,20,0
1715792400,163.29,163.40,162.73,162.90,581,20,0
1715796000,162.90,163.45,162.71,162.79,510,20,0
1715799600,162.79,162.87,162.49,162.63,575,20,0
1715803200,162.64,162.91,162.59,162.72,654,20,0
1715806800,162.71,162.89,162.65,162.72,543,20,0
1715810400,162.72,162.75,162.40,162.59,621,20,0
1715875200,162.73,162.88,162.04,162.69,356,20,0
1715878800,162.69,162.84,162.30,162.70,583,20,0
1715882400,162.68,163.23,162.68,163.20,364,20,0
1715886000,163.20,163.39,163.15,163.20,278,20,0
1715889600,163.20,163.41,163.04,163.39,260,20,0
1715893200,163.39,163.45,163.17,163.36,454,20,0
1715896800,163.36,163.56,163.26,163.49,550,20,0
1715961600,162.93,163.39,162.42,163.34,480,20,0
1715965200,163.34,163.74,163.14,163.32,541,20,0
1715968800,163.32,163.65,163.32,163.63,538,20,0
1715972400,163.63,163.80,163.58,163.75,412,20,0
1715976000,163.75,163.87,163.59,163.76,394,20,0
1715979600,163.76,163.88,163.59,163.60,388,20,0
1715983200,163.59,163.88,163.57,163.87,494,20,0
1716220800,163.92,163.99,163.03,163.62,351,20,0
1716224400,163.62,164.00,163.52,163.99,460,20,0
1716228000,163.99,164.06,163.89,163.90,429,20,0
1716231600,163.90,163.95,163.66,163.78,349,20,0
1716235200,163.77,163.99,163.76,163.96,439,20,0
1716238800,163.95,164.08,163.86,164.02,442,20,0
1716242400,164.01,164.09,163.77,163.79,490,20,0
1716307200,163.81,164.60,163.68,164.34,467,20,0
1716310800,164.33,164.39,163.86,164.04,662,20,0
1716314400,164.04,164.04,163.54,163.58,562,20,0
1716318000,163.57,163.86,163.55,163.73,418,20,0
1716321600,163.73,164.00,163.56,163.95,357,21,0
1716325200,163.95,164.38,163.88,164.26,423,20,0
1716328800,164.25,164.38,163.98,164.26,565,20,0
1716393600,163.34,164.39,163.11,164.39,354,20,0
1716397200,164.39,165.67,164.35,165.64,662,20,0
1716400800,165.64,165.76,165.13,165.23,497,20,0
1716404400,165.23,165.60,165.13,165.37,540,20,0
1716408000,165.37,165.52,165.13,165.25,481,20,0
1716411600,165.25,165.25,164.81,164.89,650,20,0
1716415200,164.88,165.46,164.79,165.39,616,20,0
1716480000,164.13,165.02,164.05,165.00,515,20,0
1716483600,164.96,165.48,164.79,165.42,989,20,0
1716487200,165.41,165.46,164.77,164.96,584,20,0
1716490800,164.96,165.15,164.65,164.68,445,20,0
1716494400,164.66,164.87,164.58,164.66,567,20,0
1716498000,164.66,164.86,164.55,164.66,457,20,0
1716501600,164.65,165.06,164.61,164.87,767,20,0
1716566400,165.05,165.18,164.59,164.92,330,20,0
1716570000,164.93,165.45,164.89,165.30,551,20,0
1716573600,165.30,165.48,165.16,165.27,451,20,0
1716577200,165.27,165.64,165.23,165.63,239,20,0
1716580800,165.63,165.96,165.63,165.86,279,20,0
1716584400,165.86,166.09,165.81,165.81,404,20,0
1716588000,165.79,166.05,165.57,165.89,552,20,0
1716912000,165.43,168.53,165.17,167.85,724,20,0
1716915600,167.85,168.23,166.92,166.93,950,20,0
1716919200,166.95,167.17,166.84,167.01,588,20,0
1716922800,167.00,167.43,166.90,167.05,507,20,0
1716926400,167.03,167.03,166.58,166.66,489,20,0
1716930000,166.66,166.69,166.35,166.59,507,20,0
1716933600,166.59,167.27,166.50,167.21,641,20,0
1716998400,167.44,168.97,167.08,168.92,520,20,0
1717002000,168.93,168.93,167.35,167.37,1016,20,0
1717005600,167.35,167.71,167.29,167.71,552,20,0
1717009200,167.71,168.15,167.55,168.14,358,20,0
1717012800,168.14,168.33,167.99,168.18,482,20,0
1717016400,168.17,168.39,167.95,168.34,440,20,0
1717020000,168.33,168.93,168.20,168.81,645,20,0
1717084800,169.03,169.68,168.40,168.50,509,20,0
1717088400,168.53,170.30,168.31,170.13,812,20,0
1717092000,170.15,170.36,169.77,169.85,704,20,0
1717095600,169.82,170.42,169.64,170.42,468,20,0
1717099200,170.42,170.57,170.23,170.55,413,20,0
1717102800,170.55,170.75,169.97,170.31,616,20,0
1717106400,170.33,170.96,170.26,170.61,692,20,0
1717171200,169.80,170.58,169.80,170.21,494,20,0
1717174800,170.18,170.93,169.88,170.81,1078,20,0
1717178400,170.81,171.23,170.79,171.01,776,20,0
1717182000,171.00,171.25,170.85,171.02,619,20,0
1717185600,171.02,171.74,170.76,171.74,586,20,0
1717189200,171.76,172.63,171.61,172.47,593,20,0
1717192800,172.46,175.05,172.36,174.87,1221,20,0
1717430400,174.25,177.42,174.15,177.09,920,20,0
1717434000,177.19,178.33,176.76,176.96,1229,20,0
1717437600,176.95,177.63,174.15,174.15,965,20,0
1717441200,174.09,174.25,171.99,172.02,1194,20,0
1717444800,172.00,172.56,171.37,171.53,978,20,0
1717448400,171.55,172.56,171.08,172.52,815,20,0
1717452000,172.53,173.07,172.34,172.96,1089,20,0
1717516800,173.01,175.40,173.01,175.37,992,20,0
1717520400,175.34,176.24,175.11,175.13,1504,20,0
1717524000,175.11,175.76,175.10,175.71,823,20,0
1717527600,175.72,177.03,175.56,176.78,667,20,0
1717531200,176.82,177.20,176.72,177.20,532,20,0
1717534800,177.18,178.15,176.95,177.80,802,20,0
1717538400,177.79,178.73,177.15,177.79,965,20,0
1717603200,178.95,179.78,178.17,179.47,705,20,0
1717606800,179.32,180.03,179.02,179.76,1053,20,0
1717610400,179.79,181.05,179.68,180.96,846,20,0
1717614000,180.96,181.07,180.50,180.67,688,20,0
1717617600,180.62,180.62,179.76,179.79,611,20,0
1717621200,179.79,179.87,179.30,179.56,726,20,0
1717624800,179.57,180.26,179.48,180.17,927,20,0
1717689600,180.28,182.54,179.89,182.38,695,20,0
1717693200,182.40,182.55,179.25,179.51,1225,20,0
1717696800,179.53,180.27,179.29,180.04,628,20,0
1717700400,180.05,180.62,179.84,180.38,532,20,0
1717704000,180.38,180.69,179.66,179.80,524,20,0
1717707600,179.79,179.92,179.46,179.92,593,20,0
1717711200,179.93,180.07,179.43,179.63,709,20,0
1717776000,179.49,180.15,179.28,179.61,667,20,0
1717779600,179.60,180.52,179.51,180.34,853,20,0
1717783200,180.34,180.54,179.66,180.22,648,20,0
1717786800,180.23,180.53,180.02,180.50,588,20,0
1717790400,180.50,180.50,179.73,179.78,390,20,0
1717794000,179.76,179.85,179.26,179.85,550,20,0
1717797600,179.85,180.21,179.60,179.69,1003,20,0
1718035200,179.87,182.17,179.12,181.92,706,20,0
1718038800,181.92,181.92,180.03,180.07,879,20,0
1718042400,180.03,180.19,179.35,180.09,588,20,0
1718046000,180.09,180.82,179.82,180.82,456,20,0
1718049600,180.82,181.42,180.56,181.13,492,20,0
1718053200,181.11,181.19,180.49,180.84,607,20,0
1718056800,180.84,180.93,180.48,180.56,645,20,0
1718121600,180.65,180.70,179.11,179.38,849,20,0
1718125200,179.39,179.80,179.07,179.78,877,20,0
1718128800,179.79,179.98,179.25,179.51,559,20,0
1718132400,179.51,179.57,179.21,179.26,415,20,0
1718136000,179.26,179.53,179.12,179.47,434,20,0
1718139600,179.47,179.74,179.28,179.37,413,20,0
1718143200,179.37,179.53,177.93,178.29,834,20,0
1718208000,177.05,177.05,173.23,174.26,912,20,0
1718211600,174.12,174.47,171.82,172.40,1405,20,0
1718215200,172.40,172.92,171.49,171.96,939,20,0
1718218800,171.94,172.54,171.05,171.14,616,20,0
1718222400,171.14,171.78,171.08,171.74,580,20,0
1718226000,171.58,173.59,171.48,172.51,1108,20,0
1718229600,172.53,173.85,171.75,173.71,1484,20,0
1718294400,173.92,174.26,173.08,173.63,681,20,0
1718298000,173.61,174.41,173.41,173.91,888,20,0
1718301600,173.91,175.00,173.90,174.45,748,20,0
1718305200,174.44,174.58,174.02,174.19,549,20,0
1718308800,174.18,174.72,174.16,174.30,485,20,0
1718312400,174.29,174.74,174.29,174.53,493,20,0
1718316000,174.51,175.29,174.13,174.97,682,20,0
1718380800,174.58,175.88,174.27,175.40,518,20,0
1718384400,175.42,175.90,175.18,175.43,533,20,0
1718388000,175.43,175.55,175.11,175.49,550,20,0
1718391600,175.49,175.72,175.33,175.44,389,20,0
1718395200,175.43,175.43,174.78,174.87,402,20,0
1718398800,174.86,174.92,174.47,174.92,423,20,0
1718402400,174.93,175.97,174.85,175.90,704,20,0
1718640000,175.72,176.28,175.11,175.82,500,20,0
1718643600,175.82,176.36,174.71,176.33,741,20,0
1718647200,176.34,176.73,176.34,176.57,531,20,0
1718650800,176.59,177.79,176.57,177.20,551,20,0
1718654400,177.20,177.56,176.83,177.50,530,20,0
1718658000,177.52,178.71,177.52,177.94,708,20,0
1718661600,177.94,178.00,177.04,177.27,858,20,0
1718726400,177.64,178.01,176.64,176.83,535,20,0
1718730000,176.83,177.24,175.45,176.21,640,20,0
1718733600,176.21,177.23,176.01,177.23,469,20,0
1718737200,177.16,177.43,176.77,177.17,391,20,0
1718740800,177.17,177.20,176.37,176.68,452,20,0
1718744400,176.69,177.53,176.40,177.38,473,20,0
1718748000,177.38,177.72,176.98,177.43,705,20,0
1718899200,176.53,178.87,176.39,176.94,686,20,0
1718902800,176.98,177.64,176.30,176.58,855,20,0
1718906400,176.59,177.34,176.58,176.85,695,20,0
1718910000,176.85,177.35,176.70,177.24,491,20,0
1718913600,177.27,177.54,176.88,177.45,458,20,0
1718917200,177.45,177.47,176.15,176.25,543,20,0
1718920800,176.25,176.50,175.66,176.40,990,20,0
1718985600,174.95,175.49,174.06,175.04,729,20,0
1718989200,175.04,176.33,174.88,175.67,946,20,0
1718992800,175.67,175.70,174.97,175.44,770,20,0
1718996400,175.45,175.74,174.98,175.22,657,20,0
1719000000,175.22,176.10,175.01,176.03,541,20,0
1719003600,176.03,176.99,175.99,176.80,598,20,0
1719007200,176.81,177.29,176.21,176.55,1289,20,0
1719244800,177.37,177.97,176.06,176.81,632,20,0
1719248400,176.83,178.59,176.74,178.15,640,20,0
1719252000,178.16,178.38,177.85,177.89,408,20,0
1719255600,177.85,178.60,177.71,178.57,315,20,0
1719259200,178.57,178.62,177.97,177.98,430,21,0
1719262800,178.00,178.43,177.67,178.32,452,20,0
1719266400,178.28,178.39,177.72,177.80,797,20,0
1719331200,178.31,178.56,177.27,177.63,460,20,0
1719334800,177.63,178.66,177.13,178.43,665,20,0
1719338400,178.43,178.55,177.58,177.60,487,20,0
1719342000,177.60,178.02,177.47,177.86,438,20,0
1719345600,177.86,178.14,177.74,178.03,320,21,0
1719349200,178.03,178.28,177.75,177.81,373,20,0
1719352800,177.80,178.07,177.51,177.52,644,20,0
1719417600,176.82,177.33,175.92,177.00,532,21,0
1719421200,177.00,177.12,174.72,174.91,777,20,0
1719424800,174.94,175.75,174.65,175.48,571,20,0
1719428400,175.48,176.05,175.27,175.38,477,20,0
1719432000,175.36,175.38,173.65,173.96,669,20,0
1719435600,173.96,175.37,173.90,175.17,518,20,0
1719439200,175.17,176.35,175.06,176.19,750,20,0
1719504000,176.19,176.75,175.69,175.98,357,20,0
1719507600,175.95,176.39,175.72,176.24,515,21,0
1719511200,176.24,176.51,176.00,176.46,330,20,0
1719514800,176.46,176.77,176.27,176.72,324,20,0
1719518400,176.72,177.07,176.61,176.73,355,20,0
1719522000,176.70,176.70,176.19,176.34,494,20,0
1719525600,176.35,177.50,176.35,177.33,719,20,0
1719590400,177.37,178.44,177.35,177.70,379,20,0
1719594000,177.74,178.71,177.72,178.29,631,20,0
1719597600,178.25,178.35,177.65,178.02,677,20,0
1719601200,178.02,178.49,177.83,178.42,591,20,0
1719604800,178.42,178.61,177.23,177.23,532,20,0
1719608400,177.21,177.33,176.38,176.55,570,20,0
1719612000,176.54,176.54,176.02,176.02,1167,20,0
1719849600,177.28,178.44,176.58,178.04,418,20,0
1719853200,178.08,178.21,176.95,177.38,594,20,0
1719856800,177.38,177.44,177.00,177.14,425,20,0
1719860400,177.11,177.85,177.06,177.80,511,21,0
1719864000,177.79,178.11,177.67,177.86,420,20,0
1719867600,177.83,177.95,177.61,177.86,505,20,0
1719871200,177.86,179.03,177.75,178.99,1296,20,0
1719936000,178.14,178.67,177.51,178.66,392,21,0
1719939600,178.74,179.19,178.51,178.92,455,20,0
1719943200,178.92,178.95,178.15,178.21,298,20,0
1719946800,178.20,178.22,177.66,178.05,241,21,0
1719950400,178.05,179.22,177.98,179.01,346,21,0
1719954000,179.01,179.37,178.75,179.17,381,20,0
1719957600,179.17,179.89,179.11,179.85,736,20,0
1720022400,178.90,179.44,178.17,178.60,322,20,0
1720026000,178.64,179.45,177.90,178.05,612,20,0
1720029600,178.19,178.64,178.11,178.52,484,20,0
1720033200,178.52,179.11,178.22,178.29,763,20,0
1720195200,178.70,178.77,177.78,178.28,301,22,0
1720198800,178.23,178.54,177.86,178.33,340,20,0
1720202400,178.33,179.06,178.19,178.87,483,21,0
1720206000,178.87,179.19,178.71,178.73,474,21,0
1720209600,178.73,179.11,178.59,179.04,447,20,0
1720213200,179.04,179.13,178.73,179.03,480,20,0
1720216800,179.03,179.36,178.76,179.16,713,20,0
1720454400,178.70,179.71,178.70,179.33,259,22,0
1720458000,179.28,179.42,178.57,178.62,455,20,0
1720461600,178.57,178.65,178.21,178.23,368,21,0
1720465200,178.23,178.72,178.13,178.49,288,22,0
1720468800,178.52,178.65,178.44,178.60,278,21,0
1720472400,178.60,179.05,178.45,178.97,315,20,0
1720476000,178.95,179.12,178.80,179.07,757,20,0
1720540800,179.28,180.09,178.82,178.87,274,20,0
1720544400,178.87,178.95,178.31,178.94,508,20,0
1720548000,178.94,179.85,178.86,179.76,422,20,0
1720551600,179.76,180.02,179.38,179.64,406,21,0
1720555200,179.65,179.73,179.26,179.29,360,21,0
1720558800,179.29,179.33,178.82,178.86,360,20,0
1720562400,178.86,178.96,178.47,178.95,493,20,0
1720627200,178.59,179.77,178.55,179.70,265,21,0
1720630800,179.71,180.70,179.58,180.44,565,20,0
1720634400,180.44,180.55,179.69,179.85,398,21,0
1720638000,179.85,180.68,179.82,180.58,472,20,0
1720641600,180.58,180.87,180.01,180.34,436,20,0
1720645200,180.34,180.77,180.09,180.75,401,20,0
1720648800,180.76,180.95,180.31,180.32,649,20,0
1720713600,179.39,179.69,179.01,179.53,371,20,0
1720717200,179.52,180.14,179.37,179.77,676,22,0
1720720800,179.78,180.69,179.63,180.04,748,21,0
1720724400,180.05,180.06,179.01,179.43,456,21,0
1720728000,179.43,179.67,179.05,179.31,366,21,0
1720731600,179.34,179.59,178.71,178.74,378,20,0
1720735200,178.73,178.91,177.80,178.68,1075,20,0
1720800000,179.31,180.60,178.41,178.81,465,20,0
1720803600,178.85,179.78,178.76,179.57,500,20,0
1720807200,179.57,180.44,179.57,180.12,324,20,0
1720810800,180.07,180.14,179.50,179.69,343,21,0
1720814400,179.69,180.51,179.69,179.91,358,20,0
1720818000,179.88,180.27,179.85,180.09,272,20,0
1720821600,180.07,180.34,179.37,179.43,733,20,0
1721059200,178.38,180.36,178.38,179.56,442,24,0
1721062800,179.60,180.81,179.55,180.64,457,20,0
1721066400,180.64,181.74,180.64,181.58,426,21,0
1721070000,181.58,182.12,181.52,181.84,391,20,0
1721073600,181.80,182.06,181.27,181.54,454,20,0
1721077200,181.54,182.08,181.41,182.06,336,20,0
1721080800,182.04,182.21,181.18,181.62,782,20,0
1721145600,181.77,182.93,181.14,182.79,305,21,0
1721149200,182.78,183.60,182.18,182.42,550,20,0
1721152800,182.40,182.40,181.46,182.03,375,20,0
1721156400,182.05,182.63,182.05,182.59,311,21,0
1721160000,182.57,183.06,182.57,183.06,283,21,0
1721163600,183.06,183.29,182.67,182.79,330,21,0
1721167200,182.79,183.57,182.74,182.81,776,20,0
1721232000,183.61,185.22,182.91,183.17,611,20,0
1721235600,183.17,183.29,182.17,182.57,708,21,0
1721239200,182.57,183.14,182.31,182.96,405,21,0
1721242800,182.96,184.06,182.72,183.83,480,20,0
1721246400,183.82,183.89,182.56,182.74,419,20,0
1721250000,182.74,183.13,182.71,183.07,455,20,0
1721253600,183.06,183.75,182.89,183.44,705,20,0
1721318400,183.31,183.32,181.68,182.95,518,21,0
1721322000,182.88,183.67,182.56,183.13,611,20,0
1721325600,183.15,183.33,182.39,183.05,563,20,0
1721329200,183.05,183.05,182.40,182.41,341,21,0
1721332800,182.42,182.97,182.20,182.32,306,21,0
1721336400,182.33,182.67,182.03,182.38,343,20,0
1721340000,182.39,182.52,181.75,182.13,917,20,0
1721404800,181.98,183.00,181.88,182.54,523,21,0
1721408400,182.54,182.86,182.29,182.47,563,20,0
1721412000,182.47,183.05,181.97,182.56,451,20,0
1721415600,182.57,182.86,182.24,182.50,288,20,0
1721419200,182.50,182.60,182.21,182.38,284,20,0
1721422800,182.38,182.38,181.95,182.12,280,21,0
1721426400,182.15,182.49,181.84,181.92,841,20,0
1721664000,180.37,181.55,178.11,179.04,550,20,0
1721667600,178.99,179.84,178.70,179.63,567,20,0
1721671200,179.61,179.87,178.67,179.01,530,20,0
1721674800,179.01,179.67,178.73,179.67,285,20,0
1721678400,179.70,179.92,179.30,179.40,320,21,0
1721682000,179.39,179.48,179.03,179.10,349,20,0
1721685600,179.08,179.18,176.68,177.29,934,20,0
1721750400,177.46,177.53,176.29,176.96,333,22,0
1721754000,176.89,177.19,175.61,176.28,471,21,0
1721757600,176.29,177.15,176.25,176.76,311,20,0
1721761200,176.71,176.71,175.61,176.14,503,20,0
1721764800,176.17,176.55,176.04,176.36,317,20,0
1721768400,176.36,176.55,176.29,176.29,340,20,0
1721772000,176.29,176.55,175.91,176.46,693,20,0
1721836800,176.97,177.02,174.94,175.11,516,22,0
1721840400,174.98,175.10,174.15,174.15,562,20,0
1721844000,174.18,175.26,174.18,175.26,604,20,0
1721847600,175.26,176.34,175.26,176.27,477,21,0
1721851200,176.27,176.54,175.66,175.76,367,20,0
1721854800,175.76,176.49,175.73,176.29,399,20,0
1721858400,176.26,177.39,176.25,176.82,967,20,0
1721923200,178.12,179.13,177.66,178.90,636,20,0
1721926800,178.89,180.18,177.11,177.56,1249,21,0
1721930400,177.56,177.97,175.91,176.00,532,21,0
1721934000,175.99,176.80,175.99,176.07,485,20,0
1721937600,176.07,176.47,175.48,175.53,344,20,0
1721941200,175.53,175.79,175.28,175.50,306,21,0
1721944800,175.50,175.89,174.95,174.98,817,20,0
1722009600,175.29,176.37,173.74,175.16,530,20,0
1722013200,175.21,175.92,174.48,175.86,471,21,0
1722016800,175.89,175.90,175.23,175.73,463,20,0
1722020400,175.74,175.98,175.40,175.81,405,21,0
1722024000,175.81,175.83,175.04,175.25,342,20,0
1722027600,175.25,175.74,175.25,175.42,304,20,0
1722031200,175.41,176.07,175.23,175.40,779,20,0
1722268800,175.68,176.24,174.97,176.05,277,22,0
1722272400,175.98,176.81,175.72,176.40,425,20,0
1722276000,176.36,176.36,175.51,176.20,457,20,0
1722279600,176.24,176.84,176.24,176.36,336,22,0
1722283200,176.38,176.44,175.51,175.53,271,21,0
1722286800,175.55,175.59,175.23,175.36,326,20,0
1722290400,175.36,176.87,175.23,176.83,759,20,0
1722355200,177.41,177.70,176.38,176.88,334,21,0
1722358800,176.79,176.90,175.39,175.86,552,20,0
1722362400,175.87,175.95,174.48,174.77,562,20,0
1722366000,174.75,174.99,174.43,174.43,488,20,0
1722369600,174.43,174.60,174.12,174.49,530,20,0
1722373200,174.49,174.52,173.63,174.14,440,20,0
1722376800,174.12,176.08,174.03,175.25,989,20,0
1722441600,180.07,181.59,176.83,177.50,873,20,0
1722445200,177.52,182.20,177.29,182.04,811,20,0
1722448800,182.04,182.35,180.18,180.53,640,20,0
1722452400,180.53,181.33,179.71,179.76,465,20,0
1722456000,179.76,181.03,179.44,180.99,560,21,0
1722459600,180.99,182.01,180.78,181.73,674,20,0
1722463200,181.76,182.58,181.40,182.15,1064,20,0
1722528000,181.75,183.99,181.65,183.77,472,22,0
1722531600,183.77,185.03,183.66,183.96,732,20,0
1722535200,183.97,184.41,183.27,183.46,704,20,0
1722538800,183.47,184.54,183.37,184.09,477,20,0
1722542400,184.08,185.09,183.94,184.79,475,20,0
1722546000,184.75,185.79,184.58,185.79,579,20,0
1722549600,185.80,187.39,185.62,186.95,977,20,0
1722614400,189.21,193.49,189.09,192.67,739,20,0
1722618000,192.67,193.43,190.49,190.51,1086,20,0
1722621600,190.51,191.09,188.16,189.58,915,20,0
1722625200,189.58,191.21,189.28,189.48,633,20,0
1722628800,189.42,189.73,188.93,189.55,523,20,0
1722632400,189.53,189.86,189.35,189.39,469,20,0
1722636000,189.39,189.49,188.49,188.49,1077,20,0
1722873600,192.08,193.12,186.13,187.54,1091,20,0
1722877200,187.67,188.67,185.24,185.34,1384,20,0
1722880800,185.30,186.89,185.23,186.45,1176,20,0
1722884400,186.44,187.73,185.85,187.04,1031,20,0
1722888000,187.03,187.71,186.70,187.31,895,20,0
1722891600,187.33,187.34,186.40,186.53,1034,20,0
1722895200,186.55,187.16,186.01,186.72,1635,20,0
1722960000,185.98,190.50,185.98,190.00,781,20,0
1722963600,190.07,191.41,189.63,191.21,1201,20,0
1722967200,191.20,192.02,190.59,191.88,1052,20,0
1722970800,191.88,192.51,191.28,191.36,735,20,0
1722974400,191.36,191.94,191.06,191.70,708,20,0
1722978000,191.70,192.01,191.37,191.56,802,20,0
1722981600,191.56,191.57,189.74,189.74,1515,20,0
1723046400,189.54,192.40,189.54,192.40,527,20,0
1723050000,192.38,193.78,191.71,193.02,991,20,0
1723053600,193.02,193.19,191.86,192.32,861,21,0
1723057200,192.32,193.23,191.50,192.97,821,20,0
1723060800,192.97,193.05,192.10,192.60,738,21,0
1723064400,192.60,192.63,191.59,191.66,755,20,0
1723068000,191.67,191.78,190.35,190.42,1531,20,0
1723132800,190.43,192.45,189.94,192.42,542,21,0
1723136400,192.43,193.31,192.20,193.13,758,20,0
1723140000,193.13,193.60,191.81,192.14,854,20,0
1723143600,192.14,192.52,191.70,191.86,616,20,0
1723147200,191.86,192.65,191.83,192.64,629,20,0
1723150800,192.64,193.19,192.40,192.65,620,20,0
1723154400,192.64,193.69,192.29,193.45,1364,20,0
1723219200,193.50,193.66,191.97,193.61,513,20,0
1723222800,193.61,194.14,193.34,193.51,620,20,0
1723226400,193.54,193.98,193.15,193.76,502,20,0
1723230000,193.78,193.93,193.35,193.73,395,20,0
1723233600,193.73,193.90,193.21,193.63,474,20,0
1723237200,193.63,194.10,193.63,194.03,478,20,0
1723240800,194.02,194.26,193.52,194.08,956,20,0
1723478400,193.75,194.24,193.18,193.96,420,21,0
1723482000,193.94,194.73,193.54,194.71,618,20,0
1723485600,194.69,195.02,193.62,194.94,746,20,0
1723489200,194.94,195.11,194.52,194.71,606,20,0
1723492800,194.72,194.81,194.08,194.38,465,20,0
1723496400,194.38,194.94,194.15,194.78,515,20,0
1723500000,194.78,194.98,194.37,194.84,681,20,0
1723564800,195.28,195.54,193.79,194.04,505,20,0
1723568400,194.11,195.12,193.82,194.90,525,20,0
1723572000,194.91,195.58,194.84,195.33,459,20,0
1723575600,195.34,195.48,194.90,195.27,351,21,0
1723579200,195.26,195.50,194.66,194.70,400,20,0
1723582800,194.70,194.70,194.11,194.57,465,20,0
1723586400,194.57,195.63,194.53,195.22,804,20,0
1723651200,194.93,196.12,194.38,195.59,447,20,0
1723654800,195.61,196.25,195.36,195.96,952,20,0
1723658400,195.95,196.88,195.91,196.77,625,20,0
1723662000,196.77,196.77,195.70,196.09,610,20,0
1723665600,196.07,196.14,195.27,195.80,556,20,0
1723669200,195.79,196.41,195.74,196.36,496,20,0
1723672800,196.36,196.59,195.88,196.34,922,20,0
1723737600,195.98,196.54,194.02,194.14,562,20,0
1723741200,194.11,194.77,193.08,193.21,673,20,0
1723744800,193.21,194.29,192.91,194.08,622,20,0
1723748400,194.06,194.88,192.83,193.01,452,20,0
1723752000,193.01,193.49,192.75,193.46,442,20,0
1723755600,193.52,194.87,193.52,194.65,487,20,0
1723759200,194.65,194.93,194.10,194.50,746,20,0
1723824000,194.80,194.92,193.76,193.88,461,20,0
1723827600,193.84,194.97,193.29,194.58,741,20,0
1723831200,194.57,195.47,194.34,195.31,564,20,0
1723834800,195.32,195.74,195.18,195.63,579,20,0
1723838400,195.64,196.13,195.50,196.06,553,20,0
1723842000,196.06,196.36,195.92,196.33,548,20,0
1723845600,196.33,196.61,195.69,196.43,1112,20,0
1724083200,196.66,197.90,196.16,197.89,366,21,0
1724086800,197.89,198.64,197.61,197.92,491,20,0
1724090400,197.92,197.93,197.16,197.47,388,21,0
1724094000,197.47,197.80,197.34,197.80,242,20,0
1724097600,197.80,197.83,197.13,197.15,195,21,0
1724101200,197.15,197.77,197.15,197.54,203,20,0
1724104800,197.56,197.56,196.80,197.44,598,20,0
1724169600,196.95,197.85,196.94,197.26,219,22,0
1724173200,197.33,197.93,197.09,197.75,474,20,0
1724176800,197.75,197.89,196.61,196.98,354,20,0
1724180400,196.99,197.24,196.79,197.13,300,20,0
1724184000,197.13,197.13,196.37,196.49,402,20,0
1724187600,196.49,196.82,196.22,196.30,391,20,0
1724191200,196.30,196.57,196.04,196.08,716,20,0
1724256000,196.41,196.97,195.06,196.19,283,20,0
1724259600,196.11,196.36,195.20,195.78,536,20,0
1724263200,195.78,196.25,195.46,195.59,375,21,0
1724266800,195.59,196.15,195.45,195.92,306,21,0
1724270400,195.92,195.94,195.54,195.72,265,21,0
1724274000,195.74,196.18,195.34,196.08,370,20,0
1724277600,196.06,196.15,195.26,195.37,586,20,0
1724342400,195.52,196.93,195.41,196.16,325,21,0
1724346000,196.17,196.44,195.58,195.62,389,20,0
1724349600,195.63,196.05,195.32,195.90,434,20,0
1724353200,195.90,196.41,195.48,195.62,485,20,0
1724356800,195.62,195.78,195.07,195.54,757,20,0
1724360400,195.54,196.20,195.43,195.85,702,20,0
1724364000,195.84,196.67,195.71,196.34,1143,20,0
1724428800,197.71,197.84,196.36,197.39,548,20,0
1724432400,197.39,198.11,197.22,197.48,955,20,0
1724436000,197.49,197.49,196.78,196.88,580,20,0
1724439600,196.88,197.26,196.36,197.11,684,20,0
1724443200,197.12,197.78,196.77,197.71,368,21,0
1724446800,197.71,198.10,197.43,198.05,364,20,0
1724450400,198.02,198.88,197.95,198.46,865,20,0
1724688000,198.96,199.70,198.84,199.66,260,22,0
1724691600,199.68,200.08,198.91,199.13,497,20,0
1724695200,199.13,199.44,199.03,199.29,509,20,0
1724698800,199.29,199.90,199.10,199.79,475,20,0
1724702400,199.79,200.02,199.27,199.57,438,20,0
1724706000,199.57,200.09,199.55,199.87,477,20,0
1724709600,199.84,200.44,199.72,200.35,732,20,0
1724774400,201.27,201.61,200.16,200.45,418,20,0
1724778000,200.47,202.20,200.46,202.15,753,20,0
1724781600,202.25,202.65,201.78,202.39,699,21,0
1724785200,202.39,203.15,202.29,202.86,621,21,0
1724788800,202.84,203.43,202.84,203.34,623,20,0
1724792400,203.33,203.60,203.14,203.36,580,20,0
1724796000,203.37,203.98,203.22,203.95,894,20,0
1724860800,204.62,204.64,203.13,203.91,393,20,0
1724864400,203.91,204.44,203.39,203.74,479,21,0
1724868000,203.73,203.73,201.83,202.01,512,20,0
1724871600,202.01,202.49,202.01,202.27,373,20,0
1724875200,202.27,202.43,201.40,201.45,495,20,0
1724878800,201.44,202.55,201.18,202.54,662,20,0
1724882400,202.54,202.67,200.97,201.19,814,20,0
1724947200,201.19,201.19,199.14,199.88,534,20,0
1724950800,199.91,200.76,199.91,200.74,417,20,0
1724954400,200.74,200.86,199.98,200.06,328,20,0
1724958000,200.06,200.80,200.06,200.16,331,20,0
1724961600,200.15,200.82,199.90,200.69,391,20,0
1724965200,200.67,200.70,199.95,200.26,672,20,0
1724968800,200.26,200.38,199.71,199.99,896,20,0
1725033600,200.06,200.34,198.35,198.35,323,21,0
1725037200,198.37,198.89,197.93,197.95,641,20,0
1725040800,197.95,197.98,196.91,196.95,572,20,0
1725044400,196.95,197.69,196.62,197.67,601,20,0
1725048000,197.67,197.80,197.34,197.44,389,22,0
1725051600,197.44,198.40,197.27,198.27,468,20,0
1725055200,198.27,198.70,198.11,198.56,1017,20,0
1725379200,199.38,200.60,199.18,200.28,451,21,0
1725382800,200.28,200.72,199.27,200.72,757,21,0
1725386400,200.72,200.93,199.79,199.79,746,20,0
1725390000,199.79,200.84,199.68,200.39,562,20,0
1725393600,200.41,201.41,200.39,200.72,558,21,0
1725397200,200.71,200.85,200.03,200.61,785,20,0
1725400800,200.61,200.64,199.68,200.42,1425,20,0
1725465600,201.11,202.04,200.73,200.95,557,22,0
1725469200,200.93,201.81,200.39,201.81,726,20,0
1725472800,201.81,201.97,201.28,201.70,510,20,0
1725476400,201.71,201.77,200.92,201.14,412,20,0
1725480000,201.10,201.16,197.59,199.37,617,21,0
1725483600,199.37,199.72,198.87,198.95,608,21,0
1725487200,198.96,199.28,198.56,198.65,1063,20,0
1725552000,198.23,199.04,196.04,197.75,719,20,0
1725555600,197.73,199.14,197.44,197.77,689,20,0
1725559200,197.78,197.94,197.04,197.37,747,20,0
1725562800,197.37,197.41,196.73,196.85,491,20,0
1725566400,196.86,197.52,196.62,197.24,409,20,0
1725570000,197.24,197.53,197.09,197.21,360,20,0
1725573600,197.22,197.32,196.63,197.07,735,20,0
1725638400,197.22,197.57,195.96,196.67,507,20,0
1725642000,196.70,196.84,194.46,194.95,773,20,0
1725645600,194.96,195.25,193.90,194.01,963,20,0
1725649200,194.01,194.39,193.78,194.07,438,20,0
1725652800,194.08,194.08,193.45,193.84,463,20,0
1725656400,193.83,193.94,193.45,193.45,507,20,0
1725660000,193.45,193.65,192.53,192.82,986,20,0
1725897600,193.42,194.75,193.16,194.47,655,20,0
1725901200,194.47,195.03,193.91,194.88,483,20,0
1725904800,194.88,195.33,194.38,194.71,480,20,0
1725908400,194.70,195.54,194.68,195.41,368,20,0
1725912000,195.41,195.41,194.74,195.12,371,20,0
1725915600,195.12,195.24,194.68,194.72,372,20,0
1725919200,194.72,195.89,194.54,195.18,619,20,0
1725984000,195.81,196.77,194.94,195.68,513,21,0
1725987600,195.67,196.01,194.92,195.34,595,21,0
1725991200,195.34,196.50,195.07,195.13,589,20,0
1725994800,195.09,195.96,194.40,195.84,728,20,0
1725998400,195.85,196.24,195.61,196.20,474,20,0
1726002000,196.20,196.51,196.03,196.33,507,20,0
1726005600,196.33,196.64,196.19,196.29,753,20,0
1726070400,196.16,196.58,195.63,196.15,534,21,0
1726074000,196.07,196.07,194.31,194.45,846,20,0
1726077600,194.47,196.71,194.47,196.02,776,20,0
1726081200,196.00,196.75,196.00,196.67,739,20,0
1726084800,196.68,196.84,196.25,196.59,543,20,0
1726088400,196.59,197.61,196.45,197.45,598,20,0
1726092000,197.45,198.69,197.30,198.41,801,20,0
1726156800,199.10,200.36,199.08,199.72,525,20,0
1726160400,199.64,200.59,199.53,200.28,1033,20,0
1726164000,200.27,201.09,200.27,200.56,941,20,0
1726167600,200.56,200.93,200.03,200.79,794,20,0
1726171200,200.78,201.29,200.68,201.16,546,20,0
1726174800,201.19,202.02,201.11,201.53,874,20,0
1726178400,201.52,202.47,201.44,202.30,984,20,0
1726243200,201.88,201.93,200.57,201.62,573,20,0
1726246800,201.63,202.38,201.32,201.92,655,20,0
1726250400,201.91,203.02,201.87,202.87,726,21,0
1726254000,202.88,203.11,202.21,202.95,613,20,0
1726257600,202.94,202.99,202.66,202.88,658,20,0
1726261200,202.87,202.91,202.35,202.54,645,20,0
1726264800,202.54,203.03,202.49,202.71,773,20,0
1726502400,204.62,205.67,204.41,204.68,517,20,0
1726506000,204.80,204.90,203.50,203.96,786,20,0
1726509600,203.96,205.00,203.89,204.52,768,20,0
1726513200,204.54,205.57,204.49,205.52,711,20,0
1726516800,205.54,205.58,205.02,205.13,703,20,0
1726520400,205.13,205.42,204.85,205.32,804,20,0
1726524000,205.32,206.18,205.24,205.71,901,20,0
1726588800,205.15,205.34,204.07,204.20,452,21,0
1726592400,204.20,204.93,203.76,204.18,705,20,0
1726596000,204.19,205.05,204.01,204.35,655,20,0
1726599600,204.35,204.35,202.96,203.03,905,20,0
1726603200,203.03,203.61,202.77,203.04,962,20,0
1726606800,203.04,203.48,202.57,202.62,745,20,0
1726610400,202.60,202.76,201.66,202.58,900,20,0
1726675200,202.75,202.79,199.68,200.34,403,21,0
1726678800,200.33,201.33,200.00,201.11,540,20,0
1726682400,201.11,202.22,200.78,202.10,625,21,0
1726686000,202.07,205.72,196.98,198.06,1127,20,0
1726689600,198.10,199.51,197.06,199.48,909,20,0
1726693200,199.46,200.46,196.95,197.72,1142,20,0
1726696800,197.69,198.09,195.38,196.58,1234,20,0
1726761600,198.17,199.15,196.90,197.44,561,21,0
1726765200,197.44,199.02,197.32,198.57,543,20,0
1726768800,198.57,199.33,197.90,198.66,505,20,0
1726772400,198.65,200.15,198.65,200.08,495,20,0
1726776000,200.08,201.17,199.90,200.91,439,20,0
1726779600,200.91,201.10,199.99,201.08,522,20,0
1726783200,201.08,201.33,199.44,199.53,791,20,0
1726848000,197.82,199.51,197.82,198.23,467,21,0
1726851600,198.28,198.80,198.09,198.39,621,20,0
1726855200,198.40,198.76,197.34,197.71,678,20,0
1726858800,197.72,199.08,197.53,199.01,641,20,0
1726862400,199.00,199.46,198.98,199.20,532,20,0
1726866000,199.20,199.29,198.34,198.42,530,20,0
1726869600,198.42,199.50,197.88,199.31,857,20,0
1727107200,199.23,200.24,198.66,199.58,347,23,0
1727110800,199.61,201.57,199.61,201.18,647,20,0
1727114400,201.10,201.47,200.83,201.06,573,20,0
1727118000,201.06,201.63,200.92,201.04,538,20,0
1727121600,201.04,202.19,201.00,202.19,461,20,0
1727125200,202.16,202.76,201.89,202.64,621,20,0
1727128800,202.64,202.76,201.76,202.35,722,20,0
1727193600,201.34,202.23,201.02,202.09,247,22,0
1727197200,202.21,203.58,201.82,203.40,590,20,0
1727200800,203.40,203.49,202.06,202.48,426,20,0
1727204400,202.52,202.56,202.09,202.09,409,20,0
1727208000,202.05,202.17,201.23,201.31,399,21,0
1727211600,201.31,201.72,201.07,201.60,430,20,0
1727215200,201.60,202.01,200.98,201.36,674,20,0
1727280000,202.28,203.03,201.60,202.41,285,20,0
1727283600,202.41,203.34,202.10,202.65,525,20,0
1727287200,202.65,203.55,202.60,203.53,425,20,0
1727290800,203.53,203.65,203.13,203.44,383,20,0
1727294400,203.43,203.76,202.93,203.66,367,21,0
1727298000,203.67,203.72,203.40,203.62,359,20,0
1727301600,203.62,203.68,203.00,203.19,607,20,0
1727366400,202.91,203.29,201.97,202.00,315,20,0
1727370000,202.00,203.99,201.68,203.91,545,20,0
1727373600,203.91,203.98,202.93,203.42,454,20,0
1727377200,203.42,203.48,202.90,203.45,462,20,0
1727380800,203.46,203.92,203.06,203.63,447,20,0
1727384400,203.63,203.95,203.46,203.64,393,20,0
1727388000,203.63,203.68,202.90,203.16,616,20,0
1727452800,203.29,203.87,202.94,203.43,277,20,0
1727456400,203.49,203.78,202.90,203.21,348,21,0
1727460000,203.13,204.04,203.12,203.83,270,20,0
1727463600,203.83,204.75,203.83,204.61,420,20,0
1727467200,204.62,205.38,204.61,205.31,403,20,0
1727470800,205.30,205.60,205.07,205.12,463,20,0
1727474400,205.12,205.34,204.70,205.09,412,20,0
1727712000,206.02,206.18,204.52,204.94,342,23,0
1727715600,204.95,206.00,204.93,206.00,411,23,0
1727719200,205.93,206.40,205.26,206.32,462,20,0
1727722800,206.36,206.76,206.07,206.26,384,20,0
1727726400,206.25,206.42,205.97,206.23,308,21,0
1727730000,206.23,206.55,205.52,206.49,431,20,0
1727733600,206.43,207.35,206.11,206.18,741,20,0
1727798400,205.24,206.15,204.42,204.95,420,20,0
1727802000,204.95,205.10,203.23,203.26,653,20,0
1727805600,203.28,204.13,202.66,204.06,695,20,0
1727809200,204.06,204.65,203.44,203.69,649,20,0
1727812800,203.71,205.07,203.25,204.87,679,20,0
1727816400,204.89,205.52,204.47,205.36,558,20,0
1727820000,205.36,206.02,205.17,206.00,762,20,0
1727884800,205.44,207.47,205.25,207.20,441,21,0
1727888400,207.12,207.54,206.15,207.20,590,20,0
1727892000,207.21,207.72,206.80,207.59,533,21,0
1727895600,207.59,207.63,206.74,206.89,477,21,0
1727899200,206.89,207.76,206.86,207.53,482,21,0
1727902800,207.52,207.81,207.42,207.61,514,21,0
1727906400,207.61,208.23,207.50,207.95,532,20,0
1727971200,207.57,208.59,207.43,208.05,321,20,0
1727974800,208.11,208.74,207.80,207.84,559,20,0
1727978400,207.84,209.12,207.57,208.90,479,20,0
1727982000,208.91,209.04,207.94,207.95,384,21,0
1727985600,207.93,208.37,207.62,208.37,484,21,0
1727989200,208.37,208.55,208.07,208.23,248,20,0
1727992800,208.21,208.21,207.52,207.93,488,20,0
1728057600,207.47,207.67,206.26,206.26,363,21,0
1728061200,206.25,207.11,206.06,207.02,548,20,0
1728064800,207.02,207.29,206.69,207.29,526,20,0
1728068400,207.29,207.93,207.18,207.78,379,20,0
1728072000,207.80,207.80,207.20,207.31,399,20,0
1728075600,207.32,207.94,207.05,207.94,309,20,0
1728079200,207.90,208.59,207.86,208.16,566,20,0
1728316800,208.32,209.09,207.25,208.95,321,20,0
1728320400,208.94,209.88,208.81,209.08,743,20,0
1728324000,209.06,209.34,208.67,209.21,498,22,0
1728327600,209.20,209.60,209.10,209.57,699,20,0
1728331200,209.57,209.59,208.96,209.15,531,20,0
1728334800,209.15,209.15,208.25,208.63,573,22,0
1728338400,208.62,208.75,207.79,208.22,813,20,0
1728403200,208.72,210.44,208.64,210.44,398,20,0
1728406800,210.44,211.08,210.27,210.83,594,20,0
1728410400,210.81,211.50,210.51,211.50,488,20,0
1728414000,211.49,212.05,211.04,211.98,503,20,0
1728417600,211.98,212.03,211.08,211.20,580,21,0
1728421200,211.24,211.73,211.05,211.55,582,20,0
1728424800,211.54,212.13,211.02,211.05,826,20,0
1728489600,211.11,211.48,210.39,210.97,356,22,0
1728493200,210.97,211.51,210.78,211.50,472,20,0
1728496800,211.50,212.88,211.36,212.62,515,20,0
1728500400,212.62,213.32,212.61,213.00,624,20,0
1728504000,213.00,213.09,212.33,212.47,475,20,0
1728507600,212.47,212.74,212.10,212.30,427,20,0
1728511200,212.30,212.46,211.91,211.98,653,20,0
1728576000,213.08,215.03,213.08,213.44,444,20,0
1728579600,213.44,214.00,211.24,211.63,693,21,0
1728583200,211.55,212.33,211.50,211.63,629,20,0
1728586800,211.59,212.33,210.84,210.84,479,20,0
1728590400,210.84,211.70,210.84,211.59,541,20,0
1728594000,211.59,211.59,210.92,211.25,309,21,0
1728597600,211.25,211.69,211.04,211.33,495,20,0
1728662400,211.89,213.25,211.89,213.25,372,21,0
1728666000,213.13,213.72,212.96,213.14,501,20,0
1728669600,213.14,213.14,212.07,212.36,432,20,0
1728673200,212.36,212.87,212.22,212.85,272,20,0
1728676800,212.82,212.89,212.35,212.76,225,21,0
1728680400,212.76,213.18,212.76,213.17,305,20,0
1728684000,213.10,213.49,212.83,212.95,568,20,0
1728921600,213.90,215.61,213.70,215.41,428,20,0
1728925200,215.48,215.81,214.42,214.52,484,20,0
1728928800,214.52,215.14,214.38,215.11,484,20,0
1728932400,215.11,215.92,214.99,215.75,356,20,0
1728936000,215.74,215.94,215.53,215.81,358,20,0
1728939600,215.81,216.13,215.63,215.82,502,20,0
1728943200,215.82,216.00,215.52,215.82,586,20,0
1729008000,215.95,216.72,215.90,216.44,354,20,0
1729011600,216.38,218.10,215.50,217.57,748,20,0
1729015200,217.58,218.20,217.07,217.12,717,20,0
1729018800,217.10,217.77,216.83,217.57,683,20,0
1729022400,217.57,217.90,217.22,217.25,770,20,0
1729026000,217.23,217.52,216.96,217.24,642,20,0
1729029600,217.23,217.51,216.74,216.92,920,20,0
1729094400,216.22,217.38,216.22,216.83,421,20,0
1729098000,216.88,218.26,216.48,218.26,579,20,0
1729101600,218.23,219.49,218.03,218.79,642,20,0
1729105200,218.79,219.47,218.79,219.25,587,20,0
1729108800,219.27,219.75,219.06,219.70,547,20,0
1729112400,219.70,220.01,219.58,219.79,629,20,0
1729116000,219.79,220.57,219.61,219.62,873,20,0
1729180800,220.07,221.59,219.83,220.86,446,22,0
1729184400,220.93,222.31,220.46,221.68,820,20,0
1729188000,221.65,222.58,221.31,222.12,758,20,0
1729191600,222.16,222.38,221.74,221.81,623,20,0
1729195200,221.80,222.32,221.66,221.95,567,20,0
1729198800,221.95,222.10,221.32,222.10,717,20,0
1729202400,222.10,222.23,221.52,221.86,909,20,0
1729267200,221.28,222.03,220.82,221.43,385,20,0
1729270800,221.43,223.14,221.26,222.31,412,20,0
1729274400,222.31,223.08,222.29,222.51,337,21,0
1729278000,222.52,223.05,222.13,222.80,312,20,0
1729281600,222.80,223.27,222.73,222.94,299,20,0
1729285200,222.94,223.30,222.69,222.80,512,20,0
1729288800,222.80,223.31,222.38,223.11,705,20,0
1729526400,222.97,223.76,222.55,223.32,354,20,0
1729530000,223.23,223.42,221.70,221.77,551,20,0
1729533600,221.78,223.36,221.21,223.17,537,20,0
1729537200,223.17,223.41,222.82,222.93,390,21,0
1729540800,222.95,223.25,222.67,222.97,338,20,0
1729544400,222.97,223.27,222.29,222.56,427,20,0
1729548000,222.59,222.75,222.23,222.63,661,20,0
1729612800,218.89,221.03,218.71,220.51,605,20,0
1729616400,220.49,220.78,219.28,219.98,776,20,0
1729620000,219.98,220.28,219.31,219.55,458,20,0
1729623600,219.51,220.29,218.96,219.98,393,20,0
1729627200,219.98,220.52,219.73,219.90,429,20,0
1729630800,219.90,220.03,219.12,219.22,334,21,0
1729634400,219.21,219.76,218.87,218.87,521,20,0
1729699200,217.72,219.26,216.84,219.06,444,20,0
1729702800,219.10,220.38,219.08,219.85,587,20,0
1729706400,219.86,221.24,219.73,221.20,509,20,0
1729710000,221.20,221.69,220.85,220.93,540,20,0
1729713600,220.93,221.30,220.41,221.10,560,20,0
1729717200,221.10,221.67,220.82,221.45,558,20,0
1729720800,221.45,221.60,219.73,220.85,865,20,0
1729785600,223.44,230.69,221.79,227.76,818,23,0
1729789200,227.71,230.42,227.50,230.03,914,20,0
1729792800,230.09,230.82,227.68,230.82,770,20,0
1729796400,230.82,231.97,230.67,231.87,638,20,0
1729800000,231.87,232.55,231.59,232.44,528,20,0
1729803600,232.45,233.36,232.19,232.43,662,20,0
1729807200,232.39,234.25,232.20,233.46,694,20,0
1729872000,233.50,234.36,231.49,233.32,588,20,0
1729875600,233.43,233.85,230.06,230.26,827,21,0
1729879200,230.27,230.27,226.54,227.31,754,20,0
1729882800,227.32,227.61,226.14,226.24,561,20,0
1729886400,226.24,226.97,225.35,225.53,661,20,0
1729890000,225.53,226.35,225.50,225.95,537,20,0
1729893600,225.94,226.54,225.60,226.18,738,20,0
1730127600,227.97,228.29,226.99,227.30,356,23,0
1730131200,227.38,227.38,226.38,226.82,400,20,0
1730134800,226.89,227.66,226.54,227.54,347,20,0
1730138400,227.51,227.85,227.24,227.54,390,20,0
1730142000,227.54,227.88,227.34,227.74,225,21,0
1730145600,227.74,227.80,227.30,227.59,327,21,0
1730149200,227.55,228.04,227.38,227.71,505,20,0
1730214000,227.89,228.45,227.67,227.90,251,22,0
1730217600,227.88,228.60,227.76,227.91,373,20,0
1730221200,227.95,228.07,226.09,226.49,500,20,0
1730224800,226.50,226.51,225.66,226.51,488,21,0
1730228400,226.51,226.91,226.06,226.27,456,20,0
1730232000,226.27,226.32,225.80,225.84,384,20,0
1730235600,225.84,226.51,225.67,225.92,533,20,0
1730300400,225.39,225.73,223.78,223.82,336,20,0
1730304000,223.82,224.03,222.37,223.09,496,22,0
1730307600,223.09,223.78,222.92,223.59,444,20,0
1730311200,223.60,223.67,222.85,222.98,395,20,0
1730314800,222.95,223.38,222.68,223.00,503,20,0
1730318400,223.02,223.18,222.83,222.98,413,20,0
1730322000,222.95,223.10,222.52,222.68,680,20,0
1730386800,223.24,224.31,222.52,224.31,438,20,0
1730390400,224.30,225.69,223.64,223.89,526,20,0
1730394000,223.89,224.42,223.53,224.20,496,20,0
1730397600,224.21,225.60,224.08,225.23,442,20,0
1730401200,225.23,225.41,224.06,224.10,377,20,0
1730404800,224.21,224.26,223.64,223.91,403,20,0
1730408400,223.90,223.92,222.85,223.05,580,20,0
1730473200,222.38,224.21,222.38,223.28,423,23,0
1730476800,223.17,224.42,222.99,223.81,465,20,0
1730480400,223.81,224.16,223.80,223.98,341,20,0
1730484000,223.98,223.98,223.22,223.58,461,20,0
1730487600,223.62,223.87,223.45,223.66,518,20,0
1730491200,223.61,223.69,223.11,223.15,410,20,0
1730494800,223.13,223.63,222.82,223.10,649,20,0
1730736000,224.31,224.57,223.42,223.80,339,20,0
1730739600,223.80,223.80,223.20,223.73,314,21,0
1730743200,223.75,224.12,223.22,223.30,292,21,0
1730746800,223.30,224.26,223.26,224.23,388,22,0
1730750400,224.23,224.85,223.90,224.62,498,22,0
1730754000,224.62,224.76,224.41,224.41,381,20,0
1730757600,224.39,224.40,223.70,224.15,586,20,0
1730822400,226.18,226.27,224.80,226.23,387,26,0
1730826000,226.21,226.72,225.74,226.60,429,20,0
1730829600,226.60,226.78,225.78,226.64,361,21,0
1730833200,226.65,227.19,226.29,226.63,393,20,0
1730836800,226.61,226.82,226.39,226.66,322,21,0
1730840400,226.64,226.73,226.39,226.58,463,20,0
1730844000,226.58,227.13,226.54,227.06,609,20,0
1730908800,230.59,232.53,229.14,229.85,874,20,0
1730912400,229.86,230.94,229.18,229.88,944,20,0
1730916000,229.77,230.86,229.47,230.57,855,20,0
1730919600,230.56,232.21,230.55,231.89,707,20,0
1730923200,231.87,232.08,231.61,231.74,625,21,0
1730926800,231.76,232.55,231.64,232.30,644,20,0
1730930400,232.30,232.70,231.87,231.99,1052,20,0
1730995200,232.10,233.27,230.65,230.67,559,22,0
1730998800,230.66,231.11,229.92,230.96,898,20,0
1731002400,230.93,231.22,230.26,230.71,679,20,0
1731006000,230.75,231.00,230.32,230.80,542,20,0
1731009600,230.82,231.55,230.71,231.54,525,21,0
1731013200,231.54,231.72,231.02,231.21,773,20,0
1731016800,231.26,231.97,231.12,231.37,966,20,0
1731081600,232.84,235.96,232.84,235.33,568,20,0
1731085200,235.37,236.61,235.37,235.60,578,21,0
1731088800,235.61,236.05,234.69,234.80,582,20,0
1731092400,234.81,235.94,234.73,235.89,510,21,0
1731096000,235.91,236.16,235.26,236.16,568,20,0
1731099600,236.13,236.34,235.77,236.29,644,20,0
1731103200,236.27,236.29,235.17,235.18,753,20,0
1731340800,235.32,236.79,234.79,236.59,568,20,0
1731344400,236.55,238.21,236.55,238.19,726,20,0
1731348000,238.19,238.91,237.66,238.85,619,20,0
1731351600,238.85,239.02,238.19,238.39,471,20,0
1731355200,238.40,238.41,237.75,237.95,477,20,0
1731358800,237.95,237.95,237.40,237.75,432,20,0
1731362400,237.73,238.40,237.05,238.22,985,20,0
1731427200,237.98,238.41,236.09,237.26,456,20,0
1731430800,237.19,237.55,236.70,237.10,684,20,0
1731434400,237.15,237.28,236.17,237.19,918,20,0
1731438000,237.17,237.38,236.78,236.80,501,21,0
1731441600,236.80,238.05,236.78,237.97,513,21,0
1731445200,237.97,238.42,237.74,238.27,534,21,0
1731448800,238.26,239.01,238.20,238.84,884,20,0
1731513600,238.70,239.74,238.46,239.14,458,20,0
1731517200,239.14,240.17,238.79,239.43,820,21,0
1731520800,239.44,240.04,238.92,239.99,601,20,0
1731524400,240.01,240.55,239.56,240.43,487,20,0
1731528000,240.43,240.64,239.71,240.43,571,20,0
1731531600,240.45,240.73,240.19,240.55,686,20,0
1731535200,240.55,240.98,240.12,240.82,1133,20,0
1731600000,240.99,242.29,240.31,241.88,594,21,0
1731603600,241.94,242.10,241.03,241.52,725,20,0
1731607200,241.51,241.51,239.19,239.69,619,20,0
1731610800,239.66,239.69,238.52,238.85,578,20,0
1731614400,238.87,239.28,238.23,238.58,477,20,0
1731618000,238.56,238.87,237.63,237.89,655,21,0
1731621600,237.89,238.15,237.41,237.61,1082,20,0
1731686400,237.50,239.02,235.90,236.12,526,24,0
1731690000,236.11,236.63,235.76,235.99,885,23,0
1731693600,235.99,236.47,235.43,235.65,672,21,0
1731697200,235.66,235.95,234.98,235.34,540,20,0
1731700800,235.33,235.59,234.97,235.27,552,20,0
1731704400,235.27,235.50,234.96,235.11,519,21,0
1731708000,235.11,235.81,234.94,235.45,781,20,0
1731945600,235.88,236.92,234.55,236.91,444,20,0
1731949200,236.92,237.69,236.28,237.65,723,20,0
1731952800,237.65,238.89,237.46,238.08,394,22,0
1731956400,237.99,238.17,237.69,237.88,397,21,0
1731960000,237.90,237.93,237.31,237.79,329,21,0
1731963600,237.79,237.87,237.31,237.55,347,21,0
1731967200,237.57,237.65,236.80,236.90,631,20,0
1732032000,236.56,236.75,233.98,234.39,626,22,0
1732035600,234.39,235.40,233.92,235.07,639,20,0
1732039200,235.08,235.70,234.05,234.27,528,20,0
1732042800,234.27,234.46,233.76,233.84,418,21,0
1732046400,233.86,234.19,233.65,233.90,404,20,0
1732050000,233.91,234.35,233.26,233.50,516,20,0
1732053600,233.50,233.58,232.70,233.03,677,20,0
1732118400,233.28,235.22,233.28,235.22,411,21,0
1732122000,235.22,235.27,233.39,234.54,764,20,0
1732125600,234.54,235.46,234.51,235.36,456,21,0
1732129200,235.31,235.39,234.70,234.82,398,21,0
1732132800,234.81,235.04,234.38,234.48,375,20,0
1732136400,234.46,235.37,234.36,235.28,440,21,0
1732140000,235.27,235.51,234.67,235.32,689,20,0
1732204800,235.57,235.89,233.72,234.81,592,21,0
1732208400,234.79,236.30,234.64,236.20,709,22,0
1732212000,236.21,236.62,235.82,236.06,453,20,0
1732215600,236.06,236.80,235.89,236.75,445,21,0
1732219200,236.79,237.22,236.64,236.80,411,20,0
1732222800,236.78,237.19,236.56,236.68,427,21,0
1732226400,236.63,236.67,236.18,236.48,686,20,0
1732291200,235.99,238.21,235.89,238.00,554,26,0
1732294800,237.93,238.26,237.54,237.64,578,22,0
1732298400,237.64,238.50,237.39,238.32,509,20,0
1732302000,238.28,239.11,237.99,238.99,391,20,0
1732305600,238.99,239.49,238.70,239.14,423,21,0
1732309200,239.10,239.58,238.74,239.48,415,21,0
1732312800,239.44,239.45,238.10,238.16,779,20,0
1732550400,239.51,240.07,238.46,239.26,495,23,0
1732554000,239.26,240.41,239.19,239.78,579,21,0
1732557600,239.75,239.89,238.77,238.98,462,20,0
1732561200,238.98,239.70,238.92,239.56,413,20,0
1732564800,239.56,239.95,239.49,239.71,358,21,0
1732568400,239.71,239.96,239.41,239.74,410,20,0
1732572000,239.73,240.70,239.50,239.83,640,20,0
1732636800,241.75,242.75,241.21,242.53,556,20,0
1732640400,242.51,243.52,242.36,243.35,772,20,0
1732644000,243.27,243.86,243.19,243.30,504,21,0
1732647600,243.30,243.78,243.12,243.58,400,20,0
1732651200,243.58,243.73,242.82,243.50,396,21,0
1732654800,243.49,243.99,243.41,243.58,497,21,0
1732658400,243.60,245.04,243.54,244.81,749,20,0
1732723200,245.17,245.24,243.70,244.45,372,20,0
1732726800,244.45,245.85,244.17,245.59,777,20,0
1732730400,245.60,247.43,245.39,247.23,636,20,0
1732734000,247.23,248.01,246.78,247.97,807,21,0
1732737600,247.97,248.03,246.76,246.77,640,20,0
1732741200,246.77,247.31,246.60,246.75,725,20,0
1732744800,246.73,246.88,245.73,246.11,2014,20,0
1732896000,245.70,246.43,244.34,244.50,343,24,0
1732899600,244.51,245.76,244.51,245.68,643,20,0
1732903200,245.68,246.60,245.63,246.53,988,21,0
1733155200,246.61,247.67,244.61,244.66,433,22,0
1733158800,244.63,245.09,243.41,244.48,904,20,0
1733162400,244.48,244.86,243.90,244.32,864,21,0
1733166000,244.31,244.89,244.31,244.63,755,21,0
1733169600,244.63,245.13,244.52,245.13,579,20,0
1733173200,245.13,245.52,244.99,245.48,737,20,0
1733176800,245.46,245.49,244.54,244.71,758,20,0
1733241600,244.97,245.85,243.54,243.96,500,23,0
1733245200,243.94,244.86,243.56,244.05,707,20,0
1733248800,244.07,245.62,243.94,245.33,625,22,0
1733252400,245.31,245.68,245.07,245.23,370,20,0
1733256000,245.23,245.25,244.78,244.96,331,21,0
1733259600,244.98,245.22,244.39,245.20,372,20,0
1733263200,245.16,245.24,244.66,244.76,492,20,0
1733328000,244.19,244.81,242.38,243.71,469,22,0
1733331600,243.73,244.05,242.80,243.18,566,21,0
1733335200,243.18,243.39,242.51,242.89,409,20,0
1733338800,242.89,242.89,242.03,242.64,333,21,0
1733342400,242.64,242.82,242.23,242.55,311,22,0
1733346000,242.54,242.99,242.14,242.85,328,20,0
1733349600,242.84,243.47,242.79,242.91,728,20,0
1733414400,242.60,243.77,242.09,243.24,315,26,0
1733418000,243.32,244.45,243.23,244.24,421,22,0
1733421600,244.29,244.55,243.91,244.10,347,20,0
1733425200,244.15,244.56,244.00,244.42,325,20,0
1733428800,244.40,244.94,244.10,244.84,337,21,0
1733432400,244.88,244.88,244.00,244.04,317,21,0
1733436000,244.04,244.28,243.62,243.79,466,20,0
1733500800,243.76,244.87,243.45,244.57,344,24,0
1733504400,244.57,244.80,244.05,244.61,477,21,0
1733508000,244.68,245.43,244.68,245.17,475,20,0
1733511600,245.15,245.17,244.63,244.82,293,21,0
1733515200,244.82,245.11,244.55,244.65,377,22,0
1733518800,244.65,244.69,243.77,243.87,238,22,0
1733522400,243.88,244.22,243.49,243.58,572,20,0
1733760000,242.77,243.68,237.15,237.50,855,20,0
1733763600,237.48,237.81,233.02,235.88,1164,21,0
1733767200,235.84,236.18,234.41,234.47,658,20,0
1733770800,234.45,235.48,228.09,228.90,1109,20,0
1733774400,228.90,232.47,228.90,231.44,1103,21,0
1733778000,231.42,231.89,228.92,229.55,743,20,0
1733781600,229.55,229.58,228.06,228.65,986,20,0
1733846400,234.46,235.01,230.45,232.23,841,20,0
1733850000,232.23,233.40,232.20,232.94,777,21,0
1733853600,232.94,234.60,232.94,234.11,709,20,0
1733857200,234.11,234.53,233.36,233.79,408,21,0
1733860800,233.79,234.30,233.14,233.21,375,21,0
1733864400,233.21,234.47,233.16,234.33,519,20,0
1733868000,234.33,234.52,232.91,233.40,822,20,0
1733932800,232.84,235.44,232.84,234.42,421,25,0
1733936400,234.28,236.58,233.94,235.57,720,20,0
1733940000,235.57,236.19,235.35,235.54,496,20,0
1733943600,235.54,236.35,235.52,235.75,488,21,0
1733947200,235.72,235.77,235.28,235.49,336,20,0
1733950800,235.49,235.56,235.07,235.19,396,21,0
1733954400,235.19,235.19,233.44,234.20,768,20,0
1734019200,231.25,232.51,229.92,232.08,600,20,0
1734022800,232.17,232.35,230.84,231.69,604,21,0
1734026400,231.73,233.07,231.73,232.92,367,21,0
1734030000,232.92,233.52,232.91,233.31,376,20,0
1734033600,233.31,233.43,232.87,233.09,345,21,0
1734037200,233.09,233.83,232.96,233.51,410,20,0
1734040800,233.46,233.76,232.75,233.17,589,21,0
1734105600,232.37,232.49,231.09,231.21,442,23,0
1734109200,231.17,231.56,230.64,231.24,633,20,0
1734112800,231.19,232.30,231.08,232.05,564,20,0
1734116400,231.96,232.32,231.65,231.91,446,20,0
1734120000,231.91,232.60,231.73,231.97,403,20,0
1734123600,231.97,232.19,231.75,231.91,421,20,0
1734127200,231.91,232.24,231.59,231.78,677,21,0
1734364800,232.40,233.22,230.99,230.99,475,23,0
1734368400,231.03,232.88,231.03,232.40,630,20,0
1734372000,232.40,233.04,231.94,232.06,500,20,0
1734375600,232.11,232.20,230.28,230.30,504,21,0
1734379200,230.32,230.36,228.44,229.06,584,20,0
1734382800,229.06,229.28,228.28,229.16,380,21,0
1734386400,229.12,229.59,228.29,229.32,725,21,0
1734451200,229.34,229.34,226.04,227.04,465,21,0
1734454800,227.17,227.54,225.49,225.55,714,20,0
1734458400,225.54,226.40,222.81,223.25,748,20,0
1734462000,223.26,223.78,221.57,221.92,705,20,0
1734465600,221.93,221.97,220.46,220.67,616,21,0
1734469200,220.66,221.16,219.24,219.24,483,22,0
1734472800,219.24,220.63,218.78,220.58,1000,20,0
1734537600,219.72,222.46,219.17,221.85,396,22,0
1734541200,221.85,222.64,221.60,222.30,660,20,0
1734544800,222.30,222.46,221.05,221.21,503,20,0
1734548400,221.21,221.45,220.55,220.91,442,21,0
1734552000,220.91,221.03,220.17,220.84,394,21,0
1734555600,220.74,222.00,220.00,221.20,788,21,0
1734559200,221.21,223.02,220.45,220.49,1463,20,0
1734624000,220.04,221.79,219.11,219.23,640,20,0
1734627600,219.09,219.73,218.39,219.46,849,22,0
1734631200,219.40,220.06,219.23,219.68,493,21,0
1734634800,219.64,220.32,219.64,219.88,489,20,0
1734638400,219.82,220.28,219.50,220.11,476,21,0
1734642000,220.15,220.15,218.63,218.64,417,20,0
1734645600,218.59,218.99,217.69,217.86,853,20,0
1734710400,218.32,220.77,218.01,219.02,547,29,0
1734714000,218.99,220.04,218.79,219.51,667,20,0
1734717600,219.45,221.07,219.43,221.04,583,21,0
1734721200,221.04,221.32,220.73,220.73,427,20,0
1734724800,220.73,220.75,220.12,220.13,383,20,0
1734728400,220.13,220.80,220.07,220.15,447,21,0
1734732000,220.16,220.42,219.41,220.35,804,20,0
1734969600,219.45,219.89,218.59,218.60,397,23,0
1734973200,218.63,219.93,217.83,219.59,733,23,0
1734976800,219.66,221.49,219.62,221.39,498,22,0
1734980400,221.39,221.63,221.14,221.34,657,20,0
1734984000,221.34,222.03,221.28,221.92,558,21,0
1734987600,221.87,222.29,221.63,221.69,566,21,0
1734991200,221.63,222.04,221.06,221.59,802,20,0
1735056000,221.69,222.88,221.03,222.62,344,22,0
1735059600,222.61,223.52,222.61,223.02,578,21,0
1735063200,223.02,223.20,222.48,222.74,410,21,0
1735066800,222.74,223.17,222.54,222.86,558,20,0
1735228800,221.35,224.01,220.61,223.82,428,25,0
1735232400,223.82,223.91,223.30,223.72,530,22,0
1735236000,223.72,224.41,223.49,224.12,518,22,0
1735239600,224.12,224.58,223.91,224.05,395,23,0
1735243200,224.05,224.30,223.74,223.89,368,21,0
1735246800,223.89,224.15,223.67,224.02,351,21,0
1735250400,223.96,224.02,223.47,223.51,481,20,0
1735315200,221.73,223.91,221.73,223.59,419,24,0
1735318800,223.58,223.58,222.00,222.20,692,20,0
1735322400,222.21,222.23,221.29,221.39,522,21,0
1735326000,221.39,221.68,221.15,221.54,458,22,0
1735329600,221.55,222.14,221.21,222.05,452,20,0
1735333200,222.10,222.76,221.96,222.57,334,23,0
1735336800,222.57,223.01,221.95,222.88,592,20,0
1735574400,222.21,222.62,220.53,221.08,401,26,0
1735578000,221.05,221.39,219.19,219.75,653,20,0
1735581600,219.68,220.85,219.50,220.55,448,22,0
1735585200,220.55,221.29,220.54,221.03,453,20,0
1735588800,221.03,221.38,220.73,221.30,412,22,0
1735592400,221.22,221.35,220.74,221.26,456,21,0
1735596000,221.21,221.38,220.49,220.49,772,21,0
1735660800,219.96,221.44,219.82,221.19,328,22,0
1735664400,221.19,221.46,220.08,220.36,504,22,0
1735668000,220.36,220.45,219.86,220.00,495,22,0
1735671600,219.94,220.73,219.78,220.69,393,21,0
1735675200,220.68,220.78,220.02,220.39,391,22,0
1735678800,220.39,220.89,220.23,220.89,448,20,0
1735682400,220.89,221.05,220.24,220.58,828,20,0
1735833600,221.71,222.45,220.60,220.85,461,24,0
1735837200,220.86,220.97,219.48,220.01,609,22,0
1735840800,220.01,220.85,219.36,220.40,380,23,0
1735844400,220.40,220.97,219.05,219.69,529,22,0
1735848000,219.69,219.69,218.53,218.86,471,20,0
1735851600,218.86,219.32,218.61,218.80,406,20,0
1735855200,218.82,219.57,218.80,219.36,568,20,0
1735920000,221.23,221.27,219.06,219.69,388,21,0
1735923600,219.78,220.47,219.63,220.45,456,23,0
1735927200,220.47,221.06,220.47,220.81,381,22,0
1735930800,220.81,221.21,220.57,220.78,224,22,0
1735934400,220.78,220.78,220.18,220.32,205,21,0
1735938000,220.32,220.77,220.14,220.16,218,20,0
1735941600,220.13,220.21,218.76,218.97,587,20,0
1736179200,214.99,214.99,210.59,210.65,779,27,0
1736182800,210.66,211.91,209.07,209.72,820,20,0
1736186400,209.72,210.68,208.33,209.90,566,20,0
1736190000,209.90,210.45,209.38,210.35,377,20,0
1736193600,210.35,211.14,210.05,210.95,422,20,0
1736197200,210.95,211.31,210.61,210.92,310,23,0
1736200800,210.93,212.25,210.85,212.23,738,20,0
1736265600,211.51,214.47,211.48,214.47,389,24,0
1736269200,214.34,215.28,213.52,214.25,688,20,0
1736272800,214.25,214.52,213.53,213.74,637,21,0
1736276400,213.74,214.42,213.74,213.86,287,24,0
1736280000,213.86,214.07,213.08,213.31,272,22,0
1736283600,213.19,213.45,212.18,212.22,326,20,0
1736287200,212.22,212.39,211.41,212.17,621,20,0
1736352000,213.83,213.90,212.13,212.16,325,21,0
1736355600,212.16,213.50,212.05,213.33,399,20,0
1736359200,213.33,214.70,213.33,214.35,330,22,0
1736362800,214.35,214.36,213.45,213.74,269,22,0
1736366400,213.74,214.13,213.60,213.79,247,22,0
1736370000,213.79,214.48,213.72,213.84,288,22,0
1736373600,213.84,215.63,213.84,215.38,522,20,0
1736524800,212.65,213.12,211.82,212.16,305,23,0
1736528400,212.11,212.44,210.15,210.77,646,20,0
1736532000,210.78,210.78,209.68,210.12,483,20,0
1736535600,210.12,210.92,210.10,210.85,360,21,0
1736539200,210.85,211.40,210.39,211.07,356,21,0
1736542800,211.07,211.07,209.99,210.62,367,20,0
1736546400,210.62,211.52,210.48,211.10,587,21,0
1736784000,211.76,214.47,210.69,213.71,404,20,0
1736787600,213.71,214.90,213.47,214.78,434,20,0
1736791200,214.78,215.21,213.88,213.92,369,20,0
1736794800,213.92,214.15,212.91,214.07,333,21,0
1736798400,214.00,214.10,213.76,214.03,310,20,0
1736802000,214.00,214.01,213.52,213.68,251,22,0
1736805600,213.68,213.68,212.79,213.26,489,20,0
1736870400,213.08,214.34,211.24,214.20,342,21,0
1736874000,214.20,214.49,213.34,213.58,421,20,0
1736877600,213.59,213.59,212.30,212.30,297,22,0
1736881200,212.30,212.72,212.05,212.45,397,23,0
1736884800,212.45,213.89,212.45,213.85,219,23,0
1736888400,213.85,213.85,213.00,213.00,307,21,0
1736892000,213.00,214.19,212.32,214.07,760,20,0
1736956800,214.91,216.93,214.53,216.79,293,20,0
1736960400,216.79,217.39,215.92,215.95,459,21,0
1736964000,216.00,216.57,215.42,215.55,333,22,0
1736967600,215.54,215.70,214.70,214.74,276,21,0
1736971200,214.74,215.44,214.61,215.07,259,22,0
1736974800,215.07,215.23,214.51,214.66,292,21,0
1736978400,214.69,215.03,213.77,213.99,517,20,0
1737043200,213.63,216.22,213.63,215.30,281,28,0
1737046800,215.37,216.17,214.93,216.07,366,20,0
1737050400,216.07,216.43,215.58,216.15,280,23,0
1737054000,216.10,216.58,216.10,216.50,267,22,0
1737057600,216.48,216.48,215.02,215.02,254,21,0
1737061200,215.02,215.78,214.92,215.63,299,20,0
1737064800,215.63,215.93,215.44,215.59,562,20,0
1737129600,218.60,219.18,217.85,218.10,428,20,0
1737133200,218.11,218.66,217.64,218.19,338,23,0
1737136800,218.19,218.77,218.07,218.16,252,20,0
1737140400,218.16,218.43,218.08,218.12,184,21,0
1737144000,218.12,218.38,217.70,218.07,200,21,0
1737147600,218.07,218.18,217.75,218.11,209,20,0
1737151200,218.08,218.95,217.98,218.83,497,20,0
1737475200,218.31,220.02,218.26,219.89,221,28,0
1737478800,219.86,220.06,218.91,219.36,302,27,0
1737482400,219.36,219.73,218.92,219.73,213,23,0
1737486000,219.73,219.91,219.42,219.72,215,21,0
1737489600,219.72,219.73,219.03,219.05,230,22,0
1737493200,219.05,219.38,218.74,219.11,219,20,0
1737496800,219.11,219.44,218.92,219.34,269,20,0
1737561600,219.47,220.08,218.18,218.66,280,23,0
1737565200,218.72,218.73,218.17,218.33,388,24,0
1737568800,218.33,219.64,217.98,219.63,301,24,0
1737572400,219.63,220.69,219.63,219.83,345,21,0
1737576000,219.83,219.99,219.19,219.20,267,21,0
1737579600,219.19,219.52,219.01,219.52,197,21,0
1737583200,219.54,219.59,217.98,218.02,417,20,0
1737648000,218.94,219.18,217.66,217.85,279,24,0
1737651600,217.82,217.90,216.27,217.15,396,24,0
1737655200,217.15,217.92,217.15,217.42,233,20,0
1737658800,217.42,217.46,216.42,217.18,288,20,0
1737662400,217.18,217.26,216.62,216.82,267,22,0
1737666000,216.82,216.92,216.32,216.84,268,21,0
1737669600,216.84,216.91,215.27,215.83,498,20,0
1737734400,216.69,217.87,215.80,216.72,248,28,0
1737738000,216.72,217.20,216.19,217.08,301,23,0
1737741600,217.08,217.32,216.70,216.71,245,23,0
1737745200,216.71,217.53,216.66,217.35,197,21,0
1737748800,217.35,217.79,217.05,217.68,204,21,0
1737752400,217.68,217.68,217.16,217.27,193,23,0
1737756000,217.27,218.42,217.25,218.38,572,20,0
1737993600,217.60,223.14,216.94,221.16,518,21,0
1737997200,221.15,221.16,218.80,219.59,709,20,0
1738000800,219.60,221.79,219.30,221.63,587,20,0
1738004400,221.64,222.70,221.52,222.40,565,20,0
1738008000,222.41,222.77,221.53,221.99,603,23,0
1738011600,222.00,222.54,221.87,221.92,622,20,0
1738015200,221.93,221.93,220.62,221.24,696,20,0
1738080000,220.15,223.74,219.05,222.56,388,23,0
1738083600,222.57,223.95,222.09,223.55,614,20,0
1738087200,223.54,223.71,221.84,222.75,399,21,0
1738090800,222.73,223.21,222.15,222.88,392,20,0
1738094400,222.88,222.90,222.12,222.24,333,20,0
1738098000,222.24,222.29,221.28,221.60,490,20,0
1738101600,221.60,221.93,220.76,220.97,628,20,0
1738166400,237.57,240.18,233.32,240.18,836,20,0
1738170000,240.16,241.21,238.54,240.59,1020,20,0
1738173600,240.60,241.16,239.69,240.20,617,20,0
1738177200,240.14,240.18,236.16,236.93,674,20,0
1738180800,236.93,237.30,235.14,235.51,702,20,0
1738184400,235.41,237.42,235.25,237.01,581,21,0
1738188000,237.01,237.17,234.65,234.97,678,20,0
1738252800,238.56,240.54,236.17,240.23,372,27,0
1738256400,240.24,240.24,236.64,238.49,593,21,0
1738260000,238.49,238.75,236.38,236.53,417,20,0
1738263600,236.53,236.87,235.07,235.11,382,22,0
1738267200,235.12,235.14,234.19,234.97,372,23,0
1738270800,234.94,235.35,234.12,234.63,403,21,0
1738274400,234.69,234.99,233.92,234.25,543,21,0
1738339200,234.56,235.14,233.45,233.73,277,24,0
1738342800,233.74,234.26,233.07,233.39,476,24,0
1738346400,233.38,233.56,232.67,232.70,388,20,0
1738350000,232.70,233.74,232.51,232.95,379,22,0
1738353600,232.93,233.38,231.95,232.22,462,22,0
1738357200,232.11,232.36,231.48,231.96,588,20,0
1738360800,231.91,233.04,230.85,232.76,754,20,0
1738598400,235.35,236.64,233.06,233.19,451,20,0
1738602000,233.06,235.95,232.58,234.98,625,23,0
1738605600,234.96,236.44,234.66,236.10,431,24,0
1738609200,236.09,237.00,235.45,237.00,456,22,0
1738612800,236.86,237.27,236.49,236.60,425,20,0
1738616400,236.61,237.27,236.37,237.24,331,20,0
1738620000,237.24,238.20,236.90,237.99,526,20,0
1738684800,236.05,238.93,235.51,238.30,351,21,0
1738688400,238.30,239.67,238.30,239.11,537,20,0
1738692000,239.12,240.64,239.02,239.34,387,23,0
1738695600,239.34,240.25,238.69,239.30,372,22,0
1738699200,239.30,239.46,237.27,237.27,322,20,0
1738702800,237.26,237.88,237.00,237.23,237,20,0
1738706400,237.21,237.80,237.04,237.10,478,20,0
1738771200,237.87,240.51,237.87,240.25,383,20,0
1738774800,240.38,240.79,239.53,240.08,400,20,0
1738778400,240.08,240.22,239.04,240.11,335,20,0
1738782000,240.11,240.56,240.05,240.07,233,21,0
1738785600,240.07,240.81,239.77,240.42,222,20,0
1738789200,240.42,241.07,240.42,240.76,226,21,0
1738792800,240.76,242.57,240.75,242.38,509,20,0
1738857600,243.18,245.01,243.18,244.73,348,23,0
1738861200,244.71,245.76,244.36,245.23,383,20,0
1738864800,245.23,246.51,245.10,245.46,360,20,0
1738868400,245.46,247.26,245.44,247.21,283,21,0
1738872000,247.19,247.39,246.76,246.89,279,20,0
1738875600,246.89,247.14,245.93,246.62,286,23,0
1738879200,246.62,247.35,246.46,247.01,412,20,0
1738944000,248.05,249.06,247.20,248.93,278,23,0
1738947600,248.79,248.79,246.70,247.53,518,25,0
1738951200,247.55,249.65,247.55,249.51,489,20,0
1738954800,249.50,250.33,249.16,249.18,396,20,0
1738958400,249.18,249.78,248.78,248.78,274,21,0
1738962000,248.78,248.80,246.89,247.56,362,20,0
1738965600,247.56,247.72,246.00,246.14,508,20,0
1739203200,254.77,256.09,251.31,251.95,504,27,0
1739206800,251.95,254.18,251.65,253.19,496,21,0
1739210400,253.29,253.33,251.07,252.81,409,24,0
1739214000,252.81,253.61,252.05,253.61,360,22,0
1739217600,253.61,254.27,252.86,254.26,355,21,0
1739221200,254.23,254.53,253.32,254.43,418,22,0
1739224800,254.43,256.10,254.36,255.60,608,20,0
1739289600,254.96,255.51,253.36,254.27,303,20,0
1739293200,254.25,255.84,253.85,255.82,434,20,0
1739296800,255.83,256.53,255.38,256.51,319,20,0
1739300400,256.51,257.35,256.43,256.86,287,21,0
1739304000,256.86,257.40,256.76,257.11,220,22,0
1739307600,257.10,259.24,257.06,259.11,300,20,0
1739311200,259.17,259.19,257.80,258.61,558,21,0
1739376000,256.49,258.40,256.49,258.30,267,29,0
1739379600,258.23,258.84,257.49,258.64,366,23,0
1739383200,258.64,259.15,257.56,259.13,409,21,0
1739386800,259.14,259.25,258.56,259.05,285,20,0
1739390400,259.05,259.44,258.11,258.40,222,20,0
1739394000,258.40,258.88,257.26,257.62,316,20,0
1739397600,257.62,257.90,255.04,255.13,574,20,0
1739462400,255.41,257.67,255.18,257.43,280,28,0
1739466000,257.46,261.30,257.43,261.09,558,20,0
1739469600,261.13,261.88,260.80,260.98,477,20,0
1739473200,260.88,261.05,260.18,260.60,340,21,0
1739476800,260.60,261.33,260.47,261.32,369,23,0
1739480400,261.32,262.52,261.32,262.37,381,24,0
1739484000,262.37,265.34,262.37,265.00,690,20,0
1739548800,266.54,266.85,264.24,266.43,529,29,0
1739552400,266.45,269.43,266.43,268.89,741,20,0
1739556000,268.95,269.36,267.69,268.38,463,22,0
1739559600,268.40,268.60,267.16,267.80,408,21,0
1739563200,267.81,269.23,267.68,268.76,419,21,0
1739566800,268.76,268.84,268.05,268.52,350,21,0
1739570400,268.52,271.25,268.11,270.51,643,21,0
1739894400,270.09,270.17,265.80,266.41,364,24,0
1739898000,266.37,266.98,265.60,266.24,518,20,0
1739901600,266.24,268.10,265.83,267.79,354,21,0
1739905200,267.79,267.79,265.95,266.81,338,21,0
1739908800,266.86,267.22,265.99,266.24,291,21,0
1739912400,266.25,266.25,264.47,264.47,379,22,0
1739916000,264.48,265.00,262.50,263.02,666,20,0
1739980800,262.58,264.25,262.58,263.60,302,20,0
1739984400,263.67,263.80,262.41,262.49,419,20,0
1739988000,262.50,262.57,261.59,261.81,338,20,0
1739991600,261.80,261.80,260.22,260.37,412,22,0
1739995200,260.37,261.13,259.77,260.57,430,20,0
1739998800,260.57,261.01,260.41,260.51,272,23,0
1740002400,260.53,263.64,259.99,263.14,728,21,0
1740067200,262.97,265.03,262.97,264.78,234,26,0
1740070800,264.77,265.43,263.82,264.10,397,26,0
1740074400,264.10,264.95,262.28,262.40,360,25,0
1740078000,262.36,263.20,262.02,262.65,298,23,0
1740081600,262.64,264.27,262.46,264.06,301,23,0
1740085200,264.06,265.09,263.97,264.86,264,23,0
1740088800,264.86,265.60,264.47,265.29,459,20,0
1740153600,265.55,265.85,264.04,264.99,183,30,0
1740157200,264.99,267.29,264.46,267.17,426,21,0
1740160800,267.15,267.50,266.08,266.47,392,21,0
1740164400,266.47,267.04,265.98,266.75,378,21,0
1740168000,266.75,266.90,265.18,265.43,379,22,0
1740171600,265.43,265.48,263.43,264.95,434,20,0
1740175200,264.95,265.45,263.81,265.03,561,20,0
1740412800,265.65,272.01,265.41,271.47,556,23,0
1740416400,271.42,273.09,270.30,272.54,845,20,0
1740420000,272.53,272.53,271.12,271.36,558,25,0
1740423600,271.36,271.36,269.46,269.96,428,26,0
1740427200,269.94,270.36,269.05,269.17,309,25,0
1740430800,269.17,269.54,268.84,269.33,275,21,0
1740434400,269.40,270.05,267.83,268.11,631,20,0
1740499200,269.07,272.37,269.07,271.21,412,22,0
1740502800,271.26,271.67,268.63,268.67,785,28,0
1740506400,268.67,270.43,268.27,269.47,530,23,0
1740510000,269.47,269.75,268.28,268.46,422,21,0
1740513600,268.46,269.29,268.35,268.67,342,20,0
1740517200,268.68,270.39,268.17,269.97,387,24,0
1740520800,269.97,271.00,269.31,270.45,665,22,0
1740585600,266.83,267.25,264.27,264.33,427,20,0
1740589200,264.40,264.70,262.21,263.75,708,22,0
1740592800,263.74,264.16,262.28,262.96,559,21,0
1740596400,262.97,264.17,262.75,263.73,431,24,0
1740600000,263.73,264.09,262.79,262.81,424,23,0
1740603600,262.81,264.15,261.85,263.29,595,24,0
1740607200,263.35,263.92,263.15,263.44,548,20,0
1740672000,263.17,265.95,262.90,264.50,372,24,0
1740675600,264.50,264.78,262.09,263.87,885,22,0
1740679200,263.89,264.48,263.49,263.69,429,21,0
1740682800,263.55,264.25,262.77,263.87,381,20,0
1740686400,263.88,265.10,263.88,264.66,345,20,0
1740690000,264.66,264.99,263.05,263.45,400,22,0
1740693600,263.48,264.47,262.90,264.17,665,20,0
1740758400,265.48,268.65,265.28,266.08,460,20,0
1740762000,266.07,266.39,263.94,264.76,616,28,0
1740765600,264.78,265.58,263.98,265.37,398,20,0
1740769200,265.39,266.03,265.01,265.38,321,21,0
1740772800,265.38,266.73,265.31,266.55,432,24,0
1740776400,266.56,267.92,266.32,267.91,328,21,0
1740780000,267.93,269.82,267.21,269.63,542,20,0
1741017600,268.00,274.38,268.00,273.64,502,30,0
1741021200,273.49,275.50,273.07,274.07,615,23,0
1741024800,274.22,275.37,273.42,274.17,398,25,0
1741028400,274.17,276.27,274.11,274.90,316,21,0
1741032000,274.90,274.94,273.18,274.51,475,26,0
1741035600,274.51,275.30,273.11,273.26,408,20,0
1741039200,273.16,273.37,272.06,272.76,833,21,0
1741104000,272.10,274.38,269.73,273.28,577,21,0
1741107600,273.27,274.74,270.70,271.18,1008,20,0
1741111200,271.20,271.97,267.44,267.93,784,24,0
1741114800,267.86,268.74,266.08,266.23,593,20,0
1741118400,266.23,266.60,264.64,266.11,591,22,0
1741122000,266.11,266.69,265.30,266.16,409,20,0
1741125600,266.16,266.44,264.39,264.59,785,20,0
1741190400,261.41,263.24,260.02,260.44,562,20,0
1741194000,260.53,261.85,258.44,259.12,748,20,0
1741197600,259.12,259.12,257.38,258.83,623,21,0
1741201200,258.85,261.34,258.85,261.13,594,20,0
1741204800,261.13,262.26,260.46,261.83,586,21,0
1741208400,261.83,262.84,261.49,262.17,480,20,0
1741212000,262.17,263.11,261.49,262.55,786,20,0
1741276800,261.12,262.95,260.59,260.59,323,23,0
1741280400,260.58,262.12,260.11,262.04,547,25,0
1741284000,262.14,262.86,261.18,261.18,449,20,0
1741287600,261.18,261.21,259.26,261.02,447,23,0
1741291200,261.02,261.02,259.92,260.27,430,21,0
1741294800,260.27,262.69,259.92,261.80,568,21,0
1741298400,261.75,263.72,261.72,262.79,801,21,0
1741363200,261.45,264.45,261.45,262.80,415,30,0
1741366800,262.81,264.69,261.98,264.09,642,21,0
1741370400,264.09,264.18,261.83,262.79,658,21,0
1741374000,262.79,263.26,261.71,262.72,494,21,0
1741377600,262.72,264.85,262.48,264.31,583,20,0
1741381200,264.31,266.29,264.28,265.95,512,20,0
1741384800,265.94,266.39,264.72,265.01,646,20,0
1741618800,264.19,271.22,263.96,269.25,563,26,0
1741622400,269.18,271.36,268.68,271.35,774,25,0
1741626000,271.32,271.32,265.22,265.68,630,26,0
1741629600,265.68,267.31,264.67,267.31,511,23,0
1741633200,267.31,268.89,266.86,267.89,563,28,0
1741636800,267.89,268.77,267.60,267.81,458,20,0
1741640400,267.81,268.93,266.19,266.53,855,21,0
1741705200,258.67,258.87,253.03,256.91,636,26,0
1741708800,256.79,259.67,255.56,257.25,835,24,0
1741712400,257.25,259.61,256.93,257.60,534,29,0
1741716000,257.60,258.43,256.17,256.52,503,24,0
1741719600,256.53,256.53,254.70,255.70,655,20,0
1741723200,255.71,259.45,255.71,259.20,651,21,0
1741726800,259.20,259.25,256.32,256.49,730,21,0
1741791600,253.63,255.23,248.12,249.15,523,20,0
1741795200,249.07,253.72,249.07,253.72,770,25,0
1741798800,253.70,255.03,252.80,254.95,480,24,0
1741802400,254.95,255.77,253.93,254.72,443,20,0
1741806000,254.72,254.98,253.86,254.32,400,22,0
1741809600,254.32,256.75,253.92,256.26,383,21,0
1741813200,256.26,256.28,254.18,255.44,730,21,0
1741878000,255.49,263.02,255.49,262.13,552,20,0
1741881600,262.13,263.08,261.56,261.80,718,24,0
1741885200,261.86,262.62,261.50,261.98,546,21,0
1741888800,261.89,262.27,260.21,261.02,427,25,0
1741892400,260.96,260.96,259.14,259.20,349,23,0
1741896000,259.20,259.82,258.58,259.74,396,22,0
1741899600,259.74,260.01,258.56,259.04,582,23,0
1741964400,254.12,257.21,252.38,256.76,445,21,0
1741968000,256.62,257.18,254.63,255.44,695,21,0
1741971600,255.57,256.92,255.18,256.38,513,20,0
1741975200,256.40,256.67,254.46,254.56,409,20,0
1741978800,254.60,255.70,254.31,255.45,434,20,0
1741982400,255.45,256.35,255.45,255.73,325,20,0
1741986000,255.74,257.03,255.44,255.84,528,20,0
1742223600,254.69,257.41,252.88,257.29,410,21,0
1742227200,257.31,258.53,256.86,258.28,616,20,0
1742230800,258.28,258.52,256.14,256.91,519,21,0
1742234400,256.91,257.72,256.79,257.68,427,20,0
1742238000,257.69,258.65,257.54,258.63,388,21,0
1742241600,258.64,260.80,258.64,260.48,342,20,0
1742245200,260.52,261.62,260.08,260.08,660,20,0
1742310000,261.37,261.37,257.82,260.09,257,23,0
1742313600,260.08,260.84,259.55,260.49,372,22,0
1742317200,259.81,259.85,257.74,258.14,281,23,0
1742320800,258.14,260.72,257.90,260.33,337,20,0
1742324400,260.24,260.91,260.02,260.56,304,21,0
1742328000,260.56,261.75,260.42,260.62,295,27,0
1742331600,260.62,260.76,259.71,260.62,495,20,0
1742396400,261.67,262.59,259.20,259.63,256,29,0
1742400000,259.63,260.74,259.11,259.12,334,26,0
1742403600,259.11,260.27,258.97,260.07,256,20,0
1742407200,260.07,260.66,259.38,259.73,236,20,0
1742410800,259.73,259.91,258.89,259.58,253,23,0
1742414400,259.58,260.22,259.09,260.01,468,20,0
1742418000,260.01,260.71,258.66,259.17,623,20,0
1742482800,258.55,258.60,256.73,257.09,233,21,0
1742486400,257.10,258.65,257.09,257.51,396,20,0
1742490000,257.64,257.84,256.29,257.23,331,24,0
1742493600,257.24,257.51,256.44,257.29,288,25,0
1742497200,257.29,257.70,256.49,256.76,250,23,0
1742500800,256.76,258.36,256.76,257.87,309,21,0
1742504400,257.87,258.56,256.71,256.89,458,21,0
1742569200,254.60,256.87,254.42,256.57,332,20,0
1742572800,256.57,257.97,255.92,257.89,530,23,0
1742576400,257.91,258.21,255.59,255.72,424,20,0
1742580000,255.72,256.86,255.72,256.73,335,21,0
1742583600,256.74,257.41,256.44,256.91,304,25,0
1742587200,256.91,257.38,255.88,255.97,323,20,0
1742590800,255.96,256.09,255.00,255.63,784,20,0
1742828400,259.03,260.59,258.04,259.33,420,30,0
1742832000,259.33,260.58,257.54,258.04,489,25,0
1742835600,258.04,259.11,257.71,258.97,362,23,0
1742839200,258.97,259.36,258.51,258.74,384,20,0
1742842800,258.74,259.57,258.50,259.21,351,21,0
1742846400,259.23,259.45,258.27,258.68,332,22,0
1742850000,258.68,259.91,258.45,258.70,533,22,0
1742914800,257.24,258.98,256.42,258.59,402,22,0
1742918400,258.56,260.49,258.53,260.09,476,20,0
1742922000,260.09,260.91,258.97,258.97,314,20,0
1742925600,258.97,259.34,258.35,258.87,366,21,0
1742929200,258.89,259.18,258.35,258.36,246,21,0
1742932800,258.36,259.09,258.03,258.81,309,22,0
1742936400,258.84,259.80,258.12,258.65,592,20,0
1743001200,259.61,264.66,259.61,263.88,435,21,0
1743004800,263.75,264.49,262.95,263.23,546,21,0
1743008400,263.23,263.42,262.22,262.69,346,20,0
1743012000,262.69,263.36,261.86,263.27,436,20,0
1743015600,263.29,264.33,262.84,263.75,412,20,0
1743019200,263.75,264.71,263.59,263.97,394,20,0
1743022800,264.04,264.11,262.19,262.41,494,20,0
1743087600,263.28,267.13,262.95,266.11,506,30,0
1743091200,266.20,267.40,265.87,267.18,506,22,0
1743094800,267.27,267.67,266.71,266.82,459,20,0
1743098400,266.83,266.84,265.72,266.52,363,23,0
1743102000,266.51,267.83,266.02,267.57,324,25,0
1743105600,267.63,268.27,267.02,267.02,429,24,0
1743109200,267.02,268.59,267.02,268.10,614,20,0
1743174000,269.02,270.28,267.49,268.06,335,30,0
1743177600,267.92,267.92,266.09,266.39,581,21,0
1743181200,266.39,266.84,265.26,265.61,346,24,0
1743184800,265.64,266.97,265.45,266.19,331,25,0
1743188400,266.18,266.23,265.05,265.76,262,21,0
1743192000,265.76,265.85,264.71,265.59,276,20,0
1743195600,265.59,266.10,264.26,264.75,556,20,0
1743436800,264.41,267.64,264.41,267.14,538,23,0
1743440400,267.01,267.86,264.91,266.74,612,20,0
1743444000,266.88,267.05,265.14,265.68,450,25,0
1743447600,265.68,266.34,264.91,264.93,279,21,0
1743451200,264.83,265.66,264.68,264.82,286,21,0
1743454800,264.81,265.64,264.74,264.88,458,21,0
1743458400,264.92,267.05,264.88,266.53,665,21,0
1743523200,266.12,266.12,262.59,263.48,440,20,0
1743526800,263.34,265.45,263.06,265.45,626,20,0
1743530400,265.35,266.44,265.18,265.66,454,20,0
1743534000,265.64,266.79,264.92,266.19,500,22,0
1743537600,266.16,266.18,265.48,265.66,343,21,0
1743541200,265.63,266.64,265.25,266.50,406,23,0
1743544800,266.47,268.49,266.11,268.42,710,20,0
1743609600,268.10,268.12,264.27,266.70,393,24,0
1743613200,266.56,267.67,266.17,266.97,463,20,0
1743616800,266.95,266.95,264.49,264.50,474,24,0
1743620400,264.50,264.50,263.19,264.01,501,22,0
1743624000,264.02,264.80,263.04,264.12,478,23,0
1743627600,264.12,264.25,262.27,262.29,437,23,0
1743631200,262.32,264.83,262.26,264.39,532,22,0
1743696000,264.90,272.40,264.90,268.87,624,20,0
1743699600,268.72,269.67,266.34,268.43,807,24,0
1743703200,268.35,269.71,267.09,268.24,737,20,0
1743706800,268.23,268.80,267.50,268.46,513,20,0
1743710400,268.46,268.94,267.69,268.49,442,21,0
1743714000,268.49,270.32,268.24,270.21,452,21,0
1743717600,270.21,270.86,267.56,267.70,946,20,0
1743782400,267.51,269.01,260.96,263.86,676,21,0
1743786000,263.87,263.87,261.35,261.47,1291,20,0
1743789600,261.46,261.85,256.17,257.42,1021,22,0
1743793200,257.37,257.37,252.55,252.94,1053,25,0
1743796800,252.95,253.55,251.20,252.35,1008,20,0
1743800400,252.37,252.92,247.69,249.47,949,20,0
1743804000,249.45,250.45,247.39,247.90,1148,20,0
1744041600,243.04,247.63,243.04,246.44,812,20,0
1744045200,246.35,256.26,244.48,251.39,1567,23,0
1744048800,251.37,253.05,247.40,250.13,1218,20,0
1744052400,250.15,250.23,245.53,246.08,859,20,0
1744056000,246.11,250.25,245.53,250.21,977,29,0
1744059600,250.21,250.64,248.13,248.26,952,21,0
1744063200,248.26,248.93,246.16,246.49,1297,20,0
1744128000,250.49,251.94,248.45,251.94,605,21,0
1744131600,251.93,253.56,251.71,252.93,842,20,0
1744135200,252.85,253.49,251.58,252.56,670,20,0
1744138800,252.43,252.75,249.79,250.02,671,23,0
1744142400,250.02,250.33,247.38,248.20,797,23,0
1744146000,248.09,248.82,246.58,247.49,750,24,0
1744149600,247.49,247.92,243.74,246.22,1014,20,0
1744214400,242.61,245.16,242.61,244.38,599,28,0
1744218000,244.53,245.54,238.72,238.74,1088,20,0
1744221600,238.74,242.29,238.70,240.89,753,20,0
1744225200,240.75,244.47,240.53,244.06,623,22,0
1744228800,244.10,255.34,243.63,252.39,1218,25,0
1744232400,252.54,253.14,249.07,251.91,1096,23,0
1744236000,251.78,255.20,251.39,254.50,1223,20,0
1744300800,255.43,260.11,255.43,259.00,643,20,0
1744304400,259.00,259.29,256.64,257.31,808,20,0
1744308000,257.31,258.78,256.10,256.32,653,22,0
1744311600,256.38,256.62,252.60,254.36,921,20,0
1744315200,254.34,256.51,251.50,256.16,804,20,0
1744318800,256.18,258.48,255.28,257.15,858,26,0
1744322400,257.01,258.34,254.19,256.02,1258,20,0
1744387200,257.83,257.96,255.75,256.72,503,20,0
1744390800,256.60,258.52,255.79,257.46,941,20,0
1744394400,257.44,259.42,255.51,259.42,751,21,0
1744398000,259.42,259.96,258.09,258.09,601,20,0
1744401600,258.19,259.37,257.81,258.67,741,20,0
1744405200,258.61,259.15,257.83,258.34,815,23,0
1744408800,258.35,259.26,258.02,258.45,1015,20,0
1744646400,259.70,263.57,258.44,262.80,501,23,0
1744650000,262.82,264.19,261.69,263.74,849,21,0
1744653600,263.61,263.71,262.55,262.94,698,22,0
1744657200,262.84,262.90,260.68,260.87,727,22,0
1744660800,260.77,262.65,260.61,262.45,495,24,0
1744664400,262.41,264.45,262.19,264.33,470,23,0
1744668000,264.33,264.96,262.36,262.60,765,20,0
1744732800,263.90,267.51,263.31,267.17,425,21,0
1744736400,267.18,267.41,265.81,267.01,630,21,0
1744740000,267.02,267.27,266.22,267.16,502,20,0
1744743600,267.16,267.50,266.47,267.08,476,20,0
1744747200,267.08,267.41,266.57,266.93,409,21,0
1744750800,266.93,267.12,266.49,266.89,398,21,0
1744754400,266.88,267.07,266.31,266.64,537,20,0
1744819200,266.19,267.07,264.67,265.72,351,22,0
1744822800,265.72,265.99,264.00,264.88,445,23,0
1744826400,264.88,265.57,264.57,264.62,368,22,0
1744830000,264.59,264.59,263.34,263.66,347,22,0
1744833600,263.59,264.40,262.15,262.31,490,20,0
1744837200,262.34,262.84,261.35,261.51,688,23,0
1744840800,261.51,261.51,258.81,259.46,819,20,0
1744905600,260.13,264.24,259.10,264.12,495,25,0
1744909200,264.27,264.59,262.95,264.12,755,24,0
1744912800,264.07,264.62,263.51,263.97,610,21,0
1744916400,263.98,265.16,263.70,264.37,689,24,0
1744920000,264.36,264.65,263.67,264.52,530,25,0
1744923600,264.52,265.11,264.38,264.83,651,22,0
1744927200,264.81,264.85,261.60,261.86,1002,21,0
1745251200,260.89,261.59,259.68,260.98,293,20,0
1745254800,261.00,261.06,258.32,258.32,473,20,0
1745258400,258.31,258.46,254.97,255.19,416,20,0
1745262000,255.19,255.19,254.06,254.13,391,20,0
1745265600,254.13,254.15,251.18,251.28,553,20,0
1745269200,251.28,252.12,250.75,251.75,566,20,0
1745272800,251.72,253.40,251.60,253.40,719,21,0
1745337600,253.10,257.13,253.10,256.92,479,20,0
1745341200,256.92,257.93,256.01,257.50,523,20,0
1745344800,257.50,258.88,256.52,258.86,400,20,0
1745348400,258.88,259.03,257.29,257.58,499,24,0
1745352000,257.60,257.60,254.24,254.30,590,20,0
1745355600,254.31,257.15,254.07,256.71,655,20,0
1745359200,256.71,258.41,256.10,258.17,901,20,0
1745424000,253.78,259.56,253.08,259.56,674,25,0
1745427600,259.69,262.46,259.08,261.02,761,23,0
1745431200,261.01,261.17,259.04,259.91,594,24,0
1745434800,259.91,260.24,258.19,259.19,593,20,0
1745438400,259.09,259.87,257.91,258.35,474,20,0
1745442000,258.35,259.17,257.84,258.66,534,21,0
1745445600,258.63,259.42,257.26,259.10,891,21,0
1745510400,259.03,260.18,257.94,258.93,437,21,0
1745514000,259.07,262.03,258.84,261.73,678,20,0
1745517600,261.73,262.55,261.08,262.01,633,23,0
1745521200,262.04,263.62,261.90,263.15,532,20,0
1745524800,263.15,263.34,262.45,262.59,500,20,0
1745528400,262.59,263.30,261.85,262.12,470,21,0
1745532000,262.12,262.54,260.76,261.82,736,20,0
1745596800,242.29,242.83,237.06,237.68,864,21,0
1745600400,237.79,238.67,232.76,234.43,1300,20,0
1745604000,234.52,236.11,232.84,233.50,999,20,0
1745607600,233.50,233.86,230.54,232.06,903,20,0
1745611200,232.06,233.25,231.59,233.05,895,20,0
1745614800,233.04,233.04,231.03,231.53,659,20,0
1745618400,231.63,232.84,231.00,232.52,981,20,0
1745856000,231.43,235.07,231.43,233.30,577,20,0
1745859600,233.37,235.04,232.65,234.87,838,20,0
1745863200,234.89,236.06,234.34,234.47,608,20,0
1745866800,234.48,234.78,233.57,233.77,570,20,0
1745870400,233.76,235.15,233.76,235.09,583,20,0
1745874000,235.09,236.28,235.02,235.93,536,20,0
1745877600,235.94,237.11,235.91,236.64,686,20,0
1745942400,236.48,238.72,235.30,237.66,385,20,0
1745946000,237.67,238.70,236.56,238.28,537,22,0
1745949600,238.28,238.89,237.78,238.09,441,20,0
1745953200,238.12,238.96,237.97,238.30,379,23,0
1745956800,238.30,240.31,238.24,240.20,306,20,0
1745960400,240.20,240.68,239.95,240.64,430,20,0
1745964000,240.64,241.75,240.24,241.44,690,20,0
1746028800,244.92,246.47,241.61,242.26,509,23,0
1746032400,242.29,244.70,241.98,243.59,635,20,0
1746036000,243.57,245.49,243.07,245.29,492,21,0
1746039600,245.29,245.83,244.80,245.83,490,21,0
1746043200,245.84,247.00,244.95,246.58,551,21,0
1746046800,246.58,247.34,245.56,245.70,692,21,0
1746050400,245.74,247.27,245.60,246.75,720,20,0
1746115200,244.55,245.06,242.23,244.60,645,26,0
1746118800,244.57,246.53,244.42,246.39,784,20,0
1746122400,246.39,246.90,245.52,245.62,473,20,0
1746126000,245.62,245.72,244.59,245.31,527,21,0
1746129600,245.31,246.15,245.11,245.38,338,20,0
1746133200,245.38,246.30,245.26,245.46,401,21,0
1746136800,245.45,246.90,245.13,246.82,826,20,0
1746201600,248.11,248.39,246.22,247.92,193,25,0
1746205200,247.84,248.48,247.40,248.37,291,25,0
1746208800,248.37,249.00,247.86,248.94,221,25,0
1746212400,248.86,249.36,248.08,248.17,248,21,0
1746216000,248.17,248.88,248.05,248.88,200,20,0
1746219600,248.88,249.56,248.88,249.49,147,23,0
1746223200,249.49,250.06,248.71,248.77,301,21,0
1746460800,248.25,249.12,246.32,247.16,408,20,0
1746464400,247.26,247.87,246.47,247.42,460,24,0
1746468000,247.42,248.33,247.03,248.03,341,23,0
1746471600,248.04,248.25,247.26,247.31,310,24,0
1746475200,247.32,247.81,246.83,247.63,296,21,0
1746478800,247.64,248.48,247.47,248.24,357,20,0
1746482400,248.24,248.30,247.44,248.16,569,21,0
1746547200,247.35,248.80,247.32,248.31,397,26,0
1746550800,248.29,251.17,248.04,251.03,506,21,0
1746554400,251.16,251.16,248.72,248.98,492,20,0
1746558000,248.98,250.16,248.97,249.95,435,22,0
1746561600,249.95,251.94,249.93,251.81,432,20,0
1746565200,251.85,252.58,251.50,252.52,401,21,0
1746568800,252.52,254.01,252.23,253.74,452,21,0
1746633600,251.96,253.57,251.73,252.09,380,27,0
1746637200,252.07,252.71,251.96,252.48,487,20,0
1746640800,252.48,252.72,251.90,252.61,469,21,0
1746644400,252.61,252.65,252.04,252.36,392,24,0
1746648000,252.39,252.45,251.49,251.80,391,20,0
1746651600,251.74,252.21,250.16,252.07,762,22,0
1746655200,252.07,252.61,251.01,251.12,926,20,0
1746720000,251.85,252.44,250.21,250.38,344,23,0
1746723600,250.44,250.72,248.86,248.86,527,21,0
1746727200,248.87,250.91,248.55,250.32,552,22,0
1746730800,250.40,250.94,250.32,250.62,285,20,0
1746734400,250.62,250.84,250.16,250.25,283,20,0
1746738000,250.20,250.45,248.80,249.31,406,20,0
1746741600,249.32,250.03,247.34,247.36,639,20,0
1746806400,247.52,247.95,246.40,247.85,313,23,0
1746810000,247.87,247.92,245.91,245.98,570,21,0
1746813600,246.03,246.53,245.49,245.71,543,20,0
1746817200,245.71,245.80,244.62,244.90,485,21,0
1746820800,244.89,245.90,244.70,245.90,469,20,0
1746824400,245.90,246.07,245.32,245.32,433,20,0
1746828000,245.29,245.76,243.57,243.66,651,20,0
1747065600,239.64,240.03,237.26,238.40,503,20,0
1747069200,238.42,238.43,236.06,237.62,691,20,0
1747072800,237.62,238.83,235.88,236.69,524,21,0
1747076400,236.68,237.95,236.34,237.71,415,23,0
1747080000,237.71,238.28,237.45,237.84,381,23,0
1747083600,237.85,239.00,237.85,238.50,345,20,0
1747087200,238.50,240.19,238.41,240.12,702,20,0
1747152000,239.44,240.02,236.15,236.41,364,24,0
1747155600,236.41,239.26,236.07,238.68,694,25,0
1747159200,238.65,238.96,237.03,237.54,478,22,0
1747162800,237.55,238.07,237.21,238.06,366,24,0
1747166400,238.12,238.12,236.82,237.49,456,23,0
1747170000,237.49,237.74,236.20,236.40,477,20,0
1747173600,236.40,239.31,235.80,237.13,835,20,0
1747238400,234.08,235.36,233.39,233.95,492,20,0
1747242000,233.96,234.02,232.33,232.71,725,21,0
1747245600,232.71,233.44,232.13,233.44,467,21,0
1747249200,233.44,234.09,232.85,232.93,405,20,0
1747252800,232.86,233.39,232.20,232.92,392,20,0
1747256400,232.92,235.29,232.92,234.47,490,21,0
1747260000,234.47,235.37,234.12,235.13,706,20,0
1747324800,236.71,240.17,236.34,240.14,490,21,0
1747328400,240.15,241.94,240.14,241.93,776,20,0
1747332000,242.06,242.22,240.42,241.00,545,20,0
1747335600,241.00,241.16,239.72,240.18,401,20,0
1747339200,240.21,240.72,239.67,240.52,370,20,0
1747342800,240.52,240.52,239.11,239.48,648,20,0
1747346400,239.48,240.25,239.17,239.97,738,20,0
1747411200,240.13,240.95,238.57,240.05,439,24,0
1747414800,240.08,240.70,239.28,240.50,508,20,0
1747418400,240.50,241.55,240.31,241.48,393,22,0
1747422000,241.49,242.67,241.49,242.65,331,21,0
1747425600,242.65,243.11,242.25,242.26,360,22,0
1747429200,242.26,242.29,241.69,242.04,326,20,0
1747432800,242.04,242.89,241.99,242.55,415,20,0
1747670400,243.60,244.37,242.92,244.35,335,26,0
1747674000,244.37,244.94,243.73,243.83,430,20,0
1747677600,243.85,244.61,243.61,244.03,303,20,0
1747681200,244.06,245.08,244.03,245.07,282,20,0
1747684800,245.08,245.82,244.78,244.78,300,20,0
1747688400,244.77,244.90,244.30,244.50,270,21,0
1747692000,244.49,244.50,243.56,244.05,505,21,0
1747756800,245.04,245.15,243.12,243.71,346,26,0
1747760400,243.70,243.71,240.77,242.09,485,20,0
1747764000,242.06,242.30,241.11,241.81,346,20,0
1747767600,241.82,241.87,240.08,240.80,438,20,0
1747771200,240.79,240.80,239.06,239.59,376,20,0
1747774800,239.59,239.74,239.09,239.53,388,20,0
1747778400,239.54,241.47,239.36,241.03,657,20,0
1747843200,241.14,241.57,238.96,239.98,312,25,0
1747846800,239.96,241.11,239.93,241.09,454,20,0
1747850400,241.09,243.05,241.09,241.62,455,20,0
1747854000,241.62,242.30,241.38,242.09,253,20,0
1747857600,242.09,242.37,240.85,241.32,484,23,0
1747861200,241.37,241.47,240.25,240.33,485,22,0
1747864800,240.31,241.06,240.15,240.69,666,20,0
1747929600,241.25,241.55,239.65,239.88,405,21,0
1747933200,239.87,240.76,239.30,240.61,549,21,0
1747936800,240.63,241.83,240.63,241.59,480,20,0
1747940400,241.59,241.91,240.66,240.70,369,23,0
1747944000,240.70,241.40,240.53,241.19,242,21,0
1747947600,241.18,241.40,240.04,240.40,373,23,0
1747951200,240.41,240.95,240.16,240.62,459,20,0
1748016000,240.94,241.15,238.54,240.20,363,20,0
1748019600,240.19,241.00,239.83,240.57,337,26,0
1748023200,240.57,241.44,240.38,240.68,360,22,0
1748026800,240.69,241.80,240.63,241.57,292,23,0
1748030400,241.57,242.50,241.52,242.34,340,22,0
1748034000,242.34,242.56,241.37,242.08,393,21,0
1748037600,242.08,243.19,241.93,242.71,595,20,0
1748361600,243.43,244.40,242.02,243.50,403,23,0
1748365200,243.51,245.39,243.28,245.11,450,21,0
1748368800,245.20,245.20,244.00,244.50,415,21,0
1748372400,244.50,245.68,244.50,245.67,300,21,0
1748376000,245.71,245.71,244.32,245.20,218,24,0
1748379600,245.20,245.30,244.27,244.44,329,22,0
1748383200,244.38,244.41,242.86,243.19,592,20,0
1748448000,242.86,243.34,241.55,241.83,260,24,0
1748451600,241.84,242.24,241.25,242.19,432,20,0
1748455200,242.19,242.31,241.09,241.62,365,20,0
1748458800,241.62,242.34,241.43,242.27,239,23,0
1748462400,242.27,242.45,241.72,241.82,234,21,0
1748466000,241.83,241.83,240.95,241.28,272,20,0
1748469600,241.28,241.83,241.12,241.43,561,20,0
1748534400,241.27,241.37,239.35,239.63,386,20,0
1748538000,239.63,239.90,238.83,239.55,500,22,0
1748541600,239.61,239.73,236.75,237.07,425,20,0
1748545200,237.07,238.07,236.64,237.71,450,20,0
1748548800,237.71,238.59,237.69,238.40,319,21,0
1748552400,238.40,238.54,237.68,238.31,350,22,0
1748556000,238.31,239.31,238.29,239.04,597,20,0
1748620800,238.89,240.86,238.50,239.91,415,20,0
1748624400,240.02,241.89,239.91,241.37,626,20,0
1748628000,241.33,242.33,241.27,242.33,448,20,0
1748631600,242.33,242.91,241.92,242.78,500,20,0
1748635200,242.78,243.16,242.15,242.26,403,20,0
1748638800,242.26,242.73,242.14,242.57,406,20,0
1748642400,242.65,243.18,241.50,241.97,688,20,0
1748880000,240.36,241.99,238.77,240.44,405,26,0
1748883600,240.43,242.67,240.14,242.44,543,23,0
1748887200,242.44,243.08,241.94,243.05,447,20,0
1748890800,243.05,243.19,242.03,242.49,320,21,0
1748894400,242.50,242.89,242.04,242.20,227,23,0
1748898000,242.19,242.99,242.10,242.97,281,22,0
1748901600,242.97,243.08,242.62,242.86,455,20,0
1748966400,242.14,244.19,241.55,241.89,304,20,0
1748970000,241.91,242.30,241.52,241.85,345,25,0
1748973600,241.87,242.82,241.46,242.66,356,23,0
1748977200,242.66,243.37,242.44,243.12,249,20,0
1748980800,243.12,243.89,243.06,243.75,207,25,0
1748984400,243.69,244.27,243.66,243.93,263,24,0
1748988000,243.94,243.94,243.10,243.73,494,21,0
1749052800,244.15,244.65,243.96,244.33,190,26,0
1749056400,244.38,245.05,243.45,243.59,409,23,0
1749060000,243.59,243.59,242.69,243.37,278,20,0
1749063600,243.40,243.86,243.17,243.75,229,21,0
1749067200,243.76,243.77,243.40,243.56,192,23,0
1749070800,243.56,243.85,243.23,243.83,236,20,0
1749074400,243.83,243.83,241.85,241.87,440,20,0
1749139200,241.62,243.72,241.07,243.62,318,24,0
1749142800,243.54,246.14,243.29,245.68,541,21,0
1749146400,245.68,245.73,245.16,245.29,270,22,0
1749150000,245.29,245.78,244.47,244.47,363,20,0
1749153600,244.47,244.87,244.16,244.27,241,25,0
1749157200,244.15,244.55,243.08,244.43,355,20,0
1749160800,244.43,245.57,244.18,244.81,697,21,0
1749225600,246.35,247.32,245.86,247.32,324,22,0
1749229200,247.32,247.33,244.99,244.99,475,23,0
1749232800,245.01,245.21,244.46,244.75,365,25,0
1749236400,244.75,245.08,244.65,244.82,238,24,0
1749240000,244.82,245.54,244.71,245.54,157,25,0
1749243600,245.54,246.12,245.53,245.61,243,21,0
1749247200,245.61,246.01,245.44,245.69,319,20,0
1749484800,244.57,244.63,241.01,241.31,360,20,0
1749488400,241.31,242.44,240.72,242.43,499,20,0
1749492000,242.49,242.74,241.26,241.26,288,23,0
1749495600,241.40,243.05,240.20,240.70,434,23,0
1749499200,240.68,241.56,238.96,239.00,482,20,0
1749502800,238.92,239.85,238.64,239.44,548,20,0
1749506400,239.45,239.46,237.77,237.78,744,20,0
1749571200,237.00,237.00,234.62,235.91,430,20,0
1749574800,236.01,236.01,234.57,235.67,612,20,0
1749578400,235.67,237.12,235.16,237.12,414,21,0
1749582000,237.06,237.58,236.87,237.09,235,27,0
1749585600,237.09,237.43,236.93,237.05,169,24,0
1749589200,237.05,237.05,235.90,236.78,312,20,0
1749592800,236.78,237.28,236.03,236.88,539,20,0
1749657600,236.38,236.38,232.66,233.29,499,20,0
1749661200,233.30,233.44,230.57,231.33,777,22,0
1749664800,231.29,231.95,230.30,230.99,563,21,0
1749668400,230.99,233.42,230.98,232.08,500,20,0
1749672000,232.08,232.13,230.57,231.64,546,22,0
1749675600,231.64,231.89,230.93,231.06,579,20,0
1749679200,231.08,231.35,229.76,230.85,787,20,0
1749744000,232.10,232.18,228.05,228.56,403,20,0
1749747600,228.51,229.27,227.57,227.81,647,21,0
1749751200,227.82,228.91,227.82,228.91,434,20,0
1749754800,228.92,229.36,228.26,228.27,381,20,0
1749758400,228.27,228.33,227.71,228.17,333,20,0
1749762000,228.17,229.92,228.12,229.92,392,23,0
1749765600,229.92,229.99,228.24,228.56,624,20,0
1749830400,227.95,228.28,226.22,227.03,415,25,0
1749834000,227.05,229.47,226.09,229.04,684,23,0
1749837600,229.04,229.19,228.41,228.89,357,20,0
1749841200,228.89,229.00,228.04,228.62,303,20,0
1749844800,228.62,229.08,227.96,228.49,334,21,0
1749848400,228.49,228.97,227.49,227.67,432,20,0
1749852000,227.61,228.10,227.00,227.94,632,20,0
1750089600,228.35,229.88,227.80,229.55,350,21,0
1750093200,229.59,230.59,229.21,229.40,424,21,0
1750096800,229.36,229.74,228.89,229.29,321,22,0
1750100400,229.29,229.54,229.10,229.43,289,20,0
1750104000,229.43,230.43,229.09,230.39,340,21,0
1750107600,230.39,231.31,230.10,231.30,350,20,0
1750111200,231.30,231.30,229.74,230.78,548,20,0
1750176000,221.66,222.31,220.25,221.71,500,22,0
1750179600,221.72,222.29,221.35,221.94,472,20,0
1750183200,221.94,222.32,220.60,220.72,443,20,0
1750186800,220.76,221.89,220.70,221.83,413,20,0
1750190400,221.84,221.89,220.18,220.72,491,20,0
1750194000,220.70,220.94,219.92,220.89,492,20,0
1750197600,220.89,221.42,220.61,221.22,672,20,0
1750262400,221.85,222.17,221.00,221.56,357,20,0
1750266000,221.56,222.86,221.56,222.51,533,20,0
1750269600,222.43,222.72,221.44,221.85,309,20,0
1750273200,221.85,222.03,221.36,221.87,309,20,0
1750276800,221.87,222.53,221.80,222.39,276,20,0
1750280400,222.38,222.47,221.13,221.14,357,21,0
1750284000,221.07,221.44,220.47,220.80,560,20,0
1750435200,221.80,222.43,220.86,221.61,398,22,0
1750438800,221.61,222.70,221.55,222.49,572,21,0
1750442400,222.46,223.02,222.31,222.45,423,21,0
1750446000,222.45,222.45,221.53,221.71,324,22,0
1750449600,221.72,222.16,221.66,221.82,318,20,0
1750453200,221.81,222.42,221.27,221.43,336,20,0
1750456800,221.43,221.65,220.78,221.41,471,20,0
1750694400,222.65,224.03,222.38,222.74,380,23,0
1750698000,222.77,223.42,222.53,222.87,350,20,0
1750701600,222.86,223.38,222.78,222.92,357,20,0
1750705200,222.92,223.66,222.41,222.44,357,20,0
1750708800,222.44,224.85,222.34,224.49,389,20,0
1750712400,224.49,225.90,224.27,225.74,411,20,0
1750716000,225.75,227.36,225.72,226.87,628,20,0
1750780800,227.37,227.83,226.43,227.58,266,20,0
1750784400,227.59,228.95,227.59,228.65,376,21,0
1750788000,228.65,229.72,228.51,229.41,347,21,0
1750791600,229.41,229.48,228.55,229.13,223,21,0
1750795200,229.13,229.30,228.88,228.96,223,21,0
1750798800,228.96,229.38,228.96,229.34,272,20,0
1750802400,229.34,230.18,229.34,229.75,480,20,0
1750867200,229.32,229.93,228.70,229.74,262,24,0
1750870800,229.80,230.77,229.68,230.18,508,23,0
1750874400,230.14,230.35,229.58,230.09,352,20,0
1750878000,230.09,230.70,230.09,230.56,312,21,0
1750881600,230.56,231.13,230.52,231.11,321,22,0
1750885200,231.11,231.11,230.39,230.76,255,20,0
1750888800,230.76,230.89,230.30,230.74,521,21,0
1750953600,230.55,231.36,229.73,230.54,253,24,0
1750957200,230.54,230.56,228.96,229.17,410,20,0
1750960800,229.18,229.63,228.88,229.22,374,22,0
1750964400,229.22,230.51,229.11,230.11,349,21,0
1750968000,230.11,230.59,230.04,230.23,301,22,0
1750971600,230.22,230.77,230.04,230.38,332,21,0
1750975200,230.38,231.37,230.23,231.31,418,20,0
1751040000,230.27,232.27,230.27,232.07,244,24,0
1751043600,232.08,233.54,232.08,233.54,418,20,0
1751047200,233.54,234.44,233.54,234.39,331,21,0
1751050800,234.39,235.52,234.32,235.40,323,21,0
1751054400,235.40,235.57,235.09,235.42,291,22,0
1751058000,235.42,236.17,235.12,235.90,473,21,0
1751061600,235.87,235.87,234.48,235.15,475,20,0
1751299200,234.80,238.26,234.30,237.96,336,24,0
1751302800,237.90,237.92,236.26,236.55,408,24,0
1751306400,236.49,237.28,236.37,236.75,310,21,0
1751310000,236.81,237.36,236.59,236.79,296,21,0
1751313600,236.79,236.88,236.00,236.33,243,22,0
1751317200,236.33,237.28,236.20,237.20,293,21,0
1751320800,237.20,238.42,237.04,238.08,452,20,0
1751385600,238.50,240.76,238.49,238.87,326,21,0
1751389200,238.77,241.51,238.77,241.38,577,22,0
1751392800,241.38,243.04,241.19,242.01,710,22,0
1751396400,242.01,242.31,240.69,241.54,439,22,0
1751400000,241.54,242.23,241.33,242.05,320,22,0
1751403600,242.10,242.15,241.16,241.42,424,22,0
1751407200,241.36,242.17,241.07,241.39,622,20,0
1751472000,240.56,240.65,238.89,238.95,267,30,0
1751475600,238.95,239.03,237.80,238.32,464,22,0
1751479200,238.32,239.29,237.50,239.29,389,20,0
1751482800,239.29,239.61,238.34,238.36,345,22,0
1751486400,238.35,238.36,237.50,237.77,365,24,0
1751490000,237.78,237.78,237.05,237.26,404,22,0
1751493600,237.27,237.51,236.67,237.23,529,20,0
1751558400,237.39,238.66,236.71,238.34,286,28,0
1751562000,238.34,239.14,238.22,238.94,418,27,0
1751565600,238.92,239.90,238.77,239.90,355,23,0
1751569200,239.90,241.21,239.84,240.60,634,22,0
1751904000,239.82,240.11,236.81,239.41,371,30,0
1751907600,239.41,239.41,238.01,238.68,291,24,0
1751911200,238.68,239.01,238.03,238.10,257,26,0
1751914800,238.10,238.66,237.97,238.13,332,24,0
1751918400,238.13,238.53,237.28,237.47,312,25,0
1751922000,237.47,237.63,237.10,237.61,377,25,0
1751925600,237.62,237.74,237.18,237.56,521,20,0
1751990400,236.10,236.37,234.59,234.59,236,27,0
1751994000,234.58,235.05,233.49,234.27,439,24,0
1751997600,234.27,235.23,233.83,235.15,324,22,0
1752001200,235.19,235.28,233.99,233.99,256,22,0
1752004800,234.05,235.03,233.93,234.97,309,23,0
1752008400,234.97,235.55,234.95,235.45,350,21,0
1752012000,235.43,236.66,235.42,235.86,521,20,0
1752076800,234.67,234.81,231.36,232.15,545,20,0
1752080400,232.03,233.63,231.72,232.45,580,20,0
1752084000,232.45,232.47,231.40,231.56,503,22,0
1752087600,231.56,232.25,231.54,232.02,296,20,0
1752091200,232.02,232.55,231.69,232.17,352,22,0
1752094800,232.13,232.86,231.73,232.22,357,25,0
1752098400,232.22,232.25,231.29,232.16,591,20,0
1752163200,231.45,231.45,229.22,229.32,427,21,0
1752166800,229.32,229.97,228.27,228.46,417,20,0
1752170400,228.46,228.81,227.05,228.81,492,20,0
1752174000,228.83,228.85,227.31,227.65,342,21,0
1752177600,227.64,228.74,227.46,228.74,328,25,0
1752181200,228.74,229.54,228.72,229.49,227,24,0
1752184800,229.48,230.10,227.65,227.98,608,20,0
1752249600,228.10,228.63,227.23,228.00,239,23,0
1752253200,227.95,228.12,226.67,226.67,363,23,0
1752256800,226.67,227.12,226.04,226.62,334,23,0
1752260400,226.61,227.09,226.11,227.00,252,24,0
1752264000,227.00,227.76,226.81,227.62,271,24,0
1752267600,227.62,228.04,227.28,227.87,344,21,0
1752271200,227.89,228.38,227.47,227.59,536,20,0
1752508800,227.55,229.46,227.54,228.81,276,20,0
1752512400,228.79,229.47,227.63,228.28,400,21,0
1752516000,228.28,228.64,227.94,228.48,265,21,0
1752519600,228.48,228.50,227.77,227.78,279,23,0
1752523200,227.89,228.54,227.73,228.44,204,21,0
1752526800,228.44,228.51,227.92,228.43,207,22,0
1752530400,228.44,228.66,227.83,228.01,509,20,0
1752595200,226.76,227.07,225.43,226.45,299,26,0
1752598800,226.45,226.65,225.65,226.45,421,20,0
1752602400,226.51,226.62,225.26,225.32,370,23,0
1752606000,225.32,225.91,225.18,225.75,304,22,0
1752609600,225.69,226.17,225.52,226.01,301,24,0
1752613200,226.01,226.71,225.97,226.17,313,24,0
1752616800,226.14,226.73,225.85,225.91,533,21,0
1752681600,226.52,227.85,226.52,227.66,282,25,0
1752685200,227.66,228.36,226.86,228.17,434,20,0
1752688800,228.17,228.60,227.79,228.42,545,20,0
1752692400,228.42,228.90,228.39,228.80,343,22,0
1752696000,228.80,229.21,227.69,228.10,295,22,0
1752699600,228.10,228.18,227.09,228.06,425,20,0
1752703200,228.01,228.75,227.92,228.63,479,20,0
1752768000,227.95,228.78,227.86,228.00,229,29,0
1752771600,228.00,229.08,227.30,227.63,383,21,0
1752775200,227.65,227.96,226.85,227.14,384,23,0
1752778800,227.14,227.21,226.30,226.45,330,24,0
1752782400,226.40,227.09,226.22,226.59,286,21,0
1752786000,226.59,226.72,225.79,226.50,542,21,0
1752789600,226.50,227.35,226.43,226.94,648,20,0
1752854400,227.31,227.52,226.31,226.93,297,25,0
1752858000,227.02,228.00,226.70,227.16,419,22,0
1752861600,227.14,227.76,226.81,226.88,291,20,0
1752865200,226.81,227.21,226.50,226.60,287,20,0
1752868800,226.66,227.22,226.60,227.06,278,21,0
1752872400,227.06,227.06,226.09,226.55,290,23,0
1752876000,226.58,227.34,226.28,227.06,452,20,0
1753113600,229.45,232.67,229.45,231.36,496,20,0
1753117200,231.36,232.81,231.36,232.44,625,21,0
1753120800,232.44,233.46,232.14,233.27,378,22,0
1753124400,233.27,233.80,233.00,233.15,311,22,0
1753128000,233.15,233.25,232.34,232.88,295,21,0
1753131600,232.85,232.97,232.24,232.30,300,20,0
1753135200,232.30,232.70,232.11,232.56,536,20,0
1753200000,233.47,237.99,233.47,236.89,509,21,0
1753203600,236.88,236.88,233.98,234.54,663,21,0
1753207200,234.54,235.08,232.72,233.08,412,21,0
1753210800,233.08,233.82,232.82,232.94,250,28,0
1753214400,232.94,233.57,232.94,233.21,224,26,0
1753218000,233.21,233.64,232.65,232.81,266,21,0
1753221600,232.81,233.65,232.72,233.17,433,20,0
1753286400,233.36,233.36,231.72,233.18,362,26,0
1753290000,233.18,233.24,231.35,231.61,452,25,0
1753293600,231.61,231.65,230.83,231.44,456,20,0
1753297200,231.44,231.98,231.18,231.72,289,21,0
1753300800,231.72,231.87,230.58,230.91,375,23,0
1753304400,230.91,232.77,230.91,232.40,386,24,0
1753308000,232.40,234.12,232.12,233.86,673,21,0
1753372800,243.60,251.19,243.58,249.24,760,21,0
1753376400,249.32,251.34,248.28,248.74,975,21,0
1753380000,248.75,249.49,246.79,248.58,610,20,0
1753383600,248.57,249.45,247.78,248.84,473,21,0
1753387200,248.84,249.54,247.72,247.72,441,24,0
1753390800,247.72,248.53,246.96,247.39,516,20,0
1753394400,247.40,248.24,246.75,247.36,688,21,0
1753459200,247.88,249.69,247.77,249.27,302,21,0
1753462800,249.21,249.43,243.88,244.00,605,22,0
1753466400,244.00,245.14,243.43,244.69,456,20,0
1753470000,244.68,245.25,244.01,244.86,360,25,0
1753473600,244.88,245.09,243.84,244.20,351,20,0
1753477200,244.21,244.37,243.25,243.39,392,21,0
1753480800,243.40,244.13,242.95,243.50,619,20,0
1753718400,242.93,242.93,239.50,239.55,287,20,0
1753722000,239.55,239.69,238.17,238.54,491,20,0
1753725600,238.54,238.96,238.14,238.65,357,20,0
1753729200,238.64,238.85,238.05,238.65,311,20,0
1753732800,238.71,238.98,238.12,238.14,226,21,0
1753736400,238.16,238.22,237.56,237.70,288,21,0
1753740000,237.66,238.08,237.18,238.03,800,20,0
1753804800,239.17,239.45,238.45,238.66,289,20,0
1753808400,238.66,239.12,237.76,238.66,368,20,0
1753812000,238.66,241.12,238.66,240.33,461,21,0
1753815600,240.33,240.90,240.17,240.32,300,20,0
1753819200,240.32,240.32,238.90,238.90,259,20,0
1753822800,238.89,238.89,238.08,238.37,221,22,0
1753826400,238.37,239.40,238.37,239.17,411,20,0
1753891200,239.33,240.67,238.67,240.57,292,20,0
1753894800,240.57,241.10,239.24,239.24,376,20,0
1753898400,239.39,240.90,239.39,240.90,307,20,0
1753902000,240.93,241.25,240.72,240.83,273,20,0
1753905600,240.83,241.83,240.82,241.58,285,20,0
1753909200,241.61,242.64,241.53,242.31,462,20,0
1753912800,242.29,242.36,240.40,241.43,605,20,0
1753977600,239.28,241.70,239.28,240.96,351,20,0
1753981200,240.95,241.86,239.61,241.41,486,23,0
1753984800,241.41,241.55,240.46,240.92,354,22,0
1753988400,240.92,240.98,239.53,239.62,283,24,0
1753992000,239.62,239.74,238.34,238.58,380,20,0
1753995600,238.58,239.31,238.44,238.88,404,20,0
1753999200,238.86,239.63,238.09,238.30,655,20,0
1754064000,240.65,241.26,237.94,238.72,424,21,0
1754067600,238.65,239.00,237.19,237.97,690,20,0
1754071200,237.97,238.55,237.77,238.05,439,20,0
1754074800,238.04,238.74,237.43,238.30,380,24,0
1754078400,238.30,238.43,237.53,237.63,316,22,0
1754082000,237.63,237.94,237.26,237.48,360,20,0
1754085600,237.48,237.96,236.81,237.06,703,20,0
1754323200,237.64,238.51,237.22,237.84,205,21,0
1754326800,237.84,238.70,236.96,238.35,486,20,0
1754330400,238.35,238.75,237.73,238.45,342,20,0
1754334000,238.47,239.23,238.47,238.75,340,21,0
1754337600,238.75,239.12,238.11,238.31,294,20,0
1754341200,238.34,239.32,238.34,239.31,335,20,0
1754344800,239.31,241.07,239.30,240.88,510,20,0
1754409600,240.82,241.13,239.92,240.29,255,27,0
1754413200,240.16,241.07,239.79,239.89,395,24,0
1754416800,239.88,239.88,237.83,238.13,393,21,0
1754420400,238.13,238.31,236.67,237.94,389,22,0
1754424000,237.94,238.42,237.83,238.10,268,20,0
1754427600,238.10,238.21,237.46,237.94,360,21,0
1754431200,237.94,238.98,237.69,238.74,697,20,0
1754496000,237.80,238.84,235.55,238.73,333,20,0
1754499600,238.73,240.99,238.35,240.99,404,20,0
1754503200,240.98,241.50,240.36,241.34,397,21,0
1754506800,241.20,241.70,240.68,240.71,334,22,0
1754510400,240.71,240.71,239.81,240.23,302,21,0
1754514000,240.22,240.54,239.67,240.10,357,20,0
1754517600,240.10,240.33,238.73,239.08,510,20,0
1754582400,239.18,240.73,238.22,240.73,303,20,0
1754586000,240.75,241.33,239.44,240.59,456,20,0
1754589600,240.54,240.57,238.40,239.46,326,20,0
1754593200,239.46,241.10,239.35,240.89,288,23,0
1754596800,240.83,241.42,240.60,241.26,308,20,0
1754600400,241.26,241.74,241.18,241.71,338,20,0
1754604000,241.71,243.02,241.71,242.80,719,20,0
1754668800,243.23,244.75,243.23,244.65,272,25,0
1754672400,244.69,245.47,243.80,244.83,568,20,0
1754676000,244.84,245.39,244.15,245.35,398,20,0
1754679600,245.35,246.23,244.88,245.16,458,20,0
1754683200,245.16,245.73,245.07,245.35,336,20,0
1754686800,245.35,246.62,245.25,246.13,519,20,0
1754690400,246.11,246.36,244.79,244.87,505,20,0
1754928000,246.09,247.10,245.41,246.59,286,21,0
1754931600,246.67,247.66,246.43,247.09,544,21,0
1754935200,247.09,247.11,245.38,246.11,397,20,0
1754938800,246.11,246.72,245.81,246.44,381,22,0
1754942400,246.43,247.17,246.06,247.17,330,23,0
1754946000,247.19,248.02,247.16,248.02,392,21,0
1754949600,247.99,248.87,247.77,248.76,637,20,0
1755014400,249.10,250.05,248.75,249.12,285,25,0
1755018000,249.06,249.97,248.19,249.62,537,23,0
1755021600,249.65,250.53,249.42,250.40,376,20,0
1755025200,250.40,251.94,250.10,251.78,329,22,0
1755028800,251.78,252.16,251.78,252.03,274,20,0
1755032400,252.03,252.15,251.48,252.03,310,20,0
1755036000,252.00,252.46,251.82,252.17,510,20,0
1755100800,252.59,253.81,252.45,252.66,190,21,0
1755104400,252.66,252.68,251.08,251.94,360,22,0
1755108000,251.94,253.36,250.75,250.75,416,23,0
1755111600,250.69,250.94,250.29,250.90,262,20,0
1755115200,250.89,251.53,250.73,251.20,297,21,0
1755118800,251.20,251.86,250.92,251.27,282,21,0
1755122400,251.27,251.63,250.49,250.74,459,21,0
1755187200,251.11,252.22,249.52,252.03,228,29,0
1755190800,252.06,252.18,250.51,251.04,282,20,0
1755194400,251.04,251.15,250.29,250.85,230,24,0
1755198000,250.85,251.29,250.31,251.25,244,21,0
1755201600,251.25,251.71,251.08,251.59,183,20,0
1755205200,251.58,251.58,250.66,250.89,261,20,0
1755208800,250.89,251.07,250.08,250.18,605,20,0
1755273600,250.54,252.88,250.19,252.19,251,26,0
1755277200,252.10,252.57,251.15,251.64,399,22,0
1755280800,251.57,253.57,251.06,253.57,356,20,0
1755284400,253.56,256.02,253.50,255.24,714,22,0
1755288000,255.25,255.75,254.72,255.68,471,20,0
1755291600,255.62,256.02,255.27,255.90,386,21,0
1755295200,255.90,255.94,254.47,254.54,665,20,0
1755532800,255.51,255.63,253.87,254.73,201,27,0
1755536400,254.72,255.90,254.48,255.14,332,25,0
1755540000,255.12,255.22,254.71,254.89,307,20,0
1755543600,254.89,255.56,254.89,255.52,311,21,0
1755547200,255.52,256.16,255.32,255.92,306,21,0
1755550800,255.92,256.16,255.78,256.08,275,22,0
1755554400,256.08,256.59,254.96,255.06,523,20,0
1755619200,255.43,256.03,254.24,254.66,242,20,0
1755622800,254.55,256.98,254.55,256.46,434,21,0
1755626400,256.47,256.98,256.06,256.98,305,22,0
1755630000,256.98,258.23,256.94,258.21,396,20,0
1755633600,258.22,258.28,257.79,257.79,370,20,0
1755637200,257.79,257.91,257.21,257.37,286,20,0
1755640800,257.37,258.19,257.27,258.13,586,20,0
1755705600,259.49,261.32,258.57,260.59,350,23,0
1755709200,260.58,260.91,259.42,260.04,516,21,0
1755712800,260.04,261.01,260.04,260.85,381,22,0
1755716400,260.85,261.24,260.09,260.75,317,20,0
1755720000,260.75,260.75,258.88,260.34,327,20,0
1755723600,260.33,260.38,259.74,259.74,285,20,0
1755727200,259.74,259.93,258.82,258.82,482,20,0
1755792000,258.13,258.65,257.40,258.65,216,27,0
1755795600,258.67,259.30,258.23,258.50,327,20,0
1755799200,258.50,258.55,257.34,257.52,267,23,0
1755802800,257.51,257.88,257.14,257.20,216,23,0
1755806400,257.21,257.76,256.90,257.70,288,21,0
1755810000,257.63,258.28,257.30,258.07,313,20,0
1755813600,258.07,258.46,257.59,258.00,461,20,0
1755878400,259.76,260.96,259.59,260.18,171,29,0
1755882000,260.34,260.94,255.66,255.83,628,29,0
1755885600,255.83,256.14,255.06,255.42,472,20,0
1755889200,255.42,255.83,254.46,254.70,322,26,0
1755892800,254.69,254.91,253.48,253.79,354,23,0
1755896400,253.79,253.81,252.31,252.48,399,23,0
1755900000,252.49,252.68,251.03,251.72,650,20,0
1756137600,252.92,253.24,251.55,251.74,254,22,0
1756141200,251.74,251.75,250.77,251.37,299,25,0
1756144800,251.38,251.66,250.95,251.39,264,20,0
1756148400,251.40,251.40,250.28,251.11,533,24,0
1756152000,251.09,251.12,249.97,250.26,496,23,0
1756155600,250.26,250.99,249.76,250.02,536,20,0
1756159200,250.02,251.81,250.02,251.62,423,20,0
1756224000,251.64,251.64,249.60,250.97,336,20,0
1756227600,250.97,250.97,249.32,249.88,516,20,0
1756231200,249.88,250.66,249.75,250.46,287,20,0
1756234800,250.46,250.81,249.79,249.90,285,22,0
1756238400,249.90,250.90,249.83,250.74,269,20,0
1756242000,250.74,250.74,249.80,250.26,374,21,0
1756245600,250.24,251.47,249.77,251.02,541,20,0
1756310400,250.55,251.40,249.90,250.99,317,27,0
1756314000,251.00,252.14,251.00,251.72,405,20,0
1756317600,251.71,252.07,250.93,251.21,358,20,0
1756321200,251.21,251.35,250.45,250.71,275,23,0
1756324800,250.70,251.24,250.68,250.92,186,20,0
1756328400,250.92,251.55,250.92,251.18,246,20,0
1756332000,251.18,251.38,250.53,251.18,411,20,0
1756396800,250.72,250.86,249.31,250.20,269,27,0
1756400400,250.26,250.35,249.28,250.05,335,26,0
1756404000,250.05,250.59,249.71,250.28,278,21,0
1756407600,250.28,250.86,250.20,250.50,260,21,0
1756411200,250.50,250.81,250.43,250.76,255,20,0
1756414800,250.77,251.06,250.55,251.06,279,20,0
1756418400,251.06,251.48,250.34,250.42,457,20,0
1756483200,249.13,250.47,249.13,249.92,261,25,0
1756486800,249.92,250.42,249.46,249.78,454,22,0
1756490400,249.81,250.04,249.58,249.97,282,21,0
1756494000,249.93,250.92,249.63,250.92,251,20,0
1756497600,250.92,251.89,250.92,251.70,297,21,0
1756501200,251.70,252.55,251.37,252.47,313,20,0
1756504800,252.47,253.03,251.70,251.86,555,20,0
1756828800,251.41,256.46,251.34,256.34,410,24,0
1756832400,256.33,258.43,256.24,257.06,454,20,0
1756836000,257.09,257.80,256.36,256.73,384,20,0
1756839600,256.72,257.46,256.06,256.41,318,20,0
1756843200,256.47,258.10,256.47,257.54,432,23,0
1756846800,257.54,257.60,255.46,255.51,356,21,0
1756850400,255.50,256.13,254.88,255.75,620,21,0
1756915200,253.05,254.19,251.23,251.70,310,27,0
1756918800,251.67,253.78,251.45,252.55,438,23,0
1756922400,252.55,253.56,251.69,251.89,431,20,0
1756926000,251.81,252.91,251.71,251.96,317,21,0
1756929600,251.96,252.12,251.45,251.76,309,20,0
1756933200,251.75,252.42,251.66,251.91,368,22,0
1756936800,251.91,252.71,251.58,252.58,603,20,0
1757001600,253.62,256.49,253.16,255.49,292,30,0
1757005200,255.50,255.67,252.73,253.24,459,23,0
1757008800,253.24,253.67,252.27,252.83,372,25,0
1757012400,252.83,253.07,251.61,251.85,351,21,0
1757016000,251.85,251.94,251.46,251.61,276,20,0
1757019600,251.61,251.61,250.64,251.22,421,21,0
1757023200,251.22,252.40,251.22,251.91,555,20,0
1757088000,252.63,254.84,252.48,254.06,297,26,0
1757091600,254.06,255.59,252.34,252.34,595,20,0
1757095200,252.34,253.27,251.68,252.41,527,22,0
1757098800,252.41,253.35,252.05,252.45,409,20,0
1757102400,252.45,252.81,252.11,252.16,245,24,0
1757106000,252.15,252.74,251.53,252.73,313,21,0
1757109600,252.63,252.87,252.16,252.57,593,20,0
1757347200,241.05,242.54,237.37,242.00,672,22,0
1757350800,242.00,244.23,241.92,243.57,703,25,0
1757354400,243.57,245.57,242.84,245.43,550,21,0
1757358000,245.42,247.10,244.18,246.47,531,20,0
1757361600,246.48,246.75,245.13,245.13,377,20,0
1757365200,245.12,245.12,243.13,243.31,538,20,0
1757368800,243.26,243.33,242.10,242.81,766,20,0
1757433600,242.46,242.60,240.74,241.92,358,21,0
1757437200,241.92,242.85,241.70,242.36,513,24,0
1757440800,242.41,242.41,240.86,241.42,459,20,0
1757444400,241.42,241.72,241.14,241.53,288,22,0
1757448000,241.53,242.89,241.47,242.50,366,21,0
1757451600,242.50,243.57,242.50,242.98,345,20,0
1757455200,242.98,243.32,242.48,242.58,521,20,0
1757520000,241.51,242.64,239.73,239.83,323,27,0
1757523600,239.82,240.66,238.52,239.01,521,20,0
1757527200,239.05,239.76,238.36,239.27,503,20,0
1757530800,239.27,239.77,238.83,239.00,340,21,0
1757534400,239.00,239.81,238.41,239.70,387,21,0
1757538000,239.66,240.41,239.51,240.28,260,21,0
1757541600,240.28,240.67,239.88,240.23,654,20,0
1757606400,239.67,241.07,239.48,240.17,270,27,0
1757610000,240.16,241.16,239.90,240.80,415,21,0
1757613600,240.80,240.97,239.86,240.28,467,21,0
1757617200,240.29,241.52,240.29,240.93,333,21,0
1757620800,240.93,241.01,240.50,240.76,289,20,0
1757624400,240.76,240.96,240.06,240.74,327,20,0
1757628000,240.73,241.37,240.45,241.30,522,20,0
1757692800,240.24,242.20,240.12,241.97,234,27,0
1757696400,241.95,242.56,240.81,241.16,332,22,0
1757700000,241.16,241.86,240.90,241.85,275,22,0
1757703600,241.85,242.04,240.81,241.00,220,21,0
1757707200,241.00,241.75,240.98,241.62,255,22,0
1757710800,241.62,242.09,241.42,241.71,248,20,0
1757714400,241.71,242.11,241.26,241.56,470,20,0
1757952000,240.87,244.02,240.87,243.81,263,26,0
1757955600,243.67,243.89,242.24,243.05,358,24,0
1757959200,243.05,243.05,241.17,241.42,349,21,0
1757962800,241.42,241.61,239.75,240.15,340,22,0
1757966400,240.12,240.29,238.98,239.29,325,20,0
1757970000,239.29,240.04,238.90,239.30,351,22,0
1757973600,239.29,239.81,238.28,239.59,589,20,0
1758038400,239.75,239.95,236.83,237.58,300,29,0
1758042000,237.61,237.61,236.01,236.85,421,21,0
1758045600,236.85,237.61,236.83,237.40,244,20,0
1758049200,237.40,237.80,237.17,237.20,233,23,0
1758052800,237.20,237.79,237.00,237.69,246,24,0
1758056400,237.69,237.82,237.44,237.75,260,21,0
1758060000,237.71,238.07,237.32,237.48,496,20,0
1758124800,238.18,240.19,238.18,239.10,263,24,0
1758128400,239.09,239.75,238.59,239.51,397,21,0
1758132000,239.51,240.60,238.80,239.30,385,21,0
1758135600,239.30,239.66,238.95,239.08,213,21,0
1758139200,239.08,239.26,238.45,239.11,228,20,0
1758142800,239.15,239.66,238.28,239.66,433,23,0
1758146400,239.61,239.76,238.86,239.41,640,20,0
1758211200,237.62,239.67,237.35,239.16,258,20,0
1758214800,239.17,239.73,238.84,239.33,376,25,0
1758218400,239.33,240.56,239.01,239.99,475,20,0
1758222000,239.99,240.48,239.69,239.95,295,23,0
1758225600,239.95,240.22,239.09,239.24,279,21,0
1758229200,239.34,239.64,238.73,238.92,308,21,0
1758232800,238.92,238.94,237.98,238.68,553,20,0
1758297600,238.87,238.95,236.39,237.05,386,27,0
1758301200,237.05,238.43,236.77,238.30,536,23,0
1758304800,238.29,239.64,238.29,239.42,548,23,0
1758308400,239.39,239.58,238.89,239.27,367,22,0
1758312000,239.27,239.38,238.77,239.30,338,21,0
1758315600,239.30,239.41,238.57,239.08,332,20,0
1758319200,239.08,239.51,237.83,237.95,612,20,0
1758556800,237.12,238.50,235.12,238.38,364,20,0
1758560400,238.39,240.15,237.96,238.09,531,20,0
1758564000,238.10,238.73,237.75,238.00,339,21,0
1758567600,238.00,238.67,237.66,238.62,376,26,0
1758571200,238.62,238.96,237.65,237.66,369,21,0
1758574800,237.66,237.74,236.65,237.17,368,21,0
1758578400,237.16,237.90,236.65,237.24,584,20,0
1758643200,236.60,237.60,235.59,235.59,237,21,0
1758646800,235.50,236.87,234.65,236.52,370,23,0
1758650400,236.52,237.02,236.31,236.49,321,22,0
1758654000,236.49,237.74,236.36,237.21,340,22,0
1758657600,237.18,238.47,237.15,238.17,385,26,0
1758661200,238.17,240.53,238.17,239.73,576,20,0
1758664800,239.73,240.47,238.80,239.38,811,20,0
1758729600,238.67,242.20,238.22,241.51,383,20,0
1758733200,241.51,241.72,238.34,238.34,442,20,0
1758736800,238.34,238.49,237.19,238.15,369,20,0
1758740400,238.15,238.29,237.20,237.54,345,22,0
1758744000,237.54,237.78,236.95,236.99,315,21,0
1758747600,236.99,237.78,236.92,237.63,269,21,0
1758751200,237.63,238.39,236.86,238.17,489,20,0
1758816000,240.18,242.09,239.12,239.68,457,25,0
1758819600,239.67,240.82,239.19,240.31,365,22,0
1758823200,240.36,240.78,238.78,239.09,319,23,0
1758826800,239.09,240.55,239.01,240.17,277,21,0
1758830400,240.17,240.17,239.08,239.08,258,24,0
1758834000,239.08,239.15,237.99,238.22,295,20,0
1758837600,238.27,238.40,237.13,237.84,497,20,0
1758902400,238.95,239.52,238.56,239.45,135,22,0
1758906000,239.46,240.06,238.46,238.55,326,20,0
1758909600,238.54,238.60,237.72,237.78,262,22,0
1758913200,237.78,238.56,237.67,238.34,270,22,0
1758916800,238.34,238.48,237.65,237.69,237,21,0
1758920400,237.67,237.67,236.58,237.48,314,21,0
1758924000,237.56,237.67,236.82,237.31,415,20,0
1759161600,237.10,239.22,237.10,239.12,316,26,0
1759165200,239.11,239.64,237.89,238.39,502,24,0
1759168800,238.39,238.79,237.48,237.64,442,20,0
1759172400,237.64,238.72,237.42,237.79,419,23,0
1759176000,237.75,238.04,237.31,237.81,435,21,0
1759179600,237.81,238.12,237.57,237.92,386,20,0
1759183200,237.92,238.52,237.54,237.86,644,20,0
1759248000,237.50,239.95,237.50,239.52,293,29,0
1759251600,239.52,239.68,238.14,239.21,531,20,0
1759255200,239.22,239.84,239.17,239.28,485,21,0
1759258800,239.29,239.79,239.07,239.18,376,21,0
1759262400,239.19,239.97,239.07,239.82,295,24,0
1759266000,239.82,240.28,239.82,239.93,342,21,0
1759269600,239.97,240.23,239.13,239.25,707,20,0
1759334400,239.26,240.59,238.04,238.66,379,30,0
1759338000,238.66,239.20,236.81,237.33,463,22,0
1759341600,237.34,237.47,235.56,235.56,389,20,0
1759345200,235.59,235.65,231.92,232.48,507,21,0
1759348800,232.48,233.78,231.40,231.96,543,22,0
1759352400,232.02,233.80,231.70,233.26,436,20,0
1759356000,233.26,234.03,232.77,233.11,639,20,0
1759420800,232.73,233.10,230.19,230.52,334,26,0
1759424400,230.52,231.31,229.82,231.13,433,22,0
1759428000,231.12,231.26,229.76,230.58,410,21,0
1759431600,230.58,230.87,230.22,230.64,324,22,0
1759435200,230.64,230.65,230.00,230.00,381,20,0
1759438800,230.06,230.73,229.95,230.34,365,21,0
1759442400,230.34,230.37,229.62,230.00,584,20,0
1759507200,230.14,230.54,228.11,228.24,302,27,0
1759510800,228.23,228.79,227.03,228.18,408,22,0
1759514400,228.18,229.31,227.68,228.60,433,23,0
1759518000,228.60,228.72,227.88,228.06,331,20,0
1759521600,228.03,229.27,227.77,229.23,422,20,0
1759525200,229.23,229.79,228.81,228.82,301,23,0
1759528800,228.82,230.19,228.63,230.19,612,20,0
1759766400,228.41,228.73,225.02,225.02,360,25,0
1759770000,225.01,225.40,224.19,224.35,599,20,0
1759773600,224.38,224.79,223.69,223.88,466,21,0
1759777200,223.86,224.04,222.69,222.76,568,20,0
1759780800,222.68,222.99,222.13,222.59,633,20,0
1759784400,222.59,224.12,222.54,223.90,554,20,0
1759788000,223.90,225.10,223.31,224.87,658,20,0
1759852800,224.62,225.43,223.56,225.22,258,28,0
1759856400,225.28,226.92,225.25,226.06,517,22,0
1759860000,225.99,228.76,225.84,228.56,569,20,0
1759863600,228.56,228.56,227.67,228.16,358,22,0
1759867200,228.16,228.55,227.71,227.92,308,22,0
1759870800,227.86,228.08,227.36,227.71,396,20,0
1759874400,227.71,228.18,226.74,227.51,607,20,0
1759939200,226.66,226.66,224.27,225.33,413,21,0
1759942800,225.37,226.02,224.95,225.46,528,22,0
1759946400,225.47,225.91,225.12,225.54,364,24,0
1759950000,225.55,226.63,225.50,226.16,336,22,0
1759953600,226.16,226.37,225.75,225.91,277,21,0
1759957200,225.91,226.38,225.77,226.17,263,22,0
1759960800,226.17,226.75,226.01,226.41,582,20,0
1760025600,226.12,226.72,224.98,225.86,198,22,0
1760029200,225.85,227.38,225.77,227.17,379,23,0
1760032800,227.17,227.72,226.85,226.94,332,20,0
1760036400,226.94,226.94,226.35,226.86,278,23,0
1760040000,226.83,227.38,226.81,227.24,301,21,0
1760043600,227.24,227.28,225.94,226.03,293,20,0
1760047200,226.04,226.61,225.66,226.08,509,20,0
1760112000,226.61,227.38,225.69,226.97,241,28,0
1760115600,227.09,227.70,226.64,226.92,499,23,0
1760119200,226.83,230.79,226.71,228.03,1034,22,0
1760122800,228.03,229.49,227.99,229.34,498,23,0
1760126400,229.36,229.67,228.24,228.47,642,22,0
1760130000,228.47,228.61,228.10,228.26,581,22,0
1760133600,228.26,228.88,227.71,228.73,898,21,0
1760371200,228.79,229.77,227.10,227.10,471,22,0
1760374800,227.16,229.35,226.62,226.72,814,23,0
1760378400,226.76,227.59,226.57,227.30,489,20,0
1760382000,227.30,227.94,226.12,226.50,493,20,0
1760385600,226.55,226.56,224.43,224.79,386,20,0
1760389200,224.76,225.62,224.68,225.37,345,22,0
1760392800,225.37,225.66,223.99,224.89,624,20,0
1760457600,230.14,230.14,226.89,227.44,456,24,0
1760461200,227.43,228.79,227.04,228.57,673,22,0
1760464800,228.57,229.00,228.01,229.00,452,23,0
1760468400,229.05,229.79,229.01,229.25,406,23,0
1760472000,229.22,229.68,229.13,229.52,346,22,0
1760475600,229.57,229.66,229.29,229.66,328,21,0
1760479200,229.66,230.08,229.04,229.23,729,20,0
1760544000,229.37,229.49,227.14,228.27,390,27,0
1760547600,228.28,229.36,228.28,228.54,450,28,0
1760551200,228.54,229.14,227.92,228.01,324,26,0
1760554800,228.01,229.08,227.74,228.87,376,23,0
1760558400,228.87,228.92,226.54,227.19,431,22,0
1760562000,227.19,227.74,227.15,227.64,284,21,0
1760565600,227.62,227.77,226.26,226.55,535,20,0
1760630400,229.57,229.57,226.67,228.91,380,25,0
1760634000,228.78,229.91,227.81,229.02,651,20,0
1760637600,229.03,229.23,227.47,227.61,635,23,0
1760641200,227.59,227.59,225.99,226.35,609,25,0
1760644800,226.35,226.55,225.50,225.55,500,21,0
1760648400,225.55,225.77,225.24,225.56,499,23,0
1760652000,225.59,226.53,225.14,226.32,605,20,0
1760716800,226.94,228.53,226.59,227.64,383,28,0
1760720400,227.54,227.69,226.76,227.07,522,24,0
1760724000,227.07,228.74,227.04,228.64,632,21,0
1760727600,228.67,229.17,228.04,228.05,494,20,0
1760731200,228.05,228.35,227.24,228.27,373,20,0
1760734800,228.30,229.27,228.30,229.05,485,22,0
1760738400,229.06,229.75,229.04,229.13,666,21,0
1760976000,228.44,228.96,227.05,228.03,371,24,0
1760979600,228.04,228.29,226.53,226.66,586,20,0
1760983200,226.66,227.90,226.30,227.73,451,20,0
1760986800,227.70,228.93,227.34,228.93,442,23,0
1760990400,228.94,229.58,228.85,229.57,446,20,0
1760994000,229.60,230.12,229.46,229.92,384,20,0
1760997600,229.90,230.35,229.17,229.96,703,20,0
1761062400,229.90,230.05,227.43,228.90,392,22,0
1761066000,228.88,229.93,228.62,229.68,457,23,0
1761069600,229.67,229.79,228.61,229.24,449,20,0
1761073200,229.24,230.05,228.89,229.89,392,20,0
1761076800,229.89,230.10,229.17,229.28,351,20,0
1761080400,229.28,229.89,229.06,229.24,305,23,0
1761084000,229.23,229.55,228.41,228.90,567,20,0
1761148800,225.08,225.08,219.11,223.62,669,30,0
1761152400,223.62,226.29,222.41,225.76,909,22,0
1761156000,225.73,227.72,225.52,227.14,640,22,0
1761159600,227.06,227.09,226.19,227.00,517,24,0
1761163200,227.00,227.00,225.63,226.50,495,20,0
1761166800,226.50,227.39,225.91,226.40,485,21,0
1761170400,226.39,227.05,225.65,227.05,828,20,0
1761235200,225.76,225.78,221.04,221.56,716,23,0
1761238800,221.54,221.91,218.81,218.81,1033,21,0
1761242400,218.81,218.95,215.96,216.25,756,22,0
1761246000,216.12,218.33,215.77,218.04,731,21,0
1761249600,218.04,219.15,217.31,219.11,582,20,0
1761253200,219.11,220.41,218.94,219.20,631,20,0
1761256800,219.20,220.16,218.80,219.89,872,20,0
1761321600,219.70,219.86,216.94,217.14,478,23,0
1761325200,217.14,218.45,216.03,216.28,701,20,0
1761328800,216.30,216.46,215.50,215.94,519,20,0
1761332400,215.97,217.34,215.80,216.80,536,20,0
1761336000,216.75,217.39,216.28,217.03,414,20,0
1761339600,216.97,216.99,215.96,216.61,507,20,0
1761343200,216.61,217.67,215.72,217.63,739,20,0
1761577200,217.21,217.37,215.42,215.78,394,20,0
1761580800,215.80,218.81,215.80,218.81,581,21,0
1761584400,218.73,219.55,217.91,219.34,600,20,0
1761588000,219.37,220.43,219.37,219.98,463,20,0
1761591600,219.98,220.37,219.80,220.23,390,20,0
1761595200,220.24,220.77,220.14,220.46,344,20,0
1761598800,220.46,221.50,220.35,220.52,610,20,0
1761663600,218.60,219.34,218.22,219.03,296,28,0
1761667200,219.05,220.76,219.05,220.75,594,22,0
1761670800,220.75,221.33,220.50,221.12,389,21,0
1761674400,221.12,222.57,221.09,221.66,555,21,0
1761678000,221.69,221.99,220.10,220.23,441,21,0
1761681600,220.33,220.92,220.33,220.78,334,21,0
1761685200,220.78,221.07,219.62,219.84,695,20,0
1761750000,220.36,221.22,214.52,214.61,532,20,0
1761753600,214.48,217.05,213.68,215.51,741,21,0
1761757200,215.51,215.54,213.65,214.01,546,21,0
1761760800,214.00,214.91,213.13,213.17,443,20,0
1761764400,213.17,213.33,212.08,212.36,484,20,0
1761768000,212.38,213.97,211.98,213.86,656,20,0
1761771600,213.81,214.82,213.20,214.81,731,20,0
1761836400,215.07,215.71,213.68,214.83,444,23,0
1761840000,214.81,215.50,212.29,212.71,787,20,0
1761843600,212.78,213.22,212.25,212.74,496,21,0
1761847200,212.75,213.00,211.65,212.53,432,20,0
1761850800,212.53,212.53,211.20,211.33,355,21,0
1761854400,211.33,211.46,210.25,210.79,382,20,0
1761858000,210.78,211.59,209.55,210.57,719,20,0
1761922800,209.39,210.28,207.58,210.28,391,21,0
1761926400,210.27,211.18,209.33,210.60,588,20,0
1761930000,210.60,211.70,210.40,211.49,474,21,0
1761933600,211.47,211.47,209.21,209.77,616,22,0
1761937200,209.76,210.08,208.60,208.82,470,20,0
1761940800,208.78,209.64,208.51,209.40,387,20,0
1761944400,209.40,210.09,209.15,209.94,543,20,0
1762185600,208.80,209.06,204.53,204.66,412,21,0
1762189200,204.69,206.00,203.96,205.02,700,20,0
1762192800,205.02,205.13,203.73,204.25,571,21,0
1762196400,204.35,204.98,204.03,204.89,388,20,0
1762200000,204.89,205.97,204.32,204.57,460,20,0
1762203600,204.59,204.63,203.10,203.26,546,20,0
1762207200,203.25,203.84,202.60,203.15,864,20,0
1762272000,203.81,205.78,203.42,204.95,393,23,0
1762275600,204.93,205.63,204.27,205.08,508,20,0
1762279200,205.08,205.74,204.75,204.99,497,21,0
1762282800,204.99,205.54,204.63,205.29,363,22,0
1762286400,205.25,206.00,204.71,205.04,457,21,0
1762290000,205.05,205.79,204.63,205.62,453,20,0
1762293600,205.62,206.72,205.44,206.19,722,20,0
1762358400,205.73,206.92,205.14,205.65,394,27,0
1762362000,205.63,206.23,204.07,204.66,520,21,0
1762365600,204.67,204.76,204.10,204.66,301,22,0
1762369200,204.60,205.01,204.32,204.42,293,20,0
1762372800,204.42,204.54,203.96,204.19,329,20,0
1762376400,204.26,204.80,204.26,204.80,365,21,0
1762380000,204.80,205.07,204.45,204.60,547,20,0
1762444800,202.05,202.94,201.22,201.51,593,20,0
1762448400,201.53,202.16,199.36,202.12,890,21,0
1762452000,202.11,202.63,201.27,201.35,531,20,0
1762455600,201.22,201.44,200.45,201.01,591,20,0
1762459200,201.01,201.72,200.34,201.72,398,20,0
1762462800,201.72,202.01,201.40,201.47,403,20,0
1762466400,201.47,201.53,200.21,200.90,610,20,0
1762531200,202.36,205.63,201.61,204.69,480,24,0
1762534800,204.83,206.40,204.76,206.35,931,20,0
1762538400,206.32,207.74,206.23,207.45,703,20,0
1762542000,207.45,208.43,206.22,206.22,692,20,0
1762545600,206.21,206.94,205.29,206.62,632,20,0
1762549200,206.65,206.82,205.82,206.32,519,20,0
1762552800,206.32,207.24,206.19,206.88,694,20,0
1762790400,205.89,207.02,205.45,206.20,466,28,0
1762794000,206.10,206.10,204.71,205.79,674,20,0
1762797600,205.79,205.98,204.35,204.78,553,21,0
1762801200,204.78,205.41,204.55,205.00,358,20,0
1762804800,205.00,205.76,204.85,205.67,366,20,0
1762808400,205.67,206.09,205.35,205.67,252,21,0
1762812000,205.68,206.76,205.51,205.77,547,20,0
1762876800,208.27,209.35,207.34,209.03,469,20,0
1762880400,209.03,211.66,208.84,211.07,798,22,0
1762884000,211.07,211.86,210.90,211.86,585,20,0
1762887600,211.87,212.01,211.43,211.79,324,20,0
1762891200,211.79,211.95,210.81,210.99,358,20,0
1762894800,210.99,211.91,210.86,211.84,435,20,0
1762898400,211.85,212.04,211.67,211.91,510,20,0
1762963200,211.64,213.61,210.53,213.44,450,23,0
1762966800,213.45,214.42,212.04,214.38,545,22,0
1762970400,214.38,214.51,213.71,213.98,383,21,0
1762974000,213.98,214.45,213.89,214.01,252,20,0
1762977600,214.01,214.50,213.65,214.13,302,20,0
1762981200,214.13,214.28,213.75,214.11,241,20,0
1762984800,214.15,214.17,212.01,212.57,551,20,0
1763049600,211.73,214.91,211.49,214.79,488,24,0
1763053200,214.79,216.08,214.23,215.55,842,21,0
1763056800,215.48,216.65,215.39,216.19,693,22,0
1763060400,216.19,216.25,213.90,214.04,466,20,0
1763064000,214.05,215.69,213.96,215.37,510,20,0
1763067600,215.37,215.70,214.81,214.95,426,20,0
1763071200,214.95,215.50,214.23,214.47,715,20,0
1763136000,216.99,217.76,214.35,214.92,676,24,0
1763139600,214.90,216.47,214.68,215.71,771,21,0
1763143200,215.65,216.43,215.62,215.65,512,20,0
1763146800,215.65,216.25,215.54,216.23,327,20,0
1763150400,216.23,216.93,215.93,216.82,360,22,0
1763154000,216.82,217.21,216.19,216.49,376,21,0
1763157600,216.48,216.61,215.76,215.95,651,20,0
1763395200,215.86,217.05,215.27,216.33,352,21,0
1763398800,216.29,217.51,215.91,217.09,498,21,0
1763402400,217.14,218.09,216.76,217.96,477,20,0
1763406000,217.96,218.13,217.60,217.74,297,21,0
1763409600,217.76,217.97,217.41,217.72,315,20,0
1763413200,217.76,217.79,216.82,216.97,315,20,0
1763416800,216.97,217.22,214.92,215.74,679,20,0
1763481600,216.18,216.77,214.99,215.56,524,21,0
1763485200,215.66,216.52,214.53,214.78,803,24,0
1763488800,214.77,214.77,211.98,213.49,567,23,0
1763492400,213.46,214.07,212.63,213.99,449,23,0
1763496000,213.99,214.54,213.85,214.15,368,21,0
1763499600,214.18,214.36,213.57,213.71,525,20,0
1763503200,213.71,213.71,212.67,212.93,648,20,0
1763568000,212.20,212.99,210.46,211.27,414,27,0
1763571600,211.28,212.01,211.02,211.10,528,25,0
1763575200,211.05,211.32,210.18,210.66,502,20,0
1763578800,210.73,211.82,210.59,211.58,509,20,0
1763582400,211.57,211.89,211.33,211.69,339,22,0
1763586000,211.67,211.74,210.02,210.75,505,22,0
1763589600,210.75,211.78,210.75,211.11,776,20,0
1763654400,211.51,211.95,210.55,211.16,355,23,0
1763658000,211.16,211.90,210.93,211.90,466,26,0
1763661600,211.90,212.18,211.07,211.12,514,21,0
1763665200,211.15,211.29,210.13,210.40,625,22,0
1763668800,210.42,210.96,209.77,209.96,442,23,0
1763672400,209.86,210.82,209.79,210.81,387,25,0
1763676000,210.82,211.59,210.16,210.37,668,20,0
1763740800,208.06,209.34,206.60,207.86,532,22,0
1763744400,207.92,211.22,207.49,209.32,1023,21,0
1763748000,209.28,209.60,208.46,209.04,620,23,0
1763751600,209.02,209.32,208.32,208.91,580,20,0
1763755200,208.89,209.11,208.58,208.78,424,20,0
1763758800,208.74,209.47,208.64,208.98,517,22,0
1763762400,208.98,209.63,208.70,209.30,798,20,0
1764000000,208.62,209.05,206.32,206.32,418,21,0
1764003600,206.31,207.52,206.27,207.26,774,21,0
1764007200,207.25,207.25,205.79,205.88,492,21,0
1764010800,205.88,206.24,205.61,206.24,507,20,0
1764014400,206.24,207.45,206.07,207.40,398,20,0
1764018000,207.42,207.73,207.01,207.18,422,20,0
1764021600,207.18,207.35,205.47,207.21,811,20,0
1764086400,207.56,209.59,207.52,207.86,486,26,0
1764090000,207.78,207.95,207.03,207.60,648,21,0
1764093600,207.59,208.04,206.88,207.27,413,21,0
1764097200,207.27,208.14,206.89,207.49,404,22,0
1764100800,207.52,207.59,206.35,206.99,388,23,0
1764104400,206.92,207.58,206.70,207.11,326,20,0
1764108000,207.11,207.56,206.52,206.78,572,20,0
1764172800,205.47,206.38,205.41,206.23,411,24,0
1764176400,206.19,206.77,205.27,205.27,507,22,0
1764180000,205.27,206.84,205.21,206.84,409,22,0
1764183600,206.84,207.26,206.72,207.19,290,20,0
1764187200,207.18,207.19,206.75,206.86,299,21,0
1764190800,206.88,207.09,206.26,206.32,367,20,0
1764194400,206.32,206.95,206.06,206.58,558,20,0
1764345600,206.42,207.21,206.10,207.06,204,22,0
1764349200,207.06,208.25,206.99,208.00,381,21,0
1764352800,207.99,208.83,207.99,208.83,348,21,0
1764356400,208.83,209.01,208.36,208.92,542,20,0
1764604800,209.12,209.12,207.18,207.58,264,20,0
1764608400,207.57,207.58,206.01,206.21,399,21,0
1764612000,206.28,206.28,205.43,205.71,287,22,0
1764615600,205.71,206.31,205.50,206.28,203,20,0
1764619200,206.28,207.38,206.21,207.14,259,22,0
1764622800,207.13,207.32,206.57,206.93,308,20,0
1764626400,206.93,207.04,206.04,206.50,498,20,0
1764691200,207.53,207.96,205.94,205.94,269,26,0
1764694800,205.93,208.10,205.73,208.05,355,22,0
1764698400,208.06,208.76,207.91,208.13,401,21,0
1764702000,208.15,208.72,208.15,208.22,289,23,0
1764705600,208.22,208.97,208.11,208.50,264,20,0
1764709200,208.50,209.13,208.38,209.02,296,21,0
1764712800,209.02,210.37,208.98,210.02,451,20,0
1764777600,209.50,211.68,209.30,209.55,411,25,0
1764781200,209.55,209.68,207.11,208.21,688,24,0
1764784800,208.19,208.84,208.09,208.33,301,21,0
1764788400,208.33,208.71,208.19,208.64,250,23,0
1764792000,208.64,209.10,208.50,208.86,277,21,0
1764795600,208.86,209.25,208.68,208.75,278,21,0
1764799200,208.71,208.82,208.15,208.39,516,20,0
1764864000,209.26,209.62,208.28,209.30,333,21,0
1764867600,209.30,209.30,207.44,207.86,478,20,0
1764871200,207.80,207.82,206.59,207.59,499,20,0
1764874800,207.53,207.72,206.96,207.50,331,21,0
1764878400,207.50,208.39,207.45,208.27,254,20,0
1764882000,208.27,208.39,207.51,207.72,313,21,0
1764885600,207.72,208.63,207.61,207.91,679,20,0
1764950400,207.56,209.98,207.54,209.83,262,21,0
1764954000,209.84,210.97,209.81,210.26,513,20,0
1764957600,210.26,211.11,209.92,210.70,499,20,0
1764961200,210.70,211.38,209.91,209.92,403,20,0
1764964800,209.92,210.26,209.60,210.18,306,21,0
1764968400,210.18,210.22,209.88,209.97,236,21,0
1764972000,209.98,210.31,208.62,209.49,459,20,0
1765209600,208.46,209.34,206.43,207.50,386,21,0
1765213200,207.47,207.52,204.05,205.17,630,20,0
1765216800,205.08,205.42,204.42,205.07,474,20,0
1765220400,205.06,205.81,204.29,204.97,469,20,0
1765224000,204.98,205.19,203.93,204.21,366,20,0
1765227600,204.21,204.76,204.09,204.76,370,21,0
1765231200,204.77,204.79,203.70,204.36,610,20,0
1765296000,205.57,205.75,199.71,200.64,642,24,0
1765299600,200.65,202.12,199.03,200.21,802,22,0
1765303200,200.17,201.79,200.10,200.99,479,20,0
1765306800,200.99,201.14,200.04,200.23,428,20,0
1765310400,200.22,200.77,200.13,200.75,420,20,0
1765314000,200.76,201.72,200.28,201.50,453,20,0
1765317600,201.50,201.50,200.54,201.21,529,20,0
1765382400,202.22,202.56,199.09,199.75,394,25,0
1765386000,199.73,200.33,198.35,198.41,631,20,0
1765389600,198.45,198.76,197.35,198.12,560,20,0
1765393200,198.12,198.18,196.75,197.19,581,20,0
1765396800,197.24,197.50,195.59,195.70,604,20,0
1765400400,195.70,196.23,194.79,195.08,890,20,0
1765404000,195.07,196.18,194.80,195.16,832,20,0
1765468800,196.42,197.59,195.41,196.58,447,22,0
1765472400,196.58,196.67,194.67,195.61,846,20,0
1765476000,195.63,195.63,194.70,195.17,495,20,0
1765479600,195.17,195.64,195.03,195.15,437,21,0
1765483200,195.15,195.46,194.51,194.80,339,20,0
1765486800,194.80,195.03,194.56,194.91,351,21,0
1765490400,194.88,195.43,194.68,195.18,572,20,0
1765555200,194.24,197.76,194.24,196.17,426,22,0
1765558800,196.17,196.80,194.77,195.34,552,21,0
1765562400,195.34,196.54,195.16,195.93,651,20,0
1765566000,195.93,195.99,194.65,195.09,384,21,0
1765569600,195.10,195.10,194.65,194.72,298,20,0
1765573200,194.72,195.05,194.42,194.63,357,21,0
1765576800,194.64,195.20,194.44,195.01,578,20,0
1765814400,195.83,196.38,194.17,195.39,488,20,0
1765818000,195.38,197.77,194.51,197.36,731,20,0
1765821600,197.37,197.82,196.30,196.94,581,20,0
1765825200,196.94,197.54,196.72,197.01,459,20,0
1765828800,197.01,197.32,196.70,197.12,456,20,0
1765832400,197.16,197.55,197.03,197.44,367,20,0
1765836000,197.44,197.48,195.53,196.00,722,20,0
1765900800,197.06,199.05,196.50,198.66,344,20,0
1765904400,198.71,198.77,197.50,198.44,569,22,0
1765908000,198.40,199.30,197.95,199.20,453,20,0
1765911600,199.20,199.45,198.45,198.45,385,20,0
1765915200,198.45,199.52,198.31,199.22,419,20,0
1765918800,199.21,199.27,198.43,198.71,346,20,0
1765922400,198.69,198.79,197.73,197.86,429,20,0
1765987200,198.53,200.88,197.85,200.88,392,21,0
1765990800,200.83,200.97,200.07,200.18,588,20,0
1765994400,200.09,201.14,199.74,200.67,463,22,0
1765998000,200.67,200.69,198.90,199.05,401,21,0
1766001600,199.12,199.71,198.49,199.68,338,21,0
1766005200,199.68,200.33,199.64,199.68,315,21,0
1766008800,199.68,199.91,199.18,199.26,488,20,0
1766073600,199.50,201.73,199.40,201.24,471,21,0
1766077200,201.29,202.18,200.81,200.90,694,20,0
1766080800,200.83,202.18,200.59,200.81,485,20,0
1766084400,200.87,200.96,200.11,200.84,394,20,0
1766088000,200.88,201.18,200.61,201.02,288,20,0
1766091600,201.03,201.03,200.33,200.47,390,20,0
1766095200,200.47,200.61,199.94,200.14,527,20,0
1766160000,200.53,200.95,199.00,199.83,518,25,0
1766163600,199.83,200.01,198.45,198.45,701,20,0
1766167200,198.45,199.13,198.27,198.59,492,20,0
1766170800,198.64,199.88,198.56,198.62,428,20,0
1766174400,198.62,198.86,197.98,198.08,290,20,0
1766178000,198.08,198.37,196.46,196.93,424,20,0
1766181600,196.93,198.04,196.05,196.66,679,20,0
1766419200,195.71,196.38,194.56,196.36,512,23,0
1766422800,196.40,197.06,195.93,196.13,535,20,0
1766426400,196.13,196.47,195.39,195.64,513,20,0
1766430000,195.62,195.70,195.05,195.16,377,20,0
1766433600,195.16,195.33,194.81,195.27,392,20,0
1766437200,195.27,195.64,194.83,195.32,469,20,0
1766440800,195.32,195.87,195.17,195.66,482,20,0
1766505600,195.74,197.00,195.64,196.95,233,24,0
1766509200,196.95,196.97,196.06,196.90,336,20,0
1766512800,196.90,196.90,196.21,196.46,290,20,0
1766516400,196.48,197.21,196.24,197.11,254,20,0
1766520000,197.11,197.82,196.91,197.10,263,20,0
1766523600,197.10,197.43,196.77,196.82,199,20,0
1766527200,196.82,197.58,196.58,197.55,339,20,0
1766592000,197.45,198.80,197.25,198.27,183,26,0
1766595600,198.27,198.58,198.00,198.50,297,24,0
1766599200,198.61,198.95,198.29,198.54,259,20,0
1766602800,198.54,199.02,198.35,198.81,379,21,0
1766764800,198.86,199.93,198.71,199.66,169,20,0
1766768400,199.66,200.46,199.59,200.04,266,20,0
1766772000,200.04,200.22,199.73,199.95,228,21,0
1766775600,199.95,200.00,199.74,199.86,171,21,0
1766779200,199.82,199.98,199.78,199.91,185,21,0
1766782800,199.91,200.43,199.80,200.41,162,20,0
1766786400,200.41,200.92,200.17,200.91,428,20,0
1767024000,201.47,203.17,201.17,203.04,309,24,0
1767027600,202.99,203.55,202.87,203.43,457,20,0
1767031200,203.44,203.59,202.81,203.31,393,21,0
1767034800,203.31,203.67,203.28,203.43,377,20,0
1767038400,203.43,204.06,203.30,203.63,330,20,0
1767042000,203.63,204.00,203.44,203.96,369,20,0
1767045600,203.96,203.96,202.53,203.10,576,20,0
1767110400,202.10,203.10,201.70,203.05,250,24,0
1767114000,203.04,203.45,202.78,202.78,390,21,0
1767117600,202.77,203.42,202.77,203.18,332,21,0
1767121200,203.14,203.82,203.07,203.72,267,20,0
1767124800,203.72,204.08,203.55,203.69,309,21,0
1767128400,203.69,204.09,203.57,203.69,286,21,0
1767132000,203.69,204.08,203.57,203.65,589,20,0
1767196800,202.61,204.06,202.61,203.62,195,25,0
1767200400,203.62,203.76,203.07,203.22,364,22,0
1767204000,203.22,203.37,203.05,203.10,276,20,0
1767207600,203.10,203.34,202.96,203.34,183,20,0
1767211200,203.35,203.63,203.17,203.62,240,20,0
1767214800,203.64,203.79,203.44,203.66,232,20,0
1767218400,203.66,203.66,202.78,202.86,378,20,0
1767369600,202.35,202.35,199.68,200.94,329,28,0
1767373200,200.93,201.38,200.14,200.66,455,20,0
1767376800,200.66,200.84,200.28,200.50,388,20,0
1767380400,200.50,201.05,199.74,199.82,515,20,0
1767384000,199.82,200.10,199.66,200.10,552,20,0
1767387600,200.10,200.76,200.10,200.47,548,20,0
1767391200,200.44,200.49,198.90,199.44,792,20,0
1767628800,199.01,200.72,199.01,199.81,373,27,0
1767632400,199.81,200.32,198.30,198.67,641,21,0
1767636000,198.74,200.47,198.52,199.89,502,20,0
1767639600,199.89,201.06,199.89,200.25,368,20,0
1767643200,200.26,200.72,199.92,200.66,288,20,0
1767646800,200.60,202.27,200.56,201.84,331,20,0
1767650400,201.90,202.20,200.40,200.70,508,20,0
1767715200,200.31,200.66,198.38,199.33,338,20,0
1767718800,199.33,200.13,198.47,198.97,506,22,0
1767722400,198.99,199.02,197.08,197.90,525,21,0
1767726000,197.85,198.62,197.24,198.55,320,23,0
1767729600,198.55,198.91,198.48,198.65,271,21,0
1767733200,198.69,198.96,198.53,198.53,243,20,0
1767736800,198.53,199.32,198.45,198.46,447,20,0
1767801600,198.66,199.55,197.93,197.93,322,24,0
1767805200,198.04,198.42,195.75,195.94,591,20,0
1767808800,195.94,197.91,195.49,197.65,495,20,0
1767812400,197.65,198.15,197.65,197.88,349,22,0
1767816000,197.88,197.95,196.96,197.06,395,20,0
1767819600,197.07,197.14,196.62,196.80,304,20,0
1767823200,196.87,197.35,196.62,197.16,460,20,0
1767888000,196.31,199.23,196.16,198.95,331,22,0
1767891600,198.95,199.38,198.59,198.78,403,23,0
1767895200,198.78,198.83,195.71,196.91,453,21,0
1767898800,196.91,197.29,195.94,197.24,412,20,0
1767902400,197.25,197.84,196.99,197.53,448,20,0
1767906000,197.55,197.78,196.96,197.56,479,20,0
1767909600,197.56,198.32,197.20,197.76,614,20,0
1767974400,196.33,199.17,196.26,198.47,264,24,0
1767978000,198.49,200.53,197.98,200.41,580,20,0
1767981600,200.43,201.54,200.15,201.13,450,21,0
1767985200,201.15,201.64,200.97,201.07,329,22,0
1767988800,201.06,201.87,200.50,201.58,334,20,0
1767992400,201.58,201.90,201.22,201.23,267,21,0
1767996000,201.22,201.50,199.96,200.43,538,20,0
1768233600,200.18,200.63,199.09,200.28,347,22,0
1768237200,200.35,200.43,199.15,200.17,669,21,0
1768240800,200.18,200.34,198.55,198.88,418,21,0
1768244400,198.88,198.89,198.24,198.58,339,21,0
1768248000,198.58,198.86,198.17,198.26,366,21,0
1768251600,198.26,198.56,196.93,197.37,431,21,0
1768255200,197.35,197.65,196.39,197.37,586,20,0
1768320000,196.81,196.96,194.33,194.57,329,20,0
1768323600,194.57,195.05,193.30,193.45,496,21,0
1768327200,193.45,193.47,189.97,190.45,648,20,0
1768330800,190.46,191.43,189.97,190.68,506,21,0
1768334400,190.56,190.68,189.84,190.14,405,21,0
1768338000,190.14,190.35,188.06,188.93,546,20,0
1768341600,188.92,189.69,188.02,189.53,616,20,0
1768406400,189.26,191.01,189.06,191.01,395,20,0
1768410000,191.01,191.91,190.07,191.57,629,20,0
1768413600,191.57,191.98,190.50,190.59,385,20,0
1768417200,190.58,191.02,190.42,190.63,346,20,0
1768420800,190.63,191.18,190.13,191.11,342,20,0
1768424400,191.18,191.77,190.01,190.74,326,20,0
1768428000,190.74,191.99,190.23,191.89,561,20,0
1768492800,192.22,192.22,188.99,190.04,415,21,0
1768496400,190.08,190.83,190.03,190.30,522,21,0
1768500000,190.26,191.46,189.92,191.44,414,20,0
1768503600,191.47,191.50,190.41,190.41,424,20,0
1768507200,190.38,191.34,190.19,190.78,412,20,0
1768510800,190.78,190.89,190.30,190.71,396,20,0
1768514400,190.65,190.83,190.04,190.49,543,20,0
1768579200,190.10,190.10,187.75,188.64,331,23,0
1768582800,188.61,188.86,187.36,187.49,577,20,0
1768586400,187.43,187.56,185.48,185.66,481,20,0
1768590000,185.61,186.43,185.06,185.34,513,20,0
1768593600,185.30,186.57,185.26,186.34,346,20,0
1768597200,186.28,186.59,185.87,185.87,327,21,0
1768600800,185.78,186.72,185.11,186.18,631,20,0
1768924800,185.11,185.68,183.93,185.21,440,20,0
1768928400,185.19,186.37,184.52,185.44,525,21,0
1768932000,185.44,185.68,184.74,185.55,407,20,0
1768935600,185.55,185.77,185.00,185.29,259,21,0
1768939200,185.28,185.41,184.90,184.92,305,21,0
1768942800,184.92,185.14,184.43,184.69,247,20,0
1768946400,184.69,184.69,183.26,183.44,522,20,0
1769011200,182.85,183.99,182.29,183.03,462,22,0
1769014800,183.03,183.26,181.89,182.23,561,20,0
1769018400,182.23,182.23,181.27,181.81,409,20,0
1769022000,181.80,182.23,181.62,181.64,320,20,0
1769025600,181.64,181.99,181.53,181.85,303,20,0
1769029200,181.86,184.26,181.74,183.98,511,20,0
1769032800,183.98,184.65,183.08,183.39,626,20,0
1769097600,184.15,184.67,183.75,184.36,319,22,0
1769101200,184.35,185.06,183.76,184.99,428,20,0
1769104800,184.99,186.09,184.99,185.28,398,20,0
1769108400,185.25,185.54,185.16,185.46,285,21,0
1769112000,185.46,185.46,184.90,185.00,251,20,0
1769115600,185.00,185.33,184.55,184.69,268,20,0
1769119200,184.69,185.57,184.52,185.25,404,20,0
1769184000,184.43,185.16,184.01,184.91,288,22,0
1769187600,184.94,185.29,184.49,185.07,522,20,0
1769191200,185.06,186.77,185.02,186.07,574,20,0
1769194800,186.05,186.16,185.59,185.59,352,20,0
1769198400,185.59,185.95,185.37,185.47,386,21,0
1769202000,185.47,185.80,185.43,185.64,304,20,0
1769205600,185.63,186.11,185.44,185.85,491,20,0
1769443200,186.33,187.96,186.33,187.22,277,24,0
1769446800,187.22,188.13,187.12,187.68,446,21,0
1769450400,187.69,188.45,187.52,188.39,384,20,0
1769454000,188.39,188.69,187.75,188.40,365,20,0
1769457600,188.40,188.70,187.54,187.58,236,20,0
1769461200,187.58,188.00,187.49,187.71,268,20,0
1769464800,187.71,188.11,187.62,187.86,366,20,0
1769529600,187.13,187.39,184.62,185.00,369,20,0
1769533200,184.97,185.29,184.06,184.72,490,21,0
1769536800,184.74,185.19,183.74,183.79,421,20,0
1769540400,183.79,184.72,183.15,184.35,532,20,0
1769544000,184.35,184.63,183.98,184.42,434,21,0
1769547600,184.42,184.83,183.92,184.71,391,21,0
1769551200,184.71,185.03,184.09,184.36,601,20,0
1769616000,184.74,186.70,184.46,186.40,374,22,0
1769619600,186.40,186.72,185.49,186.62,460,21,0
1769623200,186.63,186.66,186.12,186.34,367,20,0
1769626800,186.36,186.64,186.12,186.13,289,21,0
1769630400,186.13,187.46,186.03,187.42,295,20,0
1769634000,187.53,187.98,186.29,186.29,526,20,0
1769637600,186.29,186.71,185.97,186.15,450,21,0
1769702400,186.35,188.70,186.20,186.94,271,21,0
1769706000,186.94,189.56,186.63,189.48,514,22,0
1769709600,189.48,189.85,187.92,188.24,436,20,0
1769713200,188.24,188.52,187.26,187.28,363,20,0
1769716800,187.28,188.10,187.00,187.50,404,20,0
1769720400,187.50,188.77,186.97,188.59,445,20,0
1769724000,188.66,189.22,188.40,189.14,627,20,0
1769788800,193.08,195.68,193.08,194.94,594,20,0
1769792400,194.94,196.63,194.37,195.89,885,20,0
1769796000,195.88,196.12,194.24,195.96,670,21,0
1769799600,195.96,196.27,194.49,195.07,641,20,0
1769803200,195.05,196.52,194.91,196.52,605,23,0
1769806800,196.56,196.88,195.97,196.02,596,20,0
1769810400,196.01,197.17,195.83,197.06,775,20,0
1770048000,196.48,199.17,196.32,197.24,441,20,0
1770051600,197.26,197.63,194.62,194.79,764,20,0
1770055200,194.89,196.36,194.89,196.19,404,20,0
1770058800,196.19,196.50,195.34,195.43,392,20,0
1770062400,195.43,195.70,194.53,194.57,316,21,0
1770066000,194.57,194.73,193.92,194.56,506,20,0
1770069600,194.56,195.60,194.45,194.82,579,21,0
1770134400,194.03,197.80,194.03,197.50,431,25,0
1770138000,197.50,198.66,197.19,198.25,762,22,0
1770141600,198.26,198.54,197.32,197.88,574,20,0
1770145200,197.88,198.24,197.41,197.94,503,21,0
1770148800,197.88,198.92,197.80,198.54,520,22,0
1770152400,198.55,199.37,198.18,198.43,547,20,0
1770156000,198.35,198.53,197.18,197.63,613,20,0
1770220800,201.60,202.60,198.69,200.62,461,22,0
1770224400,200.54,202.72,200.54,202.07,808,20,0
1770228000,202.07,202.41,201.38,201.62,571,20,0
1770231600,201.61,202.97,200.92,202.14,669,21,0
1770235200,202.14,202.35,201.43,202.11,485,20,0
1770238800,202.11,202.79,201.63,202.78,527,20,0
1770242400,202.79,202.81,201.49,201.69,779,20,0
1770307200,202.21,204.50,201.72,203.04,439,20,0
1770310800,203.14,204.64,202.54,202.75,848,20,0
1770314400,202.75,202.99,199.66,200.26,659,21,0
1770318000,200.26,201.05,199.60,199.93,575,20,0
1770321600,199.99,200.70,199.92,200.32,486,20,0
1770325200,200.31,201.82,200.31,201.35,546,20,0
1770328800,201.35,201.87,201.19,201.72,736,20,0
1770393600,200.94,201.47,199.18,199.74,291,29,0
1770397200,199.74,200.41,199.24,199.24,431,22,0
1770400800,199.17,199.30,196.73,197.59,485,20,0
1770404400,197.62,197.93,196.85,197.00,361,21,0
1770408000,197.00,198.28,196.99,197.80,319,20,0
1770411600,197.79,198.40,197.68,198.20,308,20,0
1770415200,198.17,198.57,197.03,197.22,597,21,0
1770652800,196.86,197.01,194.98,195.85,483,20,0
1770656400,195.80,197.29,195.34,197.26,558,21,0
1770660000,197.27,197.38,196.84,197.19,344,20,0
1770663600,197.19,197.86,197.15,197.47,327,23,0
1770667200,197.47,198.10,196.95,197.31,304,21,0
1770670800,197.31,197.45,196.90,197.25,279,20,0
1770674400,197.28,197.86,196.99,197.51,522,20,0
1770739200,196.39,197.80,196.10,197.52,368,26,0
1770742800,197.50,197.96,196.95,197.59,636,21,0
1770746400,197.67,198.33,197.38,197.56,409,21,0
1770750000,197.56,197.69,197.19,197.45,329,22,0
1770753600,197.45,198.62,196.30,198.59,595,20,0
1770757200,198.68,199.11,198.35,198.81,401,20,0
1770760800,198.81,199.55,198.75,199.42,607,20,0
1770825600,190.58,199.53,188.26,199.23,768,20,0
1770829200,199.22,205.53,198.26,204.92,1200,20,0
1770832800,204.91,205.50,202.93,203.06,662,23,0
1770836400,203.06,203.54,201.24,203.51,551,20,0
1770840000,203.55,205.01,202.56,202.56,564,20,0
1770843600,202.56,205.36,201.62,205.18,575,21,0
1770847200,205.24,210.26,205.21,209.40,1020,20,0
1770912000,212.56,220.70,212.56,217.47,705,20,0
1770915600,217.46,218.90,215.25,217.53,1153,20,0
1770919200,217.64,220.32,217.17,220.17,961,20,0
1770922800,220.19,220.34,217.45,217.52,747,20,0
1770926400,217.57,220.52,217.16,218.94,797,22,0
1770930000,218.98,219.20,218.24,219.09,526,21,0
1770933600,219.07,219.17,214.49,214.60,914,20,0
1770998400,217.12,219.35,215.59,216.05,572,20,0
1771002000,216.10,218.36,214.47,216.77,761,20,0
1771005600,216.78,217.01,215.55,215.94,569,20,0
1771009200,215.94,216.61,215.15,216.30,465,20,0
1771012800,216.30,217.62,216.10,217.47,543,20,0
1771016400,217.47,218.59,217.32,218.38,555,20,0
1771020000,218.38,219.43,217.73,219.40,625,20,0
1771344000,220.62,224.11,220.62,223.35,470,24,0
1771347600,223.44,223.44,219.02,219.84,711,20,0
1771351200,219.84,222.15,219.73,221.10,543,21,0
1771354800,221.00,222.18,220.51,220.94,484,21,0
1771358400,220.93,222.22,220.77,221.33,450,22,0
1771362000,221.32,221.51,219.92,219.98,432,21,0
1771365600,220.09,220.35,219.21,219.53,553,20,0
1771430400,219.46,220.22,218.04,218.48,413,22,0
1771434000,218.52,219.05,214.73,214.96,711,20,0
1771437600,214.96,215.37,213.93,214.78,520,22,0
1771441200,214.78,215.34,214.35,214.35,381,20,0
1771444800,214.35,214.70,213.41,213.62,384,20,0
1771448400,213.62,214.15,213.12,214.11,468,20,0
1771452000,214.15,214.15,212.83,213.07,609,20,0
1771516800,215.62,218.38,215.52,217.26,404,23,0
1771520400,217.32,218.00,216.51,216.56,448,20,0
1771524000,216.56,216.67,215.24,215.96,381,20,0
1771527600,215.96,216.25,215.71,215.73,319,21,0
1771531200,215.73,215.76,214.86,214.94,341,20,0
1771534800,214.99,215.22,213.79,214.10,358,20,0
1771538400,214.10,215.21,213.51,215.16,538,20,0
1771603200,214.55,215.71,213.98,214.21,361,26,0
1771606800,214.12,214.14,212.35,212.90,600,20,0
1771610400,212.92,213.92,211.90,213.85,497,23,0
1771614000,213.87,214.05,212.44,213.74,404,20,0
1771617600,213.74,214.06,213.43,213.65,413,20,0
1771621200,213.75,214.68,213.54,214.68,306,20,0
1771624800,214.68,215.39,214.50,215.27,447,20,0
1771862400,217.17,219.55,217.03,219.52,371,20,0
1771866000,219.46,220.82,219.24,220.25,576,20,0
1771869600,220.25,220.28,219.61,220.25,403,20,0
1771873200,220.25,220.47,219.24,219.65,366,20,0
1771876800,219.65,219.86,218.90,219.29,344,20,0
1771880400,219.35,219.38,217.29,218.95,396,21,0
1771884000,219.00,220.10,219.00,219.83,535,20,0
1771948800,220.51,224.46,220.51,222.22,458,29,0
1771952400,222.12,222.56,220.16,221.71,664,21,0
1771956000,221.71,222.41,221.62,222.16,502,20,0
1771959600,222.15,223.38,221.83,222.00,561,20,0
1771963200,222.00,222.31,221.60,222.01,388,21,0
1771966800,222.01,222.49,221.66,222.49,362,20,0
1771970400,222.49,222.83,221.84,221.84,460,20,0
1772035200,221.14,223.41,220.72,220.87,369,20,0
1772038800,220.87,221.17,219.76,220.23,404,20,0
1772042400,220.23,220.44,218.87,219.34,334,20,0
1772046000,219.34,219.34,218.37,218.81,392,20,0
1772049600,218.81,219.31,218.00,218.33,308,20,0
1772053200,218.33,218.86,218.03,218.34,330,20,0
1772056800,218.33,218.99,218.01,218.46,461,20,0
1772121600,217.81,218.23,216.05,216.77,338,23,0
1772125200,216.72,216.72,213.19,213.27,619,20,0
1772128800,213.28,214.19,212.09,213.80,520,20,0
1772132400,213.80,213.83,213.28,213.60,329,22,0
1772136000,213.60,214.08,213.07,213.98,351,20,0
1772139600,213.98,214.07,213.23,213.56,372,21,0
1772143200,213.58,213.96,212.56,212.99,514,20,0
1772208000,212.57,216.97,212.57,215.01,440,30,0
1772211600,215.01,215.26,213.51,215.05,517,22,0
1772215200,215.05,216.01,215.05,215.78,355,21,0
1772218800,215.78,216.39,215.77,216.00,276,21,0
1772222400,216.00,216.37,215.46,215.74,275,23,0
1772226000,215.74,216.74,215.60,216.63,351,20,0
1772229600,216.64,217.22,215.68,217.01,461,20,0
1772467200,216.26,218.88,215.87,217.44,378,21,0
1772470800,217.39,217.39,215.01,215.22,547,20,0
1772474400,215.22,215.77,213.60,214.28,432,20,0
1772478000,214.28,215.65,214.21,215.44,303,21,0
1772481600,215.44,215.72,215.19,215.32,270,21,0
1772485200,215.32,215.84,214.46,214.91,400,20,0
1772488800,214.91,216.31,214.14,215.95,536,20,0
1772553600,214.46,216.24,214.13,214.88,404,20,0
1772557200,214.93,217.29,214.93,215.60,683,20,0
1772560800,215.62,216.71,215.54,215.92,548,20,0
1772564400,215.93,216.34,215.74,216.03,362,22,0
1772568000,216.02,217.26,215.66,217.22,398,21,0
1772571600,217.23,219.43,217.06,218.57,465,20,0
1772575200,218.63,219.24,217.95,218.42,548,22,0
1772640000,217.26,218.98,217.26,218.45,252,24,0
1772643600,218.45,220.17,217.33,220.17,454,20,0
1772647200,220.16,221.17,220.16,221.11,459,20,0
1772650800,221.10,221.10,219.89,220.36,320,20,0
1772654400,220.36,221.94,220.31,220.79,307,21,0
1772658000,220.78,221.08,219.95,220.00,261,20,0
1772661600,220.00,220.77,219.56,219.57,435,20,0
1772726400,217.88,219.31,216.85,217.91,346,20,0
1772730000,218.04,220.18,217.67,220.16,596,20,0
1772733600,220.16,221.40,219.86,221.01,412,20,0
1772737200,221.05,221.54,220.41,221.44,369,20,0
1772740800,221.44,221.59,220.39,220.60,348,20,0
1772744400,220.60,220.71,219.92,220.14,337,20,0
1772748000,220.14,220.56,219.77,220.41,457,21,0
1772812800,220.08,220.88,217.83,218.36,378,20,0
1772816400,218.29,220.39,218.00,220.27,635,20,0
1772820000,220.28,221.21,220.19,220.59,493,21,0
1772823600,220.59,221.32,220.28,220.86,335,23,0
1772827200,220.86,221.66,220.78,221.13,350,20,0
1772830800,221.13,221.49,220.72,221.06,273,21,0
1772834400,221.06,221.73,220.71,221.44,476,20,0
1773068400,218.98,218.98,215.19,218.07,485,25,0
1773072000,218.02,219.00,215.97,218.94,623,21,0
1773075600,218.99,220.02,218.83,218.83,498,20,0
1773079200,218.83,219.74,218.43,219.33,352,20,0
1773082800,219.40,219.66,218.30,218.33,354,20,0
1773086400,218.32,219.17,218.32,218.99,320,20,0
1773090000,219.00,219.24,217.36,217.45,669,20,0
1773154800,216.77,218.75,216.28,216.65,476,27,0
1773158400,216.65,218.67,216.01,218.55,510,20,0
1773162000,218.57,218.73,217.90,218.50,355,20,0
1773165600,218.50,218.67,217.52,218.54,333,20,0
1773169200,218.54,218.81,218.27,218.36,300,20,0
1773172800,218.36,218.72,217.83,218.45,388,20,0
1773176400,218.48,219.03,217.66,218.66,508,20,0
1773241200,217.89,218.03,215.84,216.91,247,28,0
1773244800,216.97,217.10,212.06,214.78,635,22,0
1773248400,214.78,216.33,214.69,215.07,418,20,0
1773252000,215.07,215.92,214.34,215.12,317,20,0
1773255600,215.12,215.13,213.97,214.73,324,20,0
1773259200,214.73,215.14,214.41,214.50,355,21,0
1773262800,214.54,214.92,213.08,213.27,545,20,0
1773327600,213.72,213.72,211.06,212.56,373,25,0
1773331200,212.47,214.28,212.45,213.71,444,21,0
1773334800,213.71,214.72,212.89,214.45,433,24,0
1773338400,214.45,215.03,214.05,214.17,364,20,0
1773342000,214.17,214.59,213.52,214.12,320,21,0
1773345600,214.12,214.50,213.83,214.11,291,20,0
1773349200,214.10,214.43,213.54,214.25,465,20,0
1773414000,213.85,215.56,213.85,215.09,355,20,0
1773417600,215.09,216.10,214.70,216.03,380,21,0
1773421200,216.00,216.13,215.50,215.70,349,22,0
1773424800,215.70,217.12,215.46,216.80,362,20,0
1773428400,216.80,217.14,216.52,217.11,320,20,0
1773432000,217.11,217.51,216.73,217.22,347,20,0
1773435600,217.22,217.44,216.77,217.30,496,21,0
1773673200,216.80,216.80,211.10,211.10,372,21,0
1773676800,211.05,212.06,209.24,211.98,680,20,0
1773680400,212.01,212.70,211.45,212.02,359,21,0
1773684000,212.10,212.91,211.51,212.27,345,20,0
1773687600,212.29,214.38,212.29,214.19,357,22,0
1773691200,214.19,214.51,213.92,214.18,279,20,0
1773694800,214.24,214.88,213.96,214.73,530,20,0
1773759600,215.43,216.63,214.42,216.59,280,21,0
1773763200,216.60,218.16,216.60,217.37,402,20,0
1773766800,217.37,217.50,216.80,217.13,292,20,0
1773770400,217.08,217.57,216.30,216.32,289,20,0
1773774000,216.32,216.85,215.56,215.64,283,20,0
1773777600,215.64,215.81,214.68,214.91,346,20,0
1773781200,214.94,215.05,213.15,213.25,435,20,0
1773846000,211.43,211.79,209.63,210.53,450,22,0
1773849600,210.52,210.94,208.08,208.74,592,20,0
1773853200,208.71,208.74,206.75,206.92,506,20,0
1773856800,206.85,207.40,206.43,206.75,434,20,0
1773860400,206.82,206.98,205.36,206.20,421,20,0
1773864000,206.20,207.61,206.00,207.55,467,20,0
1773867600,207.56,207.89,206.16,206.54,478,20,0
1773932400,208.53,209.97,207.75,209.00,417,23,0
1773936000,208.96,209.20,205.77,205.79,671,20,0
1773939600,205.79,207.06,202.90,203.17,770,20,0
1773943200,203.17,205.20,202.90,204.70,515,20,0
1773946800,204.76,205.50,204.53,205.34,408,23,0
1773950400,205.42,205.86,205.09,205.42,370,20,0
1773954000,205.42,206.74,205.38,206.49,550,20,0
1774018800,205.94,209.43,205.90,208.45,398,25,0
1774022400,208.46,208.53,206.70,207.75,523,21,0
1774026000,207.75,207.93,206.67,207.43,398,22,0
1774029600,207.43,208.58,207.33,208.58,312,20,0
1774033200,208.58,209.61,208.56,209.25,348,20,0
1774036800,209.25,209.41,208.00,208.34,403,21,0
1774040400,208.36,208.66,207.21,208.36,615,20,0
1774278000,207.97,208.24,205.67,208.07,355,24,0
1774281600,208.07,209.52,208.01,208.61,556,20,0
1774285200,208.61,209.11,207.81,208.21,442,22,0
1774288800,208.18,208.45,207.61,208.06,442,20,0
1774292400,208.06,208.87,207.80,208.86,357,20,0
1774296000,208.86,208.87,208.28,208.72,292,22,0
1774299600,208.72,209.10,208.03,208.67,475,20,0
1774364400,208.86,211.64,208.86,211.64,271,25,0
1774368000,211.49,212.48,211.15,212.24,523,20,0
1774371600,212.25,213.34,212.04,213.22,360,20,0
1774375200,213.22,213.42,212.53,212.59,299,22,0
1774378800,212.59,212.85,211.45,211.65,332,20,0
1774382400,211.65,212.11,211.26,211.77,305,21,0
1774386000,211.77,212.27,210.74,211.12,410,20,0
1774450800,211.68,212.37,210.04,211.10,366,20,0
1774454400,211.10,211.50,210.04,210.11,498,20,0
1774458000,210.21,211.15,210.12,210.89,439,20,0
1774461600,210.88,211.37,210.50,211.04,300,21,0
1774465200,211.04,211.13,210.65,210.76,284,21,0
1774468800,210.76,211.36,210.54,211.16,252,21,0
1774472400,211.17,211.72,210.94,211.19,364,20,0
1774537200,212.15,212.74,211.47,212.28,229,28,0
1774540800,212.28,212.60,211.10,212.03,506,20,0
1774544400,212.04,212.62,211.45,211.81,398,20,0
1774548000,211.81,213.29,211.81,213.14,394,21,0
1774551600,213.14,213.23,212.33,212.59,401,20,0
1774555200,212.60,213.01,211.51,211.77,374,20,0
1774558800,211.78,211.94,210.81,211.42,527,20,0
1774623600,212.13,213.84,210.99,213.07,445,20,0
1774627200,213.12,213.79,211.46,213.17,766,20,0
1774630800,213.17,213.78,212.36,212.69,567,21,0
1774634400,212.69,213.05,212.39,212.60,431,20,0
1774638000,212.54,213.05,212.02,212.94,461,20,0
1774641600,212.94,213.19,212.27,212.57,479,20,0
1774645200,212.57,212.58,210.54,210.71,533,20,0
1774886400,211.51,213.91,210.84,213.72,428,23,0
1774890000,213.58,214.43,212.99,214.15,575,20,0
1774893600,214.15,214.28,213.40,213.84,470,20,0
1774897200,213.83,215.85,213.70,215.79,377,21,0
1774900800,215.79,216.23,215.17,215.31,412,20,0
1774904400,215.31,215.58,214.30,214.40,389,21,0
1774908000,214.40,214.60,214.31,214.31,152,20,0
1774972800,213.92,214.30,210.90,211.06,309,21,0
1774976400,211.14,211.88,210.16,210.17,583,20,0
1774980000,210.03,210.55,209.24,210.49,459,22,0
1774983600,210.49,211.71,209.99,211.10,491,21,0
1774987200,211.10,211.11,209.10,209.14,508,20,0
1774990800,209.14,209.54,207.68,208.90,547,21,0
1774994400,208.90,210.07,208.62,209.84,754,20,0
1775059200,209.07,209.16,203.19,203.76,659,20,0
1775062800,203.75,205.52,201.68,202.96,996,20,0
1775066400,202.96,203.23,201.03,202.13,779,20,0
1775070000,202.13,205.10,202.13,203.64,610,20,0
1775073600,203.65,204.38,203.43,204.38,491,20,0
1775077200,204.38,204.98,203.79,204.66,572,20,0
1775080800,204.66,204.89,203.94,204.11,605,20,0
1775145600,205.48,205.51,198.71,199.56,549,22,0
1775149200,199.56,202.29,198.65,202.16,696,20,0
1775152800,202.16,203.13,201.83,202.05,571,21,0
1775156400,202.05,203.13,201.96,201.97,433,20,0
1775160000,201.97,202.02,201.14,201.34,419,21,0
1775163600,201.34,201.63,201.19,201.39,376,21,0
1775167200,201.41,201.47,200.38,201.28,634,20,0
1775491200,200.99,201.66,199.65,201.35,222,21,0
1775494800,201.38,202.05,199.68,199.73,428,22,0
1775498400,199.81,199.83,199.08,199.27,338,20,0
1775502000,199.27,199.30,198.66,198.89,243,20,0
1775505600,198.89,199.27,198.53,198.53,349,20,0
1775509200,198.53,198.71,197.93,198.11,331,20,0
1775512800,198.11,198.62,197.92,198.42,539,20,0
1775577600,197.71,199.22,197.22,199.22,257,21,0
1775581200,199.22,199.76,198.72,199.21,505,20,0
1775584800,199.22,201.14,199.01,200.80,431,21,0
1775588400,200.82,200.98,200.40,200.80,325,20,0
1775592000,200.80,201.67,200.73,201.14,337,20,0
1775595600,201.15,201.39,200.73,201.17,323,20,0
1775599200,201.19,201.22,199.92,200.35,662,20,0
1775664000,199.09,201.32,198.23,201.19,486,20,0
1775667600,201.12,203.08,200.23,201.96,607,22,0
1775671200,201.96,202.20,200.72,201.17,431,22,0
1775674800,201.17,201.66,199.27,199.74,374,20,0
1775678400,199.75,199.75,197.19,197.39,561,20,0
1775682000,197.39,197.60,196.20,196.33,563,20,0
1775685600,196.46,198.09,196.10,197.55,833,20,0
1775750400,197.23,199.32,196.38,199.13,299,25,0
1775754000,199.13,200.12,198.97,199.12,422,20,0
1775757600,199.10,199.39,197.47,197.74,369,20,0
1775761200,197.75,198.01,196.88,197.30,364,20,0
1775764800,197.30,197.59,196.63,196.91,295,20,0
1775768400,196.91,197.48,196.75,197.28,374,20,0
1775772000,197.27,197.83,196.90,197.45,488,20,0
1775836800,197.75,198.04,195.30,196.39,338,25,0
1775840400,196.40,196.88,195.69,195.69,388,21,0
1775844000,195.69,195.71,194.10,195.28,386,22,0
1775847600,195.28,195.34,194.78,194.91,350,20,0
1775851200,194.91,195.64,194.91,195.18,309,21,0
1775854800,195.15,195.18,194.43,195.02,346,21,0
1775858400,195.07,195.72,194.71,195.59,402,20,0
1776096000,195.51,195.63,190.75,190.95,505,22,0
1776099600,190.95,193.49,190.77,193.08,466,20,0
1776103200,193.08,193.14,191.98,192.66,316,23,0
1776106800,192.66,192.86,191.78,192.50,387,21,0
1776110400,192.50,192.54,192.03,192.34,278,20,0
1776114000,192.34,192.35,190.96,191.15,361,20,0
1776117600,191.19,192.33,190.72,192.28,560,20,0
1776182400,189.35,191.01,187.77,189.54,506,20,0
1776186000,189.54,191.28,189.46,190.72,555,21,0
1776189600,190.72,190.72,189.42,189.60,425,21,0
1776193200,189.60,189.69,189.09,189.23,421,21,0
1776196800,189.20,189.86,189.17,189.49,315,20,0
1776200400,189.49,189.60,189.11,189.23,397,20,0
1776204000,189.22,190.19,189.22,189.87,602,20,0
1776268800,189.66,190.89,188.61,190.15,387,21,0
1776272400,190.15,191.15,189.80,190.35,461,21,0
1776276000,190.34,191.09,190.32,190.71,375,22,0
1776279600,190.67,191.96,190.11,191.58,472,20,0
1776283200,191.59,191.84,191.34,191.74,370,22,0
1776286800,191.74,191.76,190.43,190.94,299,21,0
1776290400,190.90,191.12,189.80,190.06,530,20,0
1776355200,190.84,195.38,190.84,194.71,420,23,0
1776358800,194.70,196.53,194.67,195.92,534,23,0
1776362400,195.92,196.33,195.60,195.62,469,21,0
1776366000,195.68,196.16,195.61,195.69,362,20,0
1776369600,195.69,196.69,195.69,196.63,384,20,0
1776373200,196.60,196.80,196.01,196.49,411,21,0
1776376800,196.49,197.13,196.40,196.97,569,20,0
1776441600,194.79,195.78,194.20,195.50,323,24,0
1776445200,195.49,196.96,195.24,196.32,512,21,0
1776448800,196.32,197.40,196.31,197.36,321,20,0
1776452400,197.36,198.06,197.30,198.06,232,20,0
1776456000,198.06,198.38,197.80,197.85,253,20,0
1776459600,197.81,197.83,196.69,196.92,250,20,0
1776463200,196.92,197.64,196.79,197.55,409,20,0
1776700800,198.47,198.47,196.30,196.82,289,27,0
1776704400,196.82,198.74,196.68,198.67,434,20,0
1776708000,198.65,199.34,198.22,198.38,535,20,0
1776711600,198.38,198.49,197.85,198.43,365,20,0
1776715200,198.43,198.49,198.04,198.32,325,20,0
1776718800,198.32,198.55,198.10,198.53,342,20,0
1776722400,198.52,198.71,198.02,198.23,560,20,0
1776787200,198.10,198.34,194.63,195.98,376,28,0
1776790800,195.98,197.19,195.02,197.08,512,22,0
1776794400,197.08,197.79,196.21,196.95,454,21,0
1776798000,196.95,197.05,196.20,196.73,342,20,0
1776801600,196.75,197.11,196.48,196.55,428,20,0
1776805200,196.55,205.90,196.49,196.85,1173,20,0
1776808800,196.85,196.86,194.85,195.21,817,20,0
1776873600,191.79,193.32,188.13,188.20,681,20,0
1776877200,188.22,188.51,185.08,185.08,929,20,0
1776880800,185.09,188.66,184.80,188.07,738,20,0
1776884400,188.13,189.05,187.44,189.05,658,20,0
1776888000,189.04,189.07,187.96,188.11,493,20,0
1776891600,188.11,188.18,187.00,187.32,497,20,0
1776895200,187.48,189.16,186.42,188.91,847,20,0
1776960000,189.35,192.62,189.19,192.62,409,20,0
1776963600,192.62,194.11,192.62,193.03,584,20,0
1776967200,193.03,194.37,191.99,194.05,427,22,0
1776970800,194.05,194.40,193.85,194.07,333,22,0
1776974400,194.08,194.33,193.51,194.31,513,20,0
1776978000,194.31,194.87,193.90,194.50,370,20,0
1776981600,194.50,195.55,193.42,193.89,550,20,0
1777046400,193.14,193.49,191.48,193.24,281,25,0
1777050000,193.26,193.32,190.64,190.64,405,21,0
1777053600,190.79,191.14,188.63,188.95,471,23,0
1777057200,188.99,189.28,187.72,188.59,401,20,0
1777060800,188.61,189.03,187.99,188.64,431,21,0
1777064400,188.64,189.20,188.40,188.65,445,20,0
1777068000,188.67,189.73,188.53,189.71,645,20,0
1777305600,188.66,190.05,187.32,188.60,499,22,0
1777309200,188.54,189.14,188.03,188.03,653,20,0
1777312800,188.03,188.79,187.99,188.26,518,20,0
1777316400,188.26,188.34,186.74,186.86,398,20,0
1777320000,186.86,186.87,185.48,185.69,539,20,0
1777323600,185.69,185.71,184.30,184.33,590,20,0
1777327200,184.34,184.52,181.91,182.57,768,20,0
1777392000,185.75,186.80,184.13,184.54,467,21,0
1777395600,184.60,186.44,184.41,185.78,750,20,0
1777399200,185.76,185.87,185.13,185.50,517,20,0
1777402800,185.51,185.59,185.03,185.26,416,20,0
1777406400,185.26,185.64,184.96,185.13,459,20,0
1777410000,185.13,185.42,184.70,185.15,492,20,0
1777413600,185.17,186.75,184.13,186.54,829,20,0
1777478400,194.05,197.78,193.50,195.45,681,20,0
1777482000,195.59,198.00,195.51,197.07,847,20,0
1777485600,197.09,197.15,195.97,196.34,567,20,0
1777489200,196.39,199.85,196.34,199.57,667,20,0
1777492800,199.58,200.45,199.10,199.12,591,20,0
1777496400,199.12,199.71,197.90,197.95,623,20,0
1777500000,197.94,198.34,196.78,197.85,792,20,0
1777564800,197.78,199.49,197.56,197.72,379,23,0
1777568400,197.72,198.72,196.99,197.32,553,23,0
1777572000,197.23,197.23,196.08,196.99,484,21,0
1777575600,196.99,197.63,196.29,196.30,367,22,0
1777579200,196.30,196.31,194.91,195.04,362,20,0
1777582800,195.04,195.48,194.44,194.79,405,22,0
1777586400,194.79,196.36,194.06,195.38,674,20,0
1777651200,196.54,197.93,196.13,196.42,381,20,0
1777654800,196.42,196.42,195.29,195.90,407,21,0
1777658400,195.91,196.91,195.74,196.90,389,22,0
1777662000,196.90,196.96,196.10,196.62,338,22,0
1777665600,196.62,196.63,195.54,195.58,310,20,0
1777669200,195.58,196.06,195.45,195.54,333,21,0
1777672800,195.54,196.50,195.42,195.91,462,20,0
1777910400,194.42,194.88,193.37,193.54,323,25,0
1777914000,193.56,194.82,192.60,194.82,397,20,0
1777917600,194.82,195.78,194.14,194.14,325,20,0
1777921200,194.18,194.90,193.43,193.57,342,22,0
1777924800,193.58,193.75,192.93,193.74,316,22,0
1777928400,193.74,194.08,193.33,193.96,284,20,0
1777932000,193.94,194.48,193.82,194.31,503,20,0
1777996800,193.46,194.60,192.50,194.60,298,20,0
1778000400,194.60,195.28,194.10,194.47,448,21,0
1778004000,194.47,194.63,193.58,194.32,286,22,0
1778007600,194.33,194.69,194.23,194.63,223,23,0
1778011200,194.63,194.94,194.16,194.61,253,22,0
1778014800,194.61,194.80,194.22,194.55,241,22,0
1778018400,194.55,194.95,193.73,194.15,378,20,0
1778083200,193.08,194.57,191.60,194.31,266,29,0
1778086800,194.21,195.04,192.17,192.30,481,22,0
1778090400,192.30,193.12,191.77,193.03,418,23,0
1778094000,193.04,193.47,192.87,193.13,290,23,0
1778097600,193.13,193.37,192.61,193.18,227,21,0
1778101200,193.18,193.25,192.50,192.85,290,22,0
1778104800,192.85,193.31,192.67,193.02,564,20,0
1778169600,192.43,195.74,192.22,194.61,298,29,0
1778173200,194.66,194.88,193.01,194.23,465,20,0
1778176800,194.25,195.05,194.25,194.78,304,20,0
1778180400,194.78,195.67,194.44,194.84,396,22,0
1778184000,194.75,195.81,194.55,195.00,447,23,0
1778187600,195.01,195.49,194.60,194.72,398,20,0
1778191200,194.76,194.95,193.31,194.03,556,20,0
1778256000,193.95,195.57,193.95,194.49,219,27,0
1778259600,194.48,194.53,193.32,193.65,353,22,0
1778263200,193.70,194.08,193.40,193.73,262,20,0
1778266800,193.73,194.26,193.21,193.22,287,22,0
1778270400,193.23,193.71,193.09,193.69,305,20,0
1778274000,193.69,193.70,193.05,193.22,330,20,0
1778277600,193.22,193.81,193.09,193.40,566,20,0
1778515200,192.46,192.96,190.82,192.27,305,23,0
1778518800,192.22,193.51,191.30,191.68,480,22,0
1778522400,191.67,192.33,191.41,191.96,397,21,0
1778526000,191.97,191.97,191.18,191.25,292,21,0
1778529600,191.21,191.84,191.13,191.29,325,21,0
1778533200,191.29,191.63,189.93,189.93,424,20,0
1778536800,189.93,191.47,189.31,190.69,591,20,0
1778601600,192.00,192.32,189.70,191.34,251,24,0
1778605200,191.33,193.04,190.72,192.71,550,20,0
1778608800,192.71,194.64,192.67,194.62,538,24,0
1778612400,194.64,196.09,193.81,195.71,435,20,0
1778616000,195.68,195.79,193.60,193.77,445,22,0
1778619600,193.77,193.94,193.14,193.83,370,20,0
1778623200,193.83,193.84,192.76,193.11,545,20,0
1778688000,193.76,195.64,192.52,194.79,300,24,0
1778691600,194.82,195.31,192.75,192.88,424,21,0
1778695200,192.88,193.06,191.68,192.45,307,20,0
1778698800,192.46,192.55,190.60,190.94,303,21,0
1778702400,190.94,191.45,190.54,191.44,316,20,0
1778706000,191.44,191.45,190.01,190.90,323,21,0
1778709600,190.90,190.99,189.92,190.14,572,20,0
1778774400,190.72,191.01,188.59,189.51,297,21,0
1778778000,189.51,189.52,188.49,189.06,419,25,0
1778781600,189.05,189.06,188.08,188.86,412,22,0
1778785200,188.83,188.83,188.06,188.43,302,20,0
1778788800,188.43,188.94,188.01,188.18,282,21,0
1778792400,188.18,188.27,187.51,187.79,415,21,0
1778796000,187.79,188.12,187.37,188.07,541,21,0
1778860800,190.14,190.28,187.90,188.12,235,24,0
1778864400,188.11,188.91,187.07,188.21,350,20,0
1778868000,188.21,188.27,187.36,187.83,267,21,0
1778871600,187.83,188.01,186.66,187.08,262,23,0
1778875200,187.08,187.08,185.60,185.75,298,22,0
1778878800,185.76,186.07,185.36,185.91,311,20,0
1778882400,185.91,186.12,185.02,185.08,502,20,0
1779120000,186.18,188.30,186.05,187.89,365,29,0
1779123600,187.90,190.34,187.30,189.77,655,23,0
1779127200,189.77,190.02,188.88,189.47,468,20,0
1779130800,189.47,190.53,189.41,189.41,423,22,0
1779134400,189.35,190.24,189.32,189.57,377,20,0
1779138000,189.58,190.30,189.44,189.85,396,22,0
1779141600,189.85,190.80,189.63,190.51,580,20,0
1779206400,191.61,193.79,190.55,193.65,314,26,0
1779210000,193.65,194.75,193.34,193.83,474,20,0
1779213600,193.83,194.58,193.60,194.15,261,21,0
1779217200,194.07,194.07,192.90,193.02,243,23,0
1779220800,193.02,193.22,192.51,192.53,192,22,0
1779224400,192.53,192.53,192.15,192.15,155,22,0
1779228000,192.15,193.38,191.90,193.24,348,20,0
1779292800,192.32,193.81,192.14,193.33,239,25,0
1779296400,193.36,193.36,189.20,189.44,436,24,0
1779300000,189.44,189.62,188.66,188.75,322,22,0
1779303600,188.76,190.59,188.76,190.33,316,22,0
1779307200,190.43,190.51,189.74,189.91,217,24,0
1779310800,189.91,190.47,189.81,190.29,258,23,0
1779314400,190.29,190.56,189.90,189.95,502,20,0
1779379200,189.28,189.89,188.18,189.76,200,25,0
1779382800,189.76,190.28,189.46,189.62,325,23,0
1779386400,189.62,190.41,189.36,189.49,287,23,0
1779390000,189.49,190.01,189.29,189.91,246,20,0
1779393600,189.92,190.43,189.62,190.16,264,21,0
1779397200,190.16,190.34,189.34,189.34,354,22,0
1779400800,189.34,190.91,189.34,190.71,442,21,0
1779465600,191.20,191.66,190.53,191.01,180,29,0
1779469200,191.01,191.60,189.94,190.52,226,20,0
1779472800,190.59,191.22,189.90,191.12,209,25,0
1779476400,191.12,191.12,190.52,190.84,233,20,0
1779480000,190.84,191.30,190.48,191.03,245,22,0
1779483600,191.03,191.45,191.01,191.17,199,21,0
1779487200,191.17,191.89,190.86,191.31,451,21,0
1779811200,190.16,190.75,188.90,189.15,317,25,0
1779814800,188.95,189.71,188.09,189.47,435,21,0
1779818400,189.50,191.38,189.35,191.37,399,22,0
1779822000,191.37,191.58,190.66,191.18,272,21,0
1779825600,191.18,192.36,191.18,192.31,295,22,0
1779829200,192.37,192.66,191.27,191.59,337,23,0
1779832800,191.59,191.99,190.86,190.96,511,20,0
1779897600,189.60,194.07,189.52,191.14,389,28,0
1779901200,191.14,193.27,190.84,192.13,490,21,0
1779904800,192.13,193.37,192.13,192.69,302,22,0
1779908400,192.69,192.91,191.65,191.96,223,23,0
1779912000,191.96,192.86,191.96,192.12,265,21,0
1779915600,192.11,192.57,191.61,191.70,247,23,0
1779919200,191.70,191.79,190.62,190.64,501,20,0
1779984000,191.80,192.04,190.25,191.30,240,23,0
1779987600,191.30,191.31,189.90,189.93,392,21,0
1779991200,189.92,189.94,188.85,189.47,432,22,0
1779994800,189.47,189.86,189.20,189.21,313,21,0
1779998400,189.23,189.53,188.70,188.97,323,21,0
1780002000,188.97,189.13,188.00,188.09,364,22,0
1780005600,188.12,189.12,188.00,188.90,486,20,0
1780070400,187.23,187.41,185.92,185.95,268,24,0
1780074000,185.95,187.87,185.60,186.57,469,20,0
1780077600,186.57,186.96,186.03,186.77,320,20,0
1780081200,186.77,187.40,186.76,186.80,231,21,0
1780084800,186.81,187.15,186.60,186.85,347,21,0
1780088400,186.86,187.29,186.85,187.24,343,21,0
1780092000,187.24,188.25,186.34,187.26,501,20,0
1780329600,185.80,188.44,185.63,188.12,291,20,0
1780333200,188.12,188.48,187.44,187.87,401,23,0
1780336800,187.88,188.19,186.63,187.44,331,22,0
1780340400,187.40,187.44,186.49,186.51,246,22,0
1780344000,186.51,186.71,185.80,185.96,301,22,0
1780347600,185.98,186.87,185.98,186.78,235,20,0
1780351200,186.78,187.27,186.56,186.69,367,20,0
1780416000,187.72,188.06,185.21,185.38,235,22,0
1780419600,185.38,186.73,184.94,185.78,391,20,0
1780423200,185.68,186.36,185.28,186.26,344,20,0
1780426800,186.26,187.48,186.14,187.07,255,21,0
1780430400,187.07,187.64,186.69,187.54,251,21,0
1780434000,187.54,188.11,187.37,187.88,268,20,0
1780437600,187.89,188.95,187.56,188.73,486,20,0
1780502400,186.15,186.62,183.72,185.45,371,23,0
1780506000,185.41,185.50,182.28,182.28,445,20,0
1780509600,182.28,182.94,180.62,181.28,448,21,0
1780513200,181.28,182.45,180.90,182.20,301,21,0
1780516800,182.27,183.25,181.05,181.14,297,20,0
1780520400,181.14,181.37,180.33,180.79,333,21,0
1780524000,180.79,182.58,180.79,181.29,551,21,0
1780588800,183.77,184.04,182.19,183.27,363,26,0
1780592400,183.27,183.70,179.25,179.31,482,20,0
1780596000,179.31,179.97,176.70,177.21,523,20,0
1780599600,177.21,177.45,175.31,175.44,450,20,0
1780603200,175.44,176.05,174.68,175.07,431,20,0
1780606800,175.08,176.03,173.91,175.80,442,20,0
1780610400,175.81,176.94,175.25,176.94,461,21,0
1780675200,178.56,180.65,177.63,179.82,410,20,0
1780678800,179.82,180.00,177.51,178.98,467,22,0
1780682400,179.01,180.70,177.02,177.31,446,20,0
1780686000,177.31,178.85,177.31,178.16,500,22,0
1780689600,178.16,178.56,177.60,178.08,374,20,0
1780693200,178.08,180.97,178.02,179.65,443,22,0
1780696800,179.65,179.87,177.91,177.91,630,21,0
1780934400,178.05,179.47,176.96,177.30,298,23,0
1780938000,177.47,179.70,177.06,179.68,390,21,0
1780941600,179.69,180.49,179.34,179.41,340,20,0
1780945200,179.29,179.29,178.53,178.71,270,21,0
1780948800,178.76,179.06,178.08,178.54,267,20,0
1780952400,178.54,178.56,178.02,178.22,232,20,0
1780956000,178.22,178.87,178.14,178.28,413,21,0
1781020800,178.26,178.59,177.53,177.77,325,25,0
1781024400,177.96,180.26,177.70,179.68,489,24,0
1781028000,179.68,181.54,179.24,181.33,473,23,0
1781031600,181.33,182.62,180.86,182.13,691,22,0
1781035200,182.12,182.35,179.66,179.90,478,20,0
1781038800,179.90,180.18,178.77,178.91,340,21,0
1781042400,178.91,179.80,178.82,179.36,553,20,0
1781107200,180.84,182.29,179.36,182.11,373,25,0
1781110800,182.10,184.55,181.20,184.50,405,22,0
1781114400,184.50,185.41,183.83,184.69,397,21,0
1781118000,184.69,184.73,183.85,184.11,290,21,0
1781121600,184.12,184.60,183.75,184.00,325,20,0
1781125200,184.01,184.97,184.01,184.89,299,20,0
1781128800,184.90,185.80,184.67,185.45,528,20,0
1781193600,184.27,186.79,183.58,186.64,309,22,0
1781197200,186.54,188.58,186.15,187.35,472,22,0
1781200800,187.35,187.55,185.70,186.77,373,21,0
1781204400,186.79,187.74,186.63,187.63,318,20,0
1781208000,187.65,188.29,186.99,187.99,427,20,0
1781211600,187.99,188.66,187.15,187.74,426,21,0
1781215200,187.81,188.19,185.68,185.68,537,20,0
1781280000,186.50,187.04,184.61,185.84,497,22,0
1781283600,185.71,188.94,185.39,188.70,660,20,0
1781287200,188.70,189.13,186.74,187.94,648,21,0
1781290800,187.94,188.40,187.21,188.36,464,22,0
1781294400,188.36,189.16,188.36,188.96,266,21,0
1781298000,188.96,189.47,188.83,189.32,319,20,0
1781301600,189.32,189.50,188.06,189.03,579,20,0
1781539200,186.75,187.37,185.26,187.37,369,22,0
1781542800,187.46,189.18,187.16,188.47,469,22,0
1781546400,188.53,188.73,187.84,188.57,325,22,0
1781550000,188.46,188.90,188.20,188.84,333,20,0
1781553600,188.84,189.35,188.62,188.78,271,20,0
1781557200,188.80,189.15,188.00,188.19,335,20,0
1781560800,188.19,188.79,187.52,188.78,502,20,0
1781625600,189.14,189.28,186.45,187.77,266,28,0
1781629200,187.76,188.25,185.20,185.44,418,24,0
1781632800,185.43,186.42,184.40,185.60,431,20,0
1781636400,185.57,186.05,184.54,185.20,350,20,0
1781640000,185.18,185.72,184.66,184.99,276,20,0
1781643600,185.01,185.21,184.57,184.61,266,21,0
1781647200,184.58,185.28,183.98,184.21,603,20,0
1781712000,182.59,182.59,179.42,181.12,295,24,0
1781715600,181.19,184.18,180.83,183.26,447,23,0
1781719200,183.26,183.37,182.05,182.09,288,21,0
1781722800,182.20,182.27,180.68,180.83,314,20,0
1781726400,180.85,181.18,180.32,180.86,332,21,0
1781730000,180.78,180.78,179.42,179.93,435,20,0
1781733600,179.90,181.49,179.34,181.29,738,20,0
1781798400,180.95,181.36,179.64,181.27,294,25,0
1781802000,181.27,183.23,181.27,182.94,372,20,0
1781805600,182.92,183.22,181.59,182.35,323,21,0
1781809200,182.35,182.49,181.98,182.25,264,21,0
1781812800,182.26,182.42,180.99,181.43,288,20,0
1781816400,181.44,181.44,181.05,181.06,264,20,0
1781820000,181.04,182.64,180.59,181.76,507,20,0
1782144000,178.34,181.66,177.37,181.18,499,22,0
1782147600,181.18,181.55,179.73,180.55,706,21,0
1782151200,180.55,181.65,180.39,181.10,674,20,0
1782154800,181.15,181.51,180.63,180.84,556,20,0
1782158400,180.86,181.45,180.79,181.23,635,20,0
1782162000,181.18,181.93,180.90,181.65,570,20,0
1782165600,181.73,181.76,179.79,179.81,596,20,0
1782230400,180.66,182.80,180.01,181.26,352,24,0
1782234000,181.26,182.46,179.82,182.34,492,21,0
1782237600,182.24,183.42,182.05,183.11,461,20,0
1782241200,183.15,183.55,182.53,183.19,365,21,0
1782244800,183.20,183.50,182.91,183.29,324,21,0
1782248400,183.29,185.11,182.95,184.85,398,21,0
1782252000,184.80,185.31,184.05,184.44,617,20,0
1782316800,184.20,184.85,182.80,183.08,384,24,0
1782320400,183.08,184.44,182.33,183.04,588,20,0
1782324000,183.04,183.82,182.33,182.46,398,20,0
1782327600,182.46,183.00,182.01,182.42,348,22,0
1782331200,182.44,182.97,182.06,182.37,337,21,0
1782334800,182.37,183.18,182.36,182.81,412,21,0
1782338400,182.85,183.26,180.61,180.64,585,20,0
1782403200,179.20,182.38,179.02,182.37,341,24,0
1782406800,182.20,183.09,180.96,181.49,456,22,0
1782410400,181.45,182.66,181.13,181.99,396,22,0
1782414000,181.86,183.28,181.86,182.03,354,20,0
1782417600,182.03,182.25,181.76,182.03,293,21,0
1782421200,182.04,182.87,181.87,182.40,344,21,0
1782424800,182.40,182.55,181.05,181.28,548,21,0
1782489600,182.19,182.52,180.91,181.48,385,25,0
1782493200,181.48,182.35,180.13,181.80,537,20,0
1782496800,181.86,182.41,181.21,181.73,453,23,0
1782500400,181.73,181.92,181.38,181.67,277,22,0
1782504000,181.73,183.83,181.67,183.35,309,20,0
1782507600,183.35,183.77,183.10,183.20,256,20,0
1782511200,183.21,183.64,180.97,182.42,528,20,0
1782748800,181.65,181.65,173.83,174.13,664,20,0
1782752400,173.95,176.07,168.90,171.08,976,20,0
1782756000,171.09,174.03,170.46,173.84,589,20,0
1782759600,173.84,174.78,173.46,174.56,439,20,0
1782763200,174.56,175.64,174.43,175.27,371,20,0
1782766800,175.28,175.63,174.27,175.46,396,20,0
1782770400,175.40,175.47,173.48,173.76,614,20,0
1782835200,172.36,173.37,166.11,166.23,456,20,0
1782838800,166.23,168.41,165.53,166.49,662,20,0
1782842400,166.44,168.99,166.02,168.84,604,20,0
1782846000,168.85,170.86,168.85,169.45,402,21,0
1782849600,169.45,169.58,168.00,168.16,393,20,0
1782853200,168.17,168.57,167.85,168.21,398,21,0
1782856800,168.30,168.41,167.23,167.56,608,20,0
1782921600,169.32,172.87,169.32,170.95,340,20,0
1782925200,170.95,172.93,170.67,172.74,466,20,0
1782928800,172.74,172.89,171.84,172.11,530,20,0
1782932400,172.11,172.33,171.29,172.00,436,20,0
1782936000,171.95,173.40,171.95,173.36,405,20,0
1782939600,173.35,173.83,172.66,173.45,414,20,0
1782943200,173.43,173.53,171.81,172.94,707,20,0
1783008000,175.04,176.83,175.04,175.71,283,28,0
1783011600,175.78,177.21,175.15,177.01,531,20,0
1783015200,177.02,177.20,172.65,174.07,541,20,0
1783018800,174.06,175.74,173.93,175.69,502,20,0
1783022400,175.69,176.22,174.56,174.86,380,21,0
1783026000,174.88,175.16,174.10,174.65,405,21,0
1783029600,174.65,177.62,174.30,177.40,652,20,0
1783353600,180.60,180.98,177.04,179.69,490,20,0
1783357200,179.67,181.05,179.28,180.96,909,20,0
1783360800,181.00,181.19,179.62,180.80,796,21,0
1783364400,180.83,182.06,180.31,180.74,668,20,0
1783368000,180.72,180.95,180.01,180.95,654,20,0
1783371600,180.93,182.12,180.93,182.10,656,20,0
1783375200,182.10,182.51,181.48,181.62,462,20,0
1783440000,184.90,187.61,184.73,186.38,417,20,0
1783443600,186.37,189.60,186.37,188.30,648,22,0
1783447200,188.36,189.43,187.64,188.40,462,21,0
1783450800,188.38,188.38,186.89,187.61,344,22,0
1783454400,187.62,188.12,187.40,187.60,367,20,0
1783458000,187.60,187.83,186.94,187.54,307,20,0
1783461600,187.60,187.69,184.46,184.47,695,20,0
1783526400,185.20,185.48,179.46,180.50,354,20,0
1783530000,180.50,184.37,180.45,182.64,525,22,0
1783533600,182.64,184.17,182.64,183.69,351,22,0
1783537200,183.66,183.79,182.24,182.48,308,20,0
1783540800,182.48,183.00,181.79,183.00,311,23,0
1783544400,183.00,183.15,181.66,182.09,319,20,0
1783548000,182.10,182.17,179.93,180.01,533,20,0
1783612800,178.41,178.94,176.91,178.24,501,20,0
1783616400,178.24,179.89,178.18,179.00,846,20,0
1783620000,179.05,180.32,178.85,180.12,632,21,0
1783623600,180.18,180.41,179.60,180.41,605,20,0
1783627200,180.35,180.82,179.90,180.07,565,20,0
1783630800,180.09,180.66,179.90,180.47,630,21,0
1783634400,180.47,181.41,180.21,181.35,648,20,0
1783699200,181.45,183.51,181.24,182.95,338,20,0
1783702800,182.94,185.66,182.82,185.02,761,20,0
1783706400,185.02,185.70,184.08,185.31,600,21,0
1783710000,185.31,185.64,185.11,185.50,412,21,0
1783713600,185.54,185.88,185.33,185.68,484,20,0
1783717200,185.65,186.28,185.54,186.15,410,20,0
1783720800,186.18,187.60,185.97,187.44,418,20,0
1783958400,188.54,190.74,188.35,189.14,358,30,0
1783962000,189.14,190.71,189.04,189.42,462,24,0
1783965600,189.43,190.23,188.97,189.61,363,20,0
1783969200,189.63,190.43,189.17,189.89,287,23,0
1783972800,189.89,190.10,189.31,190.04,245,21,0
1783976400,190.04,190.04,188.95,189.82,400,22,0
1783980000,189.82,190.27,188.27,188.29,599,21,0
1784044800,187.14,188.93,187.14,187.48,433,29,0
1784048400,187.59,188.09,186.12,186.74,593,22,0
1784052000,186.74,187.74,186.46,187.47,299,23,0
1784055600,187.47,188.01,187.05,187.13,260,20,0
1784059200,187.13,187.65,186.62,187.63,278,22,0
1784062800,187.63,188.05,186.97,187.96,357,22,0
1784066400,187.96,188.03,186.94,186.97,494,21,0
1784131200,186.23,189.07,186.23,188.12,330,30,0
1784134800,188.12,189.89,187.72,188.93,698,28,0
1784138400,188.94,188.98,187.82,188.18,532,25,0
1784142000,188.04,189.18,187.98,188.17,521,24,0
1784145600,188.21,188.22,187.13,187.38,314,21,0
1784149200,187.38,187.70,186.81,187.63,278,23,0
1784152800,187.63,187.73,186.25,187.48,427,21,0
1784217600,188.62,191.54,188.62,190.11,372,25,0
1784221200,190.11,191.18,188.90,191.08,606,24,0
1784224800,190.97,192.68,190.97,191.67,404,22,0
1784228400,191.67,193.45,191.61,192.42,450,21,0
1784232000,192.42,193.41,192.42,193.30,371,21,0
1784235600,193.30,193.98,193.13,193.31,404,20,0
1784239200,193.31,193.47,192.18,192.77,634,20,0
1784304000,196.68,198.53,194.85,195.05,472,20,0
1784307600,195.05,196.31,193.48,195.00,667,20,0
1784311200,195.00,195.28,192.73,193.33,510,22,0
1784314800,193.28,193.29,190.46,190.73,486,21,0
1784318400,190.73,191.22,189.73,191.14,411,23,0
1784322000,191.08,192.16,191.02,192.09,387,23,0
1784325600,192.05,192.77,191.90,192.36,525,21,0
1784563200,189.42,191.90,189.03,190.09,409,29,0
1784566800,190.02,193.67,190.01,193.67,442,25,0
1784570400,193.74,194.26,193.31,193.77,394,21,0
1784574000,193.77,194.60,193.50,194.14,314,23,0
1784577600,194.14,194.50,193.95,194.21,262,21,0
1784581200,194.20,194.73,193.97,194.69,278,22,0
1784584800,194.73,195.89,194.72,195.54,543,20,0
1784649600,192.72,194.06,191.09,191.37,431,28,0
1784653200,191.38,192.64,191.20,192.15,462,22,0
1784656800,192.15,192.18,190.48,191.03,443,20,0
1784660400,191.04,191.54,190.58,190.99,324,24,0
1784664000,190.99,191.80,190.84,191.50,274,22,0
1784667600,191.50,191.91,191.16,191.86,332,20,0
1784671200,191.86,192.77,190.54,190.54,501,20,0
1784736000,194.27,194.27,190.97,191.29,373,21,0
1784739600,191.29,192.63,190.91,191.53,530,22,0
1784743200,191.52,191.57,189.46,190.12,435,20,0
1784746800,190.12,191.04,189.95,190.63,307,22,0
1784750400,190.63,191.83,190.63,191.67,214,24,0
1784754000,191.68,191.95,190.96,191.02,273,20,0
1784757600,191.02,191.27,189.70,190.80,543,20,0
1784822400,177.62,180.54,175.82,180.31,617,26,0
1784826000,180.40,181.98,178.86,180.71,772,20,0
1784829600,180.72,181.33,177.53,178.06,611,20,0
1784833200,178.06,178.62,176.95,177.65,463,21,0
1784836800,177.66,178.16,175.74,175.93,511,22,0
1784840400,175.93,176.66,174.80,175.78,444,21,0
1784844000,175.79,176.34,169.92,170.25,826,20,0
1784908800,172.00,179.08,172.00,176.93,694,21,0
1784912400,176.76,179.03,176.41,178.75,960,21,0
1784916000,178.81,179.51,177.94,178.65,784,20,0
1784919600,178.69,179.65,178.16,179.56,713,20,0
1784923200,179.56,179.79,178.95,179.33,592,20,0
1784926800,179.30,181.15,179.25,180.67,664,20,0
1784930400,180.60,181.87,179.55,179.90,672,20,0
1785168000,180.13,182.90,180.07,180.35,459,23,0
1785171600,180.36,184.01,179.76,182.06,689,24,0
1785175200,182.07,182.46,180.68,181.03,483,25,0
1785178800,181.00,181.43,179.54,179.71,507,23,0
1785182400,179.71,180.39,179.28,179.57,383,22,0
1785186000,179.56,180.13,179.35,179.53,383,20,0
1785189600,179.60,179.60,176.92,177.05,688,20,0
1785254400,181.51,185.84,181.38,184.99,511,24,0
1785258000,185.14,185.73,183.03,183.03,638,23,0
1785261600,183.04,184.52,182.53,183.14,533,20,0
1785265200,183.14,184.39,182.92,184.00,369,22,0
1785268800,184.01,184.55,184.01,184.24,299,23,0
1785272400,184.24,184.50,183.97,184.18,312,21,0
1785276000,184.18,184.24,181.90,182.16,588,21,0
1785340800,182.65,183.02,180.09,181.33,417,28,0
1785344400,181.30,182.31,180.13,181.07,591,21,0
1785348000,181.07,181.79,180.24,181.28,585,20,0
1785351600,181.23,181.82,180.58,181.11,615,20,0
1785355200,181.11,181.48,180.53,181.48,544,22,0
1785358800,181.48,181.92,178.77,179.46,617,22,0
1785362400,179.51,182.92,175.48,181.42,976,22,0
1785427200,177.69,179.97,176.97,178.25,428,25,0
1785430800,178.25,180.62,175.90,177.35,713,23,0
1785434400,177.31,177.50,176.15,176.15,580,21,0
1785438000,176.15,176.37,174.22,174.36,589,22,0
1785441600,174.36,174.52,173.59,174.39,568,22,0
1785445200,174.46,175.24,174.37,175.10,455,20,0
1785448800,175.10,175.29,173.16,173.20,752,21,0
1785513600,171.22,173.33,169.46,173.09,560,22,0
1785517200,173.00,173.07,170.09,171.38,859,20,0
1785520800,171.38,172.51,170.86,172.30,615,20,0
1785524400,172.19,172.52,170.40,172.39,524,20,0
1785528000,172.43,172.63,170.01,170.33,493,20,0
1785531600,170.31,171.79,170.11,171.55,480,20,0
1785535200,171.54,172.58,171.47,172.55,650,20,0
1785772800,175.18,177.39,175.01,176.44,340,23,0
1785776400,176.32,177.68,175.13,175.13,500,24,0
1785780000,175.13,176.82,175.13,176.55,559,21,0
1785783600,176.55,176.75,175.76,176.16,435,21,0
1785787200,176.16,176.29,175.70,176.04,366,20,0
1785790800,176.04,177.33,176.04,176.87,329,21,0
1785794400,176.88,177.06,176.19,176.86,534,20,0
1785859200,175.20,176.57,174.66,174.93,266,30,0
1785862800,174.90,175.90,174.06,175.69,461,22,0
1785866400,175.69,175.94,175.00,175.40,383,21,0
1785870000,175.40,176.19,175.28,176.14,352,21,0
1785873600,176.14,176.51,175.90,176.13,337,21,0
1785877200,176.13,176.40,175.75,176.08,348,21,0
1785880800,176.08,177.17,176.08,177.14,458,22,0
1785945600,174.75,176.46,173.56,173.56,363,27,0
1785949200,173.62,173.91,171.12,172.08,634,24,0
1785952800,172.08,173.35,171.05,173.01,524,22,0
1785956400,173.04,173.87,172.40,172.44,388,21,0
1785960000,172.44,172.80,172.12,172.18,305,22,0
1785963600,172.19,172.85,172.15,172.58,338,21,0
1785967200,172.56,173.51,172.20,173.31,582,21,0
1786032000,177.39,178.97,176.97,177.22,356,29,0
1786035600,177.20,177.48,176.14,177.04,554,24,0
1786039200,177.05,178.91,177.05,178.68,514,22,0
1786042800,178.67,179.66,178.45,179.30,487,23,0
1786046400,179.30,180.21,179.11,179.96,387,20,0
1786050000,179.97,180.26,178.86,179.20,347,22,0
1786053600,179.20,179.86,179.00,179.83,532,20,0
1786118400,178.20,179.07,176.58,177.80,318,27,0
1786122000,177.80,179.24,177.63,179.07,531,21,0
1786125600,179.07,179.36,177.48,177.48,360,23,0
1786129200,177.48,177.72,176.61,177.13,377,23,0
1786132800,177.13,177.39,176.82,177.01,296,21,0
1786136400,177.01,177.08,176.50,176.66,276,20,0
1786140000,176.67,177.54,176.67,176.98,420,21,0
1786377600,175.70,176.61,174.04,175.28,262,22,0
1786381200,175.20,175.63,172.96,175.59,567,20,0
1786384800,175.59,175.79,173.79,175.01,378,21,0
1786388400,174.99,176.05,174.80,176.03,379,21,0
1786392000,176.03,176.20,175.86,175.86,354,21,0
1786395600,175.86,176.43,175.86,176.31,446,20,0
1786399200,176.32,178.00,176.18,178.00,637,20,0
1786464000,177.19,179.24,176.59,178.76,309,23,0
1786467600,178.76,180.10,178.62,179.92,531,21,0
1786471200,179.93,181.21,179.93,181.21,446,22,0
1786474800,181.21,181.54,180.59,180.78,464,22,0
1786478400,180.82,181.15,180.72,181.01,286,22,0
1786482000,181.01,181.18,179.06,179.67,377,21,0
1786485600,179.76,179.79,178.06,178.33,551,20,0
1786550400,177.73,178.48,177.06,177.23,192,25,0
1786554000,177.23,177.75,176.74,177.53,385,20,0
1786557600,177.53,177.59,176.65,176.83,261,22,0
1786561200,176.80,176.83,175.57,176.38,287,22,0
1786564800,176.38,176.76,176.33,176.59,294,21,0
1786568400,176.59,176.96,175.83,176.78,342,22,0
1786572000,176.78,177.10,176.10,176.97,466,20,0
1786636800,177.95,180.35,177.95,179.51,298,24,0
1786640400,179.51,181.49,179.47,180.80,380,23,0
1786644000,180.80,181.20,180.12,180.81,276,24,0
1786647600,180.91,181.02,180.21,180.91,302,22,0
1786651200,180.91,181.34,180.77,181.15,270,21,0
1786654800,181.15,181.67,181.07,181.62,339,20,0
1786658400,181.63,183.33,181.63,183.20,564,20,0
1786723200,182.16,183.34,181.90,182.48,291,24,0
1786726800,182.71,182.93,181.71,182.21,524,20,0
1786730400,182.23,183.00,182.07,182.30,324,22,0
1786734000,182.30,182.89,182.12,182.13,315,21,0
1786737600,182.13,182.15,181.31,181.35,219,21,0
1786741200,181.36,182.11,181.18,182.11,288,21,0
1786744800,182.09,183.07,181.82,182.41,434,20,0
1786982400,182.15,183.69,181.40,182.50,224,27,0
1786986000,182.56,183.20,180.68,180.78,396,20,0
1786989600,180.78,180.87,179.51,179.84,425,21,0
1786993200,179.85,179.90,179.25,179.83,363,20,0
1786996800,179.81,179.85,179.21,179.23,377,20,0
1787000400,179.24,179.34,178.97,179.18,394,20,0
1787004000,179.21,180.85,178.90,179.98,546,20,0
1787068800,181.95,182.82,180.56,181.79,307,24,0
1787072400,181.79,182.96,181.79,182.92,498,21,0
1787076000,182.93,183.39,182.28,182.67,457,20,0
1787079600,182.67,184.04,182.57,183.19,436,21,0
1787083200,183.18,184.25,183.13,184.15,356,21,0
1787086800,184.20,184.38,182.91,182.93,370,21,0
1787090400,183.04,183.25,182.53,182.62,538,20,0
1787155200,182.96,186.26,182.87,185.15,386,23,0
1787158800,185.15,187.27,184.60,185.08,572,23,0
1787162400,185.24,185.64,184.10,184.40,372,21,0
1787166000,184.42,184.50,183.63,184.27,351,21,0
1787169600,184.27,184.63,183.71,184.53,354,21,0
1787173200,184.51,184.90,183.96,184.03,367,21,0
1787176800,184.03,184.23,182.16,182.29,523,20,0
1787241600,182.48,182.87,181.72,182.10,207,31,0
1787245200,182.10,182.39,180.57,181.20,417,25,0
1787248800,181.20,181.82,180.69,181.43,336,21,0
1787252400,181.43,181.43,180.22,180.41,319,21,0
1787256000,180.45,180.72,180.18,180.48,268,20,0
1787259600,180.45,181.37,179.90,181.25,350,20,0
1787263200,181.25,182.02,180.87,181.00,547,20,0
1787328000,181.96,183.56,181.42,183.51,415,20,0
1787331600,183.45,185.46,183.40,185.36,625,20,0
1787335200,185.36,185.59,184.45,184.60,593,20,0
1787338800,184.60,184.89,183.62,183.82,564,20,0
1787342400,183.78,183.99,182.95,183.00,751,20,0
1787346000,183.02,183.10,182.32,182.50,725,20,0
1787349600,182.50,182.92,182.06,182.86,647,21,0
1787587200,183.77,184.75,182.90,182.90,434,24,0
1787590800,182.90,183.22,181.55,182.91,523,20,0
1787594400,182.91,184.16,182.78,183.98,505,20,0
1787598000,184.14,184.22,182.90,183.11,430,21,0
1787601600,183.12,183.47,182.91,183.31,511,20,0
1787605200,183.33,183.35,182.40,182.73,464,21,0
1787608800,182.69,182.69,182.00,182.53,758,20,0
1787673600,181.32,182.39,180.80,181.01,342,20,0
1787677200,181.05,182.12,180.98,181.67,626,22,0
1787680800,181.67,182.24,181.62,181.91,547,21,0
1787684400,181.91,182.04,181.43,181.43,480,20,0
1787688000,181.43,181.66,181.14,181.14,552,20,0
1787691600,181.14,181.51,180.85,181.07,473,20,0
1787695200,181.07,181.91,181.00,181.48,562,20,0
1787760000,181.04,182.58,180.68,181.46,353,20,0
1787763600,181.42,182.76,180.66,181.00,664,22,0
1787767200,180.95,181.55,180.78,181.02,478,20,0
1787770800,181.03,181.34,180.37,180.52,470,20,0
1787774400,180.52,180.60,180.04,180.11,451,21,0
1787778000,180.11,180.27,179.55,180.16,680,20,0
1787781600,180.13,180.87,179.44,179.47,660,20,0
1787846400,176.67,177.96,176.51,177.57,476,21,0
1787850000,177.58,178.71,177.15,177.51,707,20,0
1787853600,177.51,178.66,177.46,178.29,710,20,0
1787857200,178.19,178.44,177.91,178.15,710,20,0
1787860800,178.16,178.31,177.46,177.80,571,21,0
1787864400,177.86,177.91,177.34,177.52,690,20,0
1787868000,177.54,177.72,177.10,177.62,774,20,0
1787932800,178.30,178.30,176.40,178.27,455,22,0
1787936400,178.28,179.49,178.07,179.41,822,20,0
1787940000,179.44,180.90,179.10,180.69,785,20,0
1787943600,180.68,181.16,180.06,180.35,773,20,0
1787947200,180.33,180.61,180.23,180.30,625,20,0
1787950800,180.31,181.16,180.30,180.80,771,20,0
1787954400,180.81,181.29,180.23,181.29,630,21,0
1788192000,179.94,181.77,179.61,181.37,321,24,0
1788195600,181.38,181.87,180.31,181.69,551,22,0
1788199200,181.66,182.42,181.50,182.31,531,20,0
1788202800,182.32,182.61,180.79,180.87,649,20,0
1788206400,180.94,181.35,180.73,181.20,545,20,0
1788210000,181.20,181.60,181.10,181.20,563,20,0
1788213600,181.12,181.22,179.68,180.28,698,20,0
1788278400,180.69,183.40,180.55,182.21,341,21,0
1788282000,182.21,182.99,181.85,181.95,576,23,0
1788285600,181.90,182.29,181.60,182.14,407,20,0
1788289200,182.14,182.35,181.77,181.85,506,21,0
1788292800,181.85,182.40,181.74,182.18,543,21,0
1788296400,182.18,182.78,181.77,182.44,520,20,0
1788300000,182.44,182.72,181.88,181.97,516,20,0
1788364800,182.63,185.01,182.21,185.01,371,22,0
1788368400,184.94,187.06,184.60,187.00,609,20,0
1788372000,186.98,187.86,186.58,186.87,507,20,0
1788375600,186.85,187.80,186.69,187.58,508,20,0
1788379200,187.58,187.58,186.37,186.66,411,20,0
1788382800,186.54,187.27,186.43,186.43,463,21,0
1788386400,186.43,187.85,186.20,187.04,587,20,0
1788451200,187.81,189.50,186.50,187.58,383,26,0
1788454800,187.57,188.37,187.08,187.37,564,22,0
1788458400,187.38,188.39,187.22,188.12,548,20,0
1788462000,188.12,189.01,187.90,188.68,504,20,0
1788465600,188.68,189.44,188.57,189.25,476,21,0
1788469200,189.25,189.75,189.06,189.35,424,20,0
1788472800,189.32,189.46,187.36,187.80,539,20,0
1788537600,186.59,187.31,182.02,182.26,420,30,0
1788541200,182.05,183.86,181.90,183.65,639,21,0
1788544800,183.80,183.80,181.04,181.15,530,20,0
1788548400,181.25,182.29,180.52,182.10,530,20,0
1788552000,182.10,182.32,181.75,181.88,416,21,0
1788555600,181.88,182.39,181.67,182.17,472,21,0
1788559200,182.18,182.86,181.23,181.40,497,20,0
1788883200,180.77,182.97,180.74,181.41,415,24,0
1788886800,181.42,182.25,179.74,179.87,665,20,0
1788890400,179.87,181.13,179.69,179.75,740,20,0
1788894000,179.69,180.65,179.66,179.92,635,20,0
1788897600,179.86,180.11,179.50,179.99,557,20,0
1788901200,179.99,181.20,179.99,181.09,532,20,0
1788904800,181.09,181.70,180.65,181.56,530,20,0
1788969600,180.29,180.96,178.04,178.73,401,21,0
1788973200,178.73,179.36,177.40,177.80,691,21,0
1788976800,177.81,177.97,176.10,176.88,766,21,0
1788980400,176.79,177.34,176.21,176.21,630,20,0
1788984000,176.21,178.19,176.20,177.76,522,20,0
1788987600,177.78,178.51,177.54,177.70,626,20,0
1788991200,177.70,178.07,177.07,177.16,533,20,0
1789056000,178.03,179.09,177.32,178.79,268,23,0
1789059600,178.78,178.80,176.25,176.25,405,24,0
1789063200,176.26,177.04,175.01,175.07,438,21,0
1789066800,175.07,175.66,174.50,175.46,211,22,0
1789070400,175.46,176.18,175.34,175.91,277,21,0
1789074000,175.94,176.49,175.94,176.02,265,21,0
1789077600,176.02,177.05,175.82,176.95,493,20,0
1789142400,178.35,181.37,178.35,181.37,284,24,0
1789146000,181.39,183.71,180.83,183.13,405,20,0
1789149600,183.13,183.46,182.11,182.88,319,22,0
1789153200,182.87,183.75,182.71,183.25,308,21,0
1789156800,183.25,183.69,183.12,183.51,310,20,0
1789160400,183.51,183.73,182.48,182.76,272,21,0
1789164000,182.76,183.40,181.50,182.24,422,20,0
1789401600,183.57,185.41,183.43,183.89,313,23,0
1789405200,183.91,184.03,182.55,183.69,380,23,0
1789408800,183.73,183.86,182.79,183.41,363,22,0
1789412400,183.41,183.88,183.11,183.70,313,21,0
1789416000,183.70,184.33,183.55,183.61,291,20,0
1789419600,183.61,183.82,183.04,183.26,276,21,0
1789423200,183.26,183.27,182.05,182.74,546,20,0
1789488000,182.95,184.38,181.61,183.50,238,30,0
1789491600,183.50,183.66,181.96,182.10,296,22,0
1789495200,182.07,182.15,181.27,181.63,290,22,0
1789498800,181.62,181.62,180.90,181.02,297,22,0
1789502400,181.03,181.86,180.68,181.07,312,22,0
1789506000,181.07,181.71,180.86,181.62,359,21,0
1789509600,181.62,181.62,180.15,180.39,480,21,0
1789574400,179.90,180.44,179.04,179.54,242,24,0
1789578000,179.55,179.56,178.31,178.49,385,23,0
1789581600,178.55,179.40,178.35,178.59,397,22,0
1789585200,178.59,178.59,177.41,177.78,337,20,0
1789588800,177.78,177.83,177.06,177.30,341,20,0
1789592400,177.30,177.30,175.25,175.32,540,21,0
1789596000,175.33,176.16,173.04,176.13,783,20,0
1789660800,176.51,176.51,172.31,172.45,342,22,0
1789664400,172.47,172.51,170.60,171.24,595,21,0
1789668000,171.21,171.69,170.75,170.95,441,20,0
1789671600,170.92,170.93,168.92,169.20,400,20,0
1789675200,169.19,169.20,167.66,167.88,367,20,0
1789678800,167.88,168.15,166.70,167.16,443,20,0
1789682400,167.16,167.44,166.24,166.32,665,20,0
1789747200,164.60,165.64,164.05,164.85,293,24,0
1789750800,165.00,167.09,165.00,166.90,484,22,0
1789754400,166.93,166.93,166.24,166.35,358,20,0
1789758000,166.35,167.69,166.26,166.81,358,21,0
1789761600,166.81,167.95,166.68,167.80,331,22,0
1789765200,167.81,169.01,167.73,168.60,305,21,0
1789768800,168.60,169.06,167.73,167.99,462,21,0
1790006400,166.79,167.46,161.69,162.49,428,20,0
1790010000,162.51,165.84,162.51,165.76,419,22,0
1790013600,165.73,167.25,165.50,167.08,383,20,0
1790017200,167.08,167.61,166.54,167.52,374,21,0
1790020800,167.49,167.66,165.90,167.06,320,21,0
1790024400,167.06,167.24,166.15,166.55,385,21,0
1790028000,166.55,166.63,164.97,165.10,481,21,0
1790092800,165.90,165.97,163.69,163.84,307,20,0
1790096400,163.83,165.20,163.26,164.53,532,21,0
1790100000,164.53,165.04,163.51,164.03,412,20,0
1790103600,164.03,164.33,163.24,163.32,431,20,0
1790107200,163.32,163.73,162.41,162.64,448,20,0
1790110800,162.64,162.89,161.09,161.53,520,20,0
1790114400,161.53,162.79,161.21,162.24,810,20,0
